solid OpenSCAD_Model
  facet normal -0 0 1
    outer loop
      vertex 36.4234 57.0692 4.2
      vertex 43.5627 55.8873 4.2
      vertex 36.4234 57.8192 4.2
    endloop
  endfacet
  facet normal 0 0 1
    outer loop
      vertex 43.5627 55.8873 4.2
      vertex 36.4234 57.0692 4.2
      vertex 43.5627 55.1182 4.2
    endloop
  endfacet
  facet normal 0 0 1
    outer loop
      vertex 42.7416 53.1418 4.2
      vertex 37.5959 52.2825 4.2
      vertex 42.7416 52.2825 4.2
    endloop
  endfacet
  facet normal 0 -0 1
    outer loop
      vertex 37.5959 52.2825 4.2
      vertex 42.7416 53.1418 4.2
      vertex 36.7795 53.1418 4.2
    endloop
  endfacet
  facet normal 0 0 1
    outer loop
      vertex 42.7416 53.1418 4.2
      vertex 43.4678 54.7699 4.2
      vertex 42.7416 54.7699 4.2
    endloop
  endfacet
  facet normal 0 0 1
    outer loop
      vertex 42.7416 52.2825 4.2
      vertex 43.4678 54.7699 4.2
      vertex 42.7416 53.1418 4.2
    endloop
  endfacet
  facet normal 0 0 1
    outer loop
      vertex 43.4678 54.7699 4.2
      vertex 42.7416 52.2825 4.2
      vertex 43.4678 50.5785 4.2
    endloop
  endfacet
  facet normal 0 0 1
    outer loop
      vertex 43.4678 50.5785 4.2
      vertex 42.7416 52.2825 4.2
      vertex 42.7416 50.5785 4.2
    endloop
  endfacet
  facet normal 0 0 1
    outer loop
      vertex 37.5959 52.2825 4.2
      vertex 37.8665 50.7731 4.2
      vertex 38.6735 50.7731 4.2
    endloop
  endfacet
  facet normal -0 0 1
    outer loop
      vertex 36.7795 52.3538 4.2
      vertex 37.5959 52.2825 4.2
      vertex 36.7795 53.1418 4.2
    endloop
  endfacet
  facet normal 0 0 1
    outer loop
      vertex 37.5959 52.2825 4.2
      vertex 36.7795 52.3538 4.2
      vertex 37.8665 50.7731 4.2
    endloop
  endfacet
  facet normal 0 0 1
    outer loop
      vertex 40.4346 44.3787 4.2
      vertex 39.66 44.793 4.2
      vertex 39.694 44.3597 4.2
    endloop
  endfacet
  facet normal 0 0 1
    outer loop
      vertex 39.9122 45.7334 4.2
      vertex 39.558 45.1561 4.2
      vertex 39.66 44.793 4.2
    endloop
  endfacet
  facet normal 0 0 1
    outer loop
      vertex 39.1576 45.664 4.2
      vertex 39.731 46.0807 4.2
      vertex 39.4923 46.3558 4.2
    endloop
  endfacet
  facet normal 0 0 1
    outer loop
      vertex 39.9122 45.7334 4.2
      vertex 39.3879 45.4491 4.2
      vertex 39.558 45.1561 4.2
    endloop
  endfacet
  facet normal 0 0 1
    outer loop
      vertex 38.8752 45.793 4.2
      vertex 39.4923 46.3558 4.2
      vertex 39.1983 46.5549 4.2
    endloop
  endfacet
  facet normal 0 0 1
    outer loop
      vertex 39.731 46.0807 4.2
      vertex 39.1576 45.664 4.2
      vertex 39.3879 45.4491 4.2
    endloop
  endfacet
  facet normal 0 0 1
    outer loop
      vertex 39.4923 46.3558 4.2
      vertex 38.8752 45.793 4.2
      vertex 39.1576 45.664 4.2
    endloop
  endfacet
  facet normal 0 0 1
    outer loop
      vertex 38.851 46.6744 4.2
      vertex 38.8752 45.793 4.2
      vertex 39.1983 46.5549 4.2
    endloop
  endfacet
  facet normal 0 0 1
    outer loop
      vertex 38.851 46.6744 4.2
      vertex 38.5406 45.836 4.2
      vertex 38.8752 45.793 4.2
    endloop
  endfacet
  facet normal 0 0 1
    outer loop
      vertex 38.4504 46.7142 4.2
      vertex 38.5406 45.836 4.2
      vertex 38.851 46.6744 4.2
    endloop
  endfacet
  facet normal 0 0 1
    outer loop
      vertex 38.4504 46.7142 4.2
      vertex 38.208 45.8009 4.2
      vertex 38.5406 45.836 4.2
    endloop
  endfacet
  facet normal -0 0 1
    outer loop
      vertex 37.9343 46.6522 4.2
      vertex 38.208 45.8009 4.2
      vertex 38.4504 46.7142 4.2
    endloop
  endfacet
  facet normal 0 0 1
    outer loop
      vertex 37.9343 46.6522 4.2
      vertex 37.9256 45.6956 4.2
      vertex 38.208 45.8009 4.2
    endloop
  endfacet
  facet normal -0 0 1
    outer loop
      vertex 37.4999 46.4663 4.2
      vertex 37.9256 45.6956 4.2
      vertex 37.9343 46.6522 4.2
    endloop
  endfacet
  facet normal -0 0 1
    outer loop
      vertex 37.1474 46.1564 4.2
      vertex 37.9256 45.6956 4.2
      vertex 37.4999 46.4663 4.2
    endloop
  endfacet
  facet normal 0 0 1
    outer loop
      vertex 37.9256 45.6956 4.2
      vertex 37.1474 46.1564 4.2
      vertex 37.6932 45.5203 4.2
    endloop
  endfacet
  facet normal -0 0 1
    outer loop
      vertex 36.8876 45.7347 4.2
      vertex 37.6932 45.5203 4.2
      vertex 37.1474 46.1564 4.2
    endloop
  endfacet
  facet normal 0 0 1
    outer loop
      vertex 37.6932 45.5203 4.2
      vertex 36.8876 45.7347 4.2
      vertex 37.5205 45.2758 4.2
    endloop
  endfacet
  facet normal 0 0 1
    outer loop
      vertex 36.7317 45.2133 4.2
      vertex 37.5205 45.2758 4.2
      vertex 36.8876 45.7347 4.2
    endloop
  endfacet
  facet normal 0 0 1
    outer loop
      vertex 43.5627 44.6303 4.2
      vertex 42.8201 45.0298 4.2
      vertex 42.8554 44.6303 4.2
    endloop
  endfacet
  facet normal 0 0 1
    outer loop
      vertex 43.337 45.8623 4.2
      vertex 42.7141 45.3676 4.2
      vertex 42.8201 45.0298 4.2
    endloop
  endfacet
  facet normal 0 0 1
    outer loop
      vertex 42.2911 45.8481 4.2
      vertex 43.0548 46.3106 4.2
      vertex 42.6698 46.6376 4.2
    endloop
  endfacet
  facet normal 0 0 1
    outer loop
      vertex 43.337 45.8623 4.2
      vertex 42.5374 45.6437 4.2
      vertex 42.7141 45.3676 4.2
    endloop
  endfacet
  facet normal 0 0 1
    outer loop
      vertex 43.0548 46.3106 4.2
      vertex 42.2911 45.8481 4.2
      vertex 42.5374 45.6437 4.2
    endloop
  endfacet
  facet normal 0 0 1
    outer loop
      vertex 41.9762 45.9707 4.2
      vertex 42.6698 46.6376 4.2
      vertex 42.1919 46.8338 4.2
    endloop
  endfacet
  facet normal 0 0 1
    outer loop
      vertex 42.6698 46.6376 4.2
      vertex 41.9762 45.9707 4.2
      vertex 42.2911 45.8481 4.2
    endloop
  endfacet
  facet normal 0 0 1
    outer loop
      vertex 41.6213 46.8993 4.2
      vertex 41.9762 45.9707 4.2
      vertex 42.1919 46.8338 4.2
    endloop
  endfacet
  facet normal 0 0 1
    outer loop
      vertex 41.6213 46.8993 4.2
      vertex 41.5928 46.0116 4.2
      vertex 41.9762 45.9707 4.2
    endloop
  endfacet
  facet normal -0 0 1
    outer loop
      vertex 41.2183 46.8528 4.2
      vertex 41.5928 46.0116 4.2
      vertex 41.6213 46.8993 4.2
    endloop
  endfacet
  facet normal 0 0 1
    outer loop
      vertex 41.5928 46.0116 4.2
      vertex 41.2183 46.8528 4.2
      vertex 41.2555 45.9649 4.2
    endloop
  endfacet
  facet normal -0 0 1
    outer loop
      vertex 40.8639 46.7136 4.2
      vertex 41.2555 45.9649 4.2
      vertex 41.2183 46.8528 4.2
    endloop
  endfacet
  facet normal -0 0 1
    outer loop
      vertex 40.558 46.4815 4.2
      vertex 41.2555 45.9649 4.2
      vertex 40.8639 46.7136 4.2
    endloop
  endfacet
  facet normal 0 0 1
    outer loop
      vertex 41.2555 45.9649 4.2
      vertex 40.558 46.4815 4.2
      vertex 40.9715 45.8249 4.2
    endloop
  endfacet
  facet normal -0 0 1
    outer loop
      vertex 40.3143 46.1661 4.2
      vertex 40.9715 45.8249 4.2
      vertex 40.558 46.4815 4.2
    endloop
  endfacet
  facet normal 0 0 1
    outer loop
      vertex 40.9715 45.8249 4.2
      vertex 40.3143 46.1661 4.2
      vertex 40.7407 45.5915 4.2
    endloop
  endfacet
  facet normal -0 0 1
    outer loop
      vertex 40.1466 45.7769 4.2
      vertex 40.7407 45.5915 4.2
      vertex 40.3143 46.1661 4.2
    endloop
  endfacet
  facet normal 0 0 1
    outer loop
      vertex 40.7407 45.5915 4.2
      vertex 40.1466 45.7769 4.2
      vertex 40.5707 45.2701 4.2
    endloop
  endfacet
  facet normal -0 0 1
    outer loop
      vertex 40.0548 45.3138 4.2
      vertex 40.5707 45.2701 4.2
      vertex 40.1466 45.7769 4.2
    endloop
  endfacet
  facet normal 0 0 1
    outer loop
      vertex 40.5707 45.2701 4.2
      vertex 40.0548 45.3138 4.2
      vertex 40.4686 44.8658 4.2
    endloop
  endfacet
  facet normal 0 0 1
    outer loop
      vertex 39.66 44.793 4.2
      vertex 40.0548 45.3138 4.2
      vertex 40.0359 45.3138 4.2
    endloop
  endfacet
  facet normal -0 0 1
    outer loop
      vertex 39.66 44.793 4.2
      vertex 40.4346 44.3787 4.2
      vertex 40.4686 44.8658 4.2
    endloop
  endfacet
  facet normal 0 0 1
    outer loop
      vertex 40.0548 45.3138 4.2
      vertex 39.66 44.793 4.2
      vertex 40.4686 44.8658 4.2
    endloop
  endfacet
  facet normal 0 0 1
    outer loop
      vertex 39.66 44.793 4.2
      vertex 40.0359 45.3138 4.2
      vertex 39.9122 45.7334 4.2
    endloop
  endfacet
  facet normal 0 0 1
    outer loop
      vertex 39.3879 45.4491 4.2
      vertex 39.9122 45.7334 4.2
      vertex 39.731 46.0807 4.2
    endloop
  endfacet
  facet normal 0 0 1
    outer loop
      vertex 40.4346 44.3787 4.2
      vertex 39.694 44.3597 4.2
      vertex 40.4346 43.8945 4.2
    endloop
  endfacet
  facet normal 0 0 1
    outer loop
      vertex 40.4346 43.8945 4.2
      vertex 39.694 44.3597 4.2
      vertex 39.694 43.8945 4.2
    endloop
  endfacet
  facet normal -0 0 1
    outer loop
      vertex 42.8201 45.0298 4.2
      vertex 43.5627 44.6303 4.2
      vertex 43.5063 45.3022 4.2
    endloop
  endfacet
  facet normal 0 0 1
    outer loop
      vertex 43.5627 44.6303 4.2
      vertex 42.8554 44.6303 4.2
      vertex 43.5118 43.9987 4.2
    endloop
  endfacet
  facet normal 0 0 1
    outer loop
      vertex 42.8201 45.0298 4.2
      vertex 43.5063 45.3022 4.2
      vertex 43.337 45.8623 4.2
    endloop
  endfacet
  facet normal 0 0 1
    outer loop
      vertex 42.7236 43.8966 4.2
      vertex 43.5118 43.9987 4.2
      vertex 42.8554 44.6303 4.2
    endloop
  endfacet
  facet normal 0 0 1
    outer loop
      vertex 42.5374 45.6437 4.2
      vertex 43.337 45.8623 4.2
      vertex 43.0548 46.3106 4.2
    endloop
  endfacet
  facet normal 0 0 1
    outer loop
      vertex 43.5118 43.9987 4.2
      vertex 42.7236 43.8966 4.2
      vertex 43.3591 43.4583 4.2
    endloop
  endfacet
  facet normal 0 0 1
    outer loop
      vertex 43.3591 43.4583 4.2
      vertex 42.7236 43.8966 4.2
      vertex 43.1046 43.0092 4.2
    endloop
  endfacet
  facet normal -0 0 1
    outer loop
      vertex 42.328 43.4109 4.2
      vertex 43.1046 43.0092 4.2
      vertex 42.7236 43.8966 4.2
    endloop
  endfacet
  facet normal 0 0 1
    outer loop
      vertex 43.1046 43.0092 4.2
      vertex 42.328 43.4109 4.2
      vertex 42.7505 42.6603 4.2
    endloop
  endfacet
  facet normal 0 0 1
    outer loop
      vertex 42.328 43.4109 4.2
      vertex 42.2987 42.4206 4.2
      vertex 42.7505 42.6603 4.2
    endloop
  endfacet
  facet normal -0 0 1
    outer loop
      vertex 41.6687 43.173 4.2
      vertex 42.2987 42.4206 4.2
      vertex 42.328 43.4109 4.2
    endloop
  endfacet
  facet normal 0 0 1
    outer loop
      vertex 42.2987 42.4206 4.2
      vertex 41.6687 43.173 4.2
      vertex 41.7494 42.29 4.2
    endloop
  endfacet
  facet normal 0 0 1
    outer loop
      vertex 37.9145 42.5219 4.2
      vertex 38.4884 43.2632 4.2
      vertex 38.1634 43.3336 4.2
    endloop
  endfacet
  facet normal 0 0 1
    outer loop
      vertex 38.4884 43.2632 4.2
      vertex 37.9145 42.5219 4.2
      vertex 38.4219 42.404 4.2
    endloop
  endfacet
  facet normal 0 0 1
    outer loop
      vertex 37.4873 42.7489 4.2
      vertex 38.1634 43.3336 4.2
      vertex 37.8913 43.4689 4.2
    endloop
  endfacet
  facet normal 0 0 1
    outer loop
      vertex 37.1402 43.0852 4.2
      vertex 37.8913 43.4689 4.2
      vertex 37.6719 43.669 4.2
    endloop
  endfacet
  facet normal 0 0 1
    outer loop
      vertex 36.8844 43.5132 4.2
      vertex 37.6719 43.669 4.2
      vertex 37.511 43.9256 4.2
    endloop
  endfacet
  facet normal 0 0 1
    outer loop
      vertex 38.1634 43.3336 4.2
      vertex 37.4873 42.7489 4.2
      vertex 37.9145 42.5219 4.2
    endloop
  endfacet
  facet normal -0 0 1
    outer loop
      vertex 36.7309 44.0155 4.2
      vertex 37.511 43.9256 4.2
      vertex 37.4145 44.2302 4.2
    endloop
  endfacet
  facet normal 0 0 1
    outer loop
      vertex 36.6798 44.5923 4.2
      vertex 37.4145 44.2302 4.2
      vertex 37.3823 44.5828 4.2
    endloop
  endfacet
  facet normal 0 0 1
    outer loop
      vertex 37.5205 45.2758 4.2
      vertex 36.7317 45.2133 4.2
      vertex 37.4168 44.9633 4.2
    endloop
  endfacet
  facet normal 0 0 1
    outer loop
      vertex 37.4145 44.2302 4.2
      vertex 36.6798 44.5923 4.2
      vertex 36.7309 44.0155 4.2
    endloop
  endfacet
  facet normal 0 0 1
    outer loop
      vertex 36.6798 44.5923 4.2
      vertex 37.4168 44.9633 4.2
      vertex 36.7317 45.2133 4.2
    endloop
  endfacet
  facet normal 0 0 1
    outer loop
      vertex 37.511 43.9256 4.2
      vertex 36.7309 44.0155 4.2
      vertex 36.8844 43.5132 4.2
    endloop
  endfacet
  facet normal 0 0 1
    outer loop
      vertex 37.4168 44.9633 4.2
      vertex 36.6798 44.5923 4.2
      vertex 37.3823 44.5828 4.2
    endloop
  endfacet
  facet normal 0 0 1
    outer loop
      vertex 37.6719 43.669 4.2
      vertex 36.8844 43.5132 4.2
      vertex 37.1402 43.0852 4.2
    endloop
  endfacet
  facet normal 0 0 1
    outer loop
      vertex 37.8913 43.4689 4.2
      vertex 37.1402 43.0852 4.2
      vertex 37.4873 42.7489 4.2
    endloop
  endfacet
  facet normal -0 0 1
    outer loop
      vertex 42.7416 59.1849 4.2
      vertex 43.4678 58.245 4.2
      vertex 43.4678 62.6739 4.2
    endloop
  endfacet
  facet normal 0 0 1
    outer loop
      vertex 42.7416 59.1849 4.2
      vertex 43.4678 62.6739 4.2
      vertex 42.7416 62.6739 4.2
    endloop
  endfacet
  facet normal 0 0 1
    outer loop
      vertex 43.4678 58.245 4.2
      vertex 42.7416 59.1849 4.2
      vertex 42.865 58.245 4.2
    endloop
  endfacet
  facet normal 0 0 1
    outer loop
      vertex 42.1825 58.6152 4.2
      vertex 42.7416 59.1849 4.2
      vertex 42.5171 59.2999 4.2
    endloop
  endfacet
  facet normal 0 0 1
    outer loop
      vertex 42.7416 59.1849 4.2
      vertex 42.5092 58.4183 4.2
      vertex 42.865 58.245 4.2
    endloop
  endfacet
  facet normal 0 0 1
    outer loop
      vertex 41.8848 58.836 4.2
      vertex 42.5171 59.2999 4.2
      vertex 42.2869 59.4549 4.2
    endloop
  endfacet
  facet normal 0 0 1
    outer loop
      vertex 42.7416 59.1849 4.2
      vertex 42.1825 58.6152 4.2
      vertex 42.5092 58.4183 4.2
    endloop
  endfacet
  facet normal 0 0 1
    outer loop
      vertex 41.6105 59.0725 4.2
      vertex 42.2869 59.4549 4.2
      vertex 42.0509 59.6501 4.2
    endloop
  endfacet
  facet normal 0 0 1
    outer loop
      vertex 42.5171 59.2999 4.2
      vertex 41.8848 58.836 4.2
      vertex 42.1825 58.6152 4.2
    endloop
  endfacet
  facet normal 0 0 1
    outer loop
      vertex 41.3541 59.317 4.2
      vertex 42.0509 59.6501 4.2
      vertex 41.8022 59.89 4.2
    endloop
  endfacet
  facet normal 0 0 1
    outer loop
      vertex 42.2869 59.4549 4.2
      vertex 41.6105 59.0725 4.2
      vertex 41.8848 58.836 4.2
    endloop
  endfacet
  facet normal 0 0 1
    outer loop
      vertex 41.1157 59.5694 4.2
      vertex 41.8022 59.89 4.2
      vertex 41.534 60.1796 4.2
    endloop
  endfacet
  facet normal 0 0 1
    outer loop
      vertex 42.0509 59.6501 4.2
      vertex 41.3541 59.317 4.2
      vertex 41.6105 59.0725 4.2
    endloop
  endfacet
  facet normal 0 0 1
    outer loop
      vertex 40.8918 59.8249 4.2
      vertex 41.534 60.1796 4.2
      vertex 41.2463 60.5188 4.2
    endloop
  endfacet
  facet normal 0 0 1
    outer loop
      vertex 41.8022 59.89 4.2
      vertex 41.1157 59.5694 4.2
      vertex 41.3541 59.317 4.2
    endloop
  endfacet
  facet normal 0 0 1
    outer loop
      vertex 41.534 60.1796 4.2
      vertex 40.8918 59.8249 4.2
      vertex 41.1157 59.5694 4.2
    endloop
  endfacet
  facet normal 0 0 1
    outer loop
      vertex 40.4773 60.3312 4.2
      vertex 41.2463 60.5188 4.2
      vertex 40.7553 61.109 4.2
    endloop
  endfacet
  facet normal 0 0 1
    outer loop
      vertex 41.2463 60.5188 4.2
      vertex 40.679 60.0789 4.2
      vertex 40.8918 59.8249 4.2
    endloop
  endfacet
  facet normal 0 0 1
    outer loop
      vertex 41.2463 60.5188 4.2
      vertex 40.4773 60.3312 4.2
      vertex 40.679 60.0789 4.2
    endloop
  endfacet
  facet normal 0 0 1
    outer loop
      vertex 40.0849 60.8017 4.2
      vertex 40.7553 61.109 4.2
      vertex 40.3581 61.5568 4.2
    endloop
  endfacet
  facet normal 0 0 1
    outer loop
      vertex 40.7553 61.109 4.2
      vertex 40.2811 60.5746 4.2
      vertex 40.4773 60.3312 4.2
    endloop
  endfacet
  facet normal 0 0 1
    outer loop
      vertex 40.7553 61.109 4.2
      vertex 40.0849 60.8017 4.2
      vertex 40.2811 60.5746 4.2
    endloop
  endfacet
  facet normal 0 0 1
    outer loop
      vertex 39.6893 61.202 4.2
      vertex 40.3581 61.5568 4.2
      vertex 40.0548 61.8621 4.2
    endloop
  endfacet
  facet normal 0 0 1
    outer loop
      vertex 40.3581 61.5568 4.2
      vertex 39.8887 61.0124 4.2
      vertex 40.0849 60.8017 4.2
    endloop
  endfacet
  facet normal 0 0 1
    outer loop
      vertex 39.4836 61.3658 4.2
      vertex 40.0548 61.8621 4.2
      vertex 39.7985 62.0771 4.2
    endloop
  endfacet
  facet normal 0 0 1
    outer loop
      vertex 40.3581 61.5568 4.2
      vertex 39.6893 61.202 4.2
      vertex 39.8887 61.0124 4.2
    endloop
  endfacet
  facet normal 0 0 1
    outer loop
      vertex 39.2716 61.5037 4.2
      vertex 39.7985 62.0771 4.2
      vertex 39.5421 62.2535 4.2
    endloop
  endfacet
  facet normal 0 0 1
    outer loop
      vertex 40.0548 61.8621 4.2
      vertex 39.4836 61.3658 4.2
      vertex 39.6893 61.202 4.2
    endloop
  endfacet
  facet normal 0 0 1
    outer loop
      vertex 39.0469 61.6079 4.2
      vertex 39.5421 62.2535 4.2
      vertex 39.2858 62.3914 4.2
    endloop
  endfacet
  facet normal 0 0 1
    outer loop
      vertex 39.7985 62.0771 4.2
      vertex 39.2716 61.5037 4.2
      vertex 39.4836 61.3658 4.2
    endloop
  endfacet
  facet normal 0 0 1
    outer loop
      vertex 39.5421 62.2535 4.2
      vertex 39.0469 61.6079 4.2
      vertex 39.2716 61.5037 4.2
    endloop
  endfacet
  facet normal 0 0 1
    outer loop
      vertex 38.8032 61.6704 4.2
      vertex 39.2858 62.3914 4.2
      vertex 39.0289 62.4903 4.2
    endloop
  endfacet
  facet normal 0 0 1
    outer loop
      vertex 39.2858 62.3914 4.2
      vertex 38.8032 61.6704 4.2
      vertex 39.0469 61.6079 4.2
    endloop
  endfacet
  facet normal 0 0 1
    outer loop
      vertex 38.771 62.5496 4.2
      vertex 38.8032 61.6704 4.2
      vertex 39.0289 62.4903 4.2
    endloop
  endfacet
  facet normal 0 0 1
    outer loop
      vertex 38.771 62.5496 4.2
      vertex 38.5406 61.6913 4.2
      vertex 38.8032 61.6704 4.2
    endloop
  endfacet
  facet normal 0 0 1
    outer loop
      vertex 38.5121 62.5694 4.2
      vertex 38.5406 61.6913 4.2
      vertex 38.771 62.5496 4.2
    endloop
  endfacet
  facet normal 0 0 1
    outer loop
      vertex 38.5121 62.5694 4.2
      vertex 38.2009 61.6554 4.2
      vertex 38.5406 61.6913 4.2
    endloop
  endfacet
  facet normal -0 0 1
    outer loop
      vertex 37.9712 62.509 4.2
      vertex 38.2009 61.6554 4.2
      vertex 38.5121 62.5694 4.2
    endloop
  endfacet
  facet normal 0 0 1
    outer loop
      vertex 37.9712 62.509 4.2
      vertex 37.9161 61.5478 4.2
      vertex 38.2009 61.6554 4.2
    endloop
  endfacet
  facet normal -0 0 1
    outer loop
      vertex 37.5194 62.3278 4.2
      vertex 37.9161 61.5478 4.2
      vertex 37.9712 62.509 4.2
    endloop
  endfacet
  facet normal -0 0 1
    outer loop
      vertex 37.1568 62.0259 4.2
      vertex 37.9161 61.5478 4.2
      vertex 37.5194 62.3278 4.2
    endloop
  endfacet
  facet normal 0 0 1
    outer loop
      vertex 37.9161 61.5478 4.2
      vertex 37.1568 62.0259 4.2
      vertex 37.6861 61.3684 4.2
    endloop
  endfacet
  facet normal -0 0 1
    outer loop
      vertex 36.8918 61.6116 4.2
      vertex 37.6861 61.3684 4.2
      vertex 37.1568 62.0259 4.2
    endloop
  endfacet
  facet normal 0 0 1
    outer loop
      vertex 37.6861 61.3684 4.2
      vertex 36.8918 61.6116 4.2
      vertex 37.5173 61.1253 4.2
    endloop
  endfacet
  facet normal 0 0 1
    outer loop
      vertex 36.7328 61.0934 4.2
      vertex 37.5173 61.1253 4.2
      vertex 36.8918 61.6116 4.2
    endloop
  endfacet
  facet normal 0 0 1
    outer loop
      vertex 37.933 58.4008 4.2
      vertex 38.5121 59.1564 4.2
      vertex 38.1811 59.23 4.2
    endloop
  endfacet
  facet normal 0 0 1
    outer loop
      vertex 38.5121 59.1564 4.2
      vertex 37.933 58.4008 4.2
      vertex 38.4314 58.283 4.2
    endloop
  endfacet
  facet normal 0 0 1
    outer loop
      vertex 37.5074 58.6279 4.2
      vertex 38.1811 59.23 4.2
      vertex 37.9034 59.3684 4.2
    endloop
  endfacet
  facet normal 0 0 1
    outer loop
      vertex 37.1545 58.9641 4.2
      vertex 37.9034 59.3684 4.2
      vertex 37.679 59.5717 4.2
    endloop
  endfacet
  facet normal 0 0 1
    outer loop
      vertex 36.8908 59.3922 4.2
      vertex 37.679 59.5717 4.2
      vertex 37.5142 59.8289 4.2
    endloop
  endfacet
  facet normal 0 0 1
    outer loop
      vertex 38.1811 59.23 4.2
      vertex 37.5074 58.6279 4.2
      vertex 37.933 58.4008 4.2
    endloop
  endfacet
  facet normal -0 0 1
    outer loop
      vertex 36.7325 59.8945 4.2
      vertex 37.5142 59.8289 4.2
      vertex 37.4153 60.1287 4.2
    endloop
  endfacet
  facet normal -0 0 1
    outer loop
      vertex 36.6798 60.4713 4.2
      vertex 37.4153 60.1287 4.2
      vertex 37.3823 60.4713 4.2
    endloop
  endfacet
  facet normal 0 0 1
    outer loop
      vertex 37.5173 61.1253 4.2
      vertex 36.7328 61.0934 4.2
      vertex 37.416 60.8262 4.2
    endloop
  endfacet
  facet normal 0 0 1
    outer loop
      vertex 37.4153 60.1287 4.2
      vertex 36.6798 60.4713 4.2
      vertex 36.7325 59.8945 4.2
    endloop
  endfacet
  facet normal 0 0 1
    outer loop
      vertex 36.6798 60.4713 4.2
      vertex 37.416 60.8262 4.2
      vertex 36.7328 61.0934 4.2
    endloop
  endfacet
  facet normal 0 0 1
    outer loop
      vertex 37.5142 59.8289 4.2
      vertex 36.7325 59.8945 4.2
      vertex 36.8908 59.3922 4.2
    endloop
  endfacet
  facet normal 0 0 1
    outer loop
      vertex 37.416 60.8262 4.2
      vertex 36.6798 60.4713 4.2
      vertex 37.3823 60.4713 4.2
    endloop
  endfacet
  facet normal 0 0 1
    outer loop
      vertex 37.679 59.5717 4.2
      vertex 36.8908 59.3922 4.2
      vertex 37.1545 58.9641 4.2
    endloop
  endfacet
  facet normal 0 0 1
    outer loop
      vertex 37.9034 59.3684 4.2
      vertex 37.1545 58.9641 4.2
      vertex 37.5074 58.6279 4.2
    endloop
  endfacet
  facet normal 0 0 1
    outer loop
      vertex 36.7795 66.0743 4.2
      vertex 38.8823 65.2959 4.2
      vertex 38.8823 65.9699 4.2
    endloop
  endfacet
  facet normal 0 0 1
    outer loop
      vertex 38.8823 65.2959 4.2
      vertex 36.7795 66.0743 4.2
      vertex 36.7795 65.201 4.2
    endloop
  endfacet
  facet normal 0 0 1
    outer loop
      vertex 36.7795 64.3227 4.2
      vertex 38.8823 63.549 4.2
      vertex 38.8823 64.2183 4.2
    endloop
  endfacet
  facet normal 0 0 1
    outer loop
      vertex 38.8823 63.549 4.2
      vertex 36.7795 64.3227 4.2
      vertex 36.7795 63.4494 4.2
    endloop
  endfacet
  facet normal 0 0 1
    outer loop
      vertex 37.5057 81.0388 4.2
      vertex 36.7795 81.0388 4.2
      vertex 37.5057 78.015 4.2
    endloop
  endfacet
  facet normal 0 0 1
    outer loop
      vertex 43.5627 79.0546 4.2
      vertex 42.8188 79.4992 4.2
      vertex 42.865 79.0736 4.2
    endloop
  endfacet
  facet normal 0 0 1
    outer loop
      vertex 43.2927 80.3257 4.2
      vertex 42.6804 79.8584 4.2
      vertex 42.8188 79.4992 4.2
    endloop
  endfacet
  facet normal 0 0 1
    outer loop
      vertex 42.1382 80.3674 4.2
      vertex 42.9551 80.7991 4.2
      vertex 42.5 81.1485 4.2
    endloop
  endfacet
  facet normal 0 0 1
    outer loop
      vertex 43.2927 80.3257 4.2
      vertex 42.4496 80.1511 4.2
      vertex 42.6804 79.8584 4.2
    endloop
  endfacet
  facet normal 0 0 1
    outer loop
      vertex 42.9551 80.7991 4.2
      vertex 42.1382 80.3674 4.2
      vertex 42.4496 80.1511 4.2
    endloop
  endfacet
  facet normal 0 0 1
    outer loop
      vertex 41.7576 80.4972 4.2
      vertex 42.5 81.1485 4.2
      vertex 41.9446 81.3582 4.2
    endloop
  endfacet
  facet normal 0 0 1
    outer loop
      vertex 42.5 81.1485 4.2
      vertex 41.7576 80.4972 4.2
      vertex 42.1382 80.3674 4.2
    endloop
  endfacet
  facet normal 0 0 1
    outer loop
      vertex 41.9446 81.3582 4.2
      vertex 41.308 80.5404 4.2
      vertex 41.7576 80.4972 4.2
    endloop
  endfacet
  facet normal 0 0 1
    outer loop
      vertex 41.289 81.4281 4.2
      vertex 41.308 80.5404 4.2
      vertex 41.9446 81.3582 4.2
    endloop
  endfacet
  facet normal 0 0 1
    outer loop
      vertex 41.289 81.4281 4.2
      vertex 40.914 80.4969 4.2
      vertex 41.308 80.5404 4.2
    endloop
  endfacet
  facet normal -0 0 1
    outer loop
      vertex 40.7078 81.3629 4.2
      vertex 40.914 80.4969 4.2
      vertex 41.289 81.4281 4.2
    endloop
  endfacet
  facet normal -0 0 1
    outer loop
      vertex 40.2046 81.1675 4.2
      vertex 40.914 80.4969 4.2
      vertex 40.7078 81.3629 4.2
    endloop
  endfacet
  facet normal 0 0 1
    outer loop
      vertex 40.914 80.4969 4.2
      vertex 40.2046 81.1675 4.2
      vertex 40.5738 80.3663 4.2
    endloop
  endfacet
  facet normal -0 0 1
    outer loop
      vertex 39.7795 80.8418 4.2
      vertex 40.5738 80.3663 4.2
      vertex 40.2046 81.1675 4.2
    endloop
  endfacet
  facet normal 0 0 1
    outer loop
      vertex 40.5738 80.3663 4.2
      vertex 39.7795 80.8418 4.2
      vertex 40.2874 80.1488 4.2
    endloop
  endfacet
  facet normal -0 0 1
    outer loop
      vertex 39.4578 80.4064 4.2
      vertex 40.2874 80.1488 4.2
      vertex 39.7795 80.8418 4.2
    endloop
  endfacet
  facet normal -0 0 1
    outer loop
      vertex 39.2648 79.8819 4.2
      vertex 40.0712 79.8574 4.2
      vertex 39.4578 80.4064 4.2
    endloop
  endfacet
  facet normal 0 0 1
    outer loop
      vertex 40.2874 80.1488 4.2
      vertex 39.4578 80.4064 4.2
      vertex 40.0712 79.8574 4.2
    endloop
  endfacet
  facet normal -0 0 1
    outer loop
      vertex 42.8188 79.4992 4.2
      vertex 43.5627 79.0546 4.2
      vertex 43.4952 79.7442 4.2
    endloop
  endfacet
  facet normal 0 0 1
    outer loop
      vertex 43.5627 79.0546 4.2
      vertex 42.865 79.0736 4.2
      vertex 43.5174 78.4713 4.2
    endloop
  endfacet
  facet normal 0 0 1
    outer loop
      vertex 42.8188 79.4992 4.2
      vertex 43.4952 79.7442 4.2
      vertex 43.2927 80.3257 4.2
    endloop
  endfacet
  facet normal 0 0 1
    outer loop
      vertex 42.7547 78.4212 4.2
      vertex 43.5174 78.4713 4.2
      vertex 42.865 79.0736 4.2
    endloop
  endfacet
  facet normal 0 0 1
    outer loop
      vertex 42.4496 80.1511 4.2
      vertex 43.2927 80.3257 4.2
      vertex 42.9551 80.7991 4.2
    endloop
  endfacet
  facet normal 0 0 1
    outer loop
      vertex 43.5174 78.4713 4.2
      vertex 42.7547 78.4212 4.2
      vertex 43.3813 77.9681 4.2
    endloop
  endfacet
  facet normal 0 0 1
    outer loop
      vertex 42.424 77.9576 4.2
      vertex 43.3813 77.9681 4.2
      vertex 42.7547 78.4212 4.2
    endloop
  endfacet
  facet normal 0 0 1
    outer loop
      vertex 43.3813 77.9681 4.2
      vertex 42.424 77.9576 4.2
      vertex 43.1545 77.5451 4.2
    endloop
  endfacet
  facet normal 0 0 1
    outer loop
      vertex 43.1545 77.5451 4.2
      vertex 42.424 77.9576 4.2
      vertex 42.8417 77.2092 4.2
    endloop
  endfacet
  facet normal 0 0 1
    outer loop
      vertex 42.8417 77.2092 4.2
      vertex 42.424 77.9576 4.2
      vertex 42.4477 76.9671 4.2
    endloop
  endfacet
  facet normal -0 0 1
    outer loop
      vertex 41.8729 77.6828 4.2
      vertex 42.4477 76.9671 4.2
      vertex 42.424 77.9576 4.2
    endloop
  endfacet
  facet normal 0 0 1
    outer loop
      vertex 42.4477 76.9671 4.2
      vertex 41.8729 77.6828 4.2
      vertex 41.9725 76.8189 4.2
    endloop
  endfacet
  facet normal -0 0 1
    outer loop
      vertex 39.6276 77.8868 4.2
      vertex 40.3776 77.8489 4.2
      vertex 40.2204 78.0483 4.2
    endloop
  endfacet
  facet normal 0 0 1
    outer loop
      vertex 39.6276 77.8868 4.2
      vertex 40.2204 78.0483 4.2
      vertex 40.097 78.2476 4.2
    endloop
  endfacet
  facet normal 0 0 1
    outer loop
      vertex 39.6276 77.8868 4.2
      vertex 40.097 78.2476 4.2
      vertex 40.0074 78.447 4.2
    endloop
  endfacet
  facet normal 0 0 1
    outer loop
      vertex 39.3903 78.2872 4.2
      vertex 40.0074 78.447 4.2
      vertex 39.9467 78.6517 4.2
    endloop
  endfacet
  facet normal 0 0 1
    outer loop
      vertex 40.0712 79.8574 4.2
      vertex 39.2648 79.8819 4.2
      vertex 39.9414 79.5053 4.2
    endloop
  endfacet
  facet normal 0 0 1
    outer loop
      vertex 39.2004 79.2682 4.2
      vertex 39.9414 79.5053 4.2
      vertex 39.2648 79.8819 4.2
    endloop
  endfacet
  facet normal 0 0 1
    outer loop
      vertex 39.3903 78.2872 4.2
      vertex 39.9467 78.6517 4.2
      vertex 39.9103 78.8669 4.2
    endloop
  endfacet
  facet normal 0 0 1
    outer loop
      vertex 40.3776 77.8489 4.2
      vertex 39.6276 77.8868 4.2
      vertex 40.3776 77.0135 4.2
    endloop
  endfacet
  facet normal 0 0 1
    outer loop
      vertex 36.7795 77.2365 4.2
      vertex 39.6276 77.8868 4.2
      vertex 37.5057 78.015 4.2
    endloop
  endfacet
  facet normal 0 0 1
    outer loop
      vertex 39.6276 77.8868 4.2
      vertex 36.7795 77.2365 4.2
      vertex 40.3776 77.0135 4.2
    endloop
  endfacet
  facet normal 0 0 1
    outer loop
      vertex 36.7795 77.2365 4.2
      vertex 37.5057 78.015 4.2
      vertex 36.7795 81.0388 4.2
    endloop
  endfacet
  facet normal 0 0 1
    outer loop
      vertex 39.9414 79.5053 4.2
      vertex 39.2004 79.2682 4.2
      vertex 39.8982 79.0926 4.2
    endloop
  endfacet
  facet normal 0 0 1
    outer loop
      vertex 39.8982 79.0926 4.2
      vertex 39.2479 78.7477 4.2
      vertex 39.9103 78.8669 4.2
    endloop
  endfacet
  facet normal 0 -0 1
    outer loop
      vertex 39.2479 78.7477 4.2
      vertex 39.8982 79.0926 4.2
      vertex 39.2004 79.2682 4.2
    endloop
  endfacet
  facet normal 0 -0 1
    outer loop
      vertex 39.3903 78.2872 4.2
      vertex 39.9103 78.8669 4.2
      vertex 39.2479 78.7477 4.2
    endloop
  endfacet
  facet normal 0 0 1
    outer loop
      vertex 40.0074 78.447 4.2
      vertex 39.3903 78.2872 4.2
      vertex 39.6276 77.8868 4.2
    endloop
  endfacet
  facet normal 0 0 1
    outer loop
      vertex 36.7795 84.7479 4.2
      vertex 38.8823 83.9694 4.2
      vertex 38.8823 84.6434 4.2
    endloop
  endfacet
  facet normal 0 0 1
    outer loop
      vertex 38.8823 83.9694 4.2
      vertex 36.7795 84.7479 4.2
      vertex 36.7795 83.8745 4.2
    endloop
  endfacet
  facet normal 0 0 1
    outer loop
      vertex 36.7795 82.9963 4.2
      vertex 38.8823 82.2225 4.2
      vertex 38.8823 82.8918 4.2
    endloop
  endfacet
  facet normal 0 0 1
    outer loop
      vertex 38.8823 82.2225 4.2
      vertex 36.7795 82.9963 4.2
      vertex 36.7795 82.1229 4.2
    endloop
  endfacet
  facet normal -0 0 1
    outer loop
      vertex 38.3317 72.7376 4.2
      vertex 40.8191 71.9496 4.2
      vertex 38.3317 73.6917 4.2
    endloop
  endfacet
  facet normal 0 0 1
    outer loop
      vertex 40.8191 71.9496 4.2
      vertex 38.3317 72.7376 4.2
      vertex 40.3301 71.4654 4.2
    endloop
  endfacet
  facet normal 0 0 1
    outer loop
      vertex 40.8191 71.9496 4.2
      vertex 43.4678 72.8468 4.2
      vertex 43.4678 73.8009 4.2
    endloop
  endfacet
  facet normal 0 0 1
    outer loop
      vertex 43.4678 72.8468 4.2
      vertex 40.8191 71.9496 4.2
      vertex 41.3602 71.4654 4.2
    endloop
  endfacet
  facet normal 0 0 1
    outer loop
      vertex 41.3602 71.4654 4.2
      vertex 40.8191 71.9496 4.2
      vertex 40.8285 70.9813 4.2
    endloop
  endfacet
  facet normal -0 0 1
    outer loop
      vertex 40.3301 71.4654 4.2
      vertex 40.8285 70.9813 4.2
      vertex 40.8191 71.9496 4.2
    endloop
  endfacet
  facet normal 0 0 1
    outer loop
      vertex 38.3317 70.1838 4.2
      vertex 40.8285 70.9813 4.2
      vertex 40.3301 71.4654 4.2
    endloop
  endfacet
  facet normal 0 0 1
    outer loop
      vertex 40.8285 70.9813 4.2
      vertex 38.3317 70.1838 4.2
      vertex 38.3317 69.2391 4.2
    endloop
  endfacet
  facet normal -0 0 1
    outer loop
      vertex 40.8285 70.9813 4.2
      vertex 43.4678 70.0746 4.2
      vertex 41.3602 71.4654 4.2
    endloop
  endfacet
  facet normal 0 0 1
    outer loop
      vertex 43.4678 70.0746 4.2
      vertex 40.8285 70.9813 4.2
      vertex 43.4678 69.1537 4.2
    endloop
  endfacet
  facet normal 1 -0 0
    outer loop
      vertex 36.4234 57.0692 5
      vertex 36.4234 57.8192 4.2
      vertex 36.4234 57.8192 5
    endloop
  endfacet
  facet normal 1 0 0
    outer loop
      vertex 36.4234 57.8192 4.2
      vertex 36.4234 57.0692 5
      vertex 36.4234 57.0692 4.2
    endloop
  endfacet
  facet normal 0.26361 0.964629 -0
    outer loop
      vertex 43.5627 55.1182 4.2
      vertex 36.4234 57.0692 5
      vertex 43.5627 55.1182 5
    endloop
  endfacet
  facet normal 0.26361 0.964629 0
    outer loop
      vertex 36.4234 57.0692 5
      vertex 43.5627 55.1182 4.2
      vertex 36.4234 57.0692 4.2
    endloop
  endfacet
  facet normal -1 0 0
    outer loop
      vertex 43.5627 55.1182 4.2
      vertex 43.5627 55.8873 5
      vertex 43.5627 55.8873 4.2
    endloop
  endfacet
  facet normal -1 -0 0
    outer loop
      vertex 43.5627 55.8873 5
      vertex 43.5627 55.1182 4.2
      vertex 43.5627 55.1182 5
    endloop
  endfacet
  facet normal -0.261206 -0.965283 0
    outer loop
      vertex 36.4234 57.8192 4.2
      vertex 43.5627 55.8873 5
      vertex 36.4234 57.8192 5
    endloop
  endfacet
  facet normal -0.261206 -0.965283 -0
    outer loop
      vertex 43.5627 55.8873 5
      vertex 36.4234 57.8192 4.2
      vertex 43.5627 55.8873 4.2
    endloop
  endfacet
  facet normal -0.957227 -0.289339 0
    outer loop
      vertex 43.5063 45.3022 4.2
      vertex 43.337 45.8623 5
      vertex 43.337 45.8623 4.2
    endloop
  endfacet
  facet normal -0.957227 -0.289339 0
    outer loop
      vertex 43.337 45.8623 5
      vertex 43.5063 45.3022 4.2
      vertex 43.5063 45.3022 5
    endloop
  endfacet
  facet normal -0.846286 -0.532728 0
    outer loop
      vertex 43.337 45.8623 4.2
      vertex 43.0548 46.3106 5
      vertex 43.0548 46.3106 4.2
    endloop
  endfacet
  facet normal -0.846286 -0.532728 0
    outer loop
      vertex 43.0548 46.3106 5
      vertex 43.337 45.8623 4.2
      vertex 43.337 45.8623 5
    endloop
  endfacet
  facet normal -0.647361 -0.762183 0
    outer loop
      vertex 42.6698 46.6376 4.2
      vertex 43.0548 46.3106 5
      vertex 42.6698 46.6376 5
    endloop
  endfacet
  facet normal -0.647361 -0.762183 -0
    outer loop
      vertex 43.0548 46.3106 5
      vertex 42.6698 46.6376 4.2
      vertex 43.0548 46.3106 4.2
    endloop
  endfacet
  facet normal -0.379786 -0.925074 0
    outer loop
      vertex 42.1919 46.8338 4.2
      vertex 42.6698 46.6376 5
      vertex 42.1919 46.8338 5
    endloop
  endfacet
  facet normal -0.379786 -0.925074 -0
    outer loop
      vertex 42.6698 46.6376 5
      vertex 42.1919 46.8338 4.2
      vertex 42.6698 46.6376 4.2
    endloop
  endfacet
  facet normal -0.114043 -0.993476 0
    outer loop
      vertex 41.6213 46.8993 4.2
      vertex 42.1919 46.8338 5
      vertex 41.6213 46.8993 5
    endloop
  endfacet
  facet normal -0.114043 -0.993476 -0
    outer loop
      vertex 42.1919 46.8338 5
      vertex 41.6213 46.8993 4.2
      vertex 42.1919 46.8338 4.2
    endloop
  endfacet
  facet normal 0.114624 -0.993409 0
    outer loop
      vertex 41.2183 46.8528 4.2
      vertex 41.6213 46.8993 5
      vertex 41.2183 46.8528 5
    endloop
  endfacet
  facet normal 0.114624 -0.993409 0
    outer loop
      vertex 41.6213 46.8993 5
      vertex 41.2183 46.8528 4.2
      vertex 41.6213 46.8993 4.2
    endloop
  endfacet
  facet normal 0.365587 -0.930777 0
    outer loop
      vertex 40.8639 46.7136 4.2
      vertex 41.2183 46.8528 5
      vertex 40.8639 46.7136 5
    endloop
  endfacet
  facet normal 0.365587 -0.930777 0
    outer loop
      vertex 41.2183 46.8528 5
      vertex 40.8639 46.7136 4.2
      vertex 41.2183 46.8528 4.2
    endloop
  endfacet
  facet normal 0.604449 -0.796644 0
    outer loop
      vertex 40.558 46.4815 4.2
      vertex 40.8639 46.7136 5
      vertex 40.558 46.4815 5
    endloop
  endfacet
  facet normal 0.604449 -0.796644 0
    outer loop
      vertex 40.8639 46.7136 5
      vertex 40.558 46.4815 4.2
      vertex 40.8639 46.7136 4.2
    endloop
  endfacet
  facet normal 0.791307 -0.611419 0
    outer loop
      vertex 40.3143 46.1661 5
      vertex 40.558 46.4815 4.2
      vertex 40.558 46.4815 5
    endloop
  endfacet
  facet normal 0.791307 -0.611419 0
    outer loop
      vertex 40.558 46.4815 4.2
      vertex 40.3143 46.1661 5
      vertex 40.3143 46.1661 4.2
    endloop
  endfacet
  facet normal 0.918374 -0.395713 0
    outer loop
      vertex 40.1466 45.7769 5
      vertex 40.3143 46.1661 4.2
      vertex 40.3143 46.1661 5
    endloop
  endfacet
  facet normal 0.918374 -0.395713 0
    outer loop
      vertex 40.3143 46.1661 4.2
      vertex 40.1466 45.7769 5
      vertex 40.1466 45.7769 4.2
    endloop
  endfacet
  facet normal 0.980913 -0.194446 0
    outer loop
      vertex 40.0548 45.3138 5
      vertex 40.1466 45.7769 4.2
      vertex 40.1466 45.7769 5
    endloop
  endfacet
  facet normal 0.980913 -0.194446 0
    outer loop
      vertex 40.1466 45.7769 4.2
      vertex 40.0548 45.3138 5
      vertex 40.0548 45.3138 4.2
    endloop
  endfacet
  facet normal 0 -1 0
    outer loop
      vertex 40.0359 45.3138 4.2
      vertex 40.0548 45.3138 5
      vertex 40.0359 45.3138 5
    endloop
  endfacet
  facet normal 0 -1 -0
    outer loop
      vertex 40.0548 45.3138 5
      vertex 40.0359 45.3138 4.2
      vertex 40.0548 45.3138 4.2
    endloop
  endfacet
  facet normal -0.959187 -0.282773 0
    outer loop
      vertex 40.0359 45.3138 4.2
      vertex 39.9122 45.7334 5
      vertex 39.9122 45.7334 4.2
    endloop
  endfacet
  facet normal -0.959187 -0.282773 0
    outer loop
      vertex 39.9122 45.7334 5
      vertex 40.0359 45.3138 4.2
      vertex 40.0359 45.3138 5
    endloop
  endfacet
  facet normal -0.886585 -0.462566 0
    outer loop
      vertex 39.9122 45.7334 4.2
      vertex 39.731 46.0807 5
      vertex 39.731 46.0807 4.2
    endloop
  endfacet
  facet normal -0.886585 -0.462566 0
    outer loop
      vertex 39.731 46.0807 5
      vertex 39.9122 45.7334 4.2
      vertex 39.9122 45.7334 5
    endloop
  endfacet
  facet normal -0.755308 -0.655369 0
    outer loop
      vertex 39.731 46.0807 4.2
      vertex 39.4923 46.3558 5
      vertex 39.4923 46.3558 4.2
    endloop
  endfacet
  facet normal -0.755308 -0.655369 0
    outer loop
      vertex 39.4923 46.3558 5
      vertex 39.731 46.0807 4.2
      vertex 39.731 46.0807 5
    endloop
  endfacet
  facet normal -0.56073 -0.827999 0
    outer loop
      vertex 39.1983 46.5549 4.2
      vertex 39.4923 46.3558 5
      vertex 39.1983 46.5549 5
    endloop
  endfacet
  facet normal -0.56073 -0.827999 -0
    outer loop
      vertex 39.4923 46.3558 5
      vertex 39.1983 46.5549 4.2
      vertex 39.4923 46.3558 4.2
    endloop
  endfacet
  facet normal -0.325361 -0.94559 0
    outer loop
      vertex 38.851 46.6744 4.2
      vertex 39.1983 46.5549 5
      vertex 38.851 46.6744 5
    endloop
  endfacet
  facet normal -0.325361 -0.94559 -0
    outer loop
      vertex 39.1983 46.5549 5
      vertex 38.851 46.6744 4.2
      vertex 39.1983 46.5549 4.2
    endloop
  endfacet
  facet normal -0.0988642 -0.995101 0
    outer loop
      vertex 38.4504 46.7142 4.2
      vertex 38.851 46.6744 5
      vertex 38.4504 46.7142 5
    endloop
  endfacet
  facet normal -0.0988642 -0.995101 -0
    outer loop
      vertex 38.851 46.6744 5
      vertex 38.4504 46.7142 4.2
      vertex 38.851 46.6744 4.2
    endloop
  endfacet
  facet normal 0.119274 -0.992861 0
    outer loop
      vertex 37.9343 46.6522 4.2
      vertex 38.4504 46.7142 5
      vertex 37.9343 46.6522 5
    endloop
  endfacet
  facet normal 0.119274 -0.992861 0
    outer loop
      vertex 38.4504 46.7142 5
      vertex 37.9343 46.6522 4.2
      vertex 38.4504 46.7142 4.2
    endloop
  endfacet
  facet normal 0.393434 -0.919353 0
    outer loop
      vertex 37.4999 46.4663 4.2
      vertex 37.9343 46.6522 5
      vertex 37.4999 46.4663 5
    endloop
  endfacet
  facet normal 0.393434 -0.919353 0
    outer loop
      vertex 37.9343 46.6522 5
      vertex 37.4999 46.4663 4.2
      vertex 37.9343 46.6522 4.2
    endloop
  endfacet
  facet normal 0.660268 -0.75103 0
    outer loop
      vertex 37.1474 46.1564 4.2
      vertex 37.4999 46.4663 5
      vertex 37.1474 46.1564 5
    endloop
  endfacet
  facet normal 0.660268 -0.75103 0
    outer loop
      vertex 37.4999 46.4663 5
      vertex 37.1474 46.1564 4.2
      vertex 37.4999 46.4663 4.2
    endloop
  endfacet
  facet normal 0.851395 -0.524525 0
    outer loop
      vertex 36.8876 45.7347 5
      vertex 37.1474 46.1564 4.2
      vertex 37.1474 46.1564 5
    endloop
  endfacet
  facet normal 0.851395 -0.524525 0
    outer loop
      vertex 37.1474 46.1564 4.2
      vertex 36.8876 45.7347 5
      vertex 36.8876 45.7347 4.2
    endloop
  endfacet
  facet normal 0.958089 -0.286471 0
    outer loop
      vertex 36.7317 45.2133 5
      vertex 36.8876 45.7347 4.2
      vertex 36.8876 45.7347 5
    endloop
  endfacet
  facet normal 0.958089 -0.286471 0
    outer loop
      vertex 36.8876 45.7347 4.2
      vertex 36.7317 45.2133 5
      vertex 36.7317 45.2133 4.2
    endloop
  endfacet
  facet normal 0.996526 -0.0832845 0
    outer loop
      vertex 36.6798 44.5923 5
      vertex 36.7317 45.2133 4.2
      vertex 36.7317 45.2133 5
    endloop
  endfacet
  facet normal 0.996526 -0.0832845 0
    outer loop
      vertex 36.7317 45.2133 4.2
      vertex 36.6798 44.5923 5
      vertex 36.6798 44.5923 4.2
    endloop
  endfacet
  facet normal 0.996099 0.0882466 0
    outer loop
      vertex 36.7309 44.0155 5
      vertex 36.6798 44.5923 4.2
      vertex 36.6798 44.5923 5
    endloop
  endfacet
  facet normal 0.996099 0.0882466 0
    outer loop
      vertex 36.6798 44.5923 4.2
      vertex 36.7309 44.0155 5
      vertex 36.7309 44.0155 4.2
    endloop
  endfacet
  facet normal 0.956341 0.292252 0
    outer loop
      vertex 36.8844 43.5132 5
      vertex 36.7309 44.0155 4.2
      vertex 36.7309 44.0155 5
    endloop
  endfacet
  facet normal 0.956341 0.292252 0
    outer loop
      vertex 36.7309 44.0155 4.2
      vertex 36.8844 43.5132 5
      vertex 36.8844 43.5132 4.2
    endloop
  endfacet
  facet normal 0.858376 0.51302 0
    outer loop
      vertex 37.1402 43.0852 5
      vertex 36.8844 43.5132 4.2
      vertex 36.8844 43.5132 5
    endloop
  endfacet
  facet normal 0.858376 0.51302 0
    outer loop
      vertex 36.8844 43.5132 4.2
      vertex 37.1402 43.0852 5
      vertex 37.1402 43.0852 4.2
    endloop
  endfacet
  facet normal 0.695845 0.718192 -0
    outer loop
      vertex 37.4873 42.7489 4.2
      vertex 37.1402 43.0852 5
      vertex 37.4873 42.7489 5
    endloop
  endfacet
  facet normal 0.695845 0.718192 0
    outer loop
      vertex 37.1402 43.0852 5
      vertex 37.4873 42.7489 4.2
      vertex 37.1402 43.0852 4.2
    endloop
  endfacet
  facet normal 0.469236 0.883073 -0
    outer loop
      vertex 37.9145 42.5219 4.2
      vertex 37.4873 42.7489 5
      vertex 37.9145 42.5219 5
    endloop
  endfacet
  facet normal 0.469236 0.883073 0
    outer loop
      vertex 37.4873 42.7489 5
      vertex 37.9145 42.5219 4.2
      vertex 37.4873 42.7489 4.2
    endloop
  endfacet
  facet normal 0.226331 0.97405 -0
    outer loop
      vertex 38.4219 42.404 4.2
      vertex 37.9145 42.5219 5
      vertex 38.4219 42.404 5
    endloop
  endfacet
  facet normal 0.226331 0.97405 0
    outer loop
      vertex 37.9145 42.5219 5
      vertex 38.4219 42.404 4.2
      vertex 37.9145 42.5219 4.2
    endloop
  endfacet
  facet normal -0.997018 0.0771668 0
    outer loop
      vertex 38.4219 42.404 4.2
      vertex 38.4884 43.2632 5
      vertex 38.4884 43.2632 4.2
    endloop
  endfacet
  facet normal -0.997018 0.0771668 0
    outer loop
      vertex 38.4884 43.2632 5
      vertex 38.4219 42.404 4.2
      vertex 38.4219 42.404 5
    endloop
  endfacet
  facet normal -0.211705 -0.977334 0
    outer loop
      vertex 38.1634 43.3336 4.2
      vertex 38.4884 43.2632 5
      vertex 38.1634 43.3336 5
    endloop
  endfacet
  facet normal -0.211705 -0.977334 -0
    outer loop
      vertex 38.4884 43.2632 5
      vertex 38.1634 43.3336 4.2
      vertex 38.4884 43.2632 4.2
    endloop
  endfacet
  facet normal -0.445238 -0.895412 0
    outer loop
      vertex 37.8913 43.4689 4.2
      vertex 38.1634 43.3336 5
      vertex 37.8913 43.4689 5
    endloop
  endfacet
  facet normal -0.445238 -0.895412 -0
    outer loop
      vertex 38.1634 43.3336 5
      vertex 37.8913 43.4689 4.2
      vertex 38.1634 43.3336 4.2
    endloop
  endfacet
  facet normal -0.673862 -0.738857 0
    outer loop
      vertex 37.6719 43.669 4.2
      vertex 37.8913 43.4689 5
      vertex 37.6719 43.669 5
    endloop
  endfacet
  facet normal -0.673862 -0.738857 -0
    outer loop
      vertex 37.8913 43.4689 5
      vertex 37.6719 43.669 4.2
      vertex 37.8913 43.4689 4.2
    endloop
  endfacet
  facet normal -0.847218 -0.531245 0
    outer loop
      vertex 37.6719 43.669 4.2
      vertex 37.511 43.9256 5
      vertex 37.511 43.9256 4.2
    endloop
  endfacet
  facet normal -0.847218 -0.531245 0
    outer loop
      vertex 37.511 43.9256 5
      vertex 37.6719 43.669 4.2
      vertex 37.6719 43.669 5
    endloop
  endfacet
  facet normal -0.953303 -0.302015 0
    outer loop
      vertex 37.511 43.9256 4.2
      vertex 37.4145 44.2302 5
      vertex 37.4145 44.2302 4.2
    endloop
  endfacet
  facet normal -0.953303 -0.302015 0
    outer loop
      vertex 37.4145 44.2302 5
      vertex 37.511 43.9256 4.2
      vertex 37.511 43.9256 5
    endloop
  endfacet
  facet normal -0.995856 -0.0909432 0
    outer loop
      vertex 37.4145 44.2302 4.2
      vertex 37.3823 44.5828 5
      vertex 37.3823 44.5828 4.2
    endloop
  endfacet
  facet normal -0.995856 -0.0909432 0
    outer loop
      vertex 37.3823 44.5828 5
      vertex 37.4145 44.2302 4.2
      vertex 37.4145 44.2302 5
    endloop
  endfacet
  facet normal -0.995915 0.0902997 0
    outer loop
      vertex 37.3823 44.5828 4.2
      vertex 37.4168 44.9633 5
      vertex 37.4168 44.9633 4.2
    endloop
  endfacet
  facet normal -0.995915 0.0902997 0
    outer loop
      vertex 37.4168 44.9633 5
      vertex 37.3823 44.5828 4.2
      vertex 37.3823 44.5828 5
    endloop
  endfacet
  facet normal -0.949108 0.314952 0
    outer loop
      vertex 37.4168 44.9633 4.2
      vertex 37.5205 45.2758 5
      vertex 37.5205 45.2758 4.2
    endloop
  endfacet
  facet normal -0.949108 0.314952 0
    outer loop
      vertex 37.5205 45.2758 5
      vertex 37.4168 44.9633 4.2
      vertex 37.4168 44.9633 5
    endloop
  endfacet
  facet normal -0.816792 0.576932 0
    outer loop
      vertex 37.5205 45.2758 4.2
      vertex 37.6932 45.5203 5
      vertex 37.6932 45.5203 4.2
    endloop
  endfacet
  facet normal -0.816792 0.576932 0
    outer loop
      vertex 37.6932 45.5203 5
      vertex 37.5205 45.2758 4.2
      vertex 37.5205 45.2758 5
    endloop
  endfacet
  facet normal -0.602196 0.798348 0
    outer loop
      vertex 37.9256 45.6956 4.2
      vertex 37.6932 45.5203 5
      vertex 37.9256 45.6956 5
    endloop
  endfacet
  facet normal -0.602196 0.798348 0
    outer loop
      vertex 37.6932 45.5203 5
      vertex 37.9256 45.6956 4.2
      vertex 37.6932 45.5203 4.2
    endloop
  endfacet
  facet normal -0.349378 0.936982 0
    outer loop
      vertex 38.208 45.8009 4.2
      vertex 37.9256 45.6956 5
      vertex 38.208 45.8009 5
    endloop
  endfacet
  facet normal -0.349378 0.936982 0
    outer loop
      vertex 37.9256 45.6956 5
      vertex 38.208 45.8009 4.2
      vertex 37.9256 45.6956 4.2
    endloop
  endfacet
  facet normal -0.104949 0.994478 0
    outer loop
      vertex 38.5406 45.836 4.2
      vertex 38.208 45.8009 5
      vertex 38.5406 45.836 5
    endloop
  endfacet
  facet normal -0.104949 0.994478 0
    outer loop
      vertex 38.208 45.8009 5
      vertex 38.5406 45.836 4.2
      vertex 38.208 45.8009 4.2
    endloop
  endfacet
  facet normal 0.127463 0.991843 -0
    outer loop
      vertex 38.8752 45.793 4.2
      vertex 38.5406 45.836 5
      vertex 38.8752 45.793 5
    endloop
  endfacet
  facet normal 0.127463 0.991843 0
    outer loop
      vertex 38.5406 45.836 5
      vertex 38.8752 45.793 4.2
      vertex 38.5406 45.836 4.2
    endloop
  endfacet
  facet normal 0.415501 0.909593 -0
    outer loop
      vertex 39.1576 45.664 4.2
      vertex 38.8752 45.793 5
      vertex 39.1576 45.664 5
    endloop
  endfacet
  facet normal 0.415501 0.909593 0
    outer loop
      vertex 38.8752 45.793 5
      vertex 39.1576 45.664 4.2
      vertex 38.8752 45.793 4.2
    endloop
  endfacet
  facet normal 0.682239 0.731129 -0
    outer loop
      vertex 39.3879 45.4491 4.2
      vertex 39.1576 45.664 5
      vertex 39.3879 45.4491 5
    endloop
  endfacet
  facet normal 0.682239 0.731129 0
    outer loop
      vertex 39.1576 45.664 5
      vertex 39.3879 45.4491 4.2
      vertex 39.1576 45.664 4.2
    endloop
  endfacet
  facet normal 0.864826 0.502071 0
    outer loop
      vertex 39.558 45.1561 5
      vertex 39.3879 45.4491 4.2
      vertex 39.3879 45.4491 5
    endloop
  endfacet
  facet normal 0.864826 0.502071 0
    outer loop
      vertex 39.3879 45.4491 4.2
      vertex 39.558 45.1561 5
      vertex 39.558 45.1561 4.2
    endloop
  endfacet
  facet normal 0.962735 0.270446 0
    outer loop
      vertex 39.66 44.793 5
      vertex 39.558 45.1561 4.2
      vertex 39.558 45.1561 5
    endloop
  endfacet
  facet normal 0.962735 0.270446 0
    outer loop
      vertex 39.558 45.1561 4.2
      vertex 39.66 44.793 5
      vertex 39.66 44.793 4.2
    endloop
  endfacet
  facet normal 0.996936 0.0782271 0
    outer loop
      vertex 39.694 44.3597 5
      vertex 39.66 44.793 4.2
      vertex 39.66 44.793 5
    endloop
  endfacet
  facet normal 0.996936 0.0782271 0
    outer loop
      vertex 39.66 44.793 4.2
      vertex 39.694 44.3597 5
      vertex 39.694 44.3597 4.2
    endloop
  endfacet
  facet normal 1 -0 0
    outer loop
      vertex 39.694 43.8945 5
      vertex 39.694 44.3597 4.2
      vertex 39.694 44.3597 5
    endloop
  endfacet
  facet normal 1 0 0
    outer loop
      vertex 39.694 44.3597 4.2
      vertex 39.694 43.8945 5
      vertex 39.694 43.8945 4.2
    endloop
  endfacet
  facet normal 0 1 -0
    outer loop
      vertex 40.4346 43.8945 4.2
      vertex 39.694 43.8945 5
      vertex 40.4346 43.8945 5
    endloop
  endfacet
  facet normal 0 1 0
    outer loop
      vertex 39.694 43.8945 5
      vertex 40.4346 43.8945 4.2
      vertex 39.694 43.8945 4.2
    endloop
  endfacet
  facet normal -1 0 0
    outer loop
      vertex 40.4346 43.8945 4.2
      vertex 40.4346 44.3787 5
      vertex 40.4346 44.3787 4.2
    endloop
  endfacet
  facet normal -1 -0 0
    outer loop
      vertex 40.4346 44.3787 5
      vertex 40.4346 43.8945 4.2
      vertex 40.4346 43.8945 5
    endloop
  endfacet
  facet normal -0.997573 0.0696314 0
    outer loop
      vertex 40.4346 44.3787 4.2
      vertex 40.4686 44.8658 5
      vertex 40.4686 44.8658 4.2
    endloop
  endfacet
  facet normal -0.997573 0.0696314 0
    outer loop
      vertex 40.4686 44.8658 5
      vertex 40.4346 44.3787 4.2
      vertex 40.4346 44.3787 5
    endloop
  endfacet
  facet normal -0.969561 0.244848 0
    outer loop
      vertex 40.4686 44.8658 4.2
      vertex 40.5707 45.2701 5
      vertex 40.5707 45.2701 4.2
    endloop
  endfacet
  facet normal -0.969561 0.244848 0
    outer loop
      vertex 40.5707 45.2701 5
      vertex 40.4686 44.8658 4.2
      vertex 40.4686 44.8658 5
    endloop
  endfacet
  facet normal -0.883962 0.467559 0
    outer loop
      vertex 40.5707 45.2701 4.2
      vertex 40.7407 45.5915 5
      vertex 40.7407 45.5915 4.2
    endloop
  endfacet
  facet normal -0.883962 0.467559 0
    outer loop
      vertex 40.7407 45.5915 5
      vertex 40.5707 45.2701 4.2
      vertex 40.5707 45.2701 5
    endloop
  endfacet
  facet normal -0.711056 0.703135 0
    outer loop
      vertex 40.7407 45.5915 4.2
      vertex 40.9715 45.8249 5
      vertex 40.9715 45.8249 4.2
    endloop
  endfacet
  facet normal -0.711056 0.703135 0
    outer loop
      vertex 40.9715 45.8249 5
      vertex 40.7407 45.5915 4.2
      vertex 40.7407 45.5915 5
    endloop
  endfacet
  facet normal -0.442153 0.89694 0
    outer loop
      vertex 41.2555 45.9649 4.2
      vertex 40.9715 45.8249 5
      vertex 41.2555 45.9649 5
    endloop
  endfacet
  facet normal -0.442153 0.89694 0
    outer loop
      vertex 40.9715 45.8249 5
      vertex 41.2555 45.9649 4.2
      vertex 40.9715 45.8249 4.2
    endloop
  endfacet
  facet normal -0.137144 0.990551 0
    outer loop
      vertex 41.5928 46.0116 4.2
      vertex 41.2555 45.9649 5
      vertex 41.5928 46.0116 5
    endloop
  endfacet
  facet normal -0.137144 0.990551 0
    outer loop
      vertex 41.2555 45.9649 5
      vertex 41.5928 46.0116 4.2
      vertex 41.2555 45.9649 4.2
    endloop
  endfacet
  facet normal 0.106075 0.994358 -0
    outer loop
      vertex 41.9762 45.9707 4.2
      vertex 41.5928 46.0116 5
      vertex 41.9762 45.9707 5
    endloop
  endfacet
  facet normal 0.106075 0.994358 0
    outer loop
      vertex 41.5928 46.0116 5
      vertex 41.9762 45.9707 4.2
      vertex 41.5928 46.0116 4.2
    endloop
  endfacet
  facet normal 0.362803 0.931866 -0
    outer loop
      vertex 42.2911 45.8481 4.2
      vertex 41.9762 45.9707 5
      vertex 42.2911 45.8481 5
    endloop
  endfacet
  facet normal 0.362803 0.931866 0
    outer loop
      vertex 41.9762 45.9707 5
      vertex 42.2911 45.8481 4.2
      vertex 41.9762 45.9707 4.2
    endloop
  endfacet
  facet normal 0.638616 0.769526 -0
    outer loop
      vertex 42.5374 45.6437 4.2
      vertex 42.2911 45.8481 5
      vertex 42.5374 45.6437 5
    endloop
  endfacet
  facet normal 0.638616 0.769526 0
    outer loop
      vertex 42.2911 45.8481 5
      vertex 42.5374 45.6437 4.2
      vertex 42.2911 45.8481 4.2
    endloop
  endfacet
  facet normal 0.842277 0.539045 0
    outer loop
      vertex 42.7141 45.3676 5
      vertex 42.5374 45.6437 4.2
      vertex 42.5374 45.6437 5
    endloop
  endfacet
  facet normal 0.842277 0.539045 0
    outer loop
      vertex 42.5374 45.6437 4.2
      vertex 42.7141 45.3676 5
      vertex 42.7141 45.3676 4.2
    endloop
  endfacet
  facet normal 0.954128 0.299401 0
    outer loop
      vertex 42.8201 45.0298 5
      vertex 42.7141 45.3676 4.2
      vertex 42.7141 45.3676 5
    endloop
  endfacet
  facet normal 0.954128 0.299401 0
    outer loop
      vertex 42.7141 45.3676 4.2
      vertex 42.8201 45.0298 5
      vertex 42.8201 45.0298 4.2
    endloop
  endfacet
  facet normal 0.996119 0.0880175 0
    outer loop
      vertex 42.8554 44.6303 5
      vertex 42.8201 45.0298 4.2
      vertex 42.8201 45.0298 5
    endloop
  endfacet
  facet normal 0.996119 0.0880175 0
    outer loop
      vertex 42.8201 45.0298 4.2
      vertex 42.8554 44.6303 5
      vertex 42.8554 44.6303 4.2
    endloop
  endfacet
  facet normal 0.984245 -0.176807 0
    outer loop
      vertex 42.7236 43.8966 5
      vertex 42.8554 44.6303 4.2
      vertex 42.8554 44.6303 5
    endloop
  endfacet
  facet normal 0.984245 -0.176807 0
    outer loop
      vertex 42.8554 44.6303 4.2
      vertex 42.7236 43.8966 5
      vertex 42.7236 43.8966 4.2
    endloop
  endfacet
  facet normal 0.775357 -0.631524 0
    outer loop
      vertex 42.328 43.4109 5
      vertex 42.7236 43.8966 4.2
      vertex 42.7236 43.8966 5
    endloop
  endfacet
  facet normal 0.775357 -0.631524 0
    outer loop
      vertex 42.7236 43.8966 4.2
      vertex 42.328 43.4109 5
      vertex 42.328 43.4109 4.2
    endloop
  endfacet
  facet normal 0.339417 -0.940636 0
    outer loop
      vertex 41.6687 43.173 4.2
      vertex 42.328 43.4109 5
      vertex 41.6687 43.173 5
    endloop
  endfacet
  facet normal 0.339417 -0.940636 0
    outer loop
      vertex 42.328 43.4109 5
      vertex 41.6687 43.173 4.2
      vertex 42.328 43.4109 4.2
    endloop
  endfacet
  facet normal 0.99585 0.0910137 0
    outer loop
      vertex 41.7494 42.29 5
      vertex 41.6687 43.173 4.2
      vertex 41.6687 43.173 5
    endloop
  endfacet
  facet normal 0.99585 0.0910137 0
    outer loop
      vertex 41.6687 43.173 4.2
      vertex 41.7494 42.29 5
      vertex 41.7494 42.29 4.2
    endloop
  endfacet
  facet normal -0.231309 0.97288 0
    outer loop
      vertex 42.2987 42.4206 4.2
      vertex 41.7494 42.29 5
      vertex 42.2987 42.4206 5
    endloop
  endfacet
  facet normal -0.231309 0.97288 0
    outer loop
      vertex 41.7494 42.29 5
      vertex 42.2987 42.4206 4.2
      vertex 41.7494 42.29 4.2
    endloop
  endfacet
  facet normal -0.468669 0.883374 0
    outer loop
      vertex 42.7505 42.6603 4.2
      vertex 42.2987 42.4206 5
      vertex 42.7505 42.6603 5
    endloop
  endfacet
  facet normal -0.468669 0.883374 0
    outer loop
      vertex 42.2987 42.4206 5
      vertex 42.7505 42.6603 4.2
      vertex 42.2987 42.4206 4.2
    endloop
  endfacet
  facet normal -0.701857 0.712318 0
    outer loop
      vertex 43.1046 43.0092 4.2
      vertex 42.7505 42.6603 5
      vertex 43.1046 43.0092 5
    endloop
  endfacet
  facet normal -0.701857 0.712318 0
    outer loop
      vertex 42.7505 42.6603 5
      vertex 43.1046 43.0092 4.2
      vertex 42.7505 42.6603 4.2
    endloop
  endfacet
  facet normal -0.870014 0.493027 0
    outer loop
      vertex 43.1046 43.0092 4.2
      vertex 43.3591 43.4583 5
      vertex 43.3591 43.4583 4.2
    endloop
  endfacet
  facet normal -0.870014 0.493027 0
    outer loop
      vertex 43.3591 43.4583 5
      vertex 43.1046 43.0092 4.2
      vertex 43.1046 43.0092 5
    endloop
  endfacet
  facet normal -0.96232 0.271921 0
    outer loop
      vertex 43.3591 43.4583 4.2
      vertex 43.5118 43.9987 5
      vertex 43.5118 43.9987 4.2
    endloop
  endfacet
  facet normal -0.96232 0.271921 0
    outer loop
      vertex 43.5118 43.9987 5
      vertex 43.3591 43.4583 4.2
      vertex 43.3591 43.4583 5
    endloop
  endfacet
  facet normal -0.996768 0.0803286 0
    outer loop
      vertex 43.5118 43.9987 4.2
      vertex 43.5627 44.6303 5
      vertex 43.5627 44.6303 4.2
    endloop
  endfacet
  facet normal -0.996768 0.0803286 0
    outer loop
      vertex 43.5627 44.6303 5
      vertex 43.5118 43.9987 4.2
      vertex 43.5118 43.9987 5
    endloop
  endfacet
  facet normal -0.996495 -0.0836469 0
    outer loop
      vertex 43.5627 44.6303 4.2
      vertex 43.5063 45.3022 5
      vertex 43.5063 45.3022 4.2
    endloop
  endfacet
  facet normal -0.996495 -0.0836469 0
    outer loop
      vertex 43.5063 45.3022 5
      vertex 43.5627 44.6303 4.2
      vertex 43.5627 44.6303 5
    endloop
  endfacet
  facet normal 1 -0 0
    outer loop
      vertex 42.7416 59.1849 5
      vertex 42.7416 62.6739 4.2
      vertex 42.7416 62.6739 5
    endloop
  endfacet
  facet normal 1 0 0
    outer loop
      vertex 42.7416 62.6739 4.2
      vertex 42.7416 59.1849 5
      vertex 42.7416 59.1849 4.2
    endloop
  endfacet
  facet normal -0.455914 -0.890024 0
    outer loop
      vertex 42.5171 59.2999 4.2
      vertex 42.7416 59.1849 5
      vertex 42.5171 59.2999 5
    endloop
  endfacet
  facet normal -0.455914 -0.890024 -0
    outer loop
      vertex 42.7416 59.1849 5
      vertex 42.5171 59.2999 4.2
      vertex 42.7416 59.1849 4.2
    endloop
  endfacet
  facet normal -0.558519 -0.829491 0
    outer loop
      vertex 42.2869 59.4549 4.2
      vertex 42.5171 59.2999 5
      vertex 42.2869 59.4549 5
    endloop
  endfacet
  facet normal -0.558519 -0.829491 -0
    outer loop
      vertex 42.5171 59.2999 5
      vertex 42.2869 59.4549 4.2
      vertex 42.5171 59.2999 4.2
    endloop
  endfacet
  facet normal -0.637354 -0.770571 0
    outer loop
      vertex 42.0509 59.6501 4.2
      vertex 42.2869 59.4549 5
      vertex 42.0509 59.6501 5
    endloop
  endfacet
  facet normal -0.637354 -0.770571 -0
    outer loop
      vertex 42.2869 59.4549 5
      vertex 42.0509 59.6501 4.2
      vertex 42.2869 59.4549 4.2
    endloop
  endfacet
  facet normal -0.694259 -0.719726 0
    outer loop
      vertex 41.8022 59.89 4.2
      vertex 42.0509 59.6501 5
      vertex 41.8022 59.89 5
    endloop
  endfacet
  facet normal -0.694259 -0.719726 -0
    outer loop
      vertex 42.0509 59.6501 5
      vertex 41.8022 59.89 4.2
      vertex 42.0509 59.6501 4.2
    endloop
  endfacet
  facet normal -0.733695 -0.679479 0
    outer loop
      vertex 41.8022 59.89 4.2
      vertex 41.534 60.1796 5
      vertex 41.534 60.1796 4.2
    endloop
  endfacet
  facet normal -0.733695 -0.679479 0
    outer loop
      vertex 41.534 60.1796 5
      vertex 41.8022 59.89 4.2
      vertex 41.8022 59.89 5
    endloop
  endfacet
  facet normal -0.762627 -0.646839 0
    outer loop
      vertex 41.534 60.1796 4.2
      vertex 41.2463 60.5188 5
      vertex 41.2463 60.5188 4.2
    endloop
  endfacet
  facet normal -0.762627 -0.646839 0
    outer loop
      vertex 41.2463 60.5188 5
      vertex 41.534 60.1796 4.2
      vertex 41.534 60.1796 5
    endloop
  endfacet
  facet normal -0.768755 -0.639544 0
    outer loop
      vertex 41.2463 60.5188 4.2
      vertex 40.7553 61.109 5
      vertex 40.7553 61.109 4.2
    endloop
  endfacet
  facet normal -0.768755 -0.639544 0
    outer loop
      vertex 40.7553 61.109 5
      vertex 41.2463 60.5188 4.2
      vertex 41.2463 60.5188 5
    endloop
  endfacet
  facet normal -0.748109 -0.663575 0
    outer loop
      vertex 40.7553 61.109 4.2
      vertex 40.3581 61.5568 5
      vertex 40.3581 61.5568 4.2
    endloop
  endfacet
  facet normal -0.748109 -0.663575 0
    outer loop
      vertex 40.3581 61.5568 5
      vertex 40.7553 61.109 4.2
      vertex 40.7553 61.109 5
    endloop
  endfacet
  facet normal -0.709427 -0.704779 0
    outer loop
      vertex 40.3581 61.5568 4.2
      vertex 40.0548 61.8621 5
      vertex 40.0548 61.8621 4.2
    endloop
  endfacet
  facet normal -0.709427 -0.704779 0
    outer loop
      vertex 40.0548 61.8621 5
      vertex 40.3581 61.5568 4.2
      vertex 40.3581 61.5568 5
    endloop
  endfacet
  facet normal -0.64268 -0.766135 0
    outer loop
      vertex 39.7985 62.0771 4.2
      vertex 40.0548 61.8621 5
      vertex 39.7985 62.0771 5
    endloop
  endfacet
  facet normal -0.64268 -0.766135 -0
    outer loop
      vertex 40.0548 61.8621 5
      vertex 39.7985 62.0771 4.2
      vertex 40.0548 61.8621 4.2
    endloop
  endfacet
  facet normal -0.566802 -0.823854 0
    outer loop
      vertex 39.5421 62.2535 4.2
      vertex 39.7985 62.0771 5
      vertex 39.5421 62.2535 5
    endloop
  endfacet
  facet normal -0.566802 -0.823854 -0
    outer loop
      vertex 39.7985 62.0771 5
      vertex 39.5421 62.2535 4.2
      vertex 39.7985 62.0771 4.2
    endloop
  endfacet
  facet normal -0.473813 -0.880626 0
    outer loop
      vertex 39.2858 62.3914 4.2
      vertex 39.5421 62.2535 5
      vertex 39.2858 62.3914 5
    endloop
  endfacet
  facet normal -0.473813 -0.880626 -0
    outer loop
      vertex 39.5421 62.2535 5
      vertex 39.2858 62.3914 4.2
      vertex 39.5421 62.2535 4.2
    endloop
  endfacet
  facet normal -0.359271 -0.933233 0
    outer loop
      vertex 39.0289 62.4903 4.2
      vertex 39.2858 62.3914 5
      vertex 39.0289 62.4903 5
    endloop
  endfacet
  facet normal -0.359271 -0.933233 -0
    outer loop
      vertex 39.2858 62.3914 5
      vertex 39.0289 62.4903 4.2
      vertex 39.2858 62.3914 4.2
    endloop
  endfacet
  facet normal -0.224087 -0.974569 0
    outer loop
      vertex 38.771 62.5496 4.2
      vertex 39.0289 62.4903 5
      vertex 38.771 62.5496 5
    endloop
  endfacet
  facet normal -0.224087 -0.974569 -0
    outer loop
      vertex 39.0289 62.4903 5
      vertex 38.771 62.5496 4.2
      vertex 39.0289 62.4903 4.2
    endloop
  endfacet
  facet normal -0.0762547 -0.997088 0
    outer loop
      vertex 38.5121 62.5694 4.2
      vertex 38.771 62.5496 5
      vertex 38.5121 62.5694 5
    endloop
  endfacet
  facet normal -0.0762547 -0.997088 -0
    outer loop
      vertex 38.771 62.5496 5
      vertex 38.5121 62.5694 4.2
      vertex 38.771 62.5496 4.2
    endloop
  endfacet
  facet normal 0.110976 -0.993823 0
    outer loop
      vertex 37.9712 62.509 4.2
      vertex 38.5121 62.5694 5
      vertex 37.9712 62.509 5
    endloop
  endfacet
  facet normal 0.110976 -0.993823 0
    outer loop
      vertex 38.5121 62.5694 5
      vertex 37.9712 62.509 4.2
      vertex 38.5121 62.5694 4.2
    endloop
  endfacet
  facet normal 0.372241 -0.928136 0
    outer loop
      vertex 37.5194 62.3278 4.2
      vertex 37.9712 62.509 5
      vertex 37.5194 62.3278 5
    endloop
  endfacet
  facet normal 0.372241 -0.928136 0
    outer loop
      vertex 37.9712 62.509 5
      vertex 37.5194 62.3278 4.2
      vertex 37.9712 62.509 4.2
    endloop
  endfacet
  facet normal 0.639851 -0.768499 0
    outer loop
      vertex 37.1568 62.0259 4.2
      vertex 37.5194 62.3278 5
      vertex 37.1568 62.0259 5
    endloop
  endfacet
  facet normal 0.639851 -0.768499 0
    outer loop
      vertex 37.5194 62.3278 5
      vertex 37.1568 62.0259 4.2
      vertex 37.5194 62.3278 4.2
    endloop
  endfacet
  facet normal 0.842412 -0.538834 0
    outer loop
      vertex 36.8918 61.6116 5
      vertex 37.1568 62.0259 4.2
      vertex 37.1568 62.0259 5
    endloop
  endfacet
  facet normal 0.842412 -0.538834 0
    outer loop
      vertex 37.1568 62.0259 4.2
      vertex 36.8918 61.6116 5
      vertex 36.8918 61.6116 4.2
    endloop
  endfacet
  facet normal 0.95601 -0.293334 0
    outer loop
      vertex 36.7328 61.0934 5
      vertex 36.8918 61.6116 4.2
      vertex 36.8918 61.6116 5
    endloop
  endfacet
  facet normal 0.95601 -0.293334 0
    outer loop
      vertex 36.8918 61.6116 4.2
      vertex 36.7328 61.0934 5
      vertex 36.7328 61.0934 4.2
    endloop
  endfacet
  facet normal 0.996391 -0.0848878 0
    outer loop
      vertex 36.6798 60.4713 5
      vertex 36.7328 61.0934 4.2
      vertex 36.7328 61.0934 5
    endloop
  endfacet
  facet normal 0.996391 -0.0848878 0
    outer loop
      vertex 36.7328 61.0934 4.2
      vertex 36.6798 60.4713 5
      vertex 36.6798 60.4713 4.2
    endloop
  endfacet
  facet normal 0.995852 0.0909872 0
    outer loop
      vertex 36.7325 59.8945 5
      vertex 36.6798 60.4713 4.2
      vertex 36.6798 60.4713 5
    endloop
  endfacet
  facet normal 0.995852 0.0909872 0
    outer loop
      vertex 36.6798 60.4713 4.2
      vertex 36.7325 59.8945 5
      vertex 36.7325 59.8945 4.2
    endloop
  endfacet
  facet normal 0.953758 0.300577 0
    outer loop
      vertex 36.8908 59.3922 5
      vertex 36.7325 59.8945 4.2
      vertex 36.7325 59.8945 5
    endloop
  endfacet
  facet normal 0.953758 0.300577 0
    outer loop
      vertex 36.7325 59.8945 4.2
      vertex 36.8908 59.3922 5
      vertex 36.8908 59.3922 4.2
    endloop
  endfacet
  facet normal 0.851433 0.524464 0
    outer loop
      vertex 37.1545 58.9641 5
      vertex 36.8908 59.3922 4.2
      vertex 36.8908 59.3922 5
    endloop
  endfacet
  facet normal 0.851433 0.524464 0
    outer loop
      vertex 36.8908 59.3922 4.2
      vertex 37.1545 58.9641 5
      vertex 37.1545 58.9641 4.2
    endloop
  endfacet
  facet normal 0.689768 0.724031 -0
    outer loop
      vertex 37.5074 58.6279 4.2
      vertex 37.1545 58.9641 5
      vertex 37.5074 58.6279 5
    endloop
  endfacet
  facet normal 0.689768 0.724031 0
    outer loop
      vertex 37.1545 58.9641 5
      vertex 37.5074 58.6279 4.2
      vertex 37.1545 58.9641 4.2
    endloop
  endfacet
  facet normal 0.470771 0.882255 -0
    outer loop
      vertex 37.933 58.4008 4.2
      vertex 37.5074 58.6279 5
      vertex 37.933 58.4008 5
    endloop
  endfacet
  facet normal 0.470771 0.882255 0
    outer loop
      vertex 37.5074 58.6279 5
      vertex 37.933 58.4008 4.2
      vertex 37.5074 58.6279 4.2
    endloop
  endfacet
  facet normal 0.230019 0.973186 -0
    outer loop
      vertex 38.4314 58.283 4.2
      vertex 37.933 58.4008 5
      vertex 38.4314 58.283 5
    endloop
  endfacet
  facet normal 0.230019 0.973186 0
    outer loop
      vertex 37.933 58.4008 5
      vertex 38.4314 58.283 4.2
      vertex 37.933 58.4008 4.2
    endloop
  endfacet
  facet normal -0.995758 0.0920056 0
    outer loop
      vertex 38.4314 58.283 4.2
      vertex 38.5121 59.1564 5
      vertex 38.5121 59.1564 4.2
    endloop
  endfacet
  facet normal -0.995758 0.0920056 0
    outer loop
      vertex 38.5121 59.1564 5
      vertex 38.4314 58.283 4.2
      vertex 38.4314 58.283 5
    endloop
  endfacet
  facet normal -0.217055 -0.976159 0
    outer loop
      vertex 38.1811 59.23 4.2
      vertex 38.5121 59.1564 5
      vertex 38.1811 59.23 5
    endloop
  endfacet
  facet normal -0.217055 -0.976159 -0
    outer loop
      vertex 38.5121 59.1564 5
      vertex 38.1811 59.23 4.2
      vertex 38.5121 59.1564 4.2
    endloop
  endfacet
  facet normal -0.446053 -0.895007 0
    outer loop
      vertex 37.9034 59.3684 4.2
      vertex 38.1811 59.23 5
      vertex 37.9034 59.3684 5
    endloop
  endfacet
  facet normal -0.446053 -0.895007 -0
    outer loop
      vertex 38.1811 59.23 5
      vertex 37.9034 59.3684 4.2
      vertex 38.1811 59.23 4.2
    endloop
  endfacet
  facet normal -0.671406 -0.74109 0
    outer loop
      vertex 37.679 59.5717 4.2
      vertex 37.9034 59.3684 5
      vertex 37.679 59.5717 5
    endloop
  endfacet
  facet normal -0.671406 -0.74109 -0
    outer loop
      vertex 37.9034 59.3684 5
      vertex 37.679 59.5717 4.2
      vertex 37.9034 59.3684 4.2
    endloop
  endfacet
  facet normal -0.841986 -0.5395 0
    outer loop
      vertex 37.679 59.5717 4.2
      vertex 37.5142 59.8289 5
      vertex 37.5142 59.8289 4.2
    endloop
  endfacet
  facet normal -0.841986 -0.5395 0
    outer loop
      vertex 37.5142 59.8289 5
      vertex 37.679 59.5717 4.2
      vertex 37.679 59.5717 5
    endloop
  endfacet
  facet normal -0.949661 -0.31328 0
    outer loop
      vertex 37.5142 59.8289 4.2
      vertex 37.4153 60.1287 5
      vertex 37.4153 60.1287 4.2
    endloop
  endfacet
  facet normal -0.949661 -0.31328 0
    outer loop
      vertex 37.4153 60.1287 5
      vertex 37.5142 59.8289 4.2
      vertex 37.5142 59.8289 5
    endloop
  endfacet
  facet normal -0.995393 -0.0958785 0
    outer loop
      vertex 37.4153 60.1287 4.2
      vertex 37.3823 60.4713 5
      vertex 37.3823 60.4713 4.2
    endloop
  endfacet
  facet normal -0.995393 -0.0958785 0
    outer loop
      vertex 37.3823 60.4713 5
      vertex 37.4153 60.1287 4.2
      vertex 37.4153 60.1287 5
    endloop
  endfacet
  facet normal -0.995522 0.0945311 0
    outer loop
      vertex 37.3823 60.4713 4.2
      vertex 37.416 60.8262 5
      vertex 37.416 60.8262 4.2
    endloop
  endfacet
  facet normal -0.995522 0.0945311 0
    outer loop
      vertex 37.416 60.8262 5
      vertex 37.3823 60.4713 4.2
      vertex 37.3823 60.4713 5
    endloop
  endfacet
  facet normal -0.947152 0.320784 0
    outer loop
      vertex 37.416 60.8262 4.2
      vertex 37.5173 61.1253 5
      vertex 37.5173 61.1253 4.2
    endloop
  endfacet
  facet normal -0.947152 0.320784 0
    outer loop
      vertex 37.5173 61.1253 5
      vertex 37.416 60.8262 4.2
      vertex 37.416 60.8262 5
    endloop
  endfacet
  facet normal -0.821401 0.570351 0
    outer loop
      vertex 37.5173 61.1253 4.2
      vertex 37.6861 61.3684 5
      vertex 37.6861 61.3684 4.2
    endloop
  endfacet
  facet normal -0.821401 0.570351 0
    outer loop
      vertex 37.6861 61.3684 5
      vertex 37.5173 61.1253 4.2
      vertex 37.5173 61.1253 5
    endloop
  endfacet
  facet normal -0.615032 0.788502 0
    outer loop
      vertex 37.9161 61.5478 4.2
      vertex 37.6861 61.3684 5
      vertex 37.9161 61.5478 5
    endloop
  endfacet
  facet normal -0.615032 0.788502 0
    outer loop
      vertex 37.6861 61.3684 5
      vertex 37.9161 61.5478 4.2
      vertex 37.6861 61.3684 4.2
    endloop
  endfacet
  facet normal -0.353426 0.935462 0
    outer loop
      vertex 38.2009 61.6554 4.2
      vertex 37.9161 61.5478 5
      vertex 38.2009 61.6554 5
    endloop
  endfacet
  facet normal -0.353426 0.935462 0
    outer loop
      vertex 37.9161 61.5478 5
      vertex 38.2009 61.6554 4.2
      vertex 37.9161 61.5478 4.2
    endloop
  endfacet
  facet normal -0.105096 0.994462 0
    outer loop
      vertex 38.5406 61.6913 4.2
      vertex 38.2009 61.6554 5
      vertex 38.5406 61.6913 5
    endloop
  endfacet
  facet normal -0.105096 0.994462 0
    outer loop
      vertex 38.2009 61.6554 5
      vertex 38.5406 61.6913 4.2
      vertex 38.2009 61.6554 4.2
    endloop
  endfacet
  facet normal 0.0793378 0.996848 -0
    outer loop
      vertex 38.8032 61.6704 4.2
      vertex 38.5406 61.6913 5
      vertex 38.8032 61.6704 5
    endloop
  endfacet
  facet normal 0.0793378 0.996848 0
    outer loop
      vertex 38.5406 61.6913 5
      vertex 38.8032 61.6704 4.2
      vertex 38.5406 61.6913 4.2
    endloop
  endfacet
  facet normal 0.248423 0.968652 -0
    outer loop
      vertex 39.0469 61.6079 4.2
      vertex 38.8032 61.6704 5
      vertex 39.0469 61.6079 5
    endloop
  endfacet
  facet normal 0.248423 0.968652 0
    outer loop
      vertex 38.8032 61.6704 5
      vertex 39.0469 61.6079 4.2
      vertex 38.8032 61.6704 4.2
    endloop
  endfacet
  facet normal 0.420696 0.907202 -0
    outer loop
      vertex 39.2716 61.5037 4.2
      vertex 39.0469 61.6079 5
      vertex 39.2716 61.5037 5
    endloop
  endfacet
  facet normal 0.420696 0.907202 0
    outer loop
      vertex 39.0469 61.6079 5
      vertex 39.2716 61.5037 4.2
      vertex 39.0469 61.6079 4.2
    endloop
  endfacet
  facet normal 0.545266 0.838263 -0
    outer loop
      vertex 39.4836 61.3658 4.2
      vertex 39.2716 61.5037 5
      vertex 39.4836 61.3658 5
    endloop
  endfacet
  facet normal 0.545266 0.838263 0
    outer loop
      vertex 39.2716 61.5037 5
      vertex 39.4836 61.3658 4.2
      vertex 39.2716 61.5037 4.2
    endloop
  endfacet
  facet normal 0.622931 0.782277 -0
    outer loop
      vertex 39.6893 61.202 4.2
      vertex 39.4836 61.3658 5
      vertex 39.6893 61.202 5
    endloop
  endfacet
  facet normal 0.622931 0.782277 0
    outer loop
      vertex 39.4836 61.3658 5
      vertex 39.6893 61.202 4.2
      vertex 39.4836 61.3658 4.2
    endloop
  endfacet
  facet normal 0.689074 0.724691 -0
    outer loop
      vertex 39.8887 61.0124 4.2
      vertex 39.6893 61.202 5
      vertex 39.8887 61.0124 5
    endloop
  endfacet
  facet normal 0.689074 0.724691 0
    outer loop
      vertex 39.6893 61.202 5
      vertex 39.8887 61.0124 4.2
      vertex 39.6893 61.202 4.2
    endloop
  endfacet
  facet normal 0.73184 0.681476 0
    outer loop
      vertex 40.0849 60.8017 5
      vertex 39.8887 61.0124 4.2
      vertex 39.8887 61.0124 5
    endloop
  endfacet
  facet normal 0.73184 0.681476 0
    outer loop
      vertex 39.8887 61.0124 4.2
      vertex 40.0849 60.8017 5
      vertex 40.0849 60.8017 4.2
    endloop
  endfacet
  facet normal 0.756711 0.65375 0
    outer loop
      vertex 40.2811 60.5746 5
      vertex 40.0849 60.8017 4.2
      vertex 40.0849 60.8017 5
    endloop
  endfacet
  facet normal 0.756711 0.65375 0
    outer loop
      vertex 40.0849 60.8017 4.2
      vertex 40.2811 60.5746 5
      vertex 40.2811 60.5746 4.2
    endloop
  endfacet
  facet normal 0.778554 0.627577 0
    outer loop
      vertex 40.4773 60.3312 5
      vertex 40.2811 60.5746 4.2
      vertex 40.2811 60.5746 5
    endloop
  endfacet
  facet normal 0.778554 0.627577 0
    outer loop
      vertex 40.2811 60.5746 4.2
      vertex 40.4773 60.3312 5
      vertex 40.4773 60.3312 4.2
    endloop
  endfacet
  facet normal 0.78108 0.624431 0
    outer loop
      vertex 40.679 60.0789 5
      vertex 40.4773 60.3312 4.2
      vertex 40.4773 60.3312 5
    endloop
  endfacet
  facet normal 0.78108 0.624431 0
    outer loop
      vertex 40.4773 60.3312 4.2
      vertex 40.679 60.0789 5
      vertex 40.679 60.0789 4.2
    endloop
  endfacet
  facet normal 0.766537 0.642201 0
    outer loop
      vertex 40.8918 59.8249 5
      vertex 40.679 60.0789 4.2
      vertex 40.679 60.0789 5
    endloop
  endfacet
  facet normal 0.766537 0.642201 0
    outer loop
      vertex 40.679 60.0789 4.2
      vertex 40.8918 59.8249 5
      vertex 40.8918 59.8249 4.2
    endloop
  endfacet
  facet normal 0.752084 0.659067 0
    outer loop
      vertex 41.1157 59.5694 5
      vertex 40.8918 59.8249 4.2
      vertex 40.8918 59.8249 5
    endloop
  endfacet
  facet normal 0.752084 0.659067 0
    outer loop
      vertex 40.8918 59.8249 4.2
      vertex 41.1157 59.5694 5
      vertex 41.1157 59.5694 4.2
    endloop
  endfacet
  facet normal 0.726981 0.686657 0
    outer loop
      vertex 41.3541 59.317 5
      vertex 41.1157 59.5694 4.2
      vertex 41.1157 59.5694 5
    endloop
  endfacet
  facet normal 0.726981 0.686657 0
    outer loop
      vertex 41.1157 59.5694 4.2
      vertex 41.3541 59.317 5
      vertex 41.3541 59.317 4.2
    endloop
  endfacet
  facet normal 0.690113 0.723701 -0
    outer loop
      vertex 41.6105 59.0725 4.2
      vertex 41.3541 59.317 5
      vertex 41.6105 59.0725 5
    endloop
  endfacet
  facet normal 0.690113 0.723701 0
    outer loop
      vertex 41.3541 59.317 5
      vertex 41.6105 59.0725 4.2
      vertex 41.3541 59.317 4.2
    endloop
  endfacet
  facet normal 0.652994 0.757363 -0
    outer loop
      vertex 41.8848 58.836 4.2
      vertex 41.6105 59.0725 5
      vertex 41.8848 58.836 5
    endloop
  endfacet
  facet normal 0.652994 0.757363 0
    outer loop
      vertex 41.6105 59.0725 5
      vertex 41.8848 58.836 4.2
      vertex 41.6105 59.0725 4.2
    endloop
  endfacet
  facet normal 0.595718 0.803194 -0
    outer loop
      vertex 42.1825 58.6152 4.2
      vertex 41.8848 58.836 5
      vertex 42.1825 58.6152 5
    endloop
  endfacet
  facet normal 0.595718 0.803194 0
    outer loop
      vertex 41.8848 58.836 5
      vertex 42.1825 58.6152 4.2
      vertex 41.8848 58.836 4.2
    endloop
  endfacet
  facet normal 0.516191 0.856473 -0
    outer loop
      vertex 42.5092 58.4183 4.2
      vertex 42.1825 58.6152 5
      vertex 42.5092 58.4183 5
    endloop
  endfacet
  facet normal 0.516191 0.856473 0
    outer loop
      vertex 42.1825 58.6152 5
      vertex 42.5092 58.4183 4.2
      vertex 42.1825 58.6152 4.2
    endloop
  endfacet
  facet normal 0.437891 0.899028 -0
    outer loop
      vertex 42.865 58.245 4.2
      vertex 42.5092 58.4183 5
      vertex 42.865 58.245 5
    endloop
  endfacet
  facet normal 0.437891 0.899028 0
    outer loop
      vertex 42.5092 58.4183 5
      vertex 42.865 58.245 4.2
      vertex 42.5092 58.4183 4.2
    endloop
  endfacet
  facet normal 0 1 -0
    outer loop
      vertex 43.4678 58.245 4.2
      vertex 42.865 58.245 5
      vertex 43.4678 58.245 5
    endloop
  endfacet
  facet normal 0 1 0
    outer loop
      vertex 42.865 58.245 5
      vertex 43.4678 58.245 4.2
      vertex 42.865 58.245 4.2
    endloop
  endfacet
  facet normal -1 0 0
    outer loop
      vertex 43.4678 58.245 4.2
      vertex 43.4678 62.6739 5
      vertex 43.4678 62.6739 4.2
    endloop
  endfacet
  facet normal -1 -0 0
    outer loop
      vertex 43.4678 62.6739 5
      vertex 43.4678 58.245 4.2
      vertex 43.4678 58.245 5
    endloop
  endfacet
  facet normal 0 -1 0
    outer loop
      vertex 42.7416 62.6739 4.2
      vertex 43.4678 62.6739 5
      vertex 42.7416 62.6739 5
    endloop
  endfacet
  facet normal 0 -1 -0
    outer loop
      vertex 43.4678 62.6739 5
      vertex 42.7416 62.6739 4.2
      vertex 43.4678 62.6739 4.2
    endloop
  endfacet
  facet normal 1 -0 0
    outer loop
      vertex 42.7416 53.1418 5
      vertex 42.7416 54.7699 4.2
      vertex 42.7416 54.7699 5
    endloop
  endfacet
  facet normal 1 0 0
    outer loop
      vertex 42.7416 54.7699 4.2
      vertex 42.7416 53.1418 5
      vertex 42.7416 53.1418 4.2
    endloop
  endfacet
  facet normal 0 -1 0
    outer loop
      vertex 36.7795 53.1418 4.2
      vertex 42.7416 53.1418 5
      vertex 36.7795 53.1418 5
    endloop
  endfacet
  facet normal 0 -1 -0
    outer loop
      vertex 42.7416 53.1418 5
      vertex 36.7795 53.1418 4.2
      vertex 42.7416 53.1418 4.2
    endloop
  endfacet
  facet normal 1 -0 0
    outer loop
      vertex 36.7795 52.3538 5
      vertex 36.7795 53.1418 4.2
      vertex 36.7795 53.1418 5
    endloop
  endfacet
  facet normal 1 0 0
    outer loop
      vertex 36.7795 53.1418 4.2
      vertex 36.7795 52.3538 5
      vertex 36.7795 52.3538 4.2
    endloop
  endfacet
  facet normal 0.823977 0.566624 0
    outer loop
      vertex 37.8665 50.7731 5
      vertex 36.7795 52.3538 4.2
      vertex 36.7795 52.3538 5
    endloop
  endfacet
  facet normal 0.823977 0.566624 0
    outer loop
      vertex 36.7795 52.3538 4.2
      vertex 37.8665 50.7731 5
      vertex 37.8665 50.7731 4.2
    endloop
  endfacet
  facet normal 0 1 -0
    outer loop
      vertex 38.6735 50.7731 4.2
      vertex 37.8665 50.7731 5
      vertex 38.6735 50.7731 5
    endloop
  endfacet
  facet normal 0 1 0
    outer loop
      vertex 37.8665 50.7731 5
      vertex 38.6735 50.7731 4.2
      vertex 37.8665 50.7731 4.2
    endloop
  endfacet
  facet normal -0.813872 -0.581044 0
    outer loop
      vertex 38.6735 50.7731 4.2
      vertex 37.5959 52.2825 5
      vertex 37.5959 52.2825 4.2
    endloop
  endfacet
  facet normal -0.813872 -0.581044 0
    outer loop
      vertex 37.5959 52.2825 5
      vertex 38.6735 50.7731 4.2
      vertex 38.6735 50.7731 5
    endloop
  endfacet
  facet normal 0 1 -0
    outer loop
      vertex 42.7416 52.2825 4.2
      vertex 37.5959 52.2825 5
      vertex 42.7416 52.2825 5
    endloop
  endfacet
  facet normal 0 1 0
    outer loop
      vertex 37.5959 52.2825 5
      vertex 42.7416 52.2825 4.2
      vertex 37.5959 52.2825 4.2
    endloop
  endfacet
  facet normal 1 -0 0
    outer loop
      vertex 42.7416 50.5785 5
      vertex 42.7416 52.2825 4.2
      vertex 42.7416 52.2825 5
    endloop
  endfacet
  facet normal 1 0 0
    outer loop
      vertex 42.7416 52.2825 4.2
      vertex 42.7416 50.5785 5
      vertex 42.7416 50.5785 4.2
    endloop
  endfacet
  facet normal 0 1 -0
    outer loop
      vertex 43.4678 50.5785 4.2
      vertex 42.7416 50.5785 5
      vertex 43.4678 50.5785 5
    endloop
  endfacet
  facet normal 0 1 0
    outer loop
      vertex 42.7416 50.5785 5
      vertex 43.4678 50.5785 4.2
      vertex 42.7416 50.5785 4.2
    endloop
  endfacet
  facet normal -1 0 0
    outer loop
      vertex 43.4678 50.5785 4.2
      vertex 43.4678 54.7699 5
      vertex 43.4678 54.7699 4.2
    endloop
  endfacet
  facet normal -1 -0 0
    outer loop
      vertex 43.4678 54.7699 5
      vertex 43.4678 50.5785 4.2
      vertex 43.4678 50.5785 5
    endloop
  endfacet
  facet normal 0 -1 0
    outer loop
      vertex 42.7416 54.7699 4.2
      vertex 43.4678 54.7699 5
      vertex 42.7416 54.7699 5
    endloop
  endfacet
  facet normal 0 -1 -0
    outer loop
      vertex 43.4678 54.7699 5
      vertex 42.7416 54.7699 4.2
      vertex 43.4678 54.7699 4.2
    endloop
  endfacet
  facet normal 1 -0 0
    outer loop
      vertex 36.7795 65.201 5
      vertex 36.7795 66.0743 4.2
      vertex 36.7795 66.0743 5
    endloop
  endfacet
  facet normal 1 0 0
    outer loop
      vertex 36.7795 66.0743 4.2
      vertex 36.7795 65.201 5
      vertex 36.7795 65.201 4.2
    endloop
  endfacet
  facet normal -0.0450844 0.998983 0
    outer loop
      vertex 38.8823 65.2959 4.2
      vertex 36.7795 65.201 5
      vertex 38.8823 65.2959 5
    endloop
  endfacet
  facet normal -0.0450844 0.998983 0
    outer loop
      vertex 36.7795 65.201 5
      vertex 38.8823 65.2959 4.2
      vertex 36.7795 65.201 4.2
    endloop
  endfacet
  facet normal -1 0 0
    outer loop
      vertex 38.8823 65.2959 4.2
      vertex 38.8823 65.9699 5
      vertex 38.8823 65.9699 4.2
    endloop
  endfacet
  facet normal -1 -0 0
    outer loop
      vertex 38.8823 65.9699 5
      vertex 38.8823 65.2959 4.2
      vertex 38.8823 65.2959 5
    endloop
  endfacet
  facet normal -0.049587 -0.99877 0
    outer loop
      vertex 36.7795 66.0743 4.2
      vertex 38.8823 65.9699 5
      vertex 36.7795 66.0743 5
    endloop
  endfacet
  facet normal -0.049587 -0.99877 -0
    outer loop
      vertex 38.8823 65.9699 5
      vertex 36.7795 66.0743 4.2
      vertex 38.8823 65.9699 4.2
    endloop
  endfacet
  facet normal 1 -0 0
    outer loop
      vertex 36.7795 63.4494 5
      vertex 36.7795 64.3227 4.2
      vertex 36.7795 64.3227 5
    endloop
  endfacet
  facet normal 1 0 0
    outer loop
      vertex 36.7795 64.3227 4.2
      vertex 36.7795 63.4494 5
      vertex 36.7795 63.4494 4.2
    endloop
  endfacet
  facet normal -0.0473124 0.99888 0
    outer loop
      vertex 38.8823 63.549 4.2
      vertex 36.7795 63.4494 5
      vertex 38.8823 63.549 5
    endloop
  endfacet
  facet normal -0.0473124 0.99888 0
    outer loop
      vertex 36.7795 63.4494 5
      vertex 38.8823 63.549 4.2
      vertex 36.7795 63.4494 4.2
    endloop
  endfacet
  facet normal -1 0 0
    outer loop
      vertex 38.8823 63.549 4.2
      vertex 38.8823 64.2183 5
      vertex 38.8823 64.2183 4.2
    endloop
  endfacet
  facet normal -1 -0 0
    outer loop
      vertex 38.8823 64.2183 5
      vertex 38.8823 63.549 4.2
      vertex 38.8823 63.549 5
    endloop
  endfacet
  facet normal -0.049587 -0.99877 0
    outer loop
      vertex 36.7795 64.3227 4.2
      vertex 38.8823 64.2183 5
      vertex 36.7795 64.3227 5
    endloop
  endfacet
  facet normal -0.049587 -0.99877 -0
    outer loop
      vertex 38.8823 64.2183 5
      vertex 36.7795 64.3227 4.2
      vertex 38.8823 64.2183 4.2
    endloop
  endfacet
  facet normal -0.944376 -0.328867 0
    outer loop
      vertex 43.4952 79.7442 4.2
      vertex 43.2927 80.3257 5
      vertex 43.2927 80.3257 4.2
    endloop
  endfacet
  facet normal -0.944376 -0.328867 0
    outer loop
      vertex 43.2927 80.3257 5
      vertex 43.4952 79.7442 4.2
      vertex 43.4952 79.7442 5
    endloop
  endfacet
  facet normal -0.814175 -0.58062 0
    outer loop
      vertex 43.2927 80.3257 4.2
      vertex 42.9551 80.7991 5
      vertex 42.9551 80.7991 4.2
    endloop
  endfacet
  facet normal -0.814175 -0.58062 0
    outer loop
      vertex 42.9551 80.7991 5
      vertex 43.2927 80.3257 4.2
      vertex 43.2927 80.3257 5
    endloop
  endfacet
  facet normal -0.608969 -0.793194 0
    outer loop
      vertex 42.5 81.1485 4.2
      vertex 42.9551 80.7991 5
      vertex 42.5 81.1485 5
    endloop
  endfacet
  facet normal -0.608969 -0.793194 -0
    outer loop
      vertex 42.9551 80.7991 5
      vertex 42.5 81.1485 4.2
      vertex 42.9551 80.7991 4.2
    endloop
  endfacet
  facet normal -0.353227 -0.935538 0
    outer loop
      vertex 41.9446 81.3582 4.2
      vertex 42.5 81.1485 5
      vertex 41.9446 81.3582 5
    endloop
  endfacet
  facet normal -0.353227 -0.935538 -0
    outer loop
      vertex 42.5 81.1485 5
      vertex 41.9446 81.3582 4.2
      vertex 42.5 81.1485 4.2
    endloop
  endfacet
  facet normal -0.106019 -0.994364 0
    outer loop
      vertex 41.289 81.4281 4.2
      vertex 41.9446 81.3582 5
      vertex 41.289 81.4281 5
    endloop
  endfacet
  facet normal -0.106019 -0.994364 -0
    outer loop
      vertex 41.9446 81.3582 5
      vertex 41.289 81.4281 4.2
      vertex 41.9446 81.3582 4.2
    endloop
  endfacet
  facet normal 0.111482 -0.993766 0
    outer loop
      vertex 40.7078 81.3629 4.2
      vertex 41.289 81.4281 5
      vertex 40.7078 81.3629 5
    endloop
  endfacet
  facet normal 0.111482 -0.993766 0
    outer loop
      vertex 41.289 81.4281 5
      vertex 40.7078 81.3629 4.2
      vertex 41.289 81.4281 4.2
    endloop
  endfacet
  facet normal 0.361981 -0.932185 0
    outer loop
      vertex 40.2046 81.1675 4.2
      vertex 40.7078 81.3629 5
      vertex 40.2046 81.1675 5
    endloop
  endfacet
  facet normal 0.361981 -0.932185 0
    outer loop
      vertex 40.7078 81.3629 5
      vertex 40.2046 81.1675 4.2
      vertex 40.7078 81.3629 4.2
    endloop
  endfacet
  facet normal 0.608185 -0.793796 0
    outer loop
      vertex 39.7795 80.8418 4.2
      vertex 40.2046 81.1675 5
      vertex 39.7795 80.8418 5
    endloop
  endfacet
  facet normal 0.608185 -0.793796 0
    outer loop
      vertex 40.2046 81.1675 5
      vertex 39.7795 80.8418 4.2
      vertex 40.2046 81.1675 4.2
    endloop
  endfacet
  facet normal 0.80428 -0.594251 0
    outer loop
      vertex 39.4578 80.4064 5
      vertex 39.7795 80.8418 4.2
      vertex 39.7795 80.8418 5
    endloop
  endfacet
  facet normal 0.80428 -0.594251 0
    outer loop
      vertex 39.7795 80.8418 4.2
      vertex 39.4578 80.4064 5
      vertex 39.4578 80.4064 4.2
    endloop
  endfacet
  facet normal 0.938481 -0.345332 0
    outer loop
      vertex 39.2648 79.8819 5
      vertex 39.4578 80.4064 4.2
      vertex 39.4578 80.4064 5
    endloop
  endfacet
  facet normal 0.938481 -0.345332 0
    outer loop
      vertex 39.4578 80.4064 4.2
      vertex 39.2648 79.8819 5
      vertex 39.2648 79.8819 4.2
    endloop
  endfacet
  facet normal 0.994539 -0.104364 0
    outer loop
      vertex 39.2004 79.2682 5
      vertex 39.2648 79.8819 4.2
      vertex 39.2648 79.8819 5
    endloop
  endfacet
  facet normal 0.994539 -0.104364 0
    outer loop
      vertex 39.2648 79.8819 4.2
      vertex 39.2004 79.2682 5
      vertex 39.2004 79.2682 4.2
    endloop
  endfacet
  facet normal 0.995862 0.0908808 0
    outer loop
      vertex 39.2479 78.7477 5
      vertex 39.2004 79.2682 4.2
      vertex 39.2004 79.2682 5
    endloop
  endfacet
  facet normal 0.995862 0.0908808 0
    outer loop
      vertex 39.2004 79.2682 4.2
      vertex 39.2479 78.7477 5
      vertex 39.2479 78.7477 4.2
    endloop
  endfacet
  facet normal 0.955365 0.295427 0
    outer loop
      vertex 39.3903 78.2872 5
      vertex 39.2479 78.7477 4.2
      vertex 39.2479 78.7477 5
    endloop
  endfacet
  facet normal 0.955365 0.295427 0
    outer loop
      vertex 39.2479 78.7477 4.2
      vertex 39.3903 78.2872 5
      vertex 39.3903 78.2872 4.2
    endloop
  endfacet
  facet normal 0.860267 0.509844 0
    outer loop
      vertex 39.6276 77.8868 5
      vertex 39.3903 78.2872 4.2
      vertex 39.3903 78.2872 5
    endloop
  endfacet
  facet normal 0.860267 0.509844 0
    outer loop
      vertex 39.3903 78.2872 4.2
      vertex 39.6276 77.8868 5
      vertex 39.6276 77.8868 4.2
    endloop
  endfacet
  facet normal -0.0603076 -0.99818 0
    outer loop
      vertex 37.5057 78.015 4.2
      vertex 39.6276 77.8868 5
      vertex 37.5057 78.015 5
    endloop
  endfacet
  facet normal -0.0603076 -0.99818 -0
    outer loop
      vertex 39.6276 77.8868 5
      vertex 37.5057 78.015 4.2
      vertex 39.6276 77.8868 4.2
    endloop
  endfacet
  facet normal -1 0 0
    outer loop
      vertex 37.5057 78.015 4.2
      vertex 37.5057 81.0388 5
      vertex 37.5057 81.0388 4.2
    endloop
  endfacet
  facet normal -1 -0 0
    outer loop
      vertex 37.5057 81.0388 5
      vertex 37.5057 78.015 4.2
      vertex 37.5057 78.015 5
    endloop
  endfacet
  facet normal 0 -1 0
    outer loop
      vertex 36.7795 81.0388 4.2
      vertex 37.5057 81.0388 5
      vertex 36.7795 81.0388 5
    endloop
  endfacet
  facet normal 0 -1 -0
    outer loop
      vertex 37.5057 81.0388 5
      vertex 36.7795 81.0388 4.2
      vertex 37.5057 81.0388 4.2
    endloop
  endfacet
  facet normal 1 -0 0
    outer loop
      vertex 36.7795 77.2365 5
      vertex 36.7795 81.0388 4.2
      vertex 36.7795 81.0388 5
    endloop
  endfacet
  facet normal 1 0 0
    outer loop
      vertex 36.7795 81.0388 4.2
      vertex 36.7795 77.2365 5
      vertex 36.7795 77.2365 4.2
    endloop
  endfacet
  facet normal 0.0618585 0.998085 -0
    outer loop
      vertex 40.3776 77.0135 4.2
      vertex 36.7795 77.2365 5
      vertex 40.3776 77.0135 5
    endloop
  endfacet
  facet normal 0.0618585 0.998085 0
    outer loop
      vertex 36.7795 77.2365 5
      vertex 40.3776 77.0135 4.2
      vertex 36.7795 77.2365 4.2
    endloop
  endfacet
  facet normal -1 0 0
    outer loop
      vertex 40.3776 77.0135 4.2
      vertex 40.3776 77.8489 5
      vertex 40.3776 77.8489 4.2
    endloop
  endfacet
  facet normal -1 -0 0
    outer loop
      vertex 40.3776 77.8489 5
      vertex 40.3776 77.0135 4.2
      vertex 40.3776 77.0135 5
    endloop
  endfacet
  facet normal -0.785306 -0.619108 0
    outer loop
      vertex 40.3776 77.8489 4.2
      vertex 40.2204 78.0483 5
      vertex 40.2204 78.0483 4.2
    endloop
  endfacet
  facet normal -0.785306 -0.619108 0
    outer loop
      vertex 40.2204 78.0483 5
      vertex 40.3776 77.8489 4.2
      vertex 40.3776 77.8489 5
    endloop
  endfacet
  facet normal -0.85022 -0.526428 0
    outer loop
      vertex 40.2204 78.0483 4.2
      vertex 40.097 78.2476 5
      vertex 40.097 78.2476 4.2
    endloop
  endfacet
  facet normal -0.85022 -0.526428 0
    outer loop
      vertex 40.097 78.2476 5
      vertex 40.2204 78.0483 4.2
      vertex 40.2204 78.0483 5
    endloop
  endfacet
  facet normal -0.912144 -0.40987 0
    outer loop
      vertex 40.097 78.2476 4.2
      vertex 40.0074 78.447 5
      vertex 40.0074 78.447 4.2
    endloop
  endfacet
  facet normal -0.912144 -0.40987 0
    outer loop
      vertex 40.0074 78.447 5
      vertex 40.097 78.2476 4.2
      vertex 40.097 78.2476 5
    endloop
  endfacet
  facet normal -0.958737 -0.284296 0
    outer loop
      vertex 40.0074 78.447 4.2
      vertex 39.9467 78.6517 5
      vertex 39.9467 78.6517 4.2
    endloop
  endfacet
  facet normal -0.958737 -0.284296 0
    outer loop
      vertex 39.9467 78.6517 5
      vertex 40.0074 78.447 4.2
      vertex 40.0074 78.447 5
    endloop
  endfacet
  facet normal -0.985995 -0.166776 0
    outer loop
      vertex 39.9467 78.6517 4.2
      vertex 39.9103 78.8669 5
      vertex 39.9103 78.8669 4.2
    endloop
  endfacet
  facet normal -0.985995 -0.166776 0
    outer loop
      vertex 39.9103 78.8669 5
      vertex 39.9467 78.6517 4.2
      vertex 39.9467 78.6517 5
    endloop
  endfacet
  facet normal -0.998566 -0.0535341 0
    outer loop
      vertex 39.9103 78.8669 4.2
      vertex 39.8982 79.0926 5
      vertex 39.8982 79.0926 4.2
    endloop
  endfacet
  facet normal -0.998566 -0.0535341 0
    outer loop
      vertex 39.8982 79.0926 5
      vertex 39.9103 78.8669 4.2
      vertex 39.9103 78.8669 5
    endloop
  endfacet
  facet normal -0.994566 0.104108 0
    outer loop
      vertex 39.8982 79.0926 4.2
      vertex 39.9414 79.5053 5
      vertex 39.9414 79.5053 4.2
    endloop
  endfacet
  facet normal -0.994566 0.104108 0
    outer loop
      vertex 39.9414 79.5053 5
      vertex 39.8982 79.0926 4.2
      vertex 39.8982 79.0926 5
    endloop
  endfacet
  facet normal -0.938275 0.345891 0
    outer loop
      vertex 39.9414 79.5053 4.2
      vertex 40.0712 79.8574 5
      vertex 40.0712 79.8574 4.2
    endloop
  endfacet
  facet normal -0.938275 0.345891 0
    outer loop
      vertex 40.0712 79.8574 5
      vertex 39.9414 79.5053 4.2
      vertex 39.9414 79.5053 5
    endloop
  endfacet
  facet normal -0.803098 0.595847 0
    outer loop
      vertex 40.0712 79.8574 4.2
      vertex 40.2874 80.1488 5
      vertex 40.2874 80.1488 4.2
    endloop
  endfacet
  facet normal -0.803098 0.595847 0
    outer loop
      vertex 40.2874 80.1488 5
      vertex 40.0712 79.8574 4.2
      vertex 40.0712 79.8574 5
    endloop
  endfacet
  facet normal -0.604794 0.796382 0
    outer loop
      vertex 40.5738 80.3663 4.2
      vertex 40.2874 80.1488 5
      vertex 40.5738 80.3663 5
    endloop
  endfacet
  facet normal -0.604794 0.796382 0
    outer loop
      vertex 40.2874 80.1488 5
      vertex 40.5738 80.3663 4.2
      vertex 40.2874 80.1488 4.2
    endloop
  endfacet
  facet normal -0.358391 0.933572 0
    outer loop
      vertex 40.914 80.4969 4.2
      vertex 40.5738 80.3663 5
      vertex 40.914 80.4969 5
    endloop
  endfacet
  facet normal -0.358391 0.933572 0
    outer loop
      vertex 40.5738 80.3663 5
      vertex 40.914 80.4969 4.2
      vertex 40.5738 80.3663 4.2
    endloop
  endfacet
  facet normal -0.109739 0.99396 0
    outer loop
      vertex 41.308 80.5404 4.2
      vertex 40.914 80.4969 5
      vertex 41.308 80.5404 5
    endloop
  endfacet
  facet normal -0.109739 0.99396 0
    outer loop
      vertex 40.914 80.4969 5
      vertex 41.308 80.5404 4.2
      vertex 40.914 80.4969 4.2
    endloop
  endfacet
  facet normal 0.0956449 0.995416 -0
    outer loop
      vertex 41.7576 80.4972 4.2
      vertex 41.308 80.5404 5
      vertex 41.7576 80.4972 5
    endloop
  endfacet
  facet normal 0.0956449 0.995416 0
    outer loop
      vertex 41.308 80.5404 5
      vertex 41.7576 80.4972 4.2
      vertex 41.308 80.5404 4.2
    endloop
  endfacet
  facet normal 0.322785 0.946472 -0
    outer loop
      vertex 42.1382 80.3674 4.2
      vertex 41.7576 80.4972 5
      vertex 42.1382 80.3674 5
    endloop
  endfacet
  facet normal 0.322785 0.946472 0
    outer loop
      vertex 41.7576 80.4972 5
      vertex 42.1382 80.3674 4.2
      vertex 41.7576 80.4972 4.2
    endloop
  endfacet
  facet normal 0.570485 0.821308 -0
    outer loop
      vertex 42.4496 80.1511 4.2
      vertex 42.1382 80.3674 5
      vertex 42.4496 80.1511 5
    endloop
  endfacet
  facet normal 0.570485 0.821308 0
    outer loop
      vertex 42.1382 80.3674 5
      vertex 42.4496 80.1511 4.2
      vertex 42.1382 80.3674 4.2
    endloop
  endfacet
  facet normal 0.785247 0.619183 0
    outer loop
      vertex 42.6804 79.8584 5
      vertex 42.4496 80.1511 4.2
      vertex 42.4496 80.1511 5
    endloop
  endfacet
  facet normal 0.785247 0.619183 0
    outer loop
      vertex 42.4496 80.1511 4.2
      vertex 42.6804 79.8584 5
      vertex 42.6804 79.8584 4.2
    endloop
  endfacet
  facet normal 0.933131 0.359536 0
    outer loop
      vertex 42.8188 79.4992 5
      vertex 42.6804 79.8584 4.2
      vertex 42.6804 79.8584 5
    endloop
  endfacet
  facet normal 0.933131 0.359536 0
    outer loop
      vertex 42.6804 79.8584 4.2
      vertex 42.8188 79.4992 5
      vertex 42.8188 79.4992 4.2
    endloop
  endfacet
  facet normal 0.99416 0.107919 0
    outer loop
      vertex 42.865 79.0736 5
      vertex 42.8188 79.4992 4.2
      vertex 42.8188 79.4992 5
    endloop
  endfacet
  facet normal 0.99416 0.107919 0
    outer loop
      vertex 42.8188 79.4992 4.2
      vertex 42.865 79.0736 5
      vertex 42.865 79.0736 4.2
    endloop
  endfacet
  facet normal 0.986007 -0.166702 0
    outer loop
      vertex 42.7547 78.4212 5
      vertex 42.865 79.0736 4.2
      vertex 42.865 79.0736 5
    endloop
  endfacet
  facet normal 0.986007 -0.166702 0
    outer loop
      vertex 42.865 79.0736 4.2
      vertex 42.7547 78.4212 5
      vertex 42.7547 78.4212 4.2
    endloop
  endfacet
  facet normal 0.814101 -0.580723 0
    outer loop
      vertex 42.424 77.9576 5
      vertex 42.7547 78.4212 4.2
      vertex 42.7547 78.4212 5
    endloop
  endfacet
  facet normal 0.814101 -0.580723 0
    outer loop
      vertex 42.7547 78.4212 4.2
      vertex 42.424 77.9576 5
      vertex 42.424 77.9576 4.2
    endloop
  endfacet
  facet normal 0.446239 -0.894914 0
    outer loop
      vertex 41.8729 77.6828 4.2
      vertex 42.424 77.9576 5
      vertex 41.8729 77.6828 5
    endloop
  endfacet
  facet normal 0.446239 -0.894914 0
    outer loop
      vertex 42.424 77.9576 5
      vertex 41.8729 77.6828 4.2
      vertex 42.424 77.9576 4.2
    endloop
  endfacet
  facet normal 0.99342 0.114532 0
    outer loop
      vertex 41.9725 76.8189 5
      vertex 41.8729 77.6828 4.2
      vertex 41.8729 77.6828 5
    endloop
  endfacet
  facet normal 0.99342 0.114532 0
    outer loop
      vertex 41.8729 77.6828 4.2
      vertex 41.9725 76.8189 5
      vertex 41.9725 76.8189 4.2
    endloop
  endfacet
  facet normal -0.297726 0.954651 0
    outer loop
      vertex 42.4477 76.9671 4.2
      vertex 41.9725 76.8189 5
      vertex 42.4477 76.9671 5
    endloop
  endfacet
  facet normal -0.297726 0.954651 0
    outer loop
      vertex 41.9725 76.8189 5
      vertex 42.4477 76.9671 4.2
      vertex 41.9725 76.8189 4.2
    endloop
  endfacet
  facet normal -0.52353 0.852007 0
    outer loop
      vertex 42.8417 77.2092 4.2
      vertex 42.4477 76.9671 5
      vertex 42.8417 77.2092 5
    endloop
  endfacet
  facet normal -0.52353 0.852007 0
    outer loop
      vertex 42.4477 76.9671 5
      vertex 42.8417 77.2092 4.2
      vertex 42.4477 76.9671 4.2
    endloop
  endfacet
  facet normal -0.731823 0.681495 0
    outer loop
      vertex 42.8417 77.2092 4.2
      vertex 43.1545 77.5451 5
      vertex 43.1545 77.5451 4.2
    endloop
  endfacet
  facet normal -0.731823 0.681495 0
    outer loop
      vertex 43.1545 77.5451 5
      vertex 42.8417 77.2092 4.2
      vertex 42.8417 77.2092 5
    endloop
  endfacet
  facet normal -0.881313 0.472534 0
    outer loop
      vertex 43.1545 77.5451 4.2
      vertex 43.3813 77.9681 5
      vertex 43.3813 77.9681 4.2
    endloop
  endfacet
  facet normal -0.881313 0.472534 0
    outer loop
      vertex 43.3813 77.9681 5
      vertex 43.1545 77.5451 4.2
      vertex 43.1545 77.5451 5
    endloop
  endfacet
  facet normal -0.965315 0.261088 0
    outer loop
      vertex 43.3813 77.9681 4.2
      vertex 43.5174 78.4713 5
      vertex 43.5174 78.4713 4.2
    endloop
  endfacet
  facet normal -0.965315 0.261088 0
    outer loop
      vertex 43.5174 78.4713 5
      vertex 43.3813 77.9681 4.2
      vertex 43.3813 77.9681 5
    endloop
  endfacet
  facet normal -0.996998 0.0774284 0
    outer loop
      vertex 43.5174 78.4713 4.2
      vertex 43.5627 79.0546 5
      vertex 43.5627 79.0546 4.2
    endloop
  endfacet
  facet normal -0.996998 0.0774284 0
    outer loop
      vertex 43.5627 79.0546 5
      vertex 43.5174 78.4713 4.2
      vertex 43.5174 78.4713 5
    endloop
  endfacet
  facet normal -0.995244 -0.0974173 0
    outer loop
      vertex 43.5627 79.0546 4.2
      vertex 43.4952 79.7442 5
      vertex 43.4952 79.7442 4.2
    endloop
  endfacet
  facet normal -0.995244 -0.0974173 0
    outer loop
      vertex 43.4952 79.7442 5
      vertex 43.5627 79.0546 4.2
      vertex 43.5627 79.0546 5
    endloop
  endfacet
  facet normal 1 -0 0
    outer loop
      vertex 36.7795 83.8745 5
      vertex 36.7795 84.7479 4.2
      vertex 36.7795 84.7479 5
    endloop
  endfacet
  facet normal 1 0 0
    outer loop
      vertex 36.7795 84.7479 4.2
      vertex 36.7795 83.8745 5
      vertex 36.7795 83.8745 4.2
    endloop
  endfacet
  facet normal -0.0450844 0.998983 0
    outer loop
      vertex 38.8823 83.9694 4.2
      vertex 36.7795 83.8745 5
      vertex 38.8823 83.9694 5
    endloop
  endfacet
  facet normal -0.0450844 0.998983 0
    outer loop
      vertex 36.7795 83.8745 5
      vertex 38.8823 83.9694 4.2
      vertex 36.7795 83.8745 4.2
    endloop
  endfacet
  facet normal -1 0 0
    outer loop
      vertex 38.8823 83.9694 4.2
      vertex 38.8823 84.6434 5
      vertex 38.8823 84.6434 4.2
    endloop
  endfacet
  facet normal -1 -0 0
    outer loop
      vertex 38.8823 84.6434 5
      vertex 38.8823 83.9694 4.2
      vertex 38.8823 83.9694 5
    endloop
  endfacet
  facet normal -0.0496344 -0.998767 0
    outer loop
      vertex 36.7795 84.7479 4.2
      vertex 38.8823 84.6434 5
      vertex 36.7795 84.7479 5
    endloop
  endfacet
  facet normal -0.0496344 -0.998767 -0
    outer loop
      vertex 38.8823 84.6434 5
      vertex 36.7795 84.7479 4.2
      vertex 38.8823 84.6434 4.2
    endloop
  endfacet
  facet normal 1 -0 0
    outer loop
      vertex 36.7795 82.1229 5
      vertex 36.7795 82.9963 4.2
      vertex 36.7795 82.9963 5
    endloop
  endfacet
  facet normal 1 0 0
    outer loop
      vertex 36.7795 82.9963 4.2
      vertex 36.7795 82.1229 5
      vertex 36.7795 82.1229 4.2
    endloop
  endfacet
  facet normal -0.0473124 0.99888 0
    outer loop
      vertex 38.8823 82.2225 4.2
      vertex 36.7795 82.1229 5
      vertex 38.8823 82.2225 5
    endloop
  endfacet
  facet normal -0.0473124 0.99888 0
    outer loop
      vertex 36.7795 82.1229 5
      vertex 38.8823 82.2225 4.2
      vertex 36.7795 82.1229 4.2
    endloop
  endfacet
  facet normal -1 0 0
    outer loop
      vertex 38.8823 82.2225 4.2
      vertex 38.8823 82.8918 5
      vertex 38.8823 82.8918 4.2
    endloop
  endfacet
  facet normal -1 -0 0
    outer loop
      vertex 38.8823 82.8918 5
      vertex 38.8823 82.2225 4.2
      vertex 38.8823 82.2225 5
    endloop
  endfacet
  facet normal -0.0496344 -0.998767 0
    outer loop
      vertex 36.7795 82.9963 4.2
      vertex 38.8823 82.8918 5
      vertex 36.7795 82.9963 5
    endloop
  endfacet
  facet normal -0.0496344 -0.998767 -0
    outer loop
      vertex 38.8823 82.8918 5
      vertex 36.7795 82.9963 4.2
      vertex 38.8823 82.8918 4.2
    endloop
  endfacet
  facet normal -0.548181 0.836359 0
    outer loop
      vertex 43.4678 72.8468 4.2
      vertex 41.3602 71.4654 5
      vertex 43.4678 72.8468 5
    endloop
  endfacet
  facet normal -0.548181 0.836359 0
    outer loop
      vertex 41.3602 71.4654 5
      vertex 43.4678 72.8468 4.2
      vertex 41.3602 71.4654 4.2
    endloop
  endfacet
  facet normal -1 0 0
    outer loop
      vertex 43.4678 72.8468 4.2
      vertex 43.4678 73.8009 5
      vertex 43.4678 73.8009 4.2
    endloop
  endfacet
  facet normal -1 -0 0
    outer loop
      vertex 43.4678 73.8009 5
      vertex 43.4678 72.8468 4.2
      vertex 43.4678 72.8468 5
    endloop
  endfacet
  facet normal 0.572883 -0.819637 0
    outer loop
      vertex 40.8191 71.9496 4.2
      vertex 43.4678 73.8009 5
      vertex 40.8191 71.9496 5
    endloop
  endfacet
  facet normal 0.572883 -0.819637 0
    outer loop
      vertex 43.4678 73.8009 5
      vertex 40.8191 71.9496 4.2
      vertex 43.4678 73.8009 4.2
    endloop
  endfacet
  facet normal -0.573666 -0.81909 0
    outer loop
      vertex 38.3317 73.6917 4.2
      vertex 40.8191 71.9496 5
      vertex 38.3317 73.6917 5
    endloop
  endfacet
  facet normal -0.573666 -0.81909 -0
    outer loop
      vertex 40.8191 71.9496 5
      vertex 38.3317 73.6917 4.2
      vertex 40.8191 71.9496 4.2
    endloop
  endfacet
  facet normal 1 -0 0
    outer loop
      vertex 38.3317 72.7376 5
      vertex 38.3317 73.6917 4.2
      vertex 38.3317 73.6917 5
    endloop
  endfacet
  facet normal 1 0 0
    outer loop
      vertex 38.3317 73.6917 4.2
      vertex 38.3317 72.7376 5
      vertex 38.3317 72.7376 4.2
    endloop
  endfacet
  facet normal 0.537023 0.843568 -0
    outer loop
      vertex 40.3301 71.4654 4.2
      vertex 38.3317 72.7376 5
      vertex 40.3301 71.4654 5
    endloop
  endfacet
  facet normal 0.537023 0.843568 0
    outer loop
      vertex 38.3317 72.7376 5
      vertex 40.3301 71.4654 4.2
      vertex 38.3317 72.7376 4.2
    endloop
  endfacet
  facet normal 0.539838 -0.841769 0
    outer loop
      vertex 38.3317 70.1838 4.2
      vertex 40.3301 71.4654 5
      vertex 38.3317 70.1838 5
    endloop
  endfacet
  facet normal 0.539838 -0.841769 0
    outer loop
      vertex 40.3301 71.4654 5
      vertex 38.3317 70.1838 4.2
      vertex 40.3301 71.4654 4.2
    endloop
  endfacet
  facet normal 1 -0 0
    outer loop
      vertex 38.3317 69.2391 5
      vertex 38.3317 70.1838 4.2
      vertex 38.3317 70.1838 5
    endloop
  endfacet
  facet normal 1 0 0
    outer loop
      vertex 38.3317 70.1838 4.2
      vertex 38.3317 69.2391 5
      vertex 38.3317 69.2391 4.2
    endloop
  endfacet
  facet normal -0.572236 0.820089 0
    outer loop
      vertex 40.8285 70.9813 4.2
      vertex 38.3317 69.2391 5
      vertex 40.8285 70.9813 5
    endloop
  endfacet
  facet normal -0.572236 0.820089 0
    outer loop
      vertex 38.3317 69.2391 5
      vertex 40.8285 70.9813 4.2
      vertex 38.3317 69.2391 4.2
    endloop
  endfacet
  facet normal 0.569293 0.822135 -0
    outer loop
      vertex 43.4678 69.1537 4.2
      vertex 40.8285 70.9813 5
      vertex 43.4678 69.1537 5
    endloop
  endfacet
  facet normal 0.569293 0.822135 0
    outer loop
      vertex 40.8285 70.9813 5
      vertex 43.4678 69.1537 4.2
      vertex 40.8285 70.9813 4.2
    endloop
  endfacet
  facet normal -1 0 0
    outer loop
      vertex 43.4678 69.1537 4.2
      vertex 43.4678 70.0746 5
      vertex 43.4678 70.0746 4.2
    endloop
  endfacet
  facet normal -1 -0 0
    outer loop
      vertex 43.4678 70.0746 5
      vertex 43.4678 69.1537 4.2
      vertex 43.4678 69.1537 5
    endloop
  endfacet
  facet normal -0.550783 -0.834649 0
    outer loop
      vertex 41.3602 71.4654 4.2
      vertex 43.4678 70.0746 5
      vertex 41.3602 71.4654 5
    endloop
  endfacet
  facet normal -0.550783 -0.834649 -0
    outer loop
      vertex 43.4678 70.0746 5
      vertex 41.3602 71.4654 4.2
      vertex 43.4678 70.0746 4.2
    endloop
  endfacet
  facet normal 0 0 1
    outer loop
      vertex 52.188 25.5673 4.2
      vertex 51.5101 26.0024 4.2
      vertex 51.5473 25.5768 4.2
    endloop
  endfacet
  facet normal 0 0 1
    outer loop
      vertex 51.9581 26.8078 4.2
      vertex 51.3985 26.3489 4.2
      vertex 51.5101 26.0024 4.2
    endloop
  endfacet
  facet normal 0 0 1
    outer loop
      vertex 50.9454 26.8062 4.2
      vertex 51.6707 27.2572 4.2
      vertex 51.2804 27.5842 4.2
    endloop
  endfacet
  facet normal 0 0 1
    outer loop
      vertex 51.9581 26.8078 4.2
      vertex 51.2126 26.6163 4.2
      vertex 51.3985 26.3489 4.2
    endloop
  endfacet
  facet normal 0 0 1
    outer loop
      vertex 51.6707 27.2572 4.2
      vertex 50.9454 26.8062 4.2
      vertex 51.2126 26.6163 4.2
    endloop
  endfacet
  facet normal 0 0 1
    outer loop
      vertex 50.5902 26.9202 4.2
      vertex 51.2804 27.5842 4.2
      vertex 50.7993 27.7804 4.2
    endloop
  endfacet
  facet normal 0 0 1
    outer loop
      vertex 51.2804 27.5842 4.2
      vertex 50.5902 26.9202 4.2
      vertex 50.9454 26.8062 4.2
    endloop
  endfacet
  facet normal 0 0 1
    outer loop
      vertex 50.2276 27.8458 4.2
      vertex 50.5902 26.9202 4.2
      vertex 50.7993 27.7804 4.2
    endloop
  endfacet
  facet normal 0 0 1
    outer loop
      vertex 50.2276 27.8458 4.2
      vertex 50.1469 26.9581 4.2
      vertex 50.5902 26.9202 4.2
    endloop
  endfacet
  facet normal -0 0 1
    outer loop
      vertex 49.8123 27.8062 4.2
      vertex 50.1469 26.9581 4.2
      vertex 50.2276 27.8458 4.2
    endloop
  endfacet
  facet normal 0 0 1
    outer loop
      vertex 49.8123 27.8062 4.2
      vertex 49.7663 26.917 4.2
      vertex 50.1469 26.9581 4.2
    endloop
  endfacet
  facet normal -0 0 1
    outer loop
      vertex 49.446 27.6876 4.2
      vertex 49.7663 26.917 4.2
      vertex 49.8123 27.8062 4.2
    endloop
  endfacet
  facet normal -0 0 1
    outer loop
      vertex 49.1287 27.4898 4.2
      vertex 49.7663 26.917 4.2
      vertex 49.446 27.6876 4.2
    endloop
  endfacet
  facet normal 0 0 1
    outer loop
      vertex 49.7663 26.917 4.2
      vertex 49.1287 27.4898 4.2
      vertex 49.4538 26.7935 4.2
    endloop
  endfacet
  facet normal -0 0 1
    outer loop
      vertex 48.8731 27.2208 4.2
      vertex 49.4538 26.7935 4.2
      vertex 49.1287 27.4898 4.2
    endloop
  endfacet
  facet normal 0 0 1
    outer loop
      vertex 49.4538 26.7935 4.2
      vertex 48.8731 27.2208 4.2
      vertex 49.2094 26.5878 4.2
    endloop
  endfacet
  facet normal -0 0 1
    outer loop
      vertex 48.692 26.8885 4.2
      vertex 49.2094 26.5878 4.2
      vertex 48.8731 27.2208 4.2
    endloop
  endfacet
  facet normal 0 0 1
    outer loop
      vertex 48.5852 26.493 4.2
      vertex 49.2094 26.5878 4.2
      vertex 48.692 26.8885 4.2
    endloop
  endfacet
  facet normal 0 0 1
    outer loop
      vertex 49.2094 26.5878 4.2
      vertex 48.5852 26.493 4.2
      vertex 49.034 26.3078 4.2
    endloop
  endfacet
  facet normal 0 0 1
    outer loop
      vertex 49.034 26.3078 4.2
      vertex 48.5852 26.493 4.2
      vertex 48.9288 25.9613 4.2
    endloop
  endfacet
  facet normal 0 -0 1
    outer loop
      vertex 48.697 24.2519 4.2
      vertex 48.8937 25.5483 4.2
      vertex 48.5947 24.618 4.2
    endloop
  endfacet
  facet normal -0 0 1
    outer loop
      vertex 48.5662 26.493 4.2
      vertex 48.9288 25.9613 4.2
      vertex 48.5852 26.493 4.2
    endloop
  endfacet
  facet normal 0 0 1
    outer loop
      vertex 48.8937 25.5483 4.2
      vertex 48.697 24.2519 4.2
      vertex 48.8774 23.9323 4.2
    endloop
  endfacet
  facet normal 0 0 1
    outer loop
      vertex 48.9288 25.9613 4.2
      vertex 48.2221 25.9278 4.2
      vertex 48.8937 25.5483 4.2
    endloop
  endfacet
  facet normal 0 0 1
    outer loop
      vertex 48.2194 25.1921 4.2
      vertex 48.8937 25.5483 4.2
      vertex 48.2529 25.5578 4.2
    endloop
  endfacet
  facet normal 0 0 1
    outer loop
      vertex 48.9288 25.9613 4.2
      vertex 48.5662 26.493 4.2
      vertex 48.2221 25.9278 4.2
    endloop
  endfacet
  facet normal 0 0 1
    outer loop
      vertex 47.9752 26.4763 4.2
      vertex 48.5662 26.493 4.2
      vertex 48.4581 26.8342 4.2
    endloop
  endfacet
  facet normal 0 0 1
    outer loop
      vertex 48.8937 25.5483 4.2
      vertex 48.2194 25.1921 4.2
      vertex 48.5947 24.618 4.2
    endloop
  endfacet
  facet normal 0 0 1
    outer loop
      vertex 47.9752 26.4763 4.2
      vertex 48.4581 26.8342 4.2
      vertex 48.2793 27.1238 4.2
    endloop
  endfacet
  facet normal 0 0 1
    outer loop
      vertex 48.5947 24.618 4.2
      vertex 48.2194 25.1921 4.2
      vertex 48.5757 24.618 4.2
    endloop
  endfacet
  facet normal -0 0 1
    outer loop
      vertex 48.119 24.8859 4.2
      vertex 48.5757 24.618 4.2
      vertex 48.2194 25.1921 4.2
    endloop
  endfacet
  facet normal 0 0 1
    outer loop
      vertex 48.8937 25.5483 4.2
      vertex 48.2221 25.9278 4.2
      vertex 48.2529 25.5578 4.2
    endloop
  endfacet
  facet normal 0 0 1
    outer loop
      vertex 48.5662 26.493 4.2
      vertex 48.1295 26.234 4.2
      vertex 48.2221 25.9278 4.2
    endloop
  endfacet
  facet normal 0 0 1
    outer loop
      vertex 47.7519 26.6517 4.2
      vertex 48.2793 27.1238 4.2
      vertex 48.0299 27.3616 4.2
    endloop
  endfacet
  facet normal 0 0 1
    outer loop
      vertex 48.5662 26.493 4.2
      vertex 47.9752 26.4763 4.2
      vertex 48.1295 26.234 4.2
    endloop
  endfacet
  facet normal 0 0 1
    outer loop
      vertex 48.2793 27.1238 4.2
      vertex 47.7519 26.6517 4.2
      vertex 47.9752 26.4763 4.2
    endloop
  endfacet
  facet normal 0 0 1
    outer loop
      vertex 47.452 26.7569 4.2
      vertex 48.0299 27.3616 4.2
      vertex 47.7286 27.5383 4.2
    endloop
  endfacet
  facet normal 0 0 1
    outer loop
      vertex 48.0299 27.3616 4.2
      vertex 47.452 26.7569 4.2
      vertex 47.7519 26.6517 4.2
    endloop
  endfacet
  facet normal 0 0 1
    outer loop
      vertex 47.3948 27.6443 4.2
      vertex 47.452 26.7569 4.2
      vertex 47.7286 27.5383 4.2
    endloop
  endfacet
  facet normal 0 0 1
    outer loop
      vertex 47.3948 27.6443 4.2
      vertex 47.0757 26.792 4.2
      vertex 47.452 26.7569 4.2
    endloop
  endfacet
  facet normal 0 0 1
    outer loop
      vertex 47.0282 27.6797 4.2
      vertex 47.0757 26.792 4.2
      vertex 47.3948 27.6443 4.2
    endloop
  endfacet
  facet normal -0 0 1
    outer loop
      vertex 46.5361 27.6161 4.2
      vertex 47.0757 26.792 4.2
      vertex 47.0282 27.6797 4.2
    endloop
  endfacet
  facet normal 0 0 1
    outer loop
      vertex 46.5361 27.6161 4.2
      vertex 46.4454 26.6538 4.2
      vertex 47.0757 26.792 4.2
    endloop
  endfacet
  facet normal -0 0 1
    outer loop
      vertex 46.1168 27.4254 4.2
      vertex 46.4454 26.6538 4.2
      vertex 46.5361 27.6161 4.2
    endloop
  endfacet
  facet normal -0 0 1
    outer loop
      vertex 45.7703 27.1077 4.2
      vertex 46.4454 26.6538 4.2
      vertex 46.1168 27.4254 4.2
    endloop
  endfacet
  facet normal 0 0 1
    outer loop
      vertex 46.4454 26.6538 4.2
      vertex 45.7703 27.1077 4.2
      vertex 46.0672 26.2393 4.2
    endloop
  endfacet
  facet normal -0 0 1
    outer loop
      vertex 45.5119 26.6802 4.2
      vertex 46.0672 26.2393 4.2
      vertex 45.7703 27.1077 4.2
    endloop
  endfacet
  facet normal 0 0 1
    outer loop
      vertex 45.3568 26.1604 4.2
      vertex 46.0672 26.2393 4.2
      vertex 45.5119 26.6802 4.2
    endloop
  endfacet
  facet normal 0 -0 1
    outer loop
      vertex 45.3578 24.9494 4.2
      vertex 45.9412 25.5483 4.2
      vertex 45.3051 25.5483 4.2
    endloop
  endfacet
  facet normal 0 0 1
    outer loop
      vertex 46.0672 26.2393 4.2
      vertex 45.3568 26.1604 4.2
      vertex 45.9412 25.5483 4.2
    endloop
  endfacet
  facet normal 0 -0 1
    outer loop
      vertex 45.5161 24.4375 4.2
      vertex 45.9412 25.5483 4.2
      vertex 45.3578 24.9494 4.2
    endloop
  endfacet
  facet normal 0 0 1
    outer loop
      vertex 45.9412 25.5483 4.2
      vertex 45.3568 26.1604 4.2
      vertex 45.3051 25.5483 4.2
    endloop
  endfacet
  facet normal 0 0 1
    outer loop
      vertex 45.9412 25.5483 4.2
      vertex 45.5161 24.4375 4.2
      vertex 45.7798 24.0127 4.2
    endloop
  endfacet
  facet normal -0 0 1
    outer loop
      vertex 51.5101 26.0024 4.2
      vertex 52.188 25.5673 4.2
      vertex 52.1306 26.2445 4.2
    endloop
  endfacet
  facet normal 0 0 1
    outer loop
      vertex 52.188 25.5673 4.2
      vertex 51.5473 25.5768 4.2
      vertex 52.1316 24.9041 4.2
    endloop
  endfacet
  facet normal 0 0 1
    outer loop
      vertex 51.5101 26.0024 4.2
      vertex 52.1306 26.2445 4.2
      vertex 51.9581 26.8078 4.2
    endloop
  endfacet
  facet normal 0 0 1
    outer loop
      vertex 51.3938 24.7936 4.2
      vertex 52.1316 24.9041 4.2
      vertex 51.5473 25.5768 4.2
    endloop
  endfacet
  facet normal 0 0 1
    outer loop
      vertex 51.2126 26.6163 4.2
      vertex 51.9581 26.8078 4.2
      vertex 51.6707 27.2572 4.2
    endloop
  endfacet
  facet normal 0 0 1
    outer loop
      vertex 52.1316 24.9041 4.2
      vertex 51.3938 24.7936 4.2
      vertex 51.9623 24.3447 4.2
    endloop
  endfacet
  facet normal 0 0 1
    outer loop
      vertex 51.9623 24.3447 4.2
      vertex 51.3938 24.7936 4.2
      vertex 51.6801 23.8893 4.2
    endloop
  endfacet
  facet normal -0 0 1
    outer loop
      vertex 50.9333 24.3236 4.2
      vertex 51.6801 23.8893 4.2
      vertex 51.3938 24.7936 4.2
    endloop
  endfacet
  facet normal 0 0 1
    outer loop
      vertex 51.6801 23.8893 4.2
      vertex 50.9333 24.3236 4.2
      vertex 51.294 23.553 4.2
    endloop
  endfacet
  facet normal 0 0 1
    outer loop
      vertex 50.9333 24.3236 4.2
      vertex 50.813 23.3513 4.2
      vertex 51.294 23.553 4.2
    endloop
  endfacet
  facet normal -0 0 1
    outer loop
      vertex 50.1659 24.1669 4.2
      vertex 50.813 23.3513 4.2
      vertex 50.9333 24.3236 4.2
    endloop
  endfacet
  facet normal 0 0 1
    outer loop
      vertex 50.813 23.3513 4.2
      vertex 50.1659 24.1669 4.2
      vertex 50.2371 23.284 4.2
    endloop
  endfacet
  facet normal 0 0 1
    outer loop
      vertex 50.1659 24.1669 4.2
      vertex 49.8236 23.3257 4.2
      vertex 50.2371 23.284 4.2
    endloop
  endfacet
  facet normal 0 0 1
    outer loop
      vertex 49.7985 24.2076 4.2
      vertex 49.8236 23.3257 4.2
      vertex 50.1659 24.1669 4.2
    endloop
  endfacet
  facet normal 0 0 1
    outer loop
      vertex 49.1358 23.659 4.2
      vertex 49.7985 24.2076 4.2
      vertex 49.4876 24.3294 4.2
    endloop
  endfacet
  facet normal 0 0 1
    outer loop
      vertex 49.7985 24.2076 4.2
      vertex 49.4565 23.4507 4.2
      vertex 49.8236 23.3257 4.2
    endloop
  endfacet
  facet normal 0 0 1
    outer loop
      vertex 48.8774 23.9323 4.2
      vertex 49.4876 24.3294 4.2
      vertex 49.2331 24.5325 4.2
    endloop
  endfacet
  facet normal 0 0 1
    outer loop
      vertex 49.7985 24.2076 4.2
      vertex 49.1358 23.659 4.2
      vertex 49.4565 23.4507 4.2
    endloop
  endfacet
  facet normal 0 0 1
    outer loop
      vertex 48.8774 23.9323 4.2
      vertex 49.2331 24.5325 4.2
      vertex 49.0446 24.8078 4.2
    endloop
  endfacet
  facet normal 0 0 1
    outer loop
      vertex 48.8774 23.9323 4.2
      vertex 49.0446 24.8078 4.2
      vertex 48.9314 25.1464 4.2
    endloop
  endfacet
  facet normal 0 0 1
    outer loop
      vertex 49.4876 24.3294 4.2
      vertex 48.8774 23.9323 4.2
      vertex 49.1358 23.659 4.2
    endloop
  endfacet
  facet normal 0 0 1
    outer loop
      vertex 48.8774 23.9323 4.2
      vertex 48.9314 25.1464 4.2
      vertex 48.8937 25.5483 4.2
    endloop
  endfacet
  facet normal -0 0 1
    outer loop
      vertex 47.9515 24.6393 4.2
      vertex 48.5757 24.618 4.2
      vertex 48.119 24.8859 4.2
    endloop
  endfacet
  facet normal 0 0 1
    outer loop
      vertex 48.5757 24.618 4.2
      vertex 47.9515 24.6393 4.2
      vertex 48.457 24.2796 4.2
    endloop
  endfacet
  facet normal 0 0 1
    outer loop
      vertex 48.457 24.2796 4.2
      vertex 47.9515 24.6393 4.2
      vertex 48.2719 23.9924 4.2
    endloop
  endfacet
  facet normal -0 0 1
    outer loop
      vertex 47.7202 24.4587 4.2
      vertex 48.2719 23.9924 4.2
      vertex 47.9515 24.6393 4.2
    endloop
  endfacet
  facet normal 0 0 1
    outer loop
      vertex 48.2719 23.9924 4.2
      vertex 47.7202 24.4587 4.2
      vertex 48.0203 23.7563 4.2
    endloop
  endfacet
  facet normal -0 0 1
    outer loop
      vertex 47.4283 24.3503 4.2
      vertex 48.0203 23.7563 4.2
      vertex 47.7202 24.4587 4.2
    endloop
  endfacet
  facet normal 0 0 1
    outer loop
      vertex 48.0203 23.7563 4.2
      vertex 47.4283 24.3503 4.2
      vertex 47.7192 23.581 4.2
    endloop
  endfacet
  facet normal 0 0 1
    outer loop
      vertex 47.4283 24.3503 4.2
      vertex 47.3853 23.4758 4.2
      vertex 47.7192 23.581 4.2
    endloop
  endfacet
  facet normal -0 0 1
    outer loop
      vertex 47.0757 24.3142 4.2
      vertex 47.3853 23.4758 4.2
      vertex 47.4283 24.3503 4.2
    endloop
  endfacet
  facet normal 0 0 1
    outer loop
      vertex 47.0757 24.3142 4.2
      vertex 47.0187 23.4407 4.2
      vertex 47.3853 23.4758 4.2
    endloop
  endfacet
  facet normal 0 0 1
    outer loop
      vertex 46.7302 24.3492 4.2
      vertex 47.0187 23.4407 4.2
      vertex 47.0757 24.3142 4.2
    endloop
  endfacet
  facet normal 0 0 1
    outer loop
      vertex 46.7302 24.3492 4.2
      vertex 46.5414 23.5043 4.2
      vertex 47.0187 23.4407 4.2
    endloop
  endfacet
  facet normal 0 0 1
    outer loop
      vertex 46.1285 23.6949 4.2
      vertex 46.7302 24.3492 4.2
      vertex 46.447 24.4544 4.2
    endloop
  endfacet
  facet normal 0 0 1
    outer loop
      vertex 45.7798 24.0127 4.2
      vertex 46.447 24.4544 4.2
      vertex 46.226 24.6298 4.2
    endloop
  endfacet
  facet normal 0 0 1
    outer loop
      vertex 46.7302 24.3492 4.2
      vertex 46.1285 23.6949 4.2
      vertex 46.5414 23.5043 4.2
    endloop
  endfacet
  facet normal 0 0 1
    outer loop
      vertex 45.7798 24.0127 4.2
      vertex 46.226 24.6298 4.2
      vertex 46.0678 24.8722 4.2
    endloop
  endfacet
  facet normal 0 0 1
    outer loop
      vertex 45.7798 24.0127 4.2
      vertex 46.0678 24.8722 4.2
      vertex 45.9728 25.1783 4.2
    endloop
  endfacet
  facet normal 0 0 1
    outer loop
      vertex 46.447 24.4544 4.2
      vertex 45.7798 24.0127 4.2
      vertex 46.1285 23.6949 4.2
    endloop
  endfacet
  facet normal 0 0 1
    outer loop
      vertex 45.7798 24.0127 4.2
      vertex 45.9728 25.1783 4.2
      vertex 45.9412 25.5483 4.2
    endloop
  endfacet
  facet normal -0 0 1
    outer loop
      vertex 51.4238 39.0532 4.2
      vertex 52.188 38.5853 4.2
      vertex 52.0852 39.3013 4.2
    endloop
  endfacet
  facet normal 0 0 1
    outer loop
      vertex 52.188 38.5853 4.2
      vertex 51.4997 38.5996 4.2
      vertex 52.1514 38.0977 4.2
    endloop
  endfacet
  facet normal 0 0 1
    outer loop
      vertex 51.4069 38.0859 4.2
      vertex 52.1514 38.0977 4.2
      vertex 51.4997 38.5996 4.2
    endloop
  endfacet
  facet normal -0 0 1
    outer loop
      vertex 51.1959 39.433 4.2
      vertex 52.0852 39.3013 4.2
      vertex 51.7767 39.8986 4.2
    endloop
  endfacet
  facet normal 0 0 1
    outer loop
      vertex 52.1514 38.0977 4.2
      vertex 51.4069 38.0859 4.2
      vertex 52.0414 37.6792 4.2
    endloop
  endfacet
  facet normal 0 0 1
    outer loop
      vertex 52.0414 37.6792 4.2
      vertex 51.4069 38.0859 4.2
      vertex 51.8581 37.3298 4.2
    endloop
  endfacet
  facet normal 0 0 1
    outer loop
      vertex 52.188 38.5853 4.2
      vertex 51.4238 39.0532 4.2
      vertex 51.4997 38.5996 4.2
    endloop
  endfacet
  facet normal 0 0 1
    outer loop
      vertex 51.1959 39.433 4.2
      vertex 51.7767 39.8986 4.2
      vertex 51.2624 40.3773 4.2
    endloop
  endfacet
  facet normal 0 0 1
    outer loop
      vertex 52.0852 39.3013 4.2
      vertex 51.1959 39.433 4.2
      vertex 51.4238 39.0532 4.2
    endloop
  endfacet
  facet normal 0 0 1
    outer loop
      vertex 51.2624 40.3773 4.2
      vertex 50.8162 39.7389 4.2
      vertex 51.1959 39.433 4.2
    endloop
  endfacet
  facet normal 0 0 1
    outer loop
      vertex 50.5567 40.7267 4.2
      vertex 50.8162 39.7389 4.2
      vertex 51.2624 40.3773 4.2
    endloop
  endfacet
  facet normal 0 0 1
    outer loop
      vertex 50.5567 40.7267 4.2
      vertex 50.2956 39.9651 4.2
      vertex 50.8162 39.7389 4.2
    endloop
  endfacet
  facet normal 0 0 1
    outer loop
      vertex 49.6453 40.1059 4.2
      vertex 50.5567 40.7267 4.2
      vertex 49.6738 40.9364 4.2
    endloop
  endfacet
  facet normal 0 0 1
    outer loop
      vertex 50.5567 40.7267 4.2
      vertex 49.6453 40.1059 4.2
      vertex 50.2956 39.9651 4.2
    endloop
  endfacet
  facet normal 0 0 1
    outer loop
      vertex 49.6738 40.9364 4.2
      vertex 48.8652 40.1613 4.2
      vertex 49.6453 40.1059 4.2
    endloop
  endfacet
  facet normal 0 0 1
    outer loop
      vertex 49.1313 40.0047 4.2
      vertex 48.6804 39.7562 4.2
      vertex 48.8394 39.5893 4.2
    endloop
  endfacet
  facet normal 0 0 1
    outer loop
      vertex 48.6136 41.0063 4.2
      vertex 48.8652 40.1613 4.2
      vertex 49.6738 40.9364 4.2
    endloop
  endfacet
  facet normal 0 0 1
    outer loop
      vertex 48.275 39.9946 4.2
      vertex 48.8652 40.1613 4.2
      vertex 48.6136 41.0063 4.2
    endloop
  endfacet
  facet normal 0 0 1
    outer loop
      vertex 48.8652 40.1613 4.2
      vertex 48.4902 39.8931 4.2
      vertex 48.6804 39.7562 4.2
    endloop
  endfacet
  facet normal 0 0 1
    outer loop
      vertex 48.8652 40.1613 4.2
      vertex 48.275 39.9946 4.2
      vertex 48.4902 39.8931 4.2
    endloop
  endfacet
  facet normal 0 0 1
    outer loop
      vertex 48.6136 41.0063 4.2
      vertex 48.0409 40.0555 4.2
      vertex 48.275 39.9946 4.2
    endloop
  endfacet
  facet normal -0 0 1
    outer loop
      vertex 47.6015 40.9425 4.2
      vertex 48.0409 40.0555 4.2
      vertex 48.6136 41.0063 4.2
    endloop
  endfacet
  facet normal 0 0 1
    outer loop
      vertex 48.0409 40.0555 4.2
      vertex 47.6015 40.9425 4.2
      vertex 47.7877 40.0758 4.2
    endloop
  endfacet
  facet normal 0 0 1
    outer loop
      vertex 47.6015 40.9425 4.2
      vertex 47.2848 40.0347 4.2
      vertex 47.7877 40.0758 4.2
    endloop
  endfacet
  facet normal -0 0 1
    outer loop
      vertex 46.774 40.751 4.2
      vertex 47.2848 40.0347 4.2
      vertex 47.6015 40.9425 4.2
    endloop
  endfacet
  facet normal 0 0 1
    outer loop
      vertex 47.2848 40.0347 4.2
      vertex 46.774 40.751 4.2
      vertex 46.8521 39.9113 4.2
    endloop
  endfacet
  facet normal -0 0 1
    outer loop
      vertex 46.1311 40.4319 4.2
      vertex 46.8521 39.9113 4.2
      vertex 46.774 40.751 4.2
    endloop
  endfacet
  facet normal 0 0 1
    outer loop
      vertex 46.8521 39.9113 4.2
      vertex 46.1311 40.4319 4.2
      vertex 46.4895 39.7056 4.2
    endloop
  endfacet
  facet normal -0 0 1
    outer loop
      vertex 45.6722 39.9888 4.2
      vertex 46.4895 39.7056 4.2
      vertex 46.1311 40.4319 4.2
    endloop
  endfacet
  facet normal 0 0 1
    outer loop
      vertex 46.4895 39.7056 4.2
      vertex 45.6722 39.9888 4.2
      vertex 46.2165 39.4308 4.2
    endloop
  endfacet
  facet normal 0 0 1
    outer loop
      vertex 45.3969 39.4255 4.2
      vertex 46.2165 39.4308 4.2
      vertex 45.6722 39.9888 4.2
    endloop
  endfacet
  facet normal 0 0 1
    outer loop
      vertex 46.2165 39.4308 4.2
      vertex 45.3969 39.4255 4.2
      vertex 46.0528 39.1001 4.2
    endloop
  endfacet
  facet normal 0 0 1
    outer loop
      vertex 45.3051 38.742 4.2
      vertex 46.0528 39.1001 4.2
      vertex 45.3969 39.4255 4.2
    endloop
  endfacet
  facet normal 0 -0 1
    outer loop
      vertex 45.3718 38.0938 4.2
      vertex 45.9982 38.7135 4.2
      vertex 45.3051 38.742 4.2
    endloop
  endfacet
  facet normal 0 0 1
    outer loop
      vertex 46.0528 39.1001 4.2
      vertex 45.3051 38.742 4.2
      vertex 45.9982 38.7135 4.2
    endloop
  endfacet
  facet normal 0 -0 1
    outer loop
      vertex 45.572 37.5479 4.2
      vertex 45.9982 38.7135 4.2
      vertex 45.3718 38.0938 4.2
    endloop
  endfacet
  facet normal 0 0 1
    outer loop
      vertex 45.9982 38.7135 4.2
      vertex 45.572 37.5479 4.2
      vertex 45.9056 37.1043 4.2
    endloop
  endfacet
  facet normal -0 0 1
    outer loop
      vertex 51.1284 37.7093 4.2
      vertex 51.8581 37.3298 4.2
      vertex 51.4069 38.0859 4.2
    endloop
  endfacet
  facet normal 0 0 1
    outer loop
      vertex 51.8581 37.3298 4.2
      vertex 51.1284 37.7093 4.2
      vertex 51.5931 37.0447 4.2
    endloop
  endfacet
  facet normal 0 0 1
    outer loop
      vertex 51.5931 37.0447 4.2
      vertex 51.1284 37.7093 4.2
      vertex 51.2379 36.8193 4.2
    endloop
  endfacet
  facet normal -0 0 1
    outer loop
      vertex 50.6643 37.4698 4.2
      vertex 51.2379 36.8193 4.2
      vertex 51.1284 37.7093 4.2
    endloop
  endfacet
  facet normal 0 0 1
    outer loop
      vertex 51.2379 36.8193 4.2
      vertex 50.6643 37.4698 4.2
      vertex 50.7925 36.6534 4.2
    endloop
  endfacet
  facet normal -0 0 1
    outer loop
      vertex 49.1358 38.704 4.2
      vertex 49.8099 38.4999 4.2
      vertex 49.7811 38.857 4.2
    endloop
  endfacet
  facet normal -0 0 1
    outer loop
      vertex 49.1171 38.9451 4.2
      vertex 49.7811 38.857 4.2
      vertex 49.6949 39.194 4.2
    endloop
  endfacet
  facet normal 0 0 1
    outer loop
      vertex 49.0609 39.1745 4.2
      vertex 49.6949 39.194 4.2
      vertex 49.5512 39.511 4.2
    endloop
  endfacet
  facet normal 0 0 1
    outer loop
      vertex 49.8099 38.4999 4.2
      vertex 49.1358 38.704 4.2
      vertex 49.0886 38.3269 4.2
    endloop
  endfacet
  facet normal 0 0 1
    outer loop
      vertex 48.9673 39.3923 4.2
      vertex 49.5512 39.511 4.2
      vertex 49.36 39.7879 4.2
    endloop
  endfacet
  facet normal 0 0 1
    outer loop
      vertex 49.8099 38.4999 4.2
      vertex 49.0886 38.3269 4.2
      vertex 49.7413 37.9387 4.2
    endloop
  endfacet
  facet normal -0 0 1
    outer loop
      vertex 48.947 38.0057 4.2
      vertex 49.7413 37.9387 4.2
      vertex 49.0886 38.3269 4.2
    endloop
  endfacet
  facet normal 0 0 1
    outer loop
      vertex 48.8394 39.5893 4.2
      vertex 49.36 39.7879 4.2
      vertex 49.1313 40.0047 4.2
    endloop
  endfacet
  facet normal 0 0 1
    outer loop
      vertex 49.7811 38.857 4.2
      vertex 49.1171 38.9451 4.2
      vertex 49.1358 38.704 4.2
    endloop
  endfacet
  facet normal 0 0 1
    outer loop
      vertex 49.6949 39.194 4.2
      vertex 49.0609 39.1745 4.2
      vertex 49.1171 38.9451 4.2
    endloop
  endfacet
  facet normal 0 0 1
    outer loop
      vertex 49.5512 39.511 4.2
      vertex 48.9673 39.3923 4.2
      vertex 49.0609 39.1745 4.2
    endloop
  endfacet
  facet normal 0 0 1
    outer loop
      vertex 48.6804 39.7562 4.2
      vertex 49.1313 40.0047 4.2
      vertex 48.8652 40.1613 4.2
    endloop
  endfacet
  facet normal 0 0 1
    outer loop
      vertex 49.36 39.7879 4.2
      vertex 48.8394 39.5893 4.2
      vertex 48.9673 39.3923 4.2
    endloop
  endfacet
  facet normal 0 0 1
    outer loop
      vertex 49.7413 37.9387 4.2
      vertex 48.947 38.0057 4.2
      vertex 49.5356 37.4577 4.2
    endloop
  endfacet
  facet normal -0 0 1
    outer loop
      vertex 48.711 37.7404 4.2
      vertex 49.5356 37.4577 4.2
      vertex 48.947 38.0057 4.2
    endloop
  endfacet
  facet normal 0 0 1
    outer loop
      vertex 49.5356 37.4577 4.2
      vertex 48.711 37.7404 4.2
      vertex 49.1928 37.0568 4.2
    endloop
  endfacet
  facet normal -0 0 1
    outer loop
      vertex 48.3937 37.5426 4.2
      vertex 49.1928 37.0568 4.2
      vertex 48.711 37.7404 4.2
    endloop
  endfacet
  facet normal 0 0 1
    outer loop
      vertex 49.1928 37.0568 4.2
      vertex 48.3937 37.5426 4.2
      vertex 48.7366 36.7562 4.2
    endloop
  endfacet
  facet normal 0 0 1
    outer loop
      vertex 48.3937 37.5426 4.2
      vertex 48.1907 36.5758 4.2
      vertex 48.7366 36.7562 4.2
    endloop
  endfacet
  facet normal -0 0 1
    outer loop
      vertex 48.0084 37.424 4.2
      vertex 48.1907 36.5758 4.2
      vertex 48.3937 37.5426 4.2
    endloop
  endfacet
  facet normal 0 0 1
    outer loop
      vertex 47.5551 36.5157 4.2
      vertex 48.0084 37.424 4.2
      vertex 47.5551 37.3844 4.2
    endloop
  endfacet
  facet normal 0 0 1
    outer loop
      vertex 48.0084 37.424 4.2
      vertex 47.5551 36.5157 4.2
      vertex 48.1907 36.5758 4.2
    endloop
  endfacet
  facet normal 0 0 1
    outer loop
      vertex 47.1102 37.424 4.2
      vertex 47.5551 36.5157 4.2
      vertex 47.5551 37.3844 4.2
    endloop
  endfacet
  facet normal 0 0 1
    outer loop
      vertex 47.1102 37.424 4.2
      vertex 46.9056 36.5811 4.2
      vertex 47.5551 36.5157 4.2
    endloop
  endfacet
  facet normal 0 0 1
    outer loop
      vertex 46.7313 37.5426 4.2
      vertex 46.9056 36.5811 4.2
      vertex 47.1102 37.424 4.2
    endloop
  endfacet
  facet normal 0 0 1
    outer loop
      vertex 45.9056 37.1043 4.2
      vertex 46.7313 37.5426 4.2
      vertex 46.4183 37.7404 4.2
    endloop
  endfacet
  facet normal 0 0 1
    outer loop
      vertex 46.7313 37.5426 4.2
      vertex 46.3558 36.7773 4.2
      vertex 46.9056 36.5811 4.2
    endloop
  endfacet
  facet normal 0 0 1
    outer loop
      vertex 45.9056 37.1043 4.2
      vertex 46.4183 37.7404 4.2
      vertex 46.1849 38.0068 4.2
    endloop
  endfacet
  facet normal 0 0 1
    outer loop
      vertex 45.9056 37.1043 4.2
      vertex 46.1849 38.0068 4.2
      vertex 46.0448 38.3311 4.2
    endloop
  endfacet
  facet normal 0 0 1
    outer loop
      vertex 46.7313 37.5426 4.2
      vertex 45.9056 37.1043 4.2
      vertex 46.3558 36.7773 4.2
    endloop
  endfacet
  facet normal 0 0 1
    outer loop
      vertex 45.9056 37.1043 4.2
      vertex 46.0448 38.3311 4.2
      vertex 45.9982 38.7135 4.2
    endloop
  endfacet
  facet normal 0 0 1
    outer loop
      vertex 52.188 30.8476 4.2
      vertex 51.5101 31.2827 4.2
      vertex 51.5473 30.8571 4.2
    endloop
  endfacet
  facet normal 0 0 1
    outer loop
      vertex 51.9581 32.0881 4.2
      vertex 51.3985 31.6292 4.2
      vertex 51.5101 31.2827 4.2
    endloop
  endfacet
  facet normal 0 0 1
    outer loop
      vertex 50.9454 32.0865 4.2
      vertex 51.6707 32.5375 4.2
      vertex 51.2804 32.8645 4.2
    endloop
  endfacet
  facet normal 0 0 1
    outer loop
      vertex 51.9581 32.0881 4.2
      vertex 51.2126 31.8966 4.2
      vertex 51.3985 31.6292 4.2
    endloop
  endfacet
  facet normal 0 0 1
    outer loop
      vertex 51.6707 32.5375 4.2
      vertex 50.9454 32.0865 4.2
      vertex 51.2126 31.8966 4.2
    endloop
  endfacet
  facet normal 0 0 1
    outer loop
      vertex 50.5902 32.2004 4.2
      vertex 51.2804 32.8645 4.2
      vertex 50.7993 33.0607 4.2
    endloop
  endfacet
  facet normal 0 0 1
    outer loop
      vertex 51.2804 32.8645 4.2
      vertex 50.5902 32.2004 4.2
      vertex 50.9454 32.0865 4.2
    endloop
  endfacet
  facet normal 0 0 1
    outer loop
      vertex 50.2276 33.1261 4.2
      vertex 50.5902 32.2004 4.2
      vertex 50.7993 33.0607 4.2
    endloop
  endfacet
  facet normal 0 0 1
    outer loop
      vertex 50.2276 33.1261 4.2
      vertex 50.1469 32.2384 4.2
      vertex 50.5902 32.2004 4.2
    endloop
  endfacet
  facet normal -0 0 1
    outer loop
      vertex 49.8123 33.0865 4.2
      vertex 50.1469 32.2384 4.2
      vertex 50.2276 33.1261 4.2
    endloop
  endfacet
  facet normal 0 0 1
    outer loop
      vertex 49.8123 33.0865 4.2
      vertex 49.7663 32.1973 4.2
      vertex 50.1469 32.2384 4.2
    endloop
  endfacet
  facet normal -0 0 1
    outer loop
      vertex 49.446 32.9678 4.2
      vertex 49.7663 32.1973 4.2
      vertex 49.8123 33.0865 4.2
    endloop
  endfacet
  facet normal -0 0 1
    outer loop
      vertex 49.1287 32.7701 4.2
      vertex 49.7663 32.1973 4.2
      vertex 49.446 32.9678 4.2
    endloop
  endfacet
  facet normal 0 0 1
    outer loop
      vertex 49.7663 32.1973 4.2
      vertex 49.1287 32.7701 4.2
      vertex 49.4538 32.0738 4.2
    endloop
  endfacet
  facet normal -0 0 1
    outer loop
      vertex 48.8731 32.5011 4.2
      vertex 49.4538 32.0738 4.2
      vertex 49.1287 32.7701 4.2
    endloop
  endfacet
  facet normal 0 0 1
    outer loop
      vertex 49.4538 32.0738 4.2
      vertex 48.8731 32.5011 4.2
      vertex 49.2094 31.8681 4.2
    endloop
  endfacet
  facet normal -0 0 1
    outer loop
      vertex 48.692 32.1688 4.2
      vertex 49.2094 31.8681 4.2
      vertex 48.8731 32.5011 4.2
    endloop
  endfacet
  facet normal 0 0 1
    outer loop
      vertex 48.5852 31.7733 4.2
      vertex 49.2094 31.8681 4.2
      vertex 48.692 32.1688 4.2
    endloop
  endfacet
  facet normal 0 0 1
    outer loop
      vertex 49.2094 31.8681 4.2
      vertex 48.5852 31.7733 4.2
      vertex 49.034 31.5881 4.2
    endloop
  endfacet
  facet normal 0 0 1
    outer loop
      vertex 49.034 31.5881 4.2
      vertex 48.5852 31.7733 4.2
      vertex 48.9288 31.2416 4.2
    endloop
  endfacet
  facet normal 0 -0 1
    outer loop
      vertex 48.697 29.5322 4.2
      vertex 48.8937 30.8286 4.2
      vertex 48.5947 29.8982 4.2
    endloop
  endfacet
  facet normal -0 0 1
    outer loop
      vertex 48.5662 31.7733 4.2
      vertex 48.9288 31.2416 4.2
      vertex 48.5852 31.7733 4.2
    endloop
  endfacet
  facet normal 0 0 1
    outer loop
      vertex 48.8937 30.8286 4.2
      vertex 48.697 29.5322 4.2
      vertex 48.8774 29.2126 4.2
    endloop
  endfacet
  facet normal 0 0 1
    outer loop
      vertex 48.9288 31.2416 4.2
      vertex 48.2221 31.2081 4.2
      vertex 48.8937 30.8286 4.2
    endloop
  endfacet
  facet normal 0 0 1
    outer loop
      vertex 48.2194 30.4724 4.2
      vertex 48.8937 30.8286 4.2
      vertex 48.2529 30.8381 4.2
    endloop
  endfacet
  facet normal 0 0 1
    outer loop
      vertex 48.9288 31.2416 4.2
      vertex 48.5662 31.7733 4.2
      vertex 48.2221 31.2081 4.2
    endloop
  endfacet
  facet normal 0 0 1
    outer loop
      vertex 47.9752 31.7566 4.2
      vertex 48.5662 31.7733 4.2
      vertex 48.4581 32.1145 4.2
    endloop
  endfacet
  facet normal 0 0 1
    outer loop
      vertex 48.8937 30.8286 4.2
      vertex 48.2194 30.4724 4.2
      vertex 48.5947 29.8982 4.2
    endloop
  endfacet
  facet normal 0 0 1
    outer loop
      vertex 47.9752 31.7566 4.2
      vertex 48.4581 32.1145 4.2
      vertex 48.2793 32.404 4.2
    endloop
  endfacet
  facet normal 0 0 1
    outer loop
      vertex 48.5947 29.8982 4.2
      vertex 48.2194 30.4724 4.2
      vertex 48.5757 29.8982 4.2
    endloop
  endfacet
  facet normal -0 0 1
    outer loop
      vertex 48.119 30.1662 4.2
      vertex 48.5757 29.8982 4.2
      vertex 48.2194 30.4724 4.2
    endloop
  endfacet
  facet normal 0 0 1
    outer loop
      vertex 48.8937 30.8286 4.2
      vertex 48.2221 31.2081 4.2
      vertex 48.2529 30.8381 4.2
    endloop
  endfacet
  facet normal 0 0 1
    outer loop
      vertex 48.5662 31.7733 4.2
      vertex 48.1295 31.5143 4.2
      vertex 48.2221 31.2081 4.2
    endloop
  endfacet
  facet normal 0 0 1
    outer loop
      vertex 47.7519 31.932 4.2
      vertex 48.2793 32.404 4.2
      vertex 48.0299 32.6419 4.2
    endloop
  endfacet
  facet normal 0 0 1
    outer loop
      vertex 48.5662 31.7733 4.2
      vertex 47.9752 31.7566 4.2
      vertex 48.1295 31.5143 4.2
    endloop
  endfacet
  facet normal 0 0 1
    outer loop
      vertex 48.2793 32.404 4.2
      vertex 47.7519 31.932 4.2
      vertex 47.9752 31.7566 4.2
    endloop
  endfacet
  facet normal 0 0 1
    outer loop
      vertex 47.452 32.0372 4.2
      vertex 48.0299 32.6419 4.2
      vertex 47.7286 32.8186 4.2
    endloop
  endfacet
  facet normal 0 0 1
    outer loop
      vertex 48.0299 32.6419 4.2
      vertex 47.452 32.0372 4.2
      vertex 47.7519 31.932 4.2
    endloop
  endfacet
  facet normal 0 0 1
    outer loop
      vertex 47.3948 32.9246 4.2
      vertex 47.452 32.0372 4.2
      vertex 47.7286 32.8186 4.2
    endloop
  endfacet
  facet normal 0 0 1
    outer loop
      vertex 47.3948 32.9246 4.2
      vertex 47.0757 32.0723 4.2
      vertex 47.452 32.0372 4.2
    endloop
  endfacet
  facet normal 0 0 1
    outer loop
      vertex 47.0282 32.96 4.2
      vertex 47.0757 32.0723 4.2
      vertex 47.3948 32.9246 4.2
    endloop
  endfacet
  facet normal -0 0 1
    outer loop
      vertex 46.5361 32.8964 4.2
      vertex 47.0757 32.0723 4.2
      vertex 47.0282 32.96 4.2
    endloop
  endfacet
  facet normal 0 0 1
    outer loop
      vertex 46.5361 32.8964 4.2
      vertex 46.4454 31.9341 4.2
      vertex 47.0757 32.0723 4.2
    endloop
  endfacet
  facet normal -0 0 1
    outer loop
      vertex 46.1168 32.7057 4.2
      vertex 46.4454 31.9341 4.2
      vertex 46.5361 32.8964 4.2
    endloop
  endfacet
  facet normal -0 0 1
    outer loop
      vertex 45.7703 32.3879 4.2
      vertex 46.4454 31.9341 4.2
      vertex 46.1168 32.7057 4.2
    endloop
  endfacet
  facet normal 0 0 1
    outer loop
      vertex 46.4454 31.9341 4.2
      vertex 45.7703 32.3879 4.2
      vertex 46.0672 31.5195 4.2
    endloop
  endfacet
  facet normal -0 0 1
    outer loop
      vertex 45.5119 31.9605 4.2
      vertex 46.0672 31.5195 4.2
      vertex 45.7703 32.3879 4.2
    endloop
  endfacet
  facet normal 0 0 1
    outer loop
      vertex 45.3568 31.4407 4.2
      vertex 46.0672 31.5195 4.2
      vertex 45.5119 31.9605 4.2
    endloop
  endfacet
  facet normal 0 -0 1
    outer loop
      vertex 45.3578 30.2297 4.2
      vertex 45.9412 30.8286 4.2
      vertex 45.3051 30.8286 4.2
    endloop
  endfacet
  facet normal 0 0 1
    outer loop
      vertex 46.0672 31.5195 4.2
      vertex 45.3568 31.4407 4.2
      vertex 45.9412 30.8286 4.2
    endloop
  endfacet
  facet normal 0 -0 1
    outer loop
      vertex 45.5161 29.7178 4.2
      vertex 45.9412 30.8286 4.2
      vertex 45.3578 30.2297 4.2
    endloop
  endfacet
  facet normal 0 0 1
    outer loop
      vertex 45.9412 30.8286 4.2
      vertex 45.3568 31.4407 4.2
      vertex 45.3051 30.8286 4.2
    endloop
  endfacet
  facet normal 0 0 1
    outer loop
      vertex 45.9412 30.8286 4.2
      vertex 45.5161 29.7178 4.2
      vertex 45.7798 29.293 4.2
    endloop
  endfacet
  facet normal -0 0 1
    outer loop
      vertex 51.5101 31.2827 4.2
      vertex 52.188 30.8476 4.2
      vertex 52.1306 31.5248 4.2
    endloop
  endfacet
  facet normal 0 0 1
    outer loop
      vertex 52.188 30.8476 4.2
      vertex 51.5473 30.8571 4.2
      vertex 52.1316 30.1844 4.2
    endloop
  endfacet
  facet normal 0 0 1
    outer loop
      vertex 51.5101 31.2827 4.2
      vertex 52.1306 31.5248 4.2
      vertex 51.9581 32.0881 4.2
    endloop
  endfacet
  facet normal 0 0 1
    outer loop
      vertex 51.3938 30.0738 4.2
      vertex 52.1316 30.1844 4.2
      vertex 51.5473 30.8571 4.2
    endloop
  endfacet
  facet normal 0 0 1
    outer loop
      vertex 51.2126 31.8966 4.2
      vertex 51.9581 32.0881 4.2
      vertex 51.6707 32.5375 4.2
    endloop
  endfacet
  facet normal 0 0 1
    outer loop
      vertex 52.1316 30.1844 4.2
      vertex 51.3938 30.0738 4.2
      vertex 51.9623 29.625 4.2
    endloop
  endfacet
  facet normal 0 0 1
    outer loop
      vertex 51.9623 29.625 4.2
      vertex 51.3938 30.0738 4.2
      vertex 51.6801 29.1695 4.2
    endloop
  endfacet
  facet normal -0 0 1
    outer loop
      vertex 50.9333 29.6039 4.2
      vertex 51.6801 29.1695 4.2
      vertex 51.3938 30.0738 4.2
    endloop
  endfacet
  facet normal 0 0 1
    outer loop
      vertex 51.6801 29.1695 4.2
      vertex 50.9333 29.6039 4.2
      vertex 51.294 28.8333 4.2
    endloop
  endfacet
  facet normal 0 0 1
    outer loop
      vertex 50.9333 29.6039 4.2
      vertex 50.813 28.6316 4.2
      vertex 51.294 28.8333 4.2
    endloop
  endfacet
  facet normal -0 0 1
    outer loop
      vertex 50.1659 29.4472 4.2
      vertex 50.813 28.6316 4.2
      vertex 50.9333 29.6039 4.2
    endloop
  endfacet
  facet normal 0 0 1
    outer loop
      vertex 50.813 28.6316 4.2
      vertex 50.1659 29.4472 4.2
      vertex 50.2371 28.5643 4.2
    endloop
  endfacet
  facet normal 0 0 1
    outer loop
      vertex 50.1659 29.4472 4.2
      vertex 49.8236 28.606 4.2
      vertex 50.2371 28.5643 4.2
    endloop
  endfacet
  facet normal 0 0 1
    outer loop
      vertex 49.7985 29.4879 4.2
      vertex 49.8236 28.606 4.2
      vertex 50.1659 29.4472 4.2
    endloop
  endfacet
  facet normal 0 0 1
    outer loop
      vertex 49.1358 28.9393 4.2
      vertex 49.7985 29.4879 4.2
      vertex 49.4876 29.6097 4.2
    endloop
  endfacet
  facet normal 0 0 1
    outer loop
      vertex 49.7985 29.4879 4.2
      vertex 49.4565 28.731 4.2
      vertex 49.8236 28.606 4.2
    endloop
  endfacet
  facet normal 0 0 1
    outer loop
      vertex 48.8774 29.2126 4.2
      vertex 49.4876 29.6097 4.2
      vertex 49.2331 29.8128 4.2
    endloop
  endfacet
  facet normal 0 0 1
    outer loop
      vertex 49.7985 29.4879 4.2
      vertex 49.1358 28.9393 4.2
      vertex 49.4565 28.731 4.2
    endloop
  endfacet
  facet normal 0 0 1
    outer loop
      vertex 48.8774 29.2126 4.2
      vertex 49.2331 29.8128 4.2
      vertex 49.0446 30.0881 4.2
    endloop
  endfacet
  facet normal 0 0 1
    outer loop
      vertex 48.8774 29.2126 4.2
      vertex 49.0446 30.0881 4.2
      vertex 48.9314 30.4267 4.2
    endloop
  endfacet
  facet normal 0 0 1
    outer loop
      vertex 49.4876 29.6097 4.2
      vertex 48.8774 29.2126 4.2
      vertex 49.1358 28.9393 4.2
    endloop
  endfacet
  facet normal 0 0 1
    outer loop
      vertex 48.8774 29.2126 4.2
      vertex 48.9314 30.4267 4.2
      vertex 48.8937 30.8286 4.2
    endloop
  endfacet
  facet normal -0 0 1
    outer loop
      vertex 47.9515 29.9196 4.2
      vertex 48.5757 29.8982 4.2
      vertex 48.119 30.1662 4.2
    endloop
  endfacet
  facet normal 0 0 1
    outer loop
      vertex 48.5757 29.8982 4.2
      vertex 47.9515 29.9196 4.2
      vertex 48.457 29.5599 4.2
    endloop
  endfacet
  facet normal 0 0 1
    outer loop
      vertex 48.457 29.5599 4.2
      vertex 47.9515 29.9196 4.2
      vertex 48.2719 29.2727 4.2
    endloop
  endfacet
  facet normal -0 0 1
    outer loop
      vertex 47.7202 29.739 4.2
      vertex 48.2719 29.2727 4.2
      vertex 47.9515 29.9196 4.2
    endloop
  endfacet
  facet normal 0 0 1
    outer loop
      vertex 48.2719 29.2727 4.2
      vertex 47.7202 29.739 4.2
      vertex 48.0203 29.0366 4.2
    endloop
  endfacet
  facet normal -0 0 1
    outer loop
      vertex 47.4283 29.6306 4.2
      vertex 48.0203 29.0366 4.2
      vertex 47.7202 29.739 4.2
    endloop
  endfacet
  facet normal 0 0 1
    outer loop
      vertex 48.0203 29.0366 4.2
      vertex 47.4283 29.6306 4.2
      vertex 47.7192 28.8613 4.2
    endloop
  endfacet
  facet normal 0 0 1
    outer loop
      vertex 47.4283 29.6306 4.2
      vertex 47.3853 28.7561 4.2
      vertex 47.7192 28.8613 4.2
    endloop
  endfacet
  facet normal -0 0 1
    outer loop
      vertex 47.0757 29.5944 4.2
      vertex 47.3853 28.7561 4.2
      vertex 47.4283 29.6306 4.2
    endloop
  endfacet
  facet normal 0 0 1
    outer loop
      vertex 47.0757 29.5944 4.2
      vertex 47.0187 28.721 4.2
      vertex 47.3853 28.7561 4.2
    endloop
  endfacet
  facet normal 0 0 1
    outer loop
      vertex 46.7302 29.6295 4.2
      vertex 47.0187 28.721 4.2
      vertex 47.0757 29.5944 4.2
    endloop
  endfacet
  facet normal 0 0 1
    outer loop
      vertex 46.7302 29.6295 4.2
      vertex 46.5414 28.7845 4.2
      vertex 47.0187 28.721 4.2
    endloop
  endfacet
  facet normal 0 0 1
    outer loop
      vertex 46.1285 28.9752 4.2
      vertex 46.7302 29.6295 4.2
      vertex 46.447 29.7347 4.2
    endloop
  endfacet
  facet normal 0 0 1
    outer loop
      vertex 45.7798 29.293 4.2
      vertex 46.447 29.7347 4.2
      vertex 46.226 29.9101 4.2
    endloop
  endfacet
  facet normal 0 0 1
    outer loop
      vertex 46.7302 29.6295 4.2
      vertex 46.1285 28.9752 4.2
      vertex 46.5414 28.7845 4.2
    endloop
  endfacet
  facet normal 0 0 1
    outer loop
      vertex 45.7798 29.293 4.2
      vertex 46.226 29.9101 4.2
      vertex 46.0678 30.1525 4.2
    endloop
  endfacet
  facet normal 0 0 1
    outer loop
      vertex 45.7798 29.293 4.2
      vertex 46.0678 30.1525 4.2
      vertex 45.9728 30.4586 4.2
    endloop
  endfacet
  facet normal 0 0 1
    outer loop
      vertex 46.447 29.7347 4.2
      vertex 45.7798 29.293 4.2
      vertex 46.1285 28.9752 4.2
    endloop
  endfacet
  facet normal 0 0 1
    outer loop
      vertex 45.7798 29.293 4.2
      vertex 45.9728 30.4586 4.2
      vertex 45.9412 30.8286 4.2
    endloop
  endfacet
  facet normal 0 0 1
    outer loop
      vertex 52.188 83.094 4.2
      vertex 51.4154 83.5618 4.2
      vertex 51.4903 83.1034 4.2
    endloop
  endfacet
  facet normal 0 0 1
    outer loop
      vertex 51.1907 83.9305 4.2
      vertex 51.7956 84.3819 4.2
      vertex 51.3051 84.8384 4.2
    endloop
  endfacet
  facet normal 0 0 1
    outer loop
      vertex 51.7956 84.3819 4.2
      vertex 51.1907 83.9305 4.2
      vertex 51.4154 83.5618 4.2
    endloop
  endfacet
  facet normal 0 0 1
    outer loop
      vertex 51.3051 84.8384 4.2
      vertex 50.8162 84.2095 4.2
      vertex 51.1907 83.9305 4.2
    endloop
  endfacet
  facet normal 0 0 1
    outer loop
      vertex 50.6284 85.1667 4.2
      vertex 50.8162 84.2095 4.2
      vertex 51.3051 84.8384 4.2
    endloop
  endfacet
  facet normal 0 0 1
    outer loop
      vertex 50.6284 85.1667 4.2
      vertex 50.2867 84.4046 4.2
      vertex 50.8162 84.2095 4.2
    endloop
  endfacet
  facet normal 0 0 1
    outer loop
      vertex 49.7756 85.3637 4.2
      vertex 50.2867 84.4046 4.2
      vertex 50.6284 85.1667 4.2
    endloop
  endfacet
  facet normal 0 0 1
    outer loop
      vertex 49.7756 85.3637 4.2
      vertex 49.5968 84.5217 4.2
      vertex 50.2867 84.4046 4.2
    endloop
  endfacet
  facet normal 0 0 1
    outer loop
      vertex 48.7466 85.4294 4.2
      vertex 49.5968 84.5217 4.2
      vertex 49.7756 85.3637 4.2
    endloop
  endfacet
  facet normal 0 0 1
    outer loop
      vertex 48.7466 85.4294 4.2
      vertex 48.7466 84.5607 4.2
      vertex 49.5968 84.5217 4.2
    endloop
  endfacet
  facet normal 0 0 1
    outer loop
      vertex 48.7466 85.4294 4.2
      vertex 47.87 84.5236 4.2
      vertex 48.7466 84.5607 4.2
    endloop
  endfacet
  facet normal -0 0 1
    outer loop
      vertex 47.7033 85.3669 4.2
      vertex 47.87 84.5236 4.2
      vertex 48.7466 85.4294 4.2
    endloop
  endfacet
  facet normal 0 0 1
    outer loop
      vertex 47.7033 85.3669 4.2
      vertex 47.1706 84.412 4.2
      vertex 47.87 84.5236 4.2
    endloop
  endfacet
  facet normal -0 0 1
    outer loop
      vertex 46.8457 85.1794 4.2
      vertex 47.1706 84.412 4.2
      vertex 47.7033 85.3669 4.2
    endloop
  endfacet
  facet normal 0 0 1
    outer loop
      vertex 46.8457 85.1794 4.2
      vertex 46.6485 84.2261 4.2
      vertex 47.1706 84.412 4.2
    endloop
  endfacet
  facet normal -0 0 1
    outer loop
      vertex 46.1738 84.8669 4.2
      vertex 46.6485 84.2261 4.2
      vertex 46.8457 85.1794 4.2
    endloop
  endfacet
  facet normal 0 0 1
    outer loop
      vertex 46.6485 84.2261 4.2
      vertex 46.1738 84.8669 4.2
      vertex 46.2872 83.9547 4.2
    endloop
  endfacet
  facet normal -0 0 1
    outer loop
      vertex 45.6912 84.423 4.2
      vertex 46.2872 83.9547 4.2
      vertex 46.1738 84.8669 4.2
    endloop
  endfacet
  facet normal 0 0 1
    outer loop
      vertex 45.4016 83.8416 4.2
      vertex 46.2872 83.9547 4.2
      vertex 45.6912 84.423 4.2
    endloop
  endfacet
  facet normal 0 0 1
    outer loop
      vertex 46.2872 83.9547 4.2
      vertex 45.4016 83.8416 4.2
      vertex 46.0704 83.5868 4.2
    endloop
  endfacet
  facet normal -0 0 1
    outer loop
      vertex 51.4154 83.5618 4.2
      vertex 52.188 83.094 4.2
      vertex 52.0899 83.8004 4.2
    endloop
  endfacet
  facet normal 0 0 1
    outer loop
      vertex 51.417 82.6427 4.2
      vertex 52.188 83.094 4.2
      vertex 51.4903 83.1034 4.2
    endloop
  endfacet
  facet normal 0 0 1
    outer loop
      vertex 51.4154 83.5618 4.2
      vertex 52.0899 83.8004 4.2
      vertex 51.7956 84.3819 4.2
    endloop
  endfacet
  facet normal 0 0 1
    outer loop
      vertex 52.188 83.094 4.2
      vertex 51.417 82.6427 4.2
      vertex 52.0905 82.3888 4.2
    endloop
  endfacet
  facet normal 0 0 1
    outer loop
      vertex 51.197 82.2732 4.2
      vertex 52.0905 82.3888 4.2
      vertex 51.417 82.6427 4.2
    endloop
  endfacet
  facet normal 0 0 1
    outer loop
      vertex 52.0905 82.3888 4.2
      vertex 51.197 82.2732 4.2
      vertex 51.7977 81.8112 4.2
    endloop
  endfacet
  facet normal 0 0 1
    outer loop
      vertex 51.7977 81.8112 4.2
      vertex 51.197 82.2732 4.2
      vertex 51.3099 81.3613 4.2
    endloop
  endfacet
  facet normal -0 0 1
    outer loop
      vertex 50.8305 81.995 4.2
      vertex 51.3099 81.3613 4.2
      vertex 51.197 82.2732 4.2
    endloop
  endfacet
  facet normal 0 0 1
    outer loop
      vertex 50.8305 81.995 4.2
      vertex 50.6348 81.0396 4.2
      vertex 51.3099 81.3613 4.2
    endloop
  endfacet
  facet normal -0 0 1
    outer loop
      vertex 50.3057 81.8012 4.2
      vertex 50.6348 81.0396 4.2
      vertex 50.8305 81.995 4.2
    endloop
  endfacet
  facet normal 0 0 1
    outer loop
      vertex 50.3057 81.8012 4.2
      vertex 49.7803 80.8466 4.2
      vertex 50.6348 81.0396 4.2
    endloop
  endfacet
  facet normal -0 0 1
    outer loop
      vertex 49.611 81.6849 4.2
      vertex 49.7803 80.8466 4.2
      vertex 50.3057 81.8012 4.2
    endloop
  endfacet
  facet normal 0 0 1
    outer loop
      vertex 48.7466 80.7822 4.2
      vertex 49.611 81.6849 4.2
      vertex 48.7466 81.6461 4.2
    endloop
  endfacet
  facet normal 0 0 1
    outer loop
      vertex 49.611 81.6849 4.2
      vertex 48.7466 80.7822 4.2
      vertex 49.7803 80.8466 4.2
    endloop
  endfacet
  facet normal 0 0 1
    outer loop
      vertex 47.8605 81.6844 4.2
      vertex 48.7466 80.7822 4.2
      vertex 48.7466 81.6461 4.2
    endloop
  endfacet
  facet normal 0 0 1
    outer loop
      vertex 47.8605 81.6844 4.2
      vertex 47.6938 80.8447 4.2
      vertex 48.7466 80.7822 4.2
    endloop
  endfacet
  facet normal 0 0 1
    outer loop
      vertex 47.158 81.7991 4.2
      vertex 47.6938 80.8447 4.2
      vertex 47.8605 81.6844 4.2
    endloop
  endfacet
  facet normal 0 0 1
    outer loop
      vertex 47.158 81.7991 4.2
      vertex 46.8331 81.0322 4.2
      vertex 47.6938 80.8447 4.2
    endloop
  endfacet
  facet normal 0 0 1
    outer loop
      vertex 46.639 81.9903 4.2
      vertex 46.8331 81.0322 4.2
      vertex 47.158 81.7991 4.2
    endloop
  endfacet
  facet normal 0 0 1
    outer loop
      vertex 46.1643 81.3447 4.2
      vertex 46.639 81.9903 4.2
      vertex 46.283 82.269 4.2
    endloop
  endfacet
  facet normal 0 0 1
    outer loop
      vertex 46.639 81.9903 4.2
      vertex 46.1643 81.3447 4.2
      vertex 46.8331 81.0322 4.2
    endloop
  endfacet
  facet normal -0 0 1
    outer loop
      vertex 45.4006 82.3848 4.2
      vertex 46.283 82.269 4.2
      vertex 46.0694 82.6464 4.2
    endloop
  endfacet
  facet normal -0 0 1
    outer loop
      vertex 45.3051 83.1225 4.2
      vertex 46.0694 82.6464 4.2
      vertex 45.9982 83.1225 4.2
    endloop
  endfacet
  facet normal 0 0 1
    outer loop
      vertex 45.3051 83.1225 4.2
      vertex 46.0704 83.5868 4.2
      vertex 45.4016 83.8416 4.2
    endloop
  endfacet
  facet normal 0 0 1
    outer loop
      vertex 46.0694 82.6464 4.2
      vertex 45.3051 83.1225 4.2
      vertex 45.4006 82.3848 4.2
    endloop
  endfacet
  facet normal 0 0 1
    outer loop
      vertex 46.0704 83.5868 4.2
      vertex 45.3051 83.1225 4.2
      vertex 45.9982 83.1225 4.2
    endloop
  endfacet
  facet normal 0 0 1
    outer loop
      vertex 46.283 82.269 4.2
      vertex 45.4006 82.3848 4.2
      vertex 45.687 81.7923 4.2
    endloop
  endfacet
  facet normal 0 0 1
    outer loop
      vertex 46.283 82.269 4.2
      vertex 45.687 81.7923 4.2
      vertex 46.1643 81.3447 4.2
    endloop
  endfacet
  facet normal 0 0 1
    outer loop
      vertex 52.188 77.8137 4.2
      vertex 51.4154 78.2815 4.2
      vertex 51.4903 77.8231 4.2
    endloop
  endfacet
  facet normal 0 0 1
    outer loop
      vertex 51.1907 78.6502 4.2
      vertex 51.7956 79.1016 4.2
      vertex 51.3051 79.5581 4.2
    endloop
  endfacet
  facet normal 0 0 1
    outer loop
      vertex 51.7956 79.1016 4.2
      vertex 51.1907 78.6502 4.2
      vertex 51.4154 78.2815 4.2
    endloop
  endfacet
  facet normal 0 0 1
    outer loop
      vertex 51.3051 79.5581 4.2
      vertex 50.8162 78.9292 4.2
      vertex 51.1907 78.6502 4.2
    endloop
  endfacet
  facet normal 0 0 1
    outer loop
      vertex 50.6284 79.8864 4.2
      vertex 50.8162 78.9292 4.2
      vertex 51.3051 79.5581 4.2
    endloop
  endfacet
  facet normal 0 0 1
    outer loop
      vertex 50.6284 79.8864 4.2
      vertex 50.2867 79.1243 4.2
      vertex 50.8162 78.9292 4.2
    endloop
  endfacet
  facet normal 0 0 1
    outer loop
      vertex 49.7756 80.0834 4.2
      vertex 50.2867 79.1243 4.2
      vertex 50.6284 79.8864 4.2
    endloop
  endfacet
  facet normal 0 0 1
    outer loop
      vertex 49.7756 80.0834 4.2
      vertex 49.5968 79.2414 4.2
      vertex 50.2867 79.1243 4.2
    endloop
  endfacet
  facet normal 0 0 1
    outer loop
      vertex 48.7466 80.1491 4.2
      vertex 49.5968 79.2414 4.2
      vertex 49.7756 80.0834 4.2
    endloop
  endfacet
  facet normal 0 0 1
    outer loop
      vertex 48.7466 80.1491 4.2
      vertex 48.7466 79.2805 4.2
      vertex 49.5968 79.2414 4.2
    endloop
  endfacet
  facet normal 0 0 1
    outer loop
      vertex 48.7466 80.1491 4.2
      vertex 47.87 79.2433 4.2
      vertex 48.7466 79.2805 4.2
    endloop
  endfacet
  facet normal -0 0 1
    outer loop
      vertex 47.7033 80.0866 4.2
      vertex 47.87 79.2433 4.2
      vertex 48.7466 80.1491 4.2
    endloop
  endfacet
  facet normal 0 0 1
    outer loop
      vertex 47.7033 80.0866 4.2
      vertex 47.1706 79.1317 4.2
      vertex 47.87 79.2433 4.2
    endloop
  endfacet
  facet normal -0 0 1
    outer loop
      vertex 46.8457 79.8991 4.2
      vertex 47.1706 79.1317 4.2
      vertex 47.7033 80.0866 4.2
    endloop
  endfacet
  facet normal 0 0 1
    outer loop
      vertex 46.8457 79.8991 4.2
      vertex 46.6485 78.9458 4.2
      vertex 47.1706 79.1317 4.2
    endloop
  endfacet
  facet normal -0 0 1
    outer loop
      vertex 46.1738 79.5866 4.2
      vertex 46.6485 78.9458 4.2
      vertex 46.8457 79.8991 4.2
    endloop
  endfacet
  facet normal 0 0 1
    outer loop
      vertex 46.6485 78.9458 4.2
      vertex 46.1738 79.5866 4.2
      vertex 46.2872 78.6744 4.2
    endloop
  endfacet
  facet normal -0 0 1
    outer loop
      vertex 45.6912 79.1428 4.2
      vertex 46.2872 78.6744 4.2
      vertex 46.1738 79.5866 4.2
    endloop
  endfacet
  facet normal 0 0 1
    outer loop
      vertex 45.4016 78.5613 4.2
      vertex 46.2872 78.6744 4.2
      vertex 45.6912 79.1428 4.2
    endloop
  endfacet
  facet normal 0 0 1
    outer loop
      vertex 46.2872 78.6744 4.2
      vertex 45.4016 78.5613 4.2
      vertex 46.0704 78.3065 4.2
    endloop
  endfacet
  facet normal -0 0 1
    outer loop
      vertex 51.4154 78.2815 4.2
      vertex 52.188 77.8137 4.2
      vertex 52.0899 78.5202 4.2
    endloop
  endfacet
  facet normal 0 0 1
    outer loop
      vertex 51.417 77.3624 4.2
      vertex 52.188 77.8137 4.2
      vertex 51.4903 77.8231 4.2
    endloop
  endfacet
  facet normal 0 0 1
    outer loop
      vertex 51.4154 78.2815 4.2
      vertex 52.0899 78.5202 4.2
      vertex 51.7956 79.1016 4.2
    endloop
  endfacet
  facet normal 0 0 1
    outer loop
      vertex 52.188 77.8137 4.2
      vertex 51.417 77.3624 4.2
      vertex 52.0905 77.1085 4.2
    endloop
  endfacet
  facet normal 0 0 1
    outer loop
      vertex 51.197 76.993 4.2
      vertex 52.0905 77.1085 4.2
      vertex 51.417 77.3624 4.2
    endloop
  endfacet
  facet normal 0 0 1
    outer loop
      vertex 52.0905 77.1085 4.2
      vertex 51.197 76.993 4.2
      vertex 51.7977 76.5309 4.2
    endloop
  endfacet
  facet normal 0 0 1
    outer loop
      vertex 51.7977 76.5309 4.2
      vertex 51.197 76.993 4.2
      vertex 51.3099 76.081 4.2
    endloop
  endfacet
  facet normal -0 0 1
    outer loop
      vertex 50.8305 76.7148 4.2
      vertex 51.3099 76.081 4.2
      vertex 51.197 76.993 4.2
    endloop
  endfacet
  facet normal 0 0 1
    outer loop
      vertex 50.8305 76.7148 4.2
      vertex 50.6348 75.7593 4.2
      vertex 51.3099 76.081 4.2
    endloop
  endfacet
  facet normal -0 0 1
    outer loop
      vertex 50.3057 76.5209 4.2
      vertex 50.6348 75.7593 4.2
      vertex 50.8305 76.7148 4.2
    endloop
  endfacet
  facet normal 0 0 1
    outer loop
      vertex 50.3057 76.5209 4.2
      vertex 49.7803 75.5663 4.2
      vertex 50.6348 75.7593 4.2
    endloop
  endfacet
  facet normal -0 0 1
    outer loop
      vertex 49.611 76.4046 4.2
      vertex 49.7803 75.5663 4.2
      vertex 50.3057 76.5209 4.2
    endloop
  endfacet
  facet normal 0 0 1
    outer loop
      vertex 48.7466 75.5019 4.2
      vertex 49.611 76.4046 4.2
      vertex 48.7466 76.3659 4.2
    endloop
  endfacet
  facet normal 0 0 1
    outer loop
      vertex 49.611 76.4046 4.2
      vertex 48.7466 75.5019 4.2
      vertex 49.7803 75.5663 4.2
    endloop
  endfacet
  facet normal 0 0 1
    outer loop
      vertex 47.8605 76.4041 4.2
      vertex 48.7466 75.5019 4.2
      vertex 48.7466 76.3659 4.2
    endloop
  endfacet
  facet normal 0 0 1
    outer loop
      vertex 47.8605 76.4041 4.2
      vertex 47.6938 75.5644 4.2
      vertex 48.7466 75.5019 4.2
    endloop
  endfacet
  facet normal 0 0 1
    outer loop
      vertex 47.158 76.5188 4.2
      vertex 47.6938 75.5644 4.2
      vertex 47.8605 76.4041 4.2
    endloop
  endfacet
  facet normal 0 0 1
    outer loop
      vertex 47.158 76.5188 4.2
      vertex 46.8331 75.7519 4.2
      vertex 47.6938 75.5644 4.2
    endloop
  endfacet
  facet normal 0 0 1
    outer loop
      vertex 46.639 76.71 4.2
      vertex 46.8331 75.7519 4.2
      vertex 47.158 76.5188 4.2
    endloop
  endfacet
  facet normal 0 0 1
    outer loop
      vertex 46.1643 76.0645 4.2
      vertex 46.639 76.71 4.2
      vertex 46.283 76.9888 4.2
    endloop
  endfacet
  facet normal 0 0 1
    outer loop
      vertex 46.639 76.71 4.2
      vertex 46.1643 76.0645 4.2
      vertex 46.8331 75.7519 4.2
    endloop
  endfacet
  facet normal -0 0 1
    outer loop
      vertex 45.4006 77.1046 4.2
      vertex 46.283 76.9888 4.2
      vertex 46.0694 77.3661 4.2
    endloop
  endfacet
  facet normal -0 0 1
    outer loop
      vertex 45.3051 77.8422 4.2
      vertex 46.0694 77.3661 4.2
      vertex 45.9982 77.8422 4.2
    endloop
  endfacet
  facet normal 0 0 1
    outer loop
      vertex 45.3051 77.8422 4.2
      vertex 46.0704 78.3065 4.2
      vertex 45.4016 78.5613 4.2
    endloop
  endfacet
  facet normal 0 0 1
    outer loop
      vertex 46.0694 77.3661 4.2
      vertex 45.3051 77.8422 4.2
      vertex 45.4006 77.1046 4.2
    endloop
  endfacet
  facet normal 0 0 1
    outer loop
      vertex 46.0704 78.3065 4.2
      vertex 45.3051 77.8422 4.2
      vertex 45.9982 77.8422 4.2
    endloop
  endfacet
  facet normal 0 0 1
    outer loop
      vertex 46.283 76.9888 4.2
      vertex 45.4006 77.1046 4.2
      vertex 45.687 76.512 4.2
    endloop
  endfacet
  facet normal 0 0 1
    outer loop
      vertex 46.283 76.9888 4.2
      vertex 45.687 76.512 4.2
      vertex 46.1643 76.0645 4.2
    endloop
  endfacet
  facet normal -0 0 1
    outer loop
      vertex 51.0535 35.2354 4.2
      vertex 52.0931 34.3098 4.2
      vertex 52.0931 35.2354 4.2
    endloop
  endfacet
  facet normal 0 0 1
    outer loop
      vertex 52.0931 34.3098 4.2
      vertex 51.0535 35.2354 4.2
      vertex 51.0535 34.3098 4.2
    endloop
  endfacet
  facet normal 0 0 1
    outer loop
      vertex 52.188 44.0318 4.2
      vertex 51.4154 44.4996 4.2
      vertex 51.4903 44.0412 4.2
    endloop
  endfacet
  facet normal 0 0 1
    outer loop
      vertex 51.1907 44.8683 4.2
      vertex 51.7956 45.3197 4.2
      vertex 51.3051 45.7762 4.2
    endloop
  endfacet
  facet normal 0 0 1
    outer loop
      vertex 51.7956 45.3197 4.2
      vertex 51.1907 44.8683 4.2
      vertex 51.4154 44.4996 4.2
    endloop
  endfacet
  facet normal 0 0 1
    outer loop
      vertex 51.3051 45.7762 4.2
      vertex 50.8162 45.1473 4.2
      vertex 51.1907 44.8683 4.2
    endloop
  endfacet
  facet normal 0 0 1
    outer loop
      vertex 50.6284 46.1045 4.2
      vertex 50.8162 45.1473 4.2
      vertex 51.3051 45.7762 4.2
    endloop
  endfacet
  facet normal 0 0 1
    outer loop
      vertex 50.6284 46.1045 4.2
      vertex 50.2867 45.3425 4.2
      vertex 50.8162 45.1473 4.2
    endloop
  endfacet
  facet normal 0 0 1
    outer loop
      vertex 49.7756 46.3015 4.2
      vertex 50.2867 45.3425 4.2
      vertex 50.6284 46.1045 4.2
    endloop
  endfacet
  facet normal 0 0 1
    outer loop
      vertex 49.7756 46.3015 4.2
      vertex 49.5968 45.4595 4.2
      vertex 50.2867 45.3425 4.2
    endloop
  endfacet
  facet normal 0 0 1
    outer loop
      vertex 48.7466 46.3672 4.2
      vertex 49.5968 45.4595 4.2
      vertex 49.7756 46.3015 4.2
    endloop
  endfacet
  facet normal 0 0 1
    outer loop
      vertex 48.7466 46.3672 4.2
      vertex 48.7466 45.4986 4.2
      vertex 49.5968 45.4595 4.2
    endloop
  endfacet
  facet normal 0 0 1
    outer loop
      vertex 48.7466 46.3672 4.2
      vertex 47.87 45.4614 4.2
      vertex 48.7466 45.4986 4.2
    endloop
  endfacet
  facet normal -0 0 1
    outer loop
      vertex 47.7033 46.3047 4.2
      vertex 47.87 45.4614 4.2
      vertex 48.7466 46.3672 4.2
    endloop
  endfacet
  facet normal 0 0 1
    outer loop
      vertex 47.7033 46.3047 4.2
      vertex 47.1706 45.3498 4.2
      vertex 47.87 45.4614 4.2
    endloop
  endfacet
  facet normal -0 0 1
    outer loop
      vertex 46.8457 46.1172 4.2
      vertex 47.1706 45.3498 4.2
      vertex 47.7033 46.3047 4.2
    endloop
  endfacet
  facet normal 0 0 1
    outer loop
      vertex 46.8457 46.1172 4.2
      vertex 46.6485 45.1639 4.2
      vertex 47.1706 45.3498 4.2
    endloop
  endfacet
  facet normal -0 0 1
    outer loop
      vertex 46.1738 45.8047 4.2
      vertex 46.6485 45.1639 4.2
      vertex 46.8457 46.1172 4.2
    endloop
  endfacet
  facet normal 0 0 1
    outer loop
      vertex 46.6485 45.1639 4.2
      vertex 46.1738 45.8047 4.2
      vertex 46.2872 44.8925 4.2
    endloop
  endfacet
  facet normal -0 0 1
    outer loop
      vertex 45.6912 45.3609 4.2
      vertex 46.2872 44.8925 4.2
      vertex 46.1738 45.8047 4.2
    endloop
  endfacet
  facet normal 0 0 1
    outer loop
      vertex 45.4016 44.7794 4.2
      vertex 46.2872 44.8925 4.2
      vertex 45.6912 45.3609 4.2
    endloop
  endfacet
  facet normal 0 0 1
    outer loop
      vertex 46.2872 44.8925 4.2
      vertex 45.4016 44.7794 4.2
      vertex 46.0704 44.5247 4.2
    endloop
  endfacet
  facet normal -0 0 1
    outer loop
      vertex 51.4154 44.4996 4.2
      vertex 52.188 44.0318 4.2
      vertex 52.0899 44.7383 4.2
    endloop
  endfacet
  facet normal 0 0 1
    outer loop
      vertex 51.417 43.5805 4.2
      vertex 52.188 44.0318 4.2
      vertex 51.4903 44.0412 4.2
    endloop
  endfacet
  facet normal 0 0 1
    outer loop
      vertex 51.4154 44.4996 4.2
      vertex 52.0899 44.7383 4.2
      vertex 51.7956 45.3197 4.2
    endloop
  endfacet
  facet normal 0 0 1
    outer loop
      vertex 52.188 44.0318 4.2
      vertex 51.417 43.5805 4.2
      vertex 52.0905 43.3266 4.2
    endloop
  endfacet
  facet normal 0 0 1
    outer loop
      vertex 51.197 43.2111 4.2
      vertex 52.0905 43.3266 4.2
      vertex 51.417 43.5805 4.2
    endloop
  endfacet
  facet normal 0 0 1
    outer loop
      vertex 52.0905 43.3266 4.2
      vertex 51.197 43.2111 4.2
      vertex 51.7977 42.7491 4.2
    endloop
  endfacet
  facet normal 0 0 1
    outer loop
      vertex 51.7977 42.7491 4.2
      vertex 51.197 43.2111 4.2
      vertex 51.3099 42.2991 4.2
    endloop
  endfacet
  facet normal -0 0 1
    outer loop
      vertex 50.8305 42.9329 4.2
      vertex 51.3099 42.2991 4.2
      vertex 51.197 43.2111 4.2
    endloop
  endfacet
  facet normal 0 0 1
    outer loop
      vertex 50.8305 42.9329 4.2
      vertex 50.6348 41.9774 4.2
      vertex 51.3099 42.2991 4.2
    endloop
  endfacet
  facet normal -0 0 1
    outer loop
      vertex 50.3057 42.739 4.2
      vertex 50.6348 41.9774 4.2
      vertex 50.8305 42.9329 4.2
    endloop
  endfacet
  facet normal 0 0 1
    outer loop
      vertex 50.3057 42.739 4.2
      vertex 49.7803 41.7844 4.2
      vertex 50.6348 41.9774 4.2
    endloop
  endfacet
  facet normal -0 0 1
    outer loop
      vertex 49.611 42.6227 4.2
      vertex 49.7803 41.7844 4.2
      vertex 50.3057 42.739 4.2
    endloop
  endfacet
  facet normal 0 0 1
    outer loop
      vertex 48.7466 41.72 4.2
      vertex 49.611 42.6227 4.2
      vertex 48.7466 42.584 4.2
    endloop
  endfacet
  facet normal 0 0 1
    outer loop
      vertex 49.611 42.6227 4.2
      vertex 48.7466 41.72 4.2
      vertex 49.7803 41.7844 4.2
    endloop
  endfacet
  facet normal 0 0 1
    outer loop
      vertex 47.8605 42.6222 4.2
      vertex 48.7466 41.72 4.2
      vertex 48.7466 42.584 4.2
    endloop
  endfacet
  facet normal 0 0 1
    outer loop
      vertex 47.8605 42.6222 4.2
      vertex 47.6938 41.7825 4.2
      vertex 48.7466 41.72 4.2
    endloop
  endfacet
  facet normal 0 0 1
    outer loop
      vertex 47.158 42.7369 4.2
      vertex 47.6938 41.7825 4.2
      vertex 47.8605 42.6222 4.2
    endloop
  endfacet
  facet normal 0 0 1
    outer loop
      vertex 47.158 42.7369 4.2
      vertex 46.8331 41.97 4.2
      vertex 47.6938 41.7825 4.2
    endloop
  endfacet
  facet normal 0 0 1
    outer loop
      vertex 46.639 42.9281 4.2
      vertex 46.8331 41.97 4.2
      vertex 47.158 42.7369 4.2
    endloop
  endfacet
  facet normal 0 0 1
    outer loop
      vertex 46.1643 42.2826 4.2
      vertex 46.639 42.9281 4.2
      vertex 46.283 43.2069 4.2
    endloop
  endfacet
  facet normal 0 0 1
    outer loop
      vertex 46.639 42.9281 4.2
      vertex 46.1643 42.2826 4.2
      vertex 46.8331 41.97 4.2
    endloop
  endfacet
  facet normal -0 0 1
    outer loop
      vertex 45.4006 43.3227 4.2
      vertex 46.283 43.2069 4.2
      vertex 46.0694 43.5843 4.2
    endloop
  endfacet
  facet normal -0 0 1
    outer loop
      vertex 45.3051 44.0603 4.2
      vertex 46.0694 43.5843 4.2
      vertex 45.9982 44.0603 4.2
    endloop
  endfacet
  facet normal 0 0 1
    outer loop
      vertex 45.3051 44.0603 4.2
      vertex 46.0704 44.5247 4.2
      vertex 45.4016 44.7794 4.2
    endloop
  endfacet
  facet normal 0 0 1
    outer loop
      vertex 46.0694 43.5843 4.2
      vertex 45.3051 44.0603 4.2
      vertex 45.4006 43.3227 4.2
    endloop
  endfacet
  facet normal 0 0 1
    outer loop
      vertex 46.0704 44.5247 4.2
      vertex 45.3051 44.0603 4.2
      vertex 45.9982 44.0603 4.2
    endloop
  endfacet
  facet normal 0 0 1
    outer loop
      vertex 46.283 43.2069 4.2
      vertex 45.4006 43.3227 4.2
      vertex 45.687 42.7301 4.2
    endloop
  endfacet
  facet normal 0 0 1
    outer loop
      vertex 46.283 43.2069 4.2
      vertex 45.687 42.7301 4.2
      vertex 46.1643 42.2826 4.2
    endloop
  endfacet
  facet normal 0 0 1
    outer loop
      vertex 51.3669 59.9474 4.2
      vertex 46.2213 59.0881 4.2
      vertex 51.3669 59.0881 4.2
    endloop
  endfacet
  facet normal 0 -0 1
    outer loop
      vertex 46.2213 59.0881 4.2
      vertex 51.3669 59.9474 4.2
      vertex 45.4048 59.9474 4.2
    endloop
  endfacet
  facet normal 0 0 1
    outer loop
      vertex 51.3669 59.9474 4.2
      vertex 52.0931 61.5755 4.2
      vertex 51.3669 61.5755 4.2
    endloop
  endfacet
  facet normal 0 0 1
    outer loop
      vertex 51.3669 59.0881 4.2
      vertex 52.0931 61.5755 4.2
      vertex 51.3669 59.9474 4.2
    endloop
  endfacet
  facet normal 0 0 1
    outer loop
      vertex 52.0931 61.5755 4.2
      vertex 51.3669 59.0881 4.2
      vertex 52.0931 57.384 4.2
    endloop
  endfacet
  facet normal 0 0 1
    outer loop
      vertex 52.0931 57.384 4.2
      vertex 51.3669 59.0881 4.2
      vertex 51.3669 57.384 4.2
    endloop
  endfacet
  facet normal 0 0 1
    outer loop
      vertex 46.2213 59.0881 4.2
      vertex 46.4918 57.5786 4.2
      vertex 47.2988 57.5786 4.2
    endloop
  endfacet
  facet normal -0 0 1
    outer loop
      vertex 45.4048 59.1594 4.2
      vertex 46.2213 59.0881 4.2
      vertex 45.4048 59.9474 4.2
    endloop
  endfacet
  facet normal 0 0 1
    outer loop
      vertex 46.2213 59.0881 4.2
      vertex 45.4048 59.1594 4.2
      vertex 46.4918 57.5786 4.2
    endloop
  endfacet
  facet normal -0 0 1
    outer loop
      vertex 51.3669 63.3526 4.2
      vertex 52.0931 62.4127 4.2
      vertex 52.0931 66.8415 4.2
    endloop
  endfacet
  facet normal 0 0 1
    outer loop
      vertex 51.3669 63.3526 4.2
      vertex 52.0931 66.8415 4.2
      vertex 51.3669 66.8415 4.2
    endloop
  endfacet
  facet normal 0 0 1
    outer loop
      vertex 52.0931 62.4127 4.2
      vertex 51.3669 63.3526 4.2
      vertex 51.4903 62.4127 4.2
    endloop
  endfacet
  facet normal 0 0 1
    outer loop
      vertex 50.8078 62.7829 4.2
      vertex 51.3669 63.3526 4.2
      vertex 51.1424 63.4676 4.2
    endloop
  endfacet
  facet normal 0 0 1
    outer loop
      vertex 51.3669 63.3526 4.2
      vertex 51.1345 62.586 4.2
      vertex 51.4903 62.4127 4.2
    endloop
  endfacet
  facet normal 0 0 1
    outer loop
      vertex 50.5101 63.0037 4.2
      vertex 51.1424 63.4676 4.2
      vertex 50.9122 63.6226 4.2
    endloop
  endfacet
  facet normal 0 0 1
    outer loop
      vertex 51.3669 63.3526 4.2
      vertex 50.8078 62.7829 4.2
      vertex 51.1345 62.586 4.2
    endloop
  endfacet
  facet normal 0 0 1
    outer loop
      vertex 50.2358 63.2402 4.2
      vertex 50.9122 63.6226 4.2
      vertex 50.6762 63.8177 4.2
    endloop
  endfacet
  facet normal 0 0 1
    outer loop
      vertex 51.1424 63.4676 4.2
      vertex 50.5101 63.0037 4.2
      vertex 50.8078 62.7829 4.2
    endloop
  endfacet
  facet normal 0 0 1
    outer loop
      vertex 49.9794 63.4847 4.2
      vertex 50.6762 63.8177 4.2
      vertex 50.4275 64.0577 4.2
    endloop
  endfacet
  facet normal 0 0 1
    outer loop
      vertex 50.9122 63.6226 4.2
      vertex 50.2358 63.2402 4.2
      vertex 50.5101 63.0037 4.2
    endloop
  endfacet
  facet normal 0 0 1
    outer loop
      vertex 49.741 63.737 4.2
      vertex 50.4275 64.0577 4.2
      vertex 50.1593 64.3473 4.2
    endloop
  endfacet
  facet normal 0 0 1
    outer loop
      vertex 50.6762 63.8177 4.2
      vertex 49.9794 63.4847 4.2
      vertex 50.2358 63.2402 4.2
    endloop
  endfacet
  facet normal 0 0 1
    outer loop
      vertex 49.5171 63.9926 4.2
      vertex 50.1593 64.3473 4.2
      vertex 49.8716 64.6864 4.2
    endloop
  endfacet
  facet normal 0 0 1
    outer loop
      vertex 50.4275 64.0577 4.2
      vertex 49.741 63.737 4.2
      vertex 49.9794 63.4847 4.2
    endloop
  endfacet
  facet normal 0 0 1
    outer loop
      vertex 50.1593 64.3473 4.2
      vertex 49.5171 63.9926 4.2
      vertex 49.741 63.737 4.2
    endloop
  endfacet
  facet normal 0 0 1
    outer loop
      vertex 49.1026 64.4989 4.2
      vertex 49.8716 64.6864 4.2
      vertex 49.3806 65.2767 4.2
    endloop
  endfacet
  facet normal 0 0 1
    outer loop
      vertex 49.8716 64.6864 4.2
      vertex 49.3043 64.2466 4.2
      vertex 49.5171 63.9926 4.2
    endloop
  endfacet
  facet normal 0 0 1
    outer loop
      vertex 49.8716 64.6864 4.2
      vertex 49.1026 64.4989 4.2
      vertex 49.3043 64.2466 4.2
    endloop
  endfacet
  facet normal 0 0 1
    outer loop
      vertex 48.7102 64.9694 4.2
      vertex 49.3806 65.2767 4.2
      vertex 48.9834 65.7244 4.2
    endloop
  endfacet
  facet normal 0 0 1
    outer loop
      vertex 49.3806 65.2767 4.2
      vertex 48.9064 64.7423 4.2
      vertex 49.1026 64.4989 4.2
    endloop
  endfacet
  facet normal 0 0 1
    outer loop
      vertex 49.3806 65.2767 4.2
      vertex 48.7102 64.9694 4.2
      vertex 48.9064 64.7423 4.2
    endloop
  endfacet
  facet normal 0 0 1
    outer loop
      vertex 48.3146 65.3697 4.2
      vertex 48.9834 65.7244 4.2
      vertex 48.6801 66.0298 4.2
    endloop
  endfacet
  facet normal 0 0 1
    outer loop
      vertex 48.9834 65.7244 4.2
      vertex 48.514 65.1801 4.2
      vertex 48.7102 64.9694 4.2
    endloop
  endfacet
  facet normal 0 0 1
    outer loop
      vertex 48.1089 65.5335 4.2
      vertex 48.6801 66.0298 4.2
      vertex 48.4238 66.2448 4.2
    endloop
  endfacet
  facet normal 0 0 1
    outer loop
      vertex 48.9834 65.7244 4.2
      vertex 48.3146 65.3697 4.2
      vertex 48.514 65.1801 4.2
    endloop
  endfacet
  facet normal 0 0 1
    outer loop
      vertex 47.8969 65.6714 4.2
      vertex 48.4238 66.2448 4.2
      vertex 48.1675 66.4212 4.2
    endloop
  endfacet
  facet normal 0 0 1
    outer loop
      vertex 48.6801 66.0298 4.2
      vertex 48.1089 65.5335 4.2
      vertex 48.3146 65.3697 4.2
    endloop
  endfacet
  facet normal 0 0 1
    outer loop
      vertex 47.6722 65.7756 4.2
      vertex 48.1675 66.4212 4.2
      vertex 47.9111 66.5591 4.2
    endloop
  endfacet
  facet normal 0 0 1
    outer loop
      vertex 48.4238 66.2448 4.2
      vertex 47.8969 65.6714 4.2
      vertex 48.1089 65.5335 4.2
    endloop
  endfacet
  facet normal 0 0 1
    outer loop
      vertex 48.1675 66.4212 4.2
      vertex 47.6722 65.7756 4.2
      vertex 47.8969 65.6714 4.2
    endloop
  endfacet
  facet normal 0 0 1
    outer loop
      vertex 47.4285 65.8381 4.2
      vertex 47.9111 66.5591 4.2
      vertex 47.6543 66.658 4.2
    endloop
  endfacet
  facet normal 0 0 1
    outer loop
      vertex 47.9111 66.5591 4.2
      vertex 47.4285 65.8381 4.2
      vertex 47.6722 65.7756 4.2
    endloop
  endfacet
  facet normal 0 0 1
    outer loop
      vertex 47.3964 66.7173 4.2
      vertex 47.4285 65.8381 4.2
      vertex 47.6543 66.658 4.2
    endloop
  endfacet
  facet normal 0 0 1
    outer loop
      vertex 47.3964 66.7173 4.2
      vertex 47.1659 65.8589 4.2
      vertex 47.4285 65.8381 4.2
    endloop
  endfacet
  facet normal 0 0 1
    outer loop
      vertex 47.1374 66.7371 4.2
      vertex 47.1659 65.8589 4.2
      vertex 47.3964 66.7173 4.2
    endloop
  endfacet
  facet normal 0 0 1
    outer loop
      vertex 47.1374 66.7371 4.2
      vertex 46.8262 65.8231 4.2
      vertex 47.1659 65.8589 4.2
    endloop
  endfacet
  facet normal -0 0 1
    outer loop
      vertex 46.5965 66.6767 4.2
      vertex 46.8262 65.8231 4.2
      vertex 47.1374 66.7371 4.2
    endloop
  endfacet
  facet normal 0 0 1
    outer loop
      vertex 46.5965 66.6767 4.2
      vertex 46.5414 65.7155 4.2
      vertex 46.8262 65.8231 4.2
    endloop
  endfacet
  facet normal -0 0 1
    outer loop
      vertex 46.1447 66.4955 4.2
      vertex 46.5414 65.7155 4.2
      vertex 46.5965 66.6767 4.2
    endloop
  endfacet
  facet normal -0 0 1
    outer loop
      vertex 45.7821 66.1936 4.2
      vertex 46.5414 65.7155 4.2
      vertex 46.1447 66.4955 4.2
    endloop
  endfacet
  facet normal 0 0 1
    outer loop
      vertex 46.5414 65.7155 4.2
      vertex 45.7821 66.1936 4.2
      vertex 46.3114 65.5361 4.2
    endloop
  endfacet
  facet normal -0 0 1
    outer loop
      vertex 45.5171 65.7793 4.2
      vertex 46.3114 65.5361 4.2
      vertex 45.7821 66.1936 4.2
    endloop
  endfacet
  facet normal 0 0 1
    outer loop
      vertex 46.3114 65.5361 4.2
      vertex 45.5171 65.7793 4.2
      vertex 46.1426 65.293 4.2
    endloop
  endfacet
  facet normal 0 0 1
    outer loop
      vertex 45.3581 65.2611 4.2
      vertex 46.1426 65.293 4.2
      vertex 45.5171 65.7793 4.2
    endloop
  endfacet
  facet normal 0 0 1
    outer loop
      vertex 46.5583 62.5685 4.2
      vertex 47.1374 63.3241 4.2
      vertex 46.8064 63.3977 4.2
    endloop
  endfacet
  facet normal 0 0 1
    outer loop
      vertex 47.1374 63.3241 4.2
      vertex 46.5583 62.5685 4.2
      vertex 47.0567 62.4507 4.2
    endloop
  endfacet
  facet normal 0 0 1
    outer loop
      vertex 46.1327 62.7956 4.2
      vertex 46.8064 63.3977 4.2
      vertex 46.5288 63.5361 4.2
    endloop
  endfacet
  facet normal 0 0 1
    outer loop
      vertex 45.7798 63.1318 4.2
      vertex 46.5288 63.5361 4.2
      vertex 46.3043 63.7394 4.2
    endloop
  endfacet
  facet normal 0 0 1
    outer loop
      vertex 45.5161 63.5598 4.2
      vertex 46.3043 63.7394 4.2
      vertex 46.1395 63.9966 4.2
    endloop
  endfacet
  facet normal 0 0 1
    outer loop
      vertex 46.8064 63.3977 4.2
      vertex 46.1327 62.7956 4.2
      vertex 46.5583 62.5685 4.2
    endloop
  endfacet
  facet normal -0 0 1
    outer loop
      vertex 45.3578 64.0622 4.2
      vertex 46.1395 63.9966 4.2
      vertex 46.0406 64.2964 4.2
    endloop
  endfacet
  facet normal -0 0 1
    outer loop
      vertex 45.3051 64.639 4.2
      vertex 46.0406 64.2964 4.2
      vertex 46.0076 64.639 4.2
    endloop
  endfacet
  facet normal 0 0 1
    outer loop
      vertex 46.1426 65.293 4.2
      vertex 45.3581 65.2611 4.2
      vertex 46.0414 64.9939 4.2
    endloop
  endfacet
  facet normal 0 0 1
    outer loop
      vertex 46.0406 64.2964 4.2
      vertex 45.3051 64.639 4.2
      vertex 45.3578 64.0622 4.2
    endloop
  endfacet
  facet normal 0 0 1
    outer loop
      vertex 45.3051 64.639 4.2
      vertex 46.0414 64.9939 4.2
      vertex 45.3581 65.2611 4.2
    endloop
  endfacet
  facet normal 0 0 1
    outer loop
      vertex 46.1395 63.9966 4.2
      vertex 45.3578 64.0622 4.2
      vertex 45.5161 63.5598 4.2
    endloop
  endfacet
  facet normal 0 0 1
    outer loop
      vertex 46.0414 64.9939 4.2
      vertex 45.3051 64.639 4.2
      vertex 46.0076 64.639 4.2
    endloop
  endfacet
  facet normal 0 0 1
    outer loop
      vertex 46.3043 63.7394 4.2
      vertex 45.5161 63.5598 4.2
      vertex 45.7798 63.1318 4.2
    endloop
  endfacet
  facet normal 0 0 1
    outer loop
      vertex 46.5288 63.5361 4.2
      vertex 45.7798 63.1318 4.2
      vertex 46.1327 62.7956 4.2
    endloop
  endfacet
  facet normal 0 0 1
    outer loop
      vertex 51.4829 69.8525 4.2
      vertex 52.0931 68.9367 4.2
      vertex 52.0931 69.829 4.2
    endloop
  endfacet
  facet normal 0 0 1
    outer loop
      vertex 51.4829 69.8525 4.2
      vertex 51.2237 68.9971 4.2
      vertex 52.0931 68.9367 4.2
    endloop
  endfacet
  facet normal 0 0 1
    outer loop
      vertex 50.8864 69.9229 4.2
      vertex 51.2237 68.9971 4.2
      vertex 51.4829 69.8525 4.2
    endloop
  endfacet
  facet normal 0 0 1
    outer loop
      vertex 50.8864 69.9229 4.2
      vertex 50.3241 69.1782 4.2
      vertex 51.2237 68.9971 4.2
    endloop
  endfacet
  facet normal 0 0 1
    outer loop
      vertex 50.3036 70.0403 4.2
      vertex 50.3241 69.1782 4.2
      vertex 50.8864 69.9229 4.2
    endloop
  endfacet
  facet normal 0 0 1
    outer loop
      vertex 49.3946 69.4802 4.2
      vertex 50.3036 70.0403 4.2
      vertex 49.725 70.2046 4.2
    endloop
  endfacet
  facet normal 0 0 1
    outer loop
      vertex 50.3036 70.0403 4.2
      vertex 49.3946 69.4802 4.2
      vertex 50.3241 69.1782 4.2
    endloop
  endfacet
  facet normal 0 0 1
    outer loop
      vertex 49.1411 70.4158 4.2
      vertex 49.3946 69.4802 4.2
      vertex 49.725 70.2046 4.2
    endloop
  endfacet
  facet normal 0 0 1
    outer loop
      vertex 48.4022 69.9235 4.2
      vertex 49.1411 70.4158 4.2
      vertex 48.552 70.674 4.2
    endloop
  endfacet
  facet normal 0 0 1
    outer loop
      vertex 49.1411 70.4158 4.2
      vertex 48.4022 69.9235 4.2
      vertex 49.3946 69.4802 4.2
    endloop
  endfacet
  facet normal 0 0 1
    outer loop
      vertex 47.8848 71.0226 4.2
      vertex 48.4022 69.9235 4.2
      vertex 48.552 70.674 4.2
    endloop
  endfacet
  facet normal 0 0 1
    outer loop
      vertex 47.8848 71.0226 4.2
      vertex 47.3144 70.5287 4.2
      vertex 48.4022 69.9235 4.2
    endloop
  endfacet
  facet normal 0 0 1
    outer loop
      vertex 47.0667 71.5052 4.2
      vertex 47.3144 70.5287 4.2
      vertex 47.8848 71.0226 4.2
    endloop
  endfacet
  facet normal 0 0 1
    outer loop
      vertex 47.0667 71.5052 4.2
      vertex 46.131 71.2958 4.2
      vertex 47.3144 70.5287 4.2
    endloop
  endfacet
  facet normal 0 0 1
    outer loop
      vertex 46.0978 72.1218 4.2
      vertex 46.131 71.2958 4.2
      vertex 47.0667 71.5052 4.2
    endloop
  endfacet
  facet normal -0 0 1
    outer loop
      vertex 45.4048 72.1218 4.2
      vertex 46.131 71.2958 4.2
      vertex 46.0978 72.1218 4.2
    endloop
  endfacet
  facet normal 0 0 1
    outer loop
      vertex 45.4048 67.7024 4.2
      vertex 46.131 71.2958 4.2
      vertex 45.4048 72.1218 4.2
    endloop
  endfacet
  facet normal 0 0 1
    outer loop
      vertex 46.131 71.2958 4.2
      vertex 45.4048 67.7024 4.2
      vertex 46.131 67.7024 4.2
    endloop
  endfacet
  facet normal 0 0 1
    outer loop
      vertex 52.0931 95.7779 4.2
      vertex 48.8368 94.933 4.2
      vertex 52.0931 94.933 4.2
    endloop
  endfacet
  facet normal -0 0 1
    outer loop
      vertex 48.6706 95.7779 4.2
      vertex 48.8368 94.933 4.2
      vertex 52.0931 95.7779 4.2
    endloop
  endfacet
  facet normal 0 0 1
    outer loop
      vertex 48.6706 95.7779 4.2
      vertex 48.3911 94.9103 4.2
      vertex 48.8368 94.933 4.2
    endloop
  endfacet
  facet normal -0 0 1
    outer loop
      vertex 48.0883 95.7386 4.2
      vertex 48.3911 94.9103 4.2
      vertex 48.6706 95.7779 4.2
    endloop
  endfacet
  facet normal 0 0 1
    outer loop
      vertex 48.0883 95.7386 4.2
      vertex 48.0478 94.8423 4.2
      vertex 48.3911 94.9103 4.2
    endloop
  endfacet
  facet normal -0 0 1
    outer loop
      vertex 47.6263 95.6207 4.2
      vertex 48.0478 94.8423 4.2
      vertex 48.0883 95.7386 4.2
    endloop
  endfacet
  facet normal 0 0 1
    outer loop
      vertex 48.0478 94.8423 4.2
      vertex 47.6263 95.6207 4.2
      vertex 47.8068 94.7289 4.2
    endloop
  endfacet
  facet normal -0 0 1
    outer loop
      vertex 47.2845 95.4243 4.2
      vertex 47.8068 94.7289 4.2
      vertex 47.6263 95.6207 4.2
    endloop
  endfacet
  facet normal -0 0 1
    outer loop
      vertex 47.0499 95.1413 4.2
      vertex 47.8068 94.7289 4.2
      vertex 47.2845 95.4243 4.2
    endloop
  endfacet
  facet normal 0 0 1
    outer loop
      vertex 47.8068 94.7289 4.2
      vertex 47.0499 95.1413 4.2
      vertex 47.6485 94.5564 4.2
    endloop
  endfacet
  facet normal -0 0 1
    outer loop
      vertex 46.909 94.7639 4.2
      vertex 47.6485 94.5564 4.2
      vertex 47.0499 95.1413 4.2
    endloop
  endfacet
  facet normal 0 0 1
    outer loop
      vertex 47.5224 92.9248 4.2
      vertex 47.9373 93.122 4.2
      vertex 47.7065 93.357 4.2
    endloop
  endfacet
  facet normal 0 0 1
    outer loop
      vertex 47.274 93.1392 4.2
      vertex 47.7065 93.357 4.2
      vertex 47.5681 93.6474 4.2
    endloop
  endfacet
  facet normal 0 0 1
    outer loop
      vertex 47.9373 93.122 4.2
      vertex 47.5224 92.9248 4.2
      vertex 47.8352 92.7352 4.2
    endloop
  endfacet
  facet normal -0 0 1
    outer loop
      vertex 46.9634 93.6476 4.2
      vertex 47.5681 93.6474 4.2
      vertex 47.5219 93.9931 4.2
    endloop
  endfacet
  facet normal 0 0 1
    outer loop
      vertex 47.6485 94.5564 4.2
      vertex 46.909 94.7639 4.2
      vertex 47.5536 94.3112 4.2
    endloop
  endfacet
  facet normal 0 -0 1
    outer loop
      vertex 46.8874 93.9522 4.2
      vertex 47.5219 93.9931 4.2
      vertex 46.8621 94.2922 4.2
    endloop
  endfacet
  facet normal 0 -0 1
    outer loop
      vertex 46.9634 93.6476 4.2
      vertex 47.5219 93.9931 4.2
      vertex 46.8874 93.9522 4.2
    endloop
  endfacet
  facet normal 0 0 1
    outer loop
      vertex 46.8621 94.2922 4.2
      vertex 47.5536 94.3112 4.2
      vertex 46.909 94.7639 4.2
    endloop
  endfacet
  facet normal 0 0 1
    outer loop
      vertex 47.7065 93.357 4.2
      vertex 47.274 93.1392 4.2
      vertex 47.5224 92.9248 4.2
    endloop
  endfacet
  facet normal 0 0 1
    outer loop
      vertex 47.5536 94.3112 4.2
      vertex 46.8621 94.2922 4.2
      vertex 47.5219 93.9931 4.2
    endloop
  endfacet
  facet normal 0 0 1
    outer loop
      vertex 47.5681 93.6474 4.2
      vertex 46.9634 93.6476 4.2
      vertex 47.09 93.3784 4.2
    endloop
  endfacet
  facet normal 0 0 1
    outer loop
      vertex 47.5681 93.6474 4.2
      vertex 47.09 93.3784 4.2
      vertex 47.274 93.1392 4.2
    endloop
  endfacet
  facet normal -0 0 1
    outer loop
      vertex 49.1169 92.8112 4.2
      vertex 52.0931 91.9662 4.2
      vertex 52.0931 92.8112 4.2
    endloop
  endfacet
  facet normal 0 0 1
    outer loop
      vertex 49.1169 92.8112 4.2
      vertex 48.8368 91.9662 4.2
      vertex 52.0931 91.9662 4.2
    endloop
  endfacet
  facet normal 0 0 1
    outer loop
      vertex 48.6461 92.8457 4.2
      vertex 48.8368 91.9662 4.2
      vertex 49.1169 92.8112 4.2
    endloop
  endfacet
  facet normal 0 0 1
    outer loop
      vertex 48.6461 92.8457 4.2
      vertex 48.3911 91.9435 4.2
      vertex 48.8368 91.9662 4.2
    endloop
  endfacet
  facet normal 0 0 1
    outer loop
      vertex 48.2529 92.9493 4.2
      vertex 48.3911 91.9435 4.2
      vertex 48.6461 92.8457 4.2
    endloop
  endfacet
  facet normal -0 0 1
    outer loop
      vertex 47.8352 92.7209 4.2
      vertex 48.3911 91.9435 4.2
      vertex 48.2529 92.9493 4.2
    endloop
  endfacet
  facet normal 0 0 1
    outer loop
      vertex 47.8352 92.7352 4.2
      vertex 48.2529 92.9493 4.2
      vertex 47.9373 93.122 4.2
    endloop
  endfacet
  facet normal 0 0 1
    outer loop
      vertex 48.2529 92.9493 4.2
      vertex 47.8352 92.7352 4.2
      vertex 47.8352 92.7209 4.2
    endloop
  endfacet
  facet normal 0 0 1
    outer loop
      vertex 48.3911 91.9435 4.2
      vertex 47.8352 92.7209 4.2
      vertex 48.0478 91.8755 4.2
    endloop
  endfacet
  facet normal -0 0 1
    outer loop
      vertex 47.5272 92.6094 4.2
      vertex 48.0478 91.8755 4.2
      vertex 47.8352 92.7209 4.2
    endloop
  endfacet
  facet normal 0 0 1
    outer loop
      vertex 48.0478 91.8755 4.2
      vertex 47.5272 92.6094 4.2
      vertex 47.8068 91.7621 4.2
    endloop
  endfacet
  facet normal -0 0 1
    outer loop
      vertex 47.2803 92.4519 4.2
      vertex 47.8068 91.7621 4.2
      vertex 47.5272 92.6094 4.2
    endloop
  endfacet
  facet normal -0 0 1
    outer loop
      vertex 47.0947 92.2486 4.2
      vertex 47.8068 91.7621 4.2
      vertex 47.2803 92.4519 4.2
    endloop
  endfacet
  facet normal 0 0 1
    outer loop
      vertex 47.8068 91.7621 4.2
      vertex 47.0947 92.2486 4.2
      vertex 47.6485 91.5896 4.2
    endloop
  endfacet
  facet normal -0 0 1
    outer loop
      vertex 46.9655 91.9952 4.2
      vertex 47.6485 91.5896 4.2
      vertex 47.0947 92.2486 4.2
    endloop
  endfacet
  facet normal -0 0 1
    outer loop
      vertex 46.8879 91.6874 4.2
      vertex 47.6485 91.5896 4.2
      vertex 46.9655 91.9952 4.2
    endloop
  endfacet
  facet normal 0 -0 1
    outer loop
      vertex 46.8858 91.001 4.2
      vertex 47.5219 91.0263 4.2
      vertex 46.8621 91.3253 4.2
    endloop
  endfacet
  facet normal 0 0 1
    outer loop
      vertex 47.6485 91.5896 4.2
      vertex 46.8879 91.6874 4.2
      vertex 47.5536 91.3443 4.2
    endloop
  endfacet
  facet normal 0 -0 1
    outer loop
      vertex 46.9571 90.7115 4.2
      vertex 47.5219 91.0263 4.2
      vertex 46.8858 91.001 4.2
    endloop
  endfacet
  facet normal 0 0 1
    outer loop
      vertex 46.8621 91.3253 4.2
      vertex 47.5536 91.3443 4.2
      vertex 46.8879 91.6874 4.2
    endloop
  endfacet
  facet normal 0 0 1
    outer loop
      vertex 47.5219 91.0263 4.2
      vertex 47.255 90.2283 4.2
      vertex 47.5082 90.0179 4.2
    endloop
  endfacet
  facet normal 0 0 1
    outer loop
      vertex 47.5536 91.3443 4.2
      vertex 46.8621 91.3253 4.2
      vertex 47.5219 91.0263 4.2
    endloop
  endfacet
  facet normal 0 -0 1
    outer loop
      vertex 47.0757 90.4567 4.2
      vertex 47.5219 91.0263 4.2
      vertex 46.9571 90.7115 4.2
    endloop
  endfacet
  facet normal 0 0 1
    outer loop
      vertex 47.5219 91.0263 4.2
      vertex 47.0757 90.4567 4.2
      vertex 47.255 90.2283 4.2
    endloop
  endfacet
  facet normal 0 0 1
    outer loop
      vertex 47.5082 90.0179 4.2
      vertex 47.9397 90.1624 4.2
      vertex 47.7076 90.3997 4.2
    endloop
  endfacet
  facet normal 0 0 1
    outer loop
      vertex 47.5082 90.0179 4.2
      vertex 47.7076 90.3997 4.2
      vertex 47.5683 90.6877 4.2
    endloop
  endfacet
  facet normal 0 0 1
    outer loop
      vertex 47.9397 90.1624 4.2
      vertex 47.5082 90.0179 4.2
      vertex 47.8352 89.8254 4.2
    endloop
  endfacet
  facet normal 0 0 1
    outer loop
      vertex 47.5082 90.0179 4.2
      vertex 47.5683 90.6877 4.2
      vertex 47.5219 91.0263 4.2
    endloop
  endfacet
  facet normal -0 0 1
    outer loop
      vertex 49.1169 89.8444 4.2
      vertex 52.0931 88.9946 4.2
      vertex 52.0931 89.8444 4.2
    endloop
  endfacet
  facet normal 0 0 1
    outer loop
      vertex 48.0536 88.9946 4.2
      vertex 49.1169 89.8444 4.2
      vertex 48.6485 89.8797 4.2
    endloop
  endfacet
  facet normal 0 0 1
    outer loop
      vertex 49.1169 89.8444 4.2
      vertex 48.0536 88.9946 4.2
      vertex 52.0931 88.9946 4.2
    endloop
  endfacet
  facet normal 0 0 1
    outer loop
      vertex 48.2561 89.9857 4.2
      vertex 48.0536 88.9946 4.2
      vertex 48.6485 89.8797 4.2
    endloop
  endfacet
  facet normal 0 0 1
    outer loop
      vertex 47.8352 89.8254 4.2
      vertex 48.2561 89.9857 4.2
      vertex 47.9397 90.1624 4.2
    endloop
  endfacet
  facet normal 0 0 1
    outer loop
      vertex 48.2561 89.9857 4.2
      vertex 47.8352 89.8254 4.2
      vertex 47.8352 89.8111 4.2
    endloop
  endfacet
  facet normal 0 0 1
    outer loop
      vertex 48.2561 89.9857 4.2
      vertex 47.8352 89.8111 4.2
      vertex 48.0536 88.9946 4.2
    endloop
  endfacet
  facet normal 0 0 1
    outer loop
      vertex 47.533 88.9915 4.2
      vertex 47.8352 89.8111 4.2
      vertex 47.6118 89.8051 4.2
    endloop
  endfacet
  facet normal 0 0 1
    outer loop
      vertex 47.8352 89.8111 4.2
      vertex 47.533 88.9915 4.2
      vertex 48.0536 88.9946 4.2
    endloop
  endfacet
  facet normal -0 0 1
    outer loop
      vertex 47.4417 89.7995 4.2
      vertex 47.533 88.9915 4.2
      vertex 47.6118 89.8051 4.2
    endloop
  endfacet
  facet normal -0 0 1
    outer loop
      vertex 47.3249 89.7945 4.2
      vertex 47.533 88.9915 4.2
      vertex 47.4417 89.7995 4.2
    endloop
  endfacet
  facet normal 0 0 1
    outer loop
      vertex 47.1675 88.982 4.2
      vertex 47.3249 89.7945 4.2
      vertex 47.2382 89.79 4.2
    endloop
  endfacet
  facet normal 0 0 1
    outer loop
      vertex 47.3249 89.7945 4.2
      vertex 47.1675 88.982 4.2
      vertex 47.533 88.9915 4.2
    endloop
  endfacet
  facet normal -0 0 1
    outer loop
      vertex 47.1583 89.7861 4.2
      vertex 47.1675 88.982 4.2
      vertex 47.2382 89.79 4.2
    endloop
  endfacet
  facet normal -0 0 1
    outer loop
      vertex 47.0852 89.7826 4.2
      vertex 47.1675 88.982 4.2
      vertex 47.1583 89.7861 4.2
    endloop
  endfacet
  facet normal -0 0 1
    outer loop
      vertex 47.0245 89.7794 4.2
      vertex 47.1675 88.982 4.2
      vertex 47.0852 89.7826 4.2
    endloop
  endfacet
  facet normal -0 0 1
    outer loop
      vertex 46.9818 89.7763 4.2
      vertex 47.1675 88.982 4.2
      vertex 47.0245 89.7794 4.2
    endloop
  endfacet
  facet normal 0 0 1
    outer loop
      vertex 46.957 88.9662 4.2
      vertex 46.9818 89.7763 4.2
      vertex 46.957 89.7732 4.2
    endloop
  endfacet
  facet normal 0 0 1
    outer loop
      vertex 46.9818 89.7763 4.2
      vertex 46.957 88.9662 4.2
      vertex 47.1675 88.982 4.2
    endloop
  endfacet
  facet normal 0 0 1
    outer loop
      vertex 52.0931 103.687 4.2
      vertex 48.8368 102.842 4.2
      vertex 52.0931 102.842 4.2
    endloop
  endfacet
  facet normal -0 0 1
    outer loop
      vertex 48.6706 103.687 4.2
      vertex 48.8368 102.842 4.2
      vertex 52.0931 103.687 4.2
    endloop
  endfacet
  facet normal 0 0 1
    outer loop
      vertex 48.6706 103.687 4.2
      vertex 48.3911 102.819 4.2
      vertex 48.8368 102.842 4.2
    endloop
  endfacet
  facet normal -0 0 1
    outer loop
      vertex 48.0883 103.648 4.2
      vertex 48.3911 102.819 4.2
      vertex 48.6706 103.687 4.2
    endloop
  endfacet
  facet normal 0 0 1
    outer loop
      vertex 48.0883 103.648 4.2
      vertex 48.0478 102.751 4.2
      vertex 48.3911 102.819 4.2
    endloop
  endfacet
  facet normal -0 0 1
    outer loop
      vertex 47.6263 103.53 4.2
      vertex 48.0478 102.751 4.2
      vertex 48.0883 103.648 4.2
    endloop
  endfacet
  facet normal 0 0 1
    outer loop
      vertex 48.0478 102.751 4.2
      vertex 47.6263 103.53 4.2
      vertex 47.8068 102.638 4.2
    endloop
  endfacet
  facet normal -0 0 1
    outer loop
      vertex 47.2845 103.333 4.2
      vertex 47.8068 102.638 4.2
      vertex 47.6263 103.53 4.2
    endloop
  endfacet
  facet normal -0 0 1
    outer loop
      vertex 47.0499 103.05 4.2
      vertex 47.8068 102.638 4.2
      vertex 47.2845 103.333 4.2
    endloop
  endfacet
  facet normal 0 0 1
    outer loop
      vertex 47.8068 102.638 4.2
      vertex 47.0499 103.05 4.2
      vertex 47.6485 102.465 4.2
    endloop
  endfacet
  facet normal -0 0 1
    outer loop
      vertex 46.909 102.673 4.2
      vertex 47.6485 102.465 4.2
      vertex 47.0499 103.05 4.2
    endloop
  endfacet
  facet normal 0 0 1
    outer loop
      vertex 47.5224 100.834 4.2
      vertex 47.9373 101.031 4.2
      vertex 47.7065 101.266 4.2
    endloop
  endfacet
  facet normal 0 0 1
    outer loop
      vertex 47.274 101.048 4.2
      vertex 47.7065 101.266 4.2
      vertex 47.5681 101.556 4.2
    endloop
  endfacet
  facet normal 0 0 1
    outer loop
      vertex 47.9373 101.031 4.2
      vertex 47.5224 100.834 4.2
      vertex 47.8352 100.644 4.2
    endloop
  endfacet
  facet normal -0 0 1
    outer loop
      vertex 46.9634 101.557 4.2
      vertex 47.5681 101.556 4.2
      vertex 47.5219 101.902 4.2
    endloop
  endfacet
  facet normal 0 0 1
    outer loop
      vertex 47.6485 102.465 4.2
      vertex 46.909 102.673 4.2
      vertex 47.5536 102.22 4.2
    endloop
  endfacet
  facet normal 0 -0 1
    outer loop
      vertex 46.8874 101.861 4.2
      vertex 47.5219 101.902 4.2
      vertex 46.8621 102.201 4.2
    endloop
  endfacet
  facet normal 0 -0 1
    outer loop
      vertex 46.9634 101.557 4.2
      vertex 47.5219 101.902 4.2
      vertex 46.8874 101.861 4.2
    endloop
  endfacet
  facet normal 0 0 1
    outer loop
      vertex 46.8621 102.201 4.2
      vertex 47.5536 102.22 4.2
      vertex 46.909 102.673 4.2
    endloop
  endfacet
  facet normal 0 0 1
    outer loop
      vertex 47.7065 101.266 4.2
      vertex 47.274 101.048 4.2
      vertex 47.5224 100.834 4.2
    endloop
  endfacet
  facet normal 0 0 1
    outer loop
      vertex 47.5536 102.22 4.2
      vertex 46.8621 102.201 4.2
      vertex 47.5219 101.902 4.2
    endloop
  endfacet
  facet normal 0 0 1
    outer loop
      vertex 47.5681 101.556 4.2
      vertex 46.9634 101.557 4.2
      vertex 47.09 101.287 4.2
    endloop
  endfacet
  facet normal 0 0 1
    outer loop
      vertex 47.5681 101.556 4.2
      vertex 47.09 101.287 4.2
      vertex 47.274 101.048 4.2
    endloop
  endfacet
  facet normal -0 0 1
    outer loop
      vertex 49.1169 100.72 4.2
      vertex 52.0931 99.8751 4.2
      vertex 52.0931 100.72 4.2
    endloop
  endfacet
  facet normal 0 0 1
    outer loop
      vertex 49.1169 100.72 4.2
      vertex 48.8368 99.8751 4.2
      vertex 52.0931 99.8751 4.2
    endloop
  endfacet
  facet normal 0 0 1
    outer loop
      vertex 48.6461 100.755 4.2
      vertex 48.8368 99.8751 4.2
      vertex 49.1169 100.72 4.2
    endloop
  endfacet
  facet normal 0 0 1
    outer loop
      vertex 48.6461 100.755 4.2
      vertex 48.3911 99.8524 4.2
      vertex 48.8368 99.8751 4.2
    endloop
  endfacet
  facet normal 0 0 1
    outer loop
      vertex 48.2529 100.858 4.2
      vertex 48.3911 99.8524 4.2
      vertex 48.6461 100.755 4.2
    endloop
  endfacet
  facet normal -0 0 1
    outer loop
      vertex 47.8352 100.63 4.2
      vertex 48.3911 99.8524 4.2
      vertex 48.2529 100.858 4.2
    endloop
  endfacet
  facet normal 0 0 1
    outer loop
      vertex 47.8352 100.644 4.2
      vertex 48.2529 100.858 4.2
      vertex 47.9373 101.031 4.2
    endloop
  endfacet
  facet normal 0 0 1
    outer loop
      vertex 48.2529 100.858 4.2
      vertex 47.8352 100.644 4.2
      vertex 47.8352 100.63 4.2
    endloop
  endfacet
  facet normal 0 0 1
    outer loop
      vertex 48.3911 99.8524 4.2
      vertex 47.8352 100.63 4.2
      vertex 48.0478 99.7844 4.2
    endloop
  endfacet
  facet normal -0 0 1
    outer loop
      vertex 47.5272 100.518 4.2
      vertex 48.0478 99.7844 4.2
      vertex 47.8352 100.63 4.2
    endloop
  endfacet
  facet normal 0 0 1
    outer loop
      vertex 48.0478 99.7844 4.2
      vertex 47.5272 100.518 4.2
      vertex 47.8068 99.671 4.2
    endloop
  endfacet
  facet normal -0 0 1
    outer loop
      vertex 47.2803 100.361 4.2
      vertex 47.8068 99.671 4.2
      vertex 47.5272 100.518 4.2
    endloop
  endfacet
  facet normal -0 0 1
    outer loop
      vertex 47.0947 100.157 4.2
      vertex 47.8068 99.671 4.2
      vertex 47.2803 100.361 4.2
    endloop
  endfacet
  facet normal 0 0 1
    outer loop
      vertex 47.8068 99.671 4.2
      vertex 47.0947 100.157 4.2
      vertex 47.6485 99.4985 4.2
    endloop
  endfacet
  facet normal -0 0 1
    outer loop
      vertex 46.9655 99.9041 4.2
      vertex 47.6485 99.4985 4.2
      vertex 47.0947 100.157 4.2
    endloop
  endfacet
  facet normal -0 0 1
    outer loop
      vertex 46.8879 99.5963 4.2
      vertex 47.6485 99.4985 4.2
      vertex 46.9655 99.9041 4.2
    endloop
  endfacet
  facet normal 0 -0 1
    outer loop
      vertex 46.8858 98.9099 4.2
      vertex 47.5219 98.9352 4.2
      vertex 46.8621 99.2343 4.2
    endloop
  endfacet
  facet normal 0 0 1
    outer loop
      vertex 47.6485 99.4985 4.2
      vertex 46.8879 99.5963 4.2
      vertex 47.5536 99.2533 4.2
    endloop
  endfacet
  facet normal 0 -0 1
    outer loop
      vertex 46.9571 98.6204 4.2
      vertex 47.5219 98.9352 4.2
      vertex 46.8858 98.9099 4.2
    endloop
  endfacet
  facet normal 0 0 1
    outer loop
      vertex 46.8621 99.2343 4.2
      vertex 47.5536 99.2533 4.2
      vertex 46.8879 99.5963 4.2
    endloop
  endfacet
  facet normal 0 0 1
    outer loop
      vertex 47.5219 98.9352 4.2
      vertex 47.255 98.1373 4.2
      vertex 47.5082 97.9268 4.2
    endloop
  endfacet
  facet normal 0 0 1
    outer loop
      vertex 47.5536 99.2533 4.2
      vertex 46.8621 99.2343 4.2
      vertex 47.5219 98.9352 4.2
    endloop
  endfacet
  facet normal 0 -0 1
    outer loop
      vertex 47.0757 98.3656 4.2
      vertex 47.5219 98.9352 4.2
      vertex 46.9571 98.6204 4.2
    endloop
  endfacet
  facet normal 0 0 1
    outer loop
      vertex 47.5219 98.9352 4.2
      vertex 47.0757 98.3656 4.2
      vertex 47.255 98.1373 4.2
    endloop
  endfacet
  facet normal 0 0 1
    outer loop
      vertex 47.5082 97.9268 4.2
      vertex 47.9397 98.0713 4.2
      vertex 47.7076 98.3086 4.2
    endloop
  endfacet
  facet normal 0 0 1
    outer loop
      vertex 47.5082 97.9268 4.2
      vertex 47.7076 98.3086 4.2
      vertex 47.5683 98.5966 4.2
    endloop
  endfacet
  facet normal 0 0 1
    outer loop
      vertex 47.9397 98.0713 4.2
      vertex 47.5082 97.9268 4.2
      vertex 47.8352 97.7343 4.2
    endloop
  endfacet
  facet normal 0 0 1
    outer loop
      vertex 47.5082 97.9268 4.2
      vertex 47.5683 98.5966 4.2
      vertex 47.5219 98.9352 4.2
    endloop
  endfacet
  facet normal -0 0 1
    outer loop
      vertex 49.1169 97.7533 4.2
      vertex 52.0931 96.9035 4.2
      vertex 52.0931 97.7533 4.2
    endloop
  endfacet
  facet normal 0 0 1
    outer loop
      vertex 48.0536 96.9035 4.2
      vertex 49.1169 97.7533 4.2
      vertex 48.6485 97.7886 4.2
    endloop
  endfacet
  facet normal 0 0 1
    outer loop
      vertex 49.1169 97.7533 4.2
      vertex 48.0536 96.9035 4.2
      vertex 52.0931 96.9035 4.2
    endloop
  endfacet
  facet normal 0 0 1
    outer loop
      vertex 48.2561 97.8946 4.2
      vertex 48.0536 96.9035 4.2
      vertex 48.6485 97.7886 4.2
    endloop
  endfacet
  facet normal 0 0 1
    outer loop
      vertex 47.8352 97.7343 4.2
      vertex 48.2561 97.8946 4.2
      vertex 47.9397 98.0713 4.2
    endloop
  endfacet
  facet normal 0 0 1
    outer loop
      vertex 48.2561 97.8946 4.2
      vertex 47.8352 97.7343 4.2
      vertex 47.8352 97.72 4.2
    endloop
  endfacet
  facet normal 0 0 1
    outer loop
      vertex 48.2561 97.8946 4.2
      vertex 47.8352 97.72 4.2
      vertex 48.0536 96.9035 4.2
    endloop
  endfacet
  facet normal 0 0 1
    outer loop
      vertex 47.533 96.9004 4.2
      vertex 47.8352 97.72 4.2
      vertex 47.6118 97.714 4.2
    endloop
  endfacet
  facet normal 0 0 1
    outer loop
      vertex 47.8352 97.72 4.2
      vertex 47.533 96.9004 4.2
      vertex 48.0536 96.9035 4.2
    endloop
  endfacet
  facet normal -0 0 1
    outer loop
      vertex 47.4417 97.7084 4.2
      vertex 47.533 96.9004 4.2
      vertex 47.6118 97.714 4.2
    endloop
  endfacet
  facet normal -0 0 1
    outer loop
      vertex 47.3249 97.7034 4.2
      vertex 47.533 96.9004 4.2
      vertex 47.4417 97.7084 4.2
    endloop
  endfacet
  facet normal 0 0 1
    outer loop
      vertex 47.1675 96.8909 4.2
      vertex 47.3249 97.7034 4.2
      vertex 47.2382 97.6989 4.2
    endloop
  endfacet
  facet normal 0 0 1
    outer loop
      vertex 47.3249 97.7034 4.2
      vertex 47.1675 96.8909 4.2
      vertex 47.533 96.9004 4.2
    endloop
  endfacet
  facet normal -0 0 1
    outer loop
      vertex 47.1583 97.695 4.2
      vertex 47.1675 96.8909 4.2
      vertex 47.2382 97.6989 4.2
    endloop
  endfacet
  facet normal -0 0 1
    outer loop
      vertex 47.0852 97.6915 4.2
      vertex 47.1675 96.8909 4.2
      vertex 47.1583 97.695 4.2
    endloop
  endfacet
  facet normal -0 0 1
    outer loop
      vertex 47.0245 97.6884 4.2
      vertex 47.1675 96.8909 4.2
      vertex 47.0852 97.6915 4.2
    endloop
  endfacet
  facet normal -0 0 1
    outer loop
      vertex 46.9818 97.6852 4.2
      vertex 47.1675 96.8909 4.2
      vertex 47.0245 97.6884 4.2
    endloop
  endfacet
  facet normal 0 0 1
    outer loop
      vertex 46.957 96.8751 4.2
      vertex 46.9818 97.6852 4.2
      vertex 46.957 97.6821 4.2
    endloop
  endfacet
  facet normal 0 0 1
    outer loop
      vertex 46.9818 97.6852 4.2
      vertex 46.957 96.8751 4.2
      vertex 47.1675 96.8909 4.2
    endloop
  endfacet
  facet normal -0 0 1
    outer loop
      vertex 46.957 52.9515 4.2
      vertex 49.4444 52.1635 4.2
      vertex 46.957 53.9056 4.2
    endloop
  endfacet
  facet normal 0 0 1
    outer loop
      vertex 49.4444 52.1635 4.2
      vertex 46.957 52.9515 4.2
      vertex 48.9554 51.6793 4.2
    endloop
  endfacet
  facet normal 0 0 1
    outer loop
      vertex 49.4444 52.1635 4.2
      vertex 52.0931 53.0607 4.2
      vertex 52.0931 54.0148 4.2
    endloop
  endfacet
  facet normal 0 0 1
    outer loop
      vertex 52.0931 53.0607 4.2
      vertex 49.4444 52.1635 4.2
      vertex 49.9855 51.6793 4.2
    endloop
  endfacet
  facet normal 0 0 1
    outer loop
      vertex 49.9855 51.6793 4.2
      vertex 49.4444 52.1635 4.2
      vertex 49.4538 51.1952 4.2
    endloop
  endfacet
  facet normal -0 0 1
    outer loop
      vertex 48.9554 51.6793 4.2
      vertex 49.4538 51.1952 4.2
      vertex 49.4444 52.1635 4.2
    endloop
  endfacet
  facet normal 0 0 1
    outer loop
      vertex 46.957 50.3977 4.2
      vertex 49.4538 51.1952 4.2
      vertex 48.9554 51.6793 4.2
    endloop
  endfacet
  facet normal 0 0 1
    outer loop
      vertex 49.4538 51.1952 4.2
      vertex 46.957 50.3977 4.2
      vertex 46.957 49.453 4.2
    endloop
  endfacet
  facet normal -0 0 1
    outer loop
      vertex 49.4538 51.1952 4.2
      vertex 52.0931 50.2885 4.2
      vertex 49.9855 51.6793 4.2
    endloop
  endfacet
  facet normal 0 0 1
    outer loop
      vertex 52.0931 50.2885 4.2
      vertex 49.4538 51.1952 4.2
      vertex 52.0931 49.3676 4.2
    endloop
  endfacet
  facet normal -0 0 1
    outer loop
      vertex 51.0535 74.2976 4.2
      vertex 52.0931 73.372 4.2
      vertex 52.0931 74.2976 4.2
    endloop
  endfacet
  facet normal 0 0 1
    outer loop
      vertex 52.0931 73.372 4.2
      vertex 51.0535 74.2976 4.2
      vertex 51.0535 73.372 4.2
    endloop
  endfacet
  facet normal -0.956171 -0.292809 0
    outer loop
      vertex 52.1306 26.2445 4.2
      vertex 51.9581 26.8078 5
      vertex 51.9581 26.8078 4.2
    endloop
  endfacet
  facet normal -0.956171 -0.292809 0
    outer loop
      vertex 51.9581 26.8078 5
      vertex 52.1306 26.2445 4.2
      vertex 52.1306 26.2445 5
    endloop
  endfacet
  facet normal -0.842455 -0.538766 0
    outer loop
      vertex 51.9581 26.8078 4.2
      vertex 51.6707 27.2572 5
      vertex 51.6707 27.2572 4.2
    endloop
  endfacet
  facet normal -0.842455 -0.538766 0
    outer loop
      vertex 51.6707 27.2572 5
      vertex 51.9581 26.8078 4.2
      vertex 51.9581 26.8078 5
    endloop
  endfacet
  facet normal -0.642211 -0.766528 0
    outer loop
      vertex 51.2804 27.5842 4.2
      vertex 51.6707 27.2572 5
      vertex 51.2804 27.5842 5
    endloop
  endfacet
  facet normal -0.642211 -0.766528 -0
    outer loop
      vertex 51.6707 27.2572 5
      vertex 51.2804 27.5842 4.2
      vertex 51.6707 27.2572 4.2
    endloop
  endfacet
  facet normal -0.377621 -0.92596 0
    outer loop
      vertex 50.7993 27.7804 4.2
      vertex 51.2804 27.5842 5
      vertex 50.7993 27.7804 5
    endloop
  endfacet
  facet normal -0.377621 -0.92596 -0
    outer loop
      vertex 51.2804 27.5842 5
      vertex 50.7993 27.7804 4.2
      vertex 51.2804 27.5842 4.2
    endloop
  endfacet
  facet normal -0.113654 -0.99352 0
    outer loop
      vertex 50.2276 27.8458 4.2
      vertex 50.7993 27.7804 5
      vertex 50.2276 27.8458 5
    endloop
  endfacet
  facet normal -0.113654 -0.99352 -0
    outer loop
      vertex 50.7993 27.7804 5
      vertex 50.2276 27.8458 4.2
      vertex 50.7993 27.7804 4.2
    endloop
  endfacet
  facet normal 0.0949222 -0.995485 0
    outer loop
      vertex 49.8123 27.8062 4.2
      vertex 50.2276 27.8458 5
      vertex 49.8123 27.8062 5
    endloop
  endfacet
  facet normal 0.0949222 -0.995485 0
    outer loop
      vertex 50.2276 27.8458 5
      vertex 49.8123 27.8062 4.2
      vertex 50.2276 27.8458 4.2
    endloop
  endfacet
  facet normal 0.308035 -0.951375 0
    outer loop
      vertex 49.446 27.6876 4.2
      vertex 49.8123 27.8062 5
      vertex 49.446 27.6876 5
    endloop
  endfacet
  facet normal 0.308035 -0.951375 0
    outer loop
      vertex 49.8123 27.8062 5
      vertex 49.446 27.6876 4.2
      vertex 49.8123 27.8062 4.2
    endloop
  endfacet
  facet normal 0.529013 -0.848614 0
    outer loop
      vertex 49.1287 27.4898 4.2
      vertex 49.446 27.6876 5
      vertex 49.1287 27.4898 5
    endloop
  endfacet
  facet normal 0.529013 -0.848614 0
    outer loop
      vertex 49.446 27.6876 5
      vertex 49.1287 27.4898 4.2
      vertex 49.446 27.6876 4.2
    endloop
  endfacet
  facet normal 0.724932 -0.68882 0
    outer loop
      vertex 48.8731 27.2208 5
      vertex 49.1287 27.4898 4.2
      vertex 49.1287 27.4898 5
    endloop
  endfacet
  facet normal 0.724932 -0.68882 0
    outer loop
      vertex 49.1287 27.4898 4.2
      vertex 48.8731 27.2208 5
      vertex 48.8731 27.2208 4.2
    endloop
  endfacet
  facet normal 0.878067 -0.478537 0
    outer loop
      vertex 48.692 26.8885 5
      vertex 48.8731 27.2208 4.2
      vertex 48.8731 27.2208 5
    endloop
  endfacet
  facet normal 0.878067 -0.478537 0
    outer loop
      vertex 48.8731 27.2208 4.2
      vertex 48.692 26.8885 5
      vertex 48.692 26.8885 4.2
    endloop
  endfacet
  facet normal 0.96542 -0.2607 0
    outer loop
      vertex 48.5852 26.493 5
      vertex 48.692 26.8885 4.2
      vertex 48.692 26.8885 5
    endloop
  endfacet
  facet normal 0.96542 -0.2607 0
    outer loop
      vertex 48.692 26.8885 4.2
      vertex 48.5852 26.493 5
      vertex 48.5852 26.493 4.2
    endloop
  endfacet
  facet normal 0 -1 0
    outer loop
      vertex 48.5662 26.493 4.2
      vertex 48.5852 26.493 5
      vertex 48.5662 26.493 5
    endloop
  endfacet
  facet normal 0 -1 -0
    outer loop
      vertex 48.5852 26.493 5
      vertex 48.5662 26.493 4.2
      vertex 48.5852 26.493 4.2
    endloop
  endfacet
  facet normal -0.953299 -0.302027 0
    outer loop
      vertex 48.5662 26.493 4.2
      vertex 48.4581 26.8342 5
      vertex 48.4581 26.8342 4.2
    endloop
  endfacet
  facet normal -0.953299 -0.302027 0
    outer loop
      vertex 48.4581 26.8342 5
      vertex 48.5662 26.493 4.2
      vertex 48.5662 26.493 5
    endloop
  endfacet
  facet normal -0.850891 -0.525343 0
    outer loop
      vertex 48.4581 26.8342 4.2
      vertex 48.2793 27.1238 5
      vertex 48.2793 27.1238 4.2
    endloop
  endfacet
  facet normal -0.850891 -0.525343 0
    outer loop
      vertex 48.2793 27.1238 5
      vertex 48.4581 26.8342 4.2
      vertex 48.4581 26.8342 5
    endloop
  endfacet
  facet normal -0.690075 -0.723738 0
    outer loop
      vertex 48.0299 27.3616 4.2
      vertex 48.2793 27.1238 5
      vertex 48.0299 27.3616 5
    endloop
  endfacet
  facet normal -0.690075 -0.723738 -0
    outer loop
      vertex 48.2793 27.1238 5
      vertex 48.0299 27.3616 4.2
      vertex 48.2793 27.1238 4.2
    endloop
  endfacet
  facet normal -0.505881 -0.862603 0
    outer loop
      vertex 47.7286 27.5383 4.2
      vertex 48.0299 27.3616 5
      vertex 47.7286 27.5383 5
    endloop
  endfacet
  facet normal -0.505881 -0.862603 -0
    outer loop
      vertex 48.0299 27.3616 5
      vertex 47.7286 27.5383 4.2
      vertex 48.0299 27.3616 4.2
    endloop
  endfacet
  facet normal -0.302661 -0.953098 0
    outer loop
      vertex 47.3948 27.6443 4.2
      vertex 47.7286 27.5383 5
      vertex 47.3948 27.6443 5
    endloop
  endfacet
  facet normal -0.302661 -0.953098 -0
    outer loop
      vertex 47.7286 27.5383 5
      vertex 47.3948 27.6443 4.2
      vertex 47.7286 27.5383 4.2
    endloop
  endfacet
  facet normal -0.0961159 -0.99537 0
    outer loop
      vertex 47.0282 27.6797 4.2
      vertex 47.3948 27.6443 5
      vertex 47.0282 27.6797 5
    endloop
  endfacet
  facet normal -0.0961159 -0.99537 -0
    outer loop
      vertex 47.3948 27.6443 5
      vertex 47.0282 27.6797 4.2
      vertex 47.3948 27.6443 4.2
    endloop
  endfacet
  facet normal 0.128176 -0.991751 0
    outer loop
      vertex 46.5361 27.6161 4.2
      vertex 47.0282 27.6797 5
      vertex 46.5361 27.6161 5
    endloop
  endfacet
  facet normal 0.128176 -0.991751 0
    outer loop
      vertex 47.0282 27.6797 5
      vertex 46.5361 27.6161 4.2
      vertex 47.0282 27.6797 4.2
    endloop
  endfacet
  facet normal 0.413999 -0.910277 0
    outer loop
      vertex 46.1168 27.4254 4.2
      vertex 46.5361 27.6161 5
      vertex 46.1168 27.4254 5
    endloop
  endfacet
  facet normal 0.413999 -0.910277 0
    outer loop
      vertex 46.5361 27.6161 5
      vertex 46.1168 27.4254 4.2
      vertex 46.5361 27.6161 4.2
    endloop
  endfacet
  facet normal 0.675811 -0.737075 0
    outer loop
      vertex 45.7703 27.1077 4.2
      vertex 46.1168 27.4254 5
      vertex 45.7703 27.1077 5
    endloop
  endfacet
  facet normal 0.675811 -0.737075 0
    outer loop
      vertex 46.1168 27.4254 5
      vertex 45.7703 27.1077 4.2
      vertex 46.1168 27.4254 4.2
    endloop
  endfacet
  facet normal 0.85581 -0.51729 0
    outer loop
      vertex 45.5119 26.6802 5
      vertex 45.7703 27.1077 4.2
      vertex 45.7703 27.1077 5
    endloop
  endfacet
  facet normal 0.85581 -0.51729 0
    outer loop
      vertex 45.7703 27.1077 4.2
      vertex 45.5119 26.6802 5
      vertex 45.5119 26.6802 4.2
    endloop
  endfacet
  facet normal 0.958251 -0.285927 0
    outer loop
      vertex 45.3568 26.1604 5
      vertex 45.5119 26.6802 4.2
      vertex 45.5119 26.6802 5
    endloop
  endfacet
  facet normal 0.958251 -0.285927 0
    outer loop
      vertex 45.5119 26.6802 4.2
      vertex 45.3568 26.1604 5
      vertex 45.3568 26.1604 4.2
    endloop
  endfacet
  facet normal 0.996452 -0.0841636 0
    outer loop
      vertex 45.3051 25.5483 5
      vertex 45.3568 26.1604 4.2
      vertex 45.3568 26.1604 5
    endloop
  endfacet
  facet normal 0.996452 -0.0841636 0
    outer loop
      vertex 45.3568 26.1604 4.2
      vertex 45.3051 25.5483 5
      vertex 45.3051 25.5483 4.2
    endloop
  endfacet
  facet normal 0.996151 0.0876559 0
    outer loop
      vertex 45.3578 24.9494 5
      vertex 45.3051 25.5483 4.2
      vertex 45.3051 25.5483 5
    endloop
  endfacet
  facet normal 0.996151 0.0876559 0
    outer loop
      vertex 45.3051 25.5483 4.2
      vertex 45.3578 24.9494 5
      vertex 45.3578 24.9494 4.2
    endloop
  endfacet
  facet normal 0.955362 0.295436 0
    outer loop
      vertex 45.5161 24.4375 5
      vertex 45.3578 24.9494 4.2
      vertex 45.3578 24.9494 5
    endloop
  endfacet
  facet normal 0.955362 0.295436 0
    outer loop
      vertex 45.3578 24.9494 4.2
      vertex 45.5161 24.4375 5
      vertex 45.5161 24.4375 4.2
    endloop
  endfacet
  facet normal 0.849612 0.527408 0
    outer loop
      vertex 45.7798 24.0127 5
      vertex 45.5161 24.4375 4.2
      vertex 45.5161 24.4375 5
    endloop
  endfacet
  facet normal 0.849612 0.527408 0
    outer loop
      vertex 45.5161 24.4375 4.2
      vertex 45.7798 24.0127 5
      vertex 45.7798 24.0127 4.2
    endloop
  endfacet
  facet normal 0.673601 0.739095 -0
    outer loop
      vertex 46.1285 23.6949 4.2
      vertex 45.7798 24.0127 5
      vertex 46.1285 23.6949 5
    endloop
  endfacet
  facet normal 0.673601 0.739095 0
    outer loop
      vertex 45.7798 24.0127 5
      vertex 46.1285 23.6949 4.2
      vertex 45.7798 24.0127 4.2
    endloop
  endfacet
  facet normal 0.419114 0.907934 -0
    outer loop
      vertex 46.5414 23.5043 4.2
      vertex 46.1285 23.6949 5
      vertex 46.5414 23.5043 5
    endloop
  endfacet
  facet normal 0.419114 0.907934 0
    outer loop
      vertex 46.1285 23.6949 5
      vertex 46.5414 23.5043 4.2
      vertex 46.1285 23.6949 4.2
    endloop
  endfacet
  facet normal 0.132082 0.991239 -0
    outer loop
      vertex 47.0187 23.4407 4.2
      vertex 46.5414 23.5043 5
      vertex 47.0187 23.4407 5
    endloop
  endfacet
  facet normal 0.132082 0.991239 0
    outer loop
      vertex 46.5414 23.5043 5
      vertex 47.0187 23.4407 4.2
      vertex 46.5414 23.5043 4.2
    endloop
  endfacet
  facet normal -0.0953088 0.995448 0
    outer loop
      vertex 47.3853 23.4758 4.2
      vertex 47.0187 23.4407 5
      vertex 47.3853 23.4758 5
    endloop
  endfacet
  facet normal -0.0953088 0.995448 0
    outer loop
      vertex 47.0187 23.4407 5
      vertex 47.3853 23.4758 4.2
      vertex 47.0187 23.4407 4.2
    endloop
  endfacet
  facet normal -0.300502 0.953781 0
    outer loop
      vertex 47.7192 23.581 4.2
      vertex 47.3853 23.4758 5
      vertex 47.7192 23.581 5
    endloop
  endfacet
  facet normal -0.300502 0.953781 0
    outer loop
      vertex 47.3853 23.4758 5
      vertex 47.7192 23.581 4.2
      vertex 47.3853 23.4758 4.2
    endloop
  endfacet
  facet normal -0.503139 0.864205 0
    outer loop
      vertex 48.0203 23.7563 4.2
      vertex 47.7192 23.581 5
      vertex 48.0203 23.7563 5
    endloop
  endfacet
  facet normal -0.503139 0.864205 0
    outer loop
      vertex 47.7192 23.581 5
      vertex 48.0203 23.7563 4.2
      vertex 47.7192 23.581 4.2
    endloop
  endfacet
  facet normal -0.684288 0.729212 0
    outer loop
      vertex 48.2719 23.9924 4.2
      vertex 48.0203 23.7563 5
      vertex 48.2719 23.9924 5
    endloop
  endfacet
  facet normal -0.684288 0.729212 0
    outer loop
      vertex 48.0203 23.7563 5
      vertex 48.2719 23.9924 4.2
      vertex 48.0203 23.7563 4.2
    endloop
  endfacet
  facet normal -0.84055 0.541734 0
    outer loop
      vertex 48.2719 23.9924 4.2
      vertex 48.457 24.2796 5
      vertex 48.457 24.2796 4.2
    endloop
  endfacet
  facet normal -0.84055 0.541734 0
    outer loop
      vertex 48.457 24.2796 5
      vertex 48.2719 23.9924 4.2
      vertex 48.2719 23.9924 5
    endloop
  endfacet
  facet normal -0.943632 0.330996 0
    outer loop
      vertex 48.457 24.2796 4.2
      vertex 48.5757 24.618 5
      vertex 48.5757 24.618 4.2
    endloop
  endfacet
  facet normal -0.943632 0.330996 0
    outer loop
      vertex 48.5757 24.618 5
      vertex 48.457 24.2796 4.2
      vertex 48.457 24.2796 5
    endloop
  endfacet
  facet normal 0 1 -0
    outer loop
      vertex 48.5947 24.618 4.2
      vertex 48.5757 24.618 5
      vertex 48.5947 24.618 5
    endloop
  endfacet
  facet normal 0 1 0
    outer loop
      vertex 48.5757 24.618 5
      vertex 48.5947 24.618 4.2
      vertex 48.5757 24.618 4.2
    endloop
  endfacet
  facet normal 0.963106 0.269122 0
    outer loop
      vertex 48.697 24.2519 5
      vertex 48.5947 24.618 4.2
      vertex 48.5947 24.618 5
    endloop
  endfacet
  facet normal 0.963106 0.269122 0
    outer loop
      vertex 48.5947 24.618 4.2
      vertex 48.697 24.2519 5
      vertex 48.697 24.2519 4.2
    endloop
  endfacet
  facet normal 0.870847 0.491554 0
    outer loop
      vertex 48.8774 23.9323 5
      vertex 48.697 24.2519 4.2
      vertex 48.697 24.2519 5
    endloop
  endfacet
  facet normal 0.870847 0.491554 0
    outer loop
      vertex 48.697 24.2519 4.2
      vertex 48.8774 23.9323 5
      vertex 48.8774 23.9323 4.2
    endloop
  endfacet
  facet normal 0.726637 0.687022 0
    outer loop
      vertex 49.1358 23.659 5
      vertex 48.8774 23.9323 4.2
      vertex 48.8774 23.9323 5
    endloop
  endfacet
  facet normal 0.726637 0.687022 0
    outer loop
      vertex 48.8774 23.9323 4.2
      vertex 49.1358 23.659 5
      vertex 49.1358 23.659 4.2
    endloop
  endfacet
  facet normal 0.544703 0.838629 -0
    outer loop
      vertex 49.4565 23.4507 4.2
      vertex 49.1358 23.659 5
      vertex 49.4565 23.4507 5
    endloop
  endfacet
  facet normal 0.544703 0.838629 0
    outer loop
      vertex 49.1358 23.659 5
      vertex 49.4565 23.4507 4.2
      vertex 49.1358 23.659 4.2
    endloop
  endfacet
  facet normal 0.322333 0.946626 -0
    outer loop
      vertex 49.8236 23.3257 4.2
      vertex 49.4565 23.4507 5
      vertex 49.8236 23.3257 5
    endloop
  endfacet
  facet normal 0.322333 0.946626 0
    outer loop
      vertex 49.4565 23.4507 5
      vertex 49.8236 23.3257 4.2
      vertex 49.4565 23.4507 4.2
    endloop
  endfacet
  facet normal 0.100338 0.994953 -0
    outer loop
      vertex 50.2371 23.284 4.2
      vertex 49.8236 23.3257 5
      vertex 50.2371 23.284 5
    endloop
  endfacet
  facet normal 0.100338 0.994953 0
    outer loop
      vertex 49.8236 23.3257 5
      vertex 50.2371 23.284 4.2
      vertex 49.8236 23.3257 4.2
    endloop
  endfacet
  facet normal -0.116071 0.993241 0
    outer loop
      vertex 50.813 23.3513 4.2
      vertex 50.2371 23.284 5
      vertex 50.813 23.3513 5
    endloop
  endfacet
  facet normal -0.116071 0.993241 0
    outer loop
      vertex 50.2371 23.284 5
      vertex 50.813 23.3513 4.2
      vertex 50.2371 23.284 4.2
    endloop
  endfacet
  facet normal -0.386711 0.922201 0
    outer loop
      vertex 51.294 23.553 4.2
      vertex 50.813 23.3513 5
      vertex 51.294 23.553 5
    endloop
  endfacet
  facet normal -0.386711 0.922201 0
    outer loop
      vertex 50.813 23.3513 5
      vertex 51.294 23.553 4.2
      vertex 50.813 23.3513 4.2
    endloop
  endfacet
  facet normal -0.656802 0.754063 0
    outer loop
      vertex 51.6801 23.8893 4.2
      vertex 51.294 23.553 5
      vertex 51.6801 23.8893 5
    endloop
  endfacet
  facet normal -0.656802 0.754063 0
    outer loop
      vertex 51.294 23.553 5
      vertex 51.6801 23.8893 4.2
      vertex 51.294 23.553 4.2
    endloop
  endfacet
  facet normal -0.850026 0.52674 0
    outer loop
      vertex 51.6801 23.8893 4.2
      vertex 51.9623 24.3447 5
      vertex 51.9623 24.3447 4.2
    endloop
  endfacet
  facet normal -0.850026 0.52674 0
    outer loop
      vertex 51.9623 24.3447 5
      vertex 51.6801 23.8893 4.2
      vertex 51.6801 23.8893 5
    endloop
  endfacet
  facet normal -0.957127 0.28967 0
    outer loop
      vertex 51.9623 24.3447 4.2
      vertex 52.1316 24.9041 5
      vertex 52.1316 24.9041 4.2
    endloop
  endfacet
  facet normal -0.957127 0.28967 0
    outer loop
      vertex 52.1316 24.9041 5
      vertex 51.9623 24.3447 4.2
      vertex 51.9623 24.3447 5
    endloop
  endfacet
  facet normal -0.996403 0.0847364 0
    outer loop
      vertex 52.1316 24.9041 4.2
      vertex 52.188 25.5673 5
      vertex 52.188 25.5673 4.2
    endloop
  endfacet
  facet normal -0.996403 0.0847364 0
    outer loop
      vertex 52.188 25.5673 5
      vertex 52.1316 24.9041 4.2
      vertex 52.1316 24.9041 5
    endloop
  endfacet
  facet normal -0.996427 -0.0844579 0
    outer loop
      vertex 52.188 25.5673 4.2
      vertex 52.1306 26.2445 5
      vertex 52.1306 26.2445 4.2
    endloop
  endfacet
  facet normal -0.996427 -0.0844579 0
    outer loop
      vertex 52.1306 26.2445 5
      vertex 52.188 25.5673 4.2
      vertex 52.188 25.5673 5
    endloop
  endfacet
  facet normal 0.950224 -0.311569 0
    outer loop
      vertex 48.119 24.8859 5
      vertex 48.2194 25.1921 4.2
      vertex 48.2194 25.1921 5
    endloop
  endfacet
  facet normal 0.950224 -0.311569 0
    outer loop
      vertex 48.2194 25.1921 4.2
      vertex 48.119 24.8859 5
      vertex 48.119 24.8859 4.2
    endloop
  endfacet
  facet normal 0.82722 -0.561879 0
    outer loop
      vertex 47.9515 24.6393 5
      vertex 48.119 24.8859 4.2
      vertex 48.119 24.8859 5
    endloop
  endfacet
  facet normal 0.82722 -0.561879 0
    outer loop
      vertex 48.119 24.8859 4.2
      vertex 47.9515 24.6393 5
      vertex 47.9515 24.6393 4.2
    endloop
  endfacet
  facet normal 0.615426 -0.788195 0
    outer loop
      vertex 47.7202 24.4587 4.2
      vertex 47.9515 24.6393 5
      vertex 47.7202 24.4587 5
    endloop
  endfacet
  facet normal 0.615426 -0.788195 0
    outer loop
      vertex 47.9515 24.6393 5
      vertex 47.7202 24.4587 4.2
      vertex 47.9515 24.6393 4.2
    endloop
  endfacet
  facet normal 0.34813 -0.937446 0
    outer loop
      vertex 47.4283 24.3503 4.2
      vertex 47.7202 24.4587 5
      vertex 47.4283 24.3503 5
    endloop
  endfacet
  facet normal 0.34813 -0.937446 0
    outer loop
      vertex 47.7202 24.4587 5
      vertex 47.4283 24.3503 4.2
      vertex 47.7202 24.4587 4.2
    endloop
  endfacet
  facet normal 0.10185 -0.9948 0
    outer loop
      vertex 47.0757 24.3142 4.2
      vertex 47.4283 24.3503 5
      vertex 47.0757 24.3142 5
    endloop
  endfacet
  facet normal 0.10185 -0.9948 0
    outer loop
      vertex 47.4283 24.3503 5
      vertex 47.0757 24.3142 4.2
      vertex 47.4283 24.3503 4.2
    endloop
  endfacet
  facet normal -0.100787 -0.994908 0
    outer loop
      vertex 46.7302 24.3492 4.2
      vertex 47.0757 24.3142 5
      vertex 46.7302 24.3492 5
    endloop
  endfacet
  facet normal -0.100787 -0.994908 -0
    outer loop
      vertex 47.0757 24.3142 5
      vertex 46.7302 24.3492 4.2
      vertex 47.0757 24.3142 4.2
    endloop
  endfacet
  facet normal -0.34822 -0.937413 0
    outer loop
      vertex 46.447 24.4544 4.2
      vertex 46.7302 24.3492 5
      vertex 46.447 24.4544 5
    endloop
  endfacet
  facet normal -0.34822 -0.937413 -0
    outer loop
      vertex 46.7302 24.3492 5
      vertex 46.447 24.4544 4.2
      vertex 46.7302 24.3492 4.2
    endloop
  endfacet
  facet normal -0.621665 -0.783283 0
    outer loop
      vertex 46.226 24.6298 4.2
      vertex 46.447 24.4544 5
      vertex 46.226 24.6298 5
    endloop
  endfacet
  facet normal -0.621665 -0.783283 -0
    outer loop
      vertex 46.447 24.4544 5
      vertex 46.226 24.6298 4.2
      vertex 46.447 24.4544 4.2
    endloop
  endfacet
  facet normal -0.837432 -0.546542 0
    outer loop
      vertex 46.226 24.6298 4.2
      vertex 46.0678 24.8722 5
      vertex 46.0678 24.8722 4.2
    endloop
  endfacet
  facet normal -0.837432 -0.546542 0
    outer loop
      vertex 46.0678 24.8722 5
      vertex 46.226 24.6298 4.2
      vertex 46.226 24.6298 5
    endloop
  endfacet
  facet normal -0.955061 -0.296409 0
    outer loop
      vertex 46.0678 24.8722 4.2
      vertex 45.9728 25.1783 5
      vertex 45.9728 25.1783 4.2
    endloop
  endfacet
  facet normal -0.955061 -0.296409 0
    outer loop
      vertex 45.9728 25.1783 5
      vertex 46.0678 24.8722 4.2
      vertex 46.0678 24.8722 5
    endloop
  endfacet
  facet normal -0.996373 -0.0850956 0
    outer loop
      vertex 45.9728 25.1783 4.2
      vertex 45.9412 25.5483 5
      vertex 45.9412 25.5483 4.2
    endloop
  endfacet
  facet normal -0.996373 -0.0850956 0
    outer loop
      vertex 45.9412 25.5483 5
      vertex 45.9728 25.1783 4.2
      vertex 45.9728 25.1783 5
    endloop
  endfacet
  facet normal -0.983779 0.179387 0
    outer loop
      vertex 45.9412 25.5483 4.2
      vertex 46.0672 26.2393 5
      vertex 46.0672 26.2393 4.2
    endloop
  endfacet
  facet normal -0.983779 0.179387 0
    outer loop
      vertex 46.0672 26.2393 5
      vertex 45.9412 25.5483 4.2
      vertex 45.9412 25.5483 5
    endloop
  endfacet
  facet normal -0.738713 0.67402 0
    outer loop
      vertex 46.0672 26.2393 4.2
      vertex 46.4454 26.6538 5
      vertex 46.4454 26.6538 4.2
    endloop
  endfacet
  facet normal -0.738713 0.67402 0
    outer loop
      vertex 46.4454 26.6538 5
      vertex 46.0672 26.2393 4.2
      vertex 46.0672 26.2393 5
    endloop
  endfacet
  facet normal -0.214173 0.976796 0
    outer loop
      vertex 47.0757 26.792 4.2
      vertex 46.4454 26.6538 5
      vertex 47.0757 26.792 5
    endloop
  endfacet
  facet normal -0.214173 0.976796 0
    outer loop
      vertex 46.4454 26.6538 5
      vertex 47.0757 26.792 4.2
      vertex 46.4454 26.6538 4.2
    endloop
  endfacet
  facet normal 0.0928735 0.995678 -0
    outer loop
      vertex 47.452 26.7569 4.2
      vertex 47.0757 26.792 5
      vertex 47.452 26.7569 5
    endloop
  endfacet
  facet normal 0.0928735 0.995678 0
    outer loop
      vertex 47.0757 26.792 5
      vertex 47.452 26.7569 4.2
      vertex 47.0757 26.792 4.2
    endloop
  endfacet
  facet normal 0.331009 0.943628 -0
    outer loop
      vertex 47.7519 26.6517 4.2
      vertex 47.452 26.7569 5
      vertex 47.7519 26.6517 5
    endloop
  endfacet
  facet normal 0.331009 0.943628 0
    outer loop
      vertex 47.452 26.7569 5
      vertex 47.7519 26.6517 4.2
      vertex 47.452 26.7569 4.2
    endloop
  endfacet
  facet normal 0.617713 0.786404 -0
    outer loop
      vertex 47.9752 26.4763 4.2
      vertex 47.7519 26.6517 5
      vertex 47.9752 26.4763 5
    endloop
  endfacet
  facet normal 0.617713 0.786404 0
    outer loop
      vertex 47.7519 26.6517 5
      vertex 47.9752 26.4763 4.2
      vertex 47.7519 26.6517 4.2
    endloop
  endfacet
  facet normal 0.843489 0.537146 0
    outer loop
      vertex 48.1295 26.234 5
      vertex 47.9752 26.4763 4.2
      vertex 47.9752 26.4763 5
    endloop
  endfacet
  facet normal 0.843489 0.537146 0
    outer loop
      vertex 47.9752 26.4763 4.2
      vertex 48.1295 26.234 5
      vertex 48.1295 26.234 4.2
    endloop
  endfacet
  facet normal 0.957187 0.289469 0
    outer loop
      vertex 48.2221 25.9278 5
      vertex 48.1295 26.234 4.2
      vertex 48.1295 26.234 5
    endloop
  endfacet
  facet normal 0.957187 0.289469 0
    outer loop
      vertex 48.1295 26.234 4.2
      vertex 48.2221 25.9278 5
      vertex 48.2221 25.9278 4.2
    endloop
  endfacet
  facet normal 0.996553 0.0829563 0
    outer loop
      vertex 48.2529 25.5578 5
      vertex 48.2221 25.9278 4.2
      vertex 48.2221 25.9278 5
    endloop
  endfacet
  facet normal 0.996553 0.0829563 0
    outer loop
      vertex 48.2221 25.9278 4.2
      vertex 48.2529 25.5578 5
      vertex 48.2529 25.5578 4.2
    endloop
  endfacet
  facet normal 0.99583 -0.0912232 0
    outer loop
      vertex 48.2194 25.1921 5
      vertex 48.2529 25.5578 4.2
      vertex 48.2529 25.5578 5
    endloop
  endfacet
  facet normal 0.99583 -0.0912232 0
    outer loop
      vertex 48.2529 25.5578 4.2
      vertex 48.2194 25.1921 5
      vertex 48.2194 25.1921 4.2
    endloop
  endfacet
  facet normal 0.714289 -0.699851 0
    outer loop
      vertex 50.9333 24.3236 5
      vertex 51.3938 24.7936 4.2
      vertex 51.3938 24.7936 5
    endloop
  endfacet
  facet normal 0.714289 -0.699851 0
    outer loop
      vertex 51.3938 24.7936 4.2
      vertex 50.9333 24.3236 5
      vertex 50.9333 24.3236 4.2
    endloop
  endfacet
  facet normal 0.200068 -0.979782 0
    outer loop
      vertex 50.1659 24.1669 4.2
      vertex 50.9333 24.3236 5
      vertex 50.1659 24.1669 5
    endloop
  endfacet
  facet normal 0.200068 -0.979782 0
    outer loop
      vertex 50.9333 24.3236 5
      vertex 50.1659 24.1669 4.2
      vertex 50.9333 24.3236 4.2
    endloop
  endfacet
  facet normal -0.110105 -0.99392 0
    outer loop
      vertex 49.7985 24.2076 4.2
      vertex 50.1659 24.1669 5
      vertex 49.7985 24.2076 5
    endloop
  endfacet
  facet normal -0.110105 -0.99392 -0
    outer loop
      vertex 50.1659 24.1669 5
      vertex 49.7985 24.2076 4.2
      vertex 50.1659 24.1669 4.2
    endloop
  endfacet
  facet normal -0.364772 -0.931097 0
    outer loop
      vertex 49.4876 24.3294 4.2
      vertex 49.7985 24.2076 5
      vertex 49.4876 24.3294 5
    endloop
  endfacet
  facet normal -0.364772 -0.931097 -0
    outer loop
      vertex 49.7985 24.2076 5
      vertex 49.4876 24.3294 4.2
      vertex 49.7985 24.2076 4.2
    endloop
  endfacet
  facet normal -0.623758 -0.781617 0
    outer loop
      vertex 49.2331 24.5325 4.2
      vertex 49.4876 24.3294 5
      vertex 49.2331 24.5325 5
    endloop
  endfacet
  facet normal -0.623758 -0.781617 -0
    outer loop
      vertex 49.4876 24.3294 5
      vertex 49.2331 24.5325 4.2
      vertex 49.4876 24.3294 4.2
    endloop
  endfacet
  facet normal -0.825116 -0.564963 0
    outer loop
      vertex 49.2331 24.5325 4.2
      vertex 49.0446 24.8078 5
      vertex 49.0446 24.8078 4.2
    endloop
  endfacet
  facet normal -0.825116 -0.564963 0
    outer loop
      vertex 49.0446 24.8078 5
      vertex 49.2331 24.5325 4.2
      vertex 49.2331 24.5325 5
    endloop
  endfacet
  facet normal -0.948403 -0.317068 0
    outer loop
      vertex 49.0446 24.8078 4.2
      vertex 48.9314 25.1464 5
      vertex 48.9314 25.1464 4.2
    endloop
  endfacet
  facet normal -0.948403 -0.317068 0
    outer loop
      vertex 48.9314 25.1464 5
      vertex 49.0446 24.8078 4.2
      vertex 49.0446 24.8078 5
    endloop
  endfacet
  facet normal -0.995629 -0.0933944 0
    outer loop
      vertex 48.9314 25.1464 4.2
      vertex 48.8937 25.5483 5
      vertex 48.8937 25.5483 4.2
    endloop
  endfacet
  facet normal -0.995629 -0.0933944 0
    outer loop
      vertex 48.8937 25.5483 5
      vertex 48.9314 25.1464 4.2
      vertex 48.9314 25.1464 5
    endloop
  endfacet
  facet normal -0.996408 0.0846826 0
    outer loop
      vertex 48.8937 25.5483 4.2
      vertex 48.9288 25.9613 5
      vertex 48.9288 25.9613 4.2
    endloop
  endfacet
  facet normal -0.996408 0.0846826 0
    outer loop
      vertex 48.9288 25.9613 5
      vertex 48.8937 25.5483 4.2
      vertex 48.8937 25.5483 5
    endloop
  endfacet
  facet normal -0.956871 0.290513 0
    outer loop
      vertex 48.9288 25.9613 4.2
      vertex 49.034 26.3078 5
      vertex 49.034 26.3078 4.2
    endloop
  endfacet
  facet normal -0.956871 0.290513 0
    outer loop
      vertex 49.034 26.3078 5
      vertex 48.9288 25.9613 4.2
      vertex 48.9288 25.9613 5
    endloop
  endfacet
  facet normal -0.847454 0.530869 0
    outer loop
      vertex 49.034 26.3078 4.2
      vertex 49.2094 26.5878 5
      vertex 49.2094 26.5878 4.2
    endloop
  endfacet
  facet normal -0.847454 0.530869 0
    outer loop
      vertex 49.2094 26.5878 5
      vertex 49.034 26.3078 4.2
      vertex 49.034 26.3078 5
    endloop
  endfacet
  facet normal -0.643933 0.765082 0
    outer loop
      vertex 49.4538 26.7935 4.2
      vertex 49.2094 26.5878 5
      vertex 49.4538 26.7935 5
    endloop
  endfacet
  facet normal -0.643933 0.765082 0
    outer loop
      vertex 49.2094 26.5878 5
      vertex 49.4538 26.7935 4.2
      vertex 49.2094 26.5878 4.2
    endloop
  endfacet
  facet normal -0.367539 0.930008 0
    outer loop
      vertex 49.7663 26.917 4.2
      vertex 49.4538 26.7935 5
      vertex 49.7663 26.917 5
    endloop
  endfacet
  facet normal -0.367539 0.930008 0
    outer loop
      vertex 49.4538 26.7935 5
      vertex 49.7663 26.917 4.2
      vertex 49.4538 26.7935 4.2
    endloop
  endfacet
  facet normal -0.107363 0.99422 0
    outer loop
      vertex 50.1469 26.9581 4.2
      vertex 49.7663 26.917 5
      vertex 50.1469 26.9581 5
    endloop
  endfacet
  facet normal -0.107363 0.99422 0
    outer loop
      vertex 49.7663 26.917 5
      vertex 50.1469 26.9581 4.2
      vertex 49.7663 26.917 4.2
    endloop
  endfacet
  facet normal 0.0851844 0.996365 -0
    outer loop
      vertex 50.5902 26.9202 4.2
      vertex 50.1469 26.9581 5
      vertex 50.5902 26.9202 5
    endloop
  endfacet
  facet normal 0.0851844 0.996365 0
    outer loop
      vertex 50.1469 26.9581 5
      vertex 50.5902 26.9202 4.2
      vertex 50.1469 26.9581 4.2
    endloop
  endfacet
  facet normal 0.305593 0.952162 -0
    outer loop
      vertex 50.9454 26.8062 4.2
      vertex 50.5902 26.9202 5
      vertex 50.9454 26.8062 5
    endloop
  endfacet
  facet normal 0.305593 0.952162 0
    outer loop
      vertex 50.5902 26.9202 5
      vertex 50.9454 26.8062 4.2
      vertex 50.5902 26.9202 4.2
    endloop
  endfacet
  facet normal 0.579303 0.815112 -0
    outer loop
      vertex 51.2126 26.6163 4.2
      vertex 50.9454 26.8062 5
      vertex 51.2126 26.6163 5
    endloop
  endfacet
  facet normal 0.579303 0.815112 0
    outer loop
      vertex 50.9454 26.8062 5
      vertex 51.2126 26.6163 4.2
      vertex 50.9454 26.8062 4.2
    endloop
  endfacet
  facet normal 0.821074 0.570822 0
    outer loop
      vertex 51.3985 26.3489 5
      vertex 51.2126 26.6163 4.2
      vertex 51.2126 26.6163 5
    endloop
  endfacet
  facet normal 0.821074 0.570822 0
    outer loop
      vertex 51.2126 26.6163 4.2
      vertex 51.3985 26.3489 5
      vertex 51.3985 26.3489 4.2
    endloop
  endfacet
  facet normal 0.951848 0.306569 0
    outer loop
      vertex 51.5101 26.0024 5
      vertex 51.3985 26.3489 4.2
      vertex 51.3985 26.3489 5
    endloop
  endfacet
  facet normal 0.951848 0.306569 0
    outer loop
      vertex 51.3985 26.3489 4.2
      vertex 51.5101 26.0024 5
      vertex 51.5101 26.0024 4.2
    endloop
  endfacet
  facet normal 0.996202 0.087074 0
    outer loop
      vertex 51.5473 25.5768 5
      vertex 51.5101 26.0024 4.2
      vertex 51.5101 26.0024 5
    endloop
  endfacet
  facet normal 0.996202 0.087074 0
    outer loop
      vertex 51.5101 26.0024 4.2
      vertex 51.5473 25.5768 5
      vertex 51.5473 25.5768 4.2
    endloop
  endfacet
  facet normal 0.98133 -0.192332 0
    outer loop
      vertex 51.3938 24.7936 5
      vertex 51.5473 25.5768 4.2
      vertex 51.5473 25.5768 5
    endloop
  endfacet
  facet normal 0.98133 -0.192332 0
    outer loop
      vertex 51.5473 25.5768 4.2
      vertex 51.3938 24.7936 5
      vertex 51.3938 24.7936 4.2
    endloop
  endfacet
  facet normal -0.956171 -0.292809 0
    outer loop
      vertex 52.1306 31.5248 4.2
      vertex 51.9581 32.0881 5
      vertex 51.9581 32.0881 4.2
    endloop
  endfacet
  facet normal -0.956171 -0.292809 0
    outer loop
      vertex 51.9581 32.0881 5
      vertex 52.1306 31.5248 4.2
      vertex 52.1306 31.5248 5
    endloop
  endfacet
  facet normal -0.842455 -0.538766 0
    outer loop
      vertex 51.9581 32.0881 4.2
      vertex 51.6707 32.5375 5
      vertex 51.6707 32.5375 4.2
    endloop
  endfacet
  facet normal -0.842455 -0.538766 0
    outer loop
      vertex 51.6707 32.5375 5
      vertex 51.9581 32.0881 4.2
      vertex 51.9581 32.0881 5
    endloop
  endfacet
  facet normal -0.642211 -0.766528 0
    outer loop
      vertex 51.2804 32.8645 4.2
      vertex 51.6707 32.5375 5
      vertex 51.2804 32.8645 5
    endloop
  endfacet
  facet normal -0.642211 -0.766528 -0
    outer loop
      vertex 51.6707 32.5375 5
      vertex 51.2804 32.8645 4.2
      vertex 51.6707 32.5375 4.2
    endloop
  endfacet
  facet normal -0.377621 -0.92596 0
    outer loop
      vertex 50.7993 33.0607 4.2
      vertex 51.2804 32.8645 5
      vertex 50.7993 33.0607 5
    endloop
  endfacet
  facet normal -0.377621 -0.92596 -0
    outer loop
      vertex 51.2804 32.8645 5
      vertex 50.7993 33.0607 4.2
      vertex 51.2804 32.8645 4.2
    endloop
  endfacet
  facet normal -0.113654 -0.99352 0
    outer loop
      vertex 50.2276 33.1261 4.2
      vertex 50.7993 33.0607 5
      vertex 50.2276 33.1261 5
    endloop
  endfacet
  facet normal -0.113654 -0.99352 -0
    outer loop
      vertex 50.7993 33.0607 5
      vertex 50.2276 33.1261 4.2
      vertex 50.7993 33.0607 4.2
    endloop
  endfacet
  facet normal 0.0949222 -0.995485 0
    outer loop
      vertex 49.8123 33.0865 4.2
      vertex 50.2276 33.1261 5
      vertex 49.8123 33.0865 5
    endloop
  endfacet
  facet normal 0.0949222 -0.995485 0
    outer loop
      vertex 50.2276 33.1261 5
      vertex 49.8123 33.0865 4.2
      vertex 50.2276 33.1261 4.2
    endloop
  endfacet
  facet normal 0.30827 -0.951299 0
    outer loop
      vertex 49.446 32.9678 4.2
      vertex 49.8123 33.0865 5
      vertex 49.446 32.9678 5
    endloop
  endfacet
  facet normal 0.30827 -0.951299 0
    outer loop
      vertex 49.8123 33.0865 5
      vertex 49.446 32.9678 4.2
      vertex 49.8123 33.0865 4.2
    endloop
  endfacet
  facet normal 0.52882 -0.848734 0
    outer loop
      vertex 49.1287 32.7701 4.2
      vertex 49.446 32.9678 5
      vertex 49.1287 32.7701 5
    endloop
  endfacet
  facet normal 0.52882 -0.848734 0
    outer loop
      vertex 49.446 32.9678 5
      vertex 49.1287 32.7701 4.2
      vertex 49.446 32.9678 4.2
    endloop
  endfacet
  facet normal 0.724932 -0.68882 0
    outer loop
      vertex 48.8731 32.5011 5
      vertex 49.1287 32.7701 4.2
      vertex 49.1287 32.7701 5
    endloop
  endfacet
  facet normal 0.724932 -0.68882 0
    outer loop
      vertex 49.1287 32.7701 4.2
      vertex 48.8731 32.5011 5
      vertex 48.8731 32.5011 4.2
    endloop
  endfacet
  facet normal 0.878067 -0.478537 0
    outer loop
      vertex 48.692 32.1688 5
      vertex 48.8731 32.5011 4.2
      vertex 48.8731 32.5011 5
    endloop
  endfacet
  facet normal 0.878067 -0.478537 0
    outer loop
      vertex 48.8731 32.5011 4.2
      vertex 48.692 32.1688 5
      vertex 48.692 32.1688 4.2
    endloop
  endfacet
  facet normal 0.96542 -0.2607 0
    outer loop
      vertex 48.5852 31.7733 5
      vertex 48.692 32.1688 4.2
      vertex 48.692 32.1688 5
    endloop
  endfacet
  facet normal 0.96542 -0.2607 0
    outer loop
      vertex 48.692 32.1688 4.2
      vertex 48.5852 31.7733 5
      vertex 48.5852 31.7733 4.2
    endloop
  endfacet
  facet normal 0 -1 0
    outer loop
      vertex 48.5662 31.7733 4.2
      vertex 48.5852 31.7733 5
      vertex 48.5662 31.7733 5
    endloop
  endfacet
  facet normal 0 -1 -0
    outer loop
      vertex 48.5852 31.7733 5
      vertex 48.5662 31.7733 4.2
      vertex 48.5852 31.7733 4.2
    endloop
  endfacet
  facet normal -0.953299 -0.302027 0
    outer loop
      vertex 48.5662 31.7733 4.2
      vertex 48.4581 32.1145 5
      vertex 48.4581 32.1145 4.2
    endloop
  endfacet
  facet normal -0.953299 -0.302027 0
    outer loop
      vertex 48.4581 32.1145 5
      vertex 48.5662 31.7733 4.2
      vertex 48.5662 31.7733 5
    endloop
  endfacet
  facet normal -0.85081 -0.525474 0
    outer loop
      vertex 48.4581 32.1145 4.2
      vertex 48.2793 32.404 5
      vertex 48.2793 32.404 4.2
    endloop
  endfacet
  facet normal -0.85081 -0.525474 0
    outer loop
      vertex 48.2793 32.404 5
      vertex 48.4581 32.1145 4.2
      vertex 48.4581 32.1145 5
    endloop
  endfacet
  facet normal -0.690227 -0.723593 0
    outer loop
      vertex 48.0299 32.6419 4.2
      vertex 48.2793 32.404 5
      vertex 48.0299 32.6419 5
    endloop
  endfacet
  facet normal -0.690227 -0.723593 -0
    outer loop
      vertex 48.2793 32.404 5
      vertex 48.0299 32.6419 4.2
      vertex 48.2793 32.404 4.2
    endloop
  endfacet
  facet normal -0.505881 -0.862603 0
    outer loop
      vertex 47.7286 32.8186 4.2
      vertex 48.0299 32.6419 5
      vertex 47.7286 32.8186 5
    endloop
  endfacet
  facet normal -0.505881 -0.862603 -0
    outer loop
      vertex 48.0299 32.6419 5
      vertex 47.7286 32.8186 4.2
      vertex 48.0299 32.6419 4.2
    endloop
  endfacet
  facet normal -0.302661 -0.953098 0
    outer loop
      vertex 47.3948 32.9246 4.2
      vertex 47.7286 32.8186 5
      vertex 47.3948 32.9246 5
    endloop
  endfacet
  facet normal -0.302661 -0.953098 -0
    outer loop
      vertex 47.7286 32.8186 5
      vertex 47.3948 32.9246 4.2
      vertex 47.7286 32.8186 4.2
    endloop
  endfacet
  facet normal -0.0961159 -0.99537 0
    outer loop
      vertex 47.0282 32.96 4.2
      vertex 47.3948 32.9246 5
      vertex 47.0282 32.96 5
    endloop
  endfacet
  facet normal -0.0961159 -0.99537 -0
    outer loop
      vertex 47.3948 32.9246 5
      vertex 47.0282 32.96 4.2
      vertex 47.3948 32.9246 4.2
    endloop
  endfacet
  facet normal 0.128176 -0.991751 0
    outer loop
      vertex 46.5361 32.8964 4.2
      vertex 47.0282 32.96 5
      vertex 46.5361 32.8964 5
    endloop
  endfacet
  facet normal 0.128176 -0.991751 0
    outer loop
      vertex 47.0282 32.96 5
      vertex 46.5361 32.8964 4.2
      vertex 47.0282 32.96 4.2
    endloop
  endfacet
  facet normal 0.413999 -0.910277 0
    outer loop
      vertex 46.1168 32.7057 4.2
      vertex 46.5361 32.8964 5
      vertex 46.1168 32.7057 5
    endloop
  endfacet
  facet normal 0.413999 -0.910277 0
    outer loop
      vertex 46.5361 32.8964 5
      vertex 46.1168 32.7057 4.2
      vertex 46.5361 32.8964 4.2
    endloop
  endfacet
  facet normal 0.675927 -0.736969 0
    outer loop
      vertex 45.7703 32.3879 4.2
      vertex 46.1168 32.7057 5
      vertex 45.7703 32.3879 5
    endloop
  endfacet
  facet normal 0.675927 -0.736969 0
    outer loop
      vertex 46.1168 32.7057 5
      vertex 45.7703 32.3879 4.2
      vertex 46.1168 32.7057 4.2
    endloop
  endfacet
  facet normal 0.855757 -0.517378 0
    outer loop
      vertex 45.5119 31.9605 5
      vertex 45.7703 32.3879 4.2
      vertex 45.7703 32.3879 5
    endloop
  endfacet
  facet normal 0.855757 -0.517378 0
    outer loop
      vertex 45.7703 32.3879 4.2
      vertex 45.5119 31.9605 5
      vertex 45.5119 31.9605 4.2
    endloop
  endfacet
  facet normal 0.958251 -0.285927 0
    outer loop
      vertex 45.3568 31.4407 5
      vertex 45.5119 31.9605 4.2
      vertex 45.5119 31.9605 5
    endloop
  endfacet
  facet normal 0.958251 -0.285927 0
    outer loop
      vertex 45.5119 31.9605 4.2
      vertex 45.3568 31.4407 5
      vertex 45.3568 31.4407 4.2
    endloop
  endfacet
  facet normal 0.996452 -0.0841636 0
    outer loop
      vertex 45.3051 30.8286 5
      vertex 45.3568 31.4407 4.2
      vertex 45.3568 31.4407 5
    endloop
  endfacet
  facet normal 0.996452 -0.0841636 0
    outer loop
      vertex 45.3568 31.4407 4.2
      vertex 45.3051 30.8286 5
      vertex 45.3051 30.8286 4.2
    endloop
  endfacet
  facet normal 0.996151 0.0876559 0
    outer loop
      vertex 45.3578 30.2297 5
      vertex 45.3051 30.8286 4.2
      vertex 45.3051 30.8286 5
    endloop
  endfacet
  facet normal 0.996151 0.0876559 0
    outer loop
      vertex 45.3051 30.8286 4.2
      vertex 45.3578 30.2297 5
      vertex 45.3578 30.2297 4.2
    endloop
  endfacet
  facet normal 0.955362 0.295436 0
    outer loop
      vertex 45.5161 29.7178 5
      vertex 45.3578 30.2297 4.2
      vertex 45.3578 30.2297 5
    endloop
  endfacet
  facet normal 0.955362 0.295436 0
    outer loop
      vertex 45.3578 30.2297 4.2
      vertex 45.5161 29.7178 5
      vertex 45.5161 29.7178 4.2
    endloop
  endfacet
  facet normal 0.849612 0.527408 0
    outer loop
      vertex 45.7798 29.293 5
      vertex 45.5161 29.7178 4.2
      vertex 45.5161 29.7178 5
    endloop
  endfacet
  facet normal 0.849612 0.527408 0
    outer loop
      vertex 45.5161 29.7178 4.2
      vertex 45.7798 29.293 5
      vertex 45.7798 29.293 4.2
    endloop
  endfacet
  facet normal 0.673601 0.739095 -0
    outer loop
      vertex 46.1285 28.9752 4.2
      vertex 45.7798 29.293 5
      vertex 46.1285 28.9752 5
    endloop
  endfacet
  facet normal 0.673601 0.739095 0
    outer loop
      vertex 45.7798 29.293 5
      vertex 46.1285 28.9752 4.2
      vertex 45.7798 29.293 4.2
    endloop
  endfacet
  facet normal 0.419295 0.90785 -0
    outer loop
      vertex 46.5414 28.7845 4.2
      vertex 46.1285 28.9752 5
      vertex 46.5414 28.7845 5
    endloop
  endfacet
  facet normal 0.419295 0.90785 0
    outer loop
      vertex 46.1285 28.9752 5
      vertex 46.5414 28.7845 4.2
      vertex 46.1285 28.9752 4.2
    endloop
  endfacet
  facet normal 0.131878 0.991266 -0
    outer loop
      vertex 47.0187 28.721 4.2
      vertex 46.5414 28.7845 5
      vertex 47.0187 28.721 5
    endloop
  endfacet
  facet normal 0.131878 0.991266 0
    outer loop
      vertex 46.5414 28.7845 5
      vertex 47.0187 28.721 4.2
      vertex 46.5414 28.7845 4.2
    endloop
  endfacet
  facet normal -0.0953088 0.995448 0
    outer loop
      vertex 47.3853 28.7561 4.2
      vertex 47.0187 28.721 5
      vertex 47.3853 28.7561 5
    endloop
  endfacet
  facet normal -0.0953088 0.995448 0
    outer loop
      vertex 47.0187 28.721 5
      vertex 47.3853 28.7561 4.2
      vertex 47.0187 28.721 4.2
    endloop
  endfacet
  facet normal -0.300502 0.953781 0
    outer loop
      vertex 47.7192 28.8613 4.2
      vertex 47.3853 28.7561 5
      vertex 47.7192 28.8613 5
    endloop
  endfacet
  facet normal -0.300502 0.953781 0
    outer loop
      vertex 47.3853 28.7561 5
      vertex 47.7192 28.8613 4.2
      vertex 47.3853 28.7561 4.2
    endloop
  endfacet
  facet normal -0.503139 0.864205 0
    outer loop
      vertex 48.0203 29.0366 4.2
      vertex 47.7192 28.8613 5
      vertex 48.0203 29.0366 5
    endloop
  endfacet
  facet normal -0.503139 0.864205 0
    outer loop
      vertex 47.7192 28.8613 5
      vertex 48.0203 29.0366 4.2
      vertex 47.7192 28.8613 4.2
    endloop
  endfacet
  facet normal -0.684288 0.729212 0
    outer loop
      vertex 48.2719 29.2727 4.2
      vertex 48.0203 29.0366 5
      vertex 48.2719 29.2727 5
    endloop
  endfacet
  facet normal -0.684288 0.729212 0
    outer loop
      vertex 48.0203 29.0366 5
      vertex 48.2719 29.2727 4.2
      vertex 48.0203 29.0366 4.2
    endloop
  endfacet
  facet normal -0.84055 0.541734 0
    outer loop
      vertex 48.2719 29.2727 4.2
      vertex 48.457 29.5599 5
      vertex 48.457 29.5599 4.2
    endloop
  endfacet
  facet normal -0.84055 0.541734 0
    outer loop
      vertex 48.457 29.5599 5
      vertex 48.2719 29.2727 4.2
      vertex 48.2719 29.2727 5
    endloop
  endfacet
  facet normal -0.943602 0.331083 0
    outer loop
      vertex 48.457 29.5599 4.2
      vertex 48.5757 29.8982 5
      vertex 48.5757 29.8982 4.2
    endloop
  endfacet
  facet normal -0.943602 0.331083 0
    outer loop
      vertex 48.5757 29.8982 5
      vertex 48.457 29.5599 4.2
      vertex 48.457 29.5599 5
    endloop
  endfacet
  facet normal 0 1 -0
    outer loop
      vertex 48.5947 29.8982 4.2
      vertex 48.5757 29.8982 5
      vertex 48.5947 29.8982 5
    endloop
  endfacet
  facet normal 0 1 0
    outer loop
      vertex 48.5757 29.8982 5
      vertex 48.5947 29.8982 4.2
      vertex 48.5757 29.8982 4.2
    endloop
  endfacet
  facet normal 0.963087 0.269191 0
    outer loop
      vertex 48.697 29.5322 5
      vertex 48.5947 29.8982 4.2
      vertex 48.5947 29.8982 5
    endloop
  endfacet
  facet normal 0.963087 0.269191 0
    outer loop
      vertex 48.5947 29.8982 4.2
      vertex 48.697 29.5322 5
      vertex 48.697 29.5322 4.2
    endloop
  endfacet
  facet normal 0.870847 0.491554 0
    outer loop
      vertex 48.8774 29.2126 5
      vertex 48.697 29.5322 4.2
      vertex 48.697 29.5322 5
    endloop
  endfacet
  facet normal 0.870847 0.491554 0
    outer loop
      vertex 48.697 29.5322 4.2
      vertex 48.8774 29.2126 5
      vertex 48.8774 29.2126 4.2
    endloop
  endfacet
  facet normal 0.726637 0.687022 0
    outer loop
      vertex 49.1358 28.9393 5
      vertex 48.8774 29.2126 4.2
      vertex 48.8774 29.2126 5
    endloop
  endfacet
  facet normal 0.726637 0.687022 0
    outer loop
      vertex 48.8774 29.2126 4.2
      vertex 49.1358 28.9393 5
      vertex 49.1358 28.9393 4.2
    endloop
  endfacet
  facet normal 0.544703 0.838629 -0
    outer loop
      vertex 49.4565 28.731 4.2
      vertex 49.1358 28.9393 5
      vertex 49.4565 28.731 5
    endloop
  endfacet
  facet normal 0.544703 0.838629 0
    outer loop
      vertex 49.1358 28.9393 5
      vertex 49.4565 28.731 4.2
      vertex 49.1358 28.9393 4.2
    endloop
  endfacet
  facet normal 0.322333 0.946626 -0
    outer loop
      vertex 49.8236 28.606 4.2
      vertex 49.4565 28.731 5
      vertex 49.8236 28.606 5
    endloop
  endfacet
  facet normal 0.322333 0.946626 0
    outer loop
      vertex 49.4565 28.731 5
      vertex 49.8236 28.606 4.2
      vertex 49.4565 28.731 4.2
    endloop
  endfacet
  facet normal 0.100338 0.994953 -0
    outer loop
      vertex 50.2371 28.5643 4.2
      vertex 49.8236 28.606 5
      vertex 50.2371 28.5643 5
    endloop
  endfacet
  facet normal 0.100338 0.994953 0
    outer loop
      vertex 49.8236 28.606 5
      vertex 50.2371 28.5643 4.2
      vertex 49.8236 28.606 4.2
    endloop
  endfacet
  facet normal -0.116071 0.993241 0
    outer loop
      vertex 50.813 28.6316 4.2
      vertex 50.2371 28.5643 5
      vertex 50.813 28.6316 5
    endloop
  endfacet
  facet normal -0.116071 0.993241 0
    outer loop
      vertex 50.2371 28.5643 5
      vertex 50.813 28.6316 4.2
      vertex 50.2371 28.5643 4.2
    endloop
  endfacet
  facet normal -0.386711 0.922201 0
    outer loop
      vertex 51.294 28.8333 4.2
      vertex 50.813 28.6316 5
      vertex 51.294 28.8333 5
    endloop
  endfacet
  facet normal -0.386711 0.922201 0
    outer loop
      vertex 50.813 28.6316 5
      vertex 51.294 28.8333 4.2
      vertex 50.813 28.6316 4.2
    endloop
  endfacet
  facet normal -0.656691 0.75416 0
    outer loop
      vertex 51.6801 29.1695 4.2
      vertex 51.294 28.8333 5
      vertex 51.6801 29.1695 5
    endloop
  endfacet
  facet normal -0.656691 0.75416 0
    outer loop
      vertex 51.294 28.8333 5
      vertex 51.6801 29.1695 4.2
      vertex 51.294 28.8333 4.2
    endloop
  endfacet
  facet normal -0.850078 0.526657 0
    outer loop
      vertex 51.6801 29.1695 4.2
      vertex 51.9623 29.625 5
      vertex 51.9623 29.625 4.2
    endloop
  endfacet
  facet normal -0.850078 0.526657 0
    outer loop
      vertex 51.9623 29.625 5
      vertex 51.6801 29.1695 4.2
      vertex 51.6801 29.1695 5
    endloop
  endfacet
  facet normal -0.957127 0.28967 0
    outer loop
      vertex 51.9623 29.625 4.2
      vertex 52.1316 30.1844 5
      vertex 52.1316 30.1844 4.2
    endloop
  endfacet
  facet normal -0.957127 0.28967 0
    outer loop
      vertex 52.1316 30.1844 5
      vertex 51.9623 29.625 4.2
      vertex 51.9623 29.625 5
    endloop
  endfacet
  facet normal -0.996403 0.0847364 0
    outer loop
      vertex 52.1316 30.1844 4.2
      vertex 52.188 30.8476 5
      vertex 52.188 30.8476 4.2
    endloop
  endfacet
  facet normal -0.996403 0.0847364 0
    outer loop
      vertex 52.188 30.8476 5
      vertex 52.1316 30.1844 4.2
      vertex 52.1316 30.1844 5
    endloop
  endfacet
  facet normal -0.996427 -0.0844579 0
    outer loop
      vertex 52.188 30.8476 4.2
      vertex 52.1306 31.5248 5
      vertex 52.1306 31.5248 4.2
    endloop
  endfacet
  facet normal -0.996427 -0.0844579 0
    outer loop
      vertex 52.1306 31.5248 5
      vertex 52.188 30.8476 4.2
      vertex 52.188 30.8476 5
    endloop
  endfacet
  facet normal 0.950224 -0.311569 0
    outer loop
      vertex 48.119 30.1662 5
      vertex 48.2194 30.4724 4.2
      vertex 48.2194 30.4724 5
    endloop
  endfacet
  facet normal 0.950224 -0.311569 0
    outer loop
      vertex 48.2194 30.4724 4.2
      vertex 48.119 30.1662 5
      vertex 48.119 30.1662 4.2
    endloop
  endfacet
  facet normal 0.82722 -0.561879 0
    outer loop
      vertex 47.9515 29.9196 5
      vertex 48.119 30.1662 4.2
      vertex 48.119 30.1662 5
    endloop
  endfacet
  facet normal 0.82722 -0.561879 0
    outer loop
      vertex 48.119 30.1662 4.2
      vertex 47.9515 29.9196 5
      vertex 47.9515 29.9196 4.2
    endloop
  endfacet
  facet normal 0.615426 -0.788195 0
    outer loop
      vertex 47.7202 29.739 4.2
      vertex 47.9515 29.9196 5
      vertex 47.7202 29.739 5
    endloop
  endfacet
  facet normal 0.615426 -0.788195 0
    outer loop
      vertex 47.9515 29.9196 5
      vertex 47.7202 29.739 4.2
      vertex 47.9515 29.9196 4.2
    endloop
  endfacet
  facet normal 0.34813 -0.937446 0
    outer loop
      vertex 47.4283 29.6306 4.2
      vertex 47.7202 29.739 5
      vertex 47.4283 29.6306 5
    endloop
  endfacet
  facet normal 0.34813 -0.937446 0
    outer loop
      vertex 47.7202 29.739 5
      vertex 47.4283 29.6306 4.2
      vertex 47.7202 29.739 4.2
    endloop
  endfacet
  facet normal 0.102129 -0.994771 0
    outer loop
      vertex 47.0757 29.5944 4.2
      vertex 47.4283 29.6306 5
      vertex 47.0757 29.5944 5
    endloop
  endfacet
  facet normal 0.102129 -0.994771 0
    outer loop
      vertex 47.4283 29.6306 5
      vertex 47.0757 29.5944 4.2
      vertex 47.4283 29.6306 4.2
    endloop
  endfacet
  facet normal -0.101072 -0.994879 0
    outer loop
      vertex 46.7302 29.6295 4.2
      vertex 47.0757 29.5944 5
      vertex 46.7302 29.6295 5
    endloop
  endfacet
  facet normal -0.101072 -0.994879 -0
    outer loop
      vertex 47.0757 29.5944 5
      vertex 46.7302 29.6295 4.2
      vertex 47.0757 29.5944 4.2
    endloop
  endfacet
  facet normal -0.34822 -0.937413 0
    outer loop
      vertex 46.447 29.7347 4.2
      vertex 46.7302 29.6295 5
      vertex 46.447 29.7347 5
    endloop
  endfacet
  facet normal -0.34822 -0.937413 -0
    outer loop
      vertex 46.7302 29.6295 5
      vertex 46.447 29.7347 4.2
      vertex 46.7302 29.6295 4.2
    endloop
  endfacet
  facet normal -0.621665 -0.783283 0
    outer loop
      vertex 46.226 29.9101 4.2
      vertex 46.447 29.7347 5
      vertex 46.226 29.9101 5
    endloop
  endfacet
  facet normal -0.621665 -0.783283 -0
    outer loop
      vertex 46.447 29.7347 5
      vertex 46.226 29.9101 4.2
      vertex 46.447 29.7347 4.2
    endloop
  endfacet
  facet normal -0.837432 -0.546542 0
    outer loop
      vertex 46.226 29.9101 4.2
      vertex 46.0678 30.1525 5
      vertex 46.0678 30.1525 4.2
    endloop
  endfacet
  facet normal -0.837432 -0.546542 0
    outer loop
      vertex 46.0678 30.1525 5
      vertex 46.226 29.9101 4.2
      vertex 46.226 29.9101 5
    endloop
  endfacet
  facet normal -0.955061 -0.296409 0
    outer loop
      vertex 46.0678 30.1525 4.2
      vertex 45.9728 30.4586 5
      vertex 45.9728 30.4586 4.2
    endloop
  endfacet
  facet normal -0.955061 -0.296409 0
    outer loop
      vertex 45.9728 30.4586 5
      vertex 46.0678 30.1525 4.2
      vertex 46.0678 30.1525 5
    endloop
  endfacet
  facet normal -0.996373 -0.0850956 0
    outer loop
      vertex 45.9728 30.4586 4.2
      vertex 45.9412 30.8286 5
      vertex 45.9412 30.8286 4.2
    endloop
  endfacet
  facet normal -0.996373 -0.0850956 0
    outer loop
      vertex 45.9412 30.8286 5
      vertex 45.9728 30.4586 4.2
      vertex 45.9728 30.4586 5
    endloop
  endfacet
  facet normal -0.983774 0.179412 0
    outer loop
      vertex 45.9412 30.8286 4.2
      vertex 46.0672 31.5195 5
      vertex 46.0672 31.5195 4.2
    endloop
  endfacet
  facet normal -0.983774 0.179412 0
    outer loop
      vertex 46.0672 31.5195 5
      vertex 45.9412 30.8286 4.2
      vertex 45.9412 30.8286 5
    endloop
  endfacet
  facet normal -0.738794 0.673931 0
    outer loop
      vertex 46.0672 31.5195 4.2
      vertex 46.4454 31.9341 5
      vertex 46.4454 31.9341 4.2
    endloop
  endfacet
  facet normal -0.738794 0.673931 0
    outer loop
      vertex 46.4454 31.9341 5
      vertex 46.0672 31.5195 4.2
      vertex 46.0672 31.5195 5
    endloop
  endfacet
  facet normal -0.214173 0.976796 0
    outer loop
      vertex 47.0757 32.0723 4.2
      vertex 46.4454 31.9341 5
      vertex 47.0757 32.0723 5
    endloop
  endfacet
  facet normal -0.214173 0.976796 0
    outer loop
      vertex 46.4454 31.9341 5
      vertex 47.0757 32.0723 4.2
      vertex 46.4454 31.9341 4.2
    endloop
  endfacet
  facet normal 0.0928735 0.995678 -0
    outer loop
      vertex 47.452 32.0372 4.2
      vertex 47.0757 32.0723 5
      vertex 47.452 32.0372 5
    endloop
  endfacet
  facet normal 0.0928735 0.995678 0
    outer loop
      vertex 47.0757 32.0723 5
      vertex 47.452 32.0372 4.2
      vertex 47.0757 32.0723 4.2
    endloop
  endfacet
  facet normal 0.331009 0.943628 -0
    outer loop
      vertex 47.7519 31.932 4.2
      vertex 47.452 32.0372 5
      vertex 47.7519 31.932 5
    endloop
  endfacet
  facet normal 0.331009 0.943628 0
    outer loop
      vertex 47.452 32.0372 5
      vertex 47.7519 31.932 4.2
      vertex 47.452 32.0372 4.2
    endloop
  endfacet
  facet normal 0.617713 0.786404 -0
    outer loop
      vertex 47.9752 31.7566 4.2
      vertex 47.7519 31.932 5
      vertex 47.9752 31.7566 5
    endloop
  endfacet
  facet normal 0.617713 0.786404 0
    outer loop
      vertex 47.7519 31.932 5
      vertex 47.9752 31.7566 4.2
      vertex 47.7519 31.932 4.2
    endloop
  endfacet
  facet normal 0.843489 0.537146 0
    outer loop
      vertex 48.1295 31.5143 5
      vertex 47.9752 31.7566 4.2
      vertex 47.9752 31.7566 5
    endloop
  endfacet
  facet normal 0.843489 0.537146 0
    outer loop
      vertex 47.9752 31.7566 4.2
      vertex 48.1295 31.5143 5
      vertex 48.1295 31.5143 4.2
    endloop
  endfacet
  facet normal 0.957187 0.289469 0
    outer loop
      vertex 48.2221 31.2081 5
      vertex 48.1295 31.5143 4.2
      vertex 48.1295 31.5143 5
    endloop
  endfacet
  facet normal 0.957187 0.289469 0
    outer loop
      vertex 48.1295 31.5143 4.2
      vertex 48.2221 31.2081 5
      vertex 48.2221 31.2081 4.2
    endloop
  endfacet
  facet normal 0.996553 0.0829563 0
    outer loop
      vertex 48.2529 30.8381 5
      vertex 48.2221 31.2081 4.2
      vertex 48.2221 31.2081 5
    endloop
  endfacet
  facet normal 0.996553 0.0829563 0
    outer loop
      vertex 48.2221 31.2081 4.2
      vertex 48.2529 30.8381 5
      vertex 48.2529 30.8381 4.2
    endloop
  endfacet
  facet normal 0.99583 -0.0912232 0
    outer loop
      vertex 48.2194 30.4724 5
      vertex 48.2529 30.8381 4.2
      vertex 48.2529 30.8381 5
    endloop
  endfacet
  facet normal 0.99583 -0.0912232 0
    outer loop
      vertex 48.2529 30.8381 4.2
      vertex 48.2194 30.4724 5
      vertex 48.2194 30.4724 4.2
    endloop
  endfacet
  facet normal 0.714214 -0.699927 0
    outer loop
      vertex 50.9333 29.6039 5
      vertex 51.3938 30.0738 4.2
      vertex 51.3938 30.0738 5
    endloop
  endfacet
  facet normal 0.714214 -0.699927 0
    outer loop
      vertex 51.3938 30.0738 4.2
      vertex 50.9333 29.6039 5
      vertex 50.9333 29.6039 4.2
    endloop
  endfacet
  facet normal 0.200068 -0.979782 0
    outer loop
      vertex 50.1659 29.4472 4.2
      vertex 50.9333 29.6039 5
      vertex 50.1659 29.4472 5
    endloop
  endfacet
  facet normal 0.200068 -0.979782 0
    outer loop
      vertex 50.9333 29.6039 5
      vertex 50.1659 29.4472 4.2
      vertex 50.9333 29.6039 4.2
    endloop
  endfacet
  facet normal -0.110105 -0.99392 0
    outer loop
      vertex 49.7985 29.4879 4.2
      vertex 50.1659 29.4472 5
      vertex 49.7985 29.4879 5
    endloop
  endfacet
  facet normal -0.110105 -0.99392 -0
    outer loop
      vertex 50.1659 29.4472 5
      vertex 49.7985 29.4879 4.2
      vertex 50.1659 29.4472 4.2
    endloop
  endfacet
  facet normal -0.364772 -0.931097 0
    outer loop
      vertex 49.4876 29.6097 4.2
      vertex 49.7985 29.4879 5
      vertex 49.4876 29.6097 5
    endloop
  endfacet
  facet normal -0.364772 -0.931097 -0
    outer loop
      vertex 49.7985 29.4879 5
      vertex 49.4876 29.6097 4.2
      vertex 49.7985 29.4879 4.2
    endloop
  endfacet
  facet normal -0.623758 -0.781617 0
    outer loop
      vertex 49.2331 29.8128 4.2
      vertex 49.4876 29.6097 5
      vertex 49.2331 29.8128 5
    endloop
  endfacet
  facet normal -0.623758 -0.781617 -0
    outer loop
      vertex 49.4876 29.6097 5
      vertex 49.2331 29.8128 4.2
      vertex 49.4876 29.6097 4.2
    endloop
  endfacet
  facet normal -0.825116 -0.564963 0
    outer loop
      vertex 49.2331 29.8128 4.2
      vertex 49.0446 30.0881 5
      vertex 49.0446 30.0881 4.2
    endloop
  endfacet
  facet normal -0.825116 -0.564963 0
    outer loop
      vertex 49.0446 30.0881 5
      vertex 49.2331 29.8128 4.2
      vertex 49.2331 29.8128 5
    endloop
  endfacet
  facet normal -0.948403 -0.317068 0
    outer loop
      vertex 49.0446 30.0881 4.2
      vertex 48.9314 30.4267 5
      vertex 48.9314 30.4267 4.2
    endloop
  endfacet
  facet normal -0.948403 -0.317068 0
    outer loop
      vertex 48.9314 30.4267 5
      vertex 49.0446 30.0881 4.2
      vertex 49.0446 30.0881 5
    endloop
  endfacet
  facet normal -0.995629 -0.0933944 0
    outer loop
      vertex 48.9314 30.4267 4.2
      vertex 48.8937 30.8286 5
      vertex 48.8937 30.8286 4.2
    endloop
  endfacet
  facet normal -0.995629 -0.0933944 0
    outer loop
      vertex 48.8937 30.8286 5
      vertex 48.9314 30.4267 4.2
      vertex 48.9314 30.4267 5
    endloop
  endfacet
  facet normal -0.996408 0.0846826 0
    outer loop
      vertex 48.8937 30.8286 4.2
      vertex 48.9288 31.2416 5
      vertex 48.9288 31.2416 4.2
    endloop
  endfacet
  facet normal -0.996408 0.0846826 0
    outer loop
      vertex 48.9288 31.2416 5
      vertex 48.8937 30.8286 4.2
      vertex 48.8937 30.8286 5
    endloop
  endfacet
  facet normal -0.956871 0.290513 0
    outer loop
      vertex 48.9288 31.2416 4.2
      vertex 49.034 31.5881 5
      vertex 49.034 31.5881 4.2
    endloop
  endfacet
  facet normal -0.956871 0.290513 0
    outer loop
      vertex 49.034 31.5881 5
      vertex 48.9288 31.2416 4.2
      vertex 48.9288 31.2416 5
    endloop
  endfacet
  facet normal -0.847454 0.530869 0
    outer loop
      vertex 49.034 31.5881 4.2
      vertex 49.2094 31.8681 5
      vertex 49.2094 31.8681 4.2
    endloop
  endfacet
  facet normal -0.847454 0.530869 0
    outer loop
      vertex 49.2094 31.8681 5
      vertex 49.034 31.5881 4.2
      vertex 49.034 31.5881 5
    endloop
  endfacet
  facet normal -0.643933 0.765082 0
    outer loop
      vertex 49.4538 32.0738 4.2
      vertex 49.2094 31.8681 5
      vertex 49.4538 32.0738 5
    endloop
  endfacet
  facet normal -0.643933 0.765082 0
    outer loop
      vertex 49.2094 31.8681 5
      vertex 49.4538 32.0738 4.2
      vertex 49.2094 31.8681 4.2
    endloop
  endfacet
  facet normal -0.367539 0.930008 0
    outer loop
      vertex 49.7663 32.1973 4.2
      vertex 49.4538 32.0738 5
      vertex 49.7663 32.1973 5
    endloop
  endfacet
  facet normal -0.367539 0.930008 0
    outer loop
      vertex 49.4538 32.0738 5
      vertex 49.7663 32.1973 4.2
      vertex 49.4538 32.0738 4.2
    endloop
  endfacet
  facet normal -0.107363 0.99422 0
    outer loop
      vertex 50.1469 32.2384 4.2
      vertex 49.7663 32.1973 5
      vertex 50.1469 32.2384 5
    endloop
  endfacet
  facet normal -0.107363 0.99422 0
    outer loop
      vertex 49.7663 32.1973 5
      vertex 50.1469 32.2384 4.2
      vertex 49.7663 32.1973 4.2
    endloop
  endfacet
  facet normal 0.0854075 0.996346 -0
    outer loop
      vertex 50.5902 32.2004 4.2
      vertex 50.1469 32.2384 5
      vertex 50.5902 32.2004 5
    endloop
  endfacet
  facet normal 0.0854075 0.996346 0
    outer loop
      vertex 50.1469 32.2384 5
      vertex 50.5902 32.2004 4.2
      vertex 50.1469 32.2384 4.2
    endloop
  endfacet
  facet normal 0.30535 0.95224 -0
    outer loop
      vertex 50.9454 32.0865 4.2
      vertex 50.5902 32.2004 5
      vertex 50.9454 32.0865 5
    endloop
  endfacet
  facet normal 0.30535 0.95224 0
    outer loop
      vertex 50.5902 32.2004 5
      vertex 50.9454 32.0865 4.2
      vertex 50.5902 32.2004 4.2
    endloop
  endfacet
  facet normal 0.579303 0.815112 -0
    outer loop
      vertex 51.2126 31.8966 4.2
      vertex 50.9454 32.0865 5
      vertex 51.2126 31.8966 5
    endloop
  endfacet
  facet normal 0.579303 0.815112 0
    outer loop
      vertex 50.9454 32.0865 5
      vertex 51.2126 31.8966 4.2
      vertex 50.9454 32.0865 4.2
    endloop
  endfacet
  facet normal 0.821074 0.570822 0
    outer loop
      vertex 51.3985 31.6292 5
      vertex 51.2126 31.8966 4.2
      vertex 51.2126 31.8966 5
    endloop
  endfacet
  facet normal 0.821074 0.570822 0
    outer loop
      vertex 51.2126 31.8966 4.2
      vertex 51.3985 31.6292 5
      vertex 51.3985 31.6292 4.2
    endloop
  endfacet
  facet normal 0.951848 0.306569 0
    outer loop
      vertex 51.5101 31.2827 5
      vertex 51.3985 31.6292 4.2
      vertex 51.3985 31.6292 5
    endloop
  endfacet
  facet normal 0.951848 0.306569 0
    outer loop
      vertex 51.3985 31.6292 4.2
      vertex 51.5101 31.2827 5
      vertex 51.5101 31.2827 4.2
    endloop
  endfacet
  facet normal 0.996202 0.087074 0
    outer loop
      vertex 51.5473 30.8571 5
      vertex 51.5101 31.2827 4.2
      vertex 51.5101 31.2827 5
    endloop
  endfacet
  facet normal 0.996202 0.087074 0
    outer loop
      vertex 51.5101 31.2827 4.2
      vertex 51.5473 30.8571 5
      vertex 51.5473 30.8571 4.2
    endloop
  endfacet
  facet normal 0.981335 -0.192308 0
    outer loop
      vertex 51.3938 30.0738 5
      vertex 51.5473 30.8571 4.2
      vertex 51.5473 30.8571 5
    endloop
  endfacet
  facet normal 0.981335 -0.192308 0
    outer loop
      vertex 51.5473 30.8571 4.2
      vertex 51.3938 30.0738 5
      vertex 51.3938 30.0738 4.2
    endloop
  endfacet
  facet normal -0.892238 -0.451566 0
    outer loop
      vertex 52.0899 83.8004 4.2
      vertex 51.7956 84.3819 5
      vertex 51.7956 84.3819 4.2
    endloop
  endfacet
  facet normal -0.892238 -0.451566 0
    outer loop
      vertex 51.7956 84.3819 5
      vertex 52.0899 83.8004 4.2
      vertex 52.0899 83.8004 5
    endloop
  endfacet
  facet normal -0.681281 -0.732022 0
    outer loop
      vertex 51.3051 84.8384 4.2
      vertex 51.7956 84.3819 5
      vertex 51.3051 84.8384 5
    endloop
  endfacet
  facet normal -0.681281 -0.732022 -0
    outer loop
      vertex 51.7956 84.3819 5
      vertex 51.3051 84.8384 4.2
      vertex 51.7956 84.3819 4.2
    endloop
  endfacet
  facet normal -0.436492 -0.899708 0
    outer loop
      vertex 50.6284 85.1667 4.2
      vertex 51.3051 84.8384 5
      vertex 50.6284 85.1667 5
    endloop
  endfacet
  facet normal -0.436492 -0.899708 -0
    outer loop
      vertex 51.3051 84.8384 5
      vertex 50.6284 85.1667 4.2
      vertex 51.3051 84.8384 4.2
    endloop
  endfacet
  facet normal -0.225076 -0.974341 0
    outer loop
      vertex 49.7756 85.3637 4.2
      vertex 50.6284 85.1667 5
      vertex 49.7756 85.3637 5
    endloop
  endfacet
  facet normal -0.225076 -0.974341 -0
    outer loop
      vertex 50.6284 85.1667 5
      vertex 49.7756 85.3637 4.2
      vertex 50.6284 85.1667 4.2
    endloop
  endfacet
  facet normal -0.0637187 -0.997968 0
    outer loop
      vertex 48.7466 85.4294 4.2
      vertex 49.7756 85.3637 5
      vertex 48.7466 85.4294 5
    endloop
  endfacet
  facet normal -0.0637187 -0.997968 -0
    outer loop
      vertex 49.7756 85.3637 5
      vertex 48.7466 85.4294 4.2
      vertex 49.7756 85.3637 4.2
    endloop
  endfacet
  facet normal 0.0597989 -0.99821 0
    outer loop
      vertex 47.7033 85.3669 4.2
      vertex 48.7466 85.4294 5
      vertex 47.7033 85.3669 5
    endloop
  endfacet
  facet normal 0.0597989 -0.99821 0
    outer loop
      vertex 48.7466 85.4294 5
      vertex 47.7033 85.3669 4.2
      vertex 48.7466 85.4294 4.2
    endloop
  endfacet
  facet normal 0.213588 -0.976924 0
    outer loop
      vertex 46.8457 85.1794 4.2
      vertex 47.7033 85.3669 5
      vertex 46.8457 85.1794 5
    endloop
  endfacet
  facet normal 0.213588 -0.976924 0
    outer loop
      vertex 47.7033 85.3669 5
      vertex 46.8457 85.1794 4.2
      vertex 47.7033 85.3669 4.2
    endloop
  endfacet
  facet normal 0.421718 -0.906727 0
    outer loop
      vertex 46.1738 84.8669 4.2
      vertex 46.8457 85.1794 5
      vertex 46.1738 84.8669 5
    endloop
  endfacet
  facet normal 0.421718 -0.906727 0
    outer loop
      vertex 46.8457 85.1794 5
      vertex 46.1738 84.8669 4.2
      vertex 46.8457 85.1794 4.2
    endloop
  endfacet
  facet normal 0.676981 -0.736001 0
    outer loop
      vertex 45.6912 84.423 4.2
      vertex 46.1738 84.8669 5
      vertex 45.6912 84.423 5
    endloop
  endfacet
  facet normal 0.676981 -0.736001 0
    outer loop
      vertex 46.1738 84.8669 5
      vertex 45.6912 84.423 4.2
      vertex 46.1738 84.8669 4.2
    endloop
  endfacet
  facet normal 0.895104 -0.445858 0
    outer loop
      vertex 45.4016 83.8416 5
      vertex 45.6912 84.423 4.2
      vertex 45.6912 84.423 5
    endloop
  endfacet
  facet normal 0.895104 -0.445858 0
    outer loop
      vertex 45.6912 84.423 4.2
      vertex 45.4016 83.8416 5
      vertex 45.4016 83.8416 4.2
    endloop
  endfacet
  facet normal 0.991116 -0.133003 0
    outer loop
      vertex 45.3051 83.1225 5
      vertex 45.4016 83.8416 4.2
      vertex 45.4016 83.8416 5
    endloop
  endfacet
  facet normal 0.991116 -0.133003 0
    outer loop
      vertex 45.4016 83.8416 4.2
      vertex 45.3051 83.1225 5
      vertex 45.3051 83.1225 4.2
    endloop
  endfacet
  facet normal 0.991724 0.128385 0
    outer loop
      vertex 45.4006 82.3848 5
      vertex 45.3051 83.1225 4.2
      vertex 45.3051 83.1225 5
    endloop
  endfacet
  facet normal 0.991724 0.128385 0
    outer loop
      vertex 45.3051 83.1225 4.2
      vertex 45.4006 82.3848 5
      vertex 45.4006 82.3848 4.2
    endloop
  endfacet
  facet normal 0.900334 0.435199 0
    outer loop
      vertex 45.687 81.7923 5
      vertex 45.4006 82.3848 4.2
      vertex 45.4006 82.3848 5
    endloop
  endfacet
  facet normal 0.900334 0.435199 0
    outer loop
      vertex 45.4006 82.3848 4.2
      vertex 45.687 81.7923 5
      vertex 45.687 81.7923 4.2
    endloop
  endfacet
  facet normal 0.684048 0.729437 -0
    outer loop
      vertex 46.1643 81.3447 4.2
      vertex 45.687 81.7923 5
      vertex 46.1643 81.3447 5
    endloop
  endfacet
  facet normal 0.684048 0.729437 0
    outer loop
      vertex 45.687 81.7923 5
      vertex 46.1643 81.3447 4.2
      vertex 45.687 81.7923 4.2
    endloop
  endfacet
  facet normal 0.423323 0.905979 -0
    outer loop
      vertex 46.8331 81.0322 4.2
      vertex 46.1643 81.3447 5
      vertex 46.8331 81.0322 5
    endloop
  endfacet
  facet normal 0.423323 0.905979 0
    outer loop
      vertex 46.1643 81.3447 5
      vertex 46.8331 81.0322 4.2
      vertex 46.1643 81.3447 4.2
    endloop
  endfacet
  facet normal 0.212854 0.977084 -0
    outer loop
      vertex 47.6938 80.8447 4.2
      vertex 46.8331 81.0322 5
      vertex 47.6938 80.8447 5
    endloop
  endfacet
  facet normal 0.212854 0.977084 0
    outer loop
      vertex 46.8331 81.0322 5
      vertex 47.6938 80.8447 4.2
      vertex 46.8331 81.0322 4.2
    endloop
  endfacet
  facet normal 0.0592612 0.998243 -0
    outer loop
      vertex 48.7466 80.7822 4.2
      vertex 47.6938 80.8447 5
      vertex 48.7466 80.7822 5
    endloop
  endfacet
  facet normal 0.0592612 0.998243 0
    outer loop
      vertex 47.6938 80.8447 5
      vertex 48.7466 80.7822 4.2
      vertex 47.6938 80.8447 4.2
    endloop
  endfacet
  facet normal -0.0621799 0.998065 0
    outer loop
      vertex 49.7803 80.8466 4.2
      vertex 48.7466 80.7822 5
      vertex 49.7803 80.8466 5
    endloop
  endfacet
  facet normal -0.0621799 0.998065 0
    outer loop
      vertex 48.7466 80.7822 5
      vertex 49.7803 80.8466 4.2
      vertex 48.7466 80.7822 4.2
    endloop
  endfacet
  facet normal -0.220313 0.975429 0
    outer loop
      vertex 50.6348 81.0396 4.2
      vertex 49.7803 80.8466 5
      vertex 50.6348 81.0396 5
    endloop
  endfacet
  facet normal -0.220313 0.975429 0
    outer loop
      vertex 49.7803 80.8466 5
      vertex 50.6348 81.0396 4.2
      vertex 49.7803 80.8466 4.2
    endloop
  endfacet
  facet normal -0.430178 0.902744 0
    outer loop
      vertex 51.3099 81.3613 4.2
      vertex 50.6348 81.0396 5
      vertex 51.3099 81.3613 5
    endloop
  endfacet
  facet normal -0.430178 0.902744 0
    outer loop
      vertex 50.6348 81.0396 5
      vertex 51.3099 81.3613 4.2
      vertex 50.6348 81.0396 4.2
    endloop
  endfacet
  facet normal -0.677973 0.735086 0
    outer loop
      vertex 51.7977 81.8112 4.2
      vertex 51.3099 81.3613 5
      vertex 51.7977 81.8112 5
    endloop
  endfacet
  facet normal -0.677973 0.735086 0
    outer loop
      vertex 51.3099 81.3613 5
      vertex 51.7977 81.8112 4.2
      vertex 51.3099 81.3613 4.2
    endloop
  endfacet
  facet normal -0.891943 0.452148 0
    outer loop
      vertex 51.7977 81.8112 4.2
      vertex 52.0905 82.3888 5
      vertex 52.0905 82.3888 4.2
    endloop
  endfacet
  facet normal -0.891943 0.452148 0
    outer loop
      vertex 52.0905 82.3888 5
      vertex 51.7977 81.8112 4.2
      vertex 51.7977 81.8112 5
    endloop
  endfacet
  facet normal -0.990577 0.136956 0
    outer loop
      vertex 52.0905 82.3888 4.2
      vertex 52.188 83.094 5
      vertex 52.188 83.094 4.2
    endloop
  endfacet
  facet normal -0.990577 0.136956 0
    outer loop
      vertex 52.188 83.094 5
      vertex 52.0905 82.3888 4.2
      vertex 52.0905 82.3888 5
    endloop
  endfacet
  facet normal -0.990494 -0.137553 0
    outer loop
      vertex 52.188 83.094 4.2
      vertex 52.0899 83.8004 5
      vertex 52.0899 83.8004 4.2
    endloop
  endfacet
  facet normal -0.990494 -0.137553 0
    outer loop
      vertex 52.0899 83.8004 5
      vertex 52.188 83.094 4.2
      vertex 52.188 83.094 5
    endloop
  endfacet
  facet normal 0.859232 -0.511586 0
    outer loop
      vertex 51.197 82.2732 5
      vertex 51.417 82.6427 4.2
      vertex 51.417 82.6427 5
    endloop
  endfacet
  facet normal 0.859232 -0.511586 0
    outer loop
      vertex 51.417 82.6427 4.2
      vertex 51.197 82.2732 5
      vertex 51.197 82.2732 4.2
    endloop
  endfacet
  facet normal 0.604615 -0.796518 0
    outer loop
      vertex 50.8305 81.995 4.2
      vertex 51.197 82.2732 5
      vertex 50.8305 81.995 5
    endloop
  endfacet
  facet normal 0.604615 -0.796518 0
    outer loop
      vertex 51.197 82.2732 5
      vertex 50.8305 81.995 4.2
      vertex 51.197 82.2732 4.2
    endloop
  endfacet
  facet normal 0.346418 -0.93808 0
    outer loop
      vertex 50.3057 81.8012 4.2
      vertex 50.8305 81.995 5
      vertex 50.3057 81.8012 5
    endloop
  endfacet
  facet normal 0.346418 -0.93808 0
    outer loop
      vertex 50.8305 81.995 5
      vertex 50.3057 81.8012 4.2
      vertex 50.8305 81.995 4.2
    endloop
  endfacet
  facet normal 0.165113 -0.986275 0
    outer loop
      vertex 49.611 81.6849 4.2
      vertex 50.3057 81.8012 5
      vertex 49.611 81.6849 5
    endloop
  endfacet
  facet normal 0.165113 -0.986275 0
    outer loop
      vertex 50.3057 81.8012 5
      vertex 49.611 81.6849 4.2
      vertex 50.3057 81.8012 4.2
    endloop
  endfacet
  facet normal 0.0448415 -0.998994 0
    outer loop
      vertex 48.7466 81.6461 4.2
      vertex 49.611 81.6849 5
      vertex 48.7466 81.6461 5
    endloop
  endfacet
  facet normal 0.0448415 -0.998994 0
    outer loop
      vertex 49.611 81.6849 5
      vertex 48.7466 81.6461 4.2
      vertex 49.611 81.6849 4.2
    endloop
  endfacet
  facet normal -0.0431828 -0.999067 0
    outer loop
      vertex 47.8605 81.6844 4.2
      vertex 48.7466 81.6461 5
      vertex 47.8605 81.6844 5
    endloop
  endfacet
  facet normal -0.0431828 -0.999067 -0
    outer loop
      vertex 48.7466 81.6461 5
      vertex 47.8605 81.6844 4.2
      vertex 48.7466 81.6461 4.2
    endloop
  endfacet
  facet normal -0.16114 -0.986932 0
    outer loop
      vertex 47.158 81.7991 4.2
      vertex 47.8605 81.6844 5
      vertex 47.158 81.7991 5
    endloop
  endfacet
  facet normal -0.16114 -0.986932 -0
    outer loop
      vertex 47.8605 81.6844 5
      vertex 47.158 81.7991 4.2
      vertex 47.8605 81.6844 4.2
    endloop
  endfacet
  facet normal -0.345689 -0.938349 0
    outer loop
      vertex 46.639 81.9903 4.2
      vertex 47.158 81.7991 5
      vertex 46.639 81.9903 5
    endloop
  endfacet
  facet normal -0.345689 -0.938349 -0
    outer loop
      vertex 47.158 81.7991 5
      vertex 46.639 81.9903 4.2
      vertex 47.158 81.7991 4.2
    endloop
  endfacet
  facet normal -0.616433 -0.787407 0
    outer loop
      vertex 46.283 82.269 4.2
      vertex 46.639 81.9903 5
      vertex 46.283 82.269 5
    endloop
  endfacet
  facet normal -0.616433 -0.787407 -0
    outer loop
      vertex 46.639 81.9903 5
      vertex 46.283 82.269 4.2
      vertex 46.639 81.9903 4.2
    endloop
  endfacet
  facet normal -0.870279 -0.492559 0
    outer loop
      vertex 46.283 82.269 4.2
      vertex 46.0694 82.6464 5
      vertex 46.0694 82.6464 4.2
    endloop
  endfacet
  facet normal -0.870279 -0.492559 0
    outer loop
      vertex 46.0694 82.6464 5
      vertex 46.283 82.269 4.2
      vertex 46.283 82.269 5
    endloop
  endfacet
  facet normal -0.989002 -0.147904 0
    outer loop
      vertex 46.0694 82.6464 4.2
      vertex 45.9982 83.1225 5
      vertex 45.9982 83.1225 4.2
    endloop
  endfacet
  facet normal -0.989002 -0.147904 0
    outer loop
      vertex 45.9982 83.1225 5
      vertex 46.0694 82.6464 4.2
      vertex 46.0694 82.6464 5
    endloop
  endfacet
  facet normal -0.988124 0.153656 0
    outer loop
      vertex 45.9982 83.1225 4.2
      vertex 46.0704 83.5868 5
      vertex 46.0704 83.5868 4.2
    endloop
  endfacet
  facet normal -0.988124 0.153656 0
    outer loop
      vertex 46.0704 83.5868 5
      vertex 45.9982 83.1225 4.2
      vertex 45.9982 83.1225 5
    endloop
  endfacet
  facet normal -0.861537 0.507695 0
    outer loop
      vertex 46.0704 83.5868 4.2
      vertex 46.2872 83.9547 5
      vertex 46.2872 83.9547 4.2
    endloop
  endfacet
  facet normal -0.861537 0.507695 0
    outer loop
      vertex 46.2872 83.9547 5
      vertex 46.0704 83.5868 4.2
      vertex 46.0704 83.5868 5
    endloop
  endfacet
  facet normal -0.600602 0.799548 0
    outer loop
      vertex 46.6485 84.2261 4.2
      vertex 46.2872 83.9547 5
      vertex 46.6485 84.2261 5
    endloop
  endfacet
  facet normal -0.600602 0.799548 0
    outer loop
      vertex 46.2872 83.9547 5
      vertex 46.6485 84.2261 4.2
      vertex 46.2872 83.9547 4.2
    endloop
  endfacet
  facet normal -0.335433 0.942064 0
    outer loop
      vertex 47.1706 84.412 4.2
      vertex 46.6485 84.2261 5
      vertex 47.1706 84.412 5
    endloop
  endfacet
  facet normal -0.335433 0.942064 0
    outer loop
      vertex 46.6485 84.2261 5
      vertex 47.1706 84.412 4.2
      vertex 46.6485 84.2261 4.2
    endloop
  endfacet
  facet normal -0.157572 0.987508 0
    outer loop
      vertex 47.87 84.5236 4.2
      vertex 47.1706 84.412 5
      vertex 47.87 84.5236 5
    endloop
  endfacet
  facet normal -0.157572 0.987508 0
    outer loop
      vertex 47.1706 84.412 5
      vertex 47.87 84.5236 4.2
      vertex 47.1706 84.412 4.2
    endloop
  endfacet
  facet normal -0.0422848 0.999106 0
    outer loop
      vertex 48.7466 84.5607 4.2
      vertex 47.87 84.5236 5
      vertex 48.7466 84.5607 5
    endloop
  endfacet
  facet normal -0.0422848 0.999106 0
    outer loop
      vertex 47.87 84.5236 5
      vertex 48.7466 84.5607 4.2
      vertex 47.87 84.5236 4.2
    endloop
  endfacet
  facet normal 0.0458234 0.99895 -0
    outer loop
      vertex 49.5968 84.5217 4.2
      vertex 48.7466 84.5607 5
      vertex 49.5968 84.5217 5
    endloop
  endfacet
  facet normal 0.0458234 0.99895 0
    outer loop
      vertex 48.7466 84.5607 5
      vertex 49.5968 84.5217 4.2
      vertex 48.7466 84.5607 4.2
    endloop
  endfacet
  facet normal 0.167341 0.985899 -0
    outer loop
      vertex 50.2867 84.4046 4.2
      vertex 49.5968 84.5217 5
      vertex 50.2867 84.4046 5
    endloop
  endfacet
  facet normal 0.167341 0.985899 0
    outer loop
      vertex 49.5968 84.5217 5
      vertex 50.2867 84.4046 4.2
      vertex 49.5968 84.5217 4.2
    endloop
  endfacet
  facet normal 0.345738 0.938331 -0
    outer loop
      vertex 50.8162 84.2095 4.2
      vertex 50.2867 84.4046 5
      vertex 50.8162 84.2095 5
    endloop
  endfacet
  facet normal 0.345738 0.938331 0
    outer loop
      vertex 50.2867 84.4046 5
      vertex 50.8162 84.2095 4.2
      vertex 50.2867 84.4046 4.2
    endloop
  endfacet
  facet normal 0.597427 0.801923 -0
    outer loop
      vertex 51.1907 83.9305 4.2
      vertex 50.8162 84.2095 5
      vertex 51.1907 83.9305 5
    endloop
  endfacet
  facet normal 0.597427 0.801923 0
    outer loop
      vertex 50.8162 84.2095 5
      vertex 51.1907 83.9305 4.2
      vertex 50.8162 84.2095 4.2
    endloop
  endfacet
  facet normal 0.853917 0.52041 0
    outer loop
      vertex 51.4154 83.5618 5
      vertex 51.1907 83.9305 4.2
      vertex 51.1907 83.9305 5
    endloop
  endfacet
  facet normal 0.853917 0.52041 0
    outer loop
      vertex 51.1907 83.9305 4.2
      vertex 51.4154 83.5618 5
      vertex 51.4154 83.5618 4.2
    endloop
  endfacet
  facet normal 0.986913 0.161256 0
    outer loop
      vertex 51.4903 83.1034 5
      vertex 51.4154 83.5618 4.2
      vertex 51.4154 83.5618 5
    endloop
  endfacet
  facet normal 0.986913 0.161256 0
    outer loop
      vertex 51.4154 83.5618 4.2
      vertex 51.4903 83.1034 5
      vertex 51.4903 83.1034 4.2
    endloop
  endfacet
  facet normal 0.987578 -0.157129 0
    outer loop
      vertex 51.417 82.6427 5
      vertex 51.4903 83.1034 4.2
      vertex 51.4903 83.1034 5
    endloop
  endfacet
  facet normal 0.987578 -0.157129 0
    outer loop
      vertex 51.4903 83.1034 4.2
      vertex 51.417 82.6427 5
      vertex 51.417 82.6427 4.2
    endloop
  endfacet
  facet normal -0.892206 -0.451628 0
    outer loop
      vertex 52.0899 78.5202 4.2
      vertex 51.7956 79.1016 5
      vertex 51.7956 79.1016 4.2
    endloop
  endfacet
  facet normal -0.892206 -0.451628 0
    outer loop
      vertex 51.7956 79.1016 5
      vertex 52.0899 78.5202 4.2
      vertex 52.0899 78.5202 5
    endloop
  endfacet
  facet normal -0.681281 -0.732022 0
    outer loop
      vertex 51.3051 79.5581 4.2
      vertex 51.7956 79.1016 5
      vertex 51.3051 79.5581 5
    endloop
  endfacet
  facet normal -0.681281 -0.732022 -0
    outer loop
      vertex 51.7956 79.1016 5
      vertex 51.3051 79.5581 4.2
      vertex 51.7956 79.1016 4.2
    endloop
  endfacet
  facet normal -0.436492 -0.899708 0
    outer loop
      vertex 50.6284 79.8864 4.2
      vertex 51.3051 79.5581 5
      vertex 50.6284 79.8864 5
    endloop
  endfacet
  facet normal -0.436492 -0.899708 -0
    outer loop
      vertex 51.3051 79.5581 5
      vertex 50.6284 79.8864 4.2
      vertex 51.3051 79.5581 4.2
    endloop
  endfacet
  facet normal -0.225076 -0.974341 0
    outer loop
      vertex 49.7756 80.0834 4.2
      vertex 50.6284 79.8864 5
      vertex 49.7756 80.0834 5
    endloop
  endfacet
  facet normal -0.225076 -0.974341 -0
    outer loop
      vertex 50.6284 79.8864 5
      vertex 49.7756 80.0834 4.2
      vertex 50.6284 79.8864 4.2
    endloop
  endfacet
  facet normal -0.0637187 -0.997968 0
    outer loop
      vertex 48.7466 80.1491 4.2
      vertex 49.7756 80.0834 5
      vertex 48.7466 80.1491 5
    endloop
  endfacet
  facet normal -0.0637187 -0.997968 -0
    outer loop
      vertex 49.7756 80.0834 5
      vertex 48.7466 80.1491 4.2
      vertex 49.7756 80.0834 4.2
    endloop
  endfacet
  facet normal 0.0597989 -0.99821 0
    outer loop
      vertex 47.7033 80.0866 4.2
      vertex 48.7466 80.1491 5
      vertex 47.7033 80.0866 5
    endloop
  endfacet
  facet normal 0.0597989 -0.99821 0
    outer loop
      vertex 48.7466 80.1491 5
      vertex 47.7033 80.0866 4.2
      vertex 48.7466 80.1491 4.2
    endloop
  endfacet
  facet normal 0.213588 -0.976924 0
    outer loop
      vertex 46.8457 79.8991 4.2
      vertex 47.7033 80.0866 5
      vertex 46.8457 79.8991 5
    endloop
  endfacet
  facet normal 0.213588 -0.976924 0
    outer loop
      vertex 47.7033 80.0866 5
      vertex 46.8457 79.8991 4.2
      vertex 47.7033 80.0866 4.2
    endloop
  endfacet
  facet normal 0.421718 -0.906727 0
    outer loop
      vertex 46.1738 79.5866 4.2
      vertex 46.8457 79.8991 5
      vertex 46.1738 79.5866 5
    endloop
  endfacet
  facet normal 0.421718 -0.906727 0
    outer loop
      vertex 46.8457 79.8991 5
      vertex 46.1738 79.5866 4.2
      vertex 46.8457 79.8991 4.2
    endloop
  endfacet
  facet normal 0.676898 -0.736077 0
    outer loop
      vertex 45.6912 79.1428 4.2
      vertex 46.1738 79.5866 5
      vertex 45.6912 79.1428 5
    endloop
  endfacet
  facet normal 0.676898 -0.736077 0
    outer loop
      vertex 46.1738 79.5866 5
      vertex 45.6912 79.1428 4.2
      vertex 46.1738 79.5866 4.2
    endloop
  endfacet
  facet normal 0.895134 -0.445797 0
    outer loop
      vertex 45.4016 78.5613 5
      vertex 45.6912 79.1428 4.2
      vertex 45.6912 79.1428 5
    endloop
  endfacet
  facet normal 0.895134 -0.445797 0
    outer loop
      vertex 45.6912 79.1428 4.2
      vertex 45.4016 78.5613 5
      vertex 45.4016 78.5613 4.2
    endloop
  endfacet
  facet normal 0.991116 -0.133003 0
    outer loop
      vertex 45.3051 77.8422 5
      vertex 45.4016 78.5613 4.2
      vertex 45.4016 78.5613 5
    endloop
  endfacet
  facet normal 0.991116 -0.133003 0
    outer loop
      vertex 45.4016 78.5613 4.2
      vertex 45.3051 77.8422 5
      vertex 45.3051 77.8422 4.2
    endloop
  endfacet
  facet normal 0.991722 0.128402 0
    outer loop
      vertex 45.4006 77.1046 5
      vertex 45.3051 77.8422 4.2
      vertex 45.3051 77.8422 5
    endloop
  endfacet
  facet normal 0.991722 0.128402 0
    outer loop
      vertex 45.3051 77.8422 4.2
      vertex 45.4006 77.1046 5
      vertex 45.4006 77.1046 4.2
    endloop
  endfacet
  facet normal 0.900363 0.43514 0
    outer loop
      vertex 45.687 76.512 5
      vertex 45.4006 77.1046 4.2
      vertex 45.4006 77.1046 5
    endloop
  endfacet
  facet normal 0.900363 0.43514 0
    outer loop
      vertex 45.4006 77.1046 4.2
      vertex 45.687 76.512 5
      vertex 45.687 76.512 4.2
    endloop
  endfacet
  facet normal 0.683967 0.729513 -0
    outer loop
      vertex 46.1643 76.0645 4.2
      vertex 45.687 76.512 5
      vertex 46.1643 76.0645 5
    endloop
  endfacet
  facet normal 0.683967 0.729513 0
    outer loop
      vertex 45.687 76.512 5
      vertex 46.1643 76.0645 4.2
      vertex 45.687 76.512 4.2
    endloop
  endfacet
  facet normal 0.423434 0.905927 -0
    outer loop
      vertex 46.8331 75.7519 4.2
      vertex 46.1643 76.0645 5
      vertex 46.8331 75.7519 5
    endloop
  endfacet
  facet normal 0.423434 0.905927 0
    outer loop
      vertex 46.1643 76.0645 5
      vertex 46.8331 75.7519 4.2
      vertex 46.1643 76.0645 4.2
    endloop
  endfacet
  facet normal 0.212854 0.977084 -0
    outer loop
      vertex 47.6938 75.5644 4.2
      vertex 46.8331 75.7519 5
      vertex 47.6938 75.5644 5
    endloop
  endfacet
  facet normal 0.212854 0.977084 0
    outer loop
      vertex 46.8331 75.7519 5
      vertex 47.6938 75.5644 4.2
      vertex 46.8331 75.7519 4.2
    endloop
  endfacet
  facet normal 0.0592612 0.998243 -0
    outer loop
      vertex 48.7466 75.5019 4.2
      vertex 47.6938 75.5644 5
      vertex 48.7466 75.5019 5
    endloop
  endfacet
  facet normal 0.0592612 0.998243 0
    outer loop
      vertex 47.6938 75.5644 5
      vertex 48.7466 75.5019 4.2
      vertex 47.6938 75.5644 4.2
    endloop
  endfacet
  facet normal -0.0621799 0.998065 0
    outer loop
      vertex 49.7803 75.5663 4.2
      vertex 48.7466 75.5019 5
      vertex 49.7803 75.5663 5
    endloop
  endfacet
  facet normal -0.0621799 0.998065 0
    outer loop
      vertex 48.7466 75.5019 5
      vertex 49.7803 75.5663 4.2
      vertex 48.7466 75.5019 4.2
    endloop
  endfacet
  facet normal -0.220313 0.975429 0
    outer loop
      vertex 50.6348 75.7593 4.2
      vertex 49.7803 75.5663 5
      vertex 50.6348 75.7593 5
    endloop
  endfacet
  facet normal -0.220313 0.975429 0
    outer loop
      vertex 49.7803 75.5663 5
      vertex 50.6348 75.7593 4.2
      vertex 49.7803 75.5663 4.2
    endloop
  endfacet
  facet normal -0.430178 0.902744 0
    outer loop
      vertex 51.3099 76.081 4.2
      vertex 50.6348 75.7593 5
      vertex 51.3099 76.081 5
    endloop
  endfacet
  facet normal -0.430178 0.902744 0
    outer loop
      vertex 50.6348 75.7593 5
      vertex 51.3099 76.081 4.2
      vertex 50.6348 75.7593 4.2
    endloop
  endfacet
  facet normal -0.677973 0.735086 0
    outer loop
      vertex 51.7977 76.5309 4.2
      vertex 51.3099 76.081 5
      vertex 51.7977 76.5309 5
    endloop
  endfacet
  facet normal -0.677973 0.735086 0
    outer loop
      vertex 51.3099 76.081 5
      vertex 51.7977 76.5309 4.2
      vertex 51.3099 76.081 4.2
    endloop
  endfacet
  facet normal -0.891943 0.452148 0
    outer loop
      vertex 51.7977 76.5309 4.2
      vertex 52.0905 77.1085 5
      vertex 52.0905 77.1085 4.2
    endloop
  endfacet
  facet normal -0.891943 0.452148 0
    outer loop
      vertex 52.0905 77.1085 5
      vertex 51.7977 76.5309 4.2
      vertex 51.7977 76.5309 5
    endloop
  endfacet
  facet normal -0.990577 0.136956 0
    outer loop
      vertex 52.0905 77.1085 4.2
      vertex 52.188 77.8137 5
      vertex 52.188 77.8137 4.2
    endloop
  endfacet
  facet normal -0.990577 0.136956 0
    outer loop
      vertex 52.188 77.8137 5
      vertex 52.0905 77.1085 4.2
      vertex 52.0905 77.1085 5
    endloop
  endfacet
  facet normal -0.990497 -0.137534 0
    outer loop
      vertex 52.188 77.8137 4.2
      vertex 52.0899 78.5202 5
      vertex 52.0899 78.5202 4.2
    endloop
  endfacet
  facet normal -0.990497 -0.137534 0
    outer loop
      vertex 52.0899 78.5202 5
      vertex 52.188 77.8137 4.2
      vertex 52.188 77.8137 5
    endloop
  endfacet
  facet normal 0.859171 -0.511688 0
    outer loop
      vertex 51.197 76.993 5
      vertex 51.417 77.3624 4.2
      vertex 51.417 77.3624 5
    endloop
  endfacet
  facet normal 0.859171 -0.511688 0
    outer loop
      vertex 51.417 77.3624 4.2
      vertex 51.197 76.993 5
      vertex 51.197 76.993 4.2
    endloop
  endfacet
  facet normal 0.604615 -0.796518 0
    outer loop
      vertex 50.8305 76.7148 4.2
      vertex 51.197 76.993 5
      vertex 50.8305 76.7148 5
    endloop
  endfacet
  facet normal 0.604615 -0.796518 0
    outer loop
      vertex 51.197 76.993 5
      vertex 50.8305 76.7148 4.2
      vertex 51.197 76.993 4.2
    endloop
  endfacet
  facet normal 0.346575 -0.938022 0
    outer loop
      vertex 50.3057 76.5209 4.2
      vertex 50.8305 76.7148 5
      vertex 50.3057 76.5209 5
    endloop
  endfacet
  facet normal 0.346575 -0.938022 0
    outer loop
      vertex 50.8305 76.7148 5
      vertex 50.3057 76.5209 4.2
      vertex 50.8305 76.7148 4.2
    endloop
  endfacet
  facet normal 0.165113 -0.986275 0
    outer loop
      vertex 49.611 76.4046 4.2
      vertex 50.3057 76.5209 5
      vertex 49.611 76.4046 5
    endloop
  endfacet
  facet normal 0.165113 -0.986275 0
    outer loop
      vertex 50.3057 76.5209 5
      vertex 49.611 76.4046 4.2
      vertex 50.3057 76.5209 4.2
    endloop
  endfacet
  facet normal 0.0447261 -0.998999 0
    outer loop
      vertex 48.7466 76.3659 4.2
      vertex 49.611 76.4046 5
      vertex 48.7466 76.3659 5
    endloop
  endfacet
  facet normal 0.0447261 -0.998999 0
    outer loop
      vertex 49.611 76.4046 5
      vertex 48.7466 76.3659 4.2
      vertex 49.611 76.4046 4.2
    endloop
  endfacet
  facet normal -0.0430703 -0.999072 0
    outer loop
      vertex 47.8605 76.4041 4.2
      vertex 48.7466 76.3659 5
      vertex 47.8605 76.4041 5
    endloop
  endfacet
  facet normal -0.0430703 -0.999072 -0
    outer loop
      vertex 48.7466 76.3659 5
      vertex 47.8605 76.4041 4.2
      vertex 48.7466 76.3659 4.2
    endloop
  endfacet
  facet normal -0.16114 -0.986932 0
    outer loop
      vertex 47.158 76.5188 4.2
      vertex 47.8605 76.4041 5
      vertex 47.158 76.5188 5
    endloop
  endfacet
  facet normal -0.16114 -0.986932 -0
    outer loop
      vertex 47.8605 76.4041 5
      vertex 47.158 76.5188 4.2
      vertex 47.8605 76.4041 4.2
    endloop
  endfacet
  facet normal -0.345689 -0.938349 0
    outer loop
      vertex 46.639 76.71 4.2
      vertex 47.158 76.5188 5
      vertex 46.639 76.71 5
    endloop
  endfacet
  facet normal -0.345689 -0.938349 -0
    outer loop
      vertex 47.158 76.5188 5
      vertex 46.639 76.71 4.2
      vertex 47.158 76.5188 4.2
    endloop
  endfacet
  facet normal -0.616571 -0.7873 0
    outer loop
      vertex 46.283 76.9888 4.2
      vertex 46.639 76.71 5
      vertex 46.283 76.9888 5
    endloop
  endfacet
  facet normal -0.616571 -0.7873 -0
    outer loop
      vertex 46.639 76.71 5
      vertex 46.283 76.9888 4.2
      vertex 46.639 76.71 4.2
    endloop
  endfacet
  facet normal -0.870223 -0.492658 0
    outer loop
      vertex 46.283 76.9888 4.2
      vertex 46.0694 77.3661 5
      vertex 46.0694 77.3661 4.2
    endloop
  endfacet
  facet normal -0.870223 -0.492658 0
    outer loop
      vertex 46.0694 77.3661 5
      vertex 46.283 76.9888 4.2
      vertex 46.283 76.9888 5
    endloop
  endfacet
  facet normal -0.989002 -0.147904 0
    outer loop
      vertex 46.0694 77.3661 4.2
      vertex 45.9982 77.8422 5
      vertex 45.9982 77.8422 4.2
    endloop
  endfacet
  facet normal -0.989002 -0.147904 0
    outer loop
      vertex 45.9982 77.8422 5
      vertex 46.0694 77.3661 4.2
      vertex 46.0694 77.3661 5
    endloop
  endfacet
  facet normal -0.988124 0.153656 0
    outer loop
      vertex 45.9982 77.8422 4.2
      vertex 46.0704 78.3065 5
      vertex 46.0704 78.3065 4.2
    endloop
  endfacet
  facet normal -0.988124 0.153656 0
    outer loop
      vertex 46.0704 78.3065 5
      vertex 45.9982 77.8422 4.2
      vertex 45.9982 77.8422 5
    endloop
  endfacet
  facet normal -0.861537 0.507695 0
    outer loop
      vertex 46.0704 78.3065 4.2
      vertex 46.2872 78.6744 5
      vertex 46.2872 78.6744 4.2
    endloop
  endfacet
  facet normal -0.861537 0.507695 0
    outer loop
      vertex 46.2872 78.6744 5
      vertex 46.0704 78.3065 4.2
      vertex 46.0704 78.3065 5
    endloop
  endfacet
  facet normal -0.600602 0.799548 0
    outer loop
      vertex 46.6485 78.9458 4.2
      vertex 46.2872 78.6744 5
      vertex 46.6485 78.9458 5
    endloop
  endfacet
  facet normal -0.600602 0.799548 0
    outer loop
      vertex 46.2872 78.6744 5
      vertex 46.6485 78.9458 4.2
      vertex 46.2872 78.6744 4.2
    endloop
  endfacet
  facet normal -0.335433 0.942064 0
    outer loop
      vertex 47.1706 79.1317 4.2
      vertex 46.6485 78.9458 5
      vertex 47.1706 79.1317 5
    endloop
  endfacet
  facet normal -0.335433 0.942064 0
    outer loop
      vertex 46.6485 78.9458 5
      vertex 47.1706 79.1317 4.2
      vertex 46.6485 78.9458 4.2
    endloop
  endfacet
  facet normal -0.157572 0.987508 0
    outer loop
      vertex 47.87 79.2433 4.2
      vertex 47.1706 79.1317 5
      vertex 47.87 79.2433 5
    endloop
  endfacet
  facet normal -0.157572 0.987508 0
    outer loop
      vertex 47.1706 79.1317 5
      vertex 47.87 79.2433 4.2
      vertex 47.1706 79.1317 4.2
    endloop
  endfacet
  facet normal -0.0423985 0.999101 0
    outer loop
      vertex 48.7466 79.2805 4.2
      vertex 47.87 79.2433 5
      vertex 48.7466 79.2805 5
    endloop
  endfacet
  facet normal -0.0423985 0.999101 0
    outer loop
      vertex 47.87 79.2433 5
      vertex 48.7466 79.2805 4.2
      vertex 47.87 79.2433 4.2
    endloop
  endfacet
  facet normal 0.0459406 0.998944 -0
    outer loop
      vertex 49.5968 79.2414 4.2
      vertex 48.7466 79.2805 5
      vertex 49.5968 79.2414 5
    endloop
  endfacet
  facet normal 0.0459406 0.998944 0
    outer loop
      vertex 48.7466 79.2805 5
      vertex 49.5968 79.2414 4.2
      vertex 48.7466 79.2805 4.2
    endloop
  endfacet
  facet normal 0.167341 0.985899 -0
    outer loop
      vertex 50.2867 79.1243 4.2
      vertex 49.5968 79.2414 5
      vertex 50.2867 79.1243 5
    endloop
  endfacet
  facet normal 0.167341 0.985899 0
    outer loop
      vertex 49.5968 79.2414 5
      vertex 50.2867 79.1243 4.2
      vertex 49.5968 79.2414 4.2
    endloop
  endfacet
  facet normal 0.345738 0.938331 -0
    outer loop
      vertex 50.8162 78.9292 4.2
      vertex 50.2867 79.1243 5
      vertex 50.8162 78.9292 5
    endloop
  endfacet
  facet normal 0.345738 0.938331 0
    outer loop
      vertex 50.2867 79.1243 5
      vertex 50.8162 78.9292 4.2
      vertex 50.2867 79.1243 4.2
    endloop
  endfacet
  facet normal 0.597427 0.801923 -0
    outer loop
      vertex 51.1907 78.6502 4.2
      vertex 50.8162 78.9292 5
      vertex 51.1907 78.6502 5
    endloop
  endfacet
  facet normal 0.597427 0.801923 0
    outer loop
      vertex 50.8162 78.9292 5
      vertex 51.1907 78.6502 4.2
      vertex 50.8162 78.9292 4.2
    endloop
  endfacet
  facet normal 0.853917 0.52041 0
    outer loop
      vertex 51.4154 78.2815 5
      vertex 51.1907 78.6502 4.2
      vertex 51.1907 78.6502 5
    endloop
  endfacet
  facet normal 0.853917 0.52041 0
    outer loop
      vertex 51.1907 78.6502 4.2
      vertex 51.4154 78.2815 5
      vertex 51.4154 78.2815 4.2
    endloop
  endfacet
  facet normal 0.986913 0.161256 0
    outer loop
      vertex 51.4903 77.8231 5
      vertex 51.4154 78.2815 4.2
      vertex 51.4154 78.2815 5
    endloop
  endfacet
  facet normal 0.986913 0.161256 0
    outer loop
      vertex 51.4154 78.2815 4.2
      vertex 51.4903 77.8231 5
      vertex 51.4903 77.8231 4.2
    endloop
  endfacet
  facet normal 0.987578 -0.157129 0
    outer loop
      vertex 51.417 77.3624 5
      vertex 51.4903 77.8231 4.2
      vertex 51.4903 77.8231 5
    endloop
  endfacet
  facet normal 0.987578 -0.157129 0
    outer loop
      vertex 51.4903 77.8231 4.2
      vertex 51.417 77.3624 5
      vertex 51.417 77.3624 4.2
    endloop
  endfacet
  facet normal -0.88849 -0.458897 0
    outer loop
      vertex 52.0852 39.3013 4.2
      vertex 51.7767 39.8986 5
      vertex 51.7767 39.8986 4.2
    endloop
  endfacet
  facet normal -0.88849 -0.458897 0
    outer loop
      vertex 51.7767 39.8986 5
      vertex 52.0852 39.3013 4.2
      vertex 52.0852 39.3013 5
    endloop
  endfacet
  facet normal -0.681319 -0.731987 0
    outer loop
      vertex 51.2624 40.3773 4.2
      vertex 51.7767 39.8986 5
      vertex 51.2624 40.3773 5
    endloop
  endfacet
  facet normal -0.681319 -0.731987 -0
    outer loop
      vertex 51.7767 39.8986 5
      vertex 51.2624 40.3773 4.2
      vertex 51.7767 39.8986 4.2
    endloop
  endfacet
  facet normal -0.443705 -0.896173 0
    outer loop
      vertex 50.5567 40.7267 4.2
      vertex 51.2624 40.3773 5
      vertex 50.5567 40.7267 5
    endloop
  endfacet
  facet normal -0.443705 -0.896173 -0
    outer loop
      vertex 51.2624 40.3773 5
      vertex 50.5567 40.7267 4.2
      vertex 51.2624 40.3773 4.2
    endloop
  endfacet
  facet normal -0.231084 -0.972934 0
    outer loop
      vertex 49.6738 40.9364 4.2
      vertex 50.5567 40.7267 5
      vertex 49.6738 40.9364 5
    endloop
  endfacet
  facet normal -0.231084 -0.972934 -0
    outer loop
      vertex 50.5567 40.7267 5
      vertex 49.6738 40.9364 4.2
      vertex 50.5567 40.7267 4.2
    endloop
  endfacet
  facet normal -0.0657881 -0.997834 0
    outer loop
      vertex 48.6136 41.0063 4.2
      vertex 49.6738 40.9364 5
      vertex 48.6136 41.0063 5
    endloop
  endfacet
  facet normal -0.0657881 -0.997834 -0
    outer loop
      vertex 49.6738 40.9364 5
      vertex 48.6136 41.0063 4.2
      vertex 49.6738 40.9364 4.2
    endloop
  endfacet
  facet normal 0.0629124 -0.998019 0
    outer loop
      vertex 47.6015 40.9425 4.2
      vertex 48.6136 41.0063 5
      vertex 47.6015 40.9425 5
    endloop
  endfacet
  facet normal 0.0629124 -0.998019 0
    outer loop
      vertex 48.6136 41.0063 5
      vertex 47.6015 40.9425 4.2
      vertex 48.6136 41.0063 4.2
    endloop
  endfacet
  facet normal 0.225461 -0.974252 0
    outer loop
      vertex 46.774 40.751 4.2
      vertex 47.6015 40.9425 5
      vertex 46.774 40.751 5
    endloop
  endfacet
  facet normal 0.225461 -0.974252 0
    outer loop
      vertex 47.6015 40.9425 5
      vertex 46.774 40.751 4.2
      vertex 47.6015 40.9425 4.2
    endloop
  endfacet
  facet normal 0.444592 -0.895733 0
    outer loop
      vertex 46.1311 40.4319 4.2
      vertex 46.774 40.751 5
      vertex 46.1311 40.4319 5
    endloop
  endfacet
  facet normal 0.444592 -0.895733 0
    outer loop
      vertex 46.774 40.751 5
      vertex 46.1311 40.4319 4.2
      vertex 46.774 40.751 4.2
    endloop
  endfacet
  facet normal 0.694614 -0.719383 0
    outer loop
      vertex 45.6722 39.9888 4.2
      vertex 46.1311 40.4319 5
      vertex 45.6722 39.9888 5
    endloop
  endfacet
  facet normal 0.694614 -0.719383 0
    outer loop
      vertex 46.1311 40.4319 5
      vertex 45.6722 39.9888 4.2
      vertex 46.1311 40.4319 4.2
    endloop
  endfacet
  facet normal 0.898442 -0.439093 0
    outer loop
      vertex 45.3969 39.4255 5
      vertex 45.6722 39.9888 4.2
      vertex 45.6722 39.9888 5
    endloop
  endfacet
  facet normal 0.898442 -0.439093 0
    outer loop
      vertex 45.6722 39.9888 4.2
      vertex 45.3969 39.4255 5
      vertex 45.3969 39.4255 4.2
    endloop
  endfacet
  facet normal 0.991101 -0.133113 0
    outer loop
      vertex 45.3051 38.742 5
      vertex 45.3969 39.4255 4.2
      vertex 45.3969 39.4255 5
    endloop
  endfacet
  facet normal 0.991101 -0.133113 0
    outer loop
      vertex 45.3969 39.4255 4.2
      vertex 45.3051 38.742 5
      vertex 45.3051 38.742 4.2
    endloop
  endfacet
  facet normal 0.994747 0.10236 0
    outer loop
      vertex 45.3718 38.0938 5
      vertex 45.3051 38.742 4.2
      vertex 45.3051 38.742 5
    endloop
  endfacet
  facet normal 0.994747 0.10236 0
    outer loop
      vertex 45.3051 38.742 4.2
      vertex 45.3718 38.0938 5
      vertex 45.3718 38.0938 4.2
    endloop
  endfacet
  facet normal 0.938856 0.34431 0
    outer loop
      vertex 45.572 37.5479 5
      vertex 45.3718 38.0938 4.2
      vertex 45.3718 38.0938 5
    endloop
  endfacet
  facet normal 0.938856 0.34431 0
    outer loop
      vertex 45.3718 38.0938 4.2
      vertex 45.572 37.5479 5
      vertex 45.572 37.5479 4.2
    endloop
  endfacet
  facet normal 0.799221 0.601037 0
    outer loop
      vertex 45.9056 37.1043 5
      vertex 45.572 37.5479 4.2
      vertex 45.572 37.5479 5
    endloop
  endfacet
  facet normal 0.799221 0.601037 0
    outer loop
      vertex 45.572 37.5479 4.2
      vertex 45.9056 37.1043 5
      vertex 45.9056 37.1043 4.2
    endloop
  endfacet
  facet normal 0.58768 0.809093 -0
    outer loop
      vertex 46.3558 36.7773 4.2
      vertex 45.9056 37.1043 5
      vertex 46.3558 36.7773 5
    endloop
  endfacet
  facet normal 0.58768 0.809093 0
    outer loop
      vertex 45.9056 37.1043 5
      vertex 46.3558 36.7773 4.2
      vertex 45.9056 37.1043 4.2
    endloop
  endfacet
  facet normal 0.336098 0.941827 -0
    outer loop
      vertex 46.9056 36.5811 4.2
      vertex 46.3558 36.7773 5
      vertex 46.9056 36.5811 5
    endloop
  endfacet
  facet normal 0.336098 0.941827 0
    outer loop
      vertex 46.3558 36.7773 5
      vertex 46.9056 36.5811 4.2
      vertex 46.3558 36.7773 4.2
    endloop
  endfacet
  facet normal 0.100186 0.994969 -0
    outer loop
      vertex 47.5551 36.5157 4.2
      vertex 46.9056 36.5811 5
      vertex 47.5551 36.5157 5
    endloop
  endfacet
  facet normal 0.100186 0.994969 0
    outer loop
      vertex 46.9056 36.5811 5
      vertex 47.5551 36.5157 4.2
      vertex 46.9056 36.5811 4.2
    endloop
  endfacet
  facet normal -0.0941364 0.995559 0
    outer loop
      vertex 48.1907 36.5758 4.2
      vertex 47.5551 36.5157 5
      vertex 48.1907 36.5758 5
    endloop
  endfacet
  facet normal -0.0941364 0.995559 0
    outer loop
      vertex 47.5551 36.5157 5
      vertex 48.1907 36.5758 4.2
      vertex 47.5551 36.5157 4.2
    endloop
  endfacet
  facet normal -0.313774 0.949498 0
    outer loop
      vertex 48.7366 36.7562 4.2
      vertex 48.1907 36.5758 5
      vertex 48.7366 36.7562 5
    endloop
  endfacet
  facet normal -0.313774 0.949498 0
    outer loop
      vertex 48.1907 36.5758 5
      vertex 48.7366 36.7562 4.2
      vertex 48.1907 36.5758 4.2
    endloop
  endfacet
  facet normal -0.550215 0.835023 0
    outer loop
      vertex 49.1928 37.0568 4.2
      vertex 48.7366 36.7562 5
      vertex 49.1928 37.0568 5
    endloop
  endfacet
  facet normal -0.550215 0.835023 0
    outer loop
      vertex 48.7366 36.7562 5
      vertex 49.1928 37.0568 4.2
      vertex 48.7366 36.7562 4.2
    endloop
  endfacet
  facet normal -0.760032 0.649885 0
    outer loop
      vertex 49.1928 37.0568 4.2
      vertex 49.5356 37.4577 5
      vertex 49.5356 37.4577 4.2
    endloop
  endfacet
  facet normal -0.760032 0.649885 0
    outer loop
      vertex 49.5356 37.4577 5
      vertex 49.1928 37.0568 4.2
      vertex 49.1928 37.0568 5
    endloop
  endfacet
  facet normal -0.919451 0.393204 0
    outer loop
      vertex 49.5356 37.4577 4.2
      vertex 49.7413 37.9387 5
      vertex 49.7413 37.9387 4.2
    endloop
  endfacet
  facet normal -0.919451 0.393204 0
    outer loop
      vertex 49.7413 37.9387 5
      vertex 49.5356 37.4577 4.2
      vertex 49.5356 37.4577 5
    endloop
  endfacet
  facet normal -0.992612 0.121335 0
    outer loop
      vertex 49.7413 37.9387 4.2
      vertex 49.8099 38.4999 5
      vertex 49.8099 38.4999 4.2
    endloop
  endfacet
  facet normal -0.992612 0.121335 0
    outer loop
      vertex 49.8099 38.4999 5
      vertex 49.7413 37.9387 4.2
      vertex 49.7413 37.9387 5
    endloop
  endfacet
  facet normal -0.996764 -0.0803887 0
    outer loop
      vertex 49.8099 38.4999 4.2
      vertex 49.7811 38.857 5
      vertex 49.7811 38.857 4.2
    endloop
  endfacet
  facet normal -0.996764 -0.0803887 0
    outer loop
      vertex 49.7811 38.857 5
      vertex 49.8099 38.4999 4.2
      vertex 49.8099 38.4999 5
    endloop
  endfacet
  facet normal -0.968809 -0.247808 0
    outer loop
      vertex 49.7811 38.857 4.2
      vertex 49.6949 39.194 5
      vertex 49.6949 39.194 4.2
    endloop
  endfacet
  facet normal -0.968809 -0.247808 0
    outer loop
      vertex 49.6949 39.194 5
      vertex 49.7811 38.857 4.2
      vertex 49.7811 38.857 5
    endloop
  endfacet
  facet normal -0.910789 -0.412872 0
    outer loop
      vertex 49.6949 39.194 4.2
      vertex 49.5512 39.511 5
      vertex 49.5512 39.511 4.2
    endloop
  endfacet
  facet normal -0.910789 -0.412872 0
    outer loop
      vertex 49.5512 39.511 5
      vertex 49.6949 39.194 4.2
      vertex 49.6949 39.194 5
    endloop
  endfacet
  facet normal -0.822887 -0.568205 0
    outer loop
      vertex 49.5512 39.511 4.2
      vertex 49.36 39.7879 5
      vertex 49.36 39.7879 4.2
    endloop
  endfacet
  facet normal -0.822887 -0.568205 0
    outer loop
      vertex 49.36 39.7879 5
      vertex 49.5512 39.511 4.2
      vertex 49.5512 39.511 5
    endloop
  endfacet
  facet normal -0.687973 -0.725736 0
    outer loop
      vertex 49.1313 40.0047 4.2
      vertex 49.36 39.7879 5
      vertex 49.1313 40.0047 5
    endloop
  endfacet
  facet normal -0.687973 -0.725736 -0
    outer loop
      vertex 49.36 39.7879 5
      vertex 49.1313 40.0047 4.2
      vertex 49.36 39.7879 4.2
    endloop
  endfacet
  facet normal -0.50719 -0.861834 0
    outer loop
      vertex 48.8652 40.1613 4.2
      vertex 49.1313 40.0047 5
      vertex 48.8652 40.1613 5
    endloop
  endfacet
  facet normal -0.50719 -0.861834 -0
    outer loop
      vertex 49.1313 40.0047 5
      vertex 48.8652 40.1613 4.2
      vertex 49.1313 40.0047 4.2
    endloop
  endfacet
  facet normal 0.0708381 0.997488 -0
    outer loop
      vertex 49.6453 40.1059 4.2
      vertex 48.8652 40.1613 5
      vertex 49.6453 40.1059 5
    endloop
  endfacet
  facet normal 0.0708381 0.997488 0
    outer loop
      vertex 48.8652 40.1613 5
      vertex 49.6453 40.1059 4.2
      vertex 48.8652 40.1613 4.2
    endloop
  endfacet
  facet normal 0.211612 0.977354 -0
    outer loop
      vertex 50.2956 39.9651 4.2
      vertex 49.6453 40.1059 5
      vertex 50.2956 39.9651 5
    endloop
  endfacet
  facet normal 0.211612 0.977354 0
    outer loop
      vertex 49.6453 40.1059 5
      vertex 50.2956 39.9651 4.2
      vertex 49.6453 40.1059 4.2
    endloop
  endfacet
  facet normal 0.398507 0.917165 -0
    outer loop
      vertex 50.8162 39.7389 4.2
      vertex 50.2956 39.9651 5
      vertex 50.8162 39.7389 5
    endloop
  endfacet
  facet normal 0.398507 0.917165 0
    outer loop
      vertex 50.2956 39.9651 5
      vertex 50.8162 39.7389 4.2
      vertex 50.2956 39.9651 4.2
    endloop
  endfacet
  facet normal 0.627368 0.778723 -0
    outer loop
      vertex 51.1959 39.433 4.2
      vertex 50.8162 39.7389 5
      vertex 51.1959 39.433 5
    endloop
  endfacet
  facet normal 0.627368 0.778723 0
    outer loop
      vertex 50.8162 39.7389 5
      vertex 51.1959 39.433 4.2
      vertex 50.8162 39.7389 4.2
    endloop
  endfacet
  facet normal 0.857473 0.514529 0
    outer loop
      vertex 51.4238 39.0532 5
      vertex 51.1959 39.433 4.2
      vertex 51.1959 39.433 5
    endloop
  endfacet
  facet normal 0.857473 0.514529 0
    outer loop
      vertex 51.1959 39.433 4.2
      vertex 51.4238 39.0532 5
      vertex 51.4238 39.0532 4.2
    endloop
  endfacet
  facet normal 0.986288 0.165034 0
    outer loop
      vertex 51.4997 38.5996 5
      vertex 51.4238 39.0532 4.2
      vertex 51.4238 39.0532 5
    endloop
  endfacet
  facet normal 0.986288 0.165034 0
    outer loop
      vertex 51.4238 39.0532 4.2
      vertex 51.4997 38.5996 5
      vertex 51.4997 38.5996 4.2
    endloop
  endfacet
  facet normal 0.984072 -0.177773 0
    outer loop
      vertex 51.4069 38.0859 5
      vertex 51.4997 38.5996 4.2
      vertex 51.4997 38.5996 5
    endloop
  endfacet
  facet normal 0.984072 -0.177773 0
    outer loop
      vertex 51.4997 38.5996 4.2
      vertex 51.4069 38.0859 5
      vertex 51.4069 38.0859 4.2
    endloop
  endfacet
  facet normal 0.80403 -0.594589 0
    outer loop
      vertex 51.1284 37.7093 5
      vertex 51.4069 38.0859 4.2
      vertex 51.4069 38.0859 5
    endloop
  endfacet
  facet normal 0.80403 -0.594589 0
    outer loop
      vertex 51.4069 38.0859 4.2
      vertex 51.1284 37.7093 5
      vertex 51.1284 37.7093 4.2
    endloop
  endfacet
  facet normal 0.458589 -0.888648 0
    outer loop
      vertex 50.6643 37.4698 4.2
      vertex 51.1284 37.7093 5
      vertex 50.6643 37.4698 5
    endloop
  endfacet
  facet normal 0.458589 -0.888648 0
    outer loop
      vertex 51.1284 37.7093 5
      vertex 50.6643 37.4698 4.2
      vertex 51.1284 37.7093 4.2
    endloop
  endfacet
  facet normal 0.987894 0.15513 0
    outer loop
      vertex 50.7925 36.6534 5
      vertex 50.6643 37.4698 4.2
      vertex 50.6643 37.4698 5
    endloop
  endfacet
  facet normal 0.987894 0.15513 0
    outer loop
      vertex 50.6643 37.4698 4.2
      vertex 50.7925 36.6534 5
      vertex 50.7925 36.6534 4.2
    endloop
  endfacet
  facet normal -0.349047 0.937105 0
    outer loop
      vertex 51.2379 36.8193 4.2
      vertex 50.7925 36.6534 5
      vertex 51.2379 36.8193 5
    endloop
  endfacet
  facet normal -0.349047 0.937105 0
    outer loop
      vertex 50.7925 36.6534 5
      vertex 51.2379 36.8193 4.2
      vertex 50.7925 36.6534 4.2
    endloop
  endfacet
  facet normal -0.535798 0.844346 0
    outer loop
      vertex 51.5931 37.0447 4.2
      vertex 51.2379 36.8193 5
      vertex 51.5931 37.0447 5
    endloop
  endfacet
  facet normal -0.535798 0.844346 0
    outer loop
      vertex 51.2379 36.8193 5
      vertex 51.5931 37.0447 4.2
      vertex 51.2379 36.8193 4.2
    endloop
  endfacet
  facet normal -0.732455 0.680816 0
    outer loop
      vertex 51.5931 37.0447 4.2
      vertex 51.8581 37.3298 5
      vertex 51.8581 37.3298 4.2
    endloop
  endfacet
  facet normal -0.732455 0.680816 0
    outer loop
      vertex 51.8581 37.3298 5
      vertex 51.5931 37.0447 4.2
      vertex 51.5931 37.0447 5
    endloop
  endfacet
  facet normal -0.885539 0.464566 0
    outer loop
      vertex 51.8581 37.3298 4.2
      vertex 52.0414 37.6792 5
      vertex 52.0414 37.6792 4.2
    endloop
  endfacet
  facet normal -0.885539 0.464566 0
    outer loop
      vertex 52.0414 37.6792 5
      vertex 51.8581 37.3298 4.2
      vertex 51.8581 37.3298 5
    endloop
  endfacet
  facet normal -0.967149 0.254209 0
    outer loop
      vertex 52.0414 37.6792 4.2
      vertex 52.1514 38.0977 5
      vertex 52.1514 38.0977 4.2
    endloop
  endfacet
  facet normal -0.967149 0.254209 0
    outer loop
      vertex 52.1514 38.0977 5
      vertex 52.0414 37.6792 4.2
      vertex 52.0414 37.6792 5
    endloop
  endfacet
  facet normal -0.997195 0.074851 0
    outer loop
      vertex 52.1514 38.0977 4.2
      vertex 52.188 38.5853 5
      vertex 52.188 38.5853 4.2
    endloop
  endfacet
  facet normal -0.997195 0.074851 0
    outer loop
      vertex 52.188 38.5853 5
      vertex 52.1514 38.0977 4.2
      vertex 52.1514 38.0977 5
    endloop
  endfacet
  facet normal -0.98985 -0.142118 0
    outer loop
      vertex 52.188 38.5853 4.2
      vertex 52.0852 39.3013 5
      vertex 52.0852 39.3013 4.2
    endloop
  endfacet
  facet normal -0.98985 -0.142118 0
    outer loop
      vertex 52.0852 39.3013 5
      vertex 52.188 38.5853 4.2
      vertex 52.188 38.5853 5
    endloop
  endfacet
  facet normal 0.915029 -0.403388 0
    outer loop
      vertex 48.947 38.0057 5
      vertex 49.0886 38.3269 4.2
      vertex 49.0886 38.3269 5
    endloop
  endfacet
  facet normal 0.915029 -0.403388 0
    outer loop
      vertex 49.0886 38.3269 4.2
      vertex 48.947 38.0057 5
      vertex 48.947 38.0057 4.2
    endloop
  endfacet
  facet normal 0.747161 -0.664643 0
    outer loop
      vertex 48.711 37.7404 5
      vertex 48.947 38.0057 4.2
      vertex 48.947 38.0057 5
    endloop
  endfacet
  facet normal 0.747161 -0.664643 0
    outer loop
      vertex 48.947 38.0057 4.2
      vertex 48.711 37.7404 5
      vertex 48.711 37.7404 4.2
    endloop
  endfacet
  facet normal 0.529013 -0.848614 0
    outer loop
      vertex 48.3937 37.5426 4.2
      vertex 48.711 37.7404 5
      vertex 48.3937 37.5426 5
    endloop
  endfacet
  facet normal 0.529013 -0.848614 0
    outer loop
      vertex 48.711 37.7404 5
      vertex 48.3937 37.5426 4.2
      vertex 48.711 37.7404 4.2
    endloop
  endfacet
  facet normal 0.29419 -0.955747 0
    outer loop
      vertex 48.0084 37.424 4.2
      vertex 48.3937 37.5426 5
      vertex 48.0084 37.424 5
    endloop
  endfacet
  facet normal 0.29419 -0.955747 0
    outer loop
      vertex 48.3937 37.5426 5
      vertex 48.0084 37.424 4.2
      vertex 48.3937 37.5426 4.2
    endloop
  endfacet
  facet normal 0.0870279 -0.996206 0
    outer loop
      vertex 47.5551 37.3844 4.2
      vertex 48.0084 37.424 5
      vertex 47.5551 37.3844 5
    endloop
  endfacet
  facet normal 0.0870279 -0.996206 0
    outer loop
      vertex 48.0084 37.424 5
      vertex 47.5551 37.3844 4.2
      vertex 48.0084 37.424 4.2
    endloop
  endfacet
  facet normal -0.0886583 -0.996062 0
    outer loop
      vertex 47.1102 37.424 4.2
      vertex 47.5551 37.3844 5
      vertex 47.1102 37.424 5
    endloop
  endfacet
  facet normal -0.0886583 -0.996062 -0
    outer loop
      vertex 47.5551 37.3844 5
      vertex 47.1102 37.424 4.2
      vertex 47.5551 37.3844 4.2
    endloop
  endfacet
  facet normal -0.29872 -0.954341 0
    outer loop
      vertex 46.7313 37.5426 4.2
      vertex 47.1102 37.424 5
      vertex 46.7313 37.5426 5
    endloop
  endfacet
  facet normal -0.29872 -0.954341 -0
    outer loop
      vertex 47.1102 37.424 5
      vertex 46.7313 37.5426 4.2
      vertex 47.1102 37.424 4.2
    endloop
  endfacet
  facet normal -0.534217 -0.845348 0
    outer loop
      vertex 46.4183 37.7404 4.2
      vertex 46.7313 37.5426 5
      vertex 46.4183 37.7404 5
    endloop
  endfacet
  facet normal -0.534217 -0.845348 -0
    outer loop
      vertex 46.7313 37.5426 5
      vertex 46.4183 37.7404 4.2
      vertex 46.7313 37.5426 4.2
    endloop
  endfacet
  facet normal -0.752157 -0.658984 0
    outer loop
      vertex 46.4183 37.7404 4.2
      vertex 46.1849 38.0068 5
      vertex 46.1849 38.0068 4.2
    endloop
  endfacet
  facet normal -0.752157 -0.658984 0
    outer loop
      vertex 46.1849 38.0068 5
      vertex 46.4183 37.7404 4.2
      vertex 46.4183 37.7404 5
    endloop
  endfacet
  facet normal -0.917999 -0.396582 0
    outer loop
      vertex 46.1849 38.0068 4.2
      vertex 46.0448 38.3311 5
      vertex 46.0448 38.3311 4.2
    endloop
  endfacet
  facet normal -0.917999 -0.396582 0
    outer loop
      vertex 46.0448 38.3311 5
      vertex 46.1849 38.0068 4.2
      vertex 46.1849 38.0068 5
    endloop
  endfacet
  facet normal -0.992657 -0.120967 0
    outer loop
      vertex 46.0448 38.3311 4.2
      vertex 45.9982 38.7135 5
      vertex 45.9982 38.7135 4.2
    endloop
  endfacet
  facet normal -0.992657 -0.120967 0
    outer loop
      vertex 45.9982 38.7135 5
      vertex 46.0448 38.3311 4.2
      vertex 46.0448 38.3311 5
    endloop
  endfacet
  facet normal -0.990174 0.139843 0
    outer loop
      vertex 45.9982 38.7135 4.2
      vertex 46.0528 39.1001 5
      vertex 46.0528 39.1001 4.2
    endloop
  endfacet
  facet normal -0.990174 0.139843 0
    outer loop
      vertex 46.0528 39.1001 5
      vertex 45.9982 38.7135 4.2
      vertex 45.9982 38.7135 5
    endloop
  endfacet
  facet normal -0.896209 0.443633 0
    outer loop
      vertex 46.0528 39.1001 4.2
      vertex 46.2165 39.4308 5
      vertex 46.2165 39.4308 4.2
    endloop
  endfacet
  facet normal -0.896209 0.443633 0
    outer loop
      vertex 46.2165 39.4308 5
      vertex 46.0528 39.1001 4.2
      vertex 46.0528 39.1001 5
    endloop
  endfacet
  facet normal -0.709426 0.70478 0
    outer loop
      vertex 46.2165 39.4308 4.2
      vertex 46.4895 39.7056 5
      vertex 46.4895 39.7056 4.2
    endloop
  endfacet
  facet normal -0.709426 0.70478 0
    outer loop
      vertex 46.4895 39.7056 5
      vertex 46.2165 39.4308 4.2
      vertex 46.2165 39.4308 5
    endloop
  endfacet
  facet normal -0.493424 0.869789 0
    outer loop
      vertex 46.8521 39.9113 4.2
      vertex 46.4895 39.7056 5
      vertex 46.8521 39.9113 5
    endloop
  endfacet
  facet normal -0.493424 0.869789 0
    outer loop
      vertex 46.4895 39.7056 5
      vertex 46.8521 39.9113 4.2
      vertex 46.4895 39.7056 4.2
    endloop
  endfacet
  facet normal -0.274251 0.961658 0
    outer loop
      vertex 47.2848 40.0347 4.2
      vertex 46.8521 39.9113 5
      vertex 47.2848 40.0347 5
    endloop
  endfacet
  facet normal -0.274251 0.961658 0
    outer loop
      vertex 46.8521 39.9113 5
      vertex 47.2848 40.0347 4.2
      vertex 46.8521 39.9113 4.2
    endloop
  endfacet
  facet normal -0.0814544 0.996677 0
    outer loop
      vertex 47.7877 40.0758 4.2
      vertex 47.2848 40.0347 5
      vertex 47.7877 40.0758 5
    endloop
  endfacet
  facet normal -0.0814544 0.996677 0
    outer loop
      vertex 47.2848 40.0347 5
      vertex 47.7877 40.0758 4.2
      vertex 47.2848 40.0347 4.2
    endloop
  endfacet
  facet normal 0.0799173 0.996801 -0
    outer loop
      vertex 48.0409 40.0555 4.2
      vertex 47.7877 40.0758 5
      vertex 48.0409 40.0555 5
    endloop
  endfacet
  facet normal 0.0799173 0.996801 0
    outer loop
      vertex 47.7877 40.0758 5
      vertex 48.0409 40.0555 4.2
      vertex 47.7877 40.0758 4.2
    endloop
  endfacet
  facet normal 0.251766 0.967788 -0
    outer loop
      vertex 48.275 39.9946 4.2
      vertex 48.0409 40.0555 5
      vertex 48.275 39.9946 5
    endloop
  endfacet
  facet normal 0.251766 0.967788 0
    outer loop
      vertex 48.0409 40.0555 5
      vertex 48.275 39.9946 4.2
      vertex 48.0409 40.0555 4.2
    endloop
  endfacet
  facet normal 0.426586 0.904447 -0
    outer loop
      vertex 48.4902 39.8931 4.2
      vertex 48.275 39.9946 5
      vertex 48.4902 39.8931 5
    endloop
  endfacet
  facet normal 0.426586 0.904447 0
    outer loop
      vertex 48.275 39.9946 5
      vertex 48.4902 39.8931 4.2
      vertex 48.275 39.9946 4.2
    endloop
  endfacet
  facet normal 0.584181 0.811623 -0
    outer loop
      vertex 48.6804 39.7562 4.2
      vertex 48.4902 39.8931 5
      vertex 48.6804 39.7562 5
    endloop
  endfacet
  facet normal 0.584181 0.811623 0
    outer loop
      vertex 48.4902 39.8931 5
      vertex 48.6804 39.7562 4.2
      vertex 48.4902 39.8931 4.2
    endloop
  endfacet
  facet normal 0.724035 0.689763 0
    outer loop
      vertex 48.8394 39.5893 5
      vertex 48.6804 39.7562 4.2
      vertex 48.6804 39.7562 5
    endloop
  endfacet
  facet normal 0.724035 0.689763 0
    outer loop
      vertex 48.6804 39.7562 4.2
      vertex 48.8394 39.5893 5
      vertex 48.8394 39.5893 4.2
    endloop
  endfacet
  facet normal 0.838735 0.544539 0
    outer loop
      vertex 48.9673 39.3923 5
      vertex 48.8394 39.5893 4.2
      vertex 48.8394 39.5893 5
    endloop
  endfacet
  facet normal 0.838735 0.544539 0
    outer loop
      vertex 48.8394 39.5893 4.2
      vertex 48.9673 39.3923 5
      vertex 48.9673 39.3923 4.2
    endloop
  endfacet
  facet normal 0.918752 0.394835 0
    outer loop
      vertex 49.0609 39.1745 5
      vertex 48.9673 39.3923 4.2
      vertex 48.9673 39.3923 5
    endloop
  endfacet
  facet normal 0.918752 0.394835 0
    outer loop
      vertex 48.9673 39.3923 4.2
      vertex 49.0609 39.1745 5
      vertex 49.0609 39.1745 4.2
    endloop
  endfacet
  facet normal 0.971277 0.23795 0
    outer loop
      vertex 49.1171 38.9451 5
      vertex 49.0609 39.1745 4.2
      vertex 49.0609 39.1745 5
    endloop
  endfacet
  facet normal 0.971277 0.23795 0
    outer loop
      vertex 49.0609 39.1745 4.2
      vertex 49.1171 38.9451 5
      vertex 49.1171 38.9451 4.2
    endloop
  endfacet
  facet normal 0.997006 0.0773289 0
    outer loop
      vertex 49.1358 38.704 5
      vertex 49.1171 38.9451 4.2
      vertex 49.1171 38.9451 5
    endloop
  endfacet
  facet normal 0.997006 0.0773289 0
    outer loop
      vertex 49.1171 38.9451 4.2
      vertex 49.1358 38.704 5
      vertex 49.1358 38.704 4.2
    endloop
  endfacet
  facet normal 0.992258 -0.124197 0
    outer loop
      vertex 49.0886 38.3269 5
      vertex 49.1358 38.704 4.2
      vertex 49.1358 38.704 5
    endloop
  endfacet
  facet normal 0.992258 -0.124197 0
    outer loop
      vertex 49.1358 38.704 4.2
      vertex 49.0886 38.3269 5
      vertex 49.0886 38.3269 4.2
    endloop
  endfacet
  facet normal -0.892206 -0.451628 0
    outer loop
      vertex 52.0899 44.7383 4.2
      vertex 51.7956 45.3197 5
      vertex 51.7956 45.3197 4.2
    endloop
  endfacet
  facet normal -0.892206 -0.451628 0
    outer loop
      vertex 51.7956 45.3197 5
      vertex 52.0899 44.7383 4.2
      vertex 52.0899 44.7383 5
    endloop
  endfacet
  facet normal -0.681281 -0.732022 0
    outer loop
      vertex 51.3051 45.7762 4.2
      vertex 51.7956 45.3197 5
      vertex 51.3051 45.7762 5
    endloop
  endfacet
  facet normal -0.681281 -0.732022 -0
    outer loop
      vertex 51.7956 45.3197 5
      vertex 51.3051 45.7762 4.2
      vertex 51.7956 45.3197 4.2
    endloop
  endfacet
  facet normal -0.436492 -0.899708 0
    outer loop
      vertex 50.6284 46.1045 4.2
      vertex 51.3051 45.7762 5
      vertex 50.6284 46.1045 5
    endloop
  endfacet
  facet normal -0.436492 -0.899708 -0
    outer loop
      vertex 51.3051 45.7762 5
      vertex 50.6284 46.1045 4.2
      vertex 51.3051 45.7762 4.2
    endloop
  endfacet
  facet normal -0.225076 -0.974341 0
    outer loop
      vertex 49.7756 46.3015 4.2
      vertex 50.6284 46.1045 5
      vertex 49.7756 46.3015 5
    endloop
  endfacet
  facet normal -0.225076 -0.974341 -0
    outer loop
      vertex 50.6284 46.1045 5
      vertex 49.7756 46.3015 4.2
      vertex 50.6284 46.1045 4.2
    endloop
  endfacet
  facet normal -0.0637187 -0.997968 0
    outer loop
      vertex 48.7466 46.3672 4.2
      vertex 49.7756 46.3015 5
      vertex 48.7466 46.3672 5
    endloop
  endfacet
  facet normal -0.0637187 -0.997968 -0
    outer loop
      vertex 49.7756 46.3015 5
      vertex 48.7466 46.3672 4.2
      vertex 49.7756 46.3015 4.2
    endloop
  endfacet
  facet normal 0.0597989 -0.99821 0
    outer loop
      vertex 47.7033 46.3047 4.2
      vertex 48.7466 46.3672 5
      vertex 47.7033 46.3047 5
    endloop
  endfacet
  facet normal 0.0597989 -0.99821 0
    outer loop
      vertex 48.7466 46.3672 5
      vertex 47.7033 46.3047 4.2
      vertex 48.7466 46.3672 4.2
    endloop
  endfacet
  facet normal 0.213588 -0.976924 0
    outer loop
      vertex 46.8457 46.1172 4.2
      vertex 47.7033 46.3047 5
      vertex 46.8457 46.1172 5
    endloop
  endfacet
  facet normal 0.213588 -0.976924 0
    outer loop
      vertex 47.7033 46.3047 5
      vertex 46.8457 46.1172 4.2
      vertex 47.7033 46.3047 4.2
    endloop
  endfacet
  facet normal 0.421718 -0.906727 0
    outer loop
      vertex 46.1738 45.8047 4.2
      vertex 46.8457 46.1172 5
      vertex 46.1738 45.8047 5
    endloop
  endfacet
  facet normal 0.421718 -0.906727 0
    outer loop
      vertex 46.8457 46.1172 5
      vertex 46.1738 45.8047 4.2
      vertex 46.8457 46.1172 4.2
    endloop
  endfacet
  facet normal 0.676898 -0.736077 0
    outer loop
      vertex 45.6912 45.3609 4.2
      vertex 46.1738 45.8047 5
      vertex 45.6912 45.3609 5
    endloop
  endfacet
  facet normal 0.676898 -0.736077 0
    outer loop
      vertex 46.1738 45.8047 5
      vertex 45.6912 45.3609 4.2
      vertex 46.1738 45.8047 4.2
    endloop
  endfacet
  facet normal 0.895134 -0.445797 0
    outer loop
      vertex 45.4016 44.7794 5
      vertex 45.6912 45.3609 4.2
      vertex 45.6912 45.3609 5
    endloop
  endfacet
  facet normal 0.895134 -0.445797 0
    outer loop
      vertex 45.6912 45.3609 4.2
      vertex 45.4016 44.7794 5
      vertex 45.4016 44.7794 4.2
    endloop
  endfacet
  facet normal 0.991116 -0.133003 0
    outer loop
      vertex 45.3051 44.0603 5
      vertex 45.4016 44.7794 4.2
      vertex 45.4016 44.7794 5
    endloop
  endfacet
  facet normal 0.991116 -0.133003 0
    outer loop
      vertex 45.4016 44.7794 4.2
      vertex 45.3051 44.0603 5
      vertex 45.3051 44.0603 4.2
    endloop
  endfacet
  facet normal 0.991722 0.128402 0
    outer loop
      vertex 45.4006 43.3227 5
      vertex 45.3051 44.0603 4.2
      vertex 45.3051 44.0603 5
    endloop
  endfacet
  facet normal 0.991722 0.128402 0
    outer loop
      vertex 45.3051 44.0603 4.2
      vertex 45.4006 43.3227 5
      vertex 45.4006 43.3227 4.2
    endloop
  endfacet
  facet normal 0.900363 0.43514 0
    outer loop
      vertex 45.687 42.7301 5
      vertex 45.4006 43.3227 4.2
      vertex 45.4006 43.3227 5
    endloop
  endfacet
  facet normal 0.900363 0.43514 0
    outer loop
      vertex 45.4006 43.3227 4.2
      vertex 45.687 42.7301 5
      vertex 45.687 42.7301 4.2
    endloop
  endfacet
  facet normal 0.683967 0.729513 -0
    outer loop
      vertex 46.1643 42.2826 4.2
      vertex 45.687 42.7301 5
      vertex 46.1643 42.2826 5
    endloop
  endfacet
  facet normal 0.683967 0.729513 0
    outer loop
      vertex 45.687 42.7301 5
      vertex 46.1643 42.2826 4.2
      vertex 45.687 42.7301 4.2
    endloop
  endfacet
  facet normal 0.423434 0.905927 -0
    outer loop
      vertex 46.8331 41.97 4.2
      vertex 46.1643 42.2826 5
      vertex 46.8331 41.97 5
    endloop
  endfacet
  facet normal 0.423434 0.905927 0
    outer loop
      vertex 46.1643 42.2826 5
      vertex 46.8331 41.97 4.2
      vertex 46.1643 42.2826 4.2
    endloop
  endfacet
  facet normal 0.212854 0.977084 -0
    outer loop
      vertex 47.6938 41.7825 4.2
      vertex 46.8331 41.97 5
      vertex 47.6938 41.7825 5
    endloop
  endfacet
  facet normal 0.212854 0.977084 0
    outer loop
      vertex 46.8331 41.97 5
      vertex 47.6938 41.7825 4.2
      vertex 46.8331 41.97 4.2
    endloop
  endfacet
  facet normal 0.0592612 0.998243 -0
    outer loop
      vertex 48.7466 41.72 4.2
      vertex 47.6938 41.7825 5
      vertex 48.7466 41.72 5
    endloop
  endfacet
  facet normal 0.0592612 0.998243 0
    outer loop
      vertex 47.6938 41.7825 5
      vertex 48.7466 41.72 4.2
      vertex 47.6938 41.7825 4.2
    endloop
  endfacet
  facet normal -0.0621799 0.998065 0
    outer loop
      vertex 49.7803 41.7844 4.2
      vertex 48.7466 41.72 5
      vertex 49.7803 41.7844 5
    endloop
  endfacet
  facet normal -0.0621799 0.998065 0
    outer loop
      vertex 48.7466 41.72 5
      vertex 49.7803 41.7844 4.2
      vertex 48.7466 41.72 4.2
    endloop
  endfacet
  facet normal -0.220313 0.975429 0
    outer loop
      vertex 50.6348 41.9774 4.2
      vertex 49.7803 41.7844 5
      vertex 50.6348 41.9774 5
    endloop
  endfacet
  facet normal -0.220313 0.975429 0
    outer loop
      vertex 49.7803 41.7844 5
      vertex 50.6348 41.9774 4.2
      vertex 49.7803 41.7844 4.2
    endloop
  endfacet
  facet normal -0.430178 0.902744 0
    outer loop
      vertex 51.3099 42.2991 4.2
      vertex 50.6348 41.9774 5
      vertex 51.3099 42.2991 5
    endloop
  endfacet
  facet normal -0.430178 0.902744 0
    outer loop
      vertex 50.6348 41.9774 5
      vertex 51.3099 42.2991 4.2
      vertex 50.6348 41.9774 4.2
    endloop
  endfacet
  facet normal -0.678055 0.735011 0
    outer loop
      vertex 51.7977 42.7491 4.2
      vertex 51.3099 42.2991 5
      vertex 51.7977 42.7491 5
    endloop
  endfacet
  facet normal -0.678055 0.735011 0
    outer loop
      vertex 51.3099 42.2991 5
      vertex 51.7977 42.7491 4.2
      vertex 51.3099 42.2991 4.2
    endloop
  endfacet
  facet normal -0.891911 0.452211 0
    outer loop
      vertex 51.7977 42.7491 4.2
      vertex 52.0905 43.3266 5
      vertex 52.0905 43.3266 4.2
    endloop
  endfacet
  facet normal -0.891911 0.452211 0
    outer loop
      vertex 52.0905 43.3266 5
      vertex 51.7977 42.7491 4.2
      vertex 51.7977 42.7491 5
    endloop
  endfacet
  facet normal -0.990577 0.136956 0
    outer loop
      vertex 52.0905 43.3266 4.2
      vertex 52.188 44.0318 5
      vertex 52.188 44.0318 4.2
    endloop
  endfacet
  facet normal -0.990577 0.136956 0
    outer loop
      vertex 52.188 44.0318 5
      vertex 52.0905 43.3266 4.2
      vertex 52.0905 43.3266 5
    endloop
  endfacet
  facet normal -0.990497 -0.137534 0
    outer loop
      vertex 52.188 44.0318 4.2
      vertex 52.0899 44.7383 5
      vertex 52.0899 44.7383 4.2
    endloop
  endfacet
  facet normal -0.990497 -0.137534 0
    outer loop
      vertex 52.0899 44.7383 5
      vertex 52.188 44.0318 4.2
      vertex 52.188 44.0318 5
    endloop
  endfacet
  facet normal 0.859171 -0.511688 0
    outer loop
      vertex 51.197 43.2111 5
      vertex 51.417 43.5805 4.2
      vertex 51.417 43.5805 5
    endloop
  endfacet
  facet normal 0.859171 -0.511688 0
    outer loop
      vertex 51.417 43.5805 4.2
      vertex 51.197 43.2111 5
      vertex 51.197 43.2111 4.2
    endloop
  endfacet
  facet normal 0.604615 -0.796518 0
    outer loop
      vertex 50.8305 42.9329 4.2
      vertex 51.197 43.2111 5
      vertex 50.8305 42.9329 5
    endloop
  endfacet
  facet normal 0.604615 -0.796518 0
    outer loop
      vertex 51.197 43.2111 5
      vertex 50.8305 42.9329 4.2
      vertex 51.197 43.2111 4.2
    endloop
  endfacet
  facet normal 0.346575 -0.938022 0
    outer loop
      vertex 50.3057 42.739 4.2
      vertex 50.8305 42.9329 5
      vertex 50.3057 42.739 5
    endloop
  endfacet
  facet normal 0.346575 -0.938022 0
    outer loop
      vertex 50.8305 42.9329 5
      vertex 50.3057 42.739 4.2
      vertex 50.8305 42.9329 4.2
    endloop
  endfacet
  facet normal 0.165113 -0.986275 0
    outer loop
      vertex 49.611 42.6227 4.2
      vertex 50.3057 42.739 5
      vertex 49.611 42.6227 5
    endloop
  endfacet
  facet normal 0.165113 -0.986275 0
    outer loop
      vertex 50.3057 42.739 5
      vertex 49.611 42.6227 4.2
      vertex 50.3057 42.739 4.2
    endloop
  endfacet
  facet normal 0.0447261 -0.998999 0
    outer loop
      vertex 48.7466 42.584 4.2
      vertex 49.611 42.6227 5
      vertex 48.7466 42.584 5
    endloop
  endfacet
  facet normal 0.0447261 -0.998999 0
    outer loop
      vertex 49.611 42.6227 5
      vertex 48.7466 42.584 4.2
      vertex 49.611 42.6227 4.2
    endloop
  endfacet
  facet normal -0.0430703 -0.999072 0
    outer loop
      vertex 47.8605 42.6222 4.2
      vertex 48.7466 42.584 5
      vertex 47.8605 42.6222 5
    endloop
  endfacet
  facet normal -0.0430703 -0.999072 -0
    outer loop
      vertex 48.7466 42.584 5
      vertex 47.8605 42.6222 4.2
      vertex 48.7466 42.584 4.2
    endloop
  endfacet
  facet normal -0.16114 -0.986932 0
    outer loop
      vertex 47.158 42.7369 4.2
      vertex 47.8605 42.6222 5
      vertex 47.158 42.7369 5
    endloop
  endfacet
  facet normal -0.16114 -0.986932 -0
    outer loop
      vertex 47.8605 42.6222 5
      vertex 47.158 42.7369 4.2
      vertex 47.8605 42.6222 4.2
    endloop
  endfacet
  facet normal -0.345689 -0.938349 0
    outer loop
      vertex 46.639 42.9281 4.2
      vertex 47.158 42.7369 5
      vertex 46.639 42.9281 5
    endloop
  endfacet
  facet normal -0.345689 -0.938349 -0
    outer loop
      vertex 47.158 42.7369 5
      vertex 46.639 42.9281 4.2
      vertex 47.158 42.7369 4.2
    endloop
  endfacet
  facet normal -0.616571 -0.7873 0
    outer loop
      vertex 46.283 43.2069 4.2
      vertex 46.639 42.9281 5
      vertex 46.283 43.2069 5
    endloop
  endfacet
  facet normal -0.616571 -0.7873 -0
    outer loop
      vertex 46.639 42.9281 5
      vertex 46.283 43.2069 4.2
      vertex 46.639 42.9281 4.2
    endloop
  endfacet
  facet normal -0.870279 -0.492559 0
    outer loop
      vertex 46.283 43.2069 4.2
      vertex 46.0694 43.5843 5
      vertex 46.0694 43.5843 4.2
    endloop
  endfacet
  facet normal -0.870279 -0.492559 0
    outer loop
      vertex 46.0694 43.5843 5
      vertex 46.283 43.2069 4.2
      vertex 46.283 43.2069 5
    endloop
  endfacet
  facet normal -0.988997 -0.147934 0
    outer loop
      vertex 46.0694 43.5843 4.2
      vertex 45.9982 44.0603 5
      vertex 45.9982 44.0603 4.2
    endloop
  endfacet
  facet normal -0.988997 -0.147934 0
    outer loop
      vertex 45.9982 44.0603 5
      vertex 46.0694 43.5843 4.2
      vertex 46.0694 43.5843 5
    endloop
  endfacet
  facet normal -0.988129 0.153624 0
    outer loop
      vertex 45.9982 44.0603 4.2
      vertex 46.0704 44.5247 5
      vertex 46.0704 44.5247 4.2
    endloop
  endfacet
  facet normal -0.988129 0.153624 0
    outer loop
      vertex 46.0704 44.5247 5
      vertex 45.9982 44.0603 4.2
      vertex 45.9982 44.0603 5
    endloop
  endfacet
  facet normal -0.861476 0.507798 0
    outer loop
      vertex 46.0704 44.5247 4.2
      vertex 46.2872 44.8925 5
      vertex 46.2872 44.8925 4.2
    endloop
  endfacet
  facet normal -0.861476 0.507798 0
    outer loop
      vertex 46.2872 44.8925 5
      vertex 46.0704 44.5247 4.2
      vertex 46.0704 44.5247 5
    endloop
  endfacet
  facet normal -0.600602 0.799548 0
    outer loop
      vertex 46.6485 45.1639 4.2
      vertex 46.2872 44.8925 5
      vertex 46.6485 45.1639 5
    endloop
  endfacet
  facet normal -0.600602 0.799548 0
    outer loop
      vertex 46.2872 44.8925 5
      vertex 46.6485 45.1639 4.2
      vertex 46.2872 44.8925 4.2
    endloop
  endfacet
  facet normal -0.335433 0.942064 0
    outer loop
      vertex 47.1706 45.3498 4.2
      vertex 46.6485 45.1639 5
      vertex 47.1706 45.3498 5
    endloop
  endfacet
  facet normal -0.335433 0.942064 0
    outer loop
      vertex 46.6485 45.1639 5
      vertex 47.1706 45.3498 4.2
      vertex 46.6485 45.1639 4.2
    endloop
  endfacet
  facet normal -0.157572 0.987508 0
    outer loop
      vertex 47.87 45.4614 4.2
      vertex 47.1706 45.3498 5
      vertex 47.87 45.4614 5
    endloop
  endfacet
  facet normal -0.157572 0.987508 0
    outer loop
      vertex 47.1706 45.3498 5
      vertex 47.87 45.4614 4.2
      vertex 47.1706 45.3498 4.2
    endloop
  endfacet
  facet normal -0.0423985 0.999101 0
    outer loop
      vertex 48.7466 45.4986 4.2
      vertex 47.87 45.4614 5
      vertex 48.7466 45.4986 5
    endloop
  endfacet
  facet normal -0.0423985 0.999101 0
    outer loop
      vertex 47.87 45.4614 5
      vertex 48.7466 45.4986 4.2
      vertex 47.87 45.4614 4.2
    endloop
  endfacet
  facet normal 0.0459406 0.998944 -0
    outer loop
      vertex 49.5968 45.4595 4.2
      vertex 48.7466 45.4986 5
      vertex 49.5968 45.4595 5
    endloop
  endfacet
  facet normal 0.0459406 0.998944 0
    outer loop
      vertex 48.7466 45.4986 5
      vertex 49.5968 45.4595 4.2
      vertex 48.7466 45.4986 4.2
    endloop
  endfacet
  facet normal 0.167202 0.985923 -0
    outer loop
      vertex 50.2867 45.3425 4.2
      vertex 49.5968 45.4595 5
      vertex 50.2867 45.3425 5
    endloop
  endfacet
  facet normal 0.167202 0.985923 0
    outer loop
      vertex 49.5968 45.4595 5
      vertex 50.2867 45.3425 4.2
      vertex 49.5968 45.4595 4.2
    endloop
  endfacet
  facet normal 0.345894 0.938274 -0
    outer loop
      vertex 50.8162 45.1473 4.2
      vertex 50.2867 45.3425 5
      vertex 50.8162 45.1473 5
    endloop
  endfacet
  facet normal 0.345894 0.938274 0
    outer loop
      vertex 50.2867 45.3425 5
      vertex 50.8162 45.1473 4.2
      vertex 50.2867 45.3425 4.2
    endloop
  endfacet
  facet normal 0.597427 0.801923 -0
    outer loop
      vertex 51.1907 44.8683 4.2
      vertex 50.8162 45.1473 5
      vertex 51.1907 44.8683 5
    endloop
  endfacet
  facet normal 0.597427 0.801923 0
    outer loop
      vertex 50.8162 45.1473 5
      vertex 51.1907 44.8683 4.2
      vertex 50.8162 45.1473 4.2
    endloop
  endfacet
  facet normal 0.853917 0.52041 0
    outer loop
      vertex 51.4154 44.4996 5
      vertex 51.1907 44.8683 4.2
      vertex 51.1907 44.8683 5
    endloop
  endfacet
  facet normal 0.853917 0.52041 0
    outer loop
      vertex 51.1907 44.8683 4.2
      vertex 51.4154 44.4996 5
      vertex 51.4154 44.4996 4.2
    endloop
  endfacet
  facet normal 0.986913 0.161256 0
    outer loop
      vertex 51.4903 44.0412 5
      vertex 51.4154 44.4996 4.2
      vertex 51.4154 44.4996 5
    endloop
  endfacet
  facet normal 0.986913 0.161256 0
    outer loop
      vertex 51.4154 44.4996 4.2
      vertex 51.4903 44.0412 5
      vertex 51.4903 44.0412 4.2
    endloop
  endfacet
  facet normal 0.987578 -0.157129 0
    outer loop
      vertex 51.417 43.5805 5
      vertex 51.4903 44.0412 4.2
      vertex 51.4903 44.0412 5
    endloop
  endfacet
  facet normal 0.987578 -0.157129 0
    outer loop
      vertex 51.4903 44.0412 4.2
      vertex 51.417 43.5805 5
      vertex 51.417 43.5805 4.2
    endloop
  endfacet
  facet normal 1 -0 0
    outer loop
      vertex 51.3669 63.3526 5
      vertex 51.3669 66.8415 4.2
      vertex 51.3669 66.8415 5
    endloop
  endfacet
  facet normal 1 0 0
    outer loop
      vertex 51.3669 66.8415 4.2
      vertex 51.3669 63.3526 5
      vertex 51.3669 63.3526 4.2
    endloop
  endfacet
  facet normal -0.455914 -0.890024 0
    outer loop
      vertex 51.1424 63.4676 4.2
      vertex 51.3669 63.3526 5
      vertex 51.1424 63.4676 5
    endloop
  endfacet
  facet normal -0.455914 -0.890024 -0
    outer loop
      vertex 51.3669 63.3526 5
      vertex 51.1424 63.4676 4.2
      vertex 51.3669 63.3526 4.2
    endloop
  endfacet
  facet normal -0.558519 -0.829491 0
    outer loop
      vertex 50.9122 63.6226 4.2
      vertex 51.1424 63.4676 5
      vertex 50.9122 63.6226 5
    endloop
  endfacet
  facet normal -0.558519 -0.829491 -0
    outer loop
      vertex 51.1424 63.4676 5
      vertex 50.9122 63.6226 4.2
      vertex 51.1424 63.4676 4.2
    endloop
  endfacet
  facet normal -0.63716 -0.770732 0
    outer loop
      vertex 50.6762 63.8177 4.2
      vertex 50.9122 63.6226 5
      vertex 50.6762 63.8177 5
    endloop
  endfacet
  facet normal -0.63716 -0.770732 -0
    outer loop
      vertex 50.9122 63.6226 5
      vertex 50.6762 63.8177 4.2
      vertex 50.9122 63.6226 4.2
    endloop
  endfacet
  facet normal -0.694409 -0.719581 0
    outer loop
      vertex 50.4275 64.0577 4.2
      vertex 50.6762 63.8177 5
      vertex 50.4275 64.0577 5
    endloop
  endfacet
  facet normal -0.694409 -0.719581 -0
    outer loop
      vertex 50.6762 63.8177 5
      vertex 50.4275 64.0577 4.2
      vertex 50.6762 63.8177 4.2
    endloop
  endfacet
  facet normal -0.733695 -0.679479 0
    outer loop
      vertex 50.4275 64.0577 4.2
      vertex 50.1593 64.3473 5
      vertex 50.1593 64.3473 4.2
    endloop
  endfacet
  facet normal -0.733695 -0.679479 0
    outer loop
      vertex 50.1593 64.3473 5
      vertex 50.4275 64.0577 4.2
      vertex 50.4275 64.0577 5
    endloop
  endfacet
  facet normal -0.762533 -0.64695 0
    outer loop
      vertex 50.1593 64.3473 4.2
      vertex 49.8716 64.6864 5
      vertex 49.8716 64.6864 4.2
    endloop
  endfacet
  facet normal -0.762533 -0.64695 0
    outer loop
      vertex 49.8716 64.6864 5
      vertex 50.1593 64.3473 4.2
      vertex 50.1593 64.3473 5
    endloop
  endfacet
  facet normal -0.768808 -0.63948 0
    outer loop
      vertex 49.8716 64.6864 4.2
      vertex 49.3806 65.2767 5
      vertex 49.3806 65.2767 4.2
    endloop
  endfacet
  facet normal -0.768808 -0.63948 0
    outer loop
      vertex 49.3806 65.2767 5
      vertex 49.8716 64.6864 4.2
      vertex 49.8716 64.6864 5
    endloop
  endfacet
  facet normal -0.748036 -0.663658 0
    outer loop
      vertex 49.3806 65.2767 4.2
      vertex 48.9834 65.7244 5
      vertex 48.9834 65.7244 4.2
    endloop
  endfacet
  facet normal -0.748036 -0.663658 0
    outer loop
      vertex 48.9834 65.7244 5
      vertex 49.3806 65.2767 4.2
      vertex 49.3806 65.2767 5
    endloop
  endfacet
  facet normal -0.709542 -0.704663 0
    outer loop
      vertex 48.9834 65.7244 4.2
      vertex 48.6801 66.0298 5
      vertex 48.6801 66.0298 4.2
    endloop
  endfacet
  facet normal -0.709542 -0.704663 0
    outer loop
      vertex 48.6801 66.0298 5
      vertex 48.9834 65.7244 4.2
      vertex 48.9834 65.7244 5
    endloop
  endfacet
  facet normal -0.64268 -0.766135 0
    outer loop
      vertex 48.4238 66.2448 4.2
      vertex 48.6801 66.0298 5
      vertex 48.4238 66.2448 5
    endloop
  endfacet
  facet normal -0.64268 -0.766135 -0
    outer loop
      vertex 48.6801 66.0298 5
      vertex 48.4238 66.2448 4.2
      vertex 48.6801 66.0298 4.2
    endloop
  endfacet
  facet normal -0.566952 -0.823751 0
    outer loop
      vertex 48.1675 66.4212 4.2
      vertex 48.4238 66.2448 5
      vertex 48.1675 66.4212 5
    endloop
  endfacet
  facet normal -0.566952 -0.823751 -0
    outer loop
      vertex 48.4238 66.2448 5
      vertex 48.1675 66.4212 4.2
      vertex 48.4238 66.2448 4.2
    endloop
  endfacet
  facet normal -0.47367 -0.880703 0
    outer loop
      vertex 47.9111 66.5591 4.2
      vertex 48.1675 66.4212 5
      vertex 47.9111 66.5591 5
    endloop
  endfacet
  facet normal -0.47367 -0.880703 -0
    outer loop
      vertex 48.1675 66.4212 5
      vertex 47.9111 66.5591 4.2
      vertex 48.1675 66.4212 4.2
    endloop
  endfacet
  facet normal -0.359393 -0.933186 0
    outer loop
      vertex 47.6543 66.658 4.2
      vertex 47.9111 66.5591 5
      vertex 47.6543 66.658 5
    endloop
  endfacet
  facet normal -0.359393 -0.933186 -0
    outer loop
      vertex 47.9111 66.5591 5
      vertex 47.6543 66.658 4.2
      vertex 47.9111 66.5591 4.2
    endloop
  endfacet
  facet normal -0.224087 -0.974569 0
    outer loop
      vertex 47.3964 66.7173 4.2
      vertex 47.6543 66.658 5
      vertex 47.3964 66.7173 5
    endloop
  endfacet
  facet normal -0.224087 -0.974569 -0
    outer loop
      vertex 47.6543 66.658 5
      vertex 47.3964 66.7173 4.2
      vertex 47.6543 66.658 4.2
    endloop
  endfacet
  facet normal -0.0762255 -0.997091 0
    outer loop
      vertex 47.1374 66.7371 4.2
      vertex 47.3964 66.7173 5
      vertex 47.1374 66.7371 5
    endloop
  endfacet
  facet normal -0.0762255 -0.997091 -0
    outer loop
      vertex 47.3964 66.7173 5
      vertex 47.1374 66.7371 4.2
      vertex 47.3964 66.7173 4.2
    endloop
  endfacet
  facet normal 0.110976 -0.993823 0
    outer loop
      vertex 46.5965 66.6767 4.2
      vertex 47.1374 66.7371 5
      vertex 46.5965 66.6767 5
    endloop
  endfacet
  facet normal 0.110976 -0.993823 0
    outer loop
      vertex 47.1374 66.7371 5
      vertex 46.5965 66.6767 4.2
      vertex 47.1374 66.7371 4.2
    endloop
  endfacet
  facet normal 0.372241 -0.928136 0
    outer loop
      vertex 46.1447 66.4955 4.2
      vertex 46.5965 66.6767 5
      vertex 46.1447 66.4955 5
    endloop
  endfacet
  facet normal 0.372241 -0.928136 0
    outer loop
      vertex 46.5965 66.6767 5
      vertex 46.1447 66.4955 4.2
      vertex 46.5965 66.6767 4.2
    endloop
  endfacet
  facet normal 0.639851 -0.768499 0
    outer loop
      vertex 45.7821 66.1936 4.2
      vertex 46.1447 66.4955 5
      vertex 45.7821 66.1936 5
    endloop
  endfacet
  facet normal 0.639851 -0.768499 0
    outer loop
      vertex 46.1447 66.4955 5
      vertex 45.7821 66.1936 4.2
      vertex 46.1447 66.4955 4.2
    endloop
  endfacet
  facet normal 0.842412 -0.538834 0
    outer loop
      vertex 45.5171 65.7793 5
      vertex 45.7821 66.1936 4.2
      vertex 45.7821 66.1936 5
    endloop
  endfacet
  facet normal 0.842412 -0.538834 0
    outer loop
      vertex 45.7821 66.1936 4.2
      vertex 45.5171 65.7793 5
      vertex 45.5171 65.7793 4.2
    endloop
  endfacet
  facet normal 0.95601 -0.293334 0
    outer loop
      vertex 45.3581 65.2611 5
      vertex 45.5171 65.7793 4.2
      vertex 45.5171 65.7793 5
    endloop
  endfacet
  facet normal 0.95601 -0.293334 0
    outer loop
      vertex 45.5171 65.7793 4.2
      vertex 45.3581 65.2611 5
      vertex 45.3581 65.2611 4.2
    endloop
  endfacet
  facet normal 0.996391 -0.0848878 0
    outer loop
      vertex 45.3051 64.639 5
      vertex 45.3581 65.2611 4.2
      vertex 45.3581 65.2611 5
    endloop
  endfacet
  facet normal 0.996391 -0.0848878 0
    outer loop
      vertex 45.3581 65.2611 4.2
      vertex 45.3051 64.639 5
      vertex 45.3051 64.639 4.2
    endloop
  endfacet
  facet normal 0.995852 0.0909872 0
    outer loop
      vertex 45.3578 64.0622 5
      vertex 45.3051 64.639 4.2
      vertex 45.3051 64.639 5
    endloop
  endfacet
  facet normal 0.995852 0.0909872 0
    outer loop
      vertex 45.3051 64.639 4.2
      vertex 45.3578 64.0622 5
      vertex 45.3578 64.0622 4.2
    endloop
  endfacet
  facet normal 0.953775 0.300523 0
    outer loop
      vertex 45.5161 63.5598 5
      vertex 45.3578 64.0622 4.2
      vertex 45.3578 64.0622 5
    endloop
  endfacet
  facet normal 0.953775 0.300523 0
    outer loop
      vertex 45.3578 64.0622 4.2
      vertex 45.5161 63.5598 5
      vertex 45.5161 63.5598 4.2
    endloop
  endfacet
  facet normal 0.851378 0.524552 0
    outer loop
      vertex 45.7798 63.1318 5
      vertex 45.5161 63.5598 4.2
      vertex 45.5161 63.5598 5
    endloop
  endfacet
  facet normal 0.851378 0.524552 0
    outer loop
      vertex 45.5161 63.5598 4.2
      vertex 45.7798 63.1318 5
      vertex 45.7798 63.1318 4.2
    endloop
  endfacet
  facet normal 0.689768 0.724031 -0
    outer loop
      vertex 46.1327 62.7956 4.2
      vertex 45.7798 63.1318 5
      vertex 46.1327 62.7956 5
    endloop
  endfacet
  facet normal 0.689768 0.724031 0
    outer loop
      vertex 45.7798 63.1318 5
      vertex 46.1327 62.7956 4.2
      vertex 45.7798 63.1318 4.2
    endloop
  endfacet
  facet normal 0.470771 0.882255 -0
    outer loop
      vertex 46.5583 62.5685 4.2
      vertex 46.1327 62.7956 5
      vertex 46.5583 62.5685 5
    endloop
  endfacet
  facet normal 0.470771 0.882255 0
    outer loop
      vertex 46.1327 62.7956 5
      vertex 46.5583 62.5685 4.2
      vertex 46.1327 62.7956 4.2
    endloop
  endfacet
  facet normal 0.230019 0.973186 -0
    outer loop
      vertex 47.0567 62.4507 4.2
      vertex 46.5583 62.5685 5
      vertex 47.0567 62.4507 5
    endloop
  endfacet
  facet normal 0.230019 0.973186 0
    outer loop
      vertex 46.5583 62.5685 5
      vertex 47.0567 62.4507 4.2
      vertex 46.5583 62.5685 4.2
    endloop
  endfacet
  facet normal -0.995758 0.0920056 0
    outer loop
      vertex 47.0567 62.4507 4.2
      vertex 47.1374 63.3241 5
      vertex 47.1374 63.3241 4.2
    endloop
  endfacet
  facet normal -0.995758 0.0920056 0
    outer loop
      vertex 47.1374 63.3241 5
      vertex 47.0567 62.4507 4.2
      vertex 47.0567 62.4507 5
    endloop
  endfacet
  facet normal -0.217055 -0.976159 0
    outer loop
      vertex 46.8064 63.3977 4.2
      vertex 47.1374 63.3241 5
      vertex 46.8064 63.3977 5
    endloop
  endfacet
  facet normal -0.217055 -0.976159 -0
    outer loop
      vertex 47.1374 63.3241 5
      vertex 46.8064 63.3977 4.2
      vertex 47.1374 63.3241 4.2
    endloop
  endfacet
  facet normal -0.446182 -0.894942 0
    outer loop
      vertex 46.5288 63.5361 4.2
      vertex 46.8064 63.3977 5
      vertex 46.5288 63.5361 5
    endloop
  endfacet
  facet normal -0.446182 -0.894942 -0
    outer loop
      vertex 46.8064 63.3977 5
      vertex 46.5288 63.5361 4.2
      vertex 46.8064 63.3977 4.2
    endloop
  endfacet
  facet normal -0.671242 -0.741238 0
    outer loop
      vertex 46.3043 63.7394 4.2
      vertex 46.5288 63.5361 5
      vertex 46.3043 63.7394 5
    endloop
  endfacet
  facet normal -0.671242 -0.741238 -0
    outer loop
      vertex 46.5288 63.5361 5
      vertex 46.3043 63.7394 4.2
      vertex 46.5288 63.5361 4.2
    endloop
  endfacet
  facet normal -0.841986 -0.5395 0
    outer loop
      vertex 46.3043 63.7394 4.2
      vertex 46.1395 63.9966 5
      vertex 46.1395 63.9966 4.2
    endloop
  endfacet
  facet normal -0.841986 -0.5395 0
    outer loop
      vertex 46.1395 63.9966 5
      vertex 46.3043 63.7394 4.2
      vertex 46.3043 63.7394 5
    endloop
  endfacet
  facet normal -0.949661 -0.31328 0
    outer loop
      vertex 46.1395 63.9966 4.2
      vertex 46.0406 64.2964 5
      vertex 46.0406 64.2964 4.2
    endloop
  endfacet
  facet normal -0.949661 -0.31328 0
    outer loop
      vertex 46.0406 64.2964 5
      vertex 46.1395 63.9966 4.2
      vertex 46.1395 63.9966 5
    endloop
  endfacet
  facet normal -0.995393 -0.0958785 0
    outer loop
      vertex 46.0406 64.2964 4.2
      vertex 46.0076 64.639 5
      vertex 46.0076 64.639 4.2
    endloop
  endfacet
  facet normal -0.995393 -0.0958785 0
    outer loop
      vertex 46.0076 64.639 5
      vertex 46.0406 64.2964 4.2
      vertex 46.0406 64.2964 5
    endloop
  endfacet
  facet normal -0.995495 0.0948091 0
    outer loop
      vertex 46.0076 64.639 4.2
      vertex 46.0414 64.9939 5
      vertex 46.0414 64.9939 4.2
    endloop
  endfacet
  facet normal -0.995495 0.0948091 0
    outer loop
      vertex 46.0414 64.9939 5
      vertex 46.0076 64.639 4.2
      vertex 46.0076 64.639 5
    endloop
  endfacet
  facet normal -0.947249 0.3205 0
    outer loop
      vertex 46.0414 64.9939 4.2
      vertex 46.1426 65.293 5
      vertex 46.1426 65.293 4.2
    endloop
  endfacet
  facet normal -0.947249 0.3205 0
    outer loop
      vertex 46.1426 65.293 5
      vertex 46.0414 64.9939 4.2
      vertex 46.0414 64.9939 5
    endloop
  endfacet
  facet normal -0.821401 0.570351 0
    outer loop
      vertex 46.1426 65.293 4.2
      vertex 46.3114 65.5361 5
      vertex 46.3114 65.5361 4.2
    endloop
  endfacet
  facet normal -0.821401 0.570351 0
    outer loop
      vertex 46.3114 65.5361 5
      vertex 46.1426 65.293 4.2
      vertex 46.1426 65.293 5
    endloop
  endfacet
  facet normal -0.615032 0.788502 0
    outer loop
      vertex 46.5414 65.7155 4.2
      vertex 46.3114 65.5361 5
      vertex 46.5414 65.7155 5
    endloop
  endfacet
  facet normal -0.615032 0.788502 0
    outer loop
      vertex 46.3114 65.5361 5
      vertex 46.5414 65.7155 4.2
      vertex 46.3114 65.5361 4.2
    endloop
  endfacet
  facet normal -0.353426 0.935462 0
    outer loop
      vertex 46.8262 65.8231 4.2
      vertex 46.5414 65.7155 5
      vertex 46.8262 65.8231 5
    endloop
  endfacet
  facet normal -0.353426 0.935462 0
    outer loop
      vertex 46.5414 65.7155 5
      vertex 46.8262 65.8231 4.2
      vertex 46.5414 65.7155 4.2
    endloop
  endfacet
  facet normal -0.104807 0.994493 0
    outer loop
      vertex 47.1659 65.8589 4.2
      vertex 46.8262 65.8231 5
      vertex 47.1659 65.8589 5
    endloop
  endfacet
  facet normal -0.104807 0.994493 0
    outer loop
      vertex 46.8262 65.8231 5
      vertex 47.1659 65.8589 4.2
      vertex 46.8262 65.8231 4.2
    endloop
  endfacet
  facet normal 0.0789606 0.996878 -0
    outer loop
      vertex 47.4285 65.8381 4.2
      vertex 47.1659 65.8589 5
      vertex 47.4285 65.8381 5
    endloop
  endfacet
  facet normal 0.0789606 0.996878 0
    outer loop
      vertex 47.1659 65.8589 5
      vertex 47.4285 65.8381 4.2
      vertex 47.1659 65.8589 4.2
    endloop
  endfacet
  facet normal 0.248423 0.968652 -0
    outer loop
      vertex 47.6722 65.7756 4.2
      vertex 47.4285 65.8381 5
      vertex 47.6722 65.7756 5
    endloop
  endfacet
  facet normal 0.248423 0.968652 0
    outer loop
      vertex 47.4285 65.8381 5
      vertex 47.6722 65.7756 4.2
      vertex 47.4285 65.8381 4.2
    endloop
  endfacet
  facet normal 0.420696 0.907202 -0
    outer loop
      vertex 47.8969 65.6714 4.2
      vertex 47.6722 65.7756 5
      vertex 47.8969 65.6714 5
    endloop
  endfacet
  facet normal 0.420696 0.907202 0
    outer loop
      vertex 47.6722 65.7756 5
      vertex 47.8969 65.6714 4.2
      vertex 47.6722 65.7756 4.2
    endloop
  endfacet
  facet normal 0.545266 0.838263 -0
    outer loop
      vertex 48.1089 65.5335 4.2
      vertex 47.8969 65.6714 5
      vertex 48.1089 65.5335 5
    endloop
  endfacet
  facet normal 0.545266 0.838263 0
    outer loop
      vertex 47.8969 65.6714 5
      vertex 48.1089 65.5335 4.2
      vertex 47.8969 65.6714 4.2
    endloop
  endfacet
  facet normal 0.622931 0.782277 -0
    outer loop
      vertex 48.3146 65.3697 4.2
      vertex 48.1089 65.5335 5
      vertex 48.3146 65.3697 5
    endloop
  endfacet
  facet normal 0.622931 0.782277 0
    outer loop
      vertex 48.1089 65.5335 5
      vertex 48.3146 65.3697 4.2
      vertex 48.1089 65.5335 4.2
    endloop
  endfacet
  facet normal 0.689074 0.724691 -0
    outer loop
      vertex 48.514 65.1801 4.2
      vertex 48.3146 65.3697 5
      vertex 48.514 65.1801 5
    endloop
  endfacet
  facet normal 0.689074 0.724691 0
    outer loop
      vertex 48.3146 65.3697 5
      vertex 48.514 65.1801 4.2
      vertex 48.3146 65.3697 4.2
    endloop
  endfacet
  facet normal 0.73184 0.681476 0
    outer loop
      vertex 48.7102 64.9694 5
      vertex 48.514 65.1801 4.2
      vertex 48.514 65.1801 5
    endloop
  endfacet
  facet normal 0.73184 0.681476 0
    outer loop
      vertex 48.514 65.1801 4.2
      vertex 48.7102 64.9694 5
      vertex 48.7102 64.9694 4.2
    endloop
  endfacet
  facet normal 0.756711 0.65375 0
    outer loop
      vertex 48.9064 64.7423 5
      vertex 48.7102 64.9694 4.2
      vertex 48.7102 64.9694 5
    endloop
  endfacet
  facet normal 0.756711 0.65375 0
    outer loop
      vertex 48.7102 64.9694 4.2
      vertex 48.9064 64.7423 5
      vertex 48.9064 64.7423 4.2
    endloop
  endfacet
  facet normal 0.778554 0.627577 0
    outer loop
      vertex 49.1026 64.4989 5
      vertex 48.9064 64.7423 4.2
      vertex 48.9064 64.7423 5
    endloop
  endfacet
  facet normal 0.778554 0.627577 0
    outer loop
      vertex 48.9064 64.7423 4.2
      vertex 49.1026 64.4989 5
      vertex 49.1026 64.4989 4.2
    endloop
  endfacet
  facet normal 0.78108 0.624431 0
    outer loop
      vertex 49.3043 64.2466 5
      vertex 49.1026 64.4989 4.2
      vertex 49.1026 64.4989 5
    endloop
  endfacet
  facet normal 0.78108 0.624431 0
    outer loop
      vertex 49.1026 64.4989 4.2
      vertex 49.3043 64.2466 5
      vertex 49.3043 64.2466 4.2
    endloop
  endfacet
  facet normal 0.766537 0.642201 0
    outer loop
      vertex 49.5171 63.9926 5
      vertex 49.3043 64.2466 4.2
      vertex 49.3043 64.2466 5
    endloop
  endfacet
  facet normal 0.766537 0.642201 0
    outer loop
      vertex 49.3043 64.2466 4.2
      vertex 49.5171 63.9926 5
      vertex 49.5171 63.9926 4.2
    endloop
  endfacet
  facet normal 0.752212 0.658921 0
    outer loop
      vertex 49.741 63.737 5
      vertex 49.5171 63.9926 4.2
      vertex 49.5171 63.9926 5
    endloop
  endfacet
  facet normal 0.752212 0.658921 0
    outer loop
      vertex 49.5171 63.9926 4.2
      vertex 49.741 63.737 5
      vertex 49.741 63.737 4.2
    endloop
  endfacet
  facet normal 0.726845 0.686801 0
    outer loop
      vertex 49.9794 63.4847 5
      vertex 49.741 63.737 4.2
      vertex 49.741 63.737 5
    endloop
  endfacet
  facet normal 0.726845 0.686801 0
    outer loop
      vertex 49.741 63.737 4.2
      vertex 49.9794 63.4847 5
      vertex 49.9794 63.4847 4.2
    endloop
  endfacet
  facet normal 0.690113 0.723701 -0
    outer loop
      vertex 50.2358 63.2402 4.2
      vertex 49.9794 63.4847 5
      vertex 50.2358 63.2402 5
    endloop
  endfacet
  facet normal 0.690113 0.723701 0
    outer loop
      vertex 49.9794 63.4847 5
      vertex 50.2358 63.2402 4.2
      vertex 49.9794 63.4847 4.2
    endloop
  endfacet
  facet normal 0.652994 0.757363 -0
    outer loop
      vertex 50.5101 63.0037 4.2
      vertex 50.2358 63.2402 5
      vertex 50.5101 63.0037 5
    endloop
  endfacet
  facet normal 0.652994 0.757363 0
    outer loop
      vertex 50.2358 63.2402 5
      vertex 50.5101 63.0037 4.2
      vertex 50.2358 63.2402 4.2
    endloop
  endfacet
  facet normal 0.595718 0.803194 -0
    outer loop
      vertex 50.8078 62.7829 4.2
      vertex 50.5101 63.0037 5
      vertex 50.8078 62.7829 5
    endloop
  endfacet
  facet normal 0.595718 0.803194 0
    outer loop
      vertex 50.5101 63.0037 5
      vertex 50.8078 62.7829 4.2
      vertex 50.5101 63.0037 4.2
    endloop
  endfacet
  facet normal 0.516191 0.856473 -0
    outer loop
      vertex 51.1345 62.586 4.2
      vertex 50.8078 62.7829 5
      vertex 51.1345 62.586 5
    endloop
  endfacet
  facet normal 0.516191 0.856473 0
    outer loop
      vertex 50.8078 62.7829 5
      vertex 51.1345 62.586 4.2
      vertex 50.8078 62.7829 4.2
    endloop
  endfacet
  facet normal 0.437891 0.899028 -0
    outer loop
      vertex 51.4903 62.4127 4.2
      vertex 51.1345 62.586 5
      vertex 51.4903 62.4127 5
    endloop
  endfacet
  facet normal 0.437891 0.899028 0
    outer loop
      vertex 51.1345 62.586 5
      vertex 51.4903 62.4127 4.2
      vertex 51.1345 62.586 4.2
    endloop
  endfacet
  facet normal 0 1 -0
    outer loop
      vertex 52.0931 62.4127 4.2
      vertex 51.4903 62.4127 5
      vertex 52.0931 62.4127 5
    endloop
  endfacet
  facet normal 0 1 0
    outer loop
      vertex 51.4903 62.4127 5
      vertex 52.0931 62.4127 4.2
      vertex 51.4903 62.4127 4.2
    endloop
  endfacet
  facet normal -1 0 0
    outer loop
      vertex 52.0931 62.4127 4.2
      vertex 52.0931 66.8415 5
      vertex 52.0931 66.8415 4.2
    endloop
  endfacet
  facet normal -1 -0 0
    outer loop
      vertex 52.0931 66.8415 5
      vertex 52.0931 62.4127 4.2
      vertex 52.0931 62.4127 5
    endloop
  endfacet
  facet normal 0 -1 0
    outer loop
      vertex 51.3669 66.8415 4.2
      vertex 52.0931 66.8415 5
      vertex 51.3669 66.8415 5
    endloop
  endfacet
  facet normal 0 -1 -0
    outer loop
      vertex 52.0931 66.8415 5
      vertex 51.3669 66.8415 4.2
      vertex 52.0931 66.8415 4.2
    endloop
  endfacet
  facet normal -0.117208 -0.993107 0
    outer loop
      vertex 50.8864 69.9229 4.2
      vertex 51.4829 69.8525 5
      vertex 50.8864 69.9229 5
    endloop
  endfacet
  facet normal -0.117208 -0.993107 -0
    outer loop
      vertex 51.4829 69.8525 5
      vertex 50.8864 69.9229 4.2
      vertex 51.4829 69.8525 4.2
    endloop
  endfacet
  facet normal -0.197475 -0.980308 0
    outer loop
      vertex 50.3036 70.0403 4.2
      vertex 50.8864 69.9229 5
      vertex 50.3036 70.0403 5
    endloop
  endfacet
  facet normal -0.197475 -0.980308 -0
    outer loop
      vertex 50.8864 69.9229 5
      vertex 50.3036 70.0403 4.2
      vertex 50.8864 69.9229 4.2
    endloop
  endfacet
  facet normal -0.273162 -0.961968 0
    outer loop
      vertex 49.725 70.2046 4.2
      vertex 50.3036 70.0403 5
      vertex 49.725 70.2046 5
    endloop
  endfacet
  facet normal -0.273162 -0.961968 -0
    outer loop
      vertex 50.3036 70.0403 5
      vertex 49.725 70.2046 4.2
      vertex 50.3036 70.0403 4.2
    endloop
  endfacet
  facet normal -0.340139 -0.940375 0
    outer loop
      vertex 49.1411 70.4158 4.2
      vertex 49.725 70.2046 5
      vertex 49.1411 70.4158 5
    endloop
  endfacet
  facet normal -0.340139 -0.940375 -0
    outer loop
      vertex 49.725 70.2046 5
      vertex 49.1411 70.4158 4.2
      vertex 49.725 70.2046 4.2
    endloop
  endfacet
  facet normal -0.40143 -0.91589 0
    outer loop
      vertex 48.552 70.674 4.2
      vertex 49.1411 70.4158 5
      vertex 48.552 70.674 5
    endloop
  endfacet
  facet normal -0.40143 -0.91589 -0
    outer loop
      vertex 49.1411 70.4158 5
      vertex 48.552 70.674 4.2
      vertex 49.1411 70.4158 4.2
    endloop
  endfacet
  facet normal -0.463083 -0.886315 0
    outer loop
      vertex 47.8848 71.0226 4.2
      vertex 48.552 70.674 5
      vertex 47.8848 71.0226 5
    endloop
  endfacet
  facet normal -0.463083 -0.886315 -0
    outer loop
      vertex 48.552 70.674 5
      vertex 47.8848 71.0226 4.2
      vertex 48.552 70.674 4.2
    endloop
  endfacet
  facet normal -0.508087 -0.861306 0
    outer loop
      vertex 47.0667 71.5052 4.2
      vertex 47.8848 71.0226 5
      vertex 47.0667 71.5052 5
    endloop
  endfacet
  facet normal -0.508087 -0.861306 -0
    outer loop
      vertex 47.8848 71.0226 5
      vertex 47.0667 71.5052 4.2
      vertex 47.8848 71.0226 4.2
    endloop
  endfacet
  facet normal -0.536892 -0.843651 0
    outer loop
      vertex 46.0978 72.1218 4.2
      vertex 47.0667 71.5052 5
      vertex 46.0978 72.1218 5
    endloop
  endfacet
  facet normal -0.536892 -0.843651 -0
    outer loop
      vertex 47.0667 71.5052 5
      vertex 46.0978 72.1218 4.2
      vertex 47.0667 71.5052 4.2
    endloop
  endfacet
  facet normal 0 -1 0
    outer loop
      vertex 45.4048 72.1218 4.2
      vertex 46.0978 72.1218 5
      vertex 45.4048 72.1218 5
    endloop
  endfacet
  facet normal 0 -1 -0
    outer loop
      vertex 46.0978 72.1218 5
      vertex 45.4048 72.1218 4.2
      vertex 46.0978 72.1218 4.2
    endloop
  endfacet
  facet normal 1 -0 0
    outer loop
      vertex 45.4048 67.7024 5
      vertex 45.4048 72.1218 4.2
      vertex 45.4048 72.1218 5
    endloop
  endfacet
  facet normal 1 0 0
    outer loop
      vertex 45.4048 72.1218 4.2
      vertex 45.4048 67.7024 5
      vertex 45.4048 67.7024 4.2
    endloop
  endfacet
  facet normal 0 1 -0
    outer loop
      vertex 46.131 67.7024 4.2
      vertex 45.4048 67.7024 5
      vertex 46.131 67.7024 5
    endloop
  endfacet
  facet normal 0 1 0
    outer loop
      vertex 45.4048 67.7024 5
      vertex 46.131 67.7024 4.2
      vertex 45.4048 67.7024 4.2
    endloop
  endfacet
  facet normal -1 0 0
    outer loop
      vertex 46.131 67.7024 4.2
      vertex 46.131 71.2958 5
      vertex 46.131 71.2958 4.2
    endloop
  endfacet
  facet normal -1 -0 0
    outer loop
      vertex 46.131 71.2958 5
      vertex 46.131 67.7024 4.2
      vertex 46.131 67.7024 5
    endloop
  endfacet
  facet normal 0.543936 0.839127 -0
    outer loop
      vertex 47.3144 70.5287 4.2
      vertex 46.131 71.2958 5
      vertex 47.3144 70.5287 5
    endloop
  endfacet
  facet normal 0.543936 0.839127 0
    outer loop
      vertex 46.131 71.2958 5
      vertex 47.3144 70.5287 4.2
      vertex 46.131 71.2958 4.2
    endloop
  endfacet
  facet normal 0.486175 0.873862 -0
    outer loop
      vertex 48.4022 69.9235 4.2
      vertex 47.3144 70.5287 5
      vertex 48.4022 69.9235 5
    endloop
  endfacet
  facet normal 0.486175 0.873862 0
    outer loop
      vertex 47.3144 70.5287 5
      vertex 48.4022 69.9235 4.2
      vertex 47.3144 70.5287 4.2
    endloop
  endfacet
  facet normal 0.407854 0.913047 -0
    outer loop
      vertex 49.3946 69.4802 4.2
      vertex 48.4022 69.9235 5
      vertex 49.3946 69.4802 5
    endloop
  endfacet
  facet normal 0.407854 0.913047 0
    outer loop
      vertex 48.4022 69.9235 5
      vertex 49.3946 69.4802 4.2
      vertex 48.4022 69.9235 4.2
    endloop
  endfacet
  facet normal 0.309005 0.95106 -0
    outer loop
      vertex 50.3241 69.1782 4.2
      vertex 49.3946 69.4802 5
      vertex 50.3241 69.1782 5
    endloop
  endfacet
  facet normal 0.309005 0.95106 0
    outer loop
      vertex 49.3946 69.4802 5
      vertex 50.3241 69.1782 4.2
      vertex 49.3946 69.4802 4.2
    endloop
  endfacet
  facet normal 0.197352 0.980333 -0
    outer loop
      vertex 51.2237 68.9971 4.2
      vertex 50.3241 69.1782 5
      vertex 51.2237 68.9971 5
    endloop
  endfacet
  facet normal 0.197352 0.980333 0
    outer loop
      vertex 50.3241 69.1782 5
      vertex 51.2237 68.9971 4.2
      vertex 50.3241 69.1782 4.2
    endloop
  endfacet
  facet normal 0.0693061 0.997595 -0
    outer loop
      vertex 52.0931 68.9367 4.2
      vertex 51.2237 68.9971 5
      vertex 52.0931 68.9367 5
    endloop
  endfacet
  facet normal 0.0693061 0.997595 0
    outer loop
      vertex 51.2237 68.9971 5
      vertex 52.0931 68.9367 4.2
      vertex 51.2237 68.9971 4.2
    endloop
  endfacet
  facet normal -1 0 0
    outer loop
      vertex 52.0931 68.9367 4.2
      vertex 52.0931 69.829 5
      vertex 52.0931 69.829 4.2
    endloop
  endfacet
  facet normal -1 -0 0
    outer loop
      vertex 52.0931 69.829 5
      vertex 52.0931 68.9367 4.2
      vertex 52.0931 68.9367 5
    endloop
  endfacet
  facet normal -0.0384834 -0.999259 0
    outer loop
      vertex 51.4829 69.8525 4.2
      vertex 52.0931 69.829 5
      vertex 51.4829 69.8525 5
    endloop
  endfacet
  facet normal -0.0384834 -0.999259 -0
    outer loop
      vertex 52.0931 69.829 5
      vertex 51.4829 69.8525 4.2
      vertex 52.0931 69.829 4.2
    endloop
  endfacet
  facet normal 1 -0 0
    outer loop
      vertex 51.3669 59.9474 5
      vertex 51.3669 61.5755 4.2
      vertex 51.3669 61.5755 5
    endloop
  endfacet
  facet normal 1 0 0
    outer loop
      vertex 51.3669 61.5755 4.2
      vertex 51.3669 59.9474 5
      vertex 51.3669 59.9474 4.2
    endloop
  endfacet
  facet normal 0 -1 0
    outer loop
      vertex 45.4048 59.9474 4.2
      vertex 51.3669 59.9474 5
      vertex 45.4048 59.9474 5
    endloop
  endfacet
  facet normal 0 -1 -0
    outer loop
      vertex 51.3669 59.9474 5
      vertex 45.4048 59.9474 4.2
      vertex 51.3669 59.9474 4.2
    endloop
  endfacet
  facet normal 1 -0 0
    outer loop
      vertex 45.4048 59.1594 5
      vertex 45.4048 59.9474 4.2
      vertex 45.4048 59.9474 5
    endloop
  endfacet
  facet normal 1 0 0
    outer loop
      vertex 45.4048 59.9474 4.2
      vertex 45.4048 59.1594 5
      vertex 45.4048 59.1594 4.2
    endloop
  endfacet
  facet normal 0.823993 0.5666 0
    outer loop
      vertex 46.4918 57.5786 5
      vertex 45.4048 59.1594 4.2
      vertex 45.4048 59.1594 5
    endloop
  endfacet
  facet normal 0.823993 0.5666 0
    outer loop
      vertex 45.4048 59.1594 4.2
      vertex 46.4918 57.5786 5
      vertex 46.4918 57.5786 4.2
    endloop
  endfacet
  facet normal 0 1 -0
    outer loop
      vertex 47.2988 57.5786 4.2
      vertex 46.4918 57.5786 5
      vertex 47.2988 57.5786 5
    endloop
  endfacet
  facet normal 0 1 0
    outer loop
      vertex 46.4918 57.5786 5
      vertex 47.2988 57.5786 4.2
      vertex 46.4918 57.5786 4.2
    endloop
  endfacet
  facet normal -0.813916 -0.580983 0
    outer loop
      vertex 47.2988 57.5786 4.2
      vertex 46.2213 59.0881 5
      vertex 46.2213 59.0881 4.2
    endloop
  endfacet
  facet normal -0.813916 -0.580983 0
    outer loop
      vertex 46.2213 59.0881 5
      vertex 47.2988 57.5786 4.2
      vertex 47.2988 57.5786 5
    endloop
  endfacet
  facet normal 0 1 -0
    outer loop
      vertex 51.3669 59.0881 4.2
      vertex 46.2213 59.0881 5
      vertex 51.3669 59.0881 5
    endloop
  endfacet
  facet normal 0 1 0
    outer loop
      vertex 46.2213 59.0881 5
      vertex 51.3669 59.0881 4.2
      vertex 46.2213 59.0881 4.2
    endloop
  endfacet
  facet normal 1 -0 0
    outer loop
      vertex 51.3669 57.384 5
      vertex 51.3669 59.0881 4.2
      vertex 51.3669 59.0881 5
    endloop
  endfacet
  facet normal 1 0 0
    outer loop
      vertex 51.3669 59.0881 4.2
      vertex 51.3669 57.384 5
      vertex 51.3669 57.384 4.2
    endloop
  endfacet
  facet normal 0 1 -0
    outer loop
      vertex 52.0931 57.384 4.2
      vertex 51.3669 57.384 5
      vertex 52.0931 57.384 5
    endloop
  endfacet
  facet normal 0 1 0
    outer loop
      vertex 51.3669 57.384 5
      vertex 52.0931 57.384 4.2
      vertex 51.3669 57.384 4.2
    endloop
  endfacet
  facet normal -1 0 0
    outer loop
      vertex 52.0931 57.384 4.2
      vertex 52.0931 61.5755 5
      vertex 52.0931 61.5755 4.2
    endloop
  endfacet
  facet normal -1 -0 0
    outer loop
      vertex 52.0931 61.5755 5
      vertex 52.0931 57.384 4.2
      vertex 52.0931 57.384 5
    endloop
  endfacet
  facet normal 0 -1 0
    outer loop
      vertex 51.3669 61.5755 4.2
      vertex 52.0931 61.5755 5
      vertex 51.3669 61.5755 5
    endloop
  endfacet
  facet normal 0 -1 -0
    outer loop
      vertex 52.0931 61.5755 5
      vertex 51.3669 61.5755 4.2
      vertex 52.0931 61.5755 4.2
    endloop
  endfacet
  facet normal -0.0751498 -0.997172 0
    outer loop
      vertex 48.6485 89.8797 4.2
      vertex 49.1169 89.8444 5
      vertex 48.6485 89.8797 5
    endloop
  endfacet
  facet normal -0.0751498 -0.997172 -0
    outer loop
      vertex 49.1169 89.8444 5
      vertex 48.6485 89.8797 4.2
      vertex 49.1169 89.8444 4.2
    endloop
  endfacet
  facet normal -0.260785 -0.965397 0
    outer loop
      vertex 48.2561 89.9857 4.2
      vertex 48.6485 89.8797 5
      vertex 48.2561 89.9857 5
    endloop
  endfacet
  facet normal -0.260785 -0.965397 -0
    outer loop
      vertex 48.6485 89.8797 5
      vertex 48.2561 89.9857 4.2
      vertex 48.6485 89.8797 4.2
    endloop
  endfacet
  facet normal -0.487586 -0.873075 0
    outer loop
      vertex 47.9397 90.1624 4.2
      vertex 48.2561 89.9857 5
      vertex 47.9397 90.1624 5
    endloop
  endfacet
  facet normal -0.487586 -0.873075 -0
    outer loop
      vertex 48.2561 89.9857 5
      vertex 47.9397 90.1624 4.2
      vertex 48.2561 89.9857 4.2
    endloop
  endfacet
  facet normal -0.714896 -0.699231 0
    outer loop
      vertex 47.9397 90.1624 4.2
      vertex 47.7076 90.3997 5
      vertex 47.7076 90.3997 4.2
    endloop
  endfacet
  facet normal -0.714896 -0.699231 0
    outer loop
      vertex 47.7076 90.3997 5
      vertex 47.9397 90.1624 4.2
      vertex 47.9397 90.1624 5
    endloop
  endfacet
  facet normal -0.900226 -0.435422 0
    outer loop
      vertex 47.7076 90.3997 4.2
      vertex 47.5683 90.6877 5
      vertex 47.5683 90.6877 4.2
    endloop
  endfacet
  facet normal -0.900226 -0.435422 0
    outer loop
      vertex 47.5683 90.6877 5
      vertex 47.7076 90.3997 4.2
      vertex 47.7076 90.3997 5
    endloop
  endfacet
  facet normal -0.990741 -0.135766 0
    outer loop
      vertex 47.5683 90.6877 4.2
      vertex 47.5219 91.0263 5
      vertex 47.5219 91.0263 4.2
    endloop
  endfacet
  facet normal -0.990741 -0.135766 0
    outer loop
      vertex 47.5219 91.0263 5
      vertex 47.5683 90.6877 4.2
      vertex 47.5683 90.6877 5
    endloop
  endfacet
  facet normal -0.995068 0.0991939 0
    outer loop
      vertex 47.5219 91.0263 4.2
      vertex 47.5536 91.3443 5
      vertex 47.5536 91.3443 4.2
    endloop
  endfacet
  facet normal -0.995068 0.0991939 0
    outer loop
      vertex 47.5536 91.3443 5
      vertex 47.5219 91.0263 4.2
      vertex 47.5219 91.0263 5
    endloop
  endfacet
  facet normal -0.932638 0.360813 0
    outer loop
      vertex 47.5536 91.3443 4.2
      vertex 47.6485 91.5896 5
      vertex 47.6485 91.5896 4.2
    endloop
  endfacet
  facet normal -0.932638 0.360813 0
    outer loop
      vertex 47.6485 91.5896 5
      vertex 47.5536 91.3443 4.2
      vertex 47.5536 91.3443 5
    endloop
  endfacet
  facet normal -0.736782 0.676131 0
    outer loop
      vertex 47.6485 91.5896 4.2
      vertex 47.8068 91.7621 5
      vertex 47.8068 91.7621 4.2
    endloop
  endfacet
  facet normal -0.736782 0.676131 0
    outer loop
      vertex 47.8068 91.7621 5
      vertex 47.6485 91.5896 4.2
      vertex 47.6485 91.5896 5
    endloop
  endfacet
  facet normal -0.425761 0.904836 0
    outer loop
      vertex 48.0478 91.8755 4.2
      vertex 47.8068 91.7621 5
      vertex 48.0478 91.8755 5
    endloop
  endfacet
  facet normal -0.425761 0.904836 0
    outer loop
      vertex 47.8068 91.7621 5
      vertex 48.0478 91.8755 4.2
      vertex 47.8068 91.7621 4.2
    endloop
  endfacet
  facet normal -0.194302 0.980942 0
    outer loop
      vertex 48.3911 91.9435 4.2
      vertex 48.0478 91.8755 5
      vertex 48.3911 91.9435 5
    endloop
  endfacet
  facet normal -0.194302 0.980942 0
    outer loop
      vertex 48.0478 91.8755 5
      vertex 48.3911 91.9435 4.2
      vertex 48.0478 91.8755 4.2
    endloop
  endfacet
  facet normal -0.0508652 0.998706 0
    outer loop
      vertex 48.8368 91.9662 4.2
      vertex 48.3911 91.9435 5
      vertex 48.8368 91.9662 5
    endloop
  endfacet
  facet normal -0.0508652 0.998706 0
    outer loop
      vertex 48.3911 91.9435 5
      vertex 48.8368 91.9662 4.2
      vertex 48.3911 91.9435 4.2
    endloop
  endfacet
  facet normal 0 1 -0
    outer loop
      vertex 52.0931 91.9662 4.2
      vertex 48.8368 91.9662 5
      vertex 52.0931 91.9662 5
    endloop
  endfacet
  facet normal 0 1 0
    outer loop
      vertex 48.8368 91.9662 5
      vertex 52.0931 91.9662 4.2
      vertex 48.8368 91.9662 4.2
    endloop
  endfacet
  facet normal -1 0 0
    outer loop
      vertex 52.0931 91.9662 4.2
      vertex 52.0931 92.8112 5
      vertex 52.0931 92.8112 4.2
    endloop
  endfacet
  facet normal -1 -0 0
    outer loop
      vertex 52.0931 92.8112 5
      vertex 52.0931 91.9662 4.2
      vertex 52.0931 91.9662 5
    endloop
  endfacet
  facet normal 0 -1 0
    outer loop
      vertex 49.1169 92.8112 4.2
      vertex 52.0931 92.8112 5
      vertex 49.1169 92.8112 5
    endloop
  endfacet
  facet normal 0 -1 -0
    outer loop
      vertex 52.0931 92.8112 5
      vertex 49.1169 92.8112 4.2
      vertex 52.0931 92.8112 4.2
    endloop
  endfacet
  facet normal -0.0730836 -0.997326 0
    outer loop
      vertex 48.6461 92.8457 4.2
      vertex 49.1169 92.8112 5
      vertex 48.6461 92.8457 5
    endloop
  endfacet
  facet normal -0.0730836 -0.997326 -0
    outer loop
      vertex 49.1169 92.8112 5
      vertex 48.6461 92.8457 4.2
      vertex 49.1169 92.8112 4.2
    endloop
  endfacet
  facet normal -0.254784 -0.966998 0
    outer loop
      vertex 48.2529 92.9493 4.2
      vertex 48.6461 92.8457 5
      vertex 48.2529 92.9493 5
    endloop
  endfacet
  facet normal -0.254784 -0.966998 -0
    outer loop
      vertex 48.6461 92.8457 5
      vertex 48.2529 92.9493 4.2
      vertex 48.6461 92.8457 4.2
    endloop
  endfacet
  facet normal -0.48004 -0.877247 0
    outer loop
      vertex 47.9373 93.122 4.2
      vertex 48.2529 92.9493 5
      vertex 47.9373 93.122 5
    endloop
  endfacet
  facet normal -0.48004 -0.877247 -0
    outer loop
      vertex 48.2529 92.9493 5
      vertex 47.9373 93.122 4.2
      vertex 48.2529 92.9493 4.2
    endloop
  endfacet
  facet normal -0.713454 -0.700702 0
    outer loop
      vertex 47.9373 93.122 4.2
      vertex 47.7065 93.357 5
      vertex 47.7065 93.357 4.2
    endloop
  endfacet
  facet normal -0.713454 -0.700702 0
    outer loop
      vertex 47.7065 93.357 5
      vertex 47.9373 93.122 4.2
      vertex 47.9373 93.122 5
    endloop
  endfacet
  facet normal -0.902723 -0.430223 0
    outer loop
      vertex 47.7065 93.357 4.2
      vertex 47.5681 93.6474 5
      vertex 47.5681 93.6474 4.2
    endloop
  endfacet
  facet normal -0.902723 -0.430223 0
    outer loop
      vertex 47.5681 93.6474 5
      vertex 47.7065 93.357 4.2
      vertex 47.7065 93.357 5
    endloop
  endfacet
  facet normal -0.991188 -0.132464 0
    outer loop
      vertex 47.5681 93.6474 4.2
      vertex 47.5219 93.9931 5
      vertex 47.5219 93.9931 4.2
    endloop
  endfacet
  facet normal -0.991188 -0.132464 0
    outer loop
      vertex 47.5219 93.9931 5
      vertex 47.5681 93.6474 4.2
      vertex 47.5681 93.6474 5
    endloop
  endfacet
  facet normal -0.995071 0.099163 0
    outer loop
      vertex 47.5219 93.9931 4.2
      vertex 47.5536 94.3112 5
      vertex 47.5536 94.3112 4.2
    endloop
  endfacet
  facet normal -0.995071 0.099163 0
    outer loop
      vertex 47.5536 94.3112 5
      vertex 47.5219 93.9931 4.2
      vertex 47.5219 93.9931 5
    endloop
  endfacet
  facet normal -0.932589 0.360941 0
    outer loop
      vertex 47.5536 94.3112 4.2
      vertex 47.6485 94.5564 5
      vertex 47.6485 94.5564 4.2
    endloop
  endfacet
  facet normal -0.932589 0.360941 0
    outer loop
      vertex 47.6485 94.5564 5
      vertex 47.5536 94.3112 4.2
      vertex 47.5536 94.3112 5
    endloop
  endfacet
  facet normal -0.736782 0.676131 0
    outer loop
      vertex 47.6485 94.5564 4.2
      vertex 47.8068 94.7289 5
      vertex 47.8068 94.7289 4.2
    endloop
  endfacet
  facet normal -0.736782 0.676131 0
    outer loop
      vertex 47.8068 94.7289 5
      vertex 47.6485 94.5564 4.2
      vertex 47.6485 94.5564 5
    endloop
  endfacet
  facet normal -0.425761 0.904836 0
    outer loop
      vertex 48.0478 94.8423 4.2
      vertex 47.8068 94.7289 5
      vertex 48.0478 94.8423 5
    endloop
  endfacet
  facet normal -0.425761 0.904836 0
    outer loop
      vertex 47.8068 94.7289 5
      vertex 48.0478 94.8423 4.2
      vertex 47.8068 94.7289 4.2
    endloop
  endfacet
  facet normal -0.194302 0.980942 0
    outer loop
      vertex 48.3911 94.9103 4.2
      vertex 48.0478 94.8423 5
      vertex 48.3911 94.9103 5
    endloop
  endfacet
  facet normal -0.194302 0.980942 0
    outer loop
      vertex 48.0478 94.8423 5
      vertex 48.3911 94.9103 4.2
      vertex 48.0478 94.8423 4.2
    endloop
  endfacet
  facet normal -0.0508652 0.998706 0
    outer loop
      vertex 48.8368 94.933 4.2
      vertex 48.3911 94.9103 5
      vertex 48.8368 94.933 5
    endloop
  endfacet
  facet normal -0.0508652 0.998706 0
    outer loop
      vertex 48.3911 94.9103 5
      vertex 48.8368 94.933 4.2
      vertex 48.3911 94.9103 4.2
    endloop
  endfacet
  facet normal 0 1 -0
    outer loop
      vertex 52.0931 94.933 4.2
      vertex 48.8368 94.933 5
      vertex 52.0931 94.933 5
    endloop
  endfacet
  facet normal 0 1 0
    outer loop
      vertex 48.8368 94.933 5
      vertex 52.0931 94.933 4.2
      vertex 48.8368 94.933 4.2
    endloop
  endfacet
  facet normal -1 0 0
    outer loop
      vertex 52.0931 94.933 4.2
      vertex 52.0931 95.7779 5
      vertex 52.0931 95.7779 4.2
    endloop
  endfacet
  facet normal -1 -0 0
    outer loop
      vertex 52.0931 95.7779 5
      vertex 52.0931 94.933 4.2
      vertex 52.0931 94.933 5
    endloop
  endfacet
  facet normal 0 -1 0
    outer loop
      vertex 48.6706 95.7779 4.2
      vertex 52.0931 95.7779 5
      vertex 48.6706 95.7779 5
    endloop
  endfacet
  facet normal 0 -1 -0
    outer loop
      vertex 52.0931 95.7779 5
      vertex 48.6706 95.7779 4.2
      vertex 52.0931 95.7779 4.2
    endloop
  endfacet
  facet normal 0.0673378 -0.99773 0
    outer loop
      vertex 48.0883 95.7386 4.2
      vertex 48.6706 95.7779 5
      vertex 48.0883 95.7386 5
    endloop
  endfacet
  facet normal 0.0673378 -0.99773 0
    outer loop
      vertex 48.6706 95.7779 5
      vertex 48.0883 95.7386 4.2
      vertex 48.6706 95.7779 4.2
    endloop
  endfacet
  facet normal 0.24727 -0.968947 0
    outer loop
      vertex 47.6263 95.6207 4.2
      vertex 48.0883 95.7386 5
      vertex 47.6263 95.6207 5
    endloop
  endfacet
  facet normal 0.24727 -0.968947 0
    outer loop
      vertex 48.0883 95.7386 5
      vertex 47.6263 95.6207 4.2
      vertex 48.0883 95.7386 4.2
    endloop
  endfacet
  facet normal 0.498214 -0.867054 0
    outer loop
      vertex 47.2845 95.4243 4.2
      vertex 47.6263 95.6207 5
      vertex 47.2845 95.4243 5
    endloop
  endfacet
  facet normal 0.498214 -0.867054 0
    outer loop
      vertex 47.6263 95.6207 5
      vertex 47.2845 95.4243 4.2
      vertex 47.6263 95.6207 4.2
    endloop
  endfacet
  facet normal 0.769869 -0.638202 0
    outer loop
      vertex 47.0499 95.1413 5
      vertex 47.2845 95.4243 4.2
      vertex 47.2845 95.4243 5
    endloop
  endfacet
  facet normal 0.769869 -0.638202 0
    outer loop
      vertex 47.2845 95.4243 4.2
      vertex 47.0499 95.1413 5
      vertex 47.0499 95.1413 4.2
    endloop
  endfacet
  facet normal 0.936838 -0.349763 0
    outer loop
      vertex 46.909 94.7639 5
      vertex 47.0499 95.1413 4.2
      vertex 47.0499 95.1413 5
    endloop
  endfacet
  facet normal 0.936838 -0.349763 0
    outer loop
      vertex 47.0499 95.1413 4.2
      vertex 46.909 94.7639 5
      vertex 46.909 94.7639 4.2
    endloop
  endfacet
  facet normal 0.995093 -0.0989398 0
    outer loop
      vertex 46.8621 94.2922 5
      vertex 46.909 94.7639 4.2
      vertex 46.909 94.7639 5
    endloop
  endfacet
  facet normal 0.995093 -0.0989398 0
    outer loop
      vertex 46.909 94.7639 4.2
      vertex 46.8621 94.2922 5
      vertex 46.8621 94.2922 4.2
    endloop
  endfacet
  facet normal 0.997243 0.0742066 0
    outer loop
      vertex 46.8874 93.9522 5
      vertex 46.8621 94.2922 4.2
      vertex 46.8621 94.2922 5
    endloop
  endfacet
  facet normal 0.997243 0.0742066 0
    outer loop
      vertex 46.8621 94.2922 4.2
      vertex 46.8874 93.9522 5
      vertex 46.8874 93.9522 4.2
    endloop
  endfacet
  facet normal 0.970255 0.242086 0
    outer loop
      vertex 46.9634 93.6476 5
      vertex 46.8874 93.9522 4.2
      vertex 46.8874 93.9522 5
    endloop
  endfacet
  facet normal 0.970255 0.242086 0
    outer loop
      vertex 46.8874 93.9522 4.2
      vertex 46.9634 93.6476 5
      vertex 46.9634 93.6476 4.2
    endloop
  endfacet
  facet normal 0.904925 0.42557 0
    outer loop
      vertex 47.09 93.3784 5
      vertex 46.9634 93.6476 4.2
      vertex 46.9634 93.6476 5
    endloop
  endfacet
  facet normal 0.904925 0.42557 0
    outer loop
      vertex 46.9634 93.6476 4.2
      vertex 47.09 93.3784 5
      vertex 47.09 93.3784 4.2
    endloop
  endfacet
  facet normal 0.792624 0.609711 0
    outer loop
      vertex 47.274 93.1392 5
      vertex 47.09 93.3784 4.2
      vertex 47.09 93.3784 5
    endloop
  endfacet
  facet normal 0.792624 0.609711 0
    outer loop
      vertex 47.09 93.3784 4.2
      vertex 47.274 93.1392 5
      vertex 47.274 93.1392 4.2
    endloop
  endfacet
  facet normal 0.653398 0.757015 -0
    outer loop
      vertex 47.5224 92.9248 4.2
      vertex 47.274 93.1392 5
      vertex 47.5224 92.9248 5
    endloop
  endfacet
  facet normal 0.653398 0.757015 0
    outer loop
      vertex 47.274 93.1392 5
      vertex 47.5224 92.9248 4.2
      vertex 47.274 93.1392 4.2
    endloop
  endfacet
  facet normal 0.51835 0.855168 -0
    outer loop
      vertex 47.8352 92.7352 4.2
      vertex 47.5224 92.9248 5
      vertex 47.8352 92.7352 5
    endloop
  endfacet
  facet normal 0.51835 0.855168 0
    outer loop
      vertex 47.5224 92.9248 5
      vertex 47.8352 92.7352 4.2
      vertex 47.5224 92.9248 4.2
    endloop
  endfacet
  facet normal 1 -0 0
    outer loop
      vertex 47.8352 92.7209 5
      vertex 47.8352 92.7352 4.2
      vertex 47.8352 92.7352 5
    endloop
  endfacet
  facet normal 1 0 0
    outer loop
      vertex 47.8352 92.7352 4.2
      vertex 47.8352 92.7209 5
      vertex 47.8352 92.7209 4.2
    endloop
  endfacet
  facet normal 0.340395 -0.940283 0
    outer loop
      vertex 47.5272 92.6094 4.2
      vertex 47.8352 92.7209 5
      vertex 47.5272 92.6094 5
    endloop
  endfacet
  facet normal 0.340395 -0.940283 0
    outer loop
      vertex 47.8352 92.7209 5
      vertex 47.5272 92.6094 4.2
      vertex 47.8352 92.7209 4.2
    endloop
  endfacet
  facet normal 0.537803 -0.84307 0
    outer loop
      vertex 47.2803 92.4519 4.2
      vertex 47.5272 92.6094 5
      vertex 47.2803 92.4519 5
    endloop
  endfacet
  facet normal 0.537803 -0.84307 0
    outer loop
      vertex 47.5272 92.6094 5
      vertex 47.2803 92.4519 4.2
      vertex 47.5272 92.6094 4.2
    endloop
  endfacet
  facet normal 0.738525 -0.674226 0
    outer loop
      vertex 47.0947 92.2486 5
      vertex 47.2803 92.4519 4.2
      vertex 47.2803 92.4519 5
    endloop
  endfacet
  facet normal 0.738525 -0.674226 0
    outer loop
      vertex 47.2803 92.4519 4.2
      vertex 47.0947 92.2486 5
      vertex 47.0947 92.2486 4.2
    endloop
  endfacet
  facet normal 0.890884 -0.454231 0
    outer loop
      vertex 46.9655 91.9952 5
      vertex 47.0947 92.2486 4.2
      vertex 47.0947 92.2486 5
    endloop
  endfacet
  facet normal 0.890884 -0.454231 0
    outer loop
      vertex 47.0947 92.2486 4.2
      vertex 46.9655 91.9952 5
      vertex 46.9655 91.9952 4.2
    endloop
  endfacet
  facet normal 0.969659 -0.244462 0
    outer loop
      vertex 46.8879 91.6874 5
      vertex 46.9655 91.9952 4.2
      vertex 46.9655 91.9952 5
    endloop
  endfacet
  facet normal 0.969659 -0.244462 0
    outer loop
      vertex 46.9655 91.9952 4.2
      vertex 46.8879 91.6874 5
      vertex 46.8879 91.6874 4.2
    endloop
  endfacet
  facet normal 0.997471 -0.0710709 0
    outer loop
      vertex 46.8621 91.3253 5
      vertex 46.8879 91.6874 4.2
      vertex 46.8879 91.6874 5
    endloop
  endfacet
  facet normal 0.997471 -0.0710709 0
    outer loop
      vertex 46.8879 91.6874 4.2
      vertex 46.8621 91.3253 5
      vertex 46.8621 91.3253 4.2
    endloop
  endfacet
  facet normal 0.99734 0.0728861 0
    outer loop
      vertex 46.8858 91.001 5
      vertex 46.8621 91.3253 4.2
      vertex 46.8621 91.3253 5
    endloop
  endfacet
  facet normal 0.99734 0.0728861 0
    outer loop
      vertex 46.8621 91.3253 4.2
      vertex 46.8858 91.001 5
      vertex 46.8858 91.001 4.2
    endloop
  endfacet
  facet normal 0.970985 0.239141 0
    outer loop
      vertex 46.9571 90.7115 5
      vertex 46.8858 91.001 4.2
      vertex 46.8858 91.001 5
    endloop
  endfacet
  facet normal 0.970985 0.239141 0
    outer loop
      vertex 46.8858 91.001 4.2
      vertex 46.9571 90.7115 5
      vertex 46.9571 90.7115 4.2
    endloop
  endfacet
  facet normal 0.906601 0.421989 0
    outer loop
      vertex 47.0757 90.4567 5
      vertex 46.9571 90.7115 4.2
      vertex 46.9571 90.7115 5
    endloop
  endfacet
  facet normal 0.906601 0.421989 0
    outer loop
      vertex 46.9571 90.7115 4.2
      vertex 47.0757 90.4567 5
      vertex 47.0757 90.4567 4.2
    endloop
  endfacet
  facet normal 0.786581 0.617487 0
    outer loop
      vertex 47.255 90.2283 5
      vertex 47.0757 90.4567 4.2
      vertex 47.0757 90.4567 5
    endloop
  endfacet
  facet normal 0.786581 0.617487 0
    outer loop
      vertex 47.0757 90.4567 4.2
      vertex 47.255 90.2283 5
      vertex 47.255 90.2283 4.2
    endloop
  endfacet
  facet normal 0.639108 0.769117 -0
    outer loop
      vertex 47.5082 90.0179 4.2
      vertex 47.255 90.2283 5
      vertex 47.5082 90.0179 5
    endloop
  endfacet
  facet normal 0.639108 0.769117 0
    outer loop
      vertex 47.255 90.2283 5
      vertex 47.5082 90.0179 4.2
      vertex 47.255 90.2283 4.2
    endloop
  endfacet
  facet normal 0.507308 0.861765 -0
    outer loop
      vertex 47.8352 89.8254 4.2
      vertex 47.5082 90.0179 5
      vertex 47.8352 89.8254 5
    endloop
  endfacet
  facet normal 0.507308 0.861765 0
    outer loop
      vertex 47.5082 90.0179 5
      vertex 47.8352 89.8254 4.2
      vertex 47.5082 90.0179 4.2
    endloop
  endfacet
  facet normal 1 -0 0
    outer loop
      vertex 47.8352 89.8111 5
      vertex 47.8352 89.8254 4.2
      vertex 47.8352 89.8254 5
    endloop
  endfacet
  facet normal 1 0 0
    outer loop
      vertex 47.8352 89.8254 4.2
      vertex 47.8352 89.8111 5
      vertex 47.8352 89.8111 4.2
    endloop
  endfacet
  facet normal 0.026848 -0.99964 0
    outer loop
      vertex 47.6118 89.8051 4.2
      vertex 47.8352 89.8111 5
      vertex 47.6118 89.8051 5
    endloop
  endfacet
  facet normal 0.026848 -0.99964 0
    outer loop
      vertex 47.8352 89.8111 5
      vertex 47.6118 89.8051 4.2
      vertex 47.8352 89.8111 4.2
    endloop
  endfacet
  facet normal 0.032904 -0.999459 0
    outer loop
      vertex 47.4417 89.7995 4.2
      vertex 47.6118 89.8051 5
      vertex 47.4417 89.7995 5
    endloop
  endfacet
  facet normal 0.032904 -0.999459 0
    outer loop
      vertex 47.6118 89.8051 5
      vertex 47.4417 89.7995 4.2
      vertex 47.6118 89.8051 4.2
    endloop
  endfacet
  facet normal 0.042769 -0.999085 0
    outer loop
      vertex 47.3249 89.7945 4.2
      vertex 47.4417 89.7995 5
      vertex 47.3249 89.7945 5
    endloop
  endfacet
  facet normal 0.042769 -0.999085 0
    outer loop
      vertex 47.4417 89.7995 5
      vertex 47.3249 89.7945 4.2
      vertex 47.4417 89.7995 4.2
    endloop
  endfacet
  facet normal 0.0518333 -0.998656 0
    outer loop
      vertex 47.2382 89.79 4.2
      vertex 47.3249 89.7945 5
      vertex 47.2382 89.79 5
    endloop
  endfacet
  facet normal 0.0518333 -0.998656 0
    outer loop
      vertex 47.3249 89.7945 5
      vertex 47.2382 89.79 4.2
      vertex 47.3249 89.7945 4.2
    endloop
  endfacet
  facet normal 0.048753 -0.998811 0
    outer loop
      vertex 47.1583 89.7861 4.2
      vertex 47.2382 89.79 5
      vertex 47.1583 89.7861 5
    endloop
  endfacet
  facet normal 0.048753 -0.998811 0
    outer loop
      vertex 47.2382 89.79 5
      vertex 47.1583 89.7861 4.2
      vertex 47.2382 89.79 4.2
    endloop
  endfacet
  facet normal 0.0478248 -0.998856 0
    outer loop
      vertex 47.0852 89.7826 4.2
      vertex 47.1583 89.7861 5
      vertex 47.0852 89.7826 5
    endloop
  endfacet
  facet normal 0.0478248 -0.998856 0
    outer loop
      vertex 47.1583 89.7861 5
      vertex 47.0852 89.7826 4.2
      vertex 47.1583 89.7861 4.2
    endloop
  endfacet
  facet normal 0.0526452 -0.998613 0
    outer loop
      vertex 47.0245 89.7794 4.2
      vertex 47.0852 89.7826 5
      vertex 47.0245 89.7794 5
    endloop
  endfacet
  facet normal 0.0526452 -0.998613 0
    outer loop
      vertex 47.0852 89.7826 5
      vertex 47.0245 89.7794 4.2
      vertex 47.0852 89.7826 4.2
    endloop
  endfacet
  facet normal 0.072409 -0.997375 0
    outer loop
      vertex 46.9818 89.7763 4.2
      vertex 47.0245 89.7794 5
      vertex 46.9818 89.7763 5
    endloop
  endfacet
  facet normal 0.072409 -0.997375 0
    outer loop
      vertex 47.0245 89.7794 5
      vertex 46.9818 89.7763 4.2
      vertex 47.0245 89.7794 4.2
    endloop
  endfacet
  facet normal 0.124035 -0.992278 0
    outer loop
      vertex 46.957 89.7732 4.2
      vertex 46.9818 89.7763 5
      vertex 46.957 89.7732 5
    endloop
  endfacet
  facet normal 0.124035 -0.992278 0
    outer loop
      vertex 46.9818 89.7763 5
      vertex 46.957 89.7732 4.2
      vertex 46.9818 89.7763 4.2
    endloop
  endfacet
  facet normal 1 -0 0
    outer loop
      vertex 46.957 88.9662 5
      vertex 46.957 89.7732 4.2
      vertex 46.957 89.7732 5
    endloop
  endfacet
  facet normal 1 0 0
    outer loop
      vertex 46.957 89.7732 4.2
      vertex 46.957 88.9662 5
      vertex 46.957 88.9662 4.2
    endloop
  endfacet
  facet normal -0.0748488 0.997195 0
    outer loop
      vertex 47.1675 88.982 4.2
      vertex 46.957 88.9662 5
      vertex 47.1675 88.982 5
    endloop
  endfacet
  facet normal -0.0748488 0.997195 0
    outer loop
      vertex 46.957 88.9662 5
      vertex 47.1675 88.982 4.2
      vertex 46.957 88.9662 4.2
    endloop
  endfacet
  facet normal -0.025983 0.999662 0
    outer loop
      vertex 47.533 88.9915 4.2
      vertex 47.1675 88.982 5
      vertex 47.533 88.9915 5
    endloop
  endfacet
  facet normal -0.025983 0.999662 0
    outer loop
      vertex 47.1675 88.982 5
      vertex 47.533 88.9915 4.2
      vertex 47.1675 88.982 4.2
    endloop
  endfacet
  facet normal -0.00595456 0.999982 0
    outer loop
      vertex 48.0536 88.9946 4.2
      vertex 47.533 88.9915 5
      vertex 48.0536 88.9946 5
    endloop
  endfacet
  facet normal -0.00595456 0.999982 0
    outer loop
      vertex 47.533 88.9915 5
      vertex 48.0536 88.9946 4.2
      vertex 47.533 88.9915 4.2
    endloop
  endfacet
  facet normal 0 1 -0
    outer loop
      vertex 52.0931 88.9946 4.2
      vertex 48.0536 88.9946 5
      vertex 52.0931 88.9946 5
    endloop
  endfacet
  facet normal 0 1 0
    outer loop
      vertex 48.0536 88.9946 5
      vertex 52.0931 88.9946 4.2
      vertex 48.0536 88.9946 4.2
    endloop
  endfacet
  facet normal -1 0 0
    outer loop
      vertex 52.0931 88.9946 4.2
      vertex 52.0931 89.8444 5
      vertex 52.0931 89.8444 4.2
    endloop
  endfacet
  facet normal -1 -0 0
    outer loop
      vertex 52.0931 89.8444 5
      vertex 52.0931 88.9946 4.2
      vertex 52.0931 88.9946 5
    endloop
  endfacet
  facet normal 0 -1 0
    outer loop
      vertex 49.1169 89.8444 4.2
      vertex 52.0931 89.8444 5
      vertex 49.1169 89.8444 5
    endloop
  endfacet
  facet normal 0 -1 -0
    outer loop
      vertex 52.0931 89.8444 5
      vertex 49.1169 89.8444 4.2
      vertex 52.0931 89.8444 4.2
    endloop
  endfacet
  facet normal -0.0751498 -0.997172 0
    outer loop
      vertex 48.6485 97.7886 4.2
      vertex 49.1169 97.7533 5
      vertex 48.6485 97.7886 5
    endloop
  endfacet
  facet normal -0.0751498 -0.997172 -0
    outer loop
      vertex 49.1169 97.7533 5
      vertex 48.6485 97.7886 4.2
      vertex 49.1169 97.7533 4.2
    endloop
  endfacet
  facet normal -0.260785 -0.965397 0
    outer loop
      vertex 48.2561 97.8946 4.2
      vertex 48.6485 97.7886 5
      vertex 48.2561 97.8946 5
    endloop
  endfacet
  facet normal -0.260785 -0.965397 -0
    outer loop
      vertex 48.6485 97.7886 5
      vertex 48.2561 97.8946 4.2
      vertex 48.6485 97.7886 4.2
    endloop
  endfacet
  facet normal -0.487586 -0.873075 0
    outer loop
      vertex 47.9397 98.0713 4.2
      vertex 48.2561 97.8946 5
      vertex 47.9397 98.0713 5
    endloop
  endfacet
  facet normal -0.487586 -0.873075 -0
    outer loop
      vertex 48.2561 97.8946 5
      vertex 47.9397 98.0713 4.2
      vertex 48.2561 97.8946 4.2
    endloop
  endfacet
  facet normal -0.714896 -0.699231 0
    outer loop
      vertex 47.9397 98.0713 4.2
      vertex 47.7076 98.3086 5
      vertex 47.7076 98.3086 4.2
    endloop
  endfacet
  facet normal -0.714896 -0.699231 0
    outer loop
      vertex 47.7076 98.3086 5
      vertex 47.9397 98.0713 4.2
      vertex 47.9397 98.0713 5
    endloop
  endfacet
  facet normal -0.900226 -0.435422 0
    outer loop
      vertex 47.7076 98.3086 4.2
      vertex 47.5683 98.5966 5
      vertex 47.5683 98.5966 4.2
    endloop
  endfacet
  facet normal -0.900226 -0.435422 0
    outer loop
      vertex 47.5683 98.5966 5
      vertex 47.7076 98.3086 4.2
      vertex 47.7076 98.3086 5
    endloop
  endfacet
  facet normal -0.990741 -0.135766 0
    outer loop
      vertex 47.5683 98.5966 4.2
      vertex 47.5219 98.9352 5
      vertex 47.5219 98.9352 4.2
    endloop
  endfacet
  facet normal -0.990741 -0.135766 0
    outer loop
      vertex 47.5219 98.9352 5
      vertex 47.5683 98.5966 4.2
      vertex 47.5683 98.5966 5
    endloop
  endfacet
  facet normal -0.995071 0.099163 0
    outer loop
      vertex 47.5219 98.9352 4.2
      vertex 47.5536 99.2533 5
      vertex 47.5536 99.2533 4.2
    endloop
  endfacet
  facet normal -0.995071 0.099163 0
    outer loop
      vertex 47.5536 99.2533 5
      vertex 47.5219 98.9352 4.2
      vertex 47.5219 98.9352 5
    endloop
  endfacet
  facet normal -0.932589 0.360941 0
    outer loop
      vertex 47.5536 99.2533 4.2
      vertex 47.6485 99.4985 5
      vertex 47.6485 99.4985 4.2
    endloop
  endfacet
  facet normal -0.932589 0.360941 0
    outer loop
      vertex 47.6485 99.4985 5
      vertex 47.5536 99.2533 4.2
      vertex 47.5536 99.2533 5
    endloop
  endfacet
  facet normal -0.736782 0.676131 0
    outer loop
      vertex 47.6485 99.4985 4.2
      vertex 47.8068 99.671 5
      vertex 47.8068 99.671 4.2
    endloop
  endfacet
  facet normal -0.736782 0.676131 0
    outer loop
      vertex 47.8068 99.671 5
      vertex 47.6485 99.4985 4.2
      vertex 47.6485 99.4985 5
    endloop
  endfacet
  facet normal -0.425761 0.904836 0
    outer loop
      vertex 48.0478 99.7844 4.2
      vertex 47.8068 99.671 5
      vertex 48.0478 99.7844 5
    endloop
  endfacet
  facet normal -0.425761 0.904836 0
    outer loop
      vertex 47.8068 99.671 5
      vertex 48.0478 99.7844 4.2
      vertex 47.8068 99.671 4.2
    endloop
  endfacet
  facet normal -0.194302 0.980942 0
    outer loop
      vertex 48.3911 99.8524 4.2
      vertex 48.0478 99.7844 5
      vertex 48.3911 99.8524 5
    endloop
  endfacet
  facet normal -0.194302 0.980942 0
    outer loop
      vertex 48.0478 99.7844 5
      vertex 48.3911 99.8524 4.2
      vertex 48.0478 99.7844 4.2
    endloop
  endfacet
  facet normal -0.0508652 0.998706 0
    outer loop
      vertex 48.8368 99.8751 4.2
      vertex 48.3911 99.8524 5
      vertex 48.8368 99.8751 5
    endloop
  endfacet
  facet normal -0.0508652 0.998706 0
    outer loop
      vertex 48.3911 99.8524 5
      vertex 48.8368 99.8751 4.2
      vertex 48.3911 99.8524 4.2
    endloop
  endfacet
  facet normal 0 1 -0
    outer loop
      vertex 52.0931 99.8751 4.2
      vertex 48.8368 99.8751 5
      vertex 52.0931 99.8751 5
    endloop
  endfacet
  facet normal 0 1 0
    outer loop
      vertex 48.8368 99.8751 5
      vertex 52.0931 99.8751 4.2
      vertex 48.8368 99.8751 4.2
    endloop
  endfacet
  facet normal -1 0 0
    outer loop
      vertex 52.0931 99.8751 4.2
      vertex 52.0931 100.72 5
      vertex 52.0931 100.72 4.2
    endloop
  endfacet
  facet normal -1 -0 0
    outer loop
      vertex 52.0931 100.72 5
      vertex 52.0931 99.8751 4.2
      vertex 52.0931 99.8751 5
    endloop
  endfacet
  facet normal 0 -1 0
    outer loop
      vertex 49.1169 100.72 4.2
      vertex 52.0931 100.72 5
      vertex 49.1169 100.72 5
    endloop
  endfacet
  facet normal 0 -1 -0
    outer loop
      vertex 52.0931 100.72 5
      vertex 49.1169 100.72 4.2
      vertex 52.0931 100.72 4.2
    endloop
  endfacet
  facet normal -0.074137 -0.997248 0
    outer loop
      vertex 48.6461 100.755 4.2
      vertex 49.1169 100.72 5
      vertex 48.6461 100.755 5
    endloop
  endfacet
  facet normal -0.074137 -0.997248 -0
    outer loop
      vertex 49.1169 100.72 5
      vertex 48.6461 100.755 4.2
      vertex 49.1169 100.72 4.2
    endloop
  endfacet
  facet normal -0.253403 -0.967361 0
    outer loop
      vertex 48.2529 100.858 4.2
      vertex 48.6461 100.755 5
      vertex 48.2529 100.858 5
    endloop
  endfacet
  facet normal -0.253403 -0.967361 -0
    outer loop
      vertex 48.6461 100.755 5
      vertex 48.2529 100.858 4.2
      vertex 48.6461 100.755 4.2
    endloop
  endfacet
  facet normal -0.480681 -0.876896 0
    outer loop
      vertex 47.9373 101.031 4.2
      vertex 48.2529 100.858 5
      vertex 47.9373 101.031 5
    endloop
  endfacet
  facet normal -0.480681 -0.876896 -0
    outer loop
      vertex 48.2529 100.858 5
      vertex 47.9373 101.031 4.2
      vertex 48.2529 100.858 4.2
    endloop
  endfacet
  facet normal -0.713454 -0.700702 0
    outer loop
      vertex 47.9373 101.031 4.2
      vertex 47.7065 101.266 5
      vertex 47.7065 101.266 4.2
    endloop
  endfacet
  facet normal -0.713454 -0.700702 0
    outer loop
      vertex 47.7065 101.266 5
      vertex 47.9373 101.031 4.2
      vertex 47.9373 101.031 5
    endloop
  endfacet
  facet normal -0.902492 -0.430707 0
    outer loop
      vertex 47.7065 101.266 4.2
      vertex 47.5681 101.556 5
      vertex 47.5681 101.556 4.2
    endloop
  endfacet
  facet normal -0.902492 -0.430707 0
    outer loop
      vertex 47.5681 101.556 5
      vertex 47.7065 101.266 4.2
      vertex 47.7065 101.266 5
    endloop
  endfacet
  facet normal -0.991203 -0.132351 0
    outer loop
      vertex 47.5681 101.556 4.2
      vertex 47.5219 101.902 5
      vertex 47.5219 101.902 4.2
    endloop
  endfacet
  facet normal -0.991203 -0.132351 0
    outer loop
      vertex 47.5219 101.902 5
      vertex 47.5681 101.556 4.2
      vertex 47.5681 101.556 5
    endloop
  endfacet
  facet normal -0.995068 0.0991939 0
    outer loop
      vertex 47.5219 101.902 4.2
      vertex 47.5536 102.22 5
      vertex 47.5536 102.22 4.2
    endloop
  endfacet
  facet normal -0.995068 0.0991939 0
    outer loop
      vertex 47.5536 102.22 5
      vertex 47.5219 101.902 4.2
      vertex 47.5219 101.902 5
    endloop
  endfacet
  facet normal -0.93249 0.361197 0
    outer loop
      vertex 47.5536 102.22 4.2
      vertex 47.6485 102.465 5
      vertex 47.6485 102.465 4.2
    endloop
  endfacet
  facet normal -0.93249 0.361197 0
    outer loop
      vertex 47.6485 102.465 5
      vertex 47.5536 102.22 4.2
      vertex 47.5536 102.22 5
    endloop
  endfacet
  facet normal -0.737756 0.675068 0
    outer loop
      vertex 47.6485 102.465 4.2
      vertex 47.8068 102.638 5
      vertex 47.8068 102.638 4.2
    endloop
  endfacet
  facet normal -0.737756 0.675068 0
    outer loop
      vertex 47.8068 102.638 5
      vertex 47.6485 102.465 4.2
      vertex 47.6485 102.465 5
    endloop
  endfacet
  facet normal -0.42453 0.905414 0
    outer loop
      vertex 48.0478 102.751 4.2
      vertex 47.8068 102.638 5
      vertex 48.0478 102.751 5
    endloop
  endfacet
  facet normal -0.42453 0.905414 0
    outer loop
      vertex 47.8068 102.638 5
      vertex 48.0478 102.751 4.2
      vertex 47.8068 102.638 4.2
    endloop
  endfacet
  facet normal -0.194302 0.980942 0
    outer loop
      vertex 48.3911 102.819 4.2
      vertex 48.0478 102.751 5
      vertex 48.3911 102.819 5
    endloop
  endfacet
  facet normal -0.194302 0.980942 0
    outer loop
      vertex 48.0478 102.751 5
      vertex 48.3911 102.819 4.2
      vertex 48.0478 102.751 4.2
    endloop
  endfacet
  facet normal -0.0515356 0.998671 0
    outer loop
      vertex 48.8368 102.842 4.2
      vertex 48.3911 102.819 5
      vertex 48.8368 102.842 5
    endloop
  endfacet
  facet normal -0.0515356 0.998671 0
    outer loop
      vertex 48.3911 102.819 5
      vertex 48.8368 102.842 4.2
      vertex 48.3911 102.819 4.2
    endloop
  endfacet
  facet normal 0 1 -0
    outer loop
      vertex 52.0931 102.842 4.2
      vertex 48.8368 102.842 5
      vertex 52.0931 102.842 5
    endloop
  endfacet
  facet normal 0 1 0
    outer loop
      vertex 48.8368 102.842 5
      vertex 52.0931 102.842 4.2
      vertex 48.8368 102.842 4.2
    endloop
  endfacet
  facet normal -1 0 0
    outer loop
      vertex 52.0931 102.842 4.2
      vertex 52.0931 103.687 5
      vertex 52.0931 103.687 4.2
    endloop
  endfacet
  facet normal -1 -0 0
    outer loop
      vertex 52.0931 103.687 5
      vertex 52.0931 102.842 4.2
      vertex 52.0931 102.842 5
    endloop
  endfacet
  facet normal 0 -1 0
    outer loop
      vertex 48.6706 103.687 4.2
      vertex 52.0931 103.687 5
      vertex 48.6706 103.687 5
    endloop
  endfacet
  facet normal 0 -1 -0
    outer loop
      vertex 52.0931 103.687 5
      vertex 48.6706 103.687 4.2
      vertex 52.0931 103.687 4.2
    endloop
  endfacet
  facet normal 0.0668261 -0.997765 0
    outer loop
      vertex 48.0883 103.648 4.2
      vertex 48.6706 103.687 5
      vertex 48.0883 103.648 5
    endloop
  endfacet
  facet normal 0.0668261 -0.997765 0
    outer loop
      vertex 48.6706 103.687 5
      vertex 48.0883 103.648 4.2
      vertex 48.6706 103.687 4.2
    endloop
  endfacet
  facet normal 0.247467 -0.968896 0
    outer loop
      vertex 47.6263 103.53 4.2
      vertex 48.0883 103.648 5
      vertex 47.6263 103.53 5
    endloop
  endfacet
  facet normal 0.247467 -0.968896 0
    outer loop
      vertex 48.0883 103.648 5
      vertex 47.6263 103.53 4.2
      vertex 48.0883 103.648 4.2
    endloop
  endfacet
  facet normal 0.499357 -0.866397 0
    outer loop
      vertex 47.2845 103.333 4.2
      vertex 47.6263 103.53 5
      vertex 47.2845 103.333 5
    endloop
  endfacet
  facet normal 0.499357 -0.866397 0
    outer loop
      vertex 47.6263 103.53 5
      vertex 47.2845 103.333 4.2
      vertex 47.6263 103.53 4.2
    endloop
  endfacet
  facet normal 0.769869 -0.638202 0
    outer loop
      vertex 47.0499 103.05 5
      vertex 47.2845 103.333 4.2
      vertex 47.2845 103.333 5
    endloop
  endfacet
  facet normal 0.769869 -0.638202 0
    outer loop
      vertex 47.2845 103.333 4.2
      vertex 47.0499 103.05 5
      vertex 47.0499 103.05 4.2
    endloop
  endfacet
  facet normal 0.936717 -0.350089 0
    outer loop
      vertex 46.909 102.673 5
      vertex 47.0499 103.05 4.2
      vertex 47.0499 103.05 5
    endloop
  endfacet
  facet normal 0.936717 -0.350089 0
    outer loop
      vertex 47.0499 103.05 4.2
      vertex 46.909 102.673 5
      vertex 46.909 102.673 4.2
    endloop
  endfacet
  facet normal 0.9951 -0.0988775 0
    outer loop
      vertex 46.8621 102.201 5
      vertex 46.909 102.673 4.2
      vertex 46.909 102.673 5
    endloop
  endfacet
  facet normal 0.9951 -0.0988775 0
    outer loop
      vertex 46.909 102.673 4.2
      vertex 46.8621 102.201 5
      vertex 46.8621 102.201 4.2
    endloop
  endfacet
  facet normal 0.997243 0.0742066 0
    outer loop
      vertex 46.8874 101.861 5
      vertex 46.8621 102.201 4.2
      vertex 46.8621 102.201 5
    endloop
  endfacet
  facet normal 0.997243 0.0742066 0
    outer loop
      vertex 46.8621 102.201 4.2
      vertex 46.8874 101.861 5
      vertex 46.8874 101.861 4.2
    endloop
  endfacet
  facet normal 0.970143 0.242536 0
    outer loop
      vertex 46.9634 101.557 5
      vertex 46.8874 101.861 4.2
      vertex 46.8874 101.861 5
    endloop
  endfacet
  facet normal 0.970143 0.242536 0
    outer loop
      vertex 46.8874 101.861 4.2
      vertex 46.9634 101.557 5
      vertex 46.9634 101.557 4.2
    endloop
  endfacet
  facet normal 0.905411 0.424537 0
    outer loop
      vertex 47.09 101.287 5
      vertex 46.9634 101.557 4.2
      vertex 46.9634 101.557 5
    endloop
  endfacet
  facet normal 0.905411 0.424537 0
    outer loop
      vertex 46.9634 101.557 4.2
      vertex 47.09 101.287 5
      vertex 47.09 101.287 4.2
    endloop
  endfacet
  facet normal 0.792377 0.610031 0
    outer loop
      vertex 47.274 101.048 5
      vertex 47.09 101.287 4.2
      vertex 47.09 101.287 5
    endloop
  endfacet
  facet normal 0.792377 0.610031 0
    outer loop
      vertex 47.09 101.287 4.2
      vertex 47.274 101.048 5
      vertex 47.274 101.048 4.2
    endloop
  endfacet
  facet normal 0.652698 0.757618 -0
    outer loop
      vertex 47.5224 100.834 4.2
      vertex 47.274 101.048 5
      vertex 47.5224 100.834 5
    endloop
  endfacet
  facet normal 0.652698 0.757618 0
    outer loop
      vertex 47.274 101.048 5
      vertex 47.5224 100.834 4.2
      vertex 47.274 101.048 4.2
    endloop
  endfacet
  facet normal 0.519149 0.854684 -0
    outer loop
      vertex 47.8352 100.644 4.2
      vertex 47.5224 100.834 5
      vertex 47.8352 100.644 5
    endloop
  endfacet
  facet normal 0.519149 0.854684 0
    outer loop
      vertex 47.5224 100.834 5
      vertex 47.8352 100.644 4.2
      vertex 47.5224 100.834 4.2
    endloop
  endfacet
  facet normal 1 -0 0
    outer loop
      vertex 47.8352 100.63 5
      vertex 47.8352 100.644 4.2
      vertex 47.8352 100.644 5
    endloop
  endfacet
  facet normal 1 0 0
    outer loop
      vertex 47.8352 100.644 4.2
      vertex 47.8352 100.63 5
      vertex 47.8352 100.63 4.2
    endloop
  endfacet
  facet normal 0.341743 -0.939793 0
    outer loop
      vertex 47.5272 100.518 4.2
      vertex 47.8352 100.63 5
      vertex 47.5272 100.518 5
    endloop
  endfacet
  facet normal 0.341743 -0.939793 0
    outer loop
      vertex 47.8352 100.63 5
      vertex 47.5272 100.518 4.2
      vertex 47.8352 100.63 4.2
    endloop
  endfacet
  facet normal 0.536588 -0.843844 0
    outer loop
      vertex 47.2803 100.361 4.2
      vertex 47.5272 100.518 5
      vertex 47.2803 100.361 5
    endloop
  endfacet
  facet normal 0.536588 -0.843844 0
    outer loop
      vertex 47.5272 100.518 5
      vertex 47.2803 100.361 4.2
      vertex 47.5272 100.518 4.2
    endloop
  endfacet
  facet normal 0.739678 -0.672961 0
    outer loop
      vertex 47.0947 100.157 5
      vertex 47.2803 100.361 4.2
      vertex 47.2803 100.361 5
    endloop
  endfacet
  facet normal 0.739678 -0.672961 0
    outer loop
      vertex 47.2803 100.361 4.2
      vertex 47.0947 100.157 5
      vertex 47.0947 100.157 4.2
    endloop
  endfacet
  facet normal 0.89052 -0.454944 0
    outer loop
      vertex 46.9655 99.9041 5
      vertex 47.0947 100.157 4.2
      vertex 47.0947 100.157 5
    endloop
  endfacet
  facet normal 0.89052 -0.454944 0
    outer loop
      vertex 47.0947 100.157 4.2
      vertex 46.9655 99.9041 5
      vertex 46.9655 99.9041 4.2
    endloop
  endfacet
  facet normal 0.969659 -0.244462 0
    outer loop
      vertex 46.8879 99.5963 5
      vertex 46.9655 99.9041 4.2
      vertex 46.9655 99.9041 5
    endloop
  endfacet
  facet normal 0.969659 -0.244462 0
    outer loop
      vertex 46.9655 99.9041 4.2
      vertex 46.8879 99.5963 5
      vertex 46.8879 99.5963 4.2
    endloop
  endfacet
  facet normal 0.99747 -0.0710904 0
    outer loop
      vertex 46.8621 99.2343 5
      vertex 46.8879 99.5963 4.2
      vertex 46.8879 99.5963 5
    endloop
  endfacet
  facet normal 0.99747 -0.0710904 0
    outer loop
      vertex 46.8879 99.5963 4.2
      vertex 46.8621 99.2343 5
      vertex 46.8621 99.2343 4.2
    endloop
  endfacet
  facet normal 0.997342 0.0728638 0
    outer loop
      vertex 46.8858 98.9099 5
      vertex 46.8621 99.2343 4.2
      vertex 46.8621 99.2343 5
    endloop
  endfacet
  facet normal 0.997342 0.0728638 0
    outer loop
      vertex 46.8621 99.2343 4.2
      vertex 46.8858 98.9099 5
      vertex 46.8858 98.9099 4.2
    endloop
  endfacet
  facet normal 0.970985 0.239141 0
    outer loop
      vertex 46.9571 98.6204 5
      vertex 46.8858 98.9099 4.2
      vertex 46.8858 98.9099 5
    endloop
  endfacet
  facet normal 0.970985 0.239141 0
    outer loop
      vertex 46.8858 98.9099 4.2
      vertex 46.9571 98.6204 5
      vertex 46.9571 98.6204 4.2
    endloop
  endfacet
  facet normal 0.906601 0.421989 0
    outer loop
      vertex 47.0757 98.3656 5
      vertex 46.9571 98.6204 4.2
      vertex 46.9571 98.6204 5
    endloop
  endfacet
  facet normal 0.906601 0.421989 0
    outer loop
      vertex 46.9571 98.6204 4.2
      vertex 47.0757 98.3656 5
      vertex 47.0757 98.3656 4.2
    endloop
  endfacet
  facet normal 0.78645 0.617654 0
    outer loop
      vertex 47.255 98.1373 5
      vertex 47.0757 98.3656 4.2
      vertex 47.0757 98.3656 5
    endloop
  endfacet
  facet normal 0.78645 0.617654 0
    outer loop
      vertex 47.0757 98.3656 4.2
      vertex 47.255 98.1373 5
      vertex 47.255 98.1373 4.2
    endloop
  endfacet
  facet normal 0.639288 0.768968 -0
    outer loop
      vertex 47.5082 97.9268 4.2
      vertex 47.255 98.1373 5
      vertex 47.5082 97.9268 5
    endloop
  endfacet
  facet normal 0.639288 0.768968 0
    outer loop
      vertex 47.255 98.1373 5
      vertex 47.5082 97.9268 4.2
      vertex 47.255 98.1373 4.2
    endloop
  endfacet
  facet normal 0.507308 0.861765 -0
    outer loop
      vertex 47.8352 97.7343 4.2
      vertex 47.5082 97.9268 5
      vertex 47.8352 97.7343 5
    endloop
  endfacet
  facet normal 0.507308 0.861765 0
    outer loop
      vertex 47.5082 97.9268 5
      vertex 47.8352 97.7343 4.2
      vertex 47.5082 97.9268 4.2
    endloop
  endfacet
  facet normal 1 -0 0
    outer loop
      vertex 47.8352 97.72 5
      vertex 47.8352 97.7343 4.2
      vertex 47.8352 97.7343 5
    endloop
  endfacet
  facet normal 1 0 0
    outer loop
      vertex 47.8352 97.7343 4.2
      vertex 47.8352 97.72 5
      vertex 47.8352 97.72 4.2
    endloop
  endfacet
  facet normal 0.026848 -0.99964 0
    outer loop
      vertex 47.6118 97.714 4.2
      vertex 47.8352 97.72 5
      vertex 47.6118 97.714 5
    endloop
  endfacet
  facet normal 0.026848 -0.99964 0
    outer loop
      vertex 47.8352 97.72 5
      vertex 47.6118 97.714 4.2
      vertex 47.8352 97.72 4.2
    endloop
  endfacet
  facet normal 0.032904 -0.999459 0
    outer loop
      vertex 47.4417 97.7084 4.2
      vertex 47.6118 97.714 5
      vertex 47.4417 97.7084 5
    endloop
  endfacet
  facet normal 0.032904 -0.999459 0
    outer loop
      vertex 47.6118 97.714 5
      vertex 47.4417 97.7084 4.2
      vertex 47.6118 97.714 4.2
    endloop
  endfacet
  facet normal 0.042769 -0.999085 0
    outer loop
      vertex 47.3249 97.7034 4.2
      vertex 47.4417 97.7084 5
      vertex 47.3249 97.7034 5
    endloop
  endfacet
  facet normal 0.042769 -0.999085 0
    outer loop
      vertex 47.4417 97.7084 5
      vertex 47.3249 97.7034 4.2
      vertex 47.4417 97.7084 4.2
    endloop
  endfacet
  facet normal 0.0518333 -0.998656 0
    outer loop
      vertex 47.2382 97.6989 4.2
      vertex 47.3249 97.7034 5
      vertex 47.2382 97.6989 5
    endloop
  endfacet
  facet normal 0.0518333 -0.998656 0
    outer loop
      vertex 47.3249 97.7034 5
      vertex 47.2382 97.6989 4.2
      vertex 47.3249 97.7034 4.2
    endloop
  endfacet
  facet normal 0.048753 -0.998811 0
    outer loop
      vertex 47.1583 97.695 4.2
      vertex 47.2382 97.6989 5
      vertex 47.1583 97.695 5
    endloop
  endfacet
  facet normal 0.048753 -0.998811 0
    outer loop
      vertex 47.2382 97.6989 5
      vertex 47.1583 97.695 4.2
      vertex 47.2382 97.6989 4.2
    endloop
  endfacet
  facet normal 0.0478248 -0.998856 0
    outer loop
      vertex 47.0852 97.6915 4.2
      vertex 47.1583 97.695 5
      vertex 47.0852 97.6915 5
    endloop
  endfacet
  facet normal 0.0478248 -0.998856 0
    outer loop
      vertex 47.1583 97.695 5
      vertex 47.0852 97.6915 4.2
      vertex 47.1583 97.695 4.2
    endloop
  endfacet
  facet normal 0.0510044 -0.998698 0
    outer loop
      vertex 47.0245 97.6884 4.2
      vertex 47.0852 97.6915 5
      vertex 47.0245 97.6884 5
    endloop
  endfacet
  facet normal 0.0510044 -0.998698 0
    outer loop
      vertex 47.0852 97.6915 5
      vertex 47.0245 97.6884 4.2
      vertex 47.0852 97.6915 4.2
    endloop
  endfacet
  facet normal 0.0747319 -0.997204 0
    outer loop
      vertex 46.9818 97.6852 4.2
      vertex 47.0245 97.6884 5
      vertex 46.9818 97.6852 5
    endloop
  endfacet
  facet normal 0.0747319 -0.997204 0
    outer loop
      vertex 47.0245 97.6884 5
      vertex 46.9818 97.6852 4.2
      vertex 47.0245 97.6884 4.2
    endloop
  endfacet
  facet normal 0.124035 -0.992278 0
    outer loop
      vertex 46.957 97.6821 4.2
      vertex 46.9818 97.6852 5
      vertex 46.957 97.6821 5
    endloop
  endfacet
  facet normal 0.124035 -0.992278 0
    outer loop
      vertex 46.9818 97.6852 5
      vertex 46.957 97.6821 4.2
      vertex 46.9818 97.6852 4.2
    endloop
  endfacet
  facet normal 1 -0 0
    outer loop
      vertex 46.957 96.8751 5
      vertex 46.957 97.6821 4.2
      vertex 46.957 97.6821 5
    endloop
  endfacet
  facet normal 1 0 0
    outer loop
      vertex 46.957 97.6821 4.2
      vertex 46.957 96.8751 5
      vertex 46.957 96.8751 4.2
    endloop
  endfacet
  facet normal -0.0748488 0.997195 0
    outer loop
      vertex 47.1675 96.8909 4.2
      vertex 46.957 96.8751 5
      vertex 47.1675 96.8909 5
    endloop
  endfacet
  facet normal -0.0748488 0.997195 0
    outer loop
      vertex 46.957 96.8751 5
      vertex 47.1675 96.8909 4.2
      vertex 46.957 96.8751 4.2
    endloop
  endfacet
  facet normal -0.025983 0.999662 0
    outer loop
      vertex 47.533 96.9004 4.2
      vertex 47.1675 96.8909 5
      vertex 47.533 96.9004 5
    endloop
  endfacet
  facet normal -0.025983 0.999662 0
    outer loop
      vertex 47.1675 96.8909 5
      vertex 47.533 96.9004 4.2
      vertex 47.1675 96.8909 4.2
    endloop
  endfacet
  facet normal -0.00595456 0.999982 0
    outer loop
      vertex 48.0536 96.9035 4.2
      vertex 47.533 96.9004 5
      vertex 48.0536 96.9035 5
    endloop
  endfacet
  facet normal -0.00595456 0.999982 0
    outer loop
      vertex 47.533 96.9004 5
      vertex 48.0536 96.9035 4.2
      vertex 47.533 96.9004 4.2
    endloop
  endfacet
  facet normal 0 1 -0
    outer loop
      vertex 52.0931 96.9035 4.2
      vertex 48.0536 96.9035 5
      vertex 52.0931 96.9035 5
    endloop
  endfacet
  facet normal 0 1 0
    outer loop
      vertex 48.0536 96.9035 5
      vertex 52.0931 96.9035 4.2
      vertex 48.0536 96.9035 4.2
    endloop
  endfacet
  facet normal -1 0 0
    outer loop
      vertex 52.0931 96.9035 4.2
      vertex 52.0931 97.7533 5
      vertex 52.0931 97.7533 4.2
    endloop
  endfacet
  facet normal -1 -0 0
    outer loop
      vertex 52.0931 97.7533 5
      vertex 52.0931 96.9035 4.2
      vertex 52.0931 96.9035 5
    endloop
  endfacet
  facet normal 0 -1 0
    outer loop
      vertex 49.1169 97.7533 4.2
      vertex 52.0931 97.7533 5
      vertex 49.1169 97.7533 5
    endloop
  endfacet
  facet normal 0 -1 -0
    outer loop
      vertex 52.0931 97.7533 5
      vertex 49.1169 97.7533 4.2
      vertex 52.0931 97.7533 4.2
    endloop
  endfacet
  facet normal -0.548181 0.836359 0
    outer loop
      vertex 52.0931 53.0607 4.2
      vertex 49.9855 51.6793 5
      vertex 52.0931 53.0607 5
    endloop
  endfacet
  facet normal -0.548181 0.836359 0
    outer loop
      vertex 49.9855 51.6793 5
      vertex 52.0931 53.0607 4.2
      vertex 49.9855 51.6793 4.2
    endloop
  endfacet
  facet normal -1 0 0
    outer loop
      vertex 52.0931 53.0607 4.2
      vertex 52.0931 54.0148 5
      vertex 52.0931 54.0148 4.2
    endloop
  endfacet
  facet normal -1 -0 0
    outer loop
      vertex 52.0931 54.0148 5
      vertex 52.0931 53.0607 4.2
      vertex 52.0931 53.0607 5
    endloop
  endfacet
  facet normal 0.572883 -0.819637 0
    outer loop
      vertex 49.4444 52.1635 4.2
      vertex 52.0931 54.0148 5
      vertex 49.4444 52.1635 5
    endloop
  endfacet
  facet normal 0.572883 -0.819637 0
    outer loop
      vertex 52.0931 54.0148 5
      vertex 49.4444 52.1635 4.2
      vertex 52.0931 54.0148 4.2
    endloop
  endfacet
  facet normal -0.573666 -0.81909 0
    outer loop
      vertex 46.957 53.9056 4.2
      vertex 49.4444 52.1635 5
      vertex 46.957 53.9056 5
    endloop
  endfacet
  facet normal -0.573666 -0.81909 -0
    outer loop
      vertex 49.4444 52.1635 5
      vertex 46.957 53.9056 4.2
      vertex 49.4444 52.1635 4.2
    endloop
  endfacet
  facet normal 1 -0 0
    outer loop
      vertex 46.957 52.9515 5
      vertex 46.957 53.9056 4.2
      vertex 46.957 53.9056 5
    endloop
  endfacet
  facet normal 1 0 0
    outer loop
      vertex 46.957 53.9056 4.2
      vertex 46.957 52.9515 5
      vertex 46.957 52.9515 4.2
    endloop
  endfacet
  facet normal 0.537023 0.843568 -0
    outer loop
      vertex 48.9554 51.6793 4.2
      vertex 46.957 52.9515 5
      vertex 48.9554 51.6793 5
    endloop
  endfacet
  facet normal 0.537023 0.843568 0
    outer loop
      vertex 46.957 52.9515 5
      vertex 48.9554 51.6793 4.2
      vertex 46.957 52.9515 4.2
    endloop
  endfacet
  facet normal 0.539838 -0.841769 0
    outer loop
      vertex 46.957 50.3977 4.2
      vertex 48.9554 51.6793 5
      vertex 46.957 50.3977 5
    endloop
  endfacet
  facet normal 0.539838 -0.841769 0
    outer loop
      vertex 48.9554 51.6793 5
      vertex 46.957 50.3977 4.2
      vertex 48.9554 51.6793 4.2
    endloop
  endfacet
  facet normal 1 -0 0
    outer loop
      vertex 46.957 49.453 5
      vertex 46.957 50.3977 4.2
      vertex 46.957 50.3977 5
    endloop
  endfacet
  facet normal 1 0 0
    outer loop
      vertex 46.957 50.3977 4.2
      vertex 46.957 49.453 5
      vertex 46.957 49.453 4.2
    endloop
  endfacet
  facet normal -0.572236 0.820089 0
    outer loop
      vertex 49.4538 51.1952 4.2
      vertex 46.957 49.453 5
      vertex 49.4538 51.1952 5
    endloop
  endfacet
  facet normal -0.572236 0.820089 0
    outer loop
      vertex 46.957 49.453 5
      vertex 49.4538 51.1952 4.2
      vertex 46.957 49.453 4.2
    endloop
  endfacet
  facet normal 0.569293 0.822135 -0
    outer loop
      vertex 52.0931 49.3676 4.2
      vertex 49.4538 51.1952 5
      vertex 52.0931 49.3676 5
    endloop
  endfacet
  facet normal 0.569293 0.822135 0
    outer loop
      vertex 49.4538 51.1952 5
      vertex 52.0931 49.3676 4.2
      vertex 49.4538 51.1952 4.2
    endloop
  endfacet
  facet normal -1 0 0
    outer loop
      vertex 52.0931 49.3676 4.2
      vertex 52.0931 50.2885 5
      vertex 52.0931 50.2885 4.2
    endloop
  endfacet
  facet normal -1 -0 0
    outer loop
      vertex 52.0931 50.2885 5
      vertex 52.0931 49.3676 4.2
      vertex 52.0931 49.3676 5
    endloop
  endfacet
  facet normal -0.550783 -0.834649 0
    outer loop
      vertex 49.9855 51.6793 4.2
      vertex 52.0931 50.2885 5
      vertex 49.9855 51.6793 5
    endloop
  endfacet
  facet normal -0.550783 -0.834649 -0
    outer loop
      vertex 52.0931 50.2885 5
      vertex 49.9855 51.6793 4.2
      vertex 52.0931 50.2885 4.2
    endloop
  endfacet
  facet normal 1 -0 0
    outer loop
      vertex 51.0535 73.372 5
      vertex 51.0535 74.2976 4.2
      vertex 51.0535 74.2976 5
    endloop
  endfacet
  facet normal 1 0 0
    outer loop
      vertex 51.0535 74.2976 4.2
      vertex 51.0535 73.372 5
      vertex 51.0535 73.372 4.2
    endloop
  endfacet
  facet normal 0 1 -0
    outer loop
      vertex 52.0931 73.372 4.2
      vertex 51.0535 73.372 5
      vertex 52.0931 73.372 5
    endloop
  endfacet
  facet normal 0 1 0
    outer loop
      vertex 51.0535 73.372 5
      vertex 52.0931 73.372 4.2
      vertex 51.0535 73.372 4.2
    endloop
  endfacet
  facet normal -1 0 0
    outer loop
      vertex 52.0931 73.372 4.2
      vertex 52.0931 74.2976 5
      vertex 52.0931 74.2976 4.2
    endloop
  endfacet
  facet normal -1 -0 0
    outer loop
      vertex 52.0931 74.2976 5
      vertex 52.0931 73.372 4.2
      vertex 52.0931 73.372 5
    endloop
  endfacet
  facet normal 0 -1 0
    outer loop
      vertex 51.0535 74.2976 4.2
      vertex 52.0931 74.2976 5
      vertex 51.0535 74.2976 5
    endloop
  endfacet
  facet normal 0 -1 -0
    outer loop
      vertex 52.0931 74.2976 5
      vertex 51.0535 74.2976 4.2
      vertex 52.0931 74.2976 4.2
    endloop
  endfacet
  facet normal 1 -0 0
    outer loop
      vertex 51.0535 34.3098 5
      vertex 51.0535 35.2354 4.2
      vertex 51.0535 35.2354 5
    endloop
  endfacet
  facet normal 1 0 0
    outer loop
      vertex 51.0535 35.2354 4.2
      vertex 51.0535 34.3098 5
      vertex 51.0535 34.3098 4.2
    endloop
  endfacet
  facet normal 0 1 -0
    outer loop
      vertex 52.0931 34.3098 4.2
      vertex 51.0535 34.3098 5
      vertex 52.0931 34.3098 5
    endloop
  endfacet
  facet normal 0 1 0
    outer loop
      vertex 51.0535 34.3098 5
      vertex 52.0931 34.3098 4.2
      vertex 51.0535 34.3098 4.2
    endloop
  endfacet
  facet normal -1 0 0
    outer loop
      vertex 52.0931 34.3098 4.2
      vertex 52.0931 35.2354 5
      vertex 52.0931 35.2354 4.2
    endloop
  endfacet
  facet normal -1 -0 0
    outer loop
      vertex 52.0931 35.2354 5
      vertex 52.0931 34.3098 4.2
      vertex 52.0931 34.3098 5
    endloop
  endfacet
  facet normal 0 -1 0
    outer loop
      vertex 51.0535 35.2354 4.2
      vertex 52.0931 35.2354 5
      vertex 51.0535 35.2354 5
    endloop
  endfacet
  facet normal 0 -1 -0
    outer loop
      vertex 52.0931 35.2354 5
      vertex 51.0535 35.2354 4.2
      vertex 52.0931 35.2354 4.2
    endloop
  endfacet
  facet normal 1 -0 0
    outer loop
      vertex 88.9 0 5
      vertex 88.9 127 0
      vertex 88.9 127 5
    endloop
  endfacet
  facet normal 1 0 0
    outer loop
      vertex 88.9 127 0
      vertex 88.9 0 5
      vertex 88.9 0 0
    endloop
  endfacet
  facet normal -0 0 1
    outer loop
      vertex 36.7795 82.1229 5
      vertex 37.5057 81.0388 5
      vertex 38.8823 82.2225 5
    endloop
  endfacet
  facet normal 0 0 1
    outer loop
      vertex 37.5057 81.0388 5
      vertex 36.7795 82.1229 5
      vertex 36.7795 81.0388 5
    endloop
  endfacet
  facet normal 0 0 1
    outer loop
      vertex 37.4145 44.2302 5
      vertex 39.694 44.3597 5
      vertex 39.66 44.793 5
    endloop
  endfacet
  facet normal -0 0 1
    outer loop
      vertex 40.4686 44.8658 5
      vertex 42.8554 44.6303 5
      vertex 42.8201 45.0298 5
    endloop
  endfacet
  facet normal 0 0 1
    outer loop
      vertex 41.9762 45.9707 5
      vertex 42.8201 45.0298 5
      vertex 42.7141 45.3676 5
    endloop
  endfacet
  facet normal 0 0 1
    outer loop
      vertex 41.9762 45.9707 5
      vertex 42.7141 45.3676 5
      vertex 42.5374 45.6437 5
    endloop
  endfacet
  facet normal 0 0 1
    outer loop
      vertex 40.4346 44.3787 5
      vertex 42.8554 44.6303 5
      vertex 40.4686 44.8658 5
    endloop
  endfacet
  facet normal 0 0 1
    outer loop
      vertex 41.9762 45.9707 5
      vertex 42.5374 45.6437 5
      vertex 42.2911 45.8481 5
    endloop
  endfacet
  facet normal 0 0 1
    outer loop
      vertex 42.8201 45.0298 5
      vertex 41.9762 45.9707 5
      vertex 40.5707 45.2701 5
    endloop
  endfacet
  facet normal 0 0 1
    outer loop
      vertex 42.8554 44.6303 5
      vertex 40.4346 44.3787 5
      vertex 42.7236 43.8966 5
    endloop
  endfacet
  facet normal 0 0 1
    outer loop
      vertex 40.5707 45.2701 5
      vertex 41.9762 45.9707 5
      vertex 41.5928 46.0116 5
    endloop
  endfacet
  facet normal 0 0 1
    outer loop
      vertex 41.308 80.5404 5
      vertex 39.8982 79.0926 5
      vertex 41.8729 77.6828 5
    endloop
  endfacet
  facet normal 0 0 1
    outer loop
      vertex 41.8729 77.6828 5
      vertex 40.2204 78.0483 5
      vertex 40.3776 77.8489 5
    endloop
  endfacet
  facet normal 0 0 1
    outer loop
      vertex 41.8729 77.6828 5
      vertex 40.097 78.2476 5
      vertex 40.2204 78.0483 5
    endloop
  endfacet
  facet normal 0 0 1
    outer loop
      vertex 39.9414 79.5053 5
      vertex 40.2874 80.1488 5
      vertex 40.0712 79.8574 5
    endloop
  endfacet
  facet normal -0 -0 1
    outer loop
      vertex 39.9467 78.6517 5
      vertex 41.8729 77.6828 5
      vertex 39.9103 78.8669 5
    endloop
  endfacet
  facet normal 0 0 1
    outer loop
      vertex 41.8729 77.6828 5
      vertex 40.0074 78.447 5
      vertex 40.097 78.2476 5
    endloop
  endfacet
  facet normal 0 0 1
    outer loop
      vertex 40.2874 80.1488 5
      vertex 39.9414 79.5053 5
      vertex 39.8982 79.0926 5
    endloop
  endfacet
  facet normal -0 -0 1
    outer loop
      vertex 40.0074 78.447 5
      vertex 41.8729 77.6828 5
      vertex 39.9467 78.6517 5
    endloop
  endfacet
  facet normal 0 0 1
    outer loop
      vertex 41.8729 77.6828 5
      vertex 39.8982 79.0926 5
      vertex 39.9103 78.8669 5
    endloop
  endfacet
  facet normal 0 0 1
    outer loop
      vertex 39.558 45.1561 5
      vertex 37.4168 44.9633 5
      vertex 39.66 44.793 5
    endloop
  endfacet
  facet normal 0 -0 1
    outer loop
      vertex 37.4145 44.2302 5
      vertex 39.66 44.793 5
      vertex 37.3823 44.5828 5
    endloop
  endfacet
  facet normal 0 0 1
    outer loop
      vertex 37.4168 44.9633 5
      vertex 38.208 45.8009 5
      vertex 37.9256 45.6956 5
    endloop
  endfacet
  facet normal 0 0 1
    outer loop
      vertex 39.694 44.3597 5
      vertex 37.4145 44.2302 5
      vertex 38.1634 43.3336 5
    endloop
  endfacet
  facet normal 0 0 1
    outer loop
      vertex 37.5205 45.2758 5
      vertex 37.9256 45.6956 5
      vertex 37.6932 45.5203 5
    endloop
  endfacet
  facet normal 0 0 1
    outer loop
      vertex 39.694 44.3597 5
      vertex 38.1634 43.3336 5
      vertex 38.4884 43.2632 5
    endloop
  endfacet
  facet normal 0 0 1
    outer loop
      vertex 37.9256 45.6956 5
      vertex 37.5205 45.2758 5
      vertex 37.4168 44.9633 5
    endloop
  endfacet
  facet normal -0 -0 1
    outer loop
      vertex 37.511 43.9256 5
      vertex 38.1634 43.3336 5
      vertex 37.4145 44.2302 5
    endloop
  endfacet
  facet normal 0 0 1
    outer loop
      vertex 39.66 44.793 5
      vertex 37.4168 44.9633 5
      vertex 37.3823 44.5828 5
    endloop
  endfacet
  facet normal 0 0 1
    outer loop
      vertex 38.1634 43.3336 5
      vertex 37.511 43.9256 5
      vertex 37.8913 43.4689 5
    endloop
  endfacet
  facet normal 0 0 1
    outer loop
      vertex 37.8913 43.4689 5
      vertex 37.511 43.9256 5
      vertex 37.6719 43.669 5
    endloop
  endfacet
  facet normal 0 0 1
    outer loop
      vertex 37.416 60.8262 5
      vertex 38.5406 61.6913 5
      vertex 38.2009 61.6554 5
    endloop
  endfacet
  facet normal 0 0 1
    outer loop
      vertex 38.5406 61.6913 5
      vertex 37.3823 60.4713 5
      vertex 38.5121 59.1564 5
    endloop
  endfacet
  facet normal 0 0 1
    outer loop
      vertex 37.5173 61.1253 5
      vertex 38.2009 61.6554 5
      vertex 37.9161 61.5478 5
    endloop
  endfacet
  facet normal -0 -0 1
    outer loop
      vertex 37.4153 60.1287 5
      vertex 38.5121 59.1564 5
      vertex 37.3823 60.4713 5
    endloop
  endfacet
  facet normal 0 0 1
    outer loop
      vertex 37.5173 61.1253 5
      vertex 37.9161 61.5478 5
      vertex 37.6861 61.3684 5
    endloop
  endfacet
  facet normal 0 0 1
    outer loop
      vertex 38.5121 59.1564 5
      vertex 37.4153 60.1287 5
      vertex 38.1811 59.23 5
    endloop
  endfacet
  facet normal 0 0 1
    outer loop
      vertex 38.2009 61.6554 5
      vertex 37.5173 61.1253 5
      vertex 37.416 60.8262 5
    endloop
  endfacet
  facet normal -0 -0 1
    outer loop
      vertex 37.5142 59.8289 5
      vertex 38.1811 59.23 5
      vertex 37.4153 60.1287 5
    endloop
  endfacet
  facet normal 0 0 1
    outer loop
      vertex 38.5406 61.6913 5
      vertex 37.416 60.8262 5
      vertex 37.3823 60.4713 5
    endloop
  endfacet
  facet normal 0 0 1
    outer loop
      vertex 38.1811 59.23 5
      vertex 37.5142 59.8289 5
      vertex 37.9034 59.3684 5
    endloop
  endfacet
  facet normal 0 0 1
    outer loop
      vertex 37.9034 59.3684 5
      vertex 37.5142 59.8289 5
      vertex 37.679 59.5717 5
    endloop
  endfacet
  facet normal -0 0 1
    outer loop
      vertex 36.7795 65.201 5
      vertex 38.8823 64.2183 5
      vertex 38.8823 65.2959 5
    endloop
  endfacet
  facet normal 0 0 1
    outer loop
      vertex 38.8823 64.2183 5
      vertex 36.7795 65.201 5
      vertex 36.7795 64.3227 5
    endloop
  endfacet
  facet normal -0 0 1
    outer loop
      vertex 36.7795 83.8745 5
      vertex 38.8823 82.8918 5
      vertex 38.8823 83.9694 5
    endloop
  endfacet
  facet normal 0 0 1
    outer loop
      vertex 38.8823 82.8918 5
      vertex 36.7795 83.8745 5
      vertex 36.7795 82.9963 5
    endloop
  endfacet
  facet normal 0 0 1
    outer loop
      vertex 41.7576 80.4972 5
      vertex 42.865 79.0736 5
      vertex 42.8188 79.4992 5
    endloop
  endfacet
  facet normal 0 0 1
    outer loop
      vertex 42.1382 80.3674 5
      vertex 42.8188 79.4992 5
      vertex 42.6804 79.8584 5
    endloop
  endfacet
  facet normal 0 0 1
    outer loop
      vertex 42.1382 80.3674 5
      vertex 42.6804 79.8584 5
      vertex 42.4496 80.1511 5
    endloop
  endfacet
  facet normal 0 0 1
    outer loop
      vertex 42.8188 79.4992 5
      vertex 42.1382 80.3674 5
      vertex 41.7576 80.4972 5
    endloop
  endfacet
  facet normal 0 0 1
    outer loop
      vertex 42.865 79.0736 5
      vertex 41.7576 80.4972 5
      vertex 41.8729 77.6828 5
    endloop
  endfacet
  facet normal 0 0 1
    outer loop
      vertex 42.7547 78.4212 5
      vertex 41.8729 77.6828 5
      vertex 42.424 77.9576 5
    endloop
  endfacet
  facet normal 0 0 1
    outer loop
      vertex 42.865 79.0736 5
      vertex 41.8729 77.6828 5
      vertex 42.7547 78.4212 5
    endloop
  endfacet
  facet normal -0 0 1
    outer loop
      vertex 38.6735 50.7731 5
      vertex 42.7416 50.5785 5
      vertex 42.7416 52.2825 5
    endloop
  endfacet
  facet normal 0 0 1
    outer loop
      vertex 42.7416 50.5785 5
      vertex 42.1919 46.8338 5
      vertex 42.6698 46.6376 5
    endloop
  endfacet
  facet normal 0 0 1
    outer loop
      vertex 42.7416 50.5785 5
      vertex 41.6213 46.8993 5
      vertex 42.1919 46.8338 5
    endloop
  endfacet
  facet normal 0 -0 1
    outer loop
      vertex 41.2183 46.8528 5
      vertex 42.7416 50.5785 5
      vertex 38.6735 50.7731 5
    endloop
  endfacet
  facet normal 0 0 1
    outer loop
      vertex 42.7416 50.5785 5
      vertex 41.2183 46.8528 5
      vertex 41.6213 46.8993 5
    endloop
  endfacet
  facet normal 0 0 1
    outer loop
      vertex 41.2183 46.8528 5
      vertex 38.6735 50.7731 5
      vertex 40.8639 46.7136 5
    endloop
  endfacet
  facet normal 0 -0 1
    outer loop
      vertex 39.1983 46.5549 5
      vertex 40.8639 46.7136 5
      vertex 38.6735 50.7731 5
    endloop
  endfacet
  facet normal 0 0 1
    outer loop
      vertex 40.8639 46.7136 5
      vertex 39.1983 46.5549 5
      vertex 40.558 46.4815 5
    endloop
  endfacet
  facet normal -0 0 1
    outer loop
      vertex 39.9122 45.7334 5
      vertex 40.0548 45.3138 5
      vertex 40.1466 45.7769 5
    endloop
  endfacet
  facet normal 0 0 1
    outer loop
      vertex 40.0548 45.3138 5
      vertex 39.9122 45.7334 5
      vertex 40.0359 45.3138 5
    endloop
  endfacet
  facet normal 0 -0 1
    outer loop
      vertex 39.731 46.0807 5
      vertex 40.3143 46.1661 5
      vertex 39.4923 46.3558 5
    endloop
  endfacet
  facet normal 0 0 1
    outer loop
      vertex 40.1466 45.7769 5
      vertex 39.731 46.0807 5
      vertex 39.9122 45.7334 5
    endloop
  endfacet
  facet normal 0 0 1
    outer loop
      vertex 40.3143 46.1661 5
      vertex 39.731 46.0807 5
      vertex 40.1466 45.7769 5
    endloop
  endfacet
  facet normal 0 -0 1
    outer loop
      vertex 39.4923 46.3558 5
      vertex 40.558 46.4815 5
      vertex 39.1983 46.5549 5
    endloop
  endfacet
  facet normal 0 0 1
    outer loop
      vertex 40.558 46.4815 5
      vertex 39.4923 46.3558 5
      vertex 40.3143 46.1661 5
    endloop
  endfacet
  facet normal 0 0 1
    outer loop
      vertex 39.1983 46.5549 5
      vertex 38.6735 50.7731 5
      vertex 38.851 46.6744 5
    endloop
  endfacet
  facet normal 0 -0 1
    outer loop
      vertex 38.6735 50.7731 5
      vertex 42.7416 52.2825 5
      vertex 37.5959 52.2825 5
    endloop
  endfacet
  facet normal 0 0 1
    outer loop
      vertex 45.3051 64.639 5
      vertex 42.7416 62.6739 5
      vertex 43.4678 62.6739 5
    endloop
  endfacet
  facet normal 0 0 1
    outer loop
      vertex 42.7416 62.6739 5
      vertex 42.5171 59.2999 5
      vertex 42.7416 59.1849 5
    endloop
  endfacet
  facet normal 0 0 1
    outer loop
      vertex 42.7416 62.6739 5
      vertex 42.2869 59.4549 5
      vertex 42.5171 59.2999 5
    endloop
  endfacet
  facet normal 0 0 1
    outer loop
      vertex 45.3581 65.2611 5
      vertex 38.8823 65.9699 5
      vertex 42.7416 62.6739 5
    endloop
  endfacet
  facet normal 0 -0 1
    outer loop
      vertex 42.0509 59.6501 5
      vertex 42.7416 62.6739 5
      vertex 41.8022 59.89 5
    endloop
  endfacet
  facet normal 0 0 1
    outer loop
      vertex 42.7416 62.6739 5
      vertex 42.0509 59.6501 5
      vertex 42.2869 59.4549 5
    endloop
  endfacet
  facet normal 0 0 1
    outer loop
      vertex 42.7416 62.6739 5
      vertex 41.534 60.1796 5
      vertex 41.8022 59.89 5
    endloop
  endfacet
  facet normal 0 0 1
    outer loop
      vertex 42.7416 62.6739 5
      vertex 41.2463 60.5188 5
      vertex 41.534 60.1796 5
    endloop
  endfacet
  facet normal -0 0 1
    outer loop
      vertex 38.3317 69.2391 5
      vertex 43.4678 69.1537 5
      vertex 40.8285 70.9813 5
    endloop
  endfacet
  facet normal 0 0 1
    outer loop
      vertex 42.7416 62.6739 5
      vertex 40.7553 61.109 5
      vertex 41.2463 60.5188 5
    endloop
  endfacet
  facet normal 0 0 1
    outer loop
      vertex 42.7416 62.6739 5
      vertex 38.8823 65.9699 5
      vertex 38.8823 65.2959 5
    endloop
  endfacet
  facet normal 0 0 1
    outer loop
      vertex 42.7416 62.6739 5
      vertex 40.3581 61.5568 5
      vertex 40.7553 61.109 5
    endloop
  endfacet
  facet normal -0 0 1
    outer loop
      vertex 38.8823 64.2183 5
      vertex 42.7416 62.6739 5
      vertex 38.8823 65.2959 5
    endloop
  endfacet
  facet normal 0 0 1
    outer loop
      vertex 42.7416 62.6739 5
      vertex 40.0548 61.8621 5
      vertex 40.3581 61.5568 5
    endloop
  endfacet
  facet normal 0 0 1
    outer loop
      vertex 42.7416 62.6739 5
      vertex 39.7985 62.0771 5
      vertex 40.0548 61.8621 5
    endloop
  endfacet
  facet normal 0 0 1
    outer loop
      vertex 42.7416 62.6739 5
      vertex 38.8823 63.549 5
      vertex 39.7985 62.0771 5
    endloop
  endfacet
  facet normal -0 0 1
    outer loop
      vertex 38.8823 63.549 5
      vertex 42.7416 62.6739 5
      vertex 38.8823 64.2183 5
    endloop
  endfacet
  facet normal 0 0 1
    outer loop
      vertex 43.4678 69.1537 5
      vertex 38.3317 69.2391 5
      vertex 38.8823 65.9699 5
    endloop
  endfacet
  facet normal 0 0 1
    outer loop
      vertex 38.3317 70.1838 5
      vertex 36.7795 66.0743 5
      vertex 38.3317 69.2391 5
    endloop
  endfacet
  facet normal 0 0 1
    outer loop
      vertex 38.3317 69.2391 5
      vertex 36.7795 66.0743 5
      vertex 38.8823 65.9699 5
    endloop
  endfacet
  facet normal 0 0 1
    outer loop
      vertex 43.4678 72.8468 5
      vertex 41.3602 71.4654 5
      vertex 43.4678 70.0746 5
    endloop
  endfacet
  facet normal -0 0 1
    outer loop
      vertex 43.1545 77.5451 5
      vertex 45.4006 77.1046 5
      vertex 43.3813 77.9681 5
    endloop
  endfacet
  facet normal -0 0 1
    outer loop
      vertex 42.8417 77.2092 5
      vertex 45.4006 77.1046 5
      vertex 43.1545 77.5451 5
    endloop
  endfacet
  facet normal 0 0 1
    outer loop
      vertex 45.4006 77.1046 5
      vertex 42.8417 77.2092 5
      vertex 43.4678 73.8009 5
    endloop
  endfacet
  facet normal -0 0 1
    outer loop
      vertex 42.4477 76.9671 5
      vertex 43.4678 73.8009 5
      vertex 42.8417 77.2092 5
    endloop
  endfacet
  facet normal -0 0 1
    outer loop
      vertex 41.9725 76.8189 5
      vertex 43.4678 73.8009 5
      vertex 42.4477 76.9671 5
    endloop
  endfacet
  facet normal 0 0 1
    outer loop
      vertex 41.308 80.5404 5
      vertex 41.8729 77.6828 5
      vertex 41.7576 80.4972 5
    endloop
  endfacet
  facet normal -0 0 1
    outer loop
      vertex 40.914 80.4969 5
      vertex 39.8982 79.0926 5
      vertex 41.308 80.5404 5
    endloop
  endfacet
  facet normal 0 0 1
    outer loop
      vertex 39.8982 79.0926 5
      vertex 40.914 80.4969 5
      vertex 40.2874 80.1488 5
    endloop
  endfacet
  facet normal 0 0 1
    outer loop
      vertex 41.9725 76.8189 5
      vertex 40.8191 71.9496 5
      vertex 43.4678 73.8009 5
    endloop
  endfacet
  facet normal 0 0 1
    outer loop
      vertex 40.3776 77.0135 5
      vertex 41.8729 77.6828 5
      vertex 40.3776 77.8489 5
    endloop
  endfacet
  facet normal 0 0 1
    outer loop
      vertex 40.2874 80.1488 5
      vertex 40.914 80.4969 5
      vertex 40.5738 80.3663 5
    endloop
  endfacet
  facet normal 0 0 1
    outer loop
      vertex 41.8729 77.6828 5
      vertex 40.3776 77.0135 5
      vertex 41.9725 76.8189 5
    endloop
  endfacet
  facet normal 0 0 1
    outer loop
      vertex 41.9725 76.8189 5
      vertex 40.3776 77.0135 5
      vertex 40.8191 71.9496 5
    endloop
  endfacet
  facet normal 0 0 1
    outer loop
      vertex 40.3776 77.0135 5
      vertex 38.3317 73.6917 5
      vertex 40.8191 71.9496 5
    endloop
  endfacet
  facet normal 0 0 1
    outer loop
      vertex 36.7795 77.2365 5
      vertex 38.3317 72.7376 5
      vertex 38.3317 73.6917 5
    endloop
  endfacet
  facet normal 0 0 1
    outer loop
      vertex 36.7795 66.0743 5
      vertex 38.3317 72.7376 5
      vertex 36.7795 77.2365 5
    endloop
  endfacet
  facet normal 0 0 1
    outer loop
      vertex 38.3317 72.7376 5
      vertex 36.7795 66.0743 5
      vertex 38.3317 70.1838 5
    endloop
  endfacet
  facet normal 0 0 1
    outer loop
      vertex 36.7795 77.2365 5
      vertex 38.3317 73.6917 5
      vertex 40.3776 77.0135 5
    endloop
  endfacet
  facet normal 0 0 1
    outer loop
      vertex 45.4016 44.7794 5
      vertex 43.5063 45.3022 5
      vertex 43.5627 44.6303 5
    endloop
  endfacet
  facet normal 0 0 1
    outer loop
      vertex 43.4678 50.5785 5
      vertex 43.5627 55.1182 5
      vertex 43.4678 54.7699 5
    endloop
  endfacet
  facet normal 0 0 1
    outer loop
      vertex 43.5627 55.1182 5
      vertex 42.7416 54.7699 5
      vertex 43.4678 54.7699 5
    endloop
  endfacet
  facet normal 0 0 1
    outer loop
      vertex 42.7416 54.7699 5
      vertex 36.7795 53.1418 5
      vertex 42.7416 53.1418 5
    endloop
  endfacet
  facet normal 0 0 1
    outer loop
      vertex 36.4234 57.0692 5
      vertex 42.7416 54.7699 5
      vertex 43.5627 55.1182 5
    endloop
  endfacet
  facet normal 0 0 1
    outer loop
      vertex 36.4234 57.0692 5
      vertex 36.7795 52.3538 5
      vertex 36.7795 53.1418 5
    endloop
  endfacet
  facet normal 0 0 1
    outer loop
      vertex 36.7795 52.3538 5
      vertex 36.6798 44.5923 5
      vertex 36.7317 45.2133 5
    endloop
  endfacet
  facet normal 0 0 1
    outer loop
      vertex 36.7795 52.3538 5
      vertex 36.4234 57.0692 5
      vertex 0 0 5
    endloop
  endfacet
  facet normal 0 0 1
    outer loop
      vertex 42.7416 54.7699 5
      vertex 36.4234 57.0692 5
      vertex 36.7795 53.1418 5
    endloop
  endfacet
  facet normal 0 0 1
    outer loop
      vertex 45.4048 72.1218 5
      vertex 43.4678 70.0746 5
      vertex 45.4048 67.7024 5
    endloop
  endfacet
  facet normal -0 0 1
    outer loop
      vertex 43.4678 69.1537 5
      vertex 45.4048 67.7024 5
      vertex 43.4678 70.0746 5
    endloop
  endfacet
  facet normal 0 0 1
    outer loop
      vertex 45.4048 67.7024 5
      vertex 43.4678 69.1537 5
      vertex 45.3581 65.2611 5
    endloop
  endfacet
  facet normal -0 0 1
    outer loop
      vertex 38.8823 65.9699 5
      vertex 45.3581 65.2611 5
      vertex 43.4678 69.1537 5
    endloop
  endfacet
  facet normal 0 0 1
    outer loop
      vertex 42.7416 62.6739 5
      vertex 45.3051 64.639 5
      vertex 45.3581 65.2611 5
    endloop
  endfacet
  facet normal 0 0 1
    outer loop
      vertex 43.4678 58.245 5
      vertex 45.3051 64.639 5
      vertex 43.4678 62.6739 5
    endloop
  endfacet
  facet normal 0 0 1
    outer loop
      vertex 45.3051 64.639 5
      vertex 43.4678 58.245 5
      vertex 43.5627 55.8873 5
    endloop
  endfacet
  facet normal -0 0 1
    outer loop
      vertex 42.865 58.245 5
      vertex 43.5627 55.8873 5
      vertex 43.4678 58.245 5
    endloop
  endfacet
  facet normal 0 0 1
    outer loop
      vertex 42.5092 58.4183 5
      vertex 43.5627 55.8873 5
      vertex 42.865 58.245 5
    endloop
  endfacet
  facet normal 0 0 1
    outer loop
      vertex 42.1825 58.6152 5
      vertex 43.5627 55.8873 5
      vertex 42.5092 58.4183 5
    endloop
  endfacet
  facet normal 0 0 1
    outer loop
      vertex 38.4314 58.283 5
      vertex 42.1825 58.6152 5
      vertex 41.8848 58.836 5
    endloop
  endfacet
  facet normal 0 0 1
    outer loop
      vertex 38.4314 58.283 5
      vertex 41.8848 58.836 5
      vertex 41.6105 59.0725 5
    endloop
  endfacet
  facet normal 0 0 1
    outer loop
      vertex 38.4314 58.283 5
      vertex 41.6105 59.0725 5
      vertex 41.3541 59.317 5
    endloop
  endfacet
  facet normal 0 0 1
    outer loop
      vertex 38.4314 58.283 5
      vertex 41.3541 59.317 5
      vertex 41.1157 59.5694 5
    endloop
  endfacet
  facet normal 0 0 1
    outer loop
      vertex 38.5121 59.1564 5
      vertex 41.1157 59.5694 5
      vertex 40.8918 59.8249 5
    endloop
  endfacet
  facet normal 0 0 1
    outer loop
      vertex 38.5121 59.1564 5
      vertex 40.8918 59.8249 5
      vertex 40.679 60.0789 5
    endloop
  endfacet
  facet normal 0 0 1
    outer loop
      vertex 38.5121 59.1564 5
      vertex 40.679 60.0789 5
      vertex 40.4773 60.3312 5
    endloop
  endfacet
  facet normal 0 0 1
    outer loop
      vertex 38.5121 59.1564 5
      vertex 40.4773 60.3312 5
      vertex 40.2811 60.5746 5
    endloop
  endfacet
  facet normal 0 0 1
    outer loop
      vertex 38.5121 59.1564 5
      vertex 40.2811 60.5746 5
      vertex 40.0849 60.8017 5
    endloop
  endfacet
  facet normal 0 0 1
    outer loop
      vertex 38.5121 59.1564 5
      vertex 40.0849 60.8017 5
      vertex 39.8887 61.0124 5
    endloop
  endfacet
  facet normal 0 0 1
    outer loop
      vertex 38.5121 59.1564 5
      vertex 39.8887 61.0124 5
      vertex 39.6893 61.202 5
    endloop
  endfacet
  facet normal 0 0 1
    outer loop
      vertex 38.5121 59.1564 5
      vertex 39.6893 61.202 5
      vertex 39.4836 61.3658 5
    endloop
  endfacet
  facet normal 0 0 1
    outer loop
      vertex 38.5121 59.1564 5
      vertex 39.4836 61.3658 5
      vertex 39.2716 61.5037 5
    endloop
  endfacet
  facet normal 0 0 1
    outer loop
      vertex 38.5121 59.1564 5
      vertex 39.2716 61.5037 5
      vertex 39.0469 61.6079 5
    endloop
  endfacet
  facet normal 0 0 1
    outer loop
      vertex 38.5121 59.1564 5
      vertex 39.0469 61.6079 5
      vertex 38.8032 61.6704 5
    endloop
  endfacet
  facet normal 0 0 1
    outer loop
      vertex 38.5121 59.1564 5
      vertex 38.8032 61.6704 5
      vertex 38.5406 61.6913 5
    endloop
  endfacet
  facet normal 0 0 1
    outer loop
      vertex 41.1157 59.5694 5
      vertex 38.5121 59.1564 5
      vertex 38.4314 58.283 5
    endloop
  endfacet
  facet normal 0 0 1
    outer loop
      vertex 42.1825 58.6152 5
      vertex 38.4314 58.283 5
      vertex 43.5627 55.8873 5
    endloop
  endfacet
  facet normal 0 0 1
    outer loop
      vertex 36.4234 57.8192 5
      vertex 38.4314 58.283 5
      vertex 37.933 58.4008 5
    endloop
  endfacet
  facet normal 0 0 1
    outer loop
      vertex 38.4314 58.283 5
      vertex 36.4234 57.8192 5
      vertex 43.5627 55.8873 5
    endloop
  endfacet
  facet normal 0 0 1
    outer loop
      vertex 37.5074 58.6279 5
      vertex 36.4234 57.8192 5
      vertex 37.933 58.4008 5
    endloop
  endfacet
  facet normal 0 0 1
    outer loop
      vertex 37.1545 58.9641 5
      vertex 36.4234 57.8192 5
      vertex 37.5074 58.6279 5
    endloop
  endfacet
  facet normal 0 0 1
    outer loop
      vertex 36.8908 59.3922 5
      vertex 36.4234 57.8192 5
      vertex 37.1545 58.9641 5
    endloop
  endfacet
  facet normal 0 0 1
    outer loop
      vertex 36.7325 59.8945 5
      vertex 36.4234 57.8192 5
      vertex 36.8908 59.3922 5
    endloop
  endfacet
  facet normal 0 0 1
    outer loop
      vertex 36.4234 57.8192 5
      vertex 36.7325 59.8945 5
      vertex 36.6798 60.4713 5
    endloop
  endfacet
  facet normal 0 0 1
    outer loop
      vertex 46.1738 45.8047 5
      vertex 43.337 45.8623 5
      vertex 45.6912 45.3609 5
    endloop
  endfacet
  facet normal 0 0 1
    outer loop
      vertex 45.6912 45.3609 5
      vertex 43.5063 45.3022 5
      vertex 45.4016 44.7794 5
    endloop
  endfacet
  facet normal 0 -0 1
    outer loop
      vertex 43.5063 45.3022 5
      vertex 45.6912 45.3609 5
      vertex 43.337 45.8623 5
    endloop
  endfacet
  facet normal 0 0 1
    outer loop
      vertex 42.6698 46.6376 5
      vertex 43.4678 50.5785 5
      vertex 42.7416 50.5785 5
    endloop
  endfacet
  facet normal 0 0 1
    outer loop
      vertex 43.4678 50.5785 5
      vertex 42.6698 46.6376 5
      vertex 43.0548 46.3106 5
    endloop
  endfacet
  facet normal 0 0 1
    outer loop
      vertex 39.7795 80.8418 5
      vertex 38.8823 82.2225 5
      vertex 39.4578 80.4064 5
    endloop
  endfacet
  facet normal -0 0 1
    outer loop
      vertex 37.5057 81.0388 5
      vertex 39.4578 80.4064 5
      vertex 38.8823 82.2225 5
    endloop
  endfacet
  facet normal 0 0 1
    outer loop
      vertex 39.4578 80.4064 5
      vertex 37.5057 81.0388 5
      vertex 39.2648 79.8819 5
    endloop
  endfacet
  facet normal 0 0 1
    outer loop
      vertex 39.2648 79.8819 5
      vertex 37.5057 81.0388 5
      vertex 39.2004 79.2682 5
    endloop
  endfacet
  facet normal 0 0 1
    outer loop
      vertex 37.5057 78.015 5
      vertex 39.2004 79.2682 5
      vertex 37.5057 81.0388 5
    endloop
  endfacet
  facet normal 0 0 1
    outer loop
      vertex 39.2004 79.2682 5
      vertex 37.5057 78.015 5
      vertex 39.2479 78.7477 5
    endloop
  endfacet
  facet normal 0 0 1
    outer loop
      vertex 39.2479 78.7477 5
      vertex 37.5057 78.015 5
      vertex 39.3903 78.2872 5
    endloop
  endfacet
  facet normal 0 0 1
    outer loop
      vertex 39.3903 78.2872 5
      vertex 37.5057 78.015 5
      vertex 39.6276 77.8868 5
    endloop
  endfacet
  facet normal 0 0 1
    outer loop
      vertex 39.7985 62.0771 5
      vertex 38.8823 63.549 5
      vertex 39.5421 62.2535 5
    endloop
  endfacet
  facet normal 0 0 1
    outer loop
      vertex 39.5421 62.2535 5
      vertex 38.8823 63.549 5
      vertex 39.2858 62.3914 5
    endloop
  endfacet
  facet normal 0 0 1
    outer loop
      vertex 39.2858 62.3914 5
      vertex 38.8823 63.549 5
      vertex 39.0289 62.4903 5
    endloop
  endfacet
  facet normal 0 0 1
    outer loop
      vertex 38.8823 63.549 5
      vertex 38.771 62.5496 5
      vertex 39.0289 62.4903 5
    endloop
  endfacet
  facet normal 0 0 1
    outer loop
      vertex 38.8823 63.549 5
      vertex 38.5121 62.5694 5
      vertex 38.771 62.5496 5
    endloop
  endfacet
  facet normal 0 0 1
    outer loop
      vertex 38.8823 63.549 5
      vertex 37.9712 62.509 5
      vertex 38.5121 62.5694 5
    endloop
  endfacet
  facet normal -0 0 1
    outer loop
      vertex 36.7795 63.4494 5
      vertex 37.9712 62.509 5
      vertex 38.8823 63.549 5
    endloop
  endfacet
  facet normal 0 0 1
    outer loop
      vertex 37.9712 62.509 5
      vertex 36.7795 63.4494 5
      vertex 37.5194 62.3278 5
    endloop
  endfacet
  facet normal 0 0 1
    outer loop
      vertex 37.5194 62.3278 5
      vertex 36.7795 63.4494 5
      vertex 37.1568 62.0259 5
    endloop
  endfacet
  facet normal 0 0 1
    outer loop
      vertex 36.7795 63.4494 5
      vertex 36.8918 61.6116 5
      vertex 37.1568 62.0259 5
    endloop
  endfacet
  facet normal 0 0 1
    outer loop
      vertex 36.8918 61.6116 5
      vertex 36.7795 63.4494 5
      vertex 36.7328 61.0934 5
    endloop
  endfacet
  facet normal 0 0 1
    outer loop
      vertex 38.6735 50.7731 5
      vertex 38.4504 46.7142 5
      vertex 38.851 46.6744 5
    endloop
  endfacet
  facet normal -0 0 1
    outer loop
      vertex 37.8665 50.7731 5
      vertex 38.4504 46.7142 5
      vertex 38.6735 50.7731 5
    endloop
  endfacet
  facet normal 0 0 1
    outer loop
      vertex 38.4504 46.7142 5
      vertex 37.8665 50.7731 5
      vertex 37.9343 46.6522 5
    endloop
  endfacet
  facet normal 0 0 1
    outer loop
      vertex 37.8665 50.7731 5
      vertex 37.4999 46.4663 5
      vertex 37.9343 46.6522 5
    endloop
  endfacet
  facet normal 0 0 1
    outer loop
      vertex 37.8665 50.7731 5
      vertex 37.1474 46.1564 5
      vertex 37.4999 46.4663 5
    endloop
  endfacet
  facet normal 0 0 1
    outer loop
      vertex 36.7795 52.3538 5
      vertex 37.1474 46.1564 5
      vertex 37.8665 50.7731 5
    endloop
  endfacet
  facet normal 0 0 1
    outer loop
      vertex 37.1474 46.1564 5
      vertex 36.7795 52.3538 5
      vertex 36.8876 45.7347 5
    endloop
  endfacet
  facet normal 0 0 1
    outer loop
      vertex 36.8876 45.7347 5
      vertex 36.7795 52.3538 5
      vertex 36.7317 45.2133 5
    endloop
  endfacet
  facet normal 0 0 1
    outer loop
      vertex 40.3301 71.4654 5
      vertex 38.3317 72.7376 5
      vertex 38.3317 70.1838 5
    endloop
  endfacet
  facet normal 0 0 1
    outer loop
      vertex 49.8099 38.4999 5
      vertex 51.4997 38.5996 5
      vertex 51.4238 39.0532 5
    endloop
  endfacet
  facet normal 0 0 1
    outer loop
      vertex 49.7811 38.857 5
      vertex 51.4238 39.0532 5
      vertex 51.1959 39.433 5
    endloop
  endfacet
  facet normal 0 0 1
    outer loop
      vertex 51.4997 38.5996 5
      vertex 49.8099 38.4999 5
      vertex 51.4069 38.0859 5
    endloop
  endfacet
  facet normal 0 0 1
    outer loop
      vertex 49.7811 38.857 5
      vertex 51.1959 39.433 5
      vertex 50.8162 39.7389 5
    endloop
  endfacet
  facet normal 0 0 1
    outer loop
      vertex 51.4069 38.0859 5
      vertex 49.8099 38.4999 5
      vertex 51.1284 37.7093 5
    endloop
  endfacet
  facet normal 0 0 1
    outer loop
      vertex 49.6949 39.194 5
      vertex 50.8162 39.7389 5
      vertex 50.2956 39.9651 5
    endloop
  endfacet
  facet normal -0 0 1
    outer loop
      vertex 47.2988 57.5786 5
      vertex 51.3669 57.384 5
      vertex 51.3669 59.0881 5
    endloop
  endfacet
  facet normal 0 0 1
    outer loop
      vertex 46.957 53.9056 5
      vertex 51.3669 57.384 5
      vertex 47.2988 57.5786 5
    endloop
  endfacet
  facet normal 0 -0 1
    outer loop
      vertex 47.2988 57.5786 5
      vertex 51.3669 59.0881 5
      vertex 46.2213 59.0881 5
    endloop
  endfacet
  facet normal 0 0 1
    outer loop
      vertex 52.0931 53.0607 5
      vertex 49.9855 51.6793 5
      vertex 52.0931 50.2885 5
    endloop
  endfacet
  facet normal -0 0 1
    outer loop
      vertex 51.3669 57.384 5
      vertex 52.0931 54.0148 5
      vertex 52.0931 57.384 5
    endloop
  endfacet
  facet normal 0 0 1
    outer loop
      vertex 52.0931 54.0148 5
      vertex 51.3669 57.384 5
      vertex 49.4444 52.1635 5
    endloop
  endfacet
  facet normal -0 0 1
    outer loop
      vertex 51.4903 62.4127 5
      vertex 52.0931 61.5755 5
      vertex 52.0931 62.4127 5
    endloop
  endfacet
  facet normal 0 0 1
    outer loop
      vertex 51.4903 62.4127 5
      vertex 51.3669 61.5755 5
      vertex 52.0931 61.5755 5
    endloop
  endfacet
  facet normal 0 0 1
    outer loop
      vertex 51.1345 62.586 5
      vertex 51.3669 61.5755 5
      vertex 51.4903 62.4127 5
    endloop
  endfacet
  facet normal 0 0 1
    outer loop
      vertex 50.8078 62.7829 5
      vertex 51.3669 61.5755 5
      vertex 51.1345 62.586 5
    endloop
  endfacet
  facet normal 0 0 1
    outer loop
      vertex 50.5101 63.0037 5
      vertex 51.3669 61.5755 5
      vertex 50.8078 62.7829 5
    endloop
  endfacet
  facet normal -0 0 1
    outer loop
      vertex 47.0567 62.4507 5
      vertex 51.3669 61.5755 5
      vertex 50.5101 63.0037 5
    endloop
  endfacet
  facet normal 0 0 1
    outer loop
      vertex 47.0567 62.4507 5
      vertex 50.5101 63.0037 5
      vertex 50.2358 63.2402 5
    endloop
  endfacet
  facet normal 0 0 1
    outer loop
      vertex 47.0567 62.4507 5
      vertex 50.2358 63.2402 5
      vertex 49.9794 63.4847 5
    endloop
  endfacet
  facet normal 0 0 1
    outer loop
      vertex 47.0567 62.4507 5
      vertex 49.9794 63.4847 5
      vertex 49.741 63.737 5
    endloop
  endfacet
  facet normal 0 0 1
    outer loop
      vertex 47.1374 63.3241 5
      vertex 49.741 63.737 5
      vertex 49.5171 63.9926 5
    endloop
  endfacet
  facet normal 0 0 1
    outer loop
      vertex 47.1374 63.3241 5
      vertex 49.5171 63.9926 5
      vertex 49.3043 64.2466 5
    endloop
  endfacet
  facet normal 0 0 1
    outer loop
      vertex 47.1374 63.3241 5
      vertex 49.3043 64.2466 5
      vertex 49.1026 64.4989 5
    endloop
  endfacet
  facet normal 0 0 1
    outer loop
      vertex 47.1374 63.3241 5
      vertex 49.1026 64.4989 5
      vertex 48.9064 64.7423 5
    endloop
  endfacet
  facet normal 0 0 1
    outer loop
      vertex 47.1374 63.3241 5
      vertex 48.9064 64.7423 5
      vertex 48.7102 64.9694 5
    endloop
  endfacet
  facet normal 0 0 1
    outer loop
      vertex 47.1374 63.3241 5
      vertex 48.7102 64.9694 5
      vertex 48.514 65.1801 5
    endloop
  endfacet
  facet normal 0 0 1
    outer loop
      vertex 47.1374 63.3241 5
      vertex 48.514 65.1801 5
      vertex 48.3146 65.3697 5
    endloop
  endfacet
  facet normal 0 0 1
    outer loop
      vertex 47.1374 63.3241 5
      vertex 48.3146 65.3697 5
      vertex 48.1089 65.5335 5
    endloop
  endfacet
  facet normal 0 0 1
    outer loop
      vertex 47.1374 63.3241 5
      vertex 48.1089 65.5335 5
      vertex 47.8969 65.6714 5
    endloop
  endfacet
  facet normal 0 0 1
    outer loop
      vertex 46.0076 64.639 5
      vertex 47.8969 65.6714 5
      vertex 47.6722 65.7756 5
    endloop
  endfacet
  facet normal 0 0 1
    outer loop
      vertex 46.0076 64.639 5
      vertex 47.6722 65.7756 5
      vertex 47.4285 65.8381 5
    endloop
  endfacet
  facet normal 0 0 1
    outer loop
      vertex 46.0076 64.639 5
      vertex 47.4285 65.8381 5
      vertex 47.1659 65.8589 5
    endloop
  endfacet
  facet normal 0 0 1
    outer loop
      vertex 49.741 63.737 5
      vertex 47.1374 63.3241 5
      vertex 47.0567 62.4507 5
    endloop
  endfacet
  facet normal 0 0 1
    outer loop
      vertex 51.3669 61.5755 5
      vertex 47.0567 62.4507 5
      vertex 51.3669 59.9474 5
    endloop
  endfacet
  facet normal 0 0 1
    outer loop
      vertex 45.4048 59.9474 5
      vertex 47.0567 62.4507 5
      vertex 46.5583 62.5685 5
    endloop
  endfacet
  facet normal 0 0 1
    outer loop
      vertex 45.4048 59.9474 5
      vertex 46.5583 62.5685 5
      vertex 46.1327 62.7956 5
    endloop
  endfacet
  facet normal 0 0 1
    outer loop
      vertex 47.0567 62.4507 5
      vertex 45.4048 59.9474 5
      vertex 51.3669 59.9474 5
    endloop
  endfacet
  facet normal 0 0 1
    outer loop
      vertex 45.7798 63.1318 5
      vertex 45.4048 59.9474 5
      vertex 46.1327 62.7956 5
    endloop
  endfacet
  facet normal 0 0 1
    outer loop
      vertex 45.5161 63.5598 5
      vertex 45.4048 59.9474 5
      vertex 45.7798 63.1318 5
    endloop
  endfacet
  facet normal 0 0 1
    outer loop
      vertex 43.5627 55.8873 5
      vertex 45.4048 59.1594 5
      vertex 45.4048 59.9474 5
    endloop
  endfacet
  facet normal 0 0 1
    outer loop
      vertex 45.3578 64.0622 5
      vertex 45.4048 59.9474 5
      vertex 45.5161 63.5598 5
    endloop
  endfacet
  facet normal 0 0 1
    outer loop
      vertex 43.5627 55.8873 5
      vertex 45.4048 59.9474 5
      vertex 45.3578 64.0622 5
    endloop
  endfacet
  facet normal 0 0 1
    outer loop
      vertex 43.5627 55.8873 5
      vertex 45.3578 64.0622 5
      vertex 45.3051 64.639 5
    endloop
  endfacet
  facet normal 0 0 1
    outer loop
      vertex 43.4678 50.5785 5
      vertex 45.4048 59.1594 5
      vertex 43.5627 55.1182 5
    endloop
  endfacet
  facet normal 0 0 1
    outer loop
      vertex 52.0931 68.9367 5
      vertex 51.3669 66.8415 5
      vertex 52.0931 66.8415 5
    endloop
  endfacet
  facet normal 0 0 1
    outer loop
      vertex 51.2237 68.9971 5
      vertex 51.3669 66.8415 5
      vertex 52.0931 68.9367 5
    endloop
  endfacet
  facet normal 0 0 1
    outer loop
      vertex 50.3241 69.1782 5
      vertex 51.3669 66.8415 5
      vertex 51.2237 68.9971 5
    endloop
  endfacet
  facet normal 0 -0 1
    outer loop
      vertex 50.9122 63.6226 5
      vertex 51.3669 66.8415 5
      vertex 50.6762 63.8177 5
    endloop
  endfacet
  facet normal 0 0 1
    outer loop
      vertex 51.3669 66.8415 5
      vertex 51.1424 63.4676 5
      vertex 51.3669 63.3526 5
    endloop
  endfacet
  facet normal 0 -0 1
    outer loop
      vertex 51.1424 63.4676 5
      vertex 51.3669 66.8415 5
      vertex 50.9122 63.6226 5
    endloop
  endfacet
  facet normal 0 0 1
    outer loop
      vertex 51.3669 66.8415 5
      vertex 50.4275 64.0577 5
      vertex 50.6762 63.8177 5
    endloop
  endfacet
  facet normal 0 0 1
    outer loop
      vertex 48.6801 66.0298 5
      vertex 51.3669 66.8415 5
      vertex 50.3241 69.1782 5
    endloop
  endfacet
  facet normal 0 0 1
    outer loop
      vertex 51.3669 66.8415 5
      vertex 50.1593 64.3473 5
      vertex 50.4275 64.0577 5
    endloop
  endfacet
  facet normal 0 0 1
    outer loop
      vertex 51.3669 66.8415 5
      vertex 49.8716 64.6864 5
      vertex 50.1593 64.3473 5
    endloop
  endfacet
  facet normal 0 0 1
    outer loop
      vertex 48.4238 66.2448 5
      vertex 50.3241 69.1782 5
      vertex 49.3946 69.4802 5
    endloop
  endfacet
  facet normal 0 0 1
    outer loop
      vertex 51.3669 66.8415 5
      vertex 49.3806 65.2767 5
      vertex 49.8716 64.6864 5
    endloop
  endfacet
  facet normal 0 0 1
    outer loop
      vertex 51.3669 66.8415 5
      vertex 48.9834 65.7244 5
      vertex 49.3806 65.2767 5
    endloop
  endfacet
  facet normal 0 0 1
    outer loop
      vertex 51.3669 66.8415 5
      vertex 48.6801 66.0298 5
      vertex 48.9834 65.7244 5
    endloop
  endfacet
  facet normal 0 0 1
    outer loop
      vertex 50.3241 69.1782 5
      vertex 48.4238 66.2448 5
      vertex 48.6801 66.0298 5
    endloop
  endfacet
  facet normal 0 0 1
    outer loop
      vertex 47.6543 66.658 5
      vertex 49.3946 69.4802 5
      vertex 48.4022 69.9235 5
    endloop
  endfacet
  facet normal 0 0 1
    outer loop
      vertex 49.3946 69.4802 5
      vertex 48.1675 66.4212 5
      vertex 48.4238 66.2448 5
    endloop
  endfacet
  facet normal 0 0 1
    outer loop
      vertex 49.3946 69.4802 5
      vertex 47.9111 66.5591 5
      vertex 48.1675 66.4212 5
    endloop
  endfacet
  facet normal 0 0 1
    outer loop
      vertex 49.3946 69.4802 5
      vertex 47.6543 66.658 5
      vertex 47.9111 66.5591 5
    endloop
  endfacet
  facet normal 0 0 1
    outer loop
      vertex 48.4022 69.9235 5
      vertex 47.3964 66.7173 5
      vertex 47.6543 66.658 5
    endloop
  endfacet
  facet normal 0 0 1
    outer loop
      vertex 46.131 67.7024 5
      vertex 48.4022 69.9235 5
      vertex 47.3144 70.5287 5
    endloop
  endfacet
  facet normal 0 0 1
    outer loop
      vertex 48.4022 69.9235 5
      vertex 46.131 67.7024 5
      vertex 47.3964 66.7173 5
    endloop
  endfacet
  facet normal 0 0 1
    outer loop
      vertex 47.3964 66.7173 5
      vertex 46.131 67.7024 5
      vertex 47.1374 66.7371 5
    endloop
  endfacet
  facet normal 0 0 1
    outer loop
      vertex 47.1374 66.7371 5
      vertex 46.131 67.7024 5
      vertex 46.5965 66.6767 5
    endloop
  endfacet
  facet normal 0 0 1
    outer loop
      vertex 46.131 67.7024 5
      vertex 47.3144 70.5287 5
      vertex 46.131 71.2958 5
    endloop
  endfacet
  facet normal 0 0 1
    outer loop
      vertex 46.5965 66.6767 5
      vertex 46.131 67.7024 5
      vertex 46.1447 66.4955 5
    endloop
  endfacet
  facet normal -0 0 1
    outer loop
      vertex 45.4048 67.7024 5
      vertex 46.1447 66.4955 5
      vertex 46.131 67.7024 5
    endloop
  endfacet
  facet normal 0 0 1
    outer loop
      vertex 46.1447 66.4955 5
      vertex 45.4048 67.7024 5
      vertex 45.7821 66.1936 5
    endloop
  endfacet
  facet normal 0 0 1
    outer loop
      vertex 45.7821 66.1936 5
      vertex 45.4048 67.7024 5
      vertex 45.5171 65.7793 5
    endloop
  endfacet
  facet normal 0 0 1
    outer loop
      vertex 45.4048 67.7024 5
      vertex 45.3581 65.2611 5
      vertex 45.5171 65.7793 5
    endloop
  endfacet
  facet normal 0 0 1
    outer loop
      vertex 46.1643 76.0645 5
      vertex 43.4678 73.8009 5
      vertex 45.4048 72.1218 5
    endloop
  endfacet
  facet normal 0 0 1
    outer loop
      vertex 45.4016 78.5613 5
      vertex 43.5174 78.4713 5
      vertex 45.3051 77.8422 5
    endloop
  endfacet
  facet normal 0 0 1
    outer loop
      vertex 45.4006 77.1046 5
      vertex 43.4678 73.8009 5
      vertex 45.687 76.512 5
    endloop
  endfacet
  facet normal 0 0 1
    outer loop
      vertex 52.0931 73.372 5
      vertex 51.4829 69.8525 5
      vertex 52.0931 69.829 5
    endloop
  endfacet
  facet normal -0 0 1
    outer loop
      vertex 51.0535 73.372 5
      vertex 51.4829 69.8525 5
      vertex 52.0931 73.372 5
    endloop
  endfacet
  facet normal 0 0 1
    outer loop
      vertex 51.4829 69.8525 5
      vertex 51.0535 73.372 5
      vertex 50.8864 69.9229 5
    endloop
  endfacet
  facet normal 0 0 1
    outer loop
      vertex 52.0931 91.9662 5
      vertex 49.1169 89.8444 5
      vertex 52.0931 89.8444 5
    endloop
  endfacet
  facet normal -0 0 1
    outer loop
      vertex 48.8368 91.9662 5
      vertex 49.1169 89.8444 5
      vertex 52.0931 91.9662 5
    endloop
  endfacet
  facet normal 0 0 1
    outer loop
      vertex 48.8368 91.9662 5
      vertex 48.6485 89.8797 5
      vertex 49.1169 89.8444 5
    endloop
  endfacet
  facet normal 0 0 1
    outer loop
      vertex 48.2561 89.9857 5
      vertex 48.8368 91.9662 5
      vertex 48.3911 91.9435 5
    endloop
  endfacet
  facet normal 0 0 1
    outer loop
      vertex 48.8368 91.9662 5
      vertex 48.2561 89.9857 5
      vertex 48.6485 89.8797 5
    endloop
  endfacet
  facet normal 0 0 1
    outer loop
      vertex 47.5219 91.0263 5
      vertex 48.3911 91.9435 5
      vertex 48.0478 91.8755 5
    endloop
  endfacet
  facet normal 0 0 1
    outer loop
      vertex 48.3911 91.9435 5
      vertex 47.9397 90.1624 5
      vertex 48.2561 89.9857 5
    endloop
  endfacet
  facet normal 0 0 1
    outer loop
      vertex 47.5536 91.3443 5
      vertex 48.0478 91.8755 5
      vertex 47.8068 91.7621 5
    endloop
  endfacet
  facet normal 0 -0 1
    outer loop
      vertex 47.5683 90.6877 5
      vertex 48.3911 91.9435 5
      vertex 47.5219 91.0263 5
    endloop
  endfacet
  facet normal 0 0 1
    outer loop
      vertex 47.5536 91.3443 5
      vertex 47.8068 91.7621 5
      vertex 47.6485 91.5896 5
    endloop
  endfacet
  facet normal 0 0 1
    outer loop
      vertex 48.3911 91.9435 5
      vertex 47.7076 90.3997 5
      vertex 47.9397 90.1624 5
    endloop
  endfacet
  facet normal 0 0 1
    outer loop
      vertex 48.0478 91.8755 5
      vertex 47.5536 91.3443 5
      vertex 47.5219 91.0263 5
    endloop
  endfacet
  facet normal 0 0 1
    outer loop
      vertex 48.3911 91.9435 5
      vertex 47.5683 90.6877 5
      vertex 47.7076 90.3997 5
    endloop
  endfacet
  facet normal 0 0 1
    outer loop
      vertex 52.0931 94.933 5
      vertex 49.1169 92.8112 5
      vertex 52.0931 92.8112 5
    endloop
  endfacet
  facet normal -0 0 1
    outer loop
      vertex 48.8368 94.933 5
      vertex 49.1169 92.8112 5
      vertex 52.0931 94.933 5
    endloop
  endfacet
  facet normal 0 0 1
    outer loop
      vertex 48.8368 94.933 5
      vertex 48.6461 92.8457 5
      vertex 49.1169 92.8112 5
    endloop
  endfacet
  facet normal 0 0 1
    outer loop
      vertex 48.2529 92.9493 5
      vertex 48.8368 94.933 5
      vertex 48.3911 94.9103 5
    endloop
  endfacet
  facet normal 0 0 1
    outer loop
      vertex 48.8368 94.933 5
      vertex 48.2529 92.9493 5
      vertex 48.6461 92.8457 5
    endloop
  endfacet
  facet normal 0 0 1
    outer loop
      vertex 47.5219 93.9931 5
      vertex 48.3911 94.9103 5
      vertex 48.0478 94.8423 5
    endloop
  endfacet
  facet normal 0 0 1
    outer loop
      vertex 48.3911 94.9103 5
      vertex 47.9373 93.122 5
      vertex 48.2529 92.9493 5
    endloop
  endfacet
  facet normal 0 0 1
    outer loop
      vertex 47.5536 94.3112 5
      vertex 48.0478 94.8423 5
      vertex 47.8068 94.7289 5
    endloop
  endfacet
  facet normal 0 0 1
    outer loop
      vertex 48.3911 94.9103 5
      vertex 47.5219 93.9931 5
      vertex 47.5681 93.6474 5
    endloop
  endfacet
  facet normal 0 0 1
    outer loop
      vertex 47.5536 94.3112 5
      vertex 47.8068 94.7289 5
      vertex 47.6485 94.5564 5
    endloop
  endfacet
  facet normal 0 0 1
    outer loop
      vertex 48.3911 94.9103 5
      vertex 47.5681 93.6474 5
      vertex 47.9373 93.122 5
    endloop
  endfacet
  facet normal 0 0 1
    outer loop
      vertex 48.0478 94.8423 5
      vertex 47.5536 94.3112 5
      vertex 47.5219 93.9931 5
    endloop
  endfacet
  facet normal 0 0 1
    outer loop
      vertex 47.9373 93.122 5
      vertex 47.5681 93.6474 5
      vertex 47.7065 93.357 5
    endloop
  endfacet
  facet normal 0 0 1
    outer loop
      vertex 52.0931 96.9035 5
      vertex 48.6706 95.7779 5
      vertex 52.0931 95.7779 5
    endloop
  endfacet
  facet normal -0 0 1
    outer loop
      vertex 48.0536 96.9035 5
      vertex 48.6706 95.7779 5
      vertex 52.0931 96.9035 5
    endloop
  endfacet
  facet normal 0 0 1
    outer loop
      vertex 48.6706 95.7779 5
      vertex 48.0536 96.9035 5
      vertex 48.0883 95.7386 5
    endloop
  endfacet
  facet normal -0 0 1
    outer loop
      vertex 47.533 96.9004 5
      vertex 48.0883 95.7386 5
      vertex 48.0536 96.9035 5
    endloop
  endfacet
  facet normal 0 0 1
    outer loop
      vertex 48.0883 95.7386 5
      vertex 47.533 96.9004 5
      vertex 47.6263 95.6207 5
    endloop
  endfacet
  facet normal -0 0 1
    outer loop
      vertex 47.1675 96.8909 5
      vertex 47.6263 95.6207 5
      vertex 47.533 96.9004 5
    endloop
  endfacet
  facet normal -0 0 1
    outer loop
      vertex 46.957 96.8751 5
      vertex 47.6263 95.6207 5
      vertex 47.1675 96.8909 5
    endloop
  endfacet
  facet normal 0 0 1
    outer loop
      vertex 47.6263 95.6207 5
      vertex 46.957 96.8751 5
      vertex 47.2845 95.4243 5
    endloop
  endfacet
  facet normal 0 0 1
    outer loop
      vertex 47.2845 95.4243 5
      vertex 46.957 96.8751 5
      vertex 47.0499 95.1413 5
    endloop
  endfacet
  facet normal 0 0 1
    outer loop
      vertex 47.0499 95.1413 5
      vertex 46.957 96.8751 5
      vertex 46.909 94.7639 5
    endloop
  endfacet
  facet normal 0 0 1
    outer loop
      vertex 52.0931 99.8751 5
      vertex 49.1169 97.7533 5
      vertex 52.0931 97.7533 5
    endloop
  endfacet
  facet normal -0 0 1
    outer loop
      vertex 48.8368 99.8751 5
      vertex 49.1169 97.7533 5
      vertex 52.0931 99.8751 5
    endloop
  endfacet
  facet normal 0 0 1
    outer loop
      vertex 48.8368 99.8751 5
      vertex 48.6485 97.7886 5
      vertex 49.1169 97.7533 5
    endloop
  endfacet
  facet normal 0 0 1
    outer loop
      vertex 48.2561 97.8946 5
      vertex 48.8368 99.8751 5
      vertex 48.3911 99.8524 5
    endloop
  endfacet
  facet normal 0 0 1
    outer loop
      vertex 48.8368 99.8751 5
      vertex 48.2561 97.8946 5
      vertex 48.6485 97.7886 5
    endloop
  endfacet
  facet normal 0 0 1
    outer loop
      vertex 47.5219 98.9352 5
      vertex 48.3911 99.8524 5
      vertex 48.0478 99.7844 5
    endloop
  endfacet
  facet normal 0 0 1
    outer loop
      vertex 48.3911 99.8524 5
      vertex 47.9397 98.0713 5
      vertex 48.2561 97.8946 5
    endloop
  endfacet
  facet normal 0 0 1
    outer loop
      vertex 47.5536 99.2533 5
      vertex 48.0478 99.7844 5
      vertex 47.8068 99.671 5
    endloop
  endfacet
  facet normal 0 -0 1
    outer loop
      vertex 47.5683 98.5966 5
      vertex 48.3911 99.8524 5
      vertex 47.5219 98.9352 5
    endloop
  endfacet
  facet normal 0 0 1
    outer loop
      vertex 47.5536 99.2533 5
      vertex 47.8068 99.671 5
      vertex 47.6485 99.4985 5
    endloop
  endfacet
  facet normal 0 0 1
    outer loop
      vertex 48.3911 99.8524 5
      vertex 47.7076 98.3086 5
      vertex 47.9397 98.0713 5
    endloop
  endfacet
  facet normal 0 0 1
    outer loop
      vertex 48.0478 99.7844 5
      vertex 47.5536 99.2533 5
      vertex 47.5219 98.9352 5
    endloop
  endfacet
  facet normal 0 0 1
    outer loop
      vertex 48.3911 99.8524 5
      vertex 47.5683 98.5966 5
      vertex 47.7076 98.3086 5
    endloop
  endfacet
  facet normal 0 0 1
    outer loop
      vertex 52.0931 102.842 5
      vertex 49.1169 100.72 5
      vertex 52.0931 100.72 5
    endloop
  endfacet
  facet normal -0 0 1
    outer loop
      vertex 48.8368 102.842 5
      vertex 49.1169 100.72 5
      vertex 52.0931 102.842 5
    endloop
  endfacet
  facet normal 0 0 1
    outer loop
      vertex 48.8368 102.842 5
      vertex 48.6461 100.755 5
      vertex 49.1169 100.72 5
    endloop
  endfacet
  facet normal 0 0 1
    outer loop
      vertex 48.2529 100.858 5
      vertex 48.8368 102.842 5
      vertex 48.3911 102.819 5
    endloop
  endfacet
  facet normal 0 0 1
    outer loop
      vertex 48.8368 102.842 5
      vertex 48.2529 100.858 5
      vertex 48.6461 100.755 5
    endloop
  endfacet
  facet normal 0 0 1
    outer loop
      vertex 47.5219 101.902 5
      vertex 48.3911 102.819 5
      vertex 48.0478 102.751 5
    endloop
  endfacet
  facet normal 0 0 1
    outer loop
      vertex 48.3911 102.819 5
      vertex 47.9373 101.031 5
      vertex 48.2529 100.858 5
    endloop
  endfacet
  facet normal 0 0 1
    outer loop
      vertex 47.5536 102.22 5
      vertex 48.0478 102.751 5
      vertex 47.8068 102.638 5
    endloop
  endfacet
  facet normal 0 0 1
    outer loop
      vertex 48.3911 102.819 5
      vertex 47.5219 101.902 5
      vertex 47.5681 101.556 5
    endloop
  endfacet
  facet normal 0 0 1
    outer loop
      vertex 47.5536 102.22 5
      vertex 47.8068 102.638 5
      vertex 47.6485 102.465 5
    endloop
  endfacet
  facet normal 0 0 1
    outer loop
      vertex 48.3911 102.819 5
      vertex 47.5681 101.556 5
      vertex 47.9373 101.031 5
    endloop
  endfacet
  facet normal 0 0 1
    outer loop
      vertex 48.0478 102.751 5
      vertex 47.5536 102.22 5
      vertex 47.5219 101.902 5
    endloop
  endfacet
  facet normal 0 0 1
    outer loop
      vertex 47.9373 101.031 5
      vertex 47.5681 101.556 5
      vertex 47.7065 101.266 5
    endloop
  endfacet
  facet normal -0 0 1
    outer loop
      vertex 52.1316 30.1844 5
      vertex 52.188 25.5673 5
      vertex 52.188 30.8476 5
    endloop
  endfacet
  facet normal 0 0 1
    outer loop
      vertex 52.1316 30.1844 5
      vertex 52.1306 26.2445 5
      vertex 52.188 25.5673 5
    endloop
  endfacet
  facet normal -0 0 1
    outer loop
      vertex 51.9623 29.625 5
      vertex 52.1306 26.2445 5
      vertex 52.1316 30.1844 5
    endloop
  endfacet
  facet normal 0 0 1
    outer loop
      vertex 51.9623 29.625 5
      vertex 51.9581 26.8078 5
      vertex 52.1306 26.2445 5
    endloop
  endfacet
  facet normal -0 0 1
    outer loop
      vertex 51.6801 29.1695 5
      vertex 51.9581 26.8078 5
      vertex 51.9623 29.625 5
    endloop
  endfacet
  facet normal 0 0 1
    outer loop
      vertex 51.6801 29.1695 5
      vertex 51.6707 27.2572 5
      vertex 51.9581 26.8078 5
    endloop
  endfacet
  facet normal -0 0 1
    outer loop
      vertex 51.294 28.8333 5
      vertex 51.6707 27.2572 5
      vertex 51.6801 29.1695 5
    endloop
  endfacet
  facet normal 0 0 1
    outer loop
      vertex 51.294 28.8333 5
      vertex 51.2804 27.5842 5
      vertex 51.6707 27.2572 5
    endloop
  endfacet
  facet normal -0 0 1
    outer loop
      vertex 50.813 28.6316 5
      vertex 51.2804 27.5842 5
      vertex 51.294 28.8333 5
    endloop
  endfacet
  facet normal 0 0 1
    outer loop
      vertex 50.813 28.6316 5
      vertex 50.7993 27.7804 5
      vertex 51.2804 27.5842 5
    endloop
  endfacet
  facet normal -0 0 1
    outer loop
      vertex 50.2371 28.5643 5
      vertex 50.7993 27.7804 5
      vertex 50.813 28.6316 5
    endloop
  endfacet
  facet normal 0 0 1
    outer loop
      vertex 50.2371 28.5643 5
      vertex 50.2276 27.8458 5
      vertex 50.7993 27.7804 5
    endloop
  endfacet
  facet normal 0 0 1
    outer loop
      vertex 49.8236 28.606 5
      vertex 50.2276 27.8458 5
      vertex 50.2371 28.5643 5
    endloop
  endfacet
  facet normal 0 0 1
    outer loop
      vertex 49.8236 28.606 5
      vertex 49.8123 27.8062 5
      vertex 50.2276 27.8458 5
    endloop
  endfacet
  facet normal 0 0 1
    outer loop
      vertex 49.4565 28.731 5
      vertex 49.8123 27.8062 5
      vertex 49.8236 28.606 5
    endloop
  endfacet
  facet normal 0 0 1
    outer loop
      vertex 49.4565 28.731 5
      vertex 49.446 27.6876 5
      vertex 49.8123 27.8062 5
    endloop
  endfacet
  facet normal 0 0 1
    outer loop
      vertex 49.1358 28.9393 5
      vertex 49.446 27.6876 5
      vertex 49.4565 28.731 5
    endloop
  endfacet
  facet normal 0 0 1
    outer loop
      vertex 49.1358 28.9393 5
      vertex 49.1287 27.4898 5
      vertex 49.446 27.6876 5
    endloop
  endfacet
  facet normal -0 0 1
    outer loop
      vertex 48.0203 29.0366 5
      vertex 49.1358 28.9393 5
      vertex 48.8774 29.2126 5
    endloop
  endfacet
  facet normal 0 0 1
    outer loop
      vertex 49.1358 28.9393 5
      vertex 48.0203 29.0366 5
      vertex 49.1287 27.4898 5
    endloop
  endfacet
  facet normal -0 0 1
    outer loop
      vertex 48.2719 29.2727 5
      vertex 48.8774 29.2126 5
      vertex 48.697 29.5322 5
    endloop
  endfacet
  facet normal 0 0 1
    outer loop
      vertex 48.0203 29.0366 5
      vertex 48.8774 29.2126 5
      vertex 48.2719 29.2727 5
    endloop
  endfacet
  facet normal -0 0 1
    outer loop
      vertex 48.457 29.5599 5
      vertex 48.697 29.5322 5
      vertex 48.5947 29.8982 5
    endloop
  endfacet
  facet normal 0 0 1
    outer loop
      vertex 48.2719 29.2727 5
      vertex 48.697 29.5322 5
      vertex 48.457 29.5599 5
    endloop
  endfacet
  facet normal 0 0 1
    outer loop
      vertex 48.457 29.5599 5
      vertex 48.5947 29.8982 5
      vertex 48.5757 29.8982 5
    endloop
  endfacet
  facet normal 0 -0 1
    outer loop
      vertex 48.0299 27.3616 5
      vertex 49.1287 27.4898 5
      vertex 48.0203 29.0366 5
    endloop
  endfacet
  facet normal 0 0 1
    outer loop
      vertex 48.5852 26.493 5
      vertex 48.4581 26.8342 5
      vertex 48.5662 26.493 5
    endloop
  endfacet
  facet normal 0 0 1
    outer loop
      vertex 48.692 26.8885 5
      vertex 48.4581 26.8342 5
      vertex 48.5852 26.493 5
    endloop
  endfacet
  facet normal 0 0 1
    outer loop
      vertex 48.692 26.8885 5
      vertex 48.2793 27.1238 5
      vertex 48.4581 26.8342 5
    endloop
  endfacet
  facet normal 0 0 1
    outer loop
      vertex 48.8731 27.2208 5
      vertex 48.2793 27.1238 5
      vertex 48.692 26.8885 5
    endloop
  endfacet
  facet normal 0 0 1
    outer loop
      vertex 48.8731 27.2208 5
      vertex 48.0299 27.3616 5
      vertex 48.2793 27.1238 5
    endloop
  endfacet
  facet normal 0 0 1
    outer loop
      vertex 49.1287 27.4898 5
      vertex 48.0299 27.3616 5
      vertex 48.8731 27.2208 5
    endloop
  endfacet
  facet normal 0 0 1
    outer loop
      vertex 48.0203 29.0366 5
      vertex 47.7286 27.5383 5
      vertex 48.0299 27.3616 5
    endloop
  endfacet
  facet normal -0 0 1
    outer loop
      vertex 47.7192 28.8613 5
      vertex 47.7286 27.5383 5
      vertex 48.0203 29.0366 5
    endloop
  endfacet
  facet normal 0 0 1
    outer loop
      vertex 47.7192 28.8613 5
      vertex 47.3948 27.6443 5
      vertex 47.7286 27.5383 5
    endloop
  endfacet
  facet normal -0 0 1
    outer loop
      vertex 47.3853 28.7561 5
      vertex 47.3948 27.6443 5
      vertex 47.7192 28.8613 5
    endloop
  endfacet
  facet normal 0 0 1
    outer loop
      vertex 47.3853 28.7561 5
      vertex 47.0282 27.6797 5
      vertex 47.3948 27.6443 5
    endloop
  endfacet
  facet normal -0 0 1
    outer loop
      vertex 47.0187 28.721 5
      vertex 47.0282 27.6797 5
      vertex 47.3853 28.7561 5
    endloop
  endfacet
  facet normal 0 0 1
    outer loop
      vertex 46.5414 28.7845 5
      vertex 47.0282 27.6797 5
      vertex 47.0187 28.721 5
    endloop
  endfacet
  facet normal 0 0 1
    outer loop
      vertex 46.5414 28.7845 5
      vertex 46.5361 27.6161 5
      vertex 47.0282 27.6797 5
    endloop
  endfacet
  facet normal 0 0 1
    outer loop
      vertex 46.1285 28.9752 5
      vertex 46.5361 27.6161 5
      vertex 46.5414 28.7845 5
    endloop
  endfacet
  facet normal 0 0 1
    outer loop
      vertex 46.1285 28.9752 5
      vertex 46.1168 27.4254 5
      vertex 46.5361 27.6161 5
    endloop
  endfacet
  facet normal 0 0 1
    outer loop
      vertex 45.7798 29.293 5
      vertex 46.1168 27.4254 5
      vertex 46.1285 28.9752 5
    endloop
  endfacet
  facet normal 0 0 1
    outer loop
      vertex 45.7798 29.293 5
      vertex 45.7703 27.1077 5
      vertex 46.1168 27.4254 5
    endloop
  endfacet
  facet normal 0 0 1
    outer loop
      vertex 45.5161 29.7178 5
      vertex 45.7703 27.1077 5
      vertex 45.7798 29.293 5
    endloop
  endfacet
  facet normal 0 0 1
    outer loop
      vertex 45.5161 29.7178 5
      vertex 45.5119 26.6802 5
      vertex 45.7703 27.1077 5
    endloop
  endfacet
  facet normal 0 0 1
    outer loop
      vertex 45.3578 30.2297 5
      vertex 45.5119 26.6802 5
      vertex 45.5161 29.7178 5
    endloop
  endfacet
  facet normal 0 0 1
    outer loop
      vertex 45.3578 30.2297 5
      vertex 45.3568 26.1604 5
      vertex 45.5119 26.6802 5
    endloop
  endfacet
  facet normal 0 0 1
    outer loop
      vertex 37.4873 42.7489 5
      vertex 45.3578 30.2297 5
      vertex 45.3051 30.8286 5
    endloop
  endfacet
  facet normal 0 0 1
    outer loop
      vertex 45.3578 30.2297 5
      vertex 37.4873 42.7489 5
      vertex 45.3568 26.1604 5
    endloop
  endfacet
  facet normal -0 0 1
    outer loop
      vertex 52.0931 35.2354 5
      vertex 88.9 0 5
      vertex 52.1514 38.0977 5
    endloop
  endfacet
  facet normal -0 0 1
    outer loop
      vertex 52.0931 34.3098 5
      vertex 88.9 0 5
      vertex 52.0931 35.2354 5
    endloop
  endfacet
  facet normal 0 0 1
    outer loop
      vertex 88.9 0 5
      vertex 52.0931 34.3098 5
      vertex 52.188 30.8476 5
    endloop
  endfacet
  facet normal -0 0 1
    outer loop
      vertex 52.0414 37.6792 5
      vertex 52.0931 35.2354 5
      vertex 52.1514 38.0977 5
    endloop
  endfacet
  facet normal -0 0 1
    outer loop
      vertex 51.8581 37.3298 5
      vertex 52.0931 35.2354 5
      vertex 52.0414 37.6792 5
    endloop
  endfacet
  facet normal -0 0 1
    outer loop
      vertex 51.5931 37.0447 5
      vertex 52.0931 35.2354 5
      vertex 51.8581 37.3298 5
    endloop
  endfacet
  facet normal -0 0 1
    outer loop
      vertex 51.2379 36.8193 5
      vertex 52.0931 35.2354 5
      vertex 51.5931 37.0447 5
    endloop
  endfacet
  facet normal 0 0 1
    outer loop
      vertex 51.2379 36.8193 5
      vertex 51.0535 35.2354 5
      vertex 52.0931 35.2354 5
    endloop
  endfacet
  facet normal 0 0 1
    outer loop
      vertex 49.8123 33.0865 5
      vertex 51.0535 34.3098 5
      vertex 51.0535 35.2354 5
    endloop
  endfacet
  facet normal -0 0 1
    outer loop
      vertex 50.7925 36.6534 5
      vertex 51.0535 35.2354 5
      vertex 51.2379 36.8193 5
    endloop
  endfacet
  facet normal 0 0 1
    outer loop
      vertex 48.7366 36.7562 5
      vertex 51.0535 35.2354 5
      vertex 50.7925 36.6534 5
    endloop
  endfacet
  facet normal -0 0 1
    outer loop
      vertex 49.5356 37.4577 5
      vertex 50.7925 36.6534 5
      vertex 50.6643 37.4698 5
    endloop
  endfacet
  facet normal 0 0 1
    outer loop
      vertex 51.4238 39.0532 5
      vertex 49.7811 38.857 5
      vertex 49.8099 38.4999 5
    endloop
  endfacet
  facet normal 0 0 1
    outer loop
      vertex 49.5356 37.4577 5
      vertex 50.6643 37.4698 5
      vertex 49.7413 37.9387 5
    endloop
  endfacet
  facet normal 0 0 1
    outer loop
      vertex 50.7925 36.6534 5
      vertex 49.5356 37.4577 5
      vertex 49.1928 37.0568 5
    endloop
  endfacet
  facet normal 0 0 1
    outer loop
      vertex 50.6643 37.4698 5
      vertex 49.8099 38.4999 5
      vertex 49.7413 37.9387 5
    endloop
  endfacet
  facet normal 0 0 1
    outer loop
      vertex 51.1284 37.7093 5
      vertex 49.8099 38.4999 5
      vertex 50.6643 37.4698 5
    endloop
  endfacet
  facet normal 0 0 1
    outer loop
      vertex 50.8162 39.7389 5
      vertex 49.6949 39.194 5
      vertex 49.7811 38.857 5
    endloop
  endfacet
  facet normal 0 0 1
    outer loop
      vertex 49.5512 39.511 5
      vertex 50.2956 39.9651 5
      vertex 49.6453 40.1059 5
    endloop
  endfacet
  facet normal 0 0 1
    outer loop
      vertex 50.2956 39.9651 5
      vertex 49.5512 39.511 5
      vertex 49.6949 39.194 5
    endloop
  endfacet
  facet normal 0 0 1
    outer loop
      vertex 49.6453 40.1059 5
      vertex 49.36 39.7879 5
      vertex 49.5512 39.511 5
    endloop
  endfacet
  facet normal 0 0 1
    outer loop
      vertex 49.6453 40.1059 5
      vertex 49.1313 40.0047 5
      vertex 49.36 39.7879 5
    endloop
  endfacet
  facet normal 0 -0 1
    outer loop
      vertex 49.1313 40.0047 5
      vertex 49.6453 40.1059 5
      vertex 48.8652 40.1613 5
    endloop
  endfacet
  facet normal -0 0 1
    outer loop
      vertex 52.0905 43.3266 5
      vertex 52.188 38.5853 5
      vertex 52.188 44.0318 5
    endloop
  endfacet
  facet normal 0 0 1
    outer loop
      vertex 52.0905 43.3266 5
      vertex 52.0852 39.3013 5
      vertex 52.188 38.5853 5
    endloop
  endfacet
  facet normal -0 0 1
    outer loop
      vertex 51.7977 42.7491 5
      vertex 52.0852 39.3013 5
      vertex 52.0905 43.3266 5
    endloop
  endfacet
  facet normal 0 0 1
    outer loop
      vertex 51.7977 42.7491 5
      vertex 51.7767 39.8986 5
      vertex 52.0852 39.3013 5
    endloop
  endfacet
  facet normal -0 0 1
    outer loop
      vertex 51.3099 42.2991 5
      vertex 51.7767 39.8986 5
      vertex 51.7977 42.7491 5
    endloop
  endfacet
  facet normal 0 0 1
    outer loop
      vertex 51.3099 42.2991 5
      vertex 51.2624 40.3773 5
      vertex 51.7767 39.8986 5
    endloop
  endfacet
  facet normal -0 0 1
    outer loop
      vertex 50.6348 41.9774 5
      vertex 51.2624 40.3773 5
      vertex 51.3099 42.2991 5
    endloop
  endfacet
  facet normal 0 0 1
    outer loop
      vertex 50.6348 41.9774 5
      vertex 50.5567 40.7267 5
      vertex 51.2624 40.3773 5
    endloop
  endfacet
  facet normal -0 0 1
    outer loop
      vertex 49.7803 41.7844 5
      vertex 50.5567 40.7267 5
      vertex 50.6348 41.9774 5
    endloop
  endfacet
  facet normal 0 0 1
    outer loop
      vertex 49.7803 41.7844 5
      vertex 49.6738 40.9364 5
      vertex 50.5567 40.7267 5
    endloop
  endfacet
  facet normal -0 0 1
    outer loop
      vertex 48.7466 41.72 5
      vertex 49.6738 40.9364 5
      vertex 49.7803 41.7844 5
    endloop
  endfacet
  facet normal 0 0 1
    outer loop
      vertex 48.7466 41.72 5
      vertex 48.6136 41.0063 5
      vertex 49.6738 40.9364 5
    endloop
  endfacet
  facet normal 0 0 1
    outer loop
      vertex 47.6938 41.7825 5
      vertex 48.6136 41.0063 5
      vertex 48.7466 41.72 5
    endloop
  endfacet
  facet normal 0 0 1
    outer loop
      vertex 47.6938 41.7825 5
      vertex 47.6015 40.9425 5
      vertex 48.6136 41.0063 5
    endloop
  endfacet
  facet normal 0 0 1
    outer loop
      vertex 46.8331 41.97 5
      vertex 47.6015 40.9425 5
      vertex 47.6938 41.7825 5
    endloop
  endfacet
  facet normal 0 0 1
    outer loop
      vertex 46.8331 41.97 5
      vertex 46.774 40.751 5
      vertex 47.6015 40.9425 5
    endloop
  endfacet
  facet normal 0 0 1
    outer loop
      vertex 46.1643 42.2826 5
      vertex 46.774 40.751 5
      vertex 46.8331 41.97 5
    endloop
  endfacet
  facet normal 0 0 1
    outer loop
      vertex 46.1643 42.2826 5
      vertex 46.1311 40.4319 5
      vertex 46.774 40.751 5
    endloop
  endfacet
  facet normal 0 0 1
    outer loop
      vertex 45.687 42.7301 5
      vertex 46.1311 40.4319 5
      vertex 46.1643 42.2826 5
    endloop
  endfacet
  facet normal 0 0 1
    outer loop
      vertex 45.687 42.7301 5
      vertex 45.6722 39.9888 5
      vertex 46.1311 40.4319 5
    endloop
  endfacet
  facet normal -0 0 1
    outer loop
      vertex 43.1046 43.0092 5
      vertex 45.687 42.7301 5
      vertex 45.4006 43.3227 5
    endloop
  endfacet
  facet normal 0 0 1
    outer loop
      vertex 42.7505 42.6603 5
      vertex 45.687 42.7301 5
      vertex 43.1046 43.0092 5
    endloop
  endfacet
  facet normal -0 0 1
    outer loop
      vertex 43.5118 43.9987 5
      vertex 45.4006 43.3227 5
      vertex 45.3051 44.0603 5
    endloop
  endfacet
  facet normal 0 0 1
    outer loop
      vertex 45.687 42.7301 5
      vertex 42.7505 42.6603 5
      vertex 45.6722 39.9888 5
    endloop
  endfacet
  facet normal 0 0 1
    outer loop
      vertex 52.0931 69.829 5
      vertex 88.9 127 5
      vertex 52.0931 73.372 5
    endloop
  endfacet
  facet normal -0 0 1
    outer loop
      vertex 52.0905 77.1085 5
      vertex 52.0931 74.2976 5
      vertex 52.188 77.8137 5
    endloop
  endfacet
  facet normal -0 0 1
    outer loop
      vertex 51.7977 76.5309 5
      vertex 52.0931 74.2976 5
      vertex 52.0905 77.1085 5
    endloop
  endfacet
  facet normal -0 0 1
    outer loop
      vertex 51.3099 76.081 5
      vertex 52.0931 74.2976 5
      vertex 51.7977 76.5309 5
    endloop
  endfacet
  facet normal 0 0 1
    outer loop
      vertex 51.3099 76.081 5
      vertex 51.0535 74.2976 5
      vertex 52.0931 74.2976 5
    endloop
  endfacet
  facet normal 0 0 1
    outer loop
      vertex 48.7466 75.5019 5
      vertex 51.0535 73.372 5
      vertex 51.0535 74.2976 5
    endloop
  endfacet
  facet normal -0 0 1
    outer loop
      vertex 50.6348 75.7593 5
      vertex 51.0535 74.2976 5
      vertex 51.3099 76.081 5
    endloop
  endfacet
  facet normal -0 0 1
    outer loop
      vertex 49.7803 75.5663 5
      vertex 51.0535 74.2976 5
      vertex 50.6348 75.7593 5
    endloop
  endfacet
  facet normal 0 0 1
    outer loop
      vertex 51.0535 73.372 5
      vertex 50.3036 70.0403 5
      vertex 50.8864 69.9229 5
    endloop
  endfacet
  facet normal -0 0 1
    outer loop
      vertex 48.7466 75.5019 5
      vertex 51.0535 74.2976 5
      vertex 49.7803 75.5663 5
    endloop
  endfacet
  facet normal 0 0 1
    outer loop
      vertex 51.0535 73.372 5
      vertex 49.725 70.2046 5
      vertex 50.3036 70.0403 5
    endloop
  endfacet
  facet normal 0 0 1
    outer loop
      vertex 51.0535 73.372 5
      vertex 49.1411 70.4158 5
      vertex 49.725 70.2046 5
    endloop
  endfacet
  facet normal 0 0 1
    outer loop
      vertex 51.0535 73.372 5
      vertex 48.7466 75.5019 5
      vertex 47.8848 71.0226 5
    endloop
  endfacet
  facet normal 0 0 1
    outer loop
      vertex 51.0535 73.372 5
      vertex 48.552 70.674 5
      vertex 49.1411 70.4158 5
    endloop
  endfacet
  facet normal 0 0 1
    outer loop
      vertex 51.0535 73.372 5
      vertex 47.8848 71.0226 5
      vertex 48.552 70.674 5
    endloop
  endfacet
  facet normal 0 0 1
    outer loop
      vertex 47.0667 71.5052 5
      vertex 48.7466 75.5019 5
      vertex 47.6938 75.5644 5
    endloop
  endfacet
  facet normal 0 0 1
    outer loop
      vertex 48.7466 75.5019 5
      vertex 47.0667 71.5052 5
      vertex 47.8848 71.0226 5
    endloop
  endfacet
  facet normal 0 0 1
    outer loop
      vertex 46.0978 72.1218 5
      vertex 47.6938 75.5644 5
      vertex 46.8331 75.7519 5
    endloop
  endfacet
  facet normal 0 0 1
    outer loop
      vertex 45.4048 72.1218 5
      vertex 46.8331 75.7519 5
      vertex 46.1643 76.0645 5
    endloop
  endfacet
  facet normal 0 0 1
    outer loop
      vertex 47.6938 75.5644 5
      vertex 46.0978 72.1218 5
      vertex 47.0667 71.5052 5
    endloop
  endfacet
  facet normal 0 0 1
    outer loop
      vertex 43.4678 73.8009 5
      vertex 46.1643 76.0645 5
      vertex 45.687 76.512 5
    endloop
  endfacet
  facet normal 0 0 1
    outer loop
      vertex 46.8331 75.7519 5
      vertex 45.4048 72.1218 5
      vertex 46.0978 72.1218 5
    endloop
  endfacet
  facet normal -0 0 1
    outer loop
      vertex 43.3813 77.9681 5
      vertex 45.3051 77.8422 5
      vertex 43.5174 78.4713 5
    endloop
  endfacet
  facet normal 0 0 1
    outer loop
      vertex 45.3051 77.8422 5
      vertex 43.3813 77.9681 5
      vertex 45.4006 77.1046 5
    endloop
  endfacet
  facet normal -0 0 1
    outer loop
      vertex 52.0905 82.3888 5
      vertex 52.188 77.8137 5
      vertex 52.188 83.094 5
    endloop
  endfacet
  facet normal 0 0 1
    outer loop
      vertex 52.0905 82.3888 5
      vertex 52.0899 78.5202 5
      vertex 52.188 77.8137 5
    endloop
  endfacet
  facet normal -0 0 1
    outer loop
      vertex 51.7977 81.8112 5
      vertex 52.0899 78.5202 5
      vertex 52.0905 82.3888 5
    endloop
  endfacet
  facet normal 0 0 1
    outer loop
      vertex 51.7977 81.8112 5
      vertex 51.7956 79.1016 5
      vertex 52.0899 78.5202 5
    endloop
  endfacet
  facet normal -0 0 1
    outer loop
      vertex 51.3099 81.3613 5
      vertex 51.7956 79.1016 5
      vertex 51.7977 81.8112 5
    endloop
  endfacet
  facet normal 0 0 1
    outer loop
      vertex 51.3099 81.3613 5
      vertex 51.3051 79.5581 5
      vertex 51.7956 79.1016 5
    endloop
  endfacet
  facet normal -0 0 1
    outer loop
      vertex 50.6348 81.0396 5
      vertex 51.3051 79.5581 5
      vertex 51.3099 81.3613 5
    endloop
  endfacet
  facet normal 0 0 1
    outer loop
      vertex 50.6348 81.0396 5
      vertex 50.6284 79.8864 5
      vertex 51.3051 79.5581 5
    endloop
  endfacet
  facet normal -0 0 1
    outer loop
      vertex 49.7803 80.8466 5
      vertex 50.6284 79.8864 5
      vertex 50.6348 81.0396 5
    endloop
  endfacet
  facet normal 0 0 1
    outer loop
      vertex 49.7803 80.8466 5
      vertex 49.7756 80.0834 5
      vertex 50.6284 79.8864 5
    endloop
  endfacet
  facet normal -0 0 1
    outer loop
      vertex 48.7466 80.7822 5
      vertex 49.7756 80.0834 5
      vertex 49.7803 80.8466 5
    endloop
  endfacet
  facet normal 0 0 1
    outer loop
      vertex 48.7466 80.7822 5
      vertex 48.7466 80.1491 5
      vertex 49.7756 80.0834 5
    endloop
  endfacet
  facet normal 0 0 1
    outer loop
      vertex 48.7466 80.7822 5
      vertex 47.7033 80.0866 5
      vertex 48.7466 80.1491 5
    endloop
  endfacet
  facet normal 0 0 1
    outer loop
      vertex 47.6938 80.8447 5
      vertex 47.7033 80.0866 5
      vertex 48.7466 80.7822 5
    endloop
  endfacet
  facet normal 0 0 1
    outer loop
      vertex 47.6938 80.8447 5
      vertex 46.8457 79.8991 5
      vertex 47.7033 80.0866 5
    endloop
  endfacet
  facet normal 0 0 1
    outer loop
      vertex 46.8331 81.0322 5
      vertex 46.8457 79.8991 5
      vertex 47.6938 80.8447 5
    endloop
  endfacet
  facet normal 0 0 1
    outer loop
      vertex 46.8331 81.0322 5
      vertex 46.1738 79.5866 5
      vertex 46.8457 79.8991 5
    endloop
  endfacet
  facet normal 0 0 1
    outer loop
      vertex 46.1643 81.3447 5
      vertex 46.1738 79.5866 5
      vertex 46.8331 81.0322 5
    endloop
  endfacet
  facet normal 0 0 1
    outer loop
      vertex 46.1643 81.3447 5
      vertex 45.6912 79.1428 5
      vertex 46.1738 79.5866 5
    endloop
  endfacet
  facet normal 0 0 1
    outer loop
      vertex 45.687 81.7923 5
      vertex 45.6912 79.1428 5
      vertex 46.1643 81.3447 5
    endloop
  endfacet
  facet normal -0 0 1
    outer loop
      vertex 43.4952 79.7442 5
      vertex 45.6912 79.1428 5
      vertex 45.687 81.7923 5
    endloop
  endfacet
  facet normal 0 0 1
    outer loop
      vertex 42.9551 80.7991 5
      vertex 45.687 81.7923 5
      vertex 45.4006 82.3848 5
    endloop
  endfacet
  facet normal 0 0 1
    outer loop
      vertex 42.5 81.1485 5
      vertex 45.4006 82.3848 5
      vertex 45.3051 83.1225 5
    endloop
  endfacet
  facet normal 0 0 1
    outer loop
      vertex 45.687 81.7923 5
      vertex 43.2927 80.3257 5
      vertex 43.4952 79.7442 5
    endloop
  endfacet
  facet normal 0 0 1
    outer loop
      vertex 52.188 77.8137 5
      vertex 88.9 127 5
      vertex 52.188 83.094 5
    endloop
  endfacet
  facet normal 0 0 1
    outer loop
      vertex 52.0931 102.842 5
      vertex 88.9 127 5
      vertex 52.0931 103.687 5
    endloop
  endfacet
  facet normal 0 0 1
    outer loop
      vertex 88.9 127 5
      vertex 48.6706 103.687 5
      vertex 52.0931 103.687 5
    endloop
  endfacet
  facet normal 0 0 1
    outer loop
      vertex 88.9 127 5
      vertex 48.0883 103.648 5
      vertex 48.6706 103.687 5
    endloop
  endfacet
  facet normal -0 0 1
    outer loop
      vertex 0 127 5
      vertex 48.0883 103.648 5
      vertex 88.9 127 5
    endloop
  endfacet
  facet normal 0 0 1
    outer loop
      vertex 36.7795 84.7479 5
      vertex 46.8621 99.2343 5
      vertex 46.8621 102.201 5
    endloop
  endfacet
  facet normal 0 0 1
    outer loop
      vertex 46.8621 99.2343 5
      vertex 36.7795 84.7479 5
      vertex 46.8621 94.2922 5
    endloop
  endfacet
  facet normal 0 -0 1
    outer loop
      vertex 38.8823 84.6434 5
      vertex 46.8621 94.2922 5
      vertex 36.7795 84.7479 5
    endloop
  endfacet
  facet normal 0 0 1
    outer loop
      vertex 46.8621 91.3253 5
      vertex 46.1738 84.8669 5
      vertex 46.8457 85.1794 5
    endloop
  endfacet
  facet normal 0 0 1
    outer loop
      vertex 46.8621 91.3253 5
      vertex 38.8823 84.6434 5
      vertex 46.1738 84.8669 5
    endloop
  endfacet
  facet normal 0 0 1
    outer loop
      vertex 46.1738 84.8669 5
      vertex 38.8823 84.6434 5
      vertex 45.6912 84.423 5
    endloop
  endfacet
  facet normal 0 0 1
    outer loop
      vertex 45.6912 84.423 5
      vertex 38.8823 84.6434 5
      vertex 45.4016 83.8416 5
    endloop
  endfacet
  facet normal 0 0 1
    outer loop
      vertex 45.6912 79.1428 5
      vertex 43.5627 79.0546 5
      vertex 45.4016 78.5613 5
    endloop
  endfacet
  facet normal -0 0 1
    outer loop
      vertex 43.4678 72.8468 5
      vertex 45.4048 72.1218 5
      vertex 43.4678 73.8009 5
    endloop
  endfacet
  facet normal 0 0 1
    outer loop
      vertex 45.4048 59.1594 5
      vertex 43.5627 55.8873 5
      vertex 43.5627 55.1182 5
    endloop
  endfacet
  facet normal -0 -0 1
    outer loop
      vertex 43.337 45.8623 5
      vertex 46.1738 45.8047 5
      vertex 43.0548 46.3106 5
    endloop
  endfacet
  facet normal 0 0 1
    outer loop
      vertex 45.4016 44.7794 5
      vertex 43.5627 44.6303 5
      vertex 45.3051 44.0603 5
    endloop
  endfacet
  facet normal 0 0 1
    outer loop
      vertex 43.4678 70.0746 5
      vertex 45.4048 72.1218 5
      vertex 43.4678 72.8468 5
    endloop
  endfacet
  facet normal 0 -0 1
    outer loop
      vertex 41.9446 81.3582 5
      vertex 45.4016 83.8416 5
      vertex 38.8823 84.6434 5
    endloop
  endfacet
  facet normal 0 0 1
    outer loop
      vertex 36.7795 84.7479 5
      vertex 46.8621 102.201 5
      vertex 46.909 102.673 5
    endloop
  endfacet
  facet normal 0 0 1
    outer loop
      vertex 43.5174 78.4713 5
      vertex 45.4016 78.5613 5
      vertex 43.5627 79.0546 5
    endloop
  endfacet
  facet normal 0 -0 1
    outer loop
      vertex 43.5627 79.0546 5
      vertex 45.6912 79.1428 5
      vertex 43.4952 79.7442 5
    endloop
  endfacet
  facet normal 0 0 1
    outer loop
      vertex 45.687 81.7923 5
      vertex 42.9551 80.7991 5
      vertex 43.2927 80.3257 5
    endloop
  endfacet
  facet normal 0 0 1
    outer loop
      vertex 45.4006 82.3848 5
      vertex 42.5 81.1485 5
      vertex 42.9551 80.7991 5
    endloop
  endfacet
  facet normal 0 0 1
    outer loop
      vertex 45.4016 83.8416 5
      vertex 41.9446 81.3582 5
      vertex 45.3051 83.1225 5
    endloop
  endfacet
  facet normal 0 0 1
    outer loop
      vertex 45.3051 83.1225 5
      vertex 41.9446 81.3582 5
      vertex 42.5 81.1485 5
    endloop
  endfacet
  facet normal 0 0 1
    outer loop
      vertex 41.9446 81.3582 5
      vertex 38.8823 84.6434 5
      vertex 41.289 81.4281 5
    endloop
  endfacet
  facet normal -0 0 1
    outer loop
      vertex 38.8823 83.9694 5
      vertex 41.289 81.4281 5
      vertex 38.8823 84.6434 5
    endloop
  endfacet
  facet normal -0 0 1
    outer loop
      vertex 38.8823 82.8918 5
      vertex 41.289 81.4281 5
      vertex 38.8823 83.9694 5
    endloop
  endfacet
  facet normal 0 0 1
    outer loop
      vertex 41.289 81.4281 5
      vertex 38.8823 82.8918 5
      vertex 40.7078 81.3629 5
    endloop
  endfacet
  facet normal -0 0 1
    outer loop
      vertex 38.8823 82.2225 5
      vertex 40.7078 81.3629 5
      vertex 38.8823 82.8918 5
    endloop
  endfacet
  facet normal 0 0 1
    outer loop
      vertex 40.2046 81.1675 5
      vertex 38.8823 82.2225 5
      vertex 39.7795 80.8418 5
    endloop
  endfacet
  facet normal 0 0 1
    outer loop
      vertex 40.7078 81.3629 5
      vertex 38.8823 82.2225 5
      vertex 40.2046 81.1675 5
    endloop
  endfacet
  facet normal 0 0 1
    outer loop
      vertex 0 127 5
      vertex 46.909 102.673 5
      vertex 47.0499 103.05 5
    endloop
  endfacet
  facet normal 0 0 1
    outer loop
      vertex 46.8621 94.2922 5
      vertex 38.8823 84.6434 5
      vertex 46.8621 91.3253 5
    endloop
  endfacet
  facet normal 0 0 1
    outer loop
      vertex 0 127 5
      vertex 36.7795 83.8745 5
      vertex 36.7795 84.7479 5
    endloop
  endfacet
  facet normal 0 0 1
    outer loop
      vertex 36.7795 83.8745 5
      vertex 0 127 5
      vertex 36.7795 82.9963 5
    endloop
  endfacet
  facet normal 0 0 1
    outer loop
      vertex 36.7795 82.9963 5
      vertex 0 127 5
      vertex 36.7795 82.1229 5
    endloop
  endfacet
  facet normal 0 0 1
    outer loop
      vertex 36.7795 82.1229 5
      vertex 0 127 5
      vertex 36.7795 81.0388 5
    endloop
  endfacet
  facet normal 0 0 1
    outer loop
      vertex 36.7795 81.0388 5
      vertex 0 127 5
      vertex 36.7795 77.2365 5
    endloop
  endfacet
  facet normal 0 0 1
    outer loop
      vertex 36.7795 77.2365 5
      vertex 0 127 5
      vertex 36.7795 66.0743 5
    endloop
  endfacet
  facet normal 0 0 1
    outer loop
      vertex 36.7795 66.0743 5
      vertex 0 127 5
      vertex 36.7795 65.201 5
    endloop
  endfacet
  facet normal 0 0 1
    outer loop
      vertex 36.7795 65.201 5
      vertex 0 127 5
      vertex 36.7795 64.3227 5
    endloop
  endfacet
  facet normal 0 -0 1
    outer loop
      vertex 36.4234 57.8192 5
      vertex 36.7795 64.3227 5
      vertex 0 127 5
    endloop
  endfacet
  facet normal 0 0 1
    outer loop
      vertex 36.7795 64.3227 5
      vertex 36.4234 57.8192 5
      vertex 36.7795 63.4494 5
    endloop
  endfacet
  facet normal 0 0 1
    outer loop
      vertex 36.7795 63.4494 5
      vertex 36.6798 60.4713 5
      vertex 36.7328 61.0934 5
    endloop
  endfacet
  facet normal 0 0 1
    outer loop
      vertex 0 0 5
      vertex 36.4234 57.8192 5
      vertex 0 127 5
    endloop
  endfacet
  facet normal 0 0 1
    outer loop
      vertex 36.7795 63.4494 5
      vertex 36.4234 57.8192 5
      vertex 36.6798 60.4713 5
    endloop
  endfacet
  facet normal 0 0 1
    outer loop
      vertex 46.909 102.673 5
      vertex 0 127 5
      vertex 36.7795 84.7479 5
    endloop
  endfacet
  facet normal 0 0 1
    outer loop
      vertex 47.2845 103.333 5
      vertex 0 127 5
      vertex 47.0499 103.05 5
    endloop
  endfacet
  facet normal 0 0 1
    outer loop
      vertex 47.6263 103.53 5
      vertex 0 127 5
      vertex 47.2845 103.333 5
    endloop
  endfacet
  facet normal 0 0 1
    outer loop
      vertex 48.0883 103.648 5
      vertex 0 127 5
      vertex 47.6263 103.53 5
    endloop
  endfacet
  facet normal 0 0 1
    outer loop
      vertex 52.0931 74.2976 5
      vertex 88.9 127 5
      vertex 52.188 77.8137 5
    endloop
  endfacet
  facet normal 0 0 1
    outer loop
      vertex 52.0931 73.372 5
      vertex 88.9 127 5
      vertex 52.0931 74.2976 5
    endloop
  endfacet
  facet normal -0 0 1
    outer loop
      vertex 52.188 38.5853 5
      vertex 88.9 0 5
      vertex 52.188 44.0318 5
    endloop
  endfacet
  facet normal -0 0 1
    outer loop
      vertex 52.1514 38.0977 5
      vertex 88.9 0 5
      vertex 52.188 38.5853 5
    endloop
  endfacet
  facet normal -0 0 1
    outer loop
      vertex 52.188 25.5673 5
      vertex 88.9 0 5
      vertex 52.188 30.8476 5
    endloop
  endfacet
  facet normal -0 0 1
    outer loop
      vertex 52.1316 24.9041 5
      vertex 88.9 0 5
      vertex 52.188 25.5673 5
    endloop
  endfacet
  facet normal -0 0 1
    outer loop
      vertex 51.9623 24.3447 5
      vertex 88.9 0 5
      vertex 52.1316 24.9041 5
    endloop
  endfacet
  facet normal -0 0 1
    outer loop
      vertex 51.6801 23.8893 5
      vertex 88.9 0 5
      vertex 51.9623 24.3447 5
    endloop
  endfacet
  facet normal -0 0 1
    outer loop
      vertex 51.294 23.553 5
      vertex 88.9 0 5
      vertex 51.6801 23.8893 5
    endloop
  endfacet
  facet normal -0 0 1
    outer loop
      vertex 50.813 23.3513 5
      vertex 88.9 0 5
      vertex 51.294 23.553 5
    endloop
  endfacet
  facet normal -0 0 1
    outer loop
      vertex 50.2371 23.284 5
      vertex 88.9 0 5
      vertex 50.813 23.3513 5
    endloop
  endfacet
  facet normal 0 0 1
    outer loop
      vertex 47.0187 23.4407 5
      vertex 50.2371 23.284 5
      vertex 49.8236 23.3257 5
    endloop
  endfacet
  facet normal 0 0 1
    outer loop
      vertex 47.3853 23.4758 5
      vertex 49.8236 23.3257 5
      vertex 49.4565 23.4507 5
    endloop
  endfacet
  facet normal 0 0 1
    outer loop
      vertex 48.457 24.2796 5
      vertex 48.5947 24.618 5
      vertex 48.5757 24.618 5
    endloop
  endfacet
  facet normal 0 0 1
    outer loop
      vertex 48.5947 24.618 5
      vertex 48.457 24.2796 5
      vertex 48.697 24.2519 5
    endloop
  endfacet
  facet normal 0 0 1
    outer loop
      vertex 48.2719 23.9924 5
      vertex 48.697 24.2519 5
      vertex 48.457 24.2796 5
    endloop
  endfacet
  facet normal 0 0 1
    outer loop
      vertex 48.697 24.2519 5
      vertex 48.2719 23.9924 5
      vertex 48.8774 23.9323 5
    endloop
  endfacet
  facet normal 0 0 1
    outer loop
      vertex 48.0203 23.7563 5
      vertex 48.8774 23.9323 5
      vertex 48.2719 23.9924 5
    endloop
  endfacet
  facet normal 0 0 1
    outer loop
      vertex 48.8774 23.9323 5
      vertex 48.0203 23.7563 5
      vertex 49.1358 23.659 5
    endloop
  endfacet
  facet normal 0 0 1
    outer loop
      vertex 47.7192 23.581 5
      vertex 49.1358 23.659 5
      vertex 48.0203 23.7563 5
    endloop
  endfacet
  facet normal 0 0 1
    outer loop
      vertex 49.1358 23.659 5
      vertex 47.7192 23.581 5
      vertex 49.4565 23.4507 5
    endloop
  endfacet
  facet normal -0 0 1
    outer loop
      vertex 47.3853 23.4758 5
      vertex 49.4565 23.4507 5
      vertex 47.7192 23.581 5
    endloop
  endfacet
  facet normal 0 0 1
    outer loop
      vertex 49.8236 23.3257 5
      vertex 47.3853 23.4758 5
      vertex 47.0187 23.4407 5
    endloop
  endfacet
  facet normal 0 0 1
    outer loop
      vertex 50.2371 23.284 5
      vertex 47.0187 23.4407 5
      vertex 88.9 0 5
    endloop
  endfacet
  facet normal 0 0 1
    outer loop
      vertex 0 0 5
      vertex 47.0187 23.4407 5
      vertex 46.5414 23.5043 5
    endloop
  endfacet
  facet normal 0 0 1
    outer loop
      vertex 0 0 5
      vertex 46.5414 23.5043 5
      vertex 46.1285 23.6949 5
    endloop
  endfacet
  facet normal 0 0 1
    outer loop
      vertex 43.5118 43.9987 5
      vertex 45.3051 44.0603 5
      vertex 43.5627 44.6303 5
    endloop
  endfacet
  facet normal 0 0 1
    outer loop
      vertex 45.4006 43.3227 5
      vertex 43.5118 43.9987 5
      vertex 43.3591 43.4583 5
    endloop
  endfacet
  facet normal 0 0 1
    outer loop
      vertex 45.4006 43.3227 5
      vertex 43.3591 43.4583 5
      vertex 43.1046 43.0092 5
    endloop
  endfacet
  facet normal 0 0 1
    outer loop
      vertex 45.6722 39.9888 5
      vertex 42.7505 42.6603 5
      vertex 45.3969 39.4255 5
    endloop
  endfacet
  facet normal -0 0 1
    outer loop
      vertex 42.2987 42.4206 5
      vertex 45.3969 39.4255 5
      vertex 42.7505 42.6603 5
    endloop
  endfacet
  facet normal -0 0 1
    outer loop
      vertex 41.7494 42.29 5
      vertex 45.3969 39.4255 5
      vertex 42.2987 42.4206 5
    endloop
  endfacet
  facet normal 0 0 1
    outer loop
      vertex 45.3969 39.4255 5
      vertex 41.7494 42.29 5
      vertex 45.3051 38.742 5
    endloop
  endfacet
  facet normal 0 0 1
    outer loop
      vertex 38.4219 42.404 5
      vertex 45.3051 38.742 5
      vertex 41.7494 42.29 5
    endloop
  endfacet
  facet normal 0 0 1
    outer loop
      vertex 45.3051 38.742 5
      vertex 38.4219 42.404 5
      vertex 45.3051 30.8286 5
    endloop
  endfacet
  facet normal 0 0 1
    outer loop
      vertex 37.9145 42.5219 5
      vertex 45.3051 30.8286 5
      vertex 38.4219 42.404 5
    endloop
  endfacet
  facet normal 0 0 1
    outer loop
      vertex 40.7407 45.5915 5
      vertex 41.5928 46.0116 5
      vertex 41.2555 45.9649 5
    endloop
  endfacet
  facet normal 0 0 1
    outer loop
      vertex 42.7236 43.8966 5
      vertex 40.4346 44.3787 5
      vertex 42.328 43.4109 5
    endloop
  endfacet
  facet normal 0 0 1
    outer loop
      vertex 40.7407 45.5915 5
      vertex 41.2555 45.9649 5
      vertex 40.9715 45.8249 5
    endloop
  endfacet
  facet normal -0 0 1
    outer loop
      vertex 40.4346 43.8945 5
      vertex 41.6687 43.173 5
      vertex 40.4346 44.3787 5
    endloop
  endfacet
  facet normal 0 0 1
    outer loop
      vertex 41.5928 46.0116 5
      vertex 40.7407 45.5915 5
      vertex 40.5707 45.2701 5
    endloop
  endfacet
  facet normal 0 0 1
    outer loop
      vertex 42.8201 45.0298 5
      vertex 40.5707 45.2701 5
      vertex 40.4686 44.8658 5
    endloop
  endfacet
  facet normal 0 0 1
    outer loop
      vertex 42.328 43.4109 5
      vertex 40.4346 44.3787 5
      vertex 41.6687 43.173 5
    endloop
  endfacet
  facet normal 0 0 1
    outer loop
      vertex 41.6687 43.173 5
      vertex 40.4346 43.8945 5
      vertex 41.7494 42.29 5
    endloop
  endfacet
  facet normal -0 0 1
    outer loop
      vertex 38.4219 42.404 5
      vertex 41.7494 42.29 5
      vertex 40.4346 43.8945 5
    endloop
  endfacet
  facet normal 0 0 1
    outer loop
      vertex 38.4219 42.404 5
      vertex 40.4346 43.8945 5
      vertex 39.694 43.8945 5
    endloop
  endfacet
  facet normal 0 0 1
    outer loop
      vertex 37.4168 44.9633 5
      vertex 39.558 45.1561 5
      vertex 38.5406 45.836 5
    endloop
  endfacet
  facet normal 0 0 1
    outer loop
      vertex 38.5406 45.836 5
      vertex 39.558 45.1561 5
      vertex 39.3879 45.4491 5
    endloop
  endfacet
  facet normal 0 0 1
    outer loop
      vertex 38.8752 45.793 5
      vertex 39.3879 45.4491 5
      vertex 39.1576 45.664 5
    endloop
  endfacet
  facet normal 0 0 1
    outer loop
      vertex 39.694 44.3597 5
      vertex 38.4884 43.2632 5
      vertex 39.694 43.8945 5
    endloop
  endfacet
  facet normal 0 0 1
    outer loop
      vertex 39.3879 45.4491 5
      vertex 38.8752 45.793 5
      vertex 38.5406 45.836 5
    endloop
  endfacet
  facet normal 0 0 1
    outer loop
      vertex 39.694 43.8945 5
      vertex 38.4884 43.2632 5
      vertex 38.4219 42.404 5
    endloop
  endfacet
  facet normal 0 0 1
    outer loop
      vertex 37.4168 44.9633 5
      vertex 38.5406 45.836 5
      vertex 38.208 45.8009 5
    endloop
  endfacet
  facet normal 0 0 1
    outer loop
      vertex 37.4873 42.7489 5
      vertex 45.3051 30.8286 5
      vertex 37.9145 42.5219 5
    endloop
  endfacet
  facet normal 0 0 1
    outer loop
      vertex 45.3568 26.1604 5
      vertex 37.4873 42.7489 5
      vertex 45.3051 25.5483 5
    endloop
  endfacet
  facet normal 0 0 1
    outer loop
      vertex 37.1402 43.0852 5
      vertex 45.3051 25.5483 5
      vertex 37.4873 42.7489 5
    endloop
  endfacet
  facet normal 0 0 1
    outer loop
      vertex 45.3051 25.5483 5
      vertex 37.1402 43.0852 5
      vertex 45.3578 24.9494 5
    endloop
  endfacet
  facet normal 0 0 1
    outer loop
      vertex 0 0 5
      vertex 45.3578 24.9494 5
      vertex 37.1402 43.0852 5
    endloop
  endfacet
  facet normal 0 0 1
    outer loop
      vertex 0 0 5
      vertex 37.1402 43.0852 5
      vertex 36.8844 43.5132 5
    endloop
  endfacet
  facet normal 0 0 1
    outer loop
      vertex 36.4234 57.8192 5
      vertex 0 0 5
      vertex 36.4234 57.0692 5
    endloop
  endfacet
  facet normal 0 0 1
    outer loop
      vertex 36.7795 52.3538 5
      vertex 0 0 5
      vertex 36.6798 44.5923 5
    endloop
  endfacet
  facet normal 0 0 1
    outer loop
      vertex 36.6798 44.5923 5
      vertex 0 0 5
      vertex 36.7309 44.0155 5
    endloop
  endfacet
  facet normal 0 0 1
    outer loop
      vertex 47.0187 23.4407 5
      vertex 0 0 5
      vertex 88.9 0 5
    endloop
  endfacet
  facet normal 0 0 1
    outer loop
      vertex 45.7798 24.0127 5
      vertex 0 0 5
      vertex 46.1285 23.6949 5
    endloop
  endfacet
  facet normal 0 0 1
    outer loop
      vertex 45.5161 24.4375 5
      vertex 0 0 5
      vertex 45.7798 24.0127 5
    endloop
  endfacet
  facet normal 0 0 1
    outer loop
      vertex 45.3578 24.9494 5
      vertex 0 0 5
      vertex 45.5161 24.4375 5
    endloop
  endfacet
  facet normal 0 0 1
    outer loop
      vertex 36.7309 44.0155 5
      vertex 0 0 5
      vertex 36.8844 43.5132 5
    endloop
  endfacet
  facet normal 0 0 1
    outer loop
      vertex 52.0931 100.72 5
      vertex 88.9 127 5
      vertex 52.0931 102.842 5
    endloop
  endfacet
  facet normal 0 0 1
    outer loop
      vertex 52.0931 99.8751 5
      vertex 88.9 127 5
      vertex 52.0931 100.72 5
    endloop
  endfacet
  facet normal 0 0 1
    outer loop
      vertex 52.0931 97.7533 5
      vertex 88.9 127 5
      vertex 52.0931 99.8751 5
    endloop
  endfacet
  facet normal 0 0 1
    outer loop
      vertex 52.0931 96.9035 5
      vertex 88.9 127 5
      vertex 52.0931 97.7533 5
    endloop
  endfacet
  facet normal 0 0 1
    outer loop
      vertex 52.0931 95.7779 5
      vertex 88.9 127 5
      vertex 52.0931 96.9035 5
    endloop
  endfacet
  facet normal 0 0 1
    outer loop
      vertex 52.0931 94.933 5
      vertex 88.9 127 5
      vertex 52.0931 95.7779 5
    endloop
  endfacet
  facet normal 0 0 1
    outer loop
      vertex 52.0931 92.8112 5
      vertex 88.9 127 5
      vertex 52.0931 94.933 5
    endloop
  endfacet
  facet normal 0 0 1
    outer loop
      vertex 52.0931 91.9662 5
      vertex 88.9 127 5
      vertex 52.0931 92.8112 5
    endloop
  endfacet
  facet normal 0 0 1
    outer loop
      vertex 52.0931 89.8444 5
      vertex 88.9 127 5
      vertex 52.0931 91.9662 5
    endloop
  endfacet
  facet normal 0 0 1
    outer loop
      vertex 52.0931 88.9946 5
      vertex 88.9 127 5
      vertex 52.0931 89.8444 5
    endloop
  endfacet
  facet normal 0 0 1
    outer loop
      vertex 88.9 127 5
      vertex 52.0931 88.9946 5
      vertex 52.188 83.094 5
    endloop
  endfacet
  facet normal 0 0 1
    outer loop
      vertex 52.0931 88.9946 5
      vertex 52.0899 83.8004 5
      vertex 52.188 83.094 5
    endloop
  endfacet
  facet normal 0 0 1
    outer loop
      vertex 52.0931 88.9946 5
      vertex 51.7956 84.3819 5
      vertex 52.0899 83.8004 5
    endloop
  endfacet
  facet normal 0 0 1
    outer loop
      vertex 52.0931 88.9946 5
      vertex 51.3051 84.8384 5
      vertex 51.7956 84.3819 5
    endloop
  endfacet
  facet normal 0 0 1
    outer loop
      vertex 52.0931 88.9946 5
      vertex 50.6284 85.1667 5
      vertex 51.3051 84.8384 5
    endloop
  endfacet
  facet normal 0 0 1
    outer loop
      vertex 52.0931 88.9946 5
      vertex 49.7756 85.3637 5
      vertex 50.6284 85.1667 5
    endloop
  endfacet
  facet normal -0 0 1
    outer loop
      vertex 48.0536 88.9946 5
      vertex 49.7756 85.3637 5
      vertex 52.0931 88.9946 5
    endloop
  endfacet
  facet normal 0 0 1
    outer loop
      vertex 49.7756 85.3637 5
      vertex 48.0536 88.9946 5
      vertex 48.7466 85.4294 5
    endloop
  endfacet
  facet normal 0 0 1
    outer loop
      vertex 48.0536 88.9946 5
      vertex 47.7033 85.3669 5
      vertex 48.7466 85.4294 5
    endloop
  endfacet
  facet normal -0 0 1
    outer loop
      vertex 47.533 88.9915 5
      vertex 47.7033 85.3669 5
      vertex 48.0536 88.9946 5
    endloop
  endfacet
  facet normal -0 0 1
    outer loop
      vertex 47.1675 88.982 5
      vertex 47.7033 85.3669 5
      vertex 47.533 88.9915 5
    endloop
  endfacet
  facet normal -0 0 1
    outer loop
      vertex 46.957 88.9662 5
      vertex 47.7033 85.3669 5
      vertex 47.1675 88.982 5
    endloop
  endfacet
  facet normal 0 0 1
    outer loop
      vertex 46.8621 91.3253 5
      vertex 46.957 88.9662 5
      vertex 46.8858 91.001 5
    endloop
  endfacet
  facet normal 0 0 1
    outer loop
      vertex 46.957 88.9662 5
      vertex 46.8457 85.1794 5
      vertex 47.7033 85.3669 5
    endloop
  endfacet
  facet normal 0 0 1
    outer loop
      vertex 46.8457 85.1794 5
      vertex 46.957 88.9662 5
      vertex 46.8621 91.3253 5
    endloop
  endfacet
  facet normal 0 0 1
    outer loop
      vertex 52.0931 68.9367 5
      vertex 88.9 127 5
      vertex 52.0931 69.829 5
    endloop
  endfacet
  facet normal 0 0 1
    outer loop
      vertex 52.0931 66.8415 5
      vertex 88.9 127 5
      vertex 52.0931 68.9367 5
    endloop
  endfacet
  facet normal 0 0 1
    outer loop
      vertex 52.0931 62.4127 5
      vertex 88.9 127 5
      vertex 52.0931 66.8415 5
    endloop
  endfacet
  facet normal 0 0 1
    outer loop
      vertex 88.9 127 5
      vertex 52.0931 62.4127 5
      vertex 88.9 0 5
    endloop
  endfacet
  facet normal -0 0 1
    outer loop
      vertex 52.0931 61.5755 5
      vertex 88.9 0 5
      vertex 52.0931 62.4127 5
    endloop
  endfacet
  facet normal -0 0 1
    outer loop
      vertex 52.0931 57.384 5
      vertex 88.9 0 5
      vertex 52.0931 61.5755 5
    endloop
  endfacet
  facet normal -0 0 1
    outer loop
      vertex 52.0931 54.0148 5
      vertex 88.9 0 5
      vertex 52.0931 57.384 5
    endloop
  endfacet
  facet normal -0 0 1
    outer loop
      vertex 52.0931 53.0607 5
      vertex 88.9 0 5
      vertex 52.0931 54.0148 5
    endloop
  endfacet
  facet normal -0 0 1
    outer loop
      vertex 52.0931 50.2885 5
      vertex 88.9 0 5
      vertex 52.0931 53.0607 5
    endloop
  endfacet
  facet normal -0 0 1
    outer loop
      vertex 52.0931 49.3676 5
      vertex 88.9 0 5
      vertex 52.0931 50.2885 5
    endloop
  endfacet
  facet normal 0 0 1
    outer loop
      vertex 88.9 0 5
      vertex 52.0931 49.3676 5
      vertex 52.188 44.0318 5
    endloop
  endfacet
  facet normal 0 0 1
    outer loop
      vertex 52.0931 49.3676 5
      vertex 52.0899 44.7383 5
      vertex 52.188 44.0318 5
    endloop
  endfacet
  facet normal 0 0 1
    outer loop
      vertex 52.0931 49.3676 5
      vertex 51.7956 45.3197 5
      vertex 52.0899 44.7383 5
    endloop
  endfacet
  facet normal 0 0 1
    outer loop
      vertex 52.0931 49.3676 5
      vertex 51.3051 45.7762 5
      vertex 51.7956 45.3197 5
    endloop
  endfacet
  facet normal 0 0 1
    outer loop
      vertex 52.0931 49.3676 5
      vertex 50.6284 46.1045 5
      vertex 51.3051 45.7762 5
    endloop
  endfacet
  facet normal 0 0 1
    outer loop
      vertex 52.0931 49.3676 5
      vertex 49.7756 46.3015 5
      vertex 50.6284 46.1045 5
    endloop
  endfacet
  facet normal 0 0 1
    outer loop
      vertex 49.4538 51.1952 5
      vertex 49.7756 46.3015 5
      vertex 52.0931 49.3676 5
    endloop
  endfacet
  facet normal 0 0 1
    outer loop
      vertex 49.4538 51.1952 5
      vertex 48.7466 46.3672 5
      vertex 49.7756 46.3015 5
    endloop
  endfacet
  facet normal -0 0 1
    outer loop
      vertex 46.957 49.453 5
      vertex 48.7466 46.3672 5
      vertex 49.4538 51.1952 5
    endloop
  endfacet
  facet normal 0 0 1
    outer loop
      vertex 48.7466 46.3672 5
      vertex 46.957 49.453 5
      vertex 47.7033 46.3047 5
    endloop
  endfacet
  facet normal 0 0 1
    outer loop
      vertex 47.7033 46.3047 5
      vertex 46.957 49.453 5
      vertex 46.8457 46.1172 5
    endloop
  endfacet
  facet normal 0 0 1
    outer loop
      vertex 52.188 30.8476 5
      vertex 52.0931 34.3098 5
      vertex 52.1306 31.5248 5
    endloop
  endfacet
  facet normal 0 0 1
    outer loop
      vertex 52.0931 34.3098 5
      vertex 51.9581 32.0881 5
      vertex 52.1306 31.5248 5
    endloop
  endfacet
  facet normal 0 0 1
    outer loop
      vertex 52.0931 34.3098 5
      vertex 51.6707 32.5375 5
      vertex 51.9581 32.0881 5
    endloop
  endfacet
  facet normal 0 0 1
    outer loop
      vertex 52.0931 34.3098 5
      vertex 51.2804 32.8645 5
      vertex 51.6707 32.5375 5
    endloop
  endfacet
  facet normal -0 0 1
    outer loop
      vertex 51.0535 34.3098 5
      vertex 51.2804 32.8645 5
      vertex 52.0931 34.3098 5
    endloop
  endfacet
  facet normal 0 0 1
    outer loop
      vertex 51.2804 32.8645 5
      vertex 51.0535 34.3098 5
      vertex 50.7993 33.0607 5
    endloop
  endfacet
  facet normal 0 0 1
    outer loop
      vertex 48.9554 51.6793 5
      vertex 46.957 52.9515 5
      vertex 46.957 50.3977 5
    endloop
  endfacet
  facet normal 0 0 1
    outer loop
      vertex 47.8352 100.644 5
      vertex 47.5272 100.518 5
      vertex 47.8352 100.63 5
    endloop
  endfacet
  facet normal 0 0 1
    outer loop
      vertex 47.5224 100.834 5
      vertex 47.5272 100.518 5
      vertex 47.8352 100.644 5
    endloop
  endfacet
  facet normal 0 0 1
    outer loop
      vertex 47.5224 100.834 5
      vertex 47.2803 100.361 5
      vertex 47.5272 100.518 5
    endloop
  endfacet
  facet normal 0 0 1
    outer loop
      vertex 47.274 101.048 5
      vertex 47.2803 100.361 5
      vertex 47.5224 100.834 5
    endloop
  endfacet
  facet normal 0 0 1
    outer loop
      vertex 47.274 101.048 5
      vertex 47.0947 100.157 5
      vertex 47.2803 100.361 5
    endloop
  endfacet
  facet normal 0 0 1
    outer loop
      vertex 47.09 101.287 5
      vertex 47.0947 100.157 5
      vertex 47.274 101.048 5
    endloop
  endfacet
  facet normal 0 0 1
    outer loop
      vertex 47.09 101.287 5
      vertex 46.9655 99.9041 5
      vertex 47.0947 100.157 5
    endloop
  endfacet
  facet normal 0 0 1
    outer loop
      vertex 46.9634 101.557 5
      vertex 46.9655 99.9041 5
      vertex 47.09 101.287 5
    endloop
  endfacet
  facet normal 0 0 1
    outer loop
      vertex 46.9634 101.557 5
      vertex 46.8879 99.5963 5
      vertex 46.9655 99.9041 5
    endloop
  endfacet
  facet normal 0 0 1
    outer loop
      vertex 46.8874 101.861 5
      vertex 46.8879 99.5963 5
      vertex 46.9634 101.557 5
    endloop
  endfacet
  facet normal 0 0 1
    outer loop
      vertex 46.8621 102.201 5
      vertex 46.8879 99.5963 5
      vertex 46.8874 101.861 5
    endloop
  endfacet
  facet normal 0 0 1
    outer loop
      vertex 46.8879 99.5963 5
      vertex 46.8621 102.201 5
      vertex 46.8621 99.2343 5
    endloop
  endfacet
  facet normal 0 0 1
    outer loop
      vertex 47.8352 92.7352 5
      vertex 47.5272 92.6094 5
      vertex 47.8352 92.7209 5
    endloop
  endfacet
  facet normal 0 0 1
    outer loop
      vertex 47.5224 92.9248 5
      vertex 47.5272 92.6094 5
      vertex 47.8352 92.7352 5
    endloop
  endfacet
  facet normal 0 0 1
    outer loop
      vertex 47.5224 92.9248 5
      vertex 47.2803 92.4519 5
      vertex 47.5272 92.6094 5
    endloop
  endfacet
  facet normal 0 0 1
    outer loop
      vertex 47.274 93.1392 5
      vertex 47.2803 92.4519 5
      vertex 47.5224 92.9248 5
    endloop
  endfacet
  facet normal 0 0 1
    outer loop
      vertex 47.274 93.1392 5
      vertex 47.0947 92.2486 5
      vertex 47.2803 92.4519 5
    endloop
  endfacet
  facet normal 0 0 1
    outer loop
      vertex 47.09 93.3784 5
      vertex 47.0947 92.2486 5
      vertex 47.274 93.1392 5
    endloop
  endfacet
  facet normal 0 0 1
    outer loop
      vertex 47.09 93.3784 5
      vertex 46.9655 91.9952 5
      vertex 47.0947 92.2486 5
    endloop
  endfacet
  facet normal 0 0 1
    outer loop
      vertex 46.9634 93.6476 5
      vertex 46.9655 91.9952 5
      vertex 47.09 93.3784 5
    endloop
  endfacet
  facet normal 0 0 1
    outer loop
      vertex 46.9634 93.6476 5
      vertex 46.8879 91.6874 5
      vertex 46.9655 91.9952 5
    endloop
  endfacet
  facet normal 0 0 1
    outer loop
      vertex 46.8874 93.9522 5
      vertex 46.8879 91.6874 5
      vertex 46.9634 93.6476 5
    endloop
  endfacet
  facet normal 0 0 1
    outer loop
      vertex 46.8621 94.2922 5
      vertex 46.8879 91.6874 5
      vertex 46.8874 93.9522 5
    endloop
  endfacet
  facet normal 0 0 1
    outer loop
      vertex 46.8879 91.6874 5
      vertex 46.8621 94.2922 5
      vertex 46.8621 91.3253 5
    endloop
  endfacet
  facet normal 0 0 1
    outer loop
      vertex 47.8352 89.8254 5
      vertex 47.6118 89.8051 5
      vertex 47.8352 89.8111 5
    endloop
  endfacet
  facet normal 0 0 1
    outer loop
      vertex 47.5082 90.0179 5
      vertex 47.6118 89.8051 5
      vertex 47.8352 89.8254 5
    endloop
  endfacet
  facet normal 0 0 1
    outer loop
      vertex 47.5082 90.0179 5
      vertex 47.4417 89.7995 5
      vertex 47.6118 89.8051 5
    endloop
  endfacet
  facet normal 0 0 1
    outer loop
      vertex 47.5082 90.0179 5
      vertex 47.3249 89.7945 5
      vertex 47.4417 89.7995 5
    endloop
  endfacet
  facet normal 0 0 1
    outer loop
      vertex 47.255 90.2283 5
      vertex 47.3249 89.7945 5
      vertex 47.5082 90.0179 5
    endloop
  endfacet
  facet normal 0 0 1
    outer loop
      vertex 47.255 90.2283 5
      vertex 47.2382 89.79 5
      vertex 47.3249 89.7945 5
    endloop
  endfacet
  facet normal 0 0 1
    outer loop
      vertex 47.255 90.2283 5
      vertex 47.1583 89.7861 5
      vertex 47.2382 89.79 5
    endloop
  endfacet
  facet normal 0 0 1
    outer loop
      vertex 47.255 90.2283 5
      vertex 47.0852 89.7826 5
      vertex 47.1583 89.7861 5
    endloop
  endfacet
  facet normal 0 0 1
    outer loop
      vertex 46.957 89.7732 5
      vertex 47.255 90.2283 5
      vertex 47.0757 90.4567 5
    endloop
  endfacet
  facet normal 0 0 1
    outer loop
      vertex 47.255 90.2283 5
      vertex 47.0245 89.7794 5
      vertex 47.0852 89.7826 5
    endloop
  endfacet
  facet normal 0 0 1
    outer loop
      vertex 47.255 90.2283 5
      vertex 46.9818 89.7763 5
      vertex 47.0245 89.7794 5
    endloop
  endfacet
  facet normal 0 0 1
    outer loop
      vertex 46.957 89.7732 5
      vertex 47.0757 90.4567 5
      vertex 46.9571 90.7115 5
    endloop
  endfacet
  facet normal 0 0 1
    outer loop
      vertex 47.255 90.2283 5
      vertex 46.957 89.7732 5
      vertex 46.9818 89.7763 5
    endloop
  endfacet
  facet normal 0 0 1
    outer loop
      vertex 46.957 89.7732 5
      vertex 46.8858 91.001 5
      vertex 46.957 88.9662 5
    endloop
  endfacet
  facet normal 0 0 1
    outer loop
      vertex 46.8858 91.001 5
      vertex 46.957 89.7732 5
      vertex 46.9571 90.7115 5
    endloop
  endfacet
  facet normal 0 0 1
    outer loop
      vertex 47.8352 97.7343 5
      vertex 47.6118 97.714 5
      vertex 47.8352 97.72 5
    endloop
  endfacet
  facet normal 0 0 1
    outer loop
      vertex 47.5082 97.9268 5
      vertex 47.6118 97.714 5
      vertex 47.8352 97.7343 5
    endloop
  endfacet
  facet normal 0 0 1
    outer loop
      vertex 47.5082 97.9268 5
      vertex 47.4417 97.7084 5
      vertex 47.6118 97.714 5
    endloop
  endfacet
  facet normal 0 0 1
    outer loop
      vertex 47.5082 97.9268 5
      vertex 47.3249 97.7034 5
      vertex 47.4417 97.7084 5
    endloop
  endfacet
  facet normal 0 0 1
    outer loop
      vertex 47.255 98.1373 5
      vertex 47.3249 97.7034 5
      vertex 47.5082 97.9268 5
    endloop
  endfacet
  facet normal 0 0 1
    outer loop
      vertex 47.255 98.1373 5
      vertex 47.2382 97.6989 5
      vertex 47.3249 97.7034 5
    endloop
  endfacet
  facet normal 0 0 1
    outer loop
      vertex 47.255 98.1373 5
      vertex 47.1583 97.695 5
      vertex 47.2382 97.6989 5
    endloop
  endfacet
  facet normal 0 0 1
    outer loop
      vertex 47.255 98.1373 5
      vertex 47.0852 97.6915 5
      vertex 47.1583 97.695 5
    endloop
  endfacet
  facet normal 0 0 1
    outer loop
      vertex 46.957 97.6821 5
      vertex 47.255 98.1373 5
      vertex 47.0757 98.3656 5
    endloop
  endfacet
  facet normal 0 0 1
    outer loop
      vertex 47.255 98.1373 5
      vertex 47.0245 97.6884 5
      vertex 47.0852 97.6915 5
    endloop
  endfacet
  facet normal 0 0 1
    outer loop
      vertex 47.255 98.1373 5
      vertex 46.9818 97.6852 5
      vertex 47.0245 97.6884 5
    endloop
  endfacet
  facet normal 0 0 1
    outer loop
      vertex 46.957 97.6821 5
      vertex 47.0757 98.3656 5
      vertex 46.9571 98.6204 5
    endloop
  endfacet
  facet normal 0 0 1
    outer loop
      vertex 47.255 98.1373 5
      vertex 46.957 97.6821 5
      vertex 46.9818 97.6852 5
    endloop
  endfacet
  facet normal 0 0 1
    outer loop
      vertex 46.8858 98.9099 5
      vertex 46.957 96.8751 5
      vertex 46.957 97.6821 5
    endloop
  endfacet
  facet normal 0 0 1
    outer loop
      vertex 46.8858 98.9099 5
      vertex 46.957 97.6821 5
      vertex 46.9571 98.6204 5
    endloop
  endfacet
  facet normal 0 0 1
    outer loop
      vertex 46.957 96.8751 5
      vertex 46.8858 98.9099 5
      vertex 46.8621 94.2922 5
    endloop
  endfacet
  facet normal 0 0 1
    outer loop
      vertex 46.8621 94.2922 5
      vertex 46.8858 98.9099 5
      vertex 46.8621 99.2343 5
    endloop
  endfacet
  facet normal 0 0 1
    outer loop
      vertex 46.957 96.8751 5
      vertex 46.8621 94.2922 5
      vertex 46.909 94.7639 5
    endloop
  endfacet
  facet normal 0 0 1
    outer loop
      vertex 46.0414 64.9939 5
      vertex 47.1659 65.8589 5
      vertex 46.8262 65.8231 5
    endloop
  endfacet
  facet normal 0 0 1
    outer loop
      vertex 47.8969 65.6714 5
      vertex 46.0076 64.639 5
      vertex 47.1374 63.3241 5
    endloop
  endfacet
  facet normal 0 0 1
    outer loop
      vertex 46.1426 65.293 5
      vertex 46.8262 65.8231 5
      vertex 46.5414 65.7155 5
    endloop
  endfacet
  facet normal -0 -0 1
    outer loop
      vertex 46.0406 64.2964 5
      vertex 47.1374 63.3241 5
      vertex 46.0076 64.639 5
    endloop
  endfacet
  facet normal 0 0 1
    outer loop
      vertex 46.1426 65.293 5
      vertex 46.5414 65.7155 5
      vertex 46.3114 65.5361 5
    endloop
  endfacet
  facet normal 0 0 1
    outer loop
      vertex 47.1374 63.3241 5
      vertex 46.0406 64.2964 5
      vertex 46.8064 63.3977 5
    endloop
  endfacet
  facet normal 0 0 1
    outer loop
      vertex 46.8262 65.8231 5
      vertex 46.1426 65.293 5
      vertex 46.0414 64.9939 5
    endloop
  endfacet
  facet normal -0 -0 1
    outer loop
      vertex 46.1395 63.9966 5
      vertex 46.8064 63.3977 5
      vertex 46.0406 64.2964 5
    endloop
  endfacet
  facet normal 0 0 1
    outer loop
      vertex 47.1659 65.8589 5
      vertex 46.0414 64.9939 5
      vertex 46.0076 64.639 5
    endloop
  endfacet
  facet normal 0 0 1
    outer loop
      vertex 46.8064 63.3977 5
      vertex 46.1395 63.9966 5
      vertex 46.5288 63.5361 5
    endloop
  endfacet
  facet normal 0 0 1
    outer loop
      vertex 46.5288 63.5361 5
      vertex 46.1395 63.9966 5
      vertex 46.3043 63.7394 5
    endloop
  endfacet
  facet normal -0 0 1
    outer loop
      vertex 48.7366 36.7562 5
      vertex 50.7925 36.6534 5
      vertex 49.1928 37.0568 5
    endloop
  endfacet
  facet normal 0 0 1
    outer loop
      vertex 51.0535 34.3098 5
      vertex 50.2276 33.1261 5
      vertex 50.7993 33.0607 5
    endloop
  endfacet
  facet normal 0 0 1
    outer loop
      vertex 51.0535 35.2354 5
      vertex 48.7366 36.7562 5
      vertex 49.8123 33.0865 5
    endloop
  endfacet
  facet normal 0 0 1
    outer loop
      vertex 51.0535 34.3098 5
      vertex 49.8123 33.0865 5
      vertex 50.2276 33.1261 5
    endloop
  endfacet
  facet normal -0 0 1
    outer loop
      vertex 48.1907 36.5758 5
      vertex 49.8123 33.0865 5
      vertex 48.7366 36.7562 5
    endloop
  endfacet
  facet normal 0 0 1
    outer loop
      vertex 49.8123 33.0865 5
      vertex 48.1907 36.5758 5
      vertex 49.446 32.9678 5
    endloop
  endfacet
  facet normal 0 0 1
    outer loop
      vertex 47.7286 32.8186 5
      vertex 49.446 32.9678 5
      vertex 48.1907 36.5758 5
    endloop
  endfacet
  facet normal 0 0 1
    outer loop
      vertex 49.446 32.9678 5
      vertex 47.7286 32.8186 5
      vertex 49.1287 32.7701 5
    endloop
  endfacet
  facet normal 0 -0 1
    outer loop
      vertex 48.2793 32.404 5
      vertex 48.8731 32.5011 5
      vertex 48.0299 32.6419 5
    endloop
  endfacet
  facet normal 0 0 1
    outer loop
      vertex 48.692 32.1688 5
      vertex 48.4581 32.1145 5
      vertex 48.5852 31.7733 5
    endloop
  endfacet
  facet normal 0 0 1
    outer loop
      vertex 48.5852 31.7733 5
      vertex 48.4581 32.1145 5
      vertex 48.5662 31.7733 5
    endloop
  endfacet
  facet normal 0 0 1
    outer loop
      vertex 48.692 32.1688 5
      vertex 48.2793 32.404 5
      vertex 48.4581 32.1145 5
    endloop
  endfacet
  facet normal 0 -0 1
    outer loop
      vertex 48.0299 32.6419 5
      vertex 49.1287 32.7701 5
      vertex 47.7286 32.8186 5
    endloop
  endfacet
  facet normal 0 0 1
    outer loop
      vertex 48.8731 32.5011 5
      vertex 48.2793 32.404 5
      vertex 48.692 32.1688 5
    endloop
  endfacet
  facet normal 0 0 1
    outer loop
      vertex 49.1287 32.7701 5
      vertex 48.0299 32.6419 5
      vertex 48.8731 32.5011 5
    endloop
  endfacet
  facet normal 0 0 1
    outer loop
      vertex 47.3948 32.9246 5
      vertex 48.1907 36.5758 5
      vertex 47.5551 36.5157 5
    endloop
  endfacet
  facet normal 0 0 1
    outer loop
      vertex 48.1907 36.5758 5
      vertex 47.3948 32.9246 5
      vertex 47.7286 32.8186 5
    endloop
  endfacet
  facet normal 0 0 1
    outer loop
      vertex 47.5551 36.5157 5
      vertex 47.0282 32.96 5
      vertex 47.3948 32.9246 5
    endloop
  endfacet
  facet normal 0 0 1
    outer loop
      vertex 46.9056 36.5811 5
      vertex 47.0282 32.96 5
      vertex 47.5551 36.5157 5
    endloop
  endfacet
  facet normal 0 0 1
    outer loop
      vertex 46.9056 36.5811 5
      vertex 46.5361 32.8964 5
      vertex 47.0282 32.96 5
    endloop
  endfacet
  facet normal 0 0 1
    outer loop
      vertex 46.3558 36.7773 5
      vertex 46.5361 32.8964 5
      vertex 46.9056 36.5811 5
    endloop
  endfacet
  facet normal 0 0 1
    outer loop
      vertex 46.3558 36.7773 5
      vertex 46.1168 32.7057 5
      vertex 46.5361 32.8964 5
    endloop
  endfacet
  facet normal 0 0 1
    outer loop
      vertex 45.9056 37.1043 5
      vertex 46.1168 32.7057 5
      vertex 46.3558 36.7773 5
    endloop
  endfacet
  facet normal 0 0 1
    outer loop
      vertex 45.9056 37.1043 5
      vertex 45.7703 32.3879 5
      vertex 46.1168 32.7057 5
    endloop
  endfacet
  facet normal 0 0 1
    outer loop
      vertex 45.572 37.5479 5
      vertex 45.7703 32.3879 5
      vertex 45.9056 37.1043 5
    endloop
  endfacet
  facet normal 0 0 1
    outer loop
      vertex 45.572 37.5479 5
      vertex 45.5119 31.9605 5
      vertex 45.7703 32.3879 5
    endloop
  endfacet
  facet normal 0 0 1
    outer loop
      vertex 45.3718 38.0938 5
      vertex 45.5119 31.9605 5
      vertex 45.572 37.5479 5
    endloop
  endfacet
  facet normal 0 0 1
    outer loop
      vertex 45.3718 38.0938 5
      vertex 45.3568 31.4407 5
      vertex 45.5119 31.9605 5
    endloop
  endfacet
  facet normal 0 0 1
    outer loop
      vertex 45.3051 38.742 5
      vertex 45.3568 31.4407 5
      vertex 45.3718 38.0938 5
    endloop
  endfacet
  facet normal 0 0 1
    outer loop
      vertex 45.3568 31.4407 5
      vertex 45.3051 38.742 5
      vertex 45.3051 30.8286 5
    endloop
  endfacet
  facet normal 0 0 1
    outer loop
      vertex 51.3669 57.384 5
      vertex 46.957 53.9056 5
      vertex 49.4444 52.1635 5
    endloop
  endfacet
  facet normal 0 0 1
    outer loop
      vertex 46.4918 57.5786 5
      vertex 43.4678 50.5785 5
      vertex 46.957 53.9056 5
    endloop
  endfacet
  facet normal 0 0 1
    outer loop
      vertex 46.957 53.9056 5
      vertex 43.4678 50.5785 5
      vertex 46.957 52.9515 5
    endloop
  endfacet
  facet normal 0 0 1
    outer loop
      vertex 43.4678 50.5785 5
      vertex 46.957 49.453 5
      vertex 46.957 50.3977 5
    endloop
  endfacet
  facet normal -0 0 1
    outer loop
      vertex 46.4918 57.5786 5
      vertex 46.957 53.9056 5
      vertex 47.2988 57.5786 5
    endloop
  endfacet
  facet normal 0 0 1
    outer loop
      vertex 43.4678 50.5785 5
      vertex 46.4918 57.5786 5
      vertex 45.4048 59.1594 5
    endloop
  endfacet
  facet normal 0 0 1
    outer loop
      vertex 46.957 49.453 5
      vertex 46.1738 45.8047 5
      vertex 46.8457 46.1172 5
    endloop
  endfacet
  facet normal 0 0 1
    outer loop
      vertex 43.0548 46.3106 5
      vertex 46.957 49.453 5
      vertex 43.4678 50.5785 5
    endloop
  endfacet
  facet normal -0 0 1
    outer loop
      vertex 43.4678 50.5785 5
      vertex 46.957 50.3977 5
      vertex 46.957 52.9515 5
    endloop
  endfacet
  facet normal 0 0 1
    outer loop
      vertex 46.957 49.453 5
      vertex 43.0548 46.3106 5
      vertex 46.1738 45.8047 5
    endloop
  endfacet
  facet normal 0 0 1
    outer loop
      vertex 47.0757 26.792 5
      vertex 48.2529 25.5578 5
      vertex 48.2221 25.9278 5
    endloop
  endfacet
  facet normal 0 0 1
    outer loop
      vertex 47.452 26.7569 5
      vertex 48.2221 25.9278 5
      vertex 48.1295 26.234 5
    endloop
  endfacet
  facet normal 0 0 1
    outer loop
      vertex 48.2529 25.5578 5
      vertex 47.0757 26.792 5
      vertex 45.9412 25.5483 5
    endloop
  endfacet
  facet normal 0 0 1
    outer loop
      vertex 47.7519 26.6517 5
      vertex 48.1295 26.234 5
      vertex 47.9752 26.4763 5
    endloop
  endfacet
  facet normal 0 0 1
    outer loop
      vertex 48.2221 25.9278 5
      vertex 47.452 26.7569 5
      vertex 47.0757 26.792 5
    endloop
  endfacet
  facet normal 0 0 1
    outer loop
      vertex 48.1295 26.234 5
      vertex 47.7519 26.6517 5
      vertex 47.452 26.7569 5
    endloop
  endfacet
  facet normal 0 -0 1
    outer loop
      vertex 47.0757 24.3142 5
      vertex 48.2194 25.1921 5
      vertex 45.9412 25.5483 5
    endloop
  endfacet
  facet normal 0 -0 1
    outer loop
      vertex 47.4283 24.3503 5
      vertex 48.2194 25.1921 5
      vertex 47.0757 24.3142 5
    endloop
  endfacet
  facet normal 0 0 1
    outer loop
      vertex 48.119 24.8859 5
      vertex 47.4283 24.3503 5
      vertex 47.9515 24.6393 5
    endloop
  endfacet
  facet normal 0 0 1
    outer loop
      vertex 48.2529 25.5578 5
      vertex 45.9412 25.5483 5
      vertex 48.2194 25.1921 5
    endloop
  endfacet
  facet normal 0 0 1
    outer loop
      vertex 47.9515 24.6393 5
      vertex 47.4283 24.3503 5
      vertex 47.7202 24.4587 5
    endloop
  endfacet
  facet normal 0 0 1
    outer loop
      vertex 48.2194 25.1921 5
      vertex 47.4283 24.3503 5
      vertex 48.119 24.8859 5
    endloop
  endfacet
  facet normal -0 -0 1
    outer loop
      vertex 45.9728 25.1783 5
      vertex 47.0757 24.3142 5
      vertex 45.9412 25.5483 5
    endloop
  endfacet
  facet normal 0 0 1
    outer loop
      vertex 46.0672 26.2393 5
      vertex 47.0757 26.792 5
      vertex 46.4454 26.6538 5
    endloop
  endfacet
  facet normal 0 0 1
    outer loop
      vertex 47.0757 24.3142 5
      vertex 45.9728 25.1783 5
      vertex 46.7302 24.3492 5
    endloop
  endfacet
  facet normal -0 -0 1
    outer loop
      vertex 46.0678 24.8722 5
      vertex 46.7302 24.3492 5
      vertex 45.9728 25.1783 5
    endloop
  endfacet
  facet normal 0 0 1
    outer loop
      vertex 47.0757 26.792 5
      vertex 46.0672 26.2393 5
      vertex 45.9412 25.5483 5
    endloop
  endfacet
  facet normal 0 0 1
    outer loop
      vertex 46.7302 24.3492 5
      vertex 46.0678 24.8722 5
      vertex 46.447 24.4544 5
    endloop
  endfacet
  facet normal 0 0 1
    outer loop
      vertex 46.447 24.4544 5
      vertex 46.0678 24.8722 5
      vertex 46.226 24.6298 5
    endloop
  endfacet
  facet normal 0 0 1
    outer loop
      vertex 47.0757 32.0723 5
      vertex 48.2529 30.8381 5
      vertex 48.2221 31.2081 5
    endloop
  endfacet
  facet normal 0 0 1
    outer loop
      vertex 47.452 32.0372 5
      vertex 48.2221 31.2081 5
      vertex 48.1295 31.5143 5
    endloop
  endfacet
  facet normal 0 0 1
    outer loop
      vertex 48.2529 30.8381 5
      vertex 47.0757 32.0723 5
      vertex 45.9412 30.8286 5
    endloop
  endfacet
  facet normal 0 0 1
    outer loop
      vertex 47.7519 31.932 5
      vertex 48.1295 31.5143 5
      vertex 47.9752 31.7566 5
    endloop
  endfacet
  facet normal 0 0 1
    outer loop
      vertex 48.2221 31.2081 5
      vertex 47.452 32.0372 5
      vertex 47.0757 32.0723 5
    endloop
  endfacet
  facet normal 0 0 1
    outer loop
      vertex 48.1295 31.5143 5
      vertex 47.7519 31.932 5
      vertex 47.452 32.0372 5
    endloop
  endfacet
  facet normal 0 -0 1
    outer loop
      vertex 47.0757 29.5944 5
      vertex 48.2194 30.4724 5
      vertex 45.9412 30.8286 5
    endloop
  endfacet
  facet normal 0 -0 1
    outer loop
      vertex 47.4283 29.6306 5
      vertex 48.2194 30.4724 5
      vertex 47.0757 29.5944 5
    endloop
  endfacet
  facet normal 0 0 1
    outer loop
      vertex 48.119 30.1662 5
      vertex 47.4283 29.6306 5
      vertex 47.9515 29.9196 5
    endloop
  endfacet
  facet normal 0 0 1
    outer loop
      vertex 48.2529 30.8381 5
      vertex 45.9412 30.8286 5
      vertex 48.2194 30.4724 5
    endloop
  endfacet
  facet normal 0 0 1
    outer loop
      vertex 47.9515 29.9196 5
      vertex 47.4283 29.6306 5
      vertex 47.7202 29.739 5
    endloop
  endfacet
  facet normal 0 0 1
    outer loop
      vertex 48.2194 30.4724 5
      vertex 47.4283 29.6306 5
      vertex 48.119 30.1662 5
    endloop
  endfacet
  facet normal -0 -0 1
    outer loop
      vertex 45.9728 30.4586 5
      vertex 47.0757 29.5944 5
      vertex 45.9412 30.8286 5
    endloop
  endfacet
  facet normal 0 0 1
    outer loop
      vertex 46.0672 31.5195 5
      vertex 47.0757 32.0723 5
      vertex 46.4454 31.9341 5
    endloop
  endfacet
  facet normal 0 0 1
    outer loop
      vertex 47.0757 29.5944 5
      vertex 45.9728 30.4586 5
      vertex 46.7302 29.6295 5
    endloop
  endfacet
  facet normal -0 -0 1
    outer loop
      vertex 46.0678 30.1525 5
      vertex 46.7302 29.6295 5
      vertex 45.9728 30.4586 5
    endloop
  endfacet
  facet normal 0 0 1
    outer loop
      vertex 47.0757 32.0723 5
      vertex 46.0672 31.5195 5
      vertex 45.9412 30.8286 5
    endloop
  endfacet
  facet normal 0 0 1
    outer loop
      vertex 46.7302 29.6295 5
      vertex 46.0678 30.1525 5
      vertex 46.447 29.7347 5
    endloop
  endfacet
  facet normal 0 0 1
    outer loop
      vertex 46.447 29.7347 5
      vertex 46.0678 30.1525 5
      vertex 46.226 29.9101 5
    endloop
  endfacet
  facet normal 0 0 1
    outer loop
      vertex 50.8162 84.2095 5
      vertex 51.4903 83.1034 5
      vertex 51.4154 83.5618 5
    endloop
  endfacet
  facet normal 0 0 1
    outer loop
      vertex 51.4903 83.1034 5
      vertex 50.8305 81.995 5
      vertex 51.417 82.6427 5
    endloop
  endfacet
  facet normal 0 0 1
    outer loop
      vertex 50.8162 84.2095 5
      vertex 51.4154 83.5618 5
      vertex 51.1907 83.9305 5
    endloop
  endfacet
  facet normal 0 0 1
    outer loop
      vertex 51.417 82.6427 5
      vertex 50.8305 81.995 5
      vertex 51.197 82.2732 5
    endloop
  endfacet
  facet normal 0 0 1
    outer loop
      vertex 51.4903 83.1034 5
      vertex 50.8162 84.2095 5
      vertex 50.8305 81.995 5
    endloop
  endfacet
  facet normal 0 0 1
    outer loop
      vertex 50.8162 84.2095 5
      vertex 50.3057 81.8012 5
      vertex 50.8305 81.995 5
    endloop
  endfacet
  facet normal 0 0 1
    outer loop
      vertex 50.2867 84.4046 5
      vertex 50.3057 81.8012 5
      vertex 50.8162 84.2095 5
    endloop
  endfacet
  facet normal 0 0 1
    outer loop
      vertex 50.2867 84.4046 5
      vertex 49.611 81.6849 5
      vertex 50.3057 81.8012 5
    endloop
  endfacet
  facet normal 0 0 1
    outer loop
      vertex 49.5968 84.5217 5
      vertex 49.611 81.6849 5
      vertex 50.2867 84.4046 5
    endloop
  endfacet
  facet normal 0 0 1
    outer loop
      vertex 48.7466 84.5607 5
      vertex 49.611 81.6849 5
      vertex 49.5968 84.5217 5
    endloop
  endfacet
  facet normal 0 0 1
    outer loop
      vertex 48.7466 84.5607 5
      vertex 48.7466 81.6461 5
      vertex 49.611 81.6849 5
    endloop
  endfacet
  facet normal -0 0 1
    outer loop
      vertex 47.87 84.5236 5
      vertex 48.7466 81.6461 5
      vertex 48.7466 84.5607 5
    endloop
  endfacet
  facet normal 0 0 1
    outer loop
      vertex 47.87 84.5236 5
      vertex 47.8605 81.6844 5
      vertex 48.7466 81.6461 5
    endloop
  endfacet
  facet normal -0 0 1
    outer loop
      vertex 47.1706 84.412 5
      vertex 47.8605 81.6844 5
      vertex 47.87 84.5236 5
    endloop
  endfacet
  facet normal 0 0 1
    outer loop
      vertex 47.1706 84.412 5
      vertex 47.158 81.7991 5
      vertex 47.8605 81.6844 5
    endloop
  endfacet
  facet normal -0 0 1
    outer loop
      vertex 46.6485 84.2261 5
      vertex 47.158 81.7991 5
      vertex 47.1706 84.412 5
    endloop
  endfacet
  facet normal 0 0 1
    outer loop
      vertex 46.6485 84.2261 5
      vertex 46.639 81.9903 5
      vertex 47.158 81.7991 5
    endloop
  endfacet
  facet normal 0 0 1
    outer loop
      vertex 46.0704 83.5868 5
      vertex 46.6485 84.2261 5
      vertex 46.2872 83.9547 5
    endloop
  endfacet
  facet normal 0 0 1
    outer loop
      vertex 46.6485 84.2261 5
      vertex 45.9982 83.1225 5
      vertex 46.639 81.9903 5
    endloop
  endfacet
  facet normal 0 0 1
    outer loop
      vertex 46.6485 84.2261 5
      vertex 46.0704 83.5868 5
      vertex 45.9982 83.1225 5
    endloop
  endfacet
  facet normal -0 -0 1
    outer loop
      vertex 46.0694 82.6464 5
      vertex 46.639 81.9903 5
      vertex 45.9982 83.1225 5
    endloop
  endfacet
  facet normal 0 0 1
    outer loop
      vertex 46.639 81.9903 5
      vertex 46.0694 82.6464 5
      vertex 46.283 82.269 5
    endloop
  endfacet
  facet normal 0 0 1
    outer loop
      vertex 50.8162 78.9292 5
      vertex 51.4903 77.8231 5
      vertex 51.4154 78.2815 5
    endloop
  endfacet
  facet normal 0 0 1
    outer loop
      vertex 51.4903 77.8231 5
      vertex 50.8305 76.7148 5
      vertex 51.417 77.3624 5
    endloop
  endfacet
  facet normal 0 0 1
    outer loop
      vertex 50.8162 78.9292 5
      vertex 51.4154 78.2815 5
      vertex 51.1907 78.6502 5
    endloop
  endfacet
  facet normal 0 0 1
    outer loop
      vertex 51.417 77.3624 5
      vertex 50.8305 76.7148 5
      vertex 51.197 76.993 5
    endloop
  endfacet
  facet normal 0 0 1
    outer loop
      vertex 51.4903 77.8231 5
      vertex 50.8162 78.9292 5
      vertex 50.8305 76.7148 5
    endloop
  endfacet
  facet normal 0 0 1
    outer loop
      vertex 50.8162 78.9292 5
      vertex 50.3057 76.5209 5
      vertex 50.8305 76.7148 5
    endloop
  endfacet
  facet normal 0 0 1
    outer loop
      vertex 50.2867 79.1243 5
      vertex 50.3057 76.5209 5
      vertex 50.8162 78.9292 5
    endloop
  endfacet
  facet normal 0 0 1
    outer loop
      vertex 50.2867 79.1243 5
      vertex 49.611 76.4046 5
      vertex 50.3057 76.5209 5
    endloop
  endfacet
  facet normal 0 0 1
    outer loop
      vertex 49.5968 79.2414 5
      vertex 49.611 76.4046 5
      vertex 50.2867 79.1243 5
    endloop
  endfacet
  facet normal 0 0 1
    outer loop
      vertex 48.7466 79.2805 5
      vertex 49.611 76.4046 5
      vertex 49.5968 79.2414 5
    endloop
  endfacet
  facet normal 0 0 1
    outer loop
      vertex 48.7466 79.2805 5
      vertex 48.7466 76.3659 5
      vertex 49.611 76.4046 5
    endloop
  endfacet
  facet normal -0 0 1
    outer loop
      vertex 47.87 79.2433 5
      vertex 48.7466 76.3659 5
      vertex 48.7466 79.2805 5
    endloop
  endfacet
  facet normal 0 0 1
    outer loop
      vertex 47.87 79.2433 5
      vertex 47.8605 76.4041 5
      vertex 48.7466 76.3659 5
    endloop
  endfacet
  facet normal -0 0 1
    outer loop
      vertex 47.1706 79.1317 5
      vertex 47.8605 76.4041 5
      vertex 47.87 79.2433 5
    endloop
  endfacet
  facet normal 0 0 1
    outer loop
      vertex 47.1706 79.1317 5
      vertex 47.158 76.5188 5
      vertex 47.8605 76.4041 5
    endloop
  endfacet
  facet normal -0 0 1
    outer loop
      vertex 46.6485 78.9458 5
      vertex 47.158 76.5188 5
      vertex 47.1706 79.1317 5
    endloop
  endfacet
  facet normal 0 0 1
    outer loop
      vertex 46.6485 78.9458 5
      vertex 46.639 76.71 5
      vertex 47.158 76.5188 5
    endloop
  endfacet
  facet normal 0 0 1
    outer loop
      vertex 46.0704 78.3065 5
      vertex 46.6485 78.9458 5
      vertex 46.2872 78.6744 5
    endloop
  endfacet
  facet normal 0 0 1
    outer loop
      vertex 46.6485 78.9458 5
      vertex 45.9982 77.8422 5
      vertex 46.639 76.71 5
    endloop
  endfacet
  facet normal 0 0 1
    outer loop
      vertex 46.6485 78.9458 5
      vertex 46.0704 78.3065 5
      vertex 45.9982 77.8422 5
    endloop
  endfacet
  facet normal -0 -0 1
    outer loop
      vertex 46.0694 77.3661 5
      vertex 46.639 76.71 5
      vertex 45.9982 77.8422 5
    endloop
  endfacet
  facet normal 0 0 1
    outer loop
      vertex 46.639 76.71 5
      vertex 46.0694 77.3661 5
      vertex 46.283 76.9888 5
    endloop
  endfacet
  facet normal 0 0 1
    outer loop
      vertex 48.3937 37.5426 5
      vertex 49.1358 38.704 5
      vertex 49.1171 38.9451 5
    endloop
  endfacet
  facet normal 0 0 1
    outer loop
      vertex 48.0084 37.424 5
      vertex 49.1171 38.9451 5
      vertex 49.0609 39.1745 5
    endloop
  endfacet
  facet normal 0 0 1
    outer loop
      vertex 48.0409 40.0555 5
      vertex 49.0609 39.1745 5
      vertex 48.9673 39.3923 5
    endloop
  endfacet
  facet normal 0 0 1
    outer loop
      vertex 49.1358 38.704 5
      vertex 48.3937 37.5426 5
      vertex 49.0886 38.3269 5
    endloop
  endfacet
  facet normal 0 0 1
    outer loop
      vertex 48.0409 40.0555 5
      vertex 48.9673 39.3923 5
      vertex 48.8394 39.5893 5
    endloop
  endfacet
  facet normal 0 0 1
    outer loop
      vertex 49.0886 38.3269 5
      vertex 48.711 37.7404 5
      vertex 48.947 38.0057 5
    endloop
  endfacet
  facet normal 0 0 1
    outer loop
      vertex 48.4902 39.8931 5
      vertex 48.8394 39.5893 5
      vertex 48.6804 39.7562 5
    endloop
  endfacet
  facet normal 0 0 1
    outer loop
      vertex 48.275 39.9946 5
      vertex 48.8394 39.5893 5
      vertex 48.4902 39.8931 5
    endloop
  endfacet
  facet normal 0 0 1
    outer loop
      vertex 49.0886 38.3269 5
      vertex 48.3937 37.5426 5
      vertex 48.711 37.7404 5
    endloop
  endfacet
  facet normal 0 0 1
    outer loop
      vertex 48.0409 40.0555 5
      vertex 48.8394 39.5893 5
      vertex 48.275 39.9946 5
    endloop
  endfacet
  facet normal 0 0 1
    outer loop
      vertex 48.0084 37.424 5
      vertex 49.0609 39.1745 5
      vertex 48.0409 40.0555 5
    endloop
  endfacet
  facet normal 0 0 1
    outer loop
      vertex 49.1171 38.9451 5
      vertex 48.0084 37.424 5
      vertex 48.3937 37.5426 5
    endloop
  endfacet
  facet normal 0 0 1
    outer loop
      vertex 47.7877 40.0758 5
      vertex 48.0084 37.424 5
      vertex 48.0409 40.0555 5
    endloop
  endfacet
  facet normal 0 0 1
    outer loop
      vertex 47.7877 40.0758 5
      vertex 47.5551 37.3844 5
      vertex 48.0084 37.424 5
    endloop
  endfacet
  facet normal -0 0 1
    outer loop
      vertex 47.2848 40.0347 5
      vertex 47.5551 37.3844 5
      vertex 47.7877 40.0758 5
    endloop
  endfacet
  facet normal 0 0 1
    outer loop
      vertex 47.2848 40.0347 5
      vertex 47.1102 37.424 5
      vertex 47.5551 37.3844 5
    endloop
  endfacet
  facet normal -0 0 1
    outer loop
      vertex 46.8521 39.9113 5
      vertex 47.1102 37.424 5
      vertex 47.2848 40.0347 5
    endloop
  endfacet
  facet normal 0 0 1
    outer loop
      vertex 46.8521 39.9113 5
      vertex 46.7313 37.5426 5
      vertex 47.1102 37.424 5
    endloop
  endfacet
  facet normal -0 0 1
    outer loop
      vertex 46.4895 39.7056 5
      vertex 46.7313 37.5426 5
      vertex 46.8521 39.9113 5
    endloop
  endfacet
  facet normal -0 0 1
    outer loop
      vertex 45.9982 38.7135 5
      vertex 46.7313 37.5426 5
      vertex 46.4895 39.7056 5
    endloop
  endfacet
  facet normal 0 0 1
    outer loop
      vertex 45.9982 38.7135 5
      vertex 46.4895 39.7056 5
      vertex 46.2165 39.4308 5
    endloop
  endfacet
  facet normal 0 0 1
    outer loop
      vertex 46.7313 37.5426 5
      vertex 45.9982 38.7135 5
      vertex 46.4183 37.7404 5
    endloop
  endfacet
  facet normal 0 0 1
    outer loop
      vertex 45.9982 38.7135 5
      vertex 46.2165 39.4308 5
      vertex 46.0528 39.1001 5
    endloop
  endfacet
  facet normal -0 -0 1
    outer loop
      vertex 46.0448 38.3311 5
      vertex 46.4183 37.7404 5
      vertex 45.9982 38.7135 5
    endloop
  endfacet
  facet normal 0 0 1
    outer loop
      vertex 46.4183 37.7404 5
      vertex 46.0448 38.3311 5
      vertex 46.1849 38.0068 5
    endloop
  endfacet
  facet normal 0 0 1
    outer loop
      vertex 50.8162 45.1473 5
      vertex 51.4903 44.0412 5
      vertex 51.4154 44.4996 5
    endloop
  endfacet
  facet normal 0 0 1
    outer loop
      vertex 51.4903 44.0412 5
      vertex 50.8305 42.9329 5
      vertex 51.417 43.5805 5
    endloop
  endfacet
  facet normal 0 0 1
    outer loop
      vertex 50.8162 45.1473 5
      vertex 51.4154 44.4996 5
      vertex 51.1907 44.8683 5
    endloop
  endfacet
  facet normal 0 0 1
    outer loop
      vertex 51.417 43.5805 5
      vertex 50.8305 42.9329 5
      vertex 51.197 43.2111 5
    endloop
  endfacet
  facet normal 0 0 1
    outer loop
      vertex 51.4903 44.0412 5
      vertex 50.8162 45.1473 5
      vertex 50.8305 42.9329 5
    endloop
  endfacet
  facet normal 0 0 1
    outer loop
      vertex 50.8162 45.1473 5
      vertex 50.3057 42.739 5
      vertex 50.8305 42.9329 5
    endloop
  endfacet
  facet normal 0 0 1
    outer loop
      vertex 50.2867 45.3425 5
      vertex 50.3057 42.739 5
      vertex 50.8162 45.1473 5
    endloop
  endfacet
  facet normal 0 0 1
    outer loop
      vertex 50.2867 45.3425 5
      vertex 49.611 42.6227 5
      vertex 50.3057 42.739 5
    endloop
  endfacet
  facet normal 0 0 1
    outer loop
      vertex 49.5968 45.4595 5
      vertex 49.611 42.6227 5
      vertex 50.2867 45.3425 5
    endloop
  endfacet
  facet normal 0 0 1
    outer loop
      vertex 48.7466 45.4986 5
      vertex 49.611 42.6227 5
      vertex 49.5968 45.4595 5
    endloop
  endfacet
  facet normal 0 0 1
    outer loop
      vertex 48.7466 45.4986 5
      vertex 48.7466 42.584 5
      vertex 49.611 42.6227 5
    endloop
  endfacet
  facet normal -0 0 1
    outer loop
      vertex 47.87 45.4614 5
      vertex 48.7466 42.584 5
      vertex 48.7466 45.4986 5
    endloop
  endfacet
  facet normal 0 0 1
    outer loop
      vertex 47.87 45.4614 5
      vertex 47.8605 42.6222 5
      vertex 48.7466 42.584 5
    endloop
  endfacet
  facet normal -0 0 1
    outer loop
      vertex 47.1706 45.3498 5
      vertex 47.8605 42.6222 5
      vertex 47.87 45.4614 5
    endloop
  endfacet
  facet normal 0 0 1
    outer loop
      vertex 47.1706 45.3498 5
      vertex 47.158 42.7369 5
      vertex 47.8605 42.6222 5
    endloop
  endfacet
  facet normal -0 0 1
    outer loop
      vertex 46.6485 45.1639 5
      vertex 47.158 42.7369 5
      vertex 47.1706 45.3498 5
    endloop
  endfacet
  facet normal 0 0 1
    outer loop
      vertex 46.6485 45.1639 5
      vertex 46.639 42.9281 5
      vertex 47.158 42.7369 5
    endloop
  endfacet
  facet normal 0 0 1
    outer loop
      vertex 46.0704 44.5247 5
      vertex 46.6485 45.1639 5
      vertex 46.2872 44.8925 5
    endloop
  endfacet
  facet normal 0 0 1
    outer loop
      vertex 46.6485 45.1639 5
      vertex 45.9982 44.0603 5
      vertex 46.639 42.9281 5
    endloop
  endfacet
  facet normal 0 0 1
    outer loop
      vertex 46.6485 45.1639 5
      vertex 46.0704 44.5247 5
      vertex 45.9982 44.0603 5
    endloop
  endfacet
  facet normal -0 -0 1
    outer loop
      vertex 46.0694 43.5843 5
      vertex 46.639 42.9281 5
      vertex 45.9982 44.0603 5
    endloop
  endfacet
  facet normal 0 0 1
    outer loop
      vertex 46.639 42.9281 5
      vertex 46.0694 43.5843 5
      vertex 46.283 43.2069 5
    endloop
  endfacet
  facet normal 0 0 1
    outer loop
      vertex 50.5902 26.9202 5
      vertex 51.5101 26.0024 5
      vertex 51.3985 26.3489 5
    endloop
  endfacet
  facet normal 0 0 1
    outer loop
      vertex 51.5101 26.0024 5
      vertex 50.5902 26.9202 5
      vertex 51.5473 25.5768 5
    endloop
  endfacet
  facet normal 0 0 1
    outer loop
      vertex 50.9454 26.8062 5
      vertex 51.3985 26.3489 5
      vertex 51.2126 26.6163 5
    endloop
  endfacet
  facet normal 0 0 1
    outer loop
      vertex 51.3985 26.3489 5
      vertex 50.9454 26.8062 5
      vertex 50.5902 26.9202 5
    endloop
  endfacet
  facet normal 0 0 1
    outer loop
      vertex 50.1469 26.9581 5
      vertex 51.5473 25.5768 5
      vertex 50.5902 26.9202 5
    endloop
  endfacet
  facet normal 0 -0 1
    outer loop
      vertex 50.1659 24.1669 5
      vertex 51.5473 25.5768 5
      vertex 48.8937 25.5483 5
    endloop
  endfacet
  facet normal 0 0 1
    outer loop
      vertex 51.3938 24.7936 5
      vertex 50.1659 24.1669 5
      vertex 50.9333 24.3236 5
    endloop
  endfacet
  facet normal 0 0 1
    outer loop
      vertex 51.5473 25.5768 5
      vertex 50.1469 26.9581 5
      vertex 48.8937 25.5483 5
    endloop
  endfacet
  facet normal 0 0 1
    outer loop
      vertex 51.5473 25.5768 5
      vertex 50.1659 24.1669 5
      vertex 51.3938 24.7936 5
    endloop
  endfacet
  facet normal 0 0 1
    outer loop
      vertex 48.9288 25.9613 5
      vertex 50.1469 26.9581 5
      vertex 49.7663 26.917 5
    endloop
  endfacet
  facet normal -0 -0 1
    outer loop
      vertex 48.9314 25.1464 5
      vertex 50.1659 24.1669 5
      vertex 48.8937 25.5483 5
    endloop
  endfacet
  facet normal 0 0 1
    outer loop
      vertex 49.034 26.3078 5
      vertex 49.7663 26.917 5
      vertex 49.4538 26.7935 5
    endloop
  endfacet
  facet normal 0 0 1
    outer loop
      vertex 50.1659 24.1669 5
      vertex 48.9314 25.1464 5
      vertex 49.7985 24.2076 5
    endloop
  endfacet
  facet normal 0 0 1
    outer loop
      vertex 49.034 26.3078 5
      vertex 49.4538 26.7935 5
      vertex 49.2094 26.5878 5
    endloop
  endfacet
  facet normal -0 -0 1
    outer loop
      vertex 49.0446 24.8078 5
      vertex 49.7985 24.2076 5
      vertex 48.9314 25.1464 5
    endloop
  endfacet
  facet normal 0 0 1
    outer loop
      vertex 49.7663 26.917 5
      vertex 49.034 26.3078 5
      vertex 48.9288 25.9613 5
    endloop
  endfacet
  facet normal 0 0 1
    outer loop
      vertex 49.7985 24.2076 5
      vertex 49.0446 24.8078 5
      vertex 49.4876 24.3294 5
    endloop
  endfacet
  facet normal 0 0 1
    outer loop
      vertex 50.1469 26.9581 5
      vertex 48.9288 25.9613 5
      vertex 48.8937 25.5483 5
    endloop
  endfacet
  facet normal 0 0 1
    outer loop
      vertex 49.4876 24.3294 5
      vertex 49.0446 24.8078 5
      vertex 49.2331 24.5325 5
    endloop
  endfacet
  facet normal 0 0 1
    outer loop
      vertex 50.5902 32.2004 5
      vertex 51.5101 31.2827 5
      vertex 51.3985 31.6292 5
    endloop
  endfacet
  facet normal 0 0 1
    outer loop
      vertex 51.5101 31.2827 5
      vertex 50.5902 32.2004 5
      vertex 51.5473 30.8571 5
    endloop
  endfacet
  facet normal 0 0 1
    outer loop
      vertex 50.9454 32.0865 5
      vertex 51.3985 31.6292 5
      vertex 51.2126 31.8966 5
    endloop
  endfacet
  facet normal 0 0 1
    outer loop
      vertex 51.3985 31.6292 5
      vertex 50.9454 32.0865 5
      vertex 50.5902 32.2004 5
    endloop
  endfacet
  facet normal 0 0 1
    outer loop
      vertex 50.1469 32.2384 5
      vertex 51.5473 30.8571 5
      vertex 50.5902 32.2004 5
    endloop
  endfacet
  facet normal 0 -0 1
    outer loop
      vertex 50.1659 29.4472 5
      vertex 51.5473 30.8571 5
      vertex 48.8937 30.8286 5
    endloop
  endfacet
  facet normal 0 0 1
    outer loop
      vertex 51.3938 30.0738 5
      vertex 50.1659 29.4472 5
      vertex 50.9333 29.6039 5
    endloop
  endfacet
  facet normal 0 0 1
    outer loop
      vertex 51.5473 30.8571 5
      vertex 50.1469 32.2384 5
      vertex 48.8937 30.8286 5
    endloop
  endfacet
  facet normal 0 0 1
    outer loop
      vertex 51.5473 30.8571 5
      vertex 50.1659 29.4472 5
      vertex 51.3938 30.0738 5
    endloop
  endfacet
  facet normal 0 0 1
    outer loop
      vertex 48.9288 31.2416 5
      vertex 50.1469 32.2384 5
      vertex 49.7663 32.1973 5
    endloop
  endfacet
  facet normal -0 -0 1
    outer loop
      vertex 48.9314 30.4267 5
      vertex 50.1659 29.4472 5
      vertex 48.8937 30.8286 5
    endloop
  endfacet
  facet normal 0 0 1
    outer loop
      vertex 49.034 31.5881 5
      vertex 49.7663 32.1973 5
      vertex 49.4538 32.0738 5
    endloop
  endfacet
  facet normal 0 0 1
    outer loop
      vertex 50.1659 29.4472 5
      vertex 48.9314 30.4267 5
      vertex 49.7985 29.4879 5
    endloop
  endfacet
  facet normal 0 0 1
    outer loop
      vertex 49.034 31.5881 5
      vertex 49.4538 32.0738 5
      vertex 49.2094 31.8681 5
    endloop
  endfacet
  facet normal -0 -0 1
    outer loop
      vertex 49.0446 30.0881 5
      vertex 49.7985 29.4879 5
      vertex 48.9314 30.4267 5
    endloop
  endfacet
  facet normal 0 0 1
    outer loop
      vertex 49.7663 32.1973 5
      vertex 49.034 31.5881 5
      vertex 48.9288 31.2416 5
    endloop
  endfacet
  facet normal 0 0 1
    outer loop
      vertex 49.7985 29.4879 5
      vertex 49.0446 30.0881 5
      vertex 49.4876 29.6097 5
    endloop
  endfacet
  facet normal 0 0 1
    outer loop
      vertex 50.1469 32.2384 5
      vertex 48.9288 31.2416 5
      vertex 48.8937 30.8286 5
    endloop
  endfacet
  facet normal 0 0 1
    outer loop
      vertex 49.4876 29.6097 5
      vertex 49.0446 30.0881 5
      vertex 49.2331 29.8128 5
    endloop
  endfacet
  facet normal 0 0 -1
    outer loop
      vertex 0 0 0
      vertex 88.9 127 0
      vertex 88.9 0 0
    endloop
  endfacet
  facet normal -0 0 -1
    outer loop
      vertex 88.9 127 0
      vertex 0 0 0
      vertex 0 127 0
    endloop
  endfacet
  facet normal -1 0 0
    outer loop
      vertex 0 0 0
      vertex 0 127 5
      vertex 0 127 0
    endloop
  endfacet
  facet normal -1 -0 0
    outer loop
      vertex 0 127 5
      vertex 0 0 0
      vertex 0 0 5
    endloop
  endfacet
  facet normal 0 1 -0
    outer loop
      vertex 88.9 127 0
      vertex 0 127 5
      vertex 88.9 127 5
    endloop
  endfacet
  facet normal 0 1 0
    outer loop
      vertex 0 127 5
      vertex 88.9 127 0
      vertex 0 127 0
    endloop
  endfacet
  facet normal 0 -1 0
    outer loop
      vertex 0 0 0
      vertex 88.9 0 5
      vertex 0 0 5
    endloop
  endfacet
  facet normal 0 -1 -0
    outer loop
      vertex 88.9 0 5
      vertex 0 0 0
      vertex 88.9 0 0
    endloop
  endfacet
endsolid OpenSCAD_Model
