solid OpenSCAD_Model
  facet normal -0 0 1
    outer loop
      vertex 18.0971 24.3705 4.2
      vertex 21.7687 23.7627 4.2
      vertex 18.0971 24.7563 4.2
    endloop
  endfacet
  facet normal 0 0 1
    outer loop
      vertex 21.7687 23.7627 4.2
      vertex 18.0971 24.3705 4.2
      vertex 21.7687 23.3672 4.2
    endloop
  endfacet
  facet normal -0 0 1
    outer loop
      vertex 18.0971 42.1184 4.2
      vertex 21.7687 41.5106 4.2
      vertex 18.0971 42.5041 4.2
    endloop
  endfacet
  facet normal 0 0 1
    outer loop
      vertex 21.7687 41.5106 4.2
      vertex 18.0971 42.1184 4.2
      vertex 21.7687 41.1151 4.2
    endloop
  endfacet
  facet normal 0 0 1
    outer loop
      vertex 20.1599 21.9162 4.2
      vertex 19.7397 22.2271 4.2
      vertex 19.7791 21.9064 4.2
    endloop
  endfacet
  facet normal 0 0 1
    outer loop
      vertex 19.434 22.6159 4.2
      vertex 19.8484 22.7068 4.2
      vertex 19.6753 22.933 4.2
    endloop
  endfacet
  facet normal 0 0 1
    outer loop
      vertex 19.9549 22.3971 4.2
      vertex 19.6216 22.4667 4.2
      vertex 19.7397 22.2271 4.2
    endloop
  endfacet
  facet normal 0 0 1
    outer loop
      vertex 19.434 22.6159 4.2
      vertex 19.6753 22.933 4.2
      vertex 19.4382 23.0712 4.2
    endloop
  endfacet
  facet normal 0 0 1
    outer loop
      vertex 19.8484 22.7068 4.2
      vertex 19.434 22.6159 4.2
      vertex 19.6216 22.4667 4.2
    endloop
  endfacet
  facet normal 0 0 1
    outer loop
      vertex 19.4382 23.0712 4.2
      vertex 19.1859 22.6656 4.2
      vertex 19.434 22.6159 4.2
    endloop
  endfacet
  facet normal 0 0 1
    outer loop
      vertex 19.1395 23.1173 4.2
      vertex 19.1859 22.6656 4.2
      vertex 19.4382 23.0712 4.2
    endloop
  endfacet
  facet normal 0 0 1
    outer loop
      vertex 19.1395 23.1173 4.2
      vertex 18.939 22.625 4.2
      vertex 19.1859 22.6656 4.2
    endloop
  endfacet
  facet normal -0 0 1
    outer loop
      vertex 18.7571 23.0456 4.2
      vertex 18.939 22.625 4.2
      vertex 19.1395 23.1173 4.2
    endloop
  endfacet
  facet normal -0 0 1
    outer loop
      vertex 18.4694 22.8304 4.2
      vertex 18.939 22.625 4.2
      vertex 18.7571 23.0456 4.2
    endloop
  endfacet
  facet normal 0 0 1
    outer loop
      vertex 18.939 22.625 4.2
      vertex 18.4694 22.8304 4.2
      vertex 18.7501 22.5033 4.2
    endloop
  endfacet
  facet normal 0 0 1
    outer loop
      vertex 18.7501 22.5033 4.2
      vertex 18.289 22.4859 4.2
      vertex 18.6302 22.3016 4.2
    endloop
  endfacet
  facet normal 0 0 1
    outer loop
      vertex 18.289 22.4859 4.2
      vertex 18.7501 22.5033 4.2
      vertex 18.4694 22.8304 4.2
    endloop
  endfacet
  facet normal 0 0 1
    outer loop
      vertex 21.7687 22.0456 4.2
      vertex 21.3641 22.3419 4.2
      vertex 21.4049 22.0456 4.2
    endloop
  endfacet
  facet normal 0 0 1
    outer loop
      vertex 21.7034 22.5424 4.2
      vertex 21.2414 22.5667 4.2
      vertex 21.3641 22.3419 4.2
    endloop
  endfacet
  facet normal 0 0 1
    outer loop
      vertex 21.0381 22.7087 4.2
      vertex 21.5075 22.9098 4.2
      vertex 21.1925 23.1368 4.2
    endloop
  endfacet
  facet normal 0 0 1
    outer loop
      vertex 21.5075 22.9098 4.2
      vertex 21.0381 22.7087 4.2
      vertex 21.2414 22.5667 4.2
    endloop
  endfacet
  facet normal 0 0 1
    outer loop
      vertex 20.7702 23.2125 4.2
      vertex 21.0381 22.7087 4.2
      vertex 21.1925 23.1368 4.2
    endloop
  endfacet
  facet normal 0 0 1
    outer loop
      vertex 20.7702 23.2125 4.2
      vertex 20.7556 22.756 4.2
      vertex 21.0381 22.7087 4.2
    endloop
  endfacet
  facet normal -0 0 1
    outer loop
      vertex 20.4687 23.1588 4.2
      vertex 20.7556 22.756 4.2
      vertex 20.7702 23.2125 4.2
    endloop
  endfacet
  facet normal 0 0 1
    outer loop
      vertex 20.7556 22.756 4.2
      vertex 20.4687 23.1588 4.2
      vertex 20.5057 22.702 4.2
    endloop
  endfacet
  facet normal -0 0 1
    outer loop
      vertex 20.2234 22.9976 4.2
      vertex 20.5057 22.702 4.2
      vertex 20.4687 23.1588 4.2
    endloop
  endfacet
  facet normal 0 0 1
    outer loop
      vertex 20.5057 22.702 4.2
      vertex 20.2234 22.9976 4.2
      vertex 20.3174 22.5399 4.2
    endloop
  endfacet
  facet normal -0 0 1
    outer loop
      vertex 20.0501 22.7401 4.2
      vertex 20.3174 22.5399 4.2
      vertex 20.2234 22.9976 4.2
    endloop
  endfacet
  facet normal 0 0 1
    outer loop
      vertex 19.9646 22.3971 4.2
      vertex 20.3174 22.5399 4.2
      vertex 20.0501 22.7401 4.2
    endloop
  endfacet
  facet normal 0 0 1
    outer loop
      vertex 20.3174 22.5399 4.2
      vertex 19.9646 22.3971 4.2
      vertex 20.1993 22.276 4.2
    endloop
  endfacet
  facet normal 0 0 1
    outer loop
      vertex 19.7397 22.2271 4.2
      vertex 20.1993 22.276 4.2
      vertex 19.9646 22.3971 4.2
    endloop
  endfacet
  facet normal 0 0 1
    outer loop
      vertex 20.1993 22.276 4.2
      vertex 19.7397 22.2271 4.2
      vertex 20.1599 21.9162 4.2
    endloop
  endfacet
  facet normal 0 0 1
    outer loop
      vertex 19.7397 22.2271 4.2
      vertex 19.9646 22.3971 4.2
      vertex 19.9549 22.3971 4.2
    endloop
  endfacet
  facet normal -0 0 1
    outer loop
      vertex 19.6216 22.4667 4.2
      vertex 19.9549 22.3971 4.2
      vertex 19.8484 22.7068 4.2
    endloop
  endfacet
  facet normal 0 0 1
    outer loop
      vertex 20.1599 21.9162 4.2
      vertex 19.7791 21.9064 4.2
      vertex 20.1599 21.6672 4.2
    endloop
  endfacet
  facet normal 0 0 1
    outer loop
      vertex 20.1599 21.6672 4.2
      vertex 19.7791 21.9064 4.2
      vertex 19.7791 21.6672 4.2
    endloop
  endfacet
  facet normal -0 0 1
    outer loop
      vertex 21.3641 22.3419 4.2
      vertex 21.7687 22.0456 4.2
      vertex 21.7034 22.5424 4.2
    endloop
  endfacet
  facet normal 0 0 1
    outer loop
      vertex 21.7687 22.0456 4.2
      vertex 21.4049 22.0456 4.2
      vertex 21.7098 21.5759 4.2
    endloop
  endfacet
  facet normal -0 0 1
    outer loop
      vertex 21.2414 22.5667 4.2
      vertex 21.7034 22.5424 4.2
      vertex 21.5075 22.9098 4.2
    endloop
  endfacet
  facet normal 0 0 1
    outer loop
      vertex 21.2524 21.5274 4.2
      vertex 21.7098 21.5759 4.2
      vertex 21.4049 22.0456 4.2
    endloop
  endfacet
  facet normal 0 0 1
    outer loop
      vertex 21.7098 21.5759 4.2
      vertex 21.2524 21.5274 4.2
      vertex 21.5331 21.2119 4.2
    endloop
  endfacet
  facet normal 0 0 1
    outer loop
      vertex 21.2524 21.5274 4.2
      vertex 21.2411 20.9638 4.2
      vertex 21.5331 21.2119 4.2
    endloop
  endfacet
  facet normal -0 0 1
    outer loop
      vertex 20.7946 21.2961 4.2
      vertex 21.2411 20.9638 4.2
      vertex 21.2524 21.5274 4.2
    endloop
  endfacet
  facet normal 0 0 1
    outer loop
      vertex 21.2411 20.9638 4.2
      vertex 20.7946 21.2961 4.2
      vertex 20.8361 20.842 4.2
    endloop
  endfacet
  facet normal 0 0 1
    outer loop
      vertex 18.7489 21.0126 4.2
      vertex 19.159 21.3425 4.2
      vertex 18.9185 21.4093 4.2
    endloop
  endfacet
  facet normal 0 0 1
    outer loop
      vertex 19.159 21.3425 4.2
      vertex 18.7489 21.0126 4.2
      vertex 19.1248 20.9006 4.2
    endloop
  endfacet
  facet normal 0 0 1
    outer loop
      vertex 18.4657 21.2509 4.2
      vertex 18.9185 21.4093 4.2
      vertex 18.7391 21.5512 4.2
    endloop
  endfacet
  facet normal -0 0 1
    outer loop
      vertex 18.2881 21.5955 4.2
      vertex 18.7391 21.5512 4.2
      vertex 18.6274 21.7584 4.2
    endloop
  endfacet
  facet normal 0 0 1
    outer loop
      vertex 18.2289 22.026 4.2
      vertex 18.6302 22.3016 4.2
      vertex 18.289 22.4859 4.2
    endloop
  endfacet
  facet normal 0 0 1
    outer loop
      vertex 18.9185 21.4093 4.2
      vertex 18.4657 21.2509 4.2
      vertex 18.7489 21.0126 4.2
    endloop
  endfacet
  facet normal 0 0 1
    outer loop
      vertex 18.6302 22.3016 4.2
      vertex 18.2289 22.026 4.2
      vertex 18.5902 22.0212 4.2
    endloop
  endfacet
  facet normal 0 0 1
    outer loop
      vertex 18.5902 22.0212 4.2
      vertex 18.2289 22.026 4.2
      vertex 18.6274 21.7584 4.2
    endloop
  endfacet
  facet normal 0 -0 1
    outer loop
      vertex 18.2881 21.5955 4.2
      vertex 18.6274 21.7584 4.2
      vertex 18.2289 22.026 4.2
    endloop
  endfacet
  facet normal 0 0 1
    outer loop
      vertex 18.7391 21.5512 4.2
      vertex 18.2881 21.5955 4.2
      vertex 18.4657 21.2509 4.2
    endloop
  endfacet
  facet normal -0 0 1
    outer loop
      vertex 21.3464 35.0621 4.2
      vertex 21.7199 34.5788 4.2
      vertex 21.7199 36.8565 4.2
    endloop
  endfacet
  facet normal 0 0 1
    outer loop
      vertex 21.3464 35.0621 4.2
      vertex 21.7199 36.8565 4.2
      vertex 21.3464 36.8565 4.2
    endloop
  endfacet
  facet normal 0 0 1
    outer loop
      vertex 21.7199 34.5788 4.2
      vertex 21.3464 35.0621 4.2
      vertex 21.4098 34.5788 4.2
    endloop
  endfacet
  facet normal 0 0 1
    outer loop
      vertex 21.141 34.717 4.2
      vertex 21.3464 35.0621 4.2
      vertex 21.1721 35.1586 4.2
    endloop
  endfacet
  facet normal 0 0 1
    outer loop
      vertex 21.3464 35.0621 4.2
      vertex 21.141 34.717 4.2
      vertex 21.4098 34.5788 4.2
    endloop
  endfacet
  facet normal 0 0 1
    outer loop
      vertex 20.9057 34.8827 4.2
      vertex 21.1721 35.1586 4.2
      vertex 20.9912 35.3014 4.2
    endloop
  endfacet
  facet normal 0 0 1
    outer loop
      vertex 21.1721 35.1586 4.2
      vertex 20.9057 34.8827 4.2
      vertex 21.141 34.717 4.2
    endloop
  endfacet
  facet normal 0 0 1
    outer loop
      vertex 20.6976 35.0667 4.2
      vertex 20.9912 35.3014 4.2
      vertex 20.7956 35.496 4.2
    endloop
  endfacet
  facet normal 0 0 1
    outer loop
      vertex 20.9912 35.3014 4.2
      vertex 20.6976 35.0667 4.2
      vertex 20.9057 34.8827 4.2
    endloop
  endfacet
  facet normal 0 0 1
    outer loop
      vertex 20.3396 35.4567 4.2
      vertex 20.7956 35.496 4.2
      vertex 20.5774 35.7481 4.2
    endloop
  endfacet
  facet normal 0 0 1
    outer loop
      vertex 20.7956 35.496 4.2
      vertex 20.5102 35.2599 4.2
      vertex 20.6976 35.0667 4.2
    endloop
  endfacet
  facet normal 0 0 1
    outer loop
      vertex 20.7956 35.496 4.2
      vertex 20.3396 35.4567 4.2
      vertex 20.5102 35.2599 4.2
    endloop
  endfacet
  facet normal 0 0 1
    outer loop
      vertex 20.1819 35.6517 4.2
      vertex 20.5774 35.7481 4.2
      vertex 20.2167 36.176 4.2
    endloop
  endfacet
  facet normal 0 0 1
    outer loop
      vertex 20.5774 35.7481 4.2
      vertex 20.1819 35.6517 4.2
      vertex 20.3396 35.4567 4.2
    endloop
  endfacet
  facet normal 0 0 1
    outer loop
      vertex 20.2167 36.176 4.2
      vertex 20.0305 35.8363 4.2
      vertex 20.1819 35.6517 4.2
    endloop
  endfacet
  facet normal 0 0 1
    outer loop
      vertex 19.8792 36.002 4.2
      vertex 20.2167 36.176 4.2
      vertex 19.9646 36.439 4.2
    endloop
  endfacet
  facet normal 0 0 1
    outer loop
      vertex 20.2167 36.176 4.2
      vertex 19.8792 36.002 4.2
      vertex 20.0305 35.8363 4.2
    endloop
  endfacet
  facet normal 0 0 1
    outer loop
      vertex 19.5618 36.2547 4.2
      vertex 19.9646 36.439 4.2
      vertex 19.7669 36.5974 4.2
    endloop
  endfacet
  facet normal 0 0 1
    outer loop
      vertex 19.9646 36.439 4.2
      vertex 19.7242 36.1433 4.2
      vertex 19.8792 36.002 4.2
    endloop
  endfacet
  facet normal 0 0 1
    outer loop
      vertex 19.5618 36.2547 4.2
      vertex 19.7669 36.5974 4.2
      vertex 19.5691 36.7112 4.2
    endloop
  endfacet
  facet normal 0 0 1
    outer loop
      vertex 19.9646 36.439 4.2
      vertex 19.5618 36.2547 4.2
      vertex 19.7242 36.1433 4.2
    endloop
  endfacet
  facet normal 0 0 1
    outer loop
      vertex 19.5691 36.7112 4.2
      vertex 19.3848 36.327 4.2
      vertex 19.5618 36.2547 4.2
    endloop
  endfacet
  facet normal 0 0 1
    outer loop
      vertex 19.3708 36.7799 4.2
      vertex 19.3848 36.327 4.2
      vertex 19.5691 36.7112 4.2
    endloop
  endfacet
  facet normal 0 0 1
    outer loop
      vertex 19.3708 36.7799 4.2
      vertex 19.1859 36.3511 4.2
      vertex 19.3848 36.327 4.2
    endloop
  endfacet
  facet normal 0 0 1
    outer loop
      vertex 19.1712 36.8027 4.2
      vertex 19.1859 36.3511 4.2
      vertex 19.3708 36.7799 4.2
    endloop
  endfacet
  facet normal 0 0 1
    outer loop
      vertex 19.1712 36.8027 4.2
      vertex 18.9344 36.3096 4.2
      vertex 19.1859 36.3511 4.2
    endloop
  endfacet
  facet normal -0 0 1
    outer loop
      vertex 18.7711 36.7329 4.2
      vertex 18.9344 36.3096 4.2
      vertex 19.1712 36.8027 4.2
    endloop
  endfacet
  facet normal -0 0 1
    outer loop
      vertex 18.4742 36.5232 4.2
      vertex 18.9344 36.3096 4.2
      vertex 18.7711 36.7329 4.2
    endloop
  endfacet
  facet normal 0 0 1
    outer loop
      vertex 18.9344 36.3096 4.2
      vertex 18.4742 36.5232 4.2
      vertex 18.7464 36.1851 4.2
    endloop
  endfacet
  facet normal 0 0 1
    outer loop
      vertex 18.7464 36.1851 4.2
      vertex 18.2902 36.1836 4.2
      vertex 18.6293 35.9868 4.2
    endloop
  endfacet
  facet normal 0 0 1
    outer loop
      vertex 18.2902 36.1836 4.2
      vertex 18.7464 36.1851 4.2
      vertex 18.4742 36.5232 4.2
    endloop
  endfacet
  facet normal 0 0 1
    outer loop
      vertex 18.7593 34.7103 4.2
      vertex 19.1712 35.0475 4.2
      vertex 18.9262 35.1167 4.2
    endloop
  endfacet
  facet normal 0 0 1
    outer loop
      vertex 19.1712 35.0475 4.2
      vertex 18.7593 34.7103 4.2
      vertex 19.1297 34.5983 4.2
    endloop
  endfacet
  facet normal 0 0 1
    outer loop
      vertex 18.473 34.9486 4.2
      vertex 18.9262 35.1167 4.2
      vertex 18.7428 35.2611 4.2
    endloop
  endfacet
  facet normal -0 0 1
    outer loop
      vertex 18.2899 35.2931 4.2
      vertex 18.7428 35.2611 4.2
      vertex 18.6283 35.4677 4.2
    endloop
  endfacet
  facet normal 0 0 1
    outer loop
      vertex 18.9262 35.1167 4.2
      vertex 18.473 34.9486 4.2
      vertex 18.7593 34.7103 4.2
    endloop
  endfacet
  facet normal -0 0 1
    outer loop
      vertex 18.2289 35.7237 4.2
      vertex 18.6283 35.4677 4.2
      vertex 18.5902 35.7237 4.2
    endloop
  endfacet
  facet normal 0 0 1
    outer loop
      vertex 18.2289 35.7237 4.2
      vertex 18.6293 35.9868 4.2
      vertex 18.2902 36.1836 4.2
    endloop
  endfacet
  facet normal 0 0 1
    outer loop
      vertex 18.6293 35.9868 4.2
      vertex 18.2289 35.7237 4.2
      vertex 18.5902 35.7237 4.2
    endloop
  endfacet
  facet normal 0 0 1
    outer loop
      vertex 18.6283 35.4677 4.2
      vertex 18.2289 35.7237 4.2
      vertex 18.2899 35.2931 4.2
    endloop
  endfacet
  facet normal 0 0 1
    outer loop
      vertex 18.7428 35.2611 4.2
      vertex 18.2899 35.2931 4.2
      vertex 18.473 34.9486 4.2
    endloop
  endfacet
  facet normal -0 0 1
    outer loop
      vertex 21.3464 43.2065 4.2
      vertex 21.7199 42.7231 4.2
      vertex 21.7199 45.0008 4.2
    endloop
  endfacet
  facet normal 0 0 1
    outer loop
      vertex 21.3464 43.2065 4.2
      vertex 21.7199 45.0008 4.2
      vertex 21.3464 45.0008 4.2
    endloop
  endfacet
  facet normal 0 0 1
    outer loop
      vertex 21.7199 42.7231 4.2
      vertex 21.3464 43.2065 4.2
      vertex 21.4098 42.7231 4.2
    endloop
  endfacet
  facet normal 0 0 1
    outer loop
      vertex 21.141 42.8614 4.2
      vertex 21.3464 43.2065 4.2
      vertex 21.1721 43.3029 4.2
    endloop
  endfacet
  facet normal 0 0 1
    outer loop
      vertex 21.3464 43.2065 4.2
      vertex 21.141 42.8614 4.2
      vertex 21.4098 42.7231 4.2
    endloop
  endfacet
  facet normal 0 0 1
    outer loop
      vertex 20.9057 43.0271 4.2
      vertex 21.1721 43.3029 4.2
      vertex 20.9912 43.4457 4.2
    endloop
  endfacet
  facet normal 0 0 1
    outer loop
      vertex 21.1721 43.3029 4.2
      vertex 20.9057 43.0271 4.2
      vertex 21.141 42.8614 4.2
    endloop
  endfacet
  facet normal 0 0 1
    outer loop
      vertex 20.6976 43.2111 4.2
      vertex 20.9912 43.4457 4.2
      vertex 20.7956 43.6404 4.2
    endloop
  endfacet
  facet normal 0 0 1
    outer loop
      vertex 20.9912 43.4457 4.2
      vertex 20.6976 43.2111 4.2
      vertex 20.9057 43.0271 4.2
    endloop
  endfacet
  facet normal 0 0 1
    outer loop
      vertex 20.3396 43.6011 4.2
      vertex 20.7956 43.6404 4.2
      vertex 20.5774 43.8925 4.2
    endloop
  endfacet
  facet normal 0 0 1
    outer loop
      vertex 20.7956 43.6404 4.2
      vertex 20.5102 43.4042 4.2
      vertex 20.6976 43.2111 4.2
    endloop
  endfacet
  facet normal 0 0 1
    outer loop
      vertex 20.7956 43.6404 4.2
      vertex 20.3396 43.6011 4.2
      vertex 20.5102 43.4042 4.2
    endloop
  endfacet
  facet normal 0 0 1
    outer loop
      vertex 20.1819 43.7961 4.2
      vertex 20.5774 43.8925 4.2
      vertex 20.2167 44.3203 4.2
    endloop
  endfacet
  facet normal 0 0 1
    outer loop
      vertex 20.5774 43.8925 4.2
      vertex 20.1819 43.7961 4.2
      vertex 20.3396 43.6011 4.2
    endloop
  endfacet
  facet normal 0 0 1
    outer loop
      vertex 20.2167 44.3203 4.2
      vertex 20.0305 43.9807 4.2
      vertex 20.1819 43.7961 4.2
    endloop
  endfacet
  facet normal 0 0 1
    outer loop
      vertex 19.8792 44.1464 4.2
      vertex 20.2167 44.3203 4.2
      vertex 19.9646 44.5834 4.2
    endloop
  endfacet
  facet normal 0 0 1
    outer loop
      vertex 20.2167 44.3203 4.2
      vertex 19.8792 44.1464 4.2
      vertex 20.0305 43.9807 4.2
    endloop
  endfacet
  facet normal 0 0 1
    outer loop
      vertex 19.5618 44.399 4.2
      vertex 19.9646 44.5834 4.2
      vertex 19.7669 44.7417 4.2
    endloop
  endfacet
  facet normal 0 0 1
    outer loop
      vertex 19.9646 44.5834 4.2
      vertex 19.7242 44.2877 4.2
      vertex 19.8792 44.1464 4.2
    endloop
  endfacet
  facet normal 0 0 1
    outer loop
      vertex 19.5618 44.399 4.2
      vertex 19.7669 44.7417 4.2
      vertex 19.5691 44.8556 4.2
    endloop
  endfacet
  facet normal 0 0 1
    outer loop
      vertex 19.9646 44.5834 4.2
      vertex 19.5618 44.399 4.2
      vertex 19.7242 44.2877 4.2
    endloop
  endfacet
  facet normal 0 0 1
    outer loop
      vertex 19.5691 44.8556 4.2
      vertex 19.3848 44.4714 4.2
      vertex 19.5618 44.399 4.2
    endloop
  endfacet
  facet normal 0 0 1
    outer loop
      vertex 19.3708 44.9242 4.2
      vertex 19.3848 44.4714 4.2
      vertex 19.5691 44.8556 4.2
    endloop
  endfacet
  facet normal 0 0 1
    outer loop
      vertex 19.3708 44.9242 4.2
      vertex 19.1859 44.4955 4.2
      vertex 19.3848 44.4714 4.2
    endloop
  endfacet
  facet normal 0 0 1
    outer loop
      vertex 19.1712 44.9471 4.2
      vertex 19.1859 44.4955 4.2
      vertex 19.3708 44.9242 4.2
    endloop
  endfacet
  facet normal 0 0 1
    outer loop
      vertex 19.1712 44.9471 4.2
      vertex 18.9344 44.454 4.2
      vertex 19.1859 44.4955 4.2
    endloop
  endfacet
  facet normal -0 0 1
    outer loop
      vertex 18.7711 44.8772 4.2
      vertex 18.9344 44.454 4.2
      vertex 19.1712 44.9471 4.2
    endloop
  endfacet
  facet normal -0 0 1
    outer loop
      vertex 18.4742 44.6676 4.2
      vertex 18.9344 44.454 4.2
      vertex 18.7711 44.8772 4.2
    endloop
  endfacet
  facet normal 0 0 1
    outer loop
      vertex 18.9344 44.454 4.2
      vertex 18.4742 44.6676 4.2
      vertex 18.7464 44.3295 4.2
    endloop
  endfacet
  facet normal 0 0 1
    outer loop
      vertex 18.7464 44.3295 4.2
      vertex 18.2902 44.328 4.2
      vertex 18.6293 44.1311 4.2
    endloop
  endfacet
  facet normal 0 0 1
    outer loop
      vertex 18.2902 44.328 4.2
      vertex 18.7464 44.3295 4.2
      vertex 18.4742 44.6676 4.2
    endloop
  endfacet
  facet normal 0 0 1
    outer loop
      vertex 18.7593 42.8546 4.2
      vertex 19.1712 43.1919 4.2
      vertex 18.9262 43.2611 4.2
    endloop
  endfacet
  facet normal 0 0 1
    outer loop
      vertex 19.1712 43.1919 4.2
      vertex 18.7593 42.8546 4.2
      vertex 19.1297 42.7427 4.2
    endloop
  endfacet
  facet normal 0 0 1
    outer loop
      vertex 18.473 43.093 4.2
      vertex 18.9262 43.2611 4.2
      vertex 18.7428 43.4055 4.2
    endloop
  endfacet
  facet normal -0 0 1
    outer loop
      vertex 18.2899 43.4375 4.2
      vertex 18.7428 43.4055 4.2
      vertex 18.6283 43.612 4.2
    endloop
  endfacet
  facet normal 0 0 1
    outer loop
      vertex 18.9262 43.2611 4.2
      vertex 18.473 43.093 4.2
      vertex 18.7593 42.8546 4.2
    endloop
  endfacet
  facet normal -0 0 1
    outer loop
      vertex 18.2289 43.8681 4.2
      vertex 18.6283 43.612 4.2
      vertex 18.5902 43.8681 4.2
    endloop
  endfacet
  facet normal 0 0 1
    outer loop
      vertex 18.2289 43.8681 4.2
      vertex 18.6293 44.1311 4.2
      vertex 18.2902 44.328 4.2
    endloop
  endfacet
  facet normal 0 0 1
    outer loop
      vertex 18.6293 44.1311 4.2
      vertex 18.2289 43.8681 4.2
      vertex 18.5902 43.8681 4.2
    endloop
  endfacet
  facet normal 0 0 1
    outer loop
      vertex 18.6283 43.612 4.2
      vertex 18.2289 43.8681 4.2
      vertex 18.2899 43.4375 4.2
    endloop
  endfacet
  facet normal 0 0 1
    outer loop
      vertex 18.7428 43.4055 4.2
      vertex 18.2899 43.4375 4.2
      vertex 18.473 43.093 4.2
    endloop
  endfacet
  facet normal 0 0 1
    outer loop
      vertex 18.2802 46.7496 4.2
      vertex 19.3616 46.3493 4.2
      vertex 19.3616 46.6959 4.2
    endloop
  endfacet
  facet normal 0 0 1
    outer loop
      vertex 19.3616 46.3493 4.2
      vertex 18.2802 46.7496 4.2
      vertex 18.2802 46.3005 4.2
    endloop
  endfacet
  facet normal 0 0 1
    outer loop
      vertex 21.3464 18.2786 4.2
      vertex 18.7001 17.8367 4.2
      vertex 21.3464 17.8367 4.2
    endloop
  endfacet
  facet normal 0 -0 1
    outer loop
      vertex 18.7001 17.8367 4.2
      vertex 21.3464 18.2786 4.2
      vertex 18.2802 18.2786 4.2
    endloop
  endfacet
  facet normal 0 0 1
    outer loop
      vertex 21.3464 18.2786 4.2
      vertex 21.7199 19.1159 4.2
      vertex 21.3464 19.1159 4.2
    endloop
  endfacet
  facet normal 0 0 1
    outer loop
      vertex 21.3464 17.8367 4.2
      vertex 21.7199 19.1159 4.2
      vertex 21.3464 18.2786 4.2
    endloop
  endfacet
  facet normal 0 0 1
    outer loop
      vertex 21.7199 19.1159 4.2
      vertex 21.3464 17.8367 4.2
      vertex 21.7199 16.9603 4.2
    endloop
  endfacet
  facet normal 0 0 1
    outer loop
      vertex 21.7199 16.9603 4.2
      vertex 21.3464 17.8367 4.2
      vertex 21.3464 16.9603 4.2
    endloop
  endfacet
  facet normal 0 0 1
    outer loop
      vertex 18.7001 17.8367 4.2
      vertex 18.8392 17.0604 4.2
      vertex 19.2542 17.0604 4.2
    endloop
  endfacet
  facet normal -0 0 1
    outer loop
      vertex 18.2802 17.8733 4.2
      vertex 18.7001 17.8367 4.2
      vertex 18.2802 18.2786 4.2
    endloop
  endfacet
  facet normal 0 0 1
    outer loop
      vertex 18.7001 17.8367 4.2
      vertex 18.2802 17.8733 4.2
      vertex 18.8392 17.0604 4.2
    endloop
  endfacet
  facet normal 0 0 1
    outer loop
      vertex 18.2802 29.0018 4.2
      vertex 19.3616 28.6014 4.2
      vertex 19.3616 28.9481 4.2
    endloop
  endfacet
  facet normal 0 0 1
    outer loop
      vertex 19.3616 28.6014 4.2
      vertex 18.2802 29.0018 4.2
      vertex 18.2802 28.5526 4.2
    endloop
  endfacet
  facet normal 0 0 1
    outer loop
      vertex 20.5944 26.8746 4.2
      vertex 18.7757 26.4595 4.2
      vertex 20.5944 26.4595 4.2
    endloop
  endfacet
  facet normal 0 -0 1
    outer loop
      vertex 18.7757 26.4595 4.2
      vertex 20.5944 26.8746 4.2
      vertex 18.2802 26.8746 4.2
    endloop
  endfacet
  facet normal 0 0 1
    outer loop
      vertex 20.5944 26.8746 4.2
      vertex 20.9411 26.8746 4.2
      vertex 20.9411 27.3579 4.2
    endloop
  endfacet
  facet normal 0 0 1
    outer loop
      vertex 20.9411 26.8746 4.2
      vertex 20.5944 26.8746 4.2
      vertex 20.9411 26.4595 4.2
    endloop
  endfacet
  facet normal 0 0 1
    outer loop
      vertex 20.5944 25.2438 4.2
      vertex 20.9411 26.4595 4.2
      vertex 20.5944 26.4595 4.2
    endloop
  endfacet
  facet normal 0 0 1
    outer loop
      vertex 20.5944 26.8746 4.2
      vertex 20.9411 27.3579 4.2
      vertex 20.5944 27.3579 4.2
    endloop
  endfacet
  facet normal 0 0 1
    outer loop
      vertex 20.9411 26.4595 4.2
      vertex 20.5944 26.8746 4.2
      vertex 20.5944 26.4595 4.2
    endloop
  endfacet
  facet normal 0 0 1
    outer loop
      vertex 20.9411 26.4595 4.2
      vertex 20.5944 25.2438 4.2
      vertex 20.9411 24.8385 4.2
    endloop
  endfacet
  facet normal 0 0 1
    outer loop
      vertex 20.9411 24.8385 4.2
      vertex 20.5944 25.2438 4.2
      vertex 20.5993 24.8385 4.2
    endloop
  endfacet
  facet normal 0 0 1
    outer loop
      vertex 20.5456 25.2829 4.2
      vertex 20.5993 24.8385 4.2
      vertex 20.5944 25.2438 4.2
    endloop
  endfacet
  facet normal 0 0 1
    outer loop
      vertex 20.365 25.4147 4.2
      vertex 20.5993 24.8385 4.2
      vertex 20.5456 25.2829 4.2
    endloop
  endfacet
  facet normal 0 0 1
    outer loop
      vertex 19.0662 26.296 4.2
      vertex 20.5993 24.8385 4.2
      vertex 20.365 25.4147 4.2
    endloop
  endfacet
  facet normal 0 0 1
    outer loop
      vertex 18.2802 26.4131 4.2
      vertex 19.0662 26.296 4.2
      vertex 19.0028 26.3356 4.2
    endloop
  endfacet
  facet normal 0 0 1
    outer loop
      vertex 18.2802 26.4131 4.2
      vertex 19.0028 26.3356 4.2
      vertex 18.9051 26.3912 4.2
    endloop
  endfacet
  facet normal -0 0 1
    outer loop
      vertex 18.2802 26.4131 4.2
      vertex 18.9051 26.3912 4.2
      vertex 18.8154 26.44 4.2
    endloop
  endfacet
  facet normal 0 0 1
    outer loop
      vertex 18.2802 26.4131 4.2
      vertex 18.8154 26.44 4.2
      vertex 18.7757 26.4595 4.2
    endloop
  endfacet
  facet normal 0 0 1
    outer loop
      vertex 18.2802 26.4131 4.2
      vertex 18.7757 26.4595 4.2
      vertex 18.2802 26.8746 4.2
    endloop
  endfacet
  facet normal 0 0 1
    outer loop
      vertex 19.0662 26.296 4.2
      vertex 18.2802 26.4131 4.2
      vertex 20.5993 24.8385 4.2
    endloop
  endfacet
  facet normal -0 0 1
    outer loop
      vertex 20.9411 26.8746 4.2
      vertex 21.7199 26.4595 4.2
      vertex 21.7199 26.8746 4.2
    endloop
  endfacet
  facet normal 0 0 1
    outer loop
      vertex 21.7199 26.4595 4.2
      vertex 20.9411 26.8746 4.2
      vertex 20.9411 26.4595 4.2
    endloop
  endfacet
  facet normal 0 0 1
    outer loop
      vertex 18.2802 28.101 4.2
      vertex 19.3616 27.703 4.2
      vertex 19.3616 28.0472 4.2
    endloop
  endfacet
  facet normal 0 0 1
    outer loop
      vertex 19.3616 27.703 4.2
      vertex 18.2802 28.101 4.2
      vertex 18.2802 27.6518 4.2
    endloop
  endfacet
  facet normal 0 0 1
    outer loop
      vertex 21.3464 40.0986 4.2
      vertex 18.7001 39.6567 4.2
      vertex 21.3464 39.6567 4.2
    endloop
  endfacet
  facet normal 0 -0 1
    outer loop
      vertex 18.7001 39.6567 4.2
      vertex 21.3464 40.0986 4.2
      vertex 18.2802 40.0986 4.2
    endloop
  endfacet
  facet normal 0 0 1
    outer loop
      vertex 21.3464 40.0986 4.2
      vertex 21.7199 40.9359 4.2
      vertex 21.3464 40.9359 4.2
    endloop
  endfacet
  facet normal 0 0 1
    outer loop
      vertex 21.3464 39.6567 4.2
      vertex 21.7199 40.9359 4.2
      vertex 21.3464 40.0986 4.2
    endloop
  endfacet
  facet normal 0 0 1
    outer loop
      vertex 21.7199 40.9359 4.2
      vertex 21.3464 39.6567 4.2
      vertex 21.7199 38.7803 4.2
    endloop
  endfacet
  facet normal 0 0 1
    outer loop
      vertex 21.7199 38.7803 4.2
      vertex 21.3464 39.6567 4.2
      vertex 21.3464 38.7803 4.2
    endloop
  endfacet
  facet normal 0 0 1
    outer loop
      vertex 18.7001 39.6567 4.2
      vertex 18.8392 38.8804 4.2
      vertex 19.2542 38.8804 4.2
    endloop
  endfacet
  facet normal -0 0 1
    outer loop
      vertex 18.2802 39.6934 4.2
      vertex 18.7001 39.6567 4.2
      vertex 18.2802 40.0986 4.2
    endloop
  endfacet
  facet normal 0 0 1
    outer loop
      vertex 18.7001 39.6567 4.2
      vertex 18.2802 39.6934 4.2
      vertex 18.8392 38.8804 4.2
    endloop
  endfacet
  facet normal 0 0 1
    outer loop
      vertex 18.2802 45.8488 4.2
      vertex 19.3616 45.4509 4.2
      vertex 19.3616 45.7951 4.2
    endloop
  endfacet
  facet normal 0 0 1
    outer loop
      vertex 19.3616 45.4509 4.2
      vertex 18.2802 45.8488 4.2
      vertex 18.2802 45.3997 4.2
    endloop
  endfacet
  facet normal -0 0 1
    outer loop
      vertex 19.0785 32.4286 4.2
      vertex 20.3577 32.0233 4.2
      vertex 19.0785 32.9193 4.2
    endloop
  endfacet
  facet normal 0 0 1
    outer loop
      vertex 20.3577 32.0233 4.2
      vertex 19.0785 32.4286 4.2
      vertex 20.1062 31.7743 4.2
    endloop
  endfacet
  facet normal 0 0 1
    outer loop
      vertex 20.3577 32.0233 4.2
      vertex 21.7199 32.4847 4.2
      vertex 21.7199 32.9754 4.2
    endloop
  endfacet
  facet normal 0 0 1
    outer loop
      vertex 21.7199 32.4847 4.2
      vertex 20.3577 32.0233 4.2
      vertex 20.636 31.7743 4.2
    endloop
  endfacet
  facet normal 0 0 1
    outer loop
      vertex 20.636 31.7743 4.2
      vertex 20.3577 32.0233 4.2
      vertex 20.3625 31.5253 4.2
    endloop
  endfacet
  facet normal -0 0 1
    outer loop
      vertex 20.1062 31.7743 4.2
      vertex 20.3625 31.5253 4.2
      vertex 20.3577 32.0233 4.2
    endloop
  endfacet
  facet normal 0 0 1
    outer loop
      vertex 19.0785 31.1152 4.2
      vertex 20.3625 31.5253 4.2
      vertex 20.1062 31.7743 4.2
    endloop
  endfacet
  facet normal 0 0 1
    outer loop
      vertex 20.3625 31.5253 4.2
      vertex 19.0785 31.1152 4.2
      vertex 19.0785 30.6294 4.2
    endloop
  endfacet
  facet normal -0 0 1
    outer loop
      vertex 20.3625 31.5253 4.2
      vertex 21.7199 31.059 4.2
      vertex 20.636 31.7743 4.2
    endloop
  endfacet
  facet normal 0 0 1
    outer loop
      vertex 21.7199 31.059 4.2
      vertex 20.3625 31.5253 4.2
      vertex 21.7199 30.5854 4.2
    endloop
  endfacet
  facet normal 1 -0 0
    outer loop
      vertex 18.0971 24.3705 5
      vertex 18.0971 24.7563 4.2
      vertex 18.0971 24.7563 5
    endloop
  endfacet
  facet normal 1 0 0
    outer loop
      vertex 18.0971 24.7563 4.2
      vertex 18.0971 24.3705 5
      vertex 18.0971 24.3705 4.2
    endloop
  endfacet
  facet normal 0.263595 0.964633 -0
    outer loop
      vertex 21.7687 23.3672 4.2
      vertex 18.0971 24.3705 5
      vertex 21.7687 23.3672 5
    endloop
  endfacet
  facet normal 0.263595 0.964633 0
    outer loop
      vertex 18.0971 24.3705 5
      vertex 21.7687 23.3672 4.2
      vertex 18.0971 24.3705 4.2
    endloop
  endfacet
  facet normal -1 0 0
    outer loop
      vertex 21.7687 23.3672 4.2
      vertex 21.7687 23.7627 5
      vertex 21.7687 23.7627 4.2
    endloop
  endfacet
  facet normal -1 -0 0
    outer loop
      vertex 21.7687 23.7627 5
      vertex 21.7687 23.3672 4.2
      vertex 21.7687 23.3672 5
    endloop
  endfacet
  facet normal -0.261222 -0.965279 0
    outer loop
      vertex 18.0971 24.7563 4.2
      vertex 21.7687 23.7627 5
      vertex 18.0971 24.7563 5
    endloop
  endfacet
  facet normal -0.261222 -0.965279 -0
    outer loop
      vertex 21.7687 23.7627 5
      vertex 18.0971 24.7563 4.2
      vertex 21.7687 23.7627 4.2
    endloop
  endfacet
  facet normal 1 -0 0
    outer loop
      vertex 18.0971 42.1184 5
      vertex 18.0971 42.5041 4.2
      vertex 18.0971 42.5041 5
    endloop
  endfacet
  facet normal 1 0 0
    outer loop
      vertex 18.0971 42.5041 4.2
      vertex 18.0971 42.1184 5
      vertex 18.0971 42.1184 4.2
    endloop
  endfacet
  facet normal 0.263595 0.964633 -0
    outer loop
      vertex 21.7687 41.1151 4.2
      vertex 18.0971 42.1184 5
      vertex 21.7687 41.1151 5
    endloop
  endfacet
  facet normal 0.263595 0.964633 0
    outer loop
      vertex 18.0971 42.1184 5
      vertex 21.7687 41.1151 4.2
      vertex 18.0971 42.1184 4.2
    endloop
  endfacet
  facet normal -1 0 0
    outer loop
      vertex 21.7687 41.1151 4.2
      vertex 21.7687 41.5106 5
      vertex 21.7687 41.5106 4.2
    endloop
  endfacet
  facet normal -1 -0 0
    outer loop
      vertex 21.7687 41.5106 5
      vertex 21.7687 41.1151 4.2
      vertex 21.7687 41.1151 5
    endloop
  endfacet
  facet normal -0.261197 -0.965285 0
    outer loop
      vertex 18.0971 42.5041 4.2
      vertex 21.7687 41.5106 5
      vertex 18.0971 42.5041 5
    endloop
  endfacet
  facet normal -0.261197 -0.965285 -0
    outer loop
      vertex 21.7687 41.5106 5
      vertex 18.0971 42.5041 4.2
      vertex 21.7687 41.5106 4.2
    endloop
  endfacet
  facet normal -0.882399 -0.470501 0
    outer loop
      vertex 21.7034 22.5424 4.2
      vertex 21.5075 22.9098 5
      vertex 21.5075 22.9098 4.2
    endloop
  endfacet
  facet normal -0.882399 -0.470501 0
    outer loop
      vertex 21.5075 22.9098 5
      vertex 21.7034 22.5424 4.2
      vertex 21.7034 22.5424 5
    endloop
  endfacet
  facet normal -0.584644 -0.81129 0
    outer loop
      vertex 21.1925 23.1368 4.2
      vertex 21.5075 22.9098 5
      vertex 21.1925 23.1368 5
    endloop
  endfacet
  facet normal -0.584644 -0.81129 -0
    outer loop
      vertex 21.5075 22.9098 5
      vertex 21.1925 23.1368 4.2
      vertex 21.5075 22.9098 4.2
    endloop
  endfacet
  facet normal -0.176444 -0.984311 0
    outer loop
      vertex 20.7702 23.2125 4.2
      vertex 21.1925 23.1368 5
      vertex 20.7702 23.2125 5
    endloop
  endfacet
  facet normal -0.176444 -0.984311 -0
    outer loop
      vertex 21.1925 23.1368 5
      vertex 20.7702 23.2125 4.2
      vertex 21.1925 23.1368 4.2
    endloop
  endfacet
  facet normal 0.17535 -0.984506 0
    outer loop
      vertex 20.4687 23.1588 4.2
      vertex 20.7702 23.2125 5
      vertex 20.4687 23.1588 5
    endloop
  endfacet
  facet normal 0.17535 -0.984506 0
    outer loop
      vertex 20.7702 23.2125 5
      vertex 20.4687 23.1588 4.2
      vertex 20.7702 23.2125 4.2
    endloop
  endfacet
  facet normal 0.549185 -0.835701 0
    outer loop
      vertex 20.2234 22.9976 4.2
      vertex 20.4687 23.1588 5
      vertex 20.2234 22.9976 5
    endloop
  endfacet
  facet normal 0.549185 -0.835701 0
    outer loop
      vertex 20.4687 23.1588 5
      vertex 20.2234 22.9976 4.2
      vertex 20.4687 23.1588 4.2
    endloop
  endfacet
  facet normal 0.829614 -0.558338 0
    outer loop
      vertex 20.0501 22.7401 5
      vertex 20.2234 22.9976 4.2
      vertex 20.2234 22.9976 5
    endloop
  endfacet
  facet normal 0.829614 -0.558338 0
    outer loop
      vertex 20.2234 22.9976 4.2
      vertex 20.0501 22.7401 5
      vertex 20.0501 22.7401 4.2
    endloop
  endfacet
  facet normal 0.970309 -0.24187 0
    outer loop
      vertex 19.9646 22.3971 5
      vertex 20.0501 22.7401 4.2
      vertex 20.0501 22.7401 5
    endloop
  endfacet
  facet normal 0.970309 -0.24187 0
    outer loop
      vertex 20.0501 22.7401 4.2
      vertex 19.9646 22.3971 5
      vertex 19.9646 22.3971 4.2
    endloop
  endfacet
  facet normal 0 -1 0
    outer loop
      vertex 19.9549 22.3971 4.2
      vertex 19.9646 22.3971 5
      vertex 19.9549 22.3971 5
    endloop
  endfacet
  facet normal 0 -1 -0
    outer loop
      vertex 19.9646 22.3971 5
      vertex 19.9549 22.3971 4.2
      vertex 19.9646 22.3971 4.2
    endloop
  endfacet
  facet normal -0.945648 -0.325191 0
    outer loop
      vertex 19.9549 22.3971 4.2
      vertex 19.8484 22.7068 5
      vertex 19.8484 22.7068 4.2
    endloop
  endfacet
  facet normal -0.945648 -0.325191 0
    outer loop
      vertex 19.8484 22.7068 5
      vertex 19.9549 22.3971 4.2
      vertex 19.9549 22.3971 5
    endloop
  endfacet
  facet normal -0.794149 -0.607724 0
    outer loop
      vertex 19.8484 22.7068 4.2
      vertex 19.6753 22.933 5
      vertex 19.6753 22.933 4.2
    endloop
  endfacet
  facet normal -0.794149 -0.607724 0
    outer loop
      vertex 19.6753 22.933 5
      vertex 19.8484 22.7068 4.2
      vertex 19.8484 22.7068 5
    endloop
  endfacet
  facet normal -0.503576 -0.863951 0
    outer loop
      vertex 19.4382 23.0712 4.2
      vertex 19.6753 22.933 5
      vertex 19.4382 23.0712 5
    endloop
  endfacet
  facet normal -0.503576 -0.863951 -0
    outer loop
      vertex 19.6753 22.933 5
      vertex 19.4382 23.0712 4.2
      vertex 19.6753 22.933 4.2
    endloop
  endfacet
  facet normal -0.15253 -0.988299 0
    outer loop
      vertex 19.1395 23.1173 4.2
      vertex 19.4382 23.0712 5
      vertex 19.1395 23.1173 5
    endloop
  endfacet
  facet normal -0.15253 -0.988299 -0
    outer loop
      vertex 19.4382 23.0712 5
      vertex 19.1395 23.1173 4.2
      vertex 19.4382 23.0712 4.2
    endloop
  endfacet
  facet normal 0.184289 -0.982872 0
    outer loop
      vertex 18.7571 23.0456 4.2
      vertex 19.1395 23.1173 5
      vertex 18.7571 23.0456 5
    endloop
  endfacet
  facet normal 0.184289 -0.982872 0
    outer loop
      vertex 19.1395 23.1173 5
      vertex 18.7571 23.0456 4.2
      vertex 19.1395 23.1173 4.2
    endloop
  endfacet
  facet normal 0.598975 -0.800768 0
    outer loop
      vertex 18.4694 22.8304 4.2
      vertex 18.7571 23.0456 5
      vertex 18.4694 22.8304 5
    endloop
  endfacet
  facet normal 0.598975 -0.800768 0
    outer loop
      vertex 18.7571 23.0456 5
      vertex 18.4694 22.8304 4.2
      vertex 18.7571 23.0456 4.2
    endloop
  endfacet
  facet normal 0.885887 -0.463901 0
    outer loop
      vertex 18.289 22.4859 5
      vertex 18.4694 22.8304 4.2
      vertex 18.4694 22.8304 5
    endloop
  endfacet
  facet normal 0.885887 -0.463901 0
    outer loop
      vertex 18.4694 22.8304 4.2
      vertex 18.289 22.4859 5
      vertex 18.289 22.4859 4.2
    endloop
  endfacet
  facet normal 0.991569 -0.129579 0
    outer loop
      vertex 18.2289 22.026 5
      vertex 18.289 22.4859 4.2
      vertex 18.289 22.4859 5
    endloop
  endfacet
  facet normal 0.991569 -0.129579 0
    outer loop
      vertex 18.289 22.4859 4.2
      vertex 18.2289 22.026 5
      vertex 18.2289 22.026 4.2
    endloop
  endfacet
  facet normal 0.990677 0.136232 0
    outer loop
      vertex 18.2881 21.5955 5
      vertex 18.2289 22.026 4.2
      vertex 18.2289 22.026 5
    endloop
  endfacet
  facet normal 0.990677 0.136232 0
    outer loop
      vertex 18.2289 22.026 4.2
      vertex 18.2881 21.5955 5
      vertex 18.2881 21.5955 4.2
    endloop
  endfacet
  facet normal 0.888892 0.458117 0
    outer loop
      vertex 18.4657 21.2509 5
      vertex 18.2881 21.5955 4.2
      vertex 18.2881 21.5955 5
    endloop
  endfacet
  facet normal 0.888892 0.458117 0
    outer loop
      vertex 18.2881 21.5955 4.2
      vertex 18.4657 21.2509 5
      vertex 18.4657 21.2509 4.2
    endloop
  endfacet
  facet normal 0.643844 0.765156 -0
    outer loop
      vertex 18.7489 21.0126 4.2
      vertex 18.4657 21.2509 5
      vertex 18.7489 21.0126 5
    endloop
  endfacet
  facet normal 0.643844 0.765156 0
    outer loop
      vertex 18.4657 21.2509 5
      vertex 18.7489 21.0126 4.2
      vertex 18.4657 21.2509 4.2
    endloop
  endfacet
  facet normal 0.285546 0.958365 -0
    outer loop
      vertex 19.1248 20.9006 4.2
      vertex 18.7489 21.0126 5
      vertex 19.1248 20.9006 5
    endloop
  endfacet
  facet normal 0.285546 0.958365 0
    outer loop
      vertex 18.7489 21.0126 5
      vertex 19.1248 20.9006 4.2
      vertex 18.7489 21.0126 4.2
    endloop
  endfacet
  facet normal -0.997019 0.0771623 0
    outer loop
      vertex 19.1248 20.9006 4.2
      vertex 19.159 21.3425 5
      vertex 19.159 21.3425 4.2
    endloop
  endfacet
  facet normal -0.997019 0.0771623 0
    outer loop
      vertex 19.159 21.3425 5
      vertex 19.1248 20.9006 4.2
      vertex 19.1248 20.9006 5
    endloop
  endfacet
  facet normal -0.267623 -0.963524 0
    outer loop
      vertex 18.9185 21.4093 4.2
      vertex 19.159 21.3425 5
      vertex 18.9185 21.4093 5
    endloop
  endfacet
  facet normal -0.267623 -0.963524 -0
    outer loop
      vertex 19.159 21.3425 5
      vertex 18.9185 21.4093 4.2
      vertex 19.159 21.3425 4.2
    endloop
  endfacet
  facet normal -0.620367 -0.784312 0
    outer loop
      vertex 18.7391 21.5512 4.2
      vertex 18.9185 21.4093 5
      vertex 18.7391 21.5512 5
    endloop
  endfacet
  facet normal -0.620367 -0.784312 -0
    outer loop
      vertex 18.9185 21.4093 5
      vertex 18.7391 21.5512 4.2
      vertex 18.9185 21.4093 4.2
    endloop
  endfacet
  facet normal -0.880239 -0.47453 0
    outer loop
      vertex 18.7391 21.5512 4.2
      vertex 18.6274 21.7584 5
      vertex 18.6274 21.7584 4.2
    endloop
  endfacet
  facet normal -0.880239 -0.47453 0
    outer loop
      vertex 18.6274 21.7584 5
      vertex 18.7391 21.5512 4.2
      vertex 18.7391 21.5512 5
    endloop
  endfacet
  facet normal -0.99013 -0.140155 0
    outer loop
      vertex 18.6274 21.7584 4.2
      vertex 18.5902 22.0212 5
      vertex 18.5902 22.0212 4.2
    endloop
  endfacet
  facet normal -0.99013 -0.140155 0
    outer loop
      vertex 18.5902 22.0212 5
      vertex 18.6274 21.7584 4.2
      vertex 18.6274 21.7584 5
    endloop
  endfacet
  facet normal -0.989978 0.141224 0
    outer loop
      vertex 18.5902 22.0212 4.2
      vertex 18.6302 22.3016 5
      vertex 18.6302 22.3016 4.2
    endloop
  endfacet
  facet normal -0.989978 0.141224 0
    outer loop
      vertex 18.6302 22.3016 5
      vertex 18.5902 22.0212 4.2
      vertex 18.5902 22.0212 5
    endloop
  endfacet
  facet normal -0.859592 0.510982 0
    outer loop
      vertex 18.6302 22.3016 4.2
      vertex 18.7501 22.5033 5
      vertex 18.7501 22.5033 4.2
    endloop
  endfacet
  facet normal -0.859592 0.510982 0
    outer loop
      vertex 18.7501 22.5033 5
      vertex 18.6302 22.3016 4.2
      vertex 18.6302 22.3016 5
    endloop
  endfacet
  facet normal -0.54159 0.840643 0
    outer loop
      vertex 18.939 22.625 4.2
      vertex 18.7501 22.5033 5
      vertex 18.939 22.625 5
    endloop
  endfacet
  facet normal -0.54159 0.840643 0
    outer loop
      vertex 18.7501 22.5033 5
      vertex 18.939 22.625 4.2
      vertex 18.7501 22.5033 4.2
    endloop
  endfacet
  facet normal -0.16226 0.986748 0
    outer loop
      vertex 19.1859 22.6656 4.2
      vertex 18.939 22.625 5
      vertex 19.1859 22.6656 5
    endloop
  endfacet
  facet normal -0.16226 0.986748 0
    outer loop
      vertex 18.939 22.625 5
      vertex 19.1859 22.6656 4.2
      vertex 18.939 22.625 4.2
    endloop
  endfacet
  facet normal 0.19642 0.98052 -0
    outer loop
      vertex 19.434 22.6159 4.2
      vertex 19.1859 22.6656 5
      vertex 19.434 22.6159 5
    endloop
  endfacet
  facet normal 0.19642 0.98052 0
    outer loop
      vertex 19.1859 22.6656 5
      vertex 19.434 22.6159 4.2
      vertex 19.1859 22.6656 4.2
    endloop
  endfacet
  facet normal 0.622454 0.782656 -0
    outer loop
      vertex 19.6216 22.4667 4.2
      vertex 19.434 22.6159 5
      vertex 19.6216 22.4667 5
    endloop
  endfacet
  facet normal 0.622454 0.782656 0
    outer loop
      vertex 19.434 22.6159 5
      vertex 19.6216 22.4667 4.2
      vertex 19.434 22.6159 4.2
    endloop
  endfacet
  facet normal 0.896958 0.442115 0
    outer loop
      vertex 19.7397 22.2271 5
      vertex 19.6216 22.4667 4.2
      vertex 19.6216 22.4667 5
    endloop
  endfacet
  facet normal 0.896958 0.442115 0
    outer loop
      vertex 19.6216 22.4667 4.2
      vertex 19.7397 22.2271 5
      vertex 19.7397 22.2271 4.2
    endloop
  endfacet
  facet normal 0.992538 0.121939 0
    outer loop
      vertex 19.7791 21.9064 5
      vertex 19.7397 22.2271 4.2
      vertex 19.7397 22.2271 5
    endloop
  endfacet
  facet normal 0.992538 0.121939 0
    outer loop
      vertex 19.7397 22.2271 4.2
      vertex 19.7791 21.9064 5
      vertex 19.7791 21.9064 4.2
    endloop
  endfacet
  facet normal 1 -0 0
    outer loop
      vertex 19.7791 21.6672 5
      vertex 19.7791 21.9064 4.2
      vertex 19.7791 21.9064 5
    endloop
  endfacet
  facet normal 1 0 0
    outer loop
      vertex 19.7791 21.9064 4.2
      vertex 19.7791 21.6672 5
      vertex 19.7791 21.6672 4.2
    endloop
  endfacet
  facet normal 0 1 -0
    outer loop
      vertex 20.1599 21.6672 4.2
      vertex 19.7791 21.6672 5
      vertex 20.1599 21.6672 5
    endloop
  endfacet
  facet normal 0 1 0
    outer loop
      vertex 19.7791 21.6672 5
      vertex 20.1599 21.6672 4.2
      vertex 19.7791 21.6672 4.2
    endloop
  endfacet
  facet normal -1 0 0
    outer loop
      vertex 20.1599 21.6672 4.2
      vertex 20.1599 21.9162 5
      vertex 20.1599 21.9162 4.2
    endloop
  endfacet
  facet normal -1 -0 0
    outer loop
      vertex 20.1599 21.9162 5
      vertex 20.1599 21.6672 4.2
      vertex 20.1599 21.6672 5
    endloop
  endfacet
  facet normal -0.994058 0.108855 0
    outer loop
      vertex 20.1599 21.9162 4.2
      vertex 20.1993 22.276 5
      vertex 20.1993 22.276 4.2
    endloop
  endfacet
  facet normal -0.994058 0.108855 0
    outer loop
      vertex 20.1993 22.276 5
      vertex 20.1599 21.9162 4.2
      vertex 20.1599 21.9162 5
    endloop
  endfacet
  facet normal -0.912767 0.40848 0
    outer loop
      vertex 20.1993 22.276 4.2
      vertex 20.3174 22.5399 5
      vertex 20.3174 22.5399 4.2
    endloop
  endfacet
  facet normal -0.912767 0.40848 0
    outer loop
      vertex 20.3174 22.5399 5
      vertex 20.1993 22.276 4.2
      vertex 20.1993 22.276 5
    endloop
  endfacet
  facet normal -0.652414 0.757863 0
    outer loop
      vertex 20.5057 22.702 4.2
      vertex 20.3174 22.5399 5
      vertex 20.5057 22.702 5
    endloop
  endfacet
  facet normal -0.652414 0.757863 0
    outer loop
      vertex 20.3174 22.5399 5
      vertex 20.5057 22.702 4.2
      vertex 20.3174 22.5399 4.2
    endloop
  endfacet
  facet normal -0.211212 0.97744 0
    outer loop
      vertex 20.7556 22.756 4.2
      vertex 20.5057 22.702 5
      vertex 20.7556 22.756 5
    endloop
  endfacet
  facet normal -0.211212 0.97744 0
    outer loop
      vertex 20.5057 22.702 5
      vertex 20.7556 22.756 4.2
      vertex 20.5057 22.702 4.2
    endloop
  endfacet
  facet normal 0.165135 0.986271 -0
    outer loop
      vertex 21.0381 22.7087 4.2
      vertex 20.7556 22.756 5
      vertex 21.0381 22.7087 5
    endloop
  endfacet
  facet normal 0.165135 0.986271 0
    outer loop
      vertex 20.7556 22.756 5
      vertex 21.0381 22.7087 4.2
      vertex 20.7556 22.756 4.2
    endloop
  endfacet
  facet normal 0.572623 0.819819 -0
    outer loop
      vertex 21.2414 22.5667 4.2
      vertex 21.0381 22.7087 5
      vertex 21.2414 22.5667 5
    endloop
  endfacet
  facet normal 0.572623 0.819819 0
    outer loop
      vertex 21.0381 22.7087 5
      vertex 21.2414 22.5667 4.2
      vertex 21.0381 22.7087 4.2
    endloop
  endfacet
  facet normal 0.877761 0.479098 0
    outer loop
      vertex 21.3641 22.3419 5
      vertex 21.2414 22.5667 4.2
      vertex 21.2414 22.5667 5
    endloop
  endfacet
  facet normal 0.877761 0.479098 0
    outer loop
      vertex 21.2414 22.5667 4.2
      vertex 21.3641 22.3419 5
      vertex 21.3641 22.3419 4.2
    endloop
  endfacet
  facet normal 0.990652 0.136411 0
    outer loop
      vertex 21.4049 22.0456 5
      vertex 21.3641 22.3419 4.2
      vertex 21.3641 22.3419 5
    endloop
  endfacet
  facet normal 0.990652 0.136411 0
    outer loop
      vertex 21.3641 22.3419 4.2
      vertex 21.4049 22.0456 5
      vertex 21.4049 22.0456 4.2
    endloop
  endfacet
  facet normal 0.959321 -0.282317 0
    outer loop
      vertex 21.2524 21.5274 5
      vertex 21.4049 22.0456 4.2
      vertex 21.4049 22.0456 5
    endloop
  endfacet
  facet normal 0.959321 -0.282317 0
    outer loop
      vertex 21.4049 22.0456 4.2
      vertex 21.2524 21.5274 5
      vertex 21.2524 21.5274 4.2
    endloop
  endfacet
  facet normal 0.450953 -0.892548 0
    outer loop
      vertex 20.7946 21.2961 4.2
      vertex 21.2524 21.5274 5
      vertex 20.7946 21.2961 5
    endloop
  endfacet
  facet normal 0.450953 -0.892548 0
    outer loop
      vertex 21.2524 21.5274 5
      vertex 20.7946 21.2961 4.2
      vertex 21.2524 21.5274 4.2
    endloop
  endfacet
  facet normal 0.99585 0.0910103 0
    outer loop
      vertex 20.8361 20.842 5
      vertex 20.7946 21.2961 4.2
      vertex 20.7946 21.2961 5
    endloop
  endfacet
  facet normal 0.99585 0.0910103 0
    outer loop
      vertex 20.7946 21.2961 4.2
      vertex 20.8361 20.842 5
      vertex 20.8361 20.842 4.2
    endloop
  endfacet
  facet normal -0.287999 0.957631 0
    outer loop
      vertex 21.2411 20.9638 4.2
      vertex 20.8361 20.842 5
      vertex 21.2411 20.9638 5
    endloop
  endfacet
  facet normal -0.287999 0.957631 0
    outer loop
      vertex 20.8361 20.842 5
      vertex 21.2411 20.9638 4.2
      vertex 20.8361 20.842 4.2
    endloop
  endfacet
  facet normal -0.647497 0.762068 0
    outer loop
      vertex 21.5331 21.2119 4.2
      vertex 21.2411 20.9638 5
      vertex 21.5331 21.2119 5
    endloop
  endfacet
  facet normal -0.647497 0.762068 0
    outer loop
      vertex 21.2411 20.9638 5
      vertex 21.5331 21.2119 4.2
      vertex 21.2411 20.9638 4.2
    endloop
  endfacet
  facet normal -0.899605 0.436704 0
    outer loop
      vertex 21.5331 21.2119 4.2
      vertex 21.7098 21.5759 5
      vertex 21.7098 21.5759 4.2
    endloop
  endfacet
  facet normal -0.899605 0.436704 0
    outer loop
      vertex 21.7098 21.5759 5
      vertex 21.5331 21.2119 4.2
      vertex 21.5331 21.2119 5
    endloop
  endfacet
  facet normal -0.992229 0.124425 0
    outer loop
      vertex 21.7098 21.5759 4.2
      vertex 21.7687 22.0456 5
      vertex 21.7687 22.0456 4.2
    endloop
  endfacet
  facet normal -0.992229 0.124425 0
    outer loop
      vertex 21.7687 22.0456 5
      vertex 21.7098 21.5759 4.2
      vertex 21.7098 21.5759 5
    endloop
  endfacet
  facet normal -0.991472 -0.13032 0
    outer loop
      vertex 21.7687 22.0456 4.2
      vertex 21.7034 22.5424 5
      vertex 21.7034 22.5424 4.2
    endloop
  endfacet
  facet normal -0.991472 -0.13032 0
    outer loop
      vertex 21.7034 22.5424 5
      vertex 21.7687 22.0456 4.2
      vertex 21.7687 22.0456 5
    endloop
  endfacet
  facet normal 1 -0 0
    outer loop
      vertex 21.3464 35.0621 5
      vertex 21.3464 36.8565 4.2
      vertex 21.3464 36.8565 5
    endloop
  endfacet
  facet normal 1 0 0
    outer loop
      vertex 21.3464 36.8565 4.2
      vertex 21.3464 35.0621 5
      vertex 21.3464 35.0621 4.2
    endloop
  endfacet
  facet normal -0.484364 -0.874867 0
    outer loop
      vertex 21.1721 35.1586 4.2
      vertex 21.3464 35.0621 5
      vertex 21.1721 35.1586 5
    endloop
  endfacet
  facet normal -0.484364 -0.874867 -0
    outer loop
      vertex 21.3464 35.0621 5
      vertex 21.1721 35.1586 4.2
      vertex 21.3464 35.0621 4.2
    endloop
  endfacet
  facet normal -0.619602 -0.784916 0
    outer loop
      vertex 20.9912 35.3014 4.2
      vertex 21.1721 35.1586 5
      vertex 20.9912 35.3014 5
    endloop
  endfacet
  facet normal -0.619602 -0.784916 -0
    outer loop
      vertex 21.1721 35.1586 5
      vertex 20.9912 35.3014 4.2
      vertex 21.1721 35.1586 4.2
    endloop
  endfacet
  facet normal -0.705292 -0.708917 0
    outer loop
      vertex 20.7956 35.496 4.2
      vertex 20.9912 35.3014 5
      vertex 20.7956 35.496 5
    endloop
  endfacet
  facet normal -0.705292 -0.708917 -0
    outer loop
      vertex 20.9912 35.3014 5
      vertex 20.7956 35.496 4.2
      vertex 20.9912 35.3014 4.2
    endloop
  endfacet
  facet normal -0.756114 -0.654439 0
    outer loop
      vertex 20.7956 35.496 4.2
      vertex 20.5774 35.7481 5
      vertex 20.5774 35.7481 4.2
    endloop
  endfacet
  facet normal -0.756114 -0.654439 0
    outer loop
      vertex 20.5774 35.7481 5
      vertex 20.7956 35.496 4.2
      vertex 20.7956 35.496 5
    endloop
  endfacet
  facet normal -0.764591 -0.644515 0
    outer loop
      vertex 20.5774 35.7481 4.2
      vertex 20.2167 36.176 5
      vertex 20.2167 36.176 4.2
    endloop
  endfacet
  facet normal -0.764591 -0.644515 0
    outer loop
      vertex 20.2167 36.176 5
      vertex 20.5774 35.7481 4.2
      vertex 20.5774 35.7481 5
    endloop
  endfacet
  facet normal -0.721908 -0.691989 0
    outer loop
      vertex 20.2167 36.176 4.2
      vertex 19.9646 36.439 5
      vertex 19.9646 36.439 4.2
    endloop
  endfacet
  facet normal -0.721908 -0.691989 0
    outer loop
      vertex 19.9646 36.439 5
      vertex 20.2167 36.176 4.2
      vertex 20.2167 36.176 5
    endloop
  endfacet
  facet normal -0.625273 -0.780406 0
    outer loop
      vertex 19.7669 36.5974 4.2
      vertex 19.9646 36.439 5
      vertex 19.7669 36.5974 5
    endloop
  endfacet
  facet normal -0.625273 -0.780406 -0
    outer loop
      vertex 19.9646 36.439 5
      vertex 19.7669 36.5974 4.2
      vertex 19.9646 36.439 4.2
    endloop
  endfacet
  facet normal -0.498685 -0.866783 0
    outer loop
      vertex 19.5691 36.7112 4.2
      vertex 19.7669 36.5974 5
      vertex 19.5691 36.7112 5
    endloop
  endfacet
  facet normal -0.498685 -0.866783 -0
    outer loop
      vertex 19.7669 36.5974 5
      vertex 19.5691 36.7112 4.2
      vertex 19.7669 36.5974 4.2
    endloop
  endfacet
  facet normal -0.327356 -0.944901 0
    outer loop
      vertex 19.3708 36.7799 4.2
      vertex 19.5691 36.7112 5
      vertex 19.3708 36.7799 5
    endloop
  endfacet
  facet normal -0.327356 -0.944901 -0
    outer loop
      vertex 19.5691 36.7112 5
      vertex 19.3708 36.7799 4.2
      vertex 19.5691 36.7112 4.2
    endloop
  endfacet
  facet normal -0.11349 -0.993539 0
    outer loop
      vertex 19.1712 36.8027 4.2
      vertex 19.3708 36.7799 5
      vertex 19.1712 36.8027 5
    endloop
  endfacet
  facet normal -0.11349 -0.993539 -0
    outer loop
      vertex 19.3708 36.7799 5
      vertex 19.1712 36.8027 4.2
      vertex 19.3708 36.7799 4.2
    endloop
  endfacet
  facet normal 0.171861 -0.985121 0
    outer loop
      vertex 18.7711 36.7329 4.2
      vertex 19.1712 36.8027 5
      vertex 18.7711 36.7329 5
    endloop
  endfacet
  facet normal 0.171861 -0.985121 0
    outer loop
      vertex 19.1712 36.8027 5
      vertex 18.7711 36.7329 4.2
      vertex 19.1712 36.8027 4.2
    endloop
  endfacet
  facet normal 0.57691 -0.816808 0
    outer loop
      vertex 18.4742 36.5232 4.2
      vertex 18.7711 36.7329 5
      vertex 18.4742 36.5232 5
    endloop
  endfacet
  facet normal 0.57691 -0.816808 0
    outer loop
      vertex 18.7711 36.7329 5
      vertex 18.4742 36.5232 4.2
      vertex 18.7711 36.7329 4.2
    endloop
  endfacet
  facet normal 0.879238 -0.476383 0
    outer loop
      vertex 18.2902 36.1836 5
      vertex 18.4742 36.5232 4.2
      vertex 18.4742 36.5232 5
    endloop
  endfacet
  facet normal 0.879238 -0.476383 0
    outer loop
      vertex 18.4742 36.5232 4.2
      vertex 18.2902 36.1836 5
      vertex 18.2902 36.1836 4.2
    endloop
  endfacet
  facet normal 0.991234 -0.132121 0
    outer loop
      vertex 18.2289 35.7237 5
      vertex 18.2902 36.1836 4.2
      vertex 18.2902 36.1836 5
    endloop
  endfacet
  facet normal 0.991234 -0.132121 0
    outer loop
      vertex 18.2902 36.1836 4.2
      vertex 18.2289 35.7237 5
      vertex 18.2289 35.7237 4.2
    endloop
  endfacet
  facet normal 0.990114 0.140262 0
    outer loop
      vertex 18.2899 35.2931 5
      vertex 18.2289 35.7237 4.2
      vertex 18.2289 35.7237 5
    endloop
  endfacet
  facet normal 0.990114 0.140262 0
    outer loop
      vertex 18.2289 35.7237 4.2
      vertex 18.2899 35.2931 5
      vertex 18.2899 35.2931 4.2
    endloop
  endfacet
  facet normal 0.883026 0.469324 0
    outer loop
      vertex 18.473 34.9486 5
      vertex 18.2899 35.2931 4.2
      vertex 18.2899 35.2931 5
    endloop
  endfacet
  facet normal 0.883026 0.469324 0
    outer loop
      vertex 18.2899 35.2931 4.2
      vertex 18.473 34.9486 5
      vertex 18.473 34.9486 4.2
    endloop
  endfacet
  facet normal 0.639735 0.768595 -0
    outer loop
      vertex 18.7593 34.7103 4.2
      vertex 18.473 34.9486 5
      vertex 18.7593 34.7103 5
    endloop
  endfacet
  facet normal 0.639735 0.768595 0
    outer loop
      vertex 18.473 34.9486 5
      vertex 18.7593 34.7103 4.2
      vertex 18.473 34.9486 4.2
    endloop
  endfacet
  facet normal 0.289434 0.957198 -0
    outer loop
      vertex 19.1297 34.5983 4.2
      vertex 18.7593 34.7103 5
      vertex 19.1297 34.5983 5
    endloop
  endfacet
  facet normal 0.289434 0.957198 0
    outer loop
      vertex 18.7593 34.7103 5
      vertex 19.1297 34.5983 4.2
      vertex 18.7593 34.7103 4.2
    endloop
  endfacet
  facet normal -0.995759 0.0919947 0
    outer loop
      vertex 19.1297 34.5983 4.2
      vertex 19.1712 35.0475 5
      vertex 19.1712 35.0475 4.2
    endloop
  endfacet
  facet normal -0.995759 0.0919947 0
    outer loop
      vertex 19.1712 35.0475 5
      vertex 19.1297 34.5983 4.2
      vertex 19.1297 34.5983 5
    endloop
  endfacet
  facet normal -0.271815 -0.96235 0
    outer loop
      vertex 18.9262 35.1167 4.2
      vertex 19.1712 35.0475 5
      vertex 18.9262 35.1167 5
    endloop
  endfacet
  facet normal -0.271815 -0.96235 -0
    outer loop
      vertex 19.1712 35.0475 5
      vertex 18.9262 35.1167 4.2
      vertex 19.1712 35.0475 4.2
    endloop
  endfacet
  facet normal -0.618616 -0.785694 0
    outer loop
      vertex 18.7428 35.2611 4.2
      vertex 18.9262 35.1167 5
      vertex 18.7428 35.2611 5
    endloop
  endfacet
  facet normal -0.618616 -0.785694 -0
    outer loop
      vertex 18.9262 35.1167 5
      vertex 18.7428 35.2611 4.2
      vertex 18.9262 35.1167 4.2
    endloop
  endfacet
  facet normal -0.874656 -0.484744 0
    outer loop
      vertex 18.7428 35.2611 4.2
      vertex 18.6283 35.4677 5
      vertex 18.6283 35.4677 4.2
    endloop
  endfacet
  facet normal -0.874656 -0.484744 0
    outer loop
      vertex 18.6283 35.4677 5
      vertex 18.7428 35.2611 4.2
      vertex 18.7428 35.2611 5
    endloop
  endfacet
  facet normal -0.989106 -0.147207 0
    outer loop
      vertex 18.6283 35.4677 4.2
      vertex 18.5902 35.7237 5
      vertex 18.5902 35.7237 4.2
    endloop
  endfacet
  facet normal -0.989106 -0.147207 0
    outer loop
      vertex 18.5902 35.7237 5
      vertex 18.6283 35.4677 4.2
      vertex 18.6283 35.4677 5
    endloop
  endfacet
  facet normal -0.989137 0.146998 0
    outer loop
      vertex 18.5902 35.7237 4.2
      vertex 18.6293 35.9868 5
      vertex 18.6293 35.9868 4.2
    endloop
  endfacet
  facet normal -0.989137 0.146998 0
    outer loop
      vertex 18.6293 35.9868 5
      vertex 18.5902 35.7237 4.2
      vertex 18.5902 35.7237 5
    endloop
  endfacet
  facet normal -0.861073 0.508481 0
    outer loop
      vertex 18.6293 35.9868 4.2
      vertex 18.7464 36.1851 5
      vertex 18.7464 36.1851 4.2
    endloop
  endfacet
  facet normal -0.861073 0.508481 0
    outer loop
      vertex 18.7464 36.1851 5
      vertex 18.6293 35.9868 4.2
      vertex 18.6293 35.9868 5
    endloop
  endfacet
  facet normal -0.552139 0.833752 0
    outer loop
      vertex 18.9344 36.3096 4.2
      vertex 18.7464 36.1851 5
      vertex 18.9344 36.3096 5
    endloop
  endfacet
  facet normal -0.552139 0.833752 0
    outer loop
      vertex 18.7464 36.1851 5
      vertex 18.9344 36.3096 4.2
      vertex 18.7464 36.1851 4.2
    endloop
  endfacet
  facet normal -0.162808 0.986658 0
    outer loop
      vertex 19.1859 36.3511 4.2
      vertex 18.9344 36.3096 5
      vertex 19.1859 36.3511 5
    endloop
  endfacet
  facet normal -0.162808 0.986658 0
    outer loop
      vertex 18.9344 36.3096 5
      vertex 19.1859 36.3511 4.2
      vertex 18.9344 36.3096 4.2
    endloop
  endfacet
  facet normal 0.120287 0.992739 -0
    outer loop
      vertex 19.3848 36.327 4.2
      vertex 19.1859 36.3511 5
      vertex 19.3848 36.327 5
    endloop
  endfacet
  facet normal 0.120287 0.992739 0
    outer loop
      vertex 19.1859 36.3511 5
      vertex 19.3848 36.327 4.2
      vertex 19.1859 36.3511 4.2
    endloop
  endfacet
  facet normal 0.378144 0.925747 -0
    outer loop
      vertex 19.5618 36.2547 4.2
      vertex 19.3848 36.327 5
      vertex 19.5618 36.2547 5
    endloop
  endfacet
  facet normal 0.378144 0.925747 0
    outer loop
      vertex 19.3848 36.327 5
      vertex 19.5618 36.2547 4.2
      vertex 19.3848 36.327 4.2
    endloop
  endfacet
  facet normal 0.565666 0.824634 -0
    outer loop
      vertex 19.7242 36.1433 4.2
      vertex 19.5618 36.2547 5
      vertex 19.7242 36.1433 5
    endloop
  endfacet
  facet normal 0.565666 0.824634 0
    outer loop
      vertex 19.5618 36.2547 5
      vertex 19.7242 36.1433 4.2
      vertex 19.5618 36.2547 4.2
    endloop
  endfacet
  facet normal 0.673693 0.739012 -0
    outer loop
      vertex 19.8792 36.002 4.2
      vertex 19.7242 36.1433 5
      vertex 19.8792 36.002 5
    endloop
  endfacet
  facet normal 0.673693 0.739012 0
    outer loop
      vertex 19.7242 36.1433 5
      vertex 19.8792 36.002 4.2
      vertex 19.7242 36.1433 4.2
    endloop
  endfacet
  facet normal 0.738466 0.67429 0
    outer loop
      vertex 20.0305 35.8363 5
      vertex 19.8792 36.002 4.2
      vertex 19.8792 36.002 5
    endloop
  endfacet
  facet normal 0.738466 0.67429 0
    outer loop
      vertex 19.8792 36.002 4.2
      vertex 20.0305 35.8363 5
      vertex 20.0305 35.8363 4.2
    endloop
  endfacet
  facet normal 0.77321 0.63415 0
    outer loop
      vertex 20.1819 35.6517 5
      vertex 20.0305 35.8363 4.2
      vertex 20.0305 35.8363 5
    endloop
  endfacet
  facet normal 0.77321 0.63415 0
    outer loop
      vertex 20.0305 35.8363 4.2
      vertex 20.1819 35.6517 5
      vertex 20.1819 35.6517 4.2
    endloop
  endfacet
  facet normal 0.777551 0.62882 0
    outer loop
      vertex 20.3396 35.4567 5
      vertex 20.1819 35.6517 4.2
      vertex 20.1819 35.6517 5
    endloop
  endfacet
  facet normal 0.777551 0.62882 0
    outer loop
      vertex 20.1819 35.6517 4.2
      vertex 20.3396 35.4567 5
      vertex 20.3396 35.4567 4.2
    endloop
  endfacet
  facet normal 0.755613 0.655018 0
    outer loop
      vertex 20.5102 35.2599 5
      vertex 20.3396 35.4567 4.2
      vertex 20.3396 35.4567 5
    endloop
  endfacet
  facet normal 0.755613 0.655018 0
    outer loop
      vertex 20.3396 35.4567 4.2
      vertex 20.5102 35.2599 5
      vertex 20.5102 35.2599 4.2
    endloop
  endfacet
  facet normal 0.717799 0.69625 0
    outer loop
      vertex 20.6976 35.0667 5
      vertex 20.5102 35.2599 4.2
      vertex 20.5102 35.2599 5
    endloop
  endfacet
  facet normal 0.717799 0.69625 0
    outer loop
      vertex 20.5102 35.2599 4.2
      vertex 20.6976 35.0667 5
      vertex 20.6976 35.0667 4.2
    endloop
  endfacet
  facet normal 0.662395 0.749155 -0
    outer loop
      vertex 20.9057 34.8827 4.2
      vertex 20.6976 35.0667 5
      vertex 20.9057 34.8827 5
    endloop
  endfacet
  facet normal 0.662395 0.749155 0
    outer loop
      vertex 20.6976 35.0667 5
      vertex 20.9057 34.8827 4.2
      vertex 20.6976 35.0667 4.2
    endloop
  endfacet
  facet normal 0.575769 0.817613 -0
    outer loop
      vertex 21.141 34.717 4.2
      vertex 20.9057 34.8827 5
      vertex 21.141 34.717 5
    endloop
  endfacet
  facet normal 0.575769 0.817613 0
    outer loop
      vertex 20.9057 34.8827 5
      vertex 21.141 34.717 4.2
      vertex 20.9057 34.8827 4.2
    endloop
  endfacet
  facet normal 0.457243 0.889342 -0
    outer loop
      vertex 21.4098 34.5788 4.2
      vertex 21.141 34.717 5
      vertex 21.4098 34.5788 5
    endloop
  endfacet
  facet normal 0.457243 0.889342 0
    outer loop
      vertex 21.141 34.717 5
      vertex 21.4098 34.5788 4.2
      vertex 21.141 34.717 4.2
    endloop
  endfacet
  facet normal 0 1 -0
    outer loop
      vertex 21.7199 34.5788 4.2
      vertex 21.4098 34.5788 5
      vertex 21.7199 34.5788 5
    endloop
  endfacet
  facet normal 0 1 0
    outer loop
      vertex 21.4098 34.5788 5
      vertex 21.7199 34.5788 4.2
      vertex 21.4098 34.5788 4.2
    endloop
  endfacet
  facet normal -1 0 0
    outer loop
      vertex 21.7199 34.5788 4.2
      vertex 21.7199 36.8565 5
      vertex 21.7199 36.8565 4.2
    endloop
  endfacet
  facet normal -1 -0 0
    outer loop
      vertex 21.7199 36.8565 5
      vertex 21.7199 34.5788 4.2
      vertex 21.7199 34.5788 5
    endloop
  endfacet
  facet normal 0 -1 0
    outer loop
      vertex 21.3464 36.8565 4.2
      vertex 21.7199 36.8565 5
      vertex 21.3464 36.8565 5
    endloop
  endfacet
  facet normal 0 -1 -0
    outer loop
      vertex 21.7199 36.8565 5
      vertex 21.3464 36.8565 4.2
      vertex 21.7199 36.8565 4.2
    endloop
  endfacet
  facet normal 1 -0 0
    outer loop
      vertex 21.3464 43.2065 5
      vertex 21.3464 45.0008 4.2
      vertex 21.3464 45.0008 5
    endloop
  endfacet
  facet normal 1 0 0
    outer loop
      vertex 21.3464 45.0008 4.2
      vertex 21.3464 43.2065 5
      vertex 21.3464 43.2065 4.2
    endloop
  endfacet
  facet normal -0.48398 -0.875079 0
    outer loop
      vertex 21.1721 43.3029 4.2
      vertex 21.3464 43.2065 5
      vertex 21.1721 43.3029 5
    endloop
  endfacet
  facet normal -0.48398 -0.875079 -0
    outer loop
      vertex 21.3464 43.2065 5
      vertex 21.1721 43.3029 4.2
      vertex 21.3464 43.2065 4.2
    endloop
  endfacet
  facet normal -0.619602 -0.784916 0
    outer loop
      vertex 20.9912 43.4457 4.2
      vertex 21.1721 43.3029 5
      vertex 20.9912 43.4457 5
    endloop
  endfacet
  facet normal -0.619602 -0.784916 -0
    outer loop
      vertex 21.1721 43.3029 5
      vertex 20.9912 43.4457 4.2
      vertex 21.1721 43.3029 4.2
    endloop
  endfacet
  facet normal -0.705474 -0.708735 0
    outer loop
      vertex 20.7956 43.6404 4.2
      vertex 20.9912 43.4457 5
      vertex 20.7956 43.6404 5
    endloop
  endfacet
  facet normal -0.705474 -0.708735 -0
    outer loop
      vertex 20.9912 43.4457 5
      vertex 20.7956 43.6404 4.2
      vertex 20.9912 43.4457 4.2
    endloop
  endfacet
  facet normal -0.756114 -0.654439 0
    outer loop
      vertex 20.7956 43.6404 4.2
      vertex 20.5774 43.8925 5
      vertex 20.5774 43.8925 4.2
    endloop
  endfacet
  facet normal -0.756114 -0.654439 0
    outer loop
      vertex 20.5774 43.8925 5
      vertex 20.7956 43.6404 4.2
      vertex 20.7956 43.6404 5
    endloop
  endfacet
  facet normal -0.764517 -0.644603 0
    outer loop
      vertex 20.5774 43.8925 4.2
      vertex 20.2167 44.3203 5
      vertex 20.2167 44.3203 4.2
    endloop
  endfacet
  facet normal -0.764517 -0.644603 0
    outer loop
      vertex 20.2167 44.3203 5
      vertex 20.5774 43.8925 4.2
      vertex 20.5774 43.8925 5
    endloop
  endfacet
  facet normal -0.72204 -0.691852 0
    outer loop
      vertex 20.2167 44.3203 4.2
      vertex 19.9646 44.5834 5
      vertex 19.9646 44.5834 4.2
    endloop
  endfacet
  facet normal -0.72204 -0.691852 0
    outer loop
      vertex 19.9646 44.5834 5
      vertex 20.2167 44.3203 4.2
      vertex 20.2167 44.3203 5
    endloop
  endfacet
  facet normal -0.625032 -0.780599 0
    outer loop
      vertex 19.7669 44.7417 4.2
      vertex 19.9646 44.5834 5
      vertex 19.7669 44.7417 5
    endloop
  endfacet
  facet normal -0.625032 -0.780599 -0
    outer loop
      vertex 19.9646 44.5834 5
      vertex 19.7669 44.7417 4.2
      vertex 19.9646 44.5834 4.2
    endloop
  endfacet
  facet normal -0.499014 -0.866594 0
    outer loop
      vertex 19.5691 44.8556 4.2
      vertex 19.7669 44.7417 5
      vertex 19.5691 44.8556 5
    endloop
  endfacet
  facet normal -0.499014 -0.866594 -0
    outer loop
      vertex 19.7669 44.7417 5
      vertex 19.5691 44.8556 4.2
      vertex 19.7669 44.7417 4.2
    endloop
  endfacet
  facet normal -0.326931 -0.945048 0
    outer loop
      vertex 19.3708 44.9242 4.2
      vertex 19.5691 44.8556 5
      vertex 19.3708 44.9242 5
    endloop
  endfacet
  facet normal -0.326931 -0.945048 -0
    outer loop
      vertex 19.5691 44.8556 5
      vertex 19.3708 44.9242 4.2
      vertex 19.5691 44.8556 4.2
    endloop
  endfacet
  facet normal -0.113982 -0.993483 0
    outer loop
      vertex 19.1712 44.9471 4.2
      vertex 19.3708 44.9242 5
      vertex 19.1712 44.9471 5
    endloop
  endfacet
  facet normal -0.113982 -0.993483 -0
    outer loop
      vertex 19.3708 44.9242 5
      vertex 19.1712 44.9471 4.2
      vertex 19.3708 44.9242 4.2
    endloop
  endfacet
  facet normal 0.1721 -0.98508 0
    outer loop
      vertex 18.7711 44.8772 4.2
      vertex 19.1712 44.9471 5
      vertex 18.7711 44.8772 5
    endloop
  endfacet
  facet normal 0.1721 -0.98508 0
    outer loop
      vertex 19.1712 44.9471 5
      vertex 18.7711 44.8772 4.2
      vertex 19.1712 44.9471 4.2
    endloop
  endfacet
  facet normal 0.576726 -0.816937 0
    outer loop
      vertex 18.4742 44.6676 4.2
      vertex 18.7711 44.8772 5
      vertex 18.4742 44.6676 5
    endloop
  endfacet
  facet normal 0.576726 -0.816937 0
    outer loop
      vertex 18.7711 44.8772 5
      vertex 18.4742 44.6676 4.2
      vertex 18.7711 44.8772 4.2
    endloop
  endfacet
  facet normal 0.879238 -0.476383 0
    outer loop
      vertex 18.2902 44.328 5
      vertex 18.4742 44.6676 4.2
      vertex 18.4742 44.6676 5
    endloop
  endfacet
  facet normal 0.879238 -0.476383 0
    outer loop
      vertex 18.4742 44.6676 4.2
      vertex 18.2902 44.328 5
      vertex 18.2902 44.328 4.2
    endloop
  endfacet
  facet normal 0.991234 -0.132121 0
    outer loop
      vertex 18.2289 43.8681 5
      vertex 18.2902 44.328 4.2
      vertex 18.2902 44.328 5
    endloop
  endfacet
  facet normal 0.991234 -0.132121 0
    outer loop
      vertex 18.2902 44.328 4.2
      vertex 18.2289 43.8681 5
      vertex 18.2289 43.8681 4.2
    endloop
  endfacet
  facet normal 0.990114 0.140262 0
    outer loop
      vertex 18.2899 43.4375 5
      vertex 18.2289 43.8681 4.2
      vertex 18.2289 43.8681 5
    endloop
  endfacet
  facet normal 0.990114 0.140262 0
    outer loop
      vertex 18.2289 43.8681 4.2
      vertex 18.2899 43.4375 5
      vertex 18.2899 43.4375 4.2
    endloop
  endfacet
  facet normal 0.883026 0.469324 0
    outer loop
      vertex 18.473 43.093 5
      vertex 18.2899 43.4375 4.2
      vertex 18.2899 43.4375 5
    endloop
  endfacet
  facet normal 0.883026 0.469324 0
    outer loop
      vertex 18.2899 43.4375 4.2
      vertex 18.473 43.093 5
      vertex 18.473 43.093 4.2
    endloop
  endfacet
  facet normal 0.639894 0.768463 -0
    outer loop
      vertex 18.7593 42.8546 4.2
      vertex 18.473 43.093 5
      vertex 18.7593 42.8546 5
    endloop
  endfacet
  facet normal 0.639894 0.768463 0
    outer loop
      vertex 18.473 43.093 5
      vertex 18.7593 42.8546 4.2
      vertex 18.473 43.093 4.2
    endloop
  endfacet
  facet normal 0.289197 0.95727 -0
    outer loop
      vertex 19.1297 42.7427 4.2
      vertex 18.7593 42.8546 5
      vertex 19.1297 42.7427 5
    endloop
  endfacet
  facet normal 0.289197 0.95727 0
    outer loop
      vertex 18.7593 42.8546 5
      vertex 19.1297 42.7427 4.2
      vertex 18.7593 42.8546 4.2
    endloop
  endfacet
  facet normal -0.995759 0.0919947 0
    outer loop
      vertex 19.1297 42.7427 4.2
      vertex 19.1712 43.1919 5
      vertex 19.1712 43.1919 4.2
    endloop
  endfacet
  facet normal -0.995759 0.0919947 0
    outer loop
      vertex 19.1712 43.1919 5
      vertex 19.1297 42.7427 4.2
      vertex 19.1297 42.7427 5
    endloop
  endfacet
  facet normal -0.271815 -0.96235 0
    outer loop
      vertex 18.9262 43.2611 4.2
      vertex 19.1712 43.1919 5
      vertex 18.9262 43.2611 5
    endloop
  endfacet
  facet normal -0.271815 -0.96235 -0
    outer loop
      vertex 19.1712 43.1919 5
      vertex 18.9262 43.2611 4.2
      vertex 19.1712 43.1919 4.2
    endloop
  endfacet
  facet normal -0.618616 -0.785694 0
    outer loop
      vertex 18.7428 43.4055 4.2
      vertex 18.9262 43.2611 5
      vertex 18.7428 43.4055 5
    endloop
  endfacet
  facet normal -0.618616 -0.785694 -0
    outer loop
      vertex 18.9262 43.2611 5
      vertex 18.7428 43.4055 4.2
      vertex 18.9262 43.2611 4.2
    endloop
  endfacet
  facet normal -0.874557 -0.484924 0
    outer loop
      vertex 18.7428 43.4055 4.2
      vertex 18.6283 43.612 5
      vertex 18.6283 43.612 4.2
    endloop
  endfacet
  facet normal -0.874557 -0.484924 0
    outer loop
      vertex 18.6283 43.612 5
      vertex 18.7428 43.4055 4.2
      vertex 18.7428 43.4055 5
    endloop
  endfacet
  facet normal -0.989114 -0.147151 0
    outer loop
      vertex 18.6283 43.612 4.2
      vertex 18.5902 43.8681 5
      vertex 18.5902 43.8681 4.2
    endloop
  endfacet
  facet normal -0.989114 -0.147151 0
    outer loop
      vertex 18.5902 43.8681 5
      vertex 18.6283 43.612 4.2
      vertex 18.6283 43.612 5
    endloop
  endfacet
  facet normal -0.989129 0.147053 0
    outer loop
      vertex 18.5902 43.8681 4.2
      vertex 18.6293 44.1311 5
      vertex 18.6293 44.1311 4.2
    endloop
  endfacet
  facet normal -0.989129 0.147053 0
    outer loop
      vertex 18.6293 44.1311 5
      vertex 18.5902 43.8681 4.2
      vertex 18.5902 43.8681 5
    endloop
  endfacet
  facet normal -0.861186 0.508291 0
    outer loop
      vertex 18.6293 44.1311 4.2
      vertex 18.7464 44.3295 5
      vertex 18.7464 44.3295 4.2
    endloop
  endfacet
  facet normal -0.861186 0.508291 0
    outer loop
      vertex 18.7464 44.3295 5
      vertex 18.6293 44.1311 4.2
      vertex 18.6293 44.1311 5
    endloop
  endfacet
  facet normal -0.552139 0.833752 0
    outer loop
      vertex 18.9344 44.454 4.2
      vertex 18.7464 44.3295 5
      vertex 18.9344 44.454 5
    endloop
  endfacet
  facet normal -0.552139 0.833752 0
    outer loop
      vertex 18.7464 44.3295 5
      vertex 18.9344 44.454 4.2
      vertex 18.7464 44.3295 4.2
    endloop
  endfacet
  facet normal -0.162808 0.986658 0
    outer loop
      vertex 19.1859 44.4955 4.2
      vertex 18.9344 44.454 5
      vertex 19.1859 44.4955 5
    endloop
  endfacet
  facet normal -0.162808 0.986658 0
    outer loop
      vertex 18.9344 44.454 5
      vertex 19.1859 44.4955 4.2
      vertex 18.9344 44.454 4.2
    endloop
  endfacet
  facet normal 0.120287 0.992739 -0
    outer loop
      vertex 19.3848 44.4714 4.2
      vertex 19.1859 44.4955 5
      vertex 19.3848 44.4714 5
    endloop
  endfacet
  facet normal 0.120287 0.992739 0
    outer loop
      vertex 19.1859 44.4955 5
      vertex 19.3848 44.4714 4.2
      vertex 19.1859 44.4955 4.2
    endloop
  endfacet
  facet normal 0.378592 0.925564 -0
    outer loop
      vertex 19.5618 44.399 4.2
      vertex 19.3848 44.4714 5
      vertex 19.5618 44.399 5
    endloop
  endfacet
  facet normal 0.378592 0.925564 0
    outer loop
      vertex 19.3848 44.4714 5
      vertex 19.5618 44.399 4.2
      vertex 19.3848 44.4714 4.2
    endloop
  endfacet
  facet normal 0.565321 0.824871 -0
    outer loop
      vertex 19.7242 44.2877 4.2
      vertex 19.5618 44.399 5
      vertex 19.7242 44.2877 5
    endloop
  endfacet
  facet normal 0.565321 0.824871 0
    outer loop
      vertex 19.5618 44.399 5
      vertex 19.7242 44.2877 4.2
      vertex 19.5618 44.399 4.2
    endloop
  endfacet
  facet normal 0.673693 0.739012 -0
    outer loop
      vertex 19.8792 44.1464 4.2
      vertex 19.7242 44.2877 5
      vertex 19.8792 44.1464 5
    endloop
  endfacet
  facet normal 0.673693 0.739012 0
    outer loop
      vertex 19.7242 44.2877 5
      vertex 19.8792 44.1464 4.2
      vertex 19.7242 44.2877 4.2
    endloop
  endfacet
  facet normal 0.738466 0.67429 0
    outer loop
      vertex 20.0305 43.9807 5
      vertex 19.8792 44.1464 4.2
      vertex 19.8792 44.1464 5
    endloop
  endfacet
  facet normal 0.738466 0.67429 0
    outer loop
      vertex 19.8792 44.1464 4.2
      vertex 20.0305 43.9807 5
      vertex 20.0305 43.9807 4.2
    endloop
  endfacet
  facet normal 0.77321 0.63415 0
    outer loop
      vertex 20.1819 43.7961 5
      vertex 20.0305 43.9807 4.2
      vertex 20.0305 43.9807 5
    endloop
  endfacet
  facet normal 0.77321 0.63415 0
    outer loop
      vertex 20.0305 43.9807 4.2
      vertex 20.1819 43.7961 5
      vertex 20.1819 43.7961 4.2
    endloop
  endfacet
  facet normal 0.777551 0.62882 0
    outer loop
      vertex 20.3396 43.6011 5
      vertex 20.1819 43.7961 4.2
      vertex 20.1819 43.7961 5
    endloop
  endfacet
  facet normal 0.777551 0.62882 0
    outer loop
      vertex 20.1819 43.7961 4.2
      vertex 20.3396 43.6011 5
      vertex 20.3396 43.6011 4.2
    endloop
  endfacet
  facet normal 0.755778 0.654828 0
    outer loop
      vertex 20.5102 43.4042 5
      vertex 20.3396 43.6011 4.2
      vertex 20.3396 43.6011 5
    endloop
  endfacet
  facet normal 0.755778 0.654828 0
    outer loop
      vertex 20.3396 43.6011 4.2
      vertex 20.5102 43.4042 5
      vertex 20.5102 43.4042 4.2
    endloop
  endfacet
  facet normal 0.717619 0.696436 0
    outer loop
      vertex 20.6976 43.2111 5
      vertex 20.5102 43.4042 4.2
      vertex 20.5102 43.4042 5
    endloop
  endfacet
  facet normal 0.717619 0.696436 0
    outer loop
      vertex 20.5102 43.4042 4.2
      vertex 20.6976 43.2111 5
      vertex 20.6976 43.2111 4.2
    endloop
  endfacet
  facet normal 0.662395 0.749155 -0
    outer loop
      vertex 20.9057 43.0271 4.2
      vertex 20.6976 43.2111 5
      vertex 20.9057 43.0271 5
    endloop
  endfacet
  facet normal 0.662395 0.749155 0
    outer loop
      vertex 20.6976 43.2111 5
      vertex 20.9057 43.0271 4.2
      vertex 20.6976 43.2111 4.2
    endloop
  endfacet
  facet normal 0.575769 0.817613 -0
    outer loop
      vertex 21.141 42.8614 4.2
      vertex 20.9057 43.0271 5
      vertex 21.141 42.8614 5
    endloop
  endfacet
  facet normal 0.575769 0.817613 0
    outer loop
      vertex 20.9057 43.0271 5
      vertex 21.141 42.8614 4.2
      vertex 20.9057 43.0271 4.2
    endloop
  endfacet
  facet normal 0.457505 0.889207 -0
    outer loop
      vertex 21.4098 42.7231 4.2
      vertex 21.141 42.8614 5
      vertex 21.4098 42.7231 5
    endloop
  endfacet
  facet normal 0.457505 0.889207 0
    outer loop
      vertex 21.141 42.8614 5
      vertex 21.4098 42.7231 4.2
      vertex 21.141 42.8614 4.2
    endloop
  endfacet
  facet normal 0 1 -0
    outer loop
      vertex 21.7199 42.7231 4.2
      vertex 21.4098 42.7231 5
      vertex 21.7199 42.7231 5
    endloop
  endfacet
  facet normal 0 1 0
    outer loop
      vertex 21.4098 42.7231 5
      vertex 21.7199 42.7231 4.2
      vertex 21.4098 42.7231 4.2
    endloop
  endfacet
  facet normal -1 0 0
    outer loop
      vertex 21.7199 42.7231 4.2
      vertex 21.7199 45.0008 5
      vertex 21.7199 45.0008 4.2
    endloop
  endfacet
  facet normal -1 -0 0
    outer loop
      vertex 21.7199 45.0008 5
      vertex 21.7199 42.7231 4.2
      vertex 21.7199 42.7231 5
    endloop
  endfacet
  facet normal 0 -1 0
    outer loop
      vertex 21.3464 45.0008 4.2
      vertex 21.7199 45.0008 5
      vertex 21.3464 45.0008 5
    endloop
  endfacet
  facet normal 0 -1 -0
    outer loop
      vertex 21.7199 45.0008 5
      vertex 21.3464 45.0008 4.2
      vertex 21.7199 45.0008 4.2
    endloop
  endfacet
  facet normal 1 -0 0
    outer loop
      vertex 21.3464 18.2786 5
      vertex 21.3464 19.1159 4.2
      vertex 21.3464 19.1159 5
    endloop
  endfacet
  facet normal 1 0 0
    outer loop
      vertex 21.3464 19.1159 4.2
      vertex 21.3464 18.2786 5
      vertex 21.3464 18.2786 4.2
    endloop
  endfacet
  facet normal 0 -1 0
    outer loop
      vertex 18.2802 18.2786 4.2
      vertex 21.3464 18.2786 5
      vertex 18.2802 18.2786 5
    endloop
  endfacet
  facet normal 0 -1 -0
    outer loop
      vertex 21.3464 18.2786 5
      vertex 18.2802 18.2786 4.2
      vertex 21.3464 18.2786 4.2
    endloop
  endfacet
  facet normal 1 -0 0
    outer loop
      vertex 18.2802 17.8733 5
      vertex 18.2802 18.2786 4.2
      vertex 18.2802 18.2786 5
    endloop
  endfacet
  facet normal 1 0 0
    outer loop
      vertex 18.2802 18.2786 4.2
      vertex 18.2802 17.8733 5
      vertex 18.2802 17.8733 4.2
    endloop
  endfacet
  facet normal 0.82398 0.566619 0
    outer loop
      vertex 18.8392 17.0604 5
      vertex 18.2802 17.8733 4.2
      vertex 18.2802 17.8733 5
    endloop
  endfacet
  facet normal 0.82398 0.566619 0
    outer loop
      vertex 18.2802 17.8733 4.2
      vertex 18.8392 17.0604 5
      vertex 18.8392 17.0604 4.2
    endloop
  endfacet
  facet normal 0 1 -0
    outer loop
      vertex 19.2542 17.0604 4.2
      vertex 18.8392 17.0604 5
      vertex 19.2542 17.0604 5
    endloop
  endfacet
  facet normal 0 1 0
    outer loop
      vertex 18.8392 17.0604 5
      vertex 19.2542 17.0604 4.2
      vertex 18.8392 17.0604 4.2
    endloop
  endfacet
  facet normal -0.813932 -0.58096 0
    outer loop
      vertex 19.2542 17.0604 4.2
      vertex 18.7001 17.8367 5
      vertex 18.7001 17.8367 4.2
    endloop
  endfacet
  facet normal -0.813932 -0.58096 0
    outer loop
      vertex 18.7001 17.8367 5
      vertex 19.2542 17.0604 4.2
      vertex 19.2542 17.0604 5
    endloop
  endfacet
  facet normal 0 1 -0
    outer loop
      vertex 21.3464 17.8367 4.2
      vertex 18.7001 17.8367 5
      vertex 21.3464 17.8367 5
    endloop
  endfacet
  facet normal 0 1 0
    outer loop
      vertex 18.7001 17.8367 5
      vertex 21.3464 17.8367 4.2
      vertex 18.7001 17.8367 4.2
    endloop
  endfacet
  facet normal 1 -0 0
    outer loop
      vertex 21.3464 16.9603 5
      vertex 21.3464 17.8367 4.2
      vertex 21.3464 17.8367 5
    endloop
  endfacet
  facet normal 1 0 0
    outer loop
      vertex 21.3464 17.8367 4.2
      vertex 21.3464 16.9603 5
      vertex 21.3464 16.9603 4.2
    endloop
  endfacet
  facet normal 0 1 -0
    outer loop
      vertex 21.7199 16.9603 4.2
      vertex 21.3464 16.9603 5
      vertex 21.7199 16.9603 5
    endloop
  endfacet
  facet normal 0 1 0
    outer loop
      vertex 21.3464 16.9603 5
      vertex 21.7199 16.9603 4.2
      vertex 21.3464 16.9603 4.2
    endloop
  endfacet
  facet normal -1 0 0
    outer loop
      vertex 21.7199 16.9603 4.2
      vertex 21.7199 19.1159 5
      vertex 21.7199 19.1159 4.2
    endloop
  endfacet
  facet normal -1 -0 0
    outer loop
      vertex 21.7199 19.1159 5
      vertex 21.7199 16.9603 4.2
      vertex 21.7199 16.9603 5
    endloop
  endfacet
  facet normal 0 -1 0
    outer loop
      vertex 21.3464 19.1159 4.2
      vertex 21.7199 19.1159 5
      vertex 21.3464 19.1159 5
    endloop
  endfacet
  facet normal 0 -1 -0
    outer loop
      vertex 21.7199 19.1159 5
      vertex 21.3464 19.1159 4.2
      vertex 21.7199 19.1159 4.2
    endloop
  endfacet
  facet normal -1 0 0
    outer loop
      vertex 20.9411 26.8746 4.2
      vertex 20.9411 27.3579 5
      vertex 20.9411 27.3579 4.2
    endloop
  endfacet
  facet normal -1 -0 0
    outer loop
      vertex 20.9411 27.3579 5
      vertex 20.9411 26.8746 4.2
      vertex 20.9411 26.8746 5
    endloop
  endfacet
  facet normal 0 -1 0
    outer loop
      vertex 20.5944 27.3579 4.2
      vertex 20.9411 27.3579 5
      vertex 20.5944 27.3579 5
    endloop
  endfacet
  facet normal 0 -1 -0
    outer loop
      vertex 20.9411 27.3579 5
      vertex 20.5944 27.3579 4.2
      vertex 20.9411 27.3579 4.2
    endloop
  endfacet
  facet normal 1 -0 0
    outer loop
      vertex 20.5944 26.8746 5
      vertex 20.5944 27.3579 4.2
      vertex 20.5944 27.3579 5
    endloop
  endfacet
  facet normal 1 0 0
    outer loop
      vertex 20.5944 27.3579 4.2
      vertex 20.5944 26.8746 5
      vertex 20.5944 26.8746 4.2
    endloop
  endfacet
  facet normal 0 -1 0
    outer loop
      vertex 18.2802 26.8746 4.2
      vertex 20.5944 26.8746 5
      vertex 18.2802 26.8746 5
    endloop
  endfacet
  facet normal 0 -1 -0
    outer loop
      vertex 20.5944 26.8746 5
      vertex 18.2802 26.8746 4.2
      vertex 20.5944 26.8746 4.2
    endloop
  endfacet
  facet normal 1 -0 0
    outer loop
      vertex 18.2802 26.4131 5
      vertex 18.2802 26.8746 4.2
      vertex 18.2802 26.8746 5
    endloop
  endfacet
  facet normal 1 0 0
    outer loop
      vertex 18.2802 26.8746 4.2
      vertex 18.2802 26.4131 5
      vertex 18.2802 26.4131 4.2
    endloop
  endfacet
  facet normal 0.561727 0.827322 -0
    outer loop
      vertex 20.5993 24.8385 4.2
      vertex 18.2802 26.4131 5
      vertex 20.5993 24.8385 5
    endloop
  endfacet
  facet normal 0.561727 0.827322 0
    outer loop
      vertex 18.2802 26.4131 5
      vertex 20.5993 24.8385 4.2
      vertex 18.2802 26.4131 4.2
    endloop
  endfacet
  facet normal 0 1 -0
    outer loop
      vertex 20.9411 24.8385 4.2
      vertex 20.5993 24.8385 5
      vertex 20.9411 24.8385 5
    endloop
  endfacet
  facet normal 0 1 0
    outer loop
      vertex 20.5993 24.8385 5
      vertex 20.9411 24.8385 4.2
      vertex 20.5993 24.8385 4.2
    endloop
  endfacet
  facet normal -1 0 0
    outer loop
      vertex 20.9411 24.8385 4.2
      vertex 20.9411 26.4595 5
      vertex 20.9411 26.4595 4.2
    endloop
  endfacet
  facet normal -1 -0 0
    outer loop
      vertex 20.9411 26.4595 5
      vertex 20.9411 24.8385 4.2
      vertex 20.9411 24.8385 5
    endloop
  endfacet
  facet normal 0 1 -0
    outer loop
      vertex 21.7199 26.4595 4.2
      vertex 20.9411 26.4595 5
      vertex 21.7199 26.4595 5
    endloop
  endfacet
  facet normal 0 1 0
    outer loop
      vertex 20.9411 26.4595 5
      vertex 21.7199 26.4595 4.2
      vertex 20.9411 26.4595 4.2
    endloop
  endfacet
  facet normal -1 0 0
    outer loop
      vertex 21.7199 26.4595 4.2
      vertex 21.7199 26.8746 5
      vertex 21.7199 26.8746 4.2
    endloop
  endfacet
  facet normal -1 -0 0
    outer loop
      vertex 21.7199 26.8746 5
      vertex 21.7199 26.4595 4.2
      vertex 21.7199 26.4595 5
    endloop
  endfacet
  facet normal 0 -1 0
    outer loop
      vertex 20.9411 26.8746 4.2
      vertex 21.7199 26.8746 5
      vertex 20.9411 26.8746 5
    endloop
  endfacet
  facet normal 0 -1 -0
    outer loop
      vertex 21.7199 26.8746 5
      vertex 20.9411 26.8746 4.2
      vertex 21.7199 26.8746 4.2
    endloop
  endfacet
  facet normal -0.62528 -0.780401 0
    outer loop
      vertex 20.5456 25.2829 4.2
      vertex 20.5944 25.2438 5
      vertex 20.5456 25.2829 5
    endloop
  endfacet
  facet normal -0.62528 -0.780401 -0
    outer loop
      vertex 20.5944 25.2438 5
      vertex 20.5456 25.2829 4.2
      vertex 20.5944 25.2438 4.2
    endloop
  endfacet
  facet normal -0.589501 -0.807768 0
    outer loop
      vertex 20.365 25.4147 4.2
      vertex 20.5456 25.2829 5
      vertex 20.365 25.4147 5
    endloop
  endfacet
  facet normal -0.589501 -0.807768 -0
    outer loop
      vertex 20.5456 25.2829 5
      vertex 20.365 25.4147 4.2
      vertex 20.5456 25.2829 4.2
    endloop
  endfacet
  facet normal -0.561489 -0.827484 0
    outer loop
      vertex 19.0662 26.296 4.2
      vertex 20.365 25.4147 5
      vertex 19.0662 26.296 5
    endloop
  endfacet
  facet normal -0.561489 -0.827484 -0
    outer loop
      vertex 20.365 25.4147 5
      vertex 19.0662 26.296 4.2
      vertex 20.365 25.4147 4.2
    endloop
  endfacet
  facet normal -0.529758 -0.848149 0
    outer loop
      vertex 19.0028 26.3356 4.2
      vertex 19.0662 26.296 5
      vertex 19.0028 26.3356 5
    endloop
  endfacet
  facet normal -0.529758 -0.848149 -0
    outer loop
      vertex 19.0662 26.296 5
      vertex 19.0028 26.3356 4.2
      vertex 19.0662 26.296 4.2
    endloop
  endfacet
  facet normal -0.494605 -0.869118 0
    outer loop
      vertex 18.9051 26.3912 4.2
      vertex 19.0028 26.3356 5
      vertex 18.9051 26.3912 5
    endloop
  endfacet
  facet normal -0.494605 -0.869118 -0
    outer loop
      vertex 19.0028 26.3356 5
      vertex 18.9051 26.3912 4.2
      vertex 19.0028 26.3356 4.2
    endloop
  endfacet
  facet normal -0.477891 -0.878419 0
    outer loop
      vertex 18.8154 26.44 4.2
      vertex 18.9051 26.3912 5
      vertex 18.8154 26.44 5
    endloop
  endfacet
  facet normal -0.477891 -0.878419 -0
    outer loop
      vertex 18.9051 26.3912 5
      vertex 18.8154 26.44 4.2
      vertex 18.9051 26.3912 4.2
    endloop
  endfacet
  facet normal -0.440872 -0.89757 0
    outer loop
      vertex 18.7757 26.4595 4.2
      vertex 18.8154 26.44 5
      vertex 18.7757 26.4595 5
    endloop
  endfacet
  facet normal -0.440872 -0.89757 -0
    outer loop
      vertex 18.8154 26.44 5
      vertex 18.7757 26.4595 4.2
      vertex 18.8154 26.44 4.2
    endloop
  endfacet
  facet normal 0 1 -0
    outer loop
      vertex 20.5944 26.4595 4.2
      vertex 18.7757 26.4595 5
      vertex 20.5944 26.4595 5
    endloop
  endfacet
  facet normal 0 1 0
    outer loop
      vertex 18.7757 26.4595 5
      vertex 20.5944 26.4595 4.2
      vertex 18.7757 26.4595 4.2
    endloop
  endfacet
  facet normal 1 -0 0
    outer loop
      vertex 20.5944 25.2438 5
      vertex 20.5944 26.4595 4.2
      vertex 20.5944 26.4595 5
    endloop
  endfacet
  facet normal 1 0 0
    outer loop
      vertex 20.5944 26.4595 4.2
      vertex 20.5944 25.2438 5
      vertex 20.5944 25.2438 4.2
    endloop
  endfacet
  facet normal 1 -0 0
    outer loop
      vertex 18.2802 28.5526 5
      vertex 18.2802 29.0018 4.2
      vertex 18.2802 29.0018 5
    endloop
  endfacet
  facet normal 1 0 0
    outer loop
      vertex 18.2802 29.0018 4.2
      vertex 18.2802 28.5526 5
      vertex 18.2802 28.5526 4.2
    endloop
  endfacet
  facet normal -0.0450808 0.998983 0
    outer loop
      vertex 19.3616 28.6014 4.2
      vertex 18.2802 28.5526 5
      vertex 19.3616 28.6014 5
    endloop
  endfacet
  facet normal -0.0450808 0.998983 0
    outer loop
      vertex 18.2802 28.5526 5
      vertex 19.3616 28.6014 4.2
      vertex 18.2802 28.5526 4.2
    endloop
  endfacet
  facet normal -1 0 0
    outer loop
      vertex 19.3616 28.6014 4.2
      vertex 19.3616 28.9481 5
      vertex 19.3616 28.9481 4.2
    endloop
  endfacet
  facet normal -1 -0 0
    outer loop
      vertex 19.3616 28.9481 5
      vertex 19.3616 28.6014 4.2
      vertex 19.3616 28.6014 5
    endloop
  endfacet
  facet normal -0.0495967 -0.998769 0
    outer loop
      vertex 18.2802 29.0018 4.2
      vertex 19.3616 28.9481 5
      vertex 18.2802 29.0018 5
    endloop
  endfacet
  facet normal -0.0495967 -0.998769 -0
    outer loop
      vertex 19.3616 28.9481 5
      vertex 18.2802 29.0018 4.2
      vertex 19.3616 28.9481 4.2
    endloop
  endfacet
  facet normal 1 -0 0
    outer loop
      vertex 18.2802 27.6518 5
      vertex 18.2802 28.101 4.2
      vertex 18.2802 28.101 5
    endloop
  endfacet
  facet normal 1 0 0
    outer loop
      vertex 18.2802 28.101 4.2
      vertex 18.2802 27.6518 5
      vertex 18.2802 27.6518 4.2
    endloop
  endfacet
  facet normal -0.0472931 0.998881 0
    outer loop
      vertex 19.3616 27.703 4.2
      vertex 18.2802 27.6518 5
      vertex 19.3616 27.703 5
    endloop
  endfacet
  facet normal -0.0472931 0.998881 0
    outer loop
      vertex 18.2802 27.6518 5
      vertex 19.3616 27.703 4.2
      vertex 18.2802 27.6518 4.2
    endloop
  endfacet
  facet normal -1 0 0
    outer loop
      vertex 19.3616 27.703 4.2
      vertex 19.3616 28.0472 5
      vertex 19.3616 28.0472 4.2
    endloop
  endfacet
  facet normal -1 -0 0
    outer loop
      vertex 19.3616 28.0472 5
      vertex 19.3616 27.703 4.2
      vertex 19.3616 27.703 5
    endloop
  endfacet
  facet normal -0.0496889 -0.998765 0
    outer loop
      vertex 18.2802 28.101 4.2
      vertex 19.3616 28.0472 5
      vertex 18.2802 28.101 5
    endloop
  endfacet
  facet normal -0.0496889 -0.998765 -0
    outer loop
      vertex 19.3616 28.0472 5
      vertex 18.2802 28.101 4.2
      vertex 19.3616 28.0472 4.2
    endloop
  endfacet
  facet normal 1 -0 0
    outer loop
      vertex 21.3464 40.0986 5
      vertex 21.3464 40.9359 4.2
      vertex 21.3464 40.9359 5
    endloop
  endfacet
  facet normal 1 0 0
    outer loop
      vertex 21.3464 40.9359 4.2
      vertex 21.3464 40.0986 5
      vertex 21.3464 40.0986 4.2
    endloop
  endfacet
  facet normal 0 -1 0
    outer loop
      vertex 18.2802 40.0986 4.2
      vertex 21.3464 40.0986 5
      vertex 18.2802 40.0986 5
    endloop
  endfacet
  facet normal 0 -1 -0
    outer loop
      vertex 21.3464 40.0986 5
      vertex 18.2802 40.0986 4.2
      vertex 21.3464 40.0986 4.2
    endloop
  endfacet
  facet normal 1 -0 0
    outer loop
      vertex 18.2802 39.6934 5
      vertex 18.2802 40.0986 4.2
      vertex 18.2802 40.0986 5
    endloop
  endfacet
  facet normal 1 0 0
    outer loop
      vertex 18.2802 40.0986 4.2
      vertex 18.2802 39.6934 5
      vertex 18.2802 39.6934 4.2
    endloop
  endfacet
  facet normal 0.824012 0.566572 0
    outer loop
      vertex 18.8392 38.8804 5
      vertex 18.2802 39.6934 4.2
      vertex 18.2802 39.6934 5
    endloop
  endfacet
  facet normal 0.824012 0.566572 0
    outer loop
      vertex 18.2802 39.6934 4.2
      vertex 18.8392 38.8804 5
      vertex 18.8392 38.8804 4.2
    endloop
  endfacet
  facet normal 0 1 -0
    outer loop
      vertex 19.2542 38.8804 4.2
      vertex 18.8392 38.8804 5
      vertex 19.2542 38.8804 5
    endloop
  endfacet
  facet normal 0 1 0
    outer loop
      vertex 18.8392 38.8804 5
      vertex 19.2542 38.8804 4.2
      vertex 18.8392 38.8804 4.2
    endloop
  endfacet
  facet normal -0.813932 -0.58096 0
    outer loop
      vertex 19.2542 38.8804 4.2
      vertex 18.7001 39.6567 5
      vertex 18.7001 39.6567 4.2
    endloop
  endfacet
  facet normal -0.813932 -0.58096 0
    outer loop
      vertex 18.7001 39.6567 5
      vertex 19.2542 38.8804 4.2
      vertex 19.2542 38.8804 5
    endloop
  endfacet
  facet normal 0 1 -0
    outer loop
      vertex 21.3464 39.6567 4.2
      vertex 18.7001 39.6567 5
      vertex 21.3464 39.6567 5
    endloop
  endfacet
  facet normal 0 1 0
    outer loop
      vertex 18.7001 39.6567 5
      vertex 21.3464 39.6567 4.2
      vertex 18.7001 39.6567 4.2
    endloop
  endfacet
  facet normal 1 -0 0
    outer loop
      vertex 21.3464 38.7803 5
      vertex 21.3464 39.6567 4.2
      vertex 21.3464 39.6567 5
    endloop
  endfacet
  facet normal 1 0 0
    outer loop
      vertex 21.3464 39.6567 4.2
      vertex 21.3464 38.7803 5
      vertex 21.3464 38.7803 4.2
    endloop
  endfacet
  facet normal 0 1 -0
    outer loop
      vertex 21.7199 38.7803 4.2
      vertex 21.3464 38.7803 5
      vertex 21.7199 38.7803 5
    endloop
  endfacet
  facet normal 0 1 0
    outer loop
      vertex 21.3464 38.7803 5
      vertex 21.7199 38.7803 4.2
      vertex 21.3464 38.7803 4.2
    endloop
  endfacet
  facet normal -1 0 0
    outer loop
      vertex 21.7199 38.7803 4.2
      vertex 21.7199 40.9359 5
      vertex 21.7199 40.9359 4.2
    endloop
  endfacet
  facet normal -1 -0 0
    outer loop
      vertex 21.7199 40.9359 5
      vertex 21.7199 38.7803 4.2
      vertex 21.7199 38.7803 5
    endloop
  endfacet
  facet normal 0 -1 0
    outer loop
      vertex 21.3464 40.9359 4.2
      vertex 21.7199 40.9359 5
      vertex 21.3464 40.9359 5
    endloop
  endfacet
  facet normal 0 -1 -0
    outer loop
      vertex 21.7199 40.9359 5
      vertex 21.3464 40.9359 4.2
      vertex 21.7199 40.9359 4.2
    endloop
  endfacet
  facet normal 1 -0 0
    outer loop
      vertex 18.2802 46.3005 5
      vertex 18.2802 46.7496 4.2
      vertex 18.2802 46.7496 5
    endloop
  endfacet
  facet normal 1 0 0
    outer loop
      vertex 18.2802 46.7496 4.2
      vertex 18.2802 46.3005 5
      vertex 18.2802 46.3005 4.2
    endloop
  endfacet
  facet normal -0.0450808 0.998983 0
    outer loop
      vertex 19.3616 46.3493 4.2
      vertex 18.2802 46.3005 5
      vertex 19.3616 46.3493 5
    endloop
  endfacet
  facet normal -0.0450808 0.998983 0
    outer loop
      vertex 18.2802 46.3005 5
      vertex 19.3616 46.3493 4.2
      vertex 18.2802 46.3005 4.2
    endloop
  endfacet
  facet normal -1 0 0
    outer loop
      vertex 19.3616 46.3493 4.2
      vertex 19.3616 46.6959 5
      vertex 19.3616 46.6959 4.2
    endloop
  endfacet
  facet normal -1 -0 0
    outer loop
      vertex 19.3616 46.6959 5
      vertex 19.3616 46.3493 4.2
      vertex 19.3616 46.3493 5
    endloop
  endfacet
  facet normal -0.0495967 -0.998769 0
    outer loop
      vertex 18.2802 46.7496 4.2
      vertex 19.3616 46.6959 5
      vertex 18.2802 46.7496 5
    endloop
  endfacet
  facet normal -0.0495967 -0.998769 -0
    outer loop
      vertex 19.3616 46.6959 5
      vertex 18.2802 46.7496 4.2
      vertex 19.3616 46.6959 4.2
    endloop
  endfacet
  facet normal 1 -0 0
    outer loop
      vertex 18.2802 45.3997 5
      vertex 18.2802 45.8488 4.2
      vertex 18.2802 45.8488 5
    endloop
  endfacet
  facet normal 1 0 0
    outer loop
      vertex 18.2802 45.8488 4.2
      vertex 18.2802 45.3997 5
      vertex 18.2802 45.3997 4.2
    endloop
  endfacet
  facet normal -0.0472931 0.998881 0
    outer loop
      vertex 19.3616 45.4509 4.2
      vertex 18.2802 45.3997 5
      vertex 19.3616 45.4509 5
    endloop
  endfacet
  facet normal -0.0472931 0.998881 0
    outer loop
      vertex 18.2802 45.3997 5
      vertex 19.3616 45.4509 4.2
      vertex 18.2802 45.3997 4.2
    endloop
  endfacet
  facet normal -1 0 0
    outer loop
      vertex 19.3616 45.4509 4.2
      vertex 19.3616 45.7951 5
      vertex 19.3616 45.7951 4.2
    endloop
  endfacet
  facet normal -1 -0 0
    outer loop
      vertex 19.3616 45.7951 5
      vertex 19.3616 45.4509 4.2
      vertex 19.3616 45.4509 5
    endloop
  endfacet
  facet normal -0.0495967 -0.998769 0
    outer loop
      vertex 18.2802 45.8488 4.2
      vertex 19.3616 45.7951 5
      vertex 18.2802 45.8488 5
    endloop
  endfacet
  facet normal -0.0495967 -0.998769 -0
    outer loop
      vertex 19.3616 45.7951 5
      vertex 18.2802 45.8488 4.2
      vertex 19.3616 45.7951 4.2
    endloop
  endfacet
  facet normal -0.548166 0.83637 0
    outer loop
      vertex 21.7199 32.4847 4.2
      vertex 20.636 31.7743 5
      vertex 21.7199 32.4847 5
    endloop
  endfacet
  facet normal -0.548166 0.83637 0
    outer loop
      vertex 20.636 31.7743 5
      vertex 21.7199 32.4847 4.2
      vertex 20.636 31.7743 4.2
    endloop
  endfacet
  facet normal -1 0 0
    outer loop
      vertex 21.7199 32.4847 4.2
      vertex 21.7199 32.9754 5
      vertex 21.7199 32.9754 4.2
    endloop
  endfacet
  facet normal -1 -0 0
    outer loop
      vertex 21.7199 32.9754 5
      vertex 21.7199 32.4847 4.2
      vertex 21.7199 32.4847 5
    endloop
  endfacet
  facet normal 0.572881 -0.819639 0
    outer loop
      vertex 20.3577 32.0233 4.2
      vertex 21.7199 32.9754 5
      vertex 20.3577 32.0233 5
    endloop
  endfacet
  facet normal 0.572881 -0.819639 0
    outer loop
      vertex 21.7199 32.9754 5
      vertex 20.3577 32.0233 4.2
      vertex 21.7199 32.9754 4.2
    endloop
  endfacet
  facet normal -0.573703 -0.819063 0
    outer loop
      vertex 19.0785 32.9193 4.2
      vertex 20.3577 32.0233 5
      vertex 19.0785 32.9193 5
    endloop
  endfacet
  facet normal -0.573703 -0.819063 -0
    outer loop
      vertex 20.3577 32.0233 5
      vertex 19.0785 32.9193 4.2
      vertex 20.3577 32.0233 4.2
    endloop
  endfacet
  facet normal 1 -0 0
    outer loop
      vertex 19.0785 32.4286 5
      vertex 19.0785 32.9193 4.2
      vertex 19.0785 32.9193 5
    endloop
  endfacet
  facet normal 1 0 0
    outer loop
      vertex 19.0785 32.9193 4.2
      vertex 19.0785 32.4286 5
      vertex 19.0785 32.4286 4.2
    endloop
  endfacet
  facet normal 0.537056 0.843547 -0
    outer loop
      vertex 20.1062 31.7743 4.2
      vertex 19.0785 32.4286 5
      vertex 20.1062 31.7743 5
    endloop
  endfacet
  facet normal 0.537056 0.843547 0
    outer loop
      vertex 19.0785 32.4286 5
      vertex 20.1062 31.7743 4.2
      vertex 19.0785 32.4286 4.2
    endloop
  endfacet
  facet normal 0.539851 -0.841761 0
    outer loop
      vertex 19.0785 31.1152 4.2
      vertex 20.1062 31.7743 5
      vertex 19.0785 31.1152 5
    endloop
  endfacet
  facet normal 0.539851 -0.841761 0
    outer loop
      vertex 20.1062 31.7743 5
      vertex 19.0785 31.1152 4.2
      vertex 20.1062 31.7743 4.2
    endloop
  endfacet
  facet normal 1 -0 0
    outer loop
      vertex 19.0785 30.6294 5
      vertex 19.0785 31.1152 4.2
      vertex 19.0785 31.1152 5
    endloop
  endfacet
  facet normal 1 0 0
    outer loop
      vertex 19.0785 31.1152 4.2
      vertex 19.0785 30.6294 5
      vertex 19.0785 30.6294 4.2
    endloop
  endfacet
  facet normal -0.572219 0.820101 0
    outer loop
      vertex 20.3625 31.5253 4.2
      vertex 19.0785 30.6294 5
      vertex 20.3625 31.5253 5
    endloop
  endfacet
  facet normal -0.572219 0.820101 0
    outer loop
      vertex 19.0785 30.6294 5
      vertex 20.3625 31.5253 4.2
      vertex 19.0785 30.6294 4.2
    endloop
  endfacet
  facet normal 0.569276 0.822146 -0
    outer loop
      vertex 21.7199 30.5854 4.2
      vertex 20.3625 31.5253 5
      vertex 21.7199 30.5854 5
    endloop
  endfacet
  facet normal 0.569276 0.822146 0
    outer loop
      vertex 20.3625 31.5253 5
      vertex 21.7199 30.5854 4.2
      vertex 20.3625 31.5253 4.2
    endloop
  endfacet
  facet normal -1 0 0
    outer loop
      vertex 21.7199 30.5854 4.2
      vertex 21.7199 31.059 5
      vertex 21.7199 31.059 4.2
    endloop
  endfacet
  facet normal -1 -0 0
    outer loop
      vertex 21.7199 31.059 5
      vertex 21.7199 30.5854 4.2
      vertex 21.7199 30.5854 5
    endloop
  endfacet
  facet normal -0.550803 -0.834636 0
    outer loop
      vertex 20.636 31.7743 4.2
      vertex 21.7199 31.059 5
      vertex 20.636 31.7743 5
    endloop
  endfacet
  facet normal -0.550803 -0.834636 -0
    outer loop
      vertex 21.7199 31.059 5
      vertex 20.636 31.7743 4.2
      vertex 21.7199 31.059 4.2
    endloop
  endfacet
  facet normal 0 0 1
    outer loop
      vertex 26.2046 40.4691 4.2
      vertex 25.759 40.8103 4.2
      vertex 25.8457 40.474 4.2
    endloop
  endfacet
  facet normal 0 0 1
    outer loop
      vertex 25.7505 41.3662 4.2
      vertex 25.759 40.8103 4.2
      vertex 26.091 40.99 4.2
    endloop
  endfacet
  facet normal 0 0 1
    outer loop
      vertex 25.7505 41.3662 4.2
      vertex 25.4991 41.0428 4.2
      vertex 25.759 40.8103 4.2
    endloop
  endfacet
  facet normal 0 0 1
    outer loop
      vertex 25.1945 41.5942 4.2
      vertex 25.4991 41.0428 4.2
      vertex 25.7505 41.3662 4.2
    endloop
  endfacet
  facet normal 0 0 1
    outer loop
      vertex 25.1945 41.5942 4.2
      vertex 25.0596 41.1783 4.2
      vertex 25.4991 41.0428 4.2
    endloop
  endfacet
  facet normal 0 0 1
    outer loop
      vertex 24.4347 41.6702 4.2
      vertex 25.0596 41.1783 4.2
      vertex 25.1945 41.5942 4.2
    endloop
  endfacet
  facet normal 0 0 1
    outer loop
      vertex 24.4347 41.6702 4.2
      vertex 24.4347 41.2234 4.2
      vertex 25.0596 41.1783 4.2
    endloop
  endfacet
  facet normal 0 0 1
    outer loop
      vertex 24.4347 41.6702 4.2
      vertex 23.7926 41.1804 4.2
      vertex 24.4347 41.2234 4.2
    endloop
  endfacet
  facet normal -0 0 1
    outer loop
      vertex 23.6657 41.5979 4.2
      vertex 23.7926 41.1804 4.2
      vertex 24.4347 41.6702 4.2
    endloop
  endfacet
  facet normal 0 0 1
    outer loop
      vertex 23.6657 41.5979 4.2
      vertex 23.3556 41.0513 4.2
      vertex 23.7926 41.1804 4.2
    endloop
  endfacet
  facet normal -0 0 1
    outer loop
      vertex 23.1115 41.3809 4.2
      vertex 23.3556 41.0513 4.2
      vertex 23.6657 41.5979 4.2
    endloop
  endfacet
  facet normal 0 0 1
    outer loop
      vertex 23.1115 41.3809 4.2
      vertex 23.1048 40.8234 4.2
      vertex 23.3556 41.0513 4.2
    endloop
  endfacet
  facet normal -0 0 1
    outer loop
      vertex 22.7765 41.012 4.2
      vertex 23.1048 40.8234 4.2
      vertex 23.1115 41.3809 4.2
    endloop
  endfacet
  facet normal 0 0 1
    outer loop
      vertex 22.6648 40.4837 4.2
      vertex 23.1048 40.8234 4.2
      vertex 22.7765 41.012 4.2
    endloop
  endfacet
  facet normal -0 0 1
    outer loop
      vertex 25.759 40.8103 4.2
      vertex 26.2046 40.4691 4.2
      vertex 26.091 40.99 4.2
    endloop
  endfacet
  facet normal 0 0 1
    outer loop
      vertex 25.7609 40.1362 4.2
      vertex 26.2046 40.4691 4.2
      vertex 25.8457 40.474 4.2
    endloop
  endfacet
  facet normal 0 0 1
    outer loop
      vertex 26.2046 40.4691 4.2
      vertex 25.7609 40.1362 4.2
      vertex 26.0917 39.9497 4.2
    endloop
  endfacet
  facet normal 0 0 1
    outer loop
      vertex 25.7609 40.1362 4.2
      vertex 25.7529 39.578 4.2
      vertex 26.0917 39.9497 4.2
    endloop
  endfacet
  facet normal -0 0 1
    outer loop
      vertex 25.5064 39.9039 4.2
      vertex 25.7529 39.578 4.2
      vertex 25.7609 40.1362 4.2
    endloop
  endfacet
  facet normal 0 0 1
    outer loop
      vertex 25.5064 39.9039 4.2
      vertex 25.1976 39.3547 4.2
      vertex 25.7529 39.578 4.2
    endloop
  endfacet
  facet normal -0 0 1
    outer loop
      vertex 25.0688 39.7694 4.2
      vertex 25.1976 39.3547 4.2
      vertex 25.5064 39.9039 4.2
    endloop
  endfacet
  facet normal 0 0 1
    outer loop
      vertex 24.4347 39.2802 4.2
      vertex 25.0688 39.7694 4.2
      vertex 24.4347 39.7245 4.2
    endloop
  endfacet
  facet normal 0 0 1
    outer loop
      vertex 25.0688 39.7694 4.2
      vertex 24.4347 39.2802 4.2
      vertex 25.1976 39.3547 4.2
    endloop
  endfacet
  facet normal 0 0 1
    outer loop
      vertex 23.7865 39.7688 4.2
      vertex 24.4347 39.2802 4.2
      vertex 24.4347 39.7245 4.2
    endloop
  endfacet
  facet normal 0 0 1
    outer loop
      vertex 23.7865 39.7688 4.2
      vertex 23.6596 39.3525 4.2
      vertex 24.4347 39.2802 4.2
    endloop
  endfacet
  facet normal 0 0 1
    outer loop
      vertex 23.3508 39.9015 4.2
      vertex 23.6596 39.3525 4.2
      vertex 23.7865 39.7688 4.2
    endloop
  endfacet
  facet normal 0 0 1
    outer loop
      vertex 23.3508 39.9015 4.2
      vertex 23.1066 39.5695 4.2
      vertex 23.6596 39.3525 4.2
    endloop
  endfacet
  facet normal 0 0 1
    outer loop
      vertex 23.1036 40.1356 4.2
      vertex 23.1066 39.5695 4.2
      vertex 23.3508 39.9015 4.2
    endloop
  endfacet
  facet normal -0 0 1
    outer loop
      vertex 22.6648 40.4837 4.2
      vertex 23.1036 40.1356 4.2
      vertex 23.0212 40.4837 4.2
    endloop
  endfacet
  facet normal 0 0 1
    outer loop
      vertex 23.1048 40.8234 4.2
      vertex 22.6648 40.4837 4.2
      vertex 23.0212 40.4837 4.2
    endloop
  endfacet
  facet normal 0 0 1
    outer loop
      vertex 23.1036 40.1356 4.2
      vertex 22.6648 40.4837 4.2
      vertex 22.7752 39.9427 4.2
    endloop
  endfacet
  facet normal 0 0 1
    outer loop
      vertex 23.1036 40.1356 4.2
      vertex 22.7752 39.9427 4.2
      vertex 23.1066 39.5695 4.2
    endloop
  endfacet
  facet normal 0 0 1
    outer loop
      vertex 24.5958 33.5617 4.2
      vertex 24.1756 33.8727 4.2
      vertex 24.215 33.552 4.2
    endloop
  endfacet
  facet normal 0 0 1
    outer loop
      vertex 23.8698 34.2614 4.2
      vertex 24.2842 34.3524 4.2
      vertex 24.1112 34.5785 4.2
    endloop
  endfacet
  facet normal 0 0 1
    outer loop
      vertex 24.3908 34.0426 4.2
      vertex 24.0575 34.1122 4.2
      vertex 24.1756 33.8727 4.2
    endloop
  endfacet
  facet normal 0 0 1
    outer loop
      vertex 23.8698 34.2614 4.2
      vertex 24.1112 34.5785 4.2
      vertex 23.8741 34.7167 4.2
    endloop
  endfacet
  facet normal 0 0 1
    outer loop
      vertex 24.2842 34.3524 4.2
      vertex 23.8698 34.2614 4.2
      vertex 24.0575 34.1122 4.2
    endloop
  endfacet
  facet normal 0 0 1
    outer loop
      vertex 23.8741 34.7167 4.2
      vertex 23.6218 34.3112 4.2
      vertex 23.8698 34.2614 4.2
    endloop
  endfacet
  facet normal 0 0 1
    outer loop
      vertex 23.5754 34.7628 4.2
      vertex 23.6218 34.3112 4.2
      vertex 23.8741 34.7167 4.2
    endloop
  endfacet
  facet normal 0 0 1
    outer loop
      vertex 23.5754 34.7628 4.2
      vertex 23.3749 34.2706 4.2
      vertex 23.6218 34.3112 4.2
    endloop
  endfacet
  facet normal -0 0 1
    outer loop
      vertex 23.193 34.6911 4.2
      vertex 23.3749 34.2706 4.2
      vertex 23.5754 34.7628 4.2
    endloop
  endfacet
  facet normal -0 0 1
    outer loop
      vertex 22.9053 34.476 4.2
      vertex 23.3749 34.2706 4.2
      vertex 23.193 34.6911 4.2
    endloop
  endfacet
  facet normal 0 0 1
    outer loop
      vertex 23.3749 34.2706 4.2
      vertex 22.9053 34.476 4.2
      vertex 23.186 34.1488 4.2
    endloop
  endfacet
  facet normal 0 0 1
    outer loop
      vertex 23.186 34.1488 4.2
      vertex 22.7249 34.1314 4.2
      vertex 23.066 33.9471 4.2
    endloop
  endfacet
  facet normal 0 0 1
    outer loop
      vertex 22.7249 34.1314 4.2
      vertex 23.186 34.1488 4.2
      vertex 22.9053 34.476 4.2
    endloop
  endfacet
  facet normal 0 0 1
    outer loop
      vertex 26.2046 33.6911 4.2
      vertex 25.7999 33.9874 4.2
      vertex 25.8408 33.6911 4.2
    endloop
  endfacet
  facet normal 0 0 1
    outer loop
      vertex 26.1393 34.1879 4.2
      vertex 25.6773 34.2123 4.2
      vertex 25.7999 33.9874 4.2
    endloop
  endfacet
  facet normal 0 0 1
    outer loop
      vertex 25.474 34.3542 4.2
      vertex 25.9433 34.5553 4.2
      vertex 25.6284 34.7823 4.2
    endloop
  endfacet
  facet normal 0 0 1
    outer loop
      vertex 25.9433 34.5553 4.2
      vertex 25.474 34.3542 4.2
      vertex 25.6773 34.2123 4.2
    endloop
  endfacet
  facet normal 0 0 1
    outer loop
      vertex 25.2061 34.858 4.2
      vertex 25.474 34.3542 4.2
      vertex 25.6284 34.7823 4.2
    endloop
  endfacet
  facet normal 0 0 1
    outer loop
      vertex 25.2061 34.858 4.2
      vertex 25.1914 34.4015 4.2
      vertex 25.474 34.3542 4.2
    endloop
  endfacet
  facet normal -0 0 1
    outer loop
      vertex 24.9046 34.8043 4.2
      vertex 25.1914 34.4015 4.2
      vertex 25.2061 34.858 4.2
    endloop
  endfacet
  facet normal 0 0 1
    outer loop
      vertex 25.1914 34.4015 4.2
      vertex 24.9046 34.8043 4.2
      vertex 24.9415 34.3475 4.2
    endloop
  endfacet
  facet normal -0 0 1
    outer loop
      vertex 24.6593 34.6432 4.2
      vertex 24.9415 34.3475 4.2
      vertex 24.9046 34.8043 4.2
    endloop
  endfacet
  facet normal 0 0 1
    outer loop
      vertex 24.9415 34.3475 4.2
      vertex 24.6593 34.6432 4.2
      vertex 24.7533 34.1855 4.2
    endloop
  endfacet
  facet normal -0 0 1
    outer loop
      vertex 24.4859 34.3856 4.2
      vertex 24.7533 34.1855 4.2
      vertex 24.6593 34.6432 4.2
    endloop
  endfacet
  facet normal 0 0 1
    outer loop
      vertex 24.4005 34.0426 4.2
      vertex 24.7533 34.1855 4.2
      vertex 24.4859 34.3856 4.2
    endloop
  endfacet
  facet normal 0 0 1
    outer loop
      vertex 24.7533 34.1855 4.2
      vertex 24.4005 34.0426 4.2
      vertex 24.6352 33.9215 4.2
    endloop
  endfacet
  facet normal 0 0 1
    outer loop
      vertex 24.1756 33.8727 4.2
      vertex 24.6352 33.9215 4.2
      vertex 24.4005 34.0426 4.2
    endloop
  endfacet
  facet normal 0 0 1
    outer loop
      vertex 24.6352 33.9215 4.2
      vertex 24.1756 33.8727 4.2
      vertex 24.5958 33.5617 4.2
    endloop
  endfacet
  facet normal 0 0 1
    outer loop
      vertex 24.1756 33.8727 4.2
      vertex 24.4005 34.0426 4.2
      vertex 24.3908 34.0426 4.2
    endloop
  endfacet
  facet normal -0 0 1
    outer loop
      vertex 24.0575 34.1122 4.2
      vertex 24.3908 34.0426 4.2
      vertex 24.2842 34.3524 4.2
    endloop
  endfacet
  facet normal 0 0 1
    outer loop
      vertex 24.5958 33.5617 4.2
      vertex 24.215 33.552 4.2
      vertex 24.5958 33.3127 4.2
    endloop
  endfacet
  facet normal 0 0 1
    outer loop
      vertex 24.5958 33.3127 4.2
      vertex 24.215 33.552 4.2
      vertex 24.215 33.3127 4.2
    endloop
  endfacet
  facet normal -0 0 1
    outer loop
      vertex 25.7999 33.9874 4.2
      vertex 26.2046 33.6911 4.2
      vertex 26.1393 34.1879 4.2
    endloop
  endfacet
  facet normal 0 0 1
    outer loop
      vertex 26.2046 33.6911 4.2
      vertex 25.8408 33.6911 4.2
      vertex 26.1457 33.2215 4.2
    endloop
  endfacet
  facet normal -0 0 1
    outer loop
      vertex 25.6773 34.2123 4.2
      vertex 26.1393 34.1879 4.2
      vertex 25.9433 34.5553 4.2
    endloop
  endfacet
  facet normal 0 0 1
    outer loop
      vertex 25.6882 33.173 4.2
      vertex 26.1457 33.2215 4.2
      vertex 25.8408 33.6911 4.2
    endloop
  endfacet
  facet normal 0 0 1
    outer loop
      vertex 26.1457 33.2215 4.2
      vertex 25.6882 33.173 4.2
      vertex 25.969 32.8574 4.2
    endloop
  endfacet
  facet normal 0 0 1
    outer loop
      vertex 25.6882 33.173 4.2
      vertex 25.6769 32.6093 4.2
      vertex 25.969 32.8574 4.2
    endloop
  endfacet
  facet normal -0 0 1
    outer loop
      vertex 25.2305 32.9417 4.2
      vertex 25.6769 32.6093 4.2
      vertex 25.6882 33.173 4.2
    endloop
  endfacet
  facet normal 0 0 1
    outer loop
      vertex 25.6769 32.6093 4.2
      vertex 25.2305 32.9417 4.2
      vertex 25.272 32.4875 4.2
    endloop
  endfacet
  facet normal 0 0 1
    outer loop
      vertex 23.1848 32.6581 4.2
      vertex 23.5949 32.988 4.2
      vertex 23.3544 33.0549 4.2
    endloop
  endfacet
  facet normal 0 0 1
    outer loop
      vertex 23.5949 32.988 4.2
      vertex 23.1848 32.6581 4.2
      vertex 23.5607 32.5462 4.2
    endloop
  endfacet
  facet normal 0 0 1
    outer loop
      vertex 22.9016 32.8965 4.2
      vertex 23.3544 33.0549 4.2
      vertex 23.175 33.1967 4.2
    endloop
  endfacet
  facet normal -0 0 1
    outer loop
      vertex 22.724 33.241 4.2
      vertex 23.175 33.1967 4.2
      vertex 23.0633 33.4039 4.2
    endloop
  endfacet
  facet normal 0 0 1
    outer loop
      vertex 22.6648 33.6716 4.2
      vertex 23.066 33.9471 4.2
      vertex 22.7249 34.1314 4.2
    endloop
  endfacet
  facet normal 0 0 1
    outer loop
      vertex 23.3544 33.0549 4.2
      vertex 22.9016 32.8965 4.2
      vertex 23.1848 32.6581 4.2
    endloop
  endfacet
  facet normal 0 0 1
    outer loop
      vertex 23.066 33.9471 4.2
      vertex 22.6648 33.6716 4.2
      vertex 23.0261 33.6667 4.2
    endloop
  endfacet
  facet normal 0 0 1
    outer loop
      vertex 23.0261 33.6667 4.2
      vertex 22.6648 33.6716 4.2
      vertex 23.0633 33.4039 4.2
    endloop
  endfacet
  facet normal 0 -0 1
    outer loop
      vertex 22.724 33.241 4.2
      vertex 23.0633 33.4039 4.2
      vertex 22.6648 33.6716 4.2
    endloop
  endfacet
  facet normal 0 0 1
    outer loop
      vertex 23.175 33.1967 4.2
      vertex 22.724 33.241 4.2
      vertex 22.9016 32.8965 4.2
    endloop
  endfacet
  facet normal -0 0 1
    outer loop
      vertex 22.8399 31.7006 4.2
      vertex 23.4411 31.6274 4.2
      vertex 23.3654 32.0472 4.2
    endloop
  endfacet
  facet normal 0 0 1
    outer loop
      vertex 22.6648 31.0659 4.2
      vertex 23.1262 31.4211 4.2
      vertex 22.8399 31.7006 4.2
    endloop
  endfacet
  facet normal 0 0 1
    outer loop
      vertex 23.4411 31.6274 4.2
      vertex 22.8399 31.7006 4.2
      vertex 23.1262 31.4211 4.2
    endloop
  endfacet
  facet normal 0 0 1
    outer loop
      vertex 24.1902 30.4165 4.2
      vertex 24.4505 30.5056 4.2
      vertex 24.316 30.7244 4.2
    endloop
  endfacet
  facet normal -0 0 1
    outer loop
      vertex 23.9608 30.8425 4.2
      vertex 24.316 30.7244 4.2
      vertex 24.2711 31.0024 4.2
    endloop
  endfacet
  facet normal 0 0 1
    outer loop
      vertex 24.4505 30.5056 4.2
      vertex 24.1902 30.4165 4.2
      vertex 24.3859 30.2725 4.2
    endloop
  endfacet
  facet normal 0 0 1
    outer loop
      vertex 23.9318 31.1074 4.2
      vertex 24.3218 31.2935 4.2
      vertex 24.0063 31.5343 4.2
    endloop
  endfacet
  facet normal 0 -0 1
    outer loop
      vertex 23.9608 30.8425 4.2
      vertex 24.2711 31.0024 4.2
      vertex 23.9318 31.1074 4.2
    endloop
  endfacet
  facet normal 0 0 1
    outer loop
      vertex 24.3218 31.2935 4.2
      vertex 23.9318 31.1074 4.2
      vertex 24.2711 31.0024 4.2
    endloop
  endfacet
  facet normal 0 0 1
    outer loop
      vertex 24.316 30.7244 4.2
      vertex 23.9608 30.8425 4.2
      vertex 24.0477 30.6093 4.2
    endloop
  endfacet
  facet normal 0 0 1
    outer loop
      vertex 24.316 30.7244 4.2
      vertex 24.0477 30.6093 4.2
      vertex 24.1902 30.4165 4.2
    endloop
  endfacet
  facet normal 0 0 1
    outer loop
      vertex 26.2046 31.0317 4.2
      vertex 25.7972 31.3002 4.2
      vertex 25.8506 31.0171 4.2
    endloop
  endfacet
  facet normal 0 0 1
    outer loop
      vertex 26.1258 31.4955 4.2
      vertex 25.637 31.515 4.2
      vertex 25.7972 31.3002 4.2
    endloop
  endfacet
  facet normal 0 0 1
    outer loop
      vertex 25.3834 31.6506 4.2
      vertex 25.8897 31.847 4.2
      vertex 25.5174 32.0686 4.2
    endloop
  endfacet
  facet normal 0 0 1
    outer loop
      vertex 25.8897 31.847 4.2
      vertex 25.3834 31.6506 4.2
      vertex 25.637 31.515 4.2
    endloop
  endfacet
  facet normal 0 0 1
    outer loop
      vertex 25.5174 32.0686 4.2
      vertex 25.0499 31.6957 4.2
      vertex 25.3834 31.6506 4.2
    endloop
  endfacet
  facet normal 0 0 1
    outer loop
      vertex 25.0303 32.1424 4.2
      vertex 25.0499 31.6957 4.2
      vertex 25.5174 32.0686 4.2
    endloop
  endfacet
  facet normal 0 0 1
    outer loop
      vertex 25.0303 32.1424 4.2
      vertex 24.7191 31.6499 4.2
      vertex 25.0499 31.6957 4.2
    endloop
  endfacet
  facet normal -0 0 1
    outer loop
      vertex 24.5787 32.0725 4.2
      vertex 24.7191 31.6499 4.2
      vertex 25.0303 32.1424 4.2
    endloop
  endfacet
  facet normal -0 0 1
    outer loop
      vertex 24.2296 31.8629 4.2
      vertex 24.7191 31.6499 4.2
      vertex 24.5787 32.0725 4.2
    endloop
  endfacet
  facet normal 0 0 1
    outer loop
      vertex 24.7191 31.6499 4.2
      vertex 24.2296 31.8629 4.2
      vertex 24.4738 31.5126 4.2
    endloop
  endfacet
  facet normal 0 0 1
    outer loop
      vertex 24.4738 31.5126 4.2
      vertex 24.0063 31.5343 4.2
      vertex 24.3218 31.2935 4.2
    endloop
  endfacet
  facet normal -0 0 1
    outer loop
      vertex 24.0063 31.5343 4.2
      vertex 24.4738 31.5126 4.2
      vertex 24.2296 31.8629 4.2
    endloop
  endfacet
  facet normal -0 0 1
    outer loop
      vertex 25.7972 31.3002 4.2
      vertex 26.2046 31.0317 4.2
      vertex 26.1258 31.4955 4.2
    endloop
  endfacet
  facet normal -0 0 1
    outer loop
      vertex 25.637 31.515 4.2
      vertex 26.1258 31.4955 4.2
      vertex 25.8897 31.847 4.2
    endloop
  endfacet
  facet normal 0 0 1
    outer loop
      vertex 25.7871 30.7372 4.2
      vertex 26.2046 31.0317 4.2
      vertex 25.8506 31.0171 4.2
    endloop
  endfacet
  facet normal 0 0 1
    outer loop
      vertex 26.2046 31.0317 4.2
      vertex 25.7871 30.7372 4.2
      vertex 26.0965 30.519 4.2
    endloop
  endfacet
  facet normal 0 0 1
    outer loop
      vertex 25.5967 30.5129 4.2
      vertex 26.0965 30.519 4.2
      vertex 25.7871 30.7372 4.2
    endloop
  endfacet
  facet normal 0 0 1
    outer loop
      vertex 26.0965 30.519 4.2
      vertex 25.5967 30.5129 4.2
      vertex 25.7725 30.1431 4.2
    endloop
  endfacet
  facet normal -0 0 1
    outer loop
      vertex 25.3068 30.3655 4.2
      vertex 25.7725 30.1431 4.2
      vertex 25.5967 30.5129 4.2
    endloop
  endfacet
  facet normal 0 0 1
    outer loop
      vertex 25.3068 30.3655 4.2
      vertex 25.2421 29.9124 4.2
      vertex 25.7725 30.1431 4.2
    endloop
  endfacet
  facet normal -0 0 1
    outer loop
      vertex 24.9449 30.3164 4.2
      vertex 25.2421 29.9124 4.2
      vertex 25.3068 30.3655 4.2
    endloop
  endfacet
  facet normal 0 0 1
    outer loop
      vertex 24.5152 29.8355 4.2
      vertex 24.9449 30.3164 4.2
      vertex 24.6638 30.3637 4.2
    endloop
  endfacet
  facet normal 0 0 1
    outer loop
      vertex 24.9449 30.3164 4.2
      vertex 24.5152 29.8355 4.2
      vertex 25.2421 29.9124 4.2
    endloop
  endfacet
  facet normal 0 0 1
    outer loop
      vertex 24.3859 30.2725 4.2
      vertex 24.6638 30.3637 4.2
      vertex 24.4505 30.5056 4.2
    endloop
  endfacet
  facet normal 0 0 1
    outer loop
      vertex 24.6638 30.3637 4.2
      vertex 24.3859 30.2725 4.2
      vertex 24.5152 29.8355 4.2
    endloop
  endfacet
  facet normal 0 0 1
    outer loop
      vertex 23.7255 29.9154 4.2
      vertex 24.3859 30.2725 4.2
      vertex 23.8003 30.324 4.2
    endloop
  endfacet
  facet normal 0 0 1
    outer loop
      vertex 24.3859 30.2725 4.2
      vertex 23.7255 29.9154 4.2
      vertex 24.5152 29.8355 4.2
    endloop
  endfacet
  facet normal 0 0 1
    outer loop
      vertex 23.3715 30.4787 4.2
      vertex 23.7255 29.9154 4.2
      vertex 23.8003 30.324 4.2
    endloop
  endfacet
  facet normal 0 0 1
    outer loop
      vertex 23.3715 30.4787 4.2
      vertex 23.1433 30.1553 4.2
      vertex 23.7255 29.9154 4.2
    endloop
  endfacet
  facet normal 0 0 1
    outer loop
      vertex 23.1088 30.7274 4.2
      vertex 23.1433 30.1553 4.2
      vertex 23.3715 30.4787 4.2
    endloop
  endfacet
  facet normal 0 0 1
    outer loop
      vertex 22.6648 31.0659 4.2
      vertex 23.1088 30.7274 4.2
      vertex 23.0212 31.061 4.2
    endloop
  endfacet
  facet normal 0 0 1
    outer loop
      vertex 23.1262 31.4211 4.2
      vertex 22.6648 31.0659 4.2
      vertex 23.0212 31.061 4.2
    endloop
  endfacet
  facet normal 0 0 1
    outer loop
      vertex 23.1088 30.7274 4.2
      vertex 22.6648 31.0659 4.2
      vertex 22.7844 30.5428 4.2
    endloop
  endfacet
  facet normal 0 0 1
    outer loop
      vertex 23.1088 30.7274 4.2
      vertex 22.7844 30.5428 4.2
      vertex 23.1433 30.1553 4.2
    endloop
  endfacet
  facet normal 0 0 1
    outer loop
      vertex 25.0303 14.3588 4.2
      vertex 23.2116 13.9438 4.2
      vertex 25.0303 13.9438 4.2
    endloop
  endfacet
  facet normal 0 -0 1
    outer loop
      vertex 23.2116 13.9438 4.2
      vertex 25.0303 14.3588 4.2
      vertex 22.716 14.3588 4.2
    endloop
  endfacet
  facet normal 0 0 1
    outer loop
      vertex 25.0303 14.3588 4.2
      vertex 25.377 14.3588 4.2
      vertex 25.377 14.8422 4.2
    endloop
  endfacet
  facet normal 0 0 1
    outer loop
      vertex 25.377 14.3588 4.2
      vertex 25.0303 14.3588 4.2
      vertex 25.377 13.9438 4.2
    endloop
  endfacet
  facet normal 0 0 1
    outer loop
      vertex 25.0303 12.728 4.2
      vertex 25.377 13.9438 4.2
      vertex 25.0303 13.9438 4.2
    endloop
  endfacet
  facet normal 0 0 1
    outer loop
      vertex 25.0303 14.3588 4.2
      vertex 25.377 14.8422 4.2
      vertex 25.0303 14.8422 4.2
    endloop
  endfacet
  facet normal 0 0 1
    outer loop
      vertex 25.377 13.9438 4.2
      vertex 25.0303 14.3588 4.2
      vertex 25.0303 13.9438 4.2
    endloop
  endfacet
  facet normal 0 0 1
    outer loop
      vertex 25.377 13.9438 4.2
      vertex 25.0303 12.728 4.2
      vertex 25.377 12.3228 4.2
    endloop
  endfacet
  facet normal 0 0 1
    outer loop
      vertex 25.377 12.3228 4.2
      vertex 25.0303 12.728 4.2
      vertex 25.0352 12.3228 4.2
    endloop
  endfacet
  facet normal 0 0 1
    outer loop
      vertex 24.9815 12.7671 4.2
      vertex 25.0352 12.3228 4.2
      vertex 25.0303 12.728 4.2
    endloop
  endfacet
  facet normal 0 0 1
    outer loop
      vertex 24.8009 12.8989 4.2
      vertex 25.0352 12.3228 4.2
      vertex 24.9815 12.7671 4.2
    endloop
  endfacet
  facet normal 0 0 1
    outer loop
      vertex 23.5021 13.7802 4.2
      vertex 25.0352 12.3228 4.2
      vertex 24.8009 12.8989 4.2
    endloop
  endfacet
  facet normal 0 0 1
    outer loop
      vertex 22.716 13.8974 4.2
      vertex 23.5021 13.7802 4.2
      vertex 23.4386 13.8199 4.2
    endloop
  endfacet
  facet normal 0 0 1
    outer loop
      vertex 22.716 13.8974 4.2
      vertex 23.4386 13.8199 4.2
      vertex 23.341 13.8754 4.2
    endloop
  endfacet
  facet normal -0 0 1
    outer loop
      vertex 22.716 13.8974 4.2
      vertex 23.341 13.8754 4.2
      vertex 23.2513 13.9242 4.2
    endloop
  endfacet
  facet normal 0 0 1
    outer loop
      vertex 22.716 13.8974 4.2
      vertex 23.2513 13.9242 4.2
      vertex 23.2116 13.9438 4.2
    endloop
  endfacet
  facet normal 0 0 1
    outer loop
      vertex 22.716 13.8974 4.2
      vertex 23.2116 13.9438 4.2
      vertex 22.716 14.3588 4.2
    endloop
  endfacet
  facet normal 0 0 1
    outer loop
      vertex 23.5021 13.7802 4.2
      vertex 22.716 13.8974 4.2
      vertex 25.0352 12.3228 4.2
    endloop
  endfacet
  facet normal -0 0 1
    outer loop
      vertex 25.377 14.3588 4.2
      vertex 26.1557 13.9438 4.2
      vertex 26.1557 14.3588 4.2
    endloop
  endfacet
  facet normal 0 0 1
    outer loop
      vertex 26.1557 13.9438 4.2
      vertex 25.377 14.3588 4.2
      vertex 25.377 13.9438 4.2
    endloop
  endfacet
  facet normal -0 0 1
    outer loop
      vertex 25.6211 18.5717 4.2
      vertex 26.1557 18.0957 4.2
      vertex 26.1557 18.5717 4.2
    endloop
  endfacet
  facet normal 0 0 1
    outer loop
      vertex 26.1557 18.0957 4.2
      vertex 25.6211 18.5717 4.2
      vertex 25.6211 18.0957 4.2
    endloop
  endfacet
  facet normal 0 0 1
    outer loop
      vertex 25.0303 17.0744 4.2
      vertex 23.2116 16.6593 4.2
      vertex 25.0303 16.6593 4.2
    endloop
  endfacet
  facet normal 0 -0 1
    outer loop
      vertex 23.2116 16.6593 4.2
      vertex 25.0303 17.0744 4.2
      vertex 22.716 17.0744 4.2
    endloop
  endfacet
  facet normal 0 0 1
    outer loop
      vertex 25.0303 17.0744 4.2
      vertex 25.377 17.0744 4.2
      vertex 25.377 17.5577 4.2
    endloop
  endfacet
  facet normal 0 0 1
    outer loop
      vertex 25.377 17.0744 4.2
      vertex 25.0303 17.0744 4.2
      vertex 25.377 16.6593 4.2
    endloop
  endfacet
  facet normal 0 0 1
    outer loop
      vertex 25.0303 15.4436 4.2
      vertex 25.377 16.6593 4.2
      vertex 25.0303 16.6593 4.2
    endloop
  endfacet
  facet normal 0 0 1
    outer loop
      vertex 25.0303 17.0744 4.2
      vertex 25.377 17.5577 4.2
      vertex 25.0303 17.5577 4.2
    endloop
  endfacet
  facet normal 0 0 1
    outer loop
      vertex 25.377 16.6593 4.2
      vertex 25.0303 17.0744 4.2
      vertex 25.0303 16.6593 4.2
    endloop
  endfacet
  facet normal 0 0 1
    outer loop
      vertex 25.377 16.6593 4.2
      vertex 25.0303 15.4436 4.2
      vertex 25.377 15.0383 4.2
    endloop
  endfacet
  facet normal 0 0 1
    outer loop
      vertex 25.377 15.0383 4.2
      vertex 25.0303 15.4436 4.2
      vertex 25.0352 15.0383 4.2
    endloop
  endfacet
  facet normal 0 0 1
    outer loop
      vertex 24.9815 15.4827 4.2
      vertex 25.0352 15.0383 4.2
      vertex 25.0303 15.4436 4.2
    endloop
  endfacet
  facet normal 0 0 1
    outer loop
      vertex 24.8009 15.6145 4.2
      vertex 25.0352 15.0383 4.2
      vertex 24.9815 15.4827 4.2
    endloop
  endfacet
  facet normal 0 0 1
    outer loop
      vertex 23.5021 16.4958 4.2
      vertex 25.0352 15.0383 4.2
      vertex 24.8009 15.6145 4.2
    endloop
  endfacet
  facet normal 0 0 1
    outer loop
      vertex 22.716 16.6129 4.2
      vertex 23.5021 16.4958 4.2
      vertex 23.4386 16.5354 4.2
    endloop
  endfacet
  facet normal 0 0 1
    outer loop
      vertex 22.716 16.6129 4.2
      vertex 23.4386 16.5354 4.2
      vertex 23.341 16.591 4.2
    endloop
  endfacet
  facet normal -0 0 1
    outer loop
      vertex 22.716 16.6129 4.2
      vertex 23.341 16.591 4.2
      vertex 23.2513 16.6398 4.2
    endloop
  endfacet
  facet normal 0 0 1
    outer loop
      vertex 22.716 16.6129 4.2
      vertex 23.2513 16.6398 4.2
      vertex 23.2116 16.6593 4.2
    endloop
  endfacet
  facet normal 0 0 1
    outer loop
      vertex 22.716 16.6129 4.2
      vertex 23.2116 16.6593 4.2
      vertex 22.716 17.0744 4.2
    endloop
  endfacet
  facet normal 0 0 1
    outer loop
      vertex 23.5021 16.4958 4.2
      vertex 22.716 16.6129 4.2
      vertex 25.0352 15.0383 4.2
    endloop
  endfacet
  facet normal -0 0 1
    outer loop
      vertex 25.377 17.0744 4.2
      vertex 26.1557 16.6593 4.2
      vertex 26.1557 17.0744 4.2
    endloop
  endfacet
  facet normal 0 0 1
    outer loop
      vertex 26.1557 16.6593 4.2
      vertex 25.377 17.0744 4.2
      vertex 25.377 16.6593 4.2
    endloop
  endfacet
  facet normal 0 0 1
    outer loop
      vertex 23.0895 38.7398 4.2
      vertex 22.716 38.7398 4.2
      vertex 23.0895 37.1847 4.2
    endloop
  endfacet
  facet normal 0 0 1
    outer loop
      vertex 26.2046 37.7193 4.2
      vertex 25.7923 38.0446 4.2
      vertex 25.8457 37.7291 4.2
    endloop
  endfacet
  facet normal 0 0 1
    outer loop
      vertex 26.1264 38.2305 4.2
      vertex 25.6321 38.2833 4.2
      vertex 25.7923 38.0446 4.2
    endloop
  endfacet
  facet normal 0 0 1
    outer loop
      vertex 25.3785 38.4334 4.2
      vertex 25.8921 38.6165 4.2
      vertex 25.5216 38.8591 4.2
    endloop
  endfacet
  facet normal 0 0 1
    outer loop
      vertex 25.8921 38.6165 4.2
      vertex 25.3785 38.4334 4.2
      vertex 25.6321 38.2833 4.2
    endloop
  endfacet
  facet normal 0 0 1
    outer loop
      vertex 25.5216 38.8591 4.2
      vertex 25.045 38.4835 4.2
      vertex 25.3785 38.4334 4.2
    endloop
  endfacet
  facet normal 0 0 1
    outer loop
      vertex 25.0352 38.94 4.2
      vertex 25.045 38.4835 4.2
      vertex 25.5216 38.8591 4.2
    endloop
  endfacet
  facet normal 0 0 1
    outer loop
      vertex 25.0352 38.94 4.2
      vertex 24.7514 38.4331 4.2
      vertex 25.045 38.4835 4.2
    endloop
  endfacet
  facet normal -0 0 1
    outer loop
      vertex 24.6019 38.8646 4.2
      vertex 24.7514 38.4331 4.2
      vertex 25.0352 38.94 4.2
    endloop
  endfacet
  facet normal -0 0 1
    outer loop
      vertex 24.2589 38.6385 4.2
      vertex 24.7514 38.4331 4.2
      vertex 24.6019 38.8646 4.2
    endloop
  endfacet
  facet normal 0 0 1
    outer loop
      vertex 24.7514 38.4331 4.2
      vertex 24.2589 38.6385 4.2
      vertex 24.5201 38.282 4.2
    endloop
  endfacet
  facet normal 0 0 1
    outer loop
      vertex 24.5201 38.282 4.2
      vertex 24.0355 38.2854 4.2
      vertex 24.37 38.0456 4.2
    endloop
  endfacet
  facet normal -0 0 1
    outer loop
      vertex 24.0355 38.2854 4.2
      vertex 24.5201 38.282 4.2
      vertex 24.2589 38.6385 4.2
    endloop
  endfacet
  facet normal -0 0 1
    outer loop
      vertex 25.7923 38.0446 4.2
      vertex 26.2046 37.7193 4.2
      vertex 26.1264 38.2305 4.2
    endloop
  endfacet
  facet normal 0 0 1
    outer loop
      vertex 26.2046 37.7193 4.2
      vertex 25.8457 37.7291 4.2
      vertex 26.1521 37.2848 4.2
    endloop
  endfacet
  facet normal -0 0 1
    outer loop
      vertex 25.6321 38.2833 4.2
      vertex 26.1264 38.2305 4.2
      vertex 25.8921 38.6165 4.2
    endloop
  endfacet
  facet normal 0 0 1
    outer loop
      vertex 25.7181 37.2622 4.2
      vertex 26.1521 37.2848 4.2
      vertex 25.8457 37.7291 4.2
    endloop
  endfacet
  facet normal 0 0 1
    outer loop
      vertex 26.1521 37.2848 4.2
      vertex 25.7181 37.2622 4.2
      vertex 25.9946 36.943 4.2
    endloop
  endfacet
  facet normal 0 0 1
    outer loop
      vertex 25.9946 36.943 4.2
      vertex 25.7181 37.2622 4.2
      vertex 25.7377 36.702 4.2
    endloop
  endfacet
  facet normal -0 0 1
    outer loop
      vertex 25.3355 37.0138 4.2
      vertex 25.7377 36.702 4.2
      vertex 25.7181 37.2622 4.2
    endloop
  endfacet
  facet normal 0 0 1
    outer loop
      vertex 25.7377 36.702 4.2
      vertex 25.3355 37.0138 4.2
      vertex 25.3867 36.5695 4.2
    endloop
  endfacet
  facet normal -0 0 1
    outer loop
      vertex 24.1808 37.1188 4.2
      vertex 24.5665 37.0993 4.2
      vertex 24.4518 37.2531 4.2
    endloop
  endfacet
  facet normal 0 0 1
    outer loop
      vertex 24.1808 37.1188 4.2
      vertex 24.4518 37.2531 4.2
      vertex 24.3761 37.4068 4.2
    endloop
  endfacet
  facet normal -0 0 1
    outer loop
      vertex 24.016 37.4392 4.2
      vertex 24.3761 37.4068 4.2
      vertex 24.334 37.5668 4.2
    endloop
  endfacet
  facet normal 0 0 1
    outer loop
      vertex 23.9611 37.8292 4.2
      vertex 24.37 38.0456 4.2
      vertex 24.0355 38.2854 4.2
    endloop
  endfacet
  facet normal 0 0 1
    outer loop
      vertex 24.016 37.4392 4.2
      vertex 24.334 37.5668 4.2
      vertex 24.3199 37.7389 4.2
    endloop
  endfacet
  facet normal 0 0 1
    outer loop
      vertex 24.5665 37.0993 4.2
      vertex 24.1808 37.1188 4.2
      vertex 24.5665 36.6696 4.2
    endloop
  endfacet
  facet normal 0 0 1
    outer loop
      vertex 22.716 36.7843 4.2
      vertex 24.1808 37.1188 4.2
      vertex 23.0895 37.1847 4.2
    endloop
  endfacet
  facet normal 0 0 1
    outer loop
      vertex 24.1808 37.1188 4.2
      vertex 22.716 36.7843 4.2
      vertex 24.5665 36.6696 4.2
    endloop
  endfacet
  facet normal 0 0 1
    outer loop
      vertex 22.716 36.7843 4.2
      vertex 23.0895 37.1847 4.2
      vertex 22.716 38.7398 4.2
    endloop
  endfacet
  facet normal 0 0 1
    outer loop
      vertex 24.37 38.0456 4.2
      vertex 23.9611 37.8292 4.2
      vertex 24.3199 37.7389 4.2
    endloop
  endfacet
  facet normal 0 -0 1
    outer loop
      vertex 24.016 37.4392 4.2
      vertex 24.3199 37.7389 4.2
      vertex 23.9611 37.8292 4.2
    endloop
  endfacet
  facet normal 0 0 1
    outer loop
      vertex 24.3761 37.4068 4.2
      vertex 24.016 37.4392 4.2
      vertex 24.1808 37.1188 4.2
    endloop
  endfacet
  facet normal 0 0 1
    outer loop
      vertex 25.0303 21.1465 4.2
      vertex 23.2116 20.7315 4.2
      vertex 25.0303 20.7315 4.2
    endloop
  endfacet
  facet normal 0 -0 1
    outer loop
      vertex 23.2116 20.7315 4.2
      vertex 25.0303 21.1465 4.2
      vertex 22.716 21.1465 4.2
    endloop
  endfacet
  facet normal 0 0 1
    outer loop
      vertex 25.0303 21.1465 4.2
      vertex 25.377 21.1465 4.2
      vertex 25.377 21.6299 4.2
    endloop
  endfacet
  facet normal 0 0 1
    outer loop
      vertex 25.377 21.1465 4.2
      vertex 25.0303 21.1465 4.2
      vertex 25.377 20.7315 4.2
    endloop
  endfacet
  facet normal 0 0 1
    outer loop
      vertex 25.0303 19.5158 4.2
      vertex 25.377 20.7315 4.2
      vertex 25.0303 20.7315 4.2
    endloop
  endfacet
  facet normal 0 0 1
    outer loop
      vertex 25.0303 21.1465 4.2
      vertex 25.377 21.6299 4.2
      vertex 25.0303 21.6299 4.2
    endloop
  endfacet
  facet normal 0 0 1
    outer loop
      vertex 25.377 20.7315 4.2
      vertex 25.0303 21.1465 4.2
      vertex 25.0303 20.7315 4.2
    endloop
  endfacet
  facet normal 0 0 1
    outer loop
      vertex 25.377 20.7315 4.2
      vertex 25.0303 19.5158 4.2
      vertex 25.377 19.1105 4.2
    endloop
  endfacet
  facet normal 0 0 1
    outer loop
      vertex 25.377 19.1105 4.2
      vertex 25.0303 19.5158 4.2
      vertex 25.0352 19.1105 4.2
    endloop
  endfacet
  facet normal 0 0 1
    outer loop
      vertex 24.9815 19.5548 4.2
      vertex 25.0352 19.1105 4.2
      vertex 25.0303 19.5158 4.2
    endloop
  endfacet
  facet normal 0 0 1
    outer loop
      vertex 24.8009 19.6867 4.2
      vertex 25.0352 19.1105 4.2
      vertex 24.9815 19.5548 4.2
    endloop
  endfacet
  facet normal 0 0 1
    outer loop
      vertex 23.5021 20.5679 4.2
      vertex 25.0352 19.1105 4.2
      vertex 24.8009 19.6867 4.2
    endloop
  endfacet
  facet normal 0 0 1
    outer loop
      vertex 22.716 20.6851 4.2
      vertex 23.5021 20.5679 4.2
      vertex 23.4386 20.6076 4.2
    endloop
  endfacet
  facet normal 0 0 1
    outer loop
      vertex 22.716 20.6851 4.2
      vertex 23.4386 20.6076 4.2
      vertex 23.341 20.6632 4.2
    endloop
  endfacet
  facet normal -0 0 1
    outer loop
      vertex 22.716 20.6851 4.2
      vertex 23.341 20.6632 4.2
      vertex 23.2513 20.712 4.2
    endloop
  endfacet
  facet normal 0 0 1
    outer loop
      vertex 22.716 20.6851 4.2
      vertex 23.2513 20.712 4.2
      vertex 23.2116 20.7315 4.2
    endloop
  endfacet
  facet normal 0 0 1
    outer loop
      vertex 22.716 20.6851 4.2
      vertex 23.2116 20.7315 4.2
      vertex 22.716 21.1465 4.2
    endloop
  endfacet
  facet normal 0 0 1
    outer loop
      vertex 23.5021 20.5679 4.2
      vertex 22.716 20.6851 4.2
      vertex 25.0352 19.1105 4.2
    endloop
  endfacet
  facet normal -0 0 1
    outer loop
      vertex 25.377 21.1465 4.2
      vertex 26.1557 20.7315 4.2
      vertex 26.1557 21.1465 4.2
    endloop
  endfacet
  facet normal 0 0 1
    outer loop
      vertex 26.1557 20.7315 4.2
      vertex 25.377 21.1465 4.2
      vertex 25.377 20.7315 4.2
    endloop
  endfacet
  facet normal 0 0 1
    outer loop
      vertex 23.0895 24.0818 4.2
      vertex 22.716 24.0818 4.2
      vertex 23.0895 22.5267 4.2
    endloop
  endfacet
  facet normal 0 0 1
    outer loop
      vertex 26.2046 23.0614 4.2
      vertex 25.7923 23.3867 4.2
      vertex 25.8457 23.0712 4.2
    endloop
  endfacet
  facet normal 0 0 1
    outer loop
      vertex 26.1264 23.5725 4.2
      vertex 25.6321 23.6253 4.2
      vertex 25.7923 23.3867 4.2
    endloop
  endfacet
  facet normal 0 0 1
    outer loop
      vertex 25.3785 23.7755 4.2
      vertex 25.8921 23.9585 4.2
      vertex 25.5216 24.2011 4.2
    endloop
  endfacet
  facet normal 0 0 1
    outer loop
      vertex 25.8921 23.9585 4.2
      vertex 25.3785 23.7755 4.2
      vertex 25.6321 23.6253 4.2
    endloop
  endfacet
  facet normal 0 0 1
    outer loop
      vertex 25.5216 24.2011 4.2
      vertex 25.045 23.8255 4.2
      vertex 25.3785 23.7755 4.2
    endloop
  endfacet
  facet normal 0 0 1
    outer loop
      vertex 25.0352 24.282 4.2
      vertex 25.045 23.8255 4.2
      vertex 25.5216 24.2011 4.2
    endloop
  endfacet
  facet normal 0 0 1
    outer loop
      vertex 25.0352 24.282 4.2
      vertex 24.7514 23.7751 4.2
      vertex 25.045 23.8255 4.2
    endloop
  endfacet
  facet normal -0 0 1
    outer loop
      vertex 24.6019 24.2066 4.2
      vertex 24.7514 23.7751 4.2
      vertex 25.0352 24.282 4.2
    endloop
  endfacet
  facet normal -0 0 1
    outer loop
      vertex 24.2589 23.9805 4.2
      vertex 24.7514 23.7751 4.2
      vertex 24.6019 24.2066 4.2
    endloop
  endfacet
  facet normal 0 0 1
    outer loop
      vertex 24.7514 23.7751 4.2
      vertex 24.2589 23.9805 4.2
      vertex 24.5201 23.6241 4.2
    endloop
  endfacet
  facet normal 0 0 1
    outer loop
      vertex 24.5201 23.6241 4.2
      vertex 24.0355 23.6275 4.2
      vertex 24.37 23.3876 4.2
    endloop
  endfacet
  facet normal -0 0 1
    outer loop
      vertex 24.0355 23.6275 4.2
      vertex 24.5201 23.6241 4.2
      vertex 24.2589 23.9805 4.2
    endloop
  endfacet
  facet normal -0 0 1
    outer loop
      vertex 25.7923 23.3867 4.2
      vertex 26.2046 23.0614 4.2
      vertex 26.1264 23.5725 4.2
    endloop
  endfacet
  facet normal 0 0 1
    outer loop
      vertex 26.2046 23.0614 4.2
      vertex 25.8457 23.0712 4.2
      vertex 26.1521 22.6268 4.2
    endloop
  endfacet
  facet normal -0 0 1
    outer loop
      vertex 25.6321 23.6253 4.2
      vertex 26.1264 23.5725 4.2
      vertex 25.8921 23.9585 4.2
    endloop
  endfacet
  facet normal 0 0 1
    outer loop
      vertex 25.7181 22.6043 4.2
      vertex 26.1521 22.6268 4.2
      vertex 25.8457 23.0712 4.2
    endloop
  endfacet
  facet normal 0 0 1
    outer loop
      vertex 26.1521 22.6268 4.2
      vertex 25.7181 22.6043 4.2
      vertex 25.9946 22.2851 4.2
    endloop
  endfacet
  facet normal 0 0 1
    outer loop
      vertex 25.9946 22.2851 4.2
      vertex 25.7181 22.6043 4.2
      vertex 25.7377 22.044 4.2
    endloop
  endfacet
  facet normal -0 0 1
    outer loop
      vertex 25.3355 22.3559 4.2
      vertex 25.7377 22.044 4.2
      vertex 25.7181 22.6043 4.2
    endloop
  endfacet
  facet normal 0 0 1
    outer loop
      vertex 25.7377 22.044 4.2
      vertex 25.3355 22.3559 4.2
      vertex 25.3867 21.9116 4.2
    endloop
  endfacet
  facet normal -0 0 1
    outer loop
      vertex 24.1808 22.4608 4.2
      vertex 24.5665 22.4413 4.2
      vertex 24.4518 22.5951 4.2
    endloop
  endfacet
  facet normal 0 0 1
    outer loop
      vertex 24.1808 22.4608 4.2
      vertex 24.4518 22.5951 4.2
      vertex 24.3761 22.7489 4.2
    endloop
  endfacet
  facet normal -0 0 1
    outer loop
      vertex 24.016 22.7812 4.2
      vertex 24.3761 22.7489 4.2
      vertex 24.334 22.9088 4.2
    endloop
  endfacet
  facet normal 0 0 1
    outer loop
      vertex 23.9611 23.1712 4.2
      vertex 24.37 23.3876 4.2
      vertex 24.0355 23.6275 4.2
    endloop
  endfacet
  facet normal 0 0 1
    outer loop
      vertex 24.016 22.7812 4.2
      vertex 24.334 22.9088 4.2
      vertex 24.3199 23.0809 4.2
    endloop
  endfacet
  facet normal 0 0 1
    outer loop
      vertex 24.5665 22.4413 4.2
      vertex 24.1808 22.4608 4.2
      vertex 24.5665 22.0116 4.2
    endloop
  endfacet
  facet normal 0 0 1
    outer loop
      vertex 22.716 22.1264 4.2
      vertex 24.1808 22.4608 4.2
      vertex 23.0895 22.5267 4.2
    endloop
  endfacet
  facet normal 0 0 1
    outer loop
      vertex 24.1808 22.4608 4.2
      vertex 22.716 22.1264 4.2
      vertex 24.5665 22.0116 4.2
    endloop
  endfacet
  facet normal 0 0 1
    outer loop
      vertex 22.716 22.1264 4.2
      vertex 23.0895 22.5267 4.2
      vertex 22.716 24.0818 4.2
    endloop
  endfacet
  facet normal 0 0 1
    outer loop
      vertex 24.37 23.3876 4.2
      vertex 23.9611 23.1712 4.2
      vertex 24.3199 23.0809 4.2
    endloop
  endfacet
  facet normal 0 -0 1
    outer loop
      vertex 24.016 22.7812 4.2
      vertex 24.3199 23.0809 4.2
      vertex 23.9611 23.1712 4.2
    endloop
  endfacet
  facet normal 0 0 1
    outer loop
      vertex 24.3761 22.7489 4.2
      vertex 24.016 22.7812 4.2
      vertex 24.1808 22.4608 4.2
    endloop
  endfacet
  facet normal 0 0 1
    outer loop
      vertex 26.1557 46.9923 4.2
      vertex 24.4811 46.5578 4.2
      vertex 26.1557 46.5578 4.2
    endloop
  endfacet
  facet normal -0 0 1
    outer loop
      vertex 24.3956 46.9923 4.2
      vertex 24.4811 46.5578 4.2
      vertex 26.1557 46.9923 4.2
    endloop
  endfacet
  facet normal 0 0 1
    outer loop
      vertex 24.3956 46.9923 4.2
      vertex 24.157 46.5315 4.2
      vertex 24.4811 46.5578 4.2
    endloop
  endfacet
  facet normal -0 0 1
    outer loop
      vertex 23.9696 46.9468 4.2
      vertex 24.157 46.5315 4.2
      vertex 24.3956 46.9923 4.2
    endloop
  endfacet
  facet normal 0 0 1
    outer loop
      vertex 23.9696 46.9468 4.2
      vertex 23.9513 46.4528 4.2
      vertex 24.157 46.5315 4.2
    endloop
  endfacet
  facet normal -0 0 1
    outer loop
      vertex 23.6828 46.8104 4.2
      vertex 23.9513 46.4528 4.2
      vertex 23.9696 46.9468 4.2
    endloop
  endfacet
  facet normal -0 0 1
    outer loop
      vertex 23.5198 46.5739 4.2
      vertex 23.9513 46.4528 4.2
      vertex 23.6828 46.8104 4.2
    endloop
  endfacet
  facet normal 0 0 1
    outer loop
      vertex 23.9513 46.4528 4.2
      vertex 23.5198 46.5739 4.2
      vertex 23.8415 46.3057 4.2
    endloop
  endfacet
  facet normal 0 0 1
    outer loop
      vertex 23.4655 46.2282 4.2
      vertex 23.8415 46.3057 4.2
      vertex 23.5198 46.5739 4.2
    endloop
  endfacet
  facet normal 0 -0 1
    outer loop
      vertex 23.4948 45.9728 4.2
      vertex 23.8048 46.0744 4.2
      vertex 23.4655 46.2282 4.2
    endloop
  endfacet
  facet normal 0 0 1
    outer loop
      vertex 23.8415 46.3057 4.2
      vertex 23.4655 46.2282 4.2
      vertex 23.8048 46.0744 4.2
    endloop
  endfacet
  facet normal 0 -0 1
    outer loop
      vertex 23.5827 45.7582 4.2
      vertex 23.8048 46.0744 4.2
      vertex 23.4948 45.9728 4.2
    endloop
  endfacet
  facet normal 0 0 1
    outer loop
      vertex 23.8048 46.0744 4.2
      vertex 23.5827 45.7582 4.2
      vertex 23.7371 45.5785 4.2
    endloop
  endfacet
  facet normal 0 0 1
    outer loop
      vertex 23.7371 45.5785 4.2
      vertex 24.0185 45.6264 4.2
      vertex 23.8583 45.8184 4.2
    endloop
  endfacet
  facet normal 0 0 1
    outer loop
      vertex 24.0185 45.6264 4.2
      vertex 23.7371 45.5785 4.2
      vertex 23.966 45.4275 4.2
    endloop
  endfacet
  facet normal 0 0 1
    outer loop
      vertex 23.7371 45.5785 4.2
      vertex 23.8583 45.8184 4.2
      vertex 23.8048 46.0744 4.2
    endloop
  endfacet
  facet normal -0 0 1
    outer loop
      vertex 24.6251 45.4665 4.2
      vertex 26.1557 45.032 4.2
      vertex 26.1557 45.4665 4.2
    endloop
  endfacet
  facet normal 0 0 1
    outer loop
      vertex 24.6251 45.4665 4.2
      vertex 24.4811 45.032 4.2
      vertex 26.1557 45.032 4.2
    endloop
  endfacet
  facet normal 0 0 1
    outer loop
      vertex 24.2769 45.5065 4.2
      vertex 24.4811 45.032 4.2
      vertex 24.6251 45.4665 4.2
    endloop
  endfacet
  facet normal 0 0 1
    outer loop
      vertex 24.2769 45.5065 4.2
      vertex 24.157 45.0057 4.2
      vertex 24.4811 45.032 4.2
    endloop
  endfacet
  facet normal 0 0 1
    outer loop
      vertex 23.966 45.4275 4.2
      vertex 24.2769 45.5065 4.2
      vertex 24.0185 45.6264 4.2
    endloop
  endfacet
  facet normal 0 0 1
    outer loop
      vertex 24.2769 45.5065 4.2
      vertex 23.966 45.4275 4.2
      vertex 23.966 45.4201 4.2
    endloop
  endfacet
  facet normal 0 0 1
    outer loop
      vertex 24.2769 45.5065 4.2
      vertex 23.966 45.4201 4.2
      vertex 24.157 45.0057 4.2
    endloop
  endfacet
  facet normal 0 0 1
    outer loop
      vertex 23.966 45.4201 4.2
      vertex 23.9513 44.927 4.2
      vertex 24.157 45.0057 4.2
    endloop
  endfacet
  facet normal -0 0 1
    outer loop
      vertex 23.7401 45.3252 4.2
      vertex 23.9513 44.927 4.2
      vertex 23.966 45.4201 4.2
    endloop
  endfacet
  facet normal -0 0 1
    outer loop
      vertex 23.4954 44.9712 4.2
      vertex 23.9513 44.927 4.2
      vertex 23.5851 45.1772 4.2
    endloop
  endfacet
  facet normal -0 0 1
    outer loop
      vertex 23.5851 45.1772 4.2
      vertex 23.9513 44.927 4.2
      vertex 23.7401 45.3252 4.2
    endloop
  endfacet
  facet normal 0 0 1
    outer loop
      vertex 23.7279 44.0829 4.2
      vertex 24.0197 44.1043 4.2
      vertex 23.8586 44.2971 4.2
    endloop
  endfacet
  facet normal 0 0 1
    outer loop
      vertex 24.0197 44.1043 4.2
      vertex 23.7279 44.0829 4.2
      vertex 23.966 43.931 4.2
    endloop
  endfacet
  facet normal 0 0 1
    outer loop
      vertex 23.5754 44.2557 4.2
      vertex 23.8586 44.2971 4.2
      vertex 23.8048 44.5486 4.2
    endloop
  endfacet
  facet normal 0 0 1
    outer loop
      vertex 23.9513 44.927 4.2
      vertex 23.4954 44.9712 4.2
      vertex 23.8415 44.7799 4.2
    endloop
  endfacet
  facet normal 0 0 1
    outer loop
      vertex 23.4655 44.7024 4.2
      vertex 23.8415 44.7799 4.2
      vertex 23.4954 44.9712 4.2
    endloop
  endfacet
  facet normal 0 -0 1
    outer loop
      vertex 23.493 44.4589 4.2
      vertex 23.8048 44.5486 4.2
      vertex 23.4655 44.7024 4.2
    endloop
  endfacet
  facet normal 0 0 1
    outer loop
      vertex 23.8415 44.7799 4.2
      vertex 23.4655 44.7024 4.2
      vertex 23.8048 44.5486 4.2
    endloop
  endfacet
  facet normal 0 -0 1
    outer loop
      vertex 23.5754 44.2557 4.2
      vertex 23.8048 44.5486 4.2
      vertex 23.493 44.4589 4.2
    endloop
  endfacet
  facet normal 0 0 1
    outer loop
      vertex 23.8586 44.2971 4.2
      vertex 23.5754 44.2557 4.2
      vertex 23.7279 44.0829 4.2
    endloop
  endfacet
  facet normal -0 0 1
    outer loop
      vertex 24.6251 43.9407 4.2
      vertex 26.1557 43.5037 4.2
      vertex 26.1557 43.9407 4.2
    endloop
  endfacet
  facet normal 0 0 1
    outer loop
      vertex 24.0783 43.5037 4.2
      vertex 24.6251 43.9407 4.2
      vertex 24.2785 43.9816 4.2
    endloop
  endfacet
  facet normal 0 0 1
    outer loop
      vertex 24.6251 43.9407 4.2
      vertex 24.0783 43.5037 4.2
      vertex 26.1557 43.5037 4.2
    endloop
  endfacet
  facet normal 0 0 1
    outer loop
      vertex 23.966 43.931 4.2
      vertex 24.2785 43.9816 4.2
      vertex 24.0197 44.1043 4.2
    endloop
  endfacet
  facet normal 0 0 1
    outer loop
      vertex 24.2785 43.9816 4.2
      vertex 23.966 43.931 4.2
      vertex 23.966 43.9236 4.2
    endloop
  endfacet
  facet normal 0 0 1
    outer loop
      vertex 24.2785 43.9816 4.2
      vertex 23.966 43.9236 4.2
      vertex 24.0783 43.5037 4.2
    endloop
  endfacet
  facet normal -0 0 1
    outer loop
      vertex 23.8039 43.9191 4.2
      vertex 24.0783 43.5037 4.2
      vertex 23.966 43.9236 4.2
    endloop
  endfacet
  facet normal 0 0 1
    outer loop
      vertex 23.8039 43.9191 4.2
      vertex 23.7066 43.5001 4.2
      vertex 24.0783 43.5037 4.2
    endloop
  endfacet
  facet normal -0 0 1
    outer loop
      vertex 23.7035 43.9151 4.2
      vertex 23.7066 43.5001 4.2
      vertex 23.8039 43.9191 4.2
    endloop
  endfacet
  facet normal -0 0 1
    outer loop
      vertex 23.6379 43.9117 4.2
      vertex 23.7066 43.5001 4.2
      vertex 23.7035 43.9151 4.2
    endloop
  endfacet
  facet normal -0 0 1
    outer loop
      vertex 23.5802 43.909 4.2
      vertex 23.7066 43.5001 4.2
      vertex 23.6379 43.9117 4.2
    endloop
  endfacet
  facet normal 0 0 1
    outer loop
      vertex 23.5143 43.4891 4.2
      vertex 23.5802 43.909 4.2
      vertex 23.5369 43.9065 4.2
    endloop
  endfacet
  facet normal 0 0 1
    outer loop
      vertex 23.5143 43.4891 4.2
      vertex 23.5369 43.9065 4.2
      vertex 23.5143 43.9041 4.2
    endloop
  endfacet
  facet normal 0 0 1
    outer loop
      vertex 23.5802 43.909 4.2
      vertex 23.5143 43.4891 4.2
      vertex 23.7066 43.5001 4.2
    endloop
  endfacet
  facet normal 0 0 1
    outer loop
      vertex 26.1557 51.0597 4.2
      vertex 24.4811 50.6252 4.2
      vertex 26.1557 50.6252 4.2
    endloop
  endfacet
  facet normal -0 0 1
    outer loop
      vertex 24.3956 51.0597 4.2
      vertex 24.4811 50.6252 4.2
      vertex 26.1557 51.0597 4.2
    endloop
  endfacet
  facet normal 0 0 1
    outer loop
      vertex 24.3956 51.0597 4.2
      vertex 24.157 50.599 4.2
      vertex 24.4811 50.6252 4.2
    endloop
  endfacet
  facet normal -0 0 1
    outer loop
      vertex 23.9696 51.0143 4.2
      vertex 24.157 50.599 4.2
      vertex 24.3956 51.0597 4.2
    endloop
  endfacet
  facet normal 0 0 1
    outer loop
      vertex 23.9696 51.0143 4.2
      vertex 23.9513 50.5202 4.2
      vertex 24.157 50.599 4.2
    endloop
  endfacet
  facet normal -0 0 1
    outer loop
      vertex 23.6828 50.8778 4.2
      vertex 23.9513 50.5202 4.2
      vertex 23.9696 51.0143 4.2
    endloop
  endfacet
  facet normal -0 0 1
    outer loop
      vertex 23.5198 50.6413 4.2
      vertex 23.9513 50.5202 4.2
      vertex 23.6828 50.8778 4.2
    endloop
  endfacet
  facet normal 0 0 1
    outer loop
      vertex 23.9513 50.5202 4.2
      vertex 23.5198 50.6413 4.2
      vertex 23.8415 50.3731 4.2
    endloop
  endfacet
  facet normal 0 0 1
    outer loop
      vertex 23.4655 50.2956 4.2
      vertex 23.8415 50.3731 4.2
      vertex 23.5198 50.6413 4.2
    endloop
  endfacet
  facet normal 0 -0 1
    outer loop
      vertex 23.4948 50.0402 4.2
      vertex 23.8048 50.1418 4.2
      vertex 23.4655 50.2956 4.2
    endloop
  endfacet
  facet normal 0 0 1
    outer loop
      vertex 23.8415 50.3731 4.2
      vertex 23.4655 50.2956 4.2
      vertex 23.8048 50.1418 4.2
    endloop
  endfacet
  facet normal 0 -0 1
    outer loop
      vertex 23.5827 49.8257 4.2
      vertex 23.8048 50.1418 4.2
      vertex 23.4948 50.0402 4.2
    endloop
  endfacet
  facet normal 0 0 1
    outer loop
      vertex 23.8048 50.1418 4.2
      vertex 23.5827 49.8257 4.2
      vertex 23.7371 49.6459 4.2
    endloop
  endfacet
  facet normal 0 0 1
    outer loop
      vertex 23.7371 49.6459 4.2
      vertex 24.0185 49.6938 4.2
      vertex 23.8583 49.8858 4.2
    endloop
  endfacet
  facet normal 0 0 1
    outer loop
      vertex 24.0185 49.6938 4.2
      vertex 23.7371 49.6459 4.2
      vertex 23.966 49.4949 4.2
    endloop
  endfacet
  facet normal 0 0 1
    outer loop
      vertex 23.7371 49.6459 4.2
      vertex 23.8583 49.8858 4.2
      vertex 23.8048 50.1418 4.2
    endloop
  endfacet
  facet normal -0 0 1
    outer loop
      vertex 24.6251 49.534 4.2
      vertex 26.1557 49.0994 4.2
      vertex 26.1557 49.534 4.2
    endloop
  endfacet
  facet normal 0 0 1
    outer loop
      vertex 24.6251 49.534 4.2
      vertex 24.4811 49.0994 4.2
      vertex 26.1557 49.0994 4.2
    endloop
  endfacet
  facet normal 0 0 1
    outer loop
      vertex 24.2769 49.5739 4.2
      vertex 24.4811 49.0994 4.2
      vertex 24.6251 49.534 4.2
    endloop
  endfacet
  facet normal 0 0 1
    outer loop
      vertex 24.2769 49.5739 4.2
      vertex 24.157 49.0732 4.2
      vertex 24.4811 49.0994 4.2
    endloop
  endfacet
  facet normal 0 0 1
    outer loop
      vertex 23.966 49.4949 4.2
      vertex 24.2769 49.5739 4.2
      vertex 24.0185 49.6938 4.2
    endloop
  endfacet
  facet normal 0 0 1
    outer loop
      vertex 24.2769 49.5739 4.2
      vertex 23.966 49.4949 4.2
      vertex 23.966 49.4876 4.2
    endloop
  endfacet
  facet normal 0 0 1
    outer loop
      vertex 24.2769 49.5739 4.2
      vertex 23.966 49.4876 4.2
      vertex 24.157 49.0732 4.2
    endloop
  endfacet
  facet normal 0 0 1
    outer loop
      vertex 23.966 49.4876 4.2
      vertex 23.9513 48.9944 4.2
      vertex 24.157 49.0732 4.2
    endloop
  endfacet
  facet normal -0 0 1
    outer loop
      vertex 23.7401 49.3926 4.2
      vertex 23.9513 48.9944 4.2
      vertex 23.966 49.4876 4.2
    endloop
  endfacet
  facet normal -0 0 1
    outer loop
      vertex 23.4954 49.0387 4.2
      vertex 23.9513 48.9944 4.2
      vertex 23.5851 49.2446 4.2
    endloop
  endfacet
  facet normal -0 0 1
    outer loop
      vertex 23.5851 49.2446 4.2
      vertex 23.9513 48.9944 4.2
      vertex 23.7401 49.3926 4.2
    endloop
  endfacet
  facet normal 0 0 1
    outer loop
      vertex 23.7279 48.1504 4.2
      vertex 24.0197 48.1717 4.2
      vertex 23.8586 48.3646 4.2
    endloop
  endfacet
  facet normal 0 0 1
    outer loop
      vertex 24.0197 48.1717 4.2
      vertex 23.7279 48.1504 4.2
      vertex 23.966 47.9984 4.2
    endloop
  endfacet
  facet normal 0 0 1
    outer loop
      vertex 23.5754 48.3231 4.2
      vertex 23.8586 48.3646 4.2
      vertex 23.8048 48.616 4.2
    endloop
  endfacet
  facet normal 0 0 1
    outer loop
      vertex 23.9513 48.9944 4.2
      vertex 23.4954 49.0387 4.2
      vertex 23.8415 48.8473 4.2
    endloop
  endfacet
  facet normal 0 0 1
    outer loop
      vertex 23.4655 48.7698 4.2
      vertex 23.8415 48.8473 4.2
      vertex 23.4954 49.0387 4.2
    endloop
  endfacet
  facet normal 0 -0 1
    outer loop
      vertex 23.493 48.5263 4.2
      vertex 23.8048 48.616 4.2
      vertex 23.4655 48.7698 4.2
    endloop
  endfacet
  facet normal 0 0 1
    outer loop
      vertex 23.8415 48.8473 4.2
      vertex 23.4655 48.7698 4.2
      vertex 23.8048 48.616 4.2
    endloop
  endfacet
  facet normal 0 -0 1
    outer loop
      vertex 23.5754 48.3231 4.2
      vertex 23.8048 48.616 4.2
      vertex 23.493 48.5263 4.2
    endloop
  endfacet
  facet normal 0 0 1
    outer loop
      vertex 23.8586 48.3646 4.2
      vertex 23.5754 48.3231 4.2
      vertex 23.7279 48.1504 4.2
    endloop
  endfacet
  facet normal -0 0 1
    outer loop
      vertex 24.6251 48.0082 4.2
      vertex 26.1557 47.5712 4.2
      vertex 26.1557 48.0082 4.2
    endloop
  endfacet
  facet normal 0 0 1
    outer loop
      vertex 24.0783 47.5712 4.2
      vertex 24.6251 48.0082 4.2
      vertex 24.2785 48.0491 4.2
    endloop
  endfacet
  facet normal 0 0 1
    outer loop
      vertex 24.6251 48.0082 4.2
      vertex 24.0783 47.5712 4.2
      vertex 26.1557 47.5712 4.2
    endloop
  endfacet
  facet normal 0 0 1
    outer loop
      vertex 23.966 47.9984 4.2
      vertex 24.2785 48.0491 4.2
      vertex 24.0197 48.1717 4.2
    endloop
  endfacet
  facet normal 0 0 1
    outer loop
      vertex 24.2785 48.0491 4.2
      vertex 23.966 47.9984 4.2
      vertex 23.966 47.9911 4.2
    endloop
  endfacet
  facet normal 0 0 1
    outer loop
      vertex 24.2785 48.0491 4.2
      vertex 23.966 47.9911 4.2
      vertex 24.0783 47.5712 4.2
    endloop
  endfacet
  facet normal -0 0 1
    outer loop
      vertex 23.8039 47.9865 4.2
      vertex 24.0783 47.5712 4.2
      vertex 23.966 47.9911 4.2
    endloop
  endfacet
  facet normal 0 0 1
    outer loop
      vertex 23.8039 47.9865 4.2
      vertex 23.7066 47.5675 4.2
      vertex 24.0783 47.5712 4.2
    endloop
  endfacet
  facet normal -0 0 1
    outer loop
      vertex 23.7035 47.9825 4.2
      vertex 23.7066 47.5675 4.2
      vertex 23.8039 47.9865 4.2
    endloop
  endfacet
  facet normal -0 0 1
    outer loop
      vertex 23.6379 47.9792 4.2
      vertex 23.7066 47.5675 4.2
      vertex 23.7035 47.9825 4.2
    endloop
  endfacet
  facet normal -0 0 1
    outer loop
      vertex 23.5802 47.9764 4.2
      vertex 23.7066 47.5675 4.2
      vertex 23.6379 47.9792 4.2
    endloop
  endfacet
  facet normal 0 0 1
    outer loop
      vertex 23.5143 47.5565 4.2
      vertex 23.5802 47.9764 4.2
      vertex 23.5369 47.974 4.2
    endloop
  endfacet
  facet normal 0 0 1
    outer loop
      vertex 23.5143 47.5565 4.2
      vertex 23.5369 47.974 4.2
      vertex 23.5143 47.9716 4.2
    endloop
  endfacet
  facet normal 0 0 1
    outer loop
      vertex 23.5802 47.9764 4.2
      vertex 23.5143 47.5565 4.2
      vertex 23.7066 47.5675 4.2
    endloop
  endfacet
  facet normal -0 0 1
    outer loop
      vertex 23.5143 27.6828 4.2
      vertex 24.7935 27.2776 4.2
      vertex 23.5143 28.1735 4.2
    endloop
  endfacet
  facet normal 0 0 1
    outer loop
      vertex 24.7935 27.2776 4.2
      vertex 23.5143 27.6828 4.2
      vertex 24.5421 27.0286 4.2
    endloop
  endfacet
  facet normal 0 0 1
    outer loop
      vertex 24.7935 27.2776 4.2
      vertex 26.1557 27.739 4.2
      vertex 26.1557 28.2297 4.2
    endloop
  endfacet
  facet normal 0 0 1
    outer loop
      vertex 26.1557 27.739 4.2
      vertex 24.7935 27.2776 4.2
      vertex 25.0718 27.0286 4.2
    endloop
  endfacet
  facet normal 0 0 1
    outer loop
      vertex 25.0718 27.0286 4.2
      vertex 24.7935 27.2776 4.2
      vertex 24.7984 26.7796 4.2
    endloop
  endfacet
  facet normal -0 0 1
    outer loop
      vertex 24.5421 27.0286 4.2
      vertex 24.7984 26.7796 4.2
      vertex 24.7935 27.2776 4.2
    endloop
  endfacet
  facet normal 0 0 1
    outer loop
      vertex 23.5143 26.3694 4.2
      vertex 24.7984 26.7796 4.2
      vertex 24.5421 27.0286 4.2
    endloop
  endfacet
  facet normal 0 0 1
    outer loop
      vertex 24.7984 26.7796 4.2
      vertex 23.5143 26.3694 4.2
      vertex 23.5143 25.8836 4.2
    endloop
  endfacet
  facet normal -0 0 1
    outer loop
      vertex 24.7984 26.7796 4.2
      vertex 26.1557 26.3133 4.2
      vertex 25.0718 27.0286 4.2
    endloop
  endfacet
  facet normal 0 0 1
    outer loop
      vertex 26.1557 26.3133 4.2
      vertex 24.7984 26.7796 4.2
      vertex 26.1557 25.8397 4.2
    endloop
  endfacet
  facet normal -0 0 1
    outer loop
      vertex 25.6211 35.9453 4.2
      vertex 26.1557 35.4692 4.2
      vertex 26.1557 35.9453 4.2
    endloop
  endfacet
  facet normal 0 0 1
    outer loop
      vertex 26.1557 35.4692 4.2
      vertex 25.6211 35.9453 4.2
      vertex 25.6211 35.4692 4.2
    endloop
  endfacet
  facet normal -0.74141 -0.671053 0
    outer loop
      vertex 26.091 40.99 4.2
      vertex 25.7505 41.3662 5
      vertex 25.7505 41.3662 4.2
    endloop
  endfacet
  facet normal -0.74141 -0.671053 0
    outer loop
      vertex 25.7505 41.3662 5
      vertex 26.091 40.99 4.2
      vertex 26.091 40.99 5
    endloop
  endfacet
  facet normal -0.37941 -0.925229 0
    outer loop
      vertex 25.1945 41.5942 4.2
      vertex 25.7505 41.3662 5
      vertex 25.1945 41.5942 5
    endloop
  endfacet
  facet normal -0.37941 -0.925229 -0
    outer loop
      vertex 25.7505 41.3662 5
      vertex 25.1945 41.5942 4.2
      vertex 25.7505 41.3662 4.2
    endloop
  endfacet
  facet normal -0.0995297 -0.995035 0
    outer loop
      vertex 24.4347 41.6702 4.2
      vertex 25.1945 41.5942 5
      vertex 24.4347 41.6702 5
    endloop
  endfacet
  facet normal -0.0995297 -0.995035 -0
    outer loop
      vertex 25.1945 41.5942 5
      vertex 24.4347 41.6702 4.2
      vertex 25.1945 41.5942 4.2
    endloop
  endfacet
  facet normal 0.0936054 -0.995609 0
    outer loop
      vertex 23.6657 41.5979 4.2
      vertex 24.4347 41.6702 5
      vertex 23.6657 41.5979 5
    endloop
  endfacet
  facet normal 0.0936054 -0.995609 0
    outer loop
      vertex 24.4347 41.6702 5
      vertex 23.6657 41.5979 4.2
      vertex 24.4347 41.6702 4.2
    endloop
  endfacet
  facet normal 0.364602 -0.931163 0
    outer loop
      vertex 23.1115 41.3809 4.2
      vertex 23.6657 41.5979 5
      vertex 23.1115 41.3809 5
    endloop
  endfacet
  facet normal 0.364602 -0.931163 0
    outer loop
      vertex 23.6657 41.5979 5
      vertex 23.1115 41.3809 4.2
      vertex 23.6657 41.5979 4.2
    endloop
  endfacet
  facet normal 0.740303 -0.672273 0
    outer loop
      vertex 22.7765 41.012 5
      vertex 23.1115 41.3809 4.2
      vertex 23.1115 41.3809 5
    endloop
  endfacet
  facet normal 0.740303 -0.672273 0
    outer loop
      vertex 23.1115 41.3809 4.2
      vertex 22.7765 41.012 5
      vertex 22.7765 41.012 4.2
    endloop
  endfacet
  facet normal 0.978371 -0.20686 0
    outer loop
      vertex 22.6648 40.4837 5
      vertex 22.7765 41.012 4.2
      vertex 22.7765 41.012 5
    endloop
  endfacet
  facet normal 0.978371 -0.20686 0
    outer loop
      vertex 22.7765 41.012 4.2
      vertex 22.6648 40.4837 5
      vertex 22.6648 40.4837 4.2
    endloop
  endfacet
  facet normal 0.979807 0.199946 0
    outer loop
      vertex 22.7752 39.9427 5
      vertex 22.6648 40.4837 4.2
      vertex 22.6648 40.4837 5
    endloop
  endfacet
  facet normal 0.979807 0.199946 0
    outer loop
      vertex 22.6648 40.4837 4.2
      vertex 22.7752 39.9427 5
      vertex 22.7752 39.9427 4.2
    endloop
  endfacet
  facet normal 0.747741 0.663991 0
    outer loop
      vertex 23.1066 39.5695 5
      vertex 22.7752 39.9427 4.2
      vertex 22.7752 39.9427 5
    endloop
  endfacet
  facet normal 0.747741 0.663991 0
    outer loop
      vertex 22.7752 39.9427 4.2
      vertex 23.1066 39.5695 5
      vertex 23.1066 39.5695 4.2
    endloop
  endfacet
  facet normal 0.365288 0.930895 -0
    outer loop
      vertex 23.6596 39.3525 4.2
      vertex 23.1066 39.5695 5
      vertex 23.6596 39.3525 5
    endloop
  endfacet
  facet normal 0.365288 0.930895 0
    outer loop
      vertex 23.1066 39.5695 5
      vertex 23.6596 39.3525 4.2
      vertex 23.1066 39.5695 4.2
    endloop
  endfacet
  facet normal 0.0928751 0.995678 -0
    outer loop
      vertex 24.4347 39.2802 4.2
      vertex 23.6596 39.3525 5
      vertex 24.4347 39.2802 5
    endloop
  endfacet
  facet normal 0.0928751 0.995678 0
    outer loop
      vertex 23.6596 39.3525 5
      vertex 24.4347 39.2802 4.2
      vertex 23.6596 39.3525 4.2
    endloop
  endfacet
  facet normal -0.0971914 0.995266 0
    outer loop
      vertex 25.1976 39.3547 4.2
      vertex 24.4347 39.2802 5
      vertex 25.1976 39.3547 5
    endloop
  endfacet
  facet normal -0.0971914 0.995266 0
    outer loop
      vertex 24.4347 39.2802 5
      vertex 25.1976 39.3547 4.2
      vertex 24.4347 39.2802 4.2
    endloop
  endfacet
  facet normal -0.37309 0.927795 0
    outer loop
      vertex 25.7529 39.578 4.2
      vertex 25.1976 39.3547 5
      vertex 25.7529 39.578 5
    endloop
  endfacet
  facet normal -0.37309 0.927795 0
    outer loop
      vertex 25.1976 39.3547 5
      vertex 25.7529 39.578 4.2
      vertex 25.1976 39.3547 4.2
    endloop
  endfacet
  facet normal -0.739058 0.673642 0
    outer loop
      vertex 25.7529 39.578 4.2
      vertex 26.0917 39.9497 5
      vertex 26.0917 39.9497 4.2
    endloop
  endfacet
  facet normal -0.739058 0.673642 0
    outer loop
      vertex 26.0917 39.9497 5
      vertex 25.7529 39.578 4.2
      vertex 25.7529 39.578 5
    endloop
  endfacet
  facet normal -0.977181 0.212406 0
    outer loop
      vertex 26.0917 39.9497 4.2
      vertex 26.2046 40.4691 5
      vertex 26.2046 40.4691 4.2
    endloop
  endfacet
  facet normal -0.977181 0.212406 0
    outer loop
      vertex 26.2046 40.4691 5
      vertex 26.0917 39.9497 4.2
      vertex 26.0917 39.9497 5
    endloop
  endfacet
  facet normal -0.977036 -0.213076 0
    outer loop
      vertex 26.2046 40.4691 4.2
      vertex 26.091 40.99 5
      vertex 26.091 40.99 4.2
    endloop
  endfacet
  facet normal -0.977036 -0.213076 0
    outer loop
      vertex 26.091 40.99 5
      vertex 26.2046 40.4691 4.2
      vertex 26.2046 40.4691 5
    endloop
  endfacet
  facet normal 0.674159 -0.738586 0
    outer loop
      vertex 25.5064 39.9039 4.2
      vertex 25.7609 40.1362 5
      vertex 25.5064 39.9039 5
    endloop
  endfacet
  facet normal 0.674159 -0.738586 0
    outer loop
      vertex 25.7609 40.1362 5
      vertex 25.5064 39.9039 4.2
      vertex 25.7609 40.1362 4.2
    endloop
  endfacet
  facet normal 0.293794 -0.955869 0
    outer loop
      vertex 25.0688 39.7694 4.2
      vertex 25.5064 39.9039 5
      vertex 25.0688 39.7694 5
    endloop
  endfacet
  facet normal 0.293794 -0.955869 0
    outer loop
      vertex 25.5064 39.9039 5
      vertex 25.0688 39.7694 4.2
      vertex 25.5064 39.9039 4.2
    endloop
  endfacet
  facet normal 0.0706322 -0.997502 0
    outer loop
      vertex 24.4347 39.7245 4.2
      vertex 25.0688 39.7694 5
      vertex 24.4347 39.7245 5
    endloop
  endfacet
  facet normal 0.0706322 -0.997502 0
    outer loop
      vertex 25.0688 39.7694 5
      vertex 24.4347 39.7245 4.2
      vertex 25.0688 39.7694 4.2
    endloop
  endfacet
  facet normal -0.0681841 -0.997673 0
    outer loop
      vertex 23.7865 39.7688 4.2
      vertex 24.4347 39.7245 5
      vertex 23.7865 39.7688 5
    endloop
  endfacet
  facet normal -0.0681841 -0.997673 -0
    outer loop
      vertex 24.4347 39.7245 5
      vertex 23.7865 39.7688 4.2
      vertex 24.4347 39.7245 4.2
    endloop
  endfacet
  facet normal -0.291354 -0.956615 0
    outer loop
      vertex 23.3508 39.9015 4.2
      vertex 23.7865 39.7688 5
      vertex 23.3508 39.9015 5
    endloop
  endfacet
  facet normal -0.291354 -0.956615 -0
    outer loop
      vertex 23.7865 39.7688 5
      vertex 23.3508 39.9015 4.2
      vertex 23.7865 39.7688 4.2
    endloop
  endfacet
  facet normal -0.687606 -0.726084 0
    outer loop
      vertex 23.1036 40.1356 4.2
      vertex 23.3508 39.9015 5
      vertex 23.1036 40.1356 5
    endloop
  endfacet
  facet normal -0.687606 -0.726084 -0
    outer loop
      vertex 23.3508 39.9015 5
      vertex 23.1036 40.1356 4.2
      vertex 23.3508 39.9015 4.2
    endloop
  endfacet
  facet normal -0.973108 -0.230348 0
    outer loop
      vertex 23.1036 40.1356 4.2
      vertex 23.0212 40.4837 5
      vertex 23.0212 40.4837 4.2
    endloop
  endfacet
  facet normal -0.973108 -0.230348 0
    outer loop
      vertex 23.0212 40.4837 5
      vertex 23.1036 40.1356 4.2
      vertex 23.1036 40.1356 5
    endloop
  endfacet
  facet normal -0.971027 0.238969 0
    outer loop
      vertex 23.0212 40.4837 4.2
      vertex 23.1048 40.8234 5
      vertex 23.1048 40.8234 4.2
    endloop
  endfacet
  facet normal -0.971027 0.238969 0
    outer loop
      vertex 23.1048 40.8234 5
      vertex 23.0212 40.4837 4.2
      vertex 23.0212 40.4837 5
    endloop
  endfacet
  facet normal -0.672511 0.740087 0
    outer loop
      vertex 23.3556 41.0513 4.2
      vertex 23.1048 40.8234 5
      vertex 23.3556 41.0513 5
    endloop
  endfacet
  facet normal -0.672511 0.740087 0
    outer loop
      vertex 23.1048 40.8234 5
      vertex 23.3556 41.0513 4.2
      vertex 23.1048 40.8234 4.2
    endloop
  endfacet
  facet normal -0.283319 0.959026 0
    outer loop
      vertex 23.7926 41.1804 4.2
      vertex 23.3556 41.0513 5
      vertex 23.7926 41.1804 5
    endloop
  endfacet
  facet normal -0.283319 0.959026 0
    outer loop
      vertex 23.3556 41.0513 5
      vertex 23.7926 41.1804 4.2
      vertex 23.3556 41.0513 4.2
    endloop
  endfacet
  facet normal -0.0668181 0.997765 0
    outer loop
      vertex 24.4347 41.2234 4.2
      vertex 23.7926 41.1804 5
      vertex 24.4347 41.2234 5
    endloop
  endfacet
  facet normal -0.0668181 0.997765 0
    outer loop
      vertex 23.7926 41.1804 5
      vertex 24.4347 41.2234 4.2
      vertex 23.7926 41.1804 4.2
    endloop
  endfacet
  facet normal 0.0719843 0.997406 -0
    outer loop
      vertex 25.0596 41.1783 4.2
      vertex 24.4347 41.2234 5
      vertex 25.0596 41.1783 5
    endloop
  endfacet
  facet normal 0.0719843 0.997406 0
    outer loop
      vertex 24.4347 41.2234 5
      vertex 25.0596 41.1783 4.2
      vertex 24.4347 41.2234 4.2
    endloop
  endfacet
  facet normal 0.294621 0.955614 -0
    outer loop
      vertex 25.4991 41.0428 4.2
      vertex 25.0596 41.1783 5
      vertex 25.4991 41.0428 5
    endloop
  endfacet
  facet normal 0.294621 0.955614 0
    outer loop
      vertex 25.0596 41.1783 5
      vertex 25.4991 41.0428 4.2
      vertex 25.0596 41.1783 4.2
    endloop
  endfacet
  facet normal 0.666728 0.745301 -0
    outer loop
      vertex 25.759 40.8103 4.2
      vertex 25.4991 41.0428 5
      vertex 25.759 40.8103 5
    endloop
  endfacet
  facet normal 0.666728 0.745301 0
    outer loop
      vertex 25.4991 41.0428 5
      vertex 25.759 40.8103 4.2
      vertex 25.4991 41.0428 4.2
    endloop
  endfacet
  facet normal 0.968338 0.249643 0
    outer loop
      vertex 25.8457 40.474 5
      vertex 25.759 40.8103 4.2
      vertex 25.759 40.8103 5
    endloop
  endfacet
  facet normal 0.968338 0.249643 0
    outer loop
      vertex 25.759 40.8103 4.2
      vertex 25.8457 40.474 5
      vertex 25.8457 40.474 4.2
    endloop
  endfacet
  facet normal 0.969906 -0.243481 0
    outer loop
      vertex 25.7609 40.1362 5
      vertex 25.8457 40.474 4.2
      vertex 25.8457 40.474 5
    endloop
  endfacet
  facet normal 0.969906 -0.243481 0
    outer loop
      vertex 25.8457 40.474 4.2
      vertex 25.7609 40.1362 5
      vertex 25.7609 40.1362 4.2
    endloop
  endfacet
  facet normal -0.8823 -0.470688 0
    outer loop
      vertex 26.1393 34.1879 4.2
      vertex 25.9433 34.5553 5
      vertex 25.9433 34.5553 4.2
    endloop
  endfacet
  facet normal -0.8823 -0.470688 0
    outer loop
      vertex 25.9433 34.5553 5
      vertex 26.1393 34.1879 4.2
      vertex 26.1393 34.1879 5
    endloop
  endfacet
  facet normal -0.584766 -0.811202 0
    outer loop
      vertex 25.6284 34.7823 4.2
      vertex 25.9433 34.5553 5
      vertex 25.6284 34.7823 5
    endloop
  endfacet
  facet normal -0.584766 -0.811202 -0
    outer loop
      vertex 25.9433 34.5553 5
      vertex 25.6284 34.7823 4.2
      vertex 25.9433 34.5553 4.2
    endloop
  endfacet
  facet normal -0.176444 -0.984311 0
    outer loop
      vertex 25.2061 34.858 4.2
      vertex 25.6284 34.7823 5
      vertex 25.2061 34.858 5
    endloop
  endfacet
  facet normal -0.176444 -0.984311 -0
    outer loop
      vertex 25.6284 34.7823 5
      vertex 25.2061 34.858 4.2
      vertex 25.6284 34.7823 4.2
    endloop
  endfacet
  facet normal 0.17535 -0.984506 0
    outer loop
      vertex 24.9046 34.8043 4.2
      vertex 25.2061 34.858 5
      vertex 24.9046 34.8043 5
    endloop
  endfacet
  facet normal 0.17535 -0.984506 0
    outer loop
      vertex 25.2061 34.858 5
      vertex 24.9046 34.8043 4.2
      vertex 25.2061 34.858 4.2
    endloop
  endfacet
  facet normal 0.548947 -0.835857 0
    outer loop
      vertex 24.6593 34.6432 4.2
      vertex 24.9046 34.8043 5
      vertex 24.6593 34.6432 5
    endloop
  endfacet
  facet normal 0.548947 -0.835857 0
    outer loop
      vertex 24.9046 34.8043 5
      vertex 24.6593 34.6432 4.2
      vertex 24.9046 34.8043 4.2
    endloop
  endfacet
  facet normal 0.829565 -0.55841 0
    outer loop
      vertex 24.4859 34.3856 5
      vertex 24.6593 34.6432 4.2
      vertex 24.6593 34.6432 5
    endloop
  endfacet
  facet normal 0.829565 -0.55841 0
    outer loop
      vertex 24.6593 34.6432 4.2
      vertex 24.4859 34.3856 5
      vertex 24.4859 34.3856 4.2
    endloop
  endfacet
  facet normal 0.970375 -0.241604 0
    outer loop
      vertex 24.4005 34.0426 5
      vertex 24.4859 34.3856 4.2
      vertex 24.4859 34.3856 5
    endloop
  endfacet
  facet normal 0.970375 -0.241604 0
    outer loop
      vertex 24.4859 34.3856 4.2
      vertex 24.4005 34.0426 5
      vertex 24.4005 34.0426 4.2
    endloop
  endfacet
  facet normal 0 -1 0
    outer loop
      vertex 24.3908 34.0426 4.2
      vertex 24.4005 34.0426 5
      vertex 24.3908 34.0426 5
    endloop
  endfacet
  facet normal 0 -1 -0
    outer loop
      vertex 24.4005 34.0426 5
      vertex 24.3908 34.0426 4.2
      vertex 24.4005 34.0426 4.2
    endloop
  endfacet
  facet normal -0.945587 -0.32537 0
    outer loop
      vertex 24.3908 34.0426 4.2
      vertex 24.2842 34.3524 5
      vertex 24.2842 34.3524 4.2
    endloop
  endfacet
  facet normal -0.945587 -0.32537 0
    outer loop
      vertex 24.2842 34.3524 5
      vertex 24.3908 34.0426 4.2
      vertex 24.3908 34.0426 5
    endloop
  endfacet
  facet normal -0.794188 -0.607672 0
    outer loop
      vertex 24.2842 34.3524 4.2
      vertex 24.1112 34.5785 5
      vertex 24.1112 34.5785 4.2
    endloop
  endfacet
  facet normal -0.794188 -0.607672 0
    outer loop
      vertex 24.1112 34.5785 5
      vertex 24.2842 34.3524 4.2
      vertex 24.2842 34.3524 5
    endloop
  endfacet
  facet normal -0.503576 -0.863951 0
    outer loop
      vertex 23.8741 34.7167 4.2
      vertex 24.1112 34.5785 5
      vertex 23.8741 34.7167 5
    endloop
  endfacet
  facet normal -0.503576 -0.863951 -0
    outer loop
      vertex 24.1112 34.5785 5
      vertex 23.8741 34.7167 4.2
      vertex 24.1112 34.5785 4.2
    endloop
  endfacet
  facet normal -0.15253 -0.988299 0
    outer loop
      vertex 23.5754 34.7628 4.2
      vertex 23.8741 34.7167 5
      vertex 23.5754 34.7628 5
    endloop
  endfacet
  facet normal -0.15253 -0.988299 -0
    outer loop
      vertex 23.8741 34.7167 5
      vertex 23.5754 34.7628 4.2
      vertex 23.8741 34.7167 4.2
    endloop
  endfacet
  facet normal 0.184289 -0.982872 0
    outer loop
      vertex 23.193 34.6911 4.2
      vertex 23.5754 34.7628 5
      vertex 23.193 34.6911 5
    endloop
  endfacet
  facet normal 0.184289 -0.982872 0
    outer loop
      vertex 23.5754 34.7628 5
      vertex 23.193 34.6911 4.2
      vertex 23.5754 34.7628 4.2
    endloop
  endfacet
  facet normal 0.598797 -0.800901 0
    outer loop
      vertex 22.9053 34.476 4.2
      vertex 23.193 34.6911 5
      vertex 22.9053 34.476 5
    endloop
  endfacet
  facet normal 0.598797 -0.800901 0
    outer loop
      vertex 23.193 34.6911 5
      vertex 22.9053 34.476 4.2
      vertex 23.193 34.6911 4.2
    endloop
  endfacet
  facet normal 0.885942 -0.463796 0
    outer loop
      vertex 22.7249 34.1314 5
      vertex 22.9053 34.476 4.2
      vertex 22.9053 34.476 5
    endloop
  endfacet
  facet normal 0.885942 -0.463796 0
    outer loop
      vertex 22.9053 34.476 4.2
      vertex 22.7249 34.1314 5
      vertex 22.7249 34.1314 4.2
    endloop
  endfacet
  facet normal 0.991566 -0.129607 0
    outer loop
      vertex 22.6648 33.6716 5
      vertex 22.7249 34.1314 4.2
      vertex 22.7249 34.1314 5
    endloop
  endfacet
  facet normal 0.991566 -0.129607 0
    outer loop
      vertex 22.7249 34.1314 4.2
      vertex 22.6648 33.6716 5
      vertex 22.6648 33.6716 4.2
    endloop
  endfacet
  facet normal 0.990681 0.136201 0
    outer loop
      vertex 22.724 33.241 5
      vertex 22.6648 33.6716 4.2
      vertex 22.6648 33.6716 5
    endloop
  endfacet
  facet normal 0.990681 0.136201 0
    outer loop
      vertex 22.6648 33.6716 4.2
      vertex 22.724 33.241 5
      vertex 22.724 33.241 4.2
    endloop
  endfacet
  facet normal 0.888838 0.458222 0
    outer loop
      vertex 22.9016 32.8965 5
      vertex 22.724 33.241 4.2
      vertex 22.724 33.241 5
    endloop
  endfacet
  facet normal 0.888838 0.458222 0
    outer loop
      vertex 22.724 33.241 4.2
      vertex 22.9016 32.8965 5
      vertex 22.9016 32.8965 4.2
    endloop
  endfacet
  facet normal 0.644003 0.765023 -0
    outer loop
      vertex 23.1848 32.6581 4.2
      vertex 22.9016 32.8965 5
      vertex 23.1848 32.6581 5
    endloop
  endfacet
  facet normal 0.644003 0.765023 0
    outer loop
      vertex 22.9016 32.8965 5
      vertex 23.1848 32.6581 4.2
      vertex 22.9016 32.8965 4.2
    endloop
  endfacet
  facet normal 0.285312 0.958435 -0
    outer loop
      vertex 23.5607 32.5462 4.2
      vertex 23.1848 32.6581 5
      vertex 23.5607 32.5462 5
    endloop
  endfacet
  facet normal 0.285312 0.958435 0
    outer loop
      vertex 23.1848 32.6581 5
      vertex 23.5607 32.5462 4.2
      vertex 23.1848 32.6581 4.2
    endloop
  endfacet
  facet normal -0.997017 0.0771797 0
    outer loop
      vertex 23.5607 32.5462 4.2
      vertex 23.5949 32.988 5
      vertex 23.5949 32.988 4.2
    endloop
  endfacet
  facet normal -0.997017 0.0771797 0
    outer loop
      vertex 23.5949 32.988 5
      vertex 23.5607 32.5462 4.2
      vertex 23.5607 32.5462 5
    endloop
  endfacet
  facet normal -0.267995 -0.96342 0
    outer loop
      vertex 23.3544 33.0549 4.2
      vertex 23.5949 32.988 5
      vertex 23.3544 33.0549 5
    endloop
  endfacet
  facet normal -0.267995 -0.96342 -0
    outer loop
      vertex 23.5949 32.988 5
      vertex 23.3544 33.0549 4.2
      vertex 23.5949 32.988 4.2
    endloop
  endfacet
  facet normal -0.620098 -0.784524 0
    outer loop
      vertex 23.175 33.1967 4.2
      vertex 23.3544 33.0549 5
      vertex 23.175 33.1967 5
    endloop
  endfacet
  facet normal -0.620098 -0.784524 -0
    outer loop
      vertex 23.3544 33.0549 5
      vertex 23.175 33.1967 4.2
      vertex 23.3544 33.0549 4.2
    endloop
  endfacet
  facet normal -0.880239 -0.47453 0
    outer loop
      vertex 23.175 33.1967 4.2
      vertex 23.0633 33.4039 5
      vertex 23.0633 33.4039 4.2
    endloop
  endfacet
  facet normal -0.880239 -0.47453 0
    outer loop
      vertex 23.0633 33.4039 5
      vertex 23.175 33.1967 4.2
      vertex 23.175 33.1967 5
    endloop
  endfacet
  facet normal -0.99013 -0.140155 0
    outer loop
      vertex 23.0633 33.4039 4.2
      vertex 23.0261 33.6667 5
      vertex 23.0261 33.6667 4.2
    endloop
  endfacet
  facet normal -0.99013 -0.140155 0
    outer loop
      vertex 23.0261 33.6667 5
      vertex 23.0633 33.4039 4.2
      vertex 23.0633 33.4039 5
    endloop
  endfacet
  facet normal -0.990027 0.140878 0
    outer loop
      vertex 23.0261 33.6667 4.2
      vertex 23.066 33.9471 5
      vertex 23.066 33.9471 4.2
    endloop
  endfacet
  facet normal -0.990027 0.140878 0
    outer loop
      vertex 23.066 33.9471 5
      vertex 23.0261 33.6667 4.2
      vertex 23.0261 33.6667 5
    endloop
  endfacet
  facet normal -0.859404 0.511297 0
    outer loop
      vertex 23.066 33.9471 4.2
      vertex 23.186 34.1488 5
      vertex 23.186 34.1488 4.2
    endloop
  endfacet
  facet normal -0.859404 0.511297 0
    outer loop
      vertex 23.186 34.1488 5
      vertex 23.066 33.9471 4.2
      vertex 23.066 33.9471 5
    endloop
  endfacet
  facet normal -0.541904 0.84044 0
    outer loop
      vertex 23.3749 34.2706 4.2
      vertex 23.186 34.1488 5
      vertex 23.3749 34.2706 5
    endloop
  endfacet
  facet normal -0.541904 0.84044 0
    outer loop
      vertex 23.186 34.1488 5
      vertex 23.3749 34.2706 4.2
      vertex 23.186 34.1488 4.2
    endloop
  endfacet
  facet normal -0.16226 0.986748 0
    outer loop
      vertex 23.6218 34.3112 4.2
      vertex 23.3749 34.2706 5
      vertex 23.6218 34.3112 5
    endloop
  endfacet
  facet normal -0.16226 0.986748 0
    outer loop
      vertex 23.3749 34.2706 5
      vertex 23.6218 34.3112 4.2
      vertex 23.3749 34.2706 4.2
    endloop
  endfacet
  facet normal 0.196876 0.980428 -0
    outer loop
      vertex 23.8698 34.2614 4.2
      vertex 23.6218 34.3112 5
      vertex 23.8698 34.2614 5
    endloop
  endfacet
  facet normal 0.196876 0.980428 0
    outer loop
      vertex 23.6218 34.3112 5
      vertex 23.8698 34.2614 4.2
      vertex 23.6218 34.3112 4.2
    endloop
  endfacet
  facet normal 0.622251 0.782818 -0
    outer loop
      vertex 24.0575 34.1122 4.2
      vertex 23.8698 34.2614 5
      vertex 24.0575 34.1122 5
    endloop
  endfacet
  facet normal 0.622251 0.782818 0
    outer loop
      vertex 23.8698 34.2614 5
      vertex 24.0575 34.1122 4.2
      vertex 23.8698 34.2614 4.2
    endloop
  endfacet
  facet normal 0.896885 0.442264 0
    outer loop
      vertex 24.1756 33.8727 5
      vertex 24.0575 34.1122 4.2
      vertex 24.0575 34.1122 5
    endloop
  endfacet
  facet normal 0.896885 0.442264 0
    outer loop
      vertex 24.0575 34.1122 4.2
      vertex 24.1756 33.8727 5
      vertex 24.1756 33.8727 4.2
    endloop
  endfacet
  facet normal 0.992538 0.121939 0
    outer loop
      vertex 24.215 33.552 5
      vertex 24.1756 33.8727 4.2
      vertex 24.1756 33.8727 5
    endloop
  endfacet
  facet normal 0.992538 0.121939 0
    outer loop
      vertex 24.1756 33.8727 4.2
      vertex 24.215 33.552 5
      vertex 24.215 33.552 4.2
    endloop
  endfacet
  facet normal 1 -0 0
    outer loop
      vertex 24.215 33.3127 5
      vertex 24.215 33.552 4.2
      vertex 24.215 33.552 5
    endloop
  endfacet
  facet normal 1 0 0
    outer loop
      vertex 24.215 33.552 4.2
      vertex 24.215 33.3127 5
      vertex 24.215 33.3127 4.2
    endloop
  endfacet
  facet normal 0 1 -0
    outer loop
      vertex 24.5958 33.3127 4.2
      vertex 24.215 33.3127 5
      vertex 24.5958 33.3127 5
    endloop
  endfacet
  facet normal 0 1 0
    outer loop
      vertex 24.215 33.3127 5
      vertex 24.5958 33.3127 4.2
      vertex 24.215 33.3127 4.2
    endloop
  endfacet
  facet normal -1 0 0
    outer loop
      vertex 24.5958 33.3127 4.2
      vertex 24.5958 33.5617 5
      vertex 24.5958 33.5617 4.2
    endloop
  endfacet
  facet normal -1 -0 0
    outer loop
      vertex 24.5958 33.5617 5
      vertex 24.5958 33.3127 4.2
      vertex 24.5958 33.3127 5
    endloop
  endfacet
  facet normal -0.994058 0.108855 0
    outer loop
      vertex 24.5958 33.5617 4.2
      vertex 24.6352 33.9215 5
      vertex 24.6352 33.9215 4.2
    endloop
  endfacet
  facet normal -0.994058 0.108855 0
    outer loop
      vertex 24.6352 33.9215 5
      vertex 24.5958 33.5617 4.2
      vertex 24.5958 33.5617 5
    endloop
  endfacet
  facet normal -0.912825 0.408351 0
    outer loop
      vertex 24.6352 33.9215 4.2
      vertex 24.7533 34.1855 5
      vertex 24.7533 34.1855 4.2
    endloop
  endfacet
  facet normal -0.912825 0.408351 0
    outer loop
      vertex 24.7533 34.1855 5
      vertex 24.6352 33.9215 4.2
      vertex 24.6352 33.9215 5
    endloop
  endfacet
  facet normal -0.652382 0.75789 0
    outer loop
      vertex 24.9415 34.3475 4.2
      vertex 24.7533 34.1855 5
      vertex 24.9415 34.3475 5
    endloop
  endfacet
  facet normal -0.652382 0.75789 0
    outer loop
      vertex 24.7533 34.1855 5
      vertex 24.9415 34.3475 4.2
      vertex 24.7533 34.1855 4.2
    endloop
  endfacet
  facet normal -0.211212 0.97744 0
    outer loop
      vertex 25.1914 34.4015 4.2
      vertex 24.9415 34.3475 5
      vertex 25.1914 34.4015 5
    endloop
  endfacet
  facet normal -0.211212 0.97744 0
    outer loop
      vertex 24.9415 34.3475 5
      vertex 25.1914 34.4015 4.2
      vertex 24.9415 34.3475 4.2
    endloop
  endfacet
  facet normal 0.165078 0.986281 -0
    outer loop
      vertex 25.474 34.3542 4.2
      vertex 25.1914 34.4015 5
      vertex 25.474 34.3542 5
    endloop
  endfacet
  facet normal 0.165078 0.986281 0
    outer loop
      vertex 25.1914 34.4015 5
      vertex 25.474 34.3542 4.2
      vertex 25.1914 34.4015 4.2
    endloop
  endfacet
  facet normal 0.572352 0.820008 -0
    outer loop
      vertex 25.6773 34.2123 4.2
      vertex 25.474 34.3542 5
      vertex 25.6773 34.2123 5
    endloop
  endfacet
  facet normal 0.572352 0.820008 0
    outer loop
      vertex 25.474 34.3542 5
      vertex 25.6773 34.2123 4.2
      vertex 25.474 34.3542 4.2
    endloop
  endfacet
  facet normal 0.878015 0.478633 0
    outer loop
      vertex 25.7999 33.9874 5
      vertex 25.6773 34.2123 4.2
      vertex 25.6773 34.2123 5
    endloop
  endfacet
  facet normal 0.878015 0.478633 0
    outer loop
      vertex 25.6773 34.2123 4.2
      vertex 25.7999 33.9874 5
      vertex 25.7999 33.9874 4.2
    endloop
  endfacet
  facet normal 0.990607 0.136739 0
    outer loop
      vertex 25.8408 33.6911 5
      vertex 25.7999 33.9874 4.2
      vertex 25.7999 33.9874 5
    endloop
  endfacet
  facet normal 0.990607 0.136739 0
    outer loop
      vertex 25.7999 33.9874 4.2
      vertex 25.8408 33.6911 5
      vertex 25.8408 33.6911 4.2
    endloop
  endfacet
  facet normal 0.959256 -0.282537 0
    outer loop
      vertex 25.6882 33.173 5
      vertex 25.8408 33.6911 4.2
      vertex 25.8408 33.6911 5
    endloop
  endfacet
  facet normal 0.959256 -0.282537 0
    outer loop
      vertex 25.8408 33.6911 4.2
      vertex 25.6882 33.173 5
      vertex 25.6882 33.173 4.2
    endloop
  endfacet
  facet normal 0.451031 -0.892508 0
    outer loop
      vertex 25.2305 32.9417 4.2
      vertex 25.6882 33.173 5
      vertex 25.2305 32.9417 5
    endloop
  endfacet
  facet normal 0.451031 -0.892508 0
    outer loop
      vertex 25.6882 33.173 5
      vertex 25.2305 32.9417 4.2
      vertex 25.6882 33.173 4.2
    endloop
  endfacet
  facet normal 0.995852 0.0909904 0
    outer loop
      vertex 25.272 32.4875 5
      vertex 25.2305 32.9417 4.2
      vertex 25.2305 32.9417 5
    endloop
  endfacet
  facet normal 0.995852 0.0909904 0
    outer loop
      vertex 25.2305 32.9417 4.2
      vertex 25.272 32.4875 5
      vertex 25.272 32.4875 4.2
    endloop
  endfacet
  facet normal -0.288064 0.957611 0
    outer loop
      vertex 25.6769 32.6093 4.2
      vertex 25.272 32.4875 5
      vertex 25.6769 32.6093 5
    endloop
  endfacet
  facet normal -0.288064 0.957611 0
    outer loop
      vertex 25.272 32.4875 5
      vertex 25.6769 32.6093 4.2
      vertex 25.272 32.4875 4.2
    endloop
  endfacet
  facet normal -0.647368 0.762177 0
    outer loop
      vertex 25.969 32.8574 4.2
      vertex 25.6769 32.6093 5
      vertex 25.969 32.8574 5
    endloop
  endfacet
  facet normal -0.647368 0.762177 0
    outer loop
      vertex 25.6769 32.6093 5
      vertex 25.969 32.8574 4.2
      vertex 25.6769 32.6093 4.2
    endloop
  endfacet
  facet normal -0.899652 0.436607 0
    outer loop
      vertex 25.969 32.8574 4.2
      vertex 26.1457 33.2215 5
      vertex 26.1457 33.2215 4.2
    endloop
  endfacet
  facet normal -0.899652 0.436607 0
    outer loop
      vertex 26.1457 33.2215 5
      vertex 25.969 32.8574 4.2
      vertex 25.969 32.8574 5
    endloop
  endfacet
  facet normal -0.992226 0.124451 0
    outer loop
      vertex 26.1457 33.2215 4.2
      vertex 26.2046 33.6911 5
      vertex 26.2046 33.6911 4.2
    endloop
  endfacet
  facet normal -0.992226 0.124451 0
    outer loop
      vertex 26.2046 33.6911 5
      vertex 26.1457 33.2215 4.2
      vertex 26.1457 33.2215 5
    endloop
  endfacet
  facet normal -0.991472 -0.13032 0
    outer loop
      vertex 26.2046 33.6911 4.2
      vertex 26.1393 34.1879 5
      vertex 26.1393 34.1879 4.2
    endloop
  endfacet
  facet normal -0.991472 -0.13032 0
    outer loop
      vertex 26.1393 34.1879 5
      vertex 26.2046 33.6911 4.2
      vertex 26.2046 33.6911 5
    endloop
  endfacet
  facet normal -0.83012 -0.557585 0
    outer loop
      vertex 26.1258 31.4955 4.2
      vertex 25.8897 31.847 5
      vertex 25.8897 31.847 4.2
    endloop
  endfacet
  facet normal -0.83012 -0.557585 0
    outer loop
      vertex 25.8897 31.847 5
      vertex 26.1258 31.4955 4.2
      vertex 26.1258 31.4955 5
    endloop
  endfacet
  facet normal -0.511472 -0.8593 0
    outer loop
      vertex 25.5174 32.0686 4.2
      vertex 25.8897 31.847 5
      vertex 25.5174 32.0686 5
    endloop
  endfacet
  facet normal -0.511472 -0.8593 -0
    outer loop
      vertex 25.8897 31.847 5
      vertex 25.5174 32.0686 4.2
      vertex 25.8897 31.847 4.2
    endloop
  endfacet
  facet normal -0.149799 -0.988716 0
    outer loop
      vertex 25.0303 32.1424 4.2
      vertex 25.5174 32.0686 5
      vertex 25.0303 32.1424 5
    endloop
  endfacet
  facet normal -0.149799 -0.988716 -0
    outer loop
      vertex 25.5174 32.0686 5
      vertex 25.0303 32.1424 4.2
      vertex 25.5174 32.0686 4.2
    endloop
  endfacet
  facet normal 0.152962 -0.988232 0
    outer loop
      vertex 24.5787 32.0725 4.2
      vertex 25.0303 32.1424 5
      vertex 24.5787 32.0725 5
    endloop
  endfacet
  facet normal 0.152962 -0.988232 0
    outer loop
      vertex 25.0303 32.1424 5
      vertex 24.5787 32.0725 4.2
      vertex 25.0303 32.1424 4.2
    endloop
  endfacet
  facet normal 0.514749 -0.857341 0
    outer loop
      vertex 24.2296 31.8629 4.2
      vertex 24.5787 32.0725 5
      vertex 24.2296 31.8629 5
    endloop
  endfacet
  facet normal 0.514749 -0.857341 0
    outer loop
      vertex 24.5787 32.0725 5
      vertex 24.2296 31.8629 4.2
      vertex 24.5787 32.0725 4.2
    endloop
  endfacet
  facet normal 0.8271 -0.562055 0
    outer loop
      vertex 24.0063 31.5343 5
      vertex 24.2296 31.8629 4.2
      vertex 24.2296 31.8629 5
    endloop
  endfacet
  facet normal 0.8271 -0.562055 0
    outer loop
      vertex 24.2296 31.8629 4.2
      vertex 24.0063 31.5343 5
      vertex 24.0063 31.5343 4.2
    endloop
  endfacet
  facet normal 0.985112 -0.171916 0
    outer loop
      vertex 23.9318 31.1074 5
      vertex 24.0063 31.5343 4.2
      vertex 24.0063 31.5343 5
    endloop
  endfacet
  facet normal 0.985112 -0.171916 0
    outer loop
      vertex 24.0063 31.5343 4.2
      vertex 23.9318 31.1074 5
      vertex 23.9318 31.1074 4.2
    endloop
  endfacet
  facet normal 0.994061 0.108825 0
    outer loop
      vertex 23.9608 30.8425 5
      vertex 23.9318 31.1074 4.2
      vertex 23.9318 31.1074 5
    endloop
  endfacet
  facet normal 0.994061 0.108825 0
    outer loop
      vertex 23.9318 31.1074 4.2
      vertex 23.9608 30.8425 5
      vertex 23.9608 30.8425 4.2
    endloop
  endfacet
  facet normal 0.937054 0.349185 0
    outer loop
      vertex 24.0477 30.6093 5
      vertex 23.9608 30.8425 4.2
      vertex 23.9608 30.8425 5
    endloop
  endfacet
  facet normal 0.937054 0.349185 0
    outer loop
      vertex 23.9608 30.8425 4.2
      vertex 24.0477 30.6093 5
      vertex 24.0477 30.6093 4.2
    endloop
  endfacet
  facet normal 0.804185 0.594379 0
    outer loop
      vertex 24.1902 30.4165 5
      vertex 24.0477 30.6093 4.2
      vertex 24.0477 30.6093 5
    endloop
  endfacet
  facet normal 0.804185 0.594379 0
    outer loop
      vertex 24.0477 30.6093 4.2
      vertex 24.1902 30.4165 5
      vertex 24.1902 30.4165 4.2
    endloop
  endfacet
  facet normal 0.592665 0.805449 -0
    outer loop
      vertex 24.3859 30.2725 4.2
      vertex 24.1902 30.4165 5
      vertex 24.3859 30.2725 5
    endloop
  endfacet
  facet normal 0.592665 0.805449 0
    outer loop
      vertex 24.1902 30.4165 5
      vertex 24.3859 30.2725 4.2
      vertex 24.1902 30.4165 4.2
    endloop
  endfacet
  facet normal -0.0876059 -0.996155 0
    outer loop
      vertex 23.8003 30.324 4.2
      vertex 24.3859 30.2725 5
      vertex 23.8003 30.324 5
    endloop
  endfacet
  facet normal -0.0876059 -0.996155 -0
    outer loop
      vertex 24.3859 30.2725 5
      vertex 23.8003 30.324 4.2
      vertex 24.3859 30.2725 4.2
    endloop
  endfacet
  facet normal -0.339364 -0.940655 0
    outer loop
      vertex 23.3715 30.4787 4.2
      vertex 23.8003 30.324 5
      vertex 23.3715 30.4787 5
    endloop
  endfacet
  facet normal -0.339364 -0.940655 -0
    outer loop
      vertex 23.8003 30.324 5
      vertex 23.3715 30.4787 4.2
      vertex 23.8003 30.324 4.2
    endloop
  endfacet
  facet normal -0.687492 -0.726192 0
    outer loop
      vertex 23.1088 30.7274 4.2
      vertex 23.3715 30.4787 5
      vertex 23.1088 30.7274 5
    endloop
  endfacet
  facet normal -0.687492 -0.726192 -0
    outer loop
      vertex 23.3715 30.4787 5
      vertex 23.1088 30.7274 4.2
      vertex 23.3715 30.4787 4.2
    endloop
  endfacet
  facet normal -0.96721 -0.253979 0
    outer loop
      vertex 23.1088 30.7274 4.2
      vertex 23.0212 31.061 5
      vertex 23.0212 31.061 4.2
    endloop
  endfacet
  facet normal -0.96721 -0.253979 0
    outer loop
      vertex 23.0212 31.061 5
      vertex 23.1088 30.7274 4.2
      vertex 23.1088 30.7274 5
    endloop
  endfacet
  facet normal -0.960021 0.279928 0
    outer loop
      vertex 23.0212 31.061 4.2
      vertex 23.1262 31.4211 5
      vertex 23.1262 31.4211 4.2
    endloop
  endfacet
  facet normal -0.960021 0.279928 0
    outer loop
      vertex 23.1262 31.4211 5
      vertex 23.0212 31.061 4.2
      vertex 23.0212 31.061 5
    endloop
  endfacet
  facet normal -0.548001 0.836478 0
    outer loop
      vertex 23.4411 31.6274 4.2
      vertex 23.1262 31.4211 5
      vertex 23.4411 31.6274 5
    endloop
  endfacet
  facet normal -0.548001 0.836478 0
    outer loop
      vertex 23.1262 31.4211 5
      vertex 23.4411 31.6274 4.2
      vertex 23.1262 31.4211 4.2
    endloop
  endfacet
  facet normal -0.984128 -0.177462 0
    outer loop
      vertex 23.4411 31.6274 4.2
      vertex 23.3654 32.0472 5
      vertex 23.3654 32.0472 4.2
    endloop
  endfacet
  facet normal -0.984128 -0.177462 0
    outer loop
      vertex 23.3654 32.0472 5
      vertex 23.4411 31.6274 4.2
      vertex 23.4411 31.6274 5
    endloop
  endfacet
  facet normal 0.550588 -0.834777 0
    outer loop
      vertex 22.8399 31.7006 4.2
      vertex 23.3654 32.0472 5
      vertex 22.8399 31.7006 5
    endloop
  endfacet
  facet normal 0.550588 -0.834777 0
    outer loop
      vertex 23.3654 32.0472 5
      vertex 22.8399 31.7006 4.2
      vertex 23.3654 32.0472 4.2
    endloop
  endfacet
  facet normal 0.963989 -0.265944 0
    outer loop
      vertex 22.6648 31.0659 5
      vertex 22.8399 31.7006 4.2
      vertex 22.8399 31.7006 5
    endloop
  endfacet
  facet normal 0.963989 -0.265944 0
    outer loop
      vertex 22.8399 31.7006 4.2
      vertex 22.6648 31.0659 5
      vertex 22.6648 31.0659 4.2
    endloop
  endfacet
  facet normal 0.974845 0.222886 0
    outer loop
      vertex 22.7844 30.5428 5
      vertex 22.6648 31.0659 4.2
      vertex 22.6648 31.0659 5
    endloop
  endfacet
  facet normal 0.974845 0.222886 0
    outer loop
      vertex 22.6648 31.0659 4.2
      vertex 22.7844 30.5428 5
      vertex 22.7844 30.5428 4.2
    endloop
  endfacet
  facet normal 0.733663 0.679514 0
    outer loop
      vertex 23.1433 30.1553 5
      vertex 22.7844 30.5428 4.2
      vertex 22.7844 30.5428 5
    endloop
  endfacet
  facet normal 0.733663 0.679514 0
    outer loop
      vertex 22.7844 30.5428 4.2
      vertex 23.1433 30.1553 5
      vertex 23.1433 30.1553 4.2
    endloop
  endfacet
  facet normal 0.380981 0.924583 -0
    outer loop
      vertex 23.7255 29.9154 4.2
      vertex 23.1433 30.1553 5
      vertex 23.7255 29.9154 5
    endloop
  endfacet
  facet normal 0.380981 0.924583 0
    outer loop
      vertex 23.1433 30.1553 5
      vertex 23.7255 29.9154 4.2
      vertex 23.1433 30.1553 4.2
    endloop
  endfacet
  facet normal 0.100664 0.994921 -0
    outer loop
      vertex 24.5152 29.8355 4.2
      vertex 23.7255 29.9154 5
      vertex 24.5152 29.8355 5
    endloop
  endfacet
  facet normal 0.100664 0.994921 0
    outer loop
      vertex 23.7255 29.9154 5
      vertex 24.5152 29.8355 4.2
      vertex 23.7255 29.9154 4.2
    endloop
  endfacet
  facet normal -0.105205 0.994451 0
    outer loop
      vertex 25.2421 29.9124 4.2
      vertex 24.5152 29.8355 5
      vertex 25.2421 29.9124 5
    endloop
  endfacet
  facet normal -0.105205 0.994451 0
    outer loop
      vertex 24.5152 29.8355 5
      vertex 25.2421 29.9124 4.2
      vertex 24.5152 29.8355 4.2
    endloop
  endfacet
  facet normal -0.398859 0.917012 0
    outer loop
      vertex 25.7725 30.1431 4.2
      vertex 25.2421 29.9124 5
      vertex 25.7725 30.1431 5
    endloop
  endfacet
  facet normal -0.398859 0.917012 0
    outer loop
      vertex 25.2421 29.9124 5
      vertex 25.7725 30.1431 4.2
      vertex 25.2421 29.9124 4.2
    endloop
  endfacet
  facet normal -0.757462 0.65288 0
    outer loop
      vertex 25.7725 30.1431 4.2
      vertex 26.0965 30.519 5
      vertex 26.0965 30.519 4.2
    endloop
  endfacet
  facet normal -0.757462 0.65288 0
    outer loop
      vertex 26.0965 30.519 5
      vertex 25.7725 30.1431 4.2
      vertex 25.7725 30.1431 5
    endloop
  endfacet
  facet normal -0.978487 0.206309 0
    outer loop
      vertex 26.0965 30.519 4.2
      vertex 26.2046 31.0317 5
      vertex 26.2046 31.0317 4.2
    endloop
  endfacet
  facet normal -0.978487 0.206309 0
    outer loop
      vertex 26.2046 31.0317 5
      vertex 26.0965 30.519 4.2
      vertex 26.0965 30.519 5
    endloop
  endfacet
  facet normal -0.985872 -0.1675 0
    outer loop
      vertex 26.2046 31.0317 4.2
      vertex 26.1258 31.4955 5
      vertex 26.1258 31.4955 4.2
    endloop
  endfacet
  facet normal -0.985872 -0.1675 0
    outer loop
      vertex 26.1258 31.4955 5
      vertex 26.2046 31.0317 4.2
      vertex 26.2046 31.0317 5
    endloop
  endfacet
  facet normal 0.762367 -0.647145 0
    outer loop
      vertex 25.5967 30.5129 5
      vertex 25.7871 30.7372 4.2
      vertex 25.7871 30.7372 5
    endloop
  endfacet
  facet normal 0.762367 -0.647145 0
    outer loop
      vertex 25.7871 30.7372 4.2
      vertex 25.5967 30.5129 5
      vertex 25.5967 30.5129 4.2
    endloop
  endfacet
  facet normal 0.45323 -0.891394 0
    outer loop
      vertex 25.3068 30.3655 4.2
      vertex 25.5967 30.5129 5
      vertex 25.3068 30.3655 5
    endloop
  endfacet
  facet normal 0.45323 -0.891394 0
    outer loop
      vertex 25.5967 30.5129 5
      vertex 25.3068 30.3655 4.2
      vertex 25.5967 30.5129 4.2
    endloop
  endfacet
  facet normal 0.134441 -0.990922 0
    outer loop
      vertex 24.9449 30.3164 4.2
      vertex 25.3068 30.3655 5
      vertex 24.9449 30.3164 5
    endloop
  endfacet
  facet normal 0.134441 -0.990922 0
    outer loop
      vertex 25.3068 30.3655 5
      vertex 24.9449 30.3164 4.2
      vertex 25.3068 30.3655 4.2
    endloop
  endfacet
  facet normal -0.165935 -0.986137 0
    outer loop
      vertex 24.6638 30.3637 4.2
      vertex 24.9449 30.3164 5
      vertex 24.6638 30.3637 5
    endloop
  endfacet
  facet normal -0.165935 -0.986137 -0
    outer loop
      vertex 24.9449 30.3164 5
      vertex 24.6638 30.3637 4.2
      vertex 24.9449 30.3164 4.2
    endloop
  endfacet
  facet normal -0.553889 -0.83259 0
    outer loop
      vertex 24.4505 30.5056 4.2
      vertex 24.6638 30.3637 5
      vertex 24.4505 30.5056 5
    endloop
  endfacet
  facet normal -0.553889 -0.83259 -0
    outer loop
      vertex 24.6638 30.3637 5
      vertex 24.4505 30.5056 4.2
      vertex 24.6638 30.3637 4.2
    endloop
  endfacet
  facet normal -0.851912 -0.523685 0
    outer loop
      vertex 24.4505 30.5056 4.2
      vertex 24.316 30.7244 5
      vertex 24.316 30.7244 4.2
    endloop
  endfacet
  facet normal -0.851912 -0.523685 0
    outer loop
      vertex 24.316 30.7244 5
      vertex 24.4505 30.5056 4.2
      vertex 24.4505 30.5056 5
    endloop
  endfacet
  facet normal -0.987207 -0.159445 0
    outer loop
      vertex 24.316 30.7244 4.2
      vertex 24.2711 31.0024 5
      vertex 24.2711 31.0024 4.2
    endloop
  endfacet
  facet normal -0.987207 -0.159445 0
    outer loop
      vertex 24.2711 31.0024 5
      vertex 24.316 30.7244 4.2
      vertex 24.316 30.7244 5
    endloop
  endfacet
  facet normal -0.985169 0.171584 0
    outer loop
      vertex 24.2711 31.0024 4.2
      vertex 24.3218 31.2935 5
      vertex 24.3218 31.2935 4.2
    endloop
  endfacet
  facet normal -0.985169 0.171584 0
    outer loop
      vertex 24.3218 31.2935 5
      vertex 24.2711 31.0024 4.2
      vertex 24.2711 31.0024 5
    endloop
  endfacet
  facet normal -0.821638 0.570009 0
    outer loop
      vertex 24.3218 31.2935 4.2
      vertex 24.4738 31.5126 5
      vertex 24.4738 31.5126 4.2
    endloop
  endfacet
  facet normal -0.821638 0.570009 0
    outer loop
      vertex 24.4738 31.5126 5
      vertex 24.3218 31.2935 4.2
      vertex 24.3218 31.2935 5
    endloop
  endfacet
  facet normal -0.488419 0.872609 0
    outer loop
      vertex 24.7191 31.6499 4.2
      vertex 24.4738 31.5126 5
      vertex 24.7191 31.6499 5
    endloop
  endfacet
  facet normal -0.488419 0.872609 0
    outer loop
      vertex 24.4738 31.5126 5
      vertex 24.7191 31.6499 4.2
      vertex 24.4738 31.5126 4.2
    endloop
  endfacet
  facet normal -0.137144 0.990551 0
    outer loop
      vertex 25.0499 31.6957 4.2
      vertex 24.7191 31.6499 5
      vertex 25.0499 31.6957 5
    endloop
  endfacet
  facet normal -0.137144 0.990551 0
    outer loop
      vertex 24.7191 31.6499 5
      vertex 25.0499 31.6957 4.2
      vertex 24.7191 31.6499 4.2
    endloop
  endfacet
  facet normal 0.134013 0.99098 -0
    outer loop
      vertex 25.3834 31.6506 4.2
      vertex 25.0499 31.6957 5
      vertex 25.3834 31.6506 5
    endloop
  endfacet
  facet normal 0.134013 0.99098 0
    outer loop
      vertex 25.0499 31.6957 5
      vertex 25.3834 31.6506 4.2
      vertex 25.0499 31.6957 4.2
    endloop
  endfacet
  facet normal 0.471526 0.881852 -0
    outer loop
      vertex 25.637 31.515 4.2
      vertex 25.3834 31.6506 5
      vertex 25.637 31.515 5
    endloop
  endfacet
  facet normal 0.471526 0.881852 0
    outer loop
      vertex 25.3834 31.6506 5
      vertex 25.637 31.515 4.2
      vertex 25.3834 31.6506 4.2
    endloop
  endfacet
  facet normal 0.801609 0.597848 0
    outer loop
      vertex 25.7972 31.3002 5
      vertex 25.637 31.515 4.2
      vertex 25.637 31.515 5
    endloop
  endfacet
  facet normal 0.801609 0.597848 0
    outer loop
      vertex 25.637 31.515 4.2
      vertex 25.7972 31.3002 5
      vertex 25.7972 31.3002 4.2
    endloop
  endfacet
  facet normal 0.982671 0.185357 0
    outer loop
      vertex 25.8506 31.0171 5
      vertex 25.7972 31.3002 4.2
      vertex 25.7972 31.3002 5
    endloop
  endfacet
  facet normal 0.982671 0.185357 0
    outer loop
      vertex 25.7972 31.3002 4.2
      vertex 25.8506 31.0171 5
      vertex 25.8506 31.0171 4.2
    endloop
  endfacet
  facet normal 0.975218 -0.221245 0
    outer loop
      vertex 25.7871 30.7372 5
      vertex 25.8506 31.0171 4.2
      vertex 25.8506 31.0171 5
    endloop
  endfacet
  facet normal 0.975218 -0.221245 0
    outer loop
      vertex 25.8506 31.0171 4.2
      vertex 25.7871 30.7372 5
      vertex 25.7871 30.7372 4.2
    endloop
  endfacet
  facet normal -1 0 0
    outer loop
      vertex 25.377 14.3588 4.2
      vertex 25.377 14.8422 5
      vertex 25.377 14.8422 4.2
    endloop
  endfacet
  facet normal -1 -0 0
    outer loop
      vertex 25.377 14.8422 5
      vertex 25.377 14.3588 4.2
      vertex 25.377 14.3588 5
    endloop
  endfacet
  facet normal 0 -1 0
    outer loop
      vertex 25.0303 14.8422 4.2
      vertex 25.377 14.8422 5
      vertex 25.0303 14.8422 5
    endloop
  endfacet
  facet normal 0 -1 -0
    outer loop
      vertex 25.377 14.8422 5
      vertex 25.0303 14.8422 4.2
      vertex 25.377 14.8422 4.2
    endloop
  endfacet
  facet normal 1 -0 0
    outer loop
      vertex 25.0303 14.3588 5
      vertex 25.0303 14.8422 4.2
      vertex 25.0303 14.8422 5
    endloop
  endfacet
  facet normal 1 0 0
    outer loop
      vertex 25.0303 14.8422 4.2
      vertex 25.0303 14.3588 5
      vertex 25.0303 14.3588 4.2
    endloop
  endfacet
  facet normal 0 -1 0
    outer loop
      vertex 22.716 14.3588 4.2
      vertex 25.0303 14.3588 5
      vertex 22.716 14.3588 5
    endloop
  endfacet
  facet normal 0 -1 -0
    outer loop
      vertex 25.0303 14.3588 5
      vertex 22.716 14.3588 4.2
      vertex 25.0303 14.3588 4.2
    endloop
  endfacet
  facet normal 1 -0 0
    outer loop
      vertex 22.716 13.8974 5
      vertex 22.716 14.3588 4.2
      vertex 22.716 14.3588 5
    endloop
  endfacet
  facet normal 1 0 0
    outer loop
      vertex 22.716 14.3588 4.2
      vertex 22.716 13.8974 5
      vertex 22.716 13.8974 4.2
    endloop
  endfacet
  facet normal 0.561711 0.827334 -0
    outer loop
      vertex 25.0352 12.3228 4.2
      vertex 22.716 13.8974 5
      vertex 25.0352 12.3228 5
    endloop
  endfacet
  facet normal 0.561711 0.827334 0
    outer loop
      vertex 22.716 13.8974 5
      vertex 25.0352 12.3228 4.2
      vertex 22.716 13.8974 4.2
    endloop
  endfacet
  facet normal 0 1 -0
    outer loop
      vertex 25.377 12.3228 4.2
      vertex 25.0352 12.3228 5
      vertex 25.377 12.3228 5
    endloop
  endfacet
  facet normal 0 1 0
    outer loop
      vertex 25.0352 12.3228 5
      vertex 25.377 12.3228 4.2
      vertex 25.0352 12.3228 4.2
    endloop
  endfacet
  facet normal -1 0 0
    outer loop
      vertex 25.377 12.3228 4.2
      vertex 25.377 13.9438 5
      vertex 25.377 13.9438 4.2
    endloop
  endfacet
  facet normal -1 -0 0
    outer loop
      vertex 25.377 13.9438 5
      vertex 25.377 12.3228 4.2
      vertex 25.377 12.3228 5
    endloop
  endfacet
  facet normal 0 1 -0
    outer loop
      vertex 26.1557 13.9438 4.2
      vertex 25.377 13.9438 5
      vertex 26.1557 13.9438 5
    endloop
  endfacet
  facet normal 0 1 0
    outer loop
      vertex 25.377 13.9438 5
      vertex 26.1557 13.9438 4.2
      vertex 25.377 13.9438 4.2
    endloop
  endfacet
  facet normal -1 0 0
    outer loop
      vertex 26.1557 13.9438 4.2
      vertex 26.1557 14.3588 5
      vertex 26.1557 14.3588 4.2
    endloop
  endfacet
  facet normal -1 -0 0
    outer loop
      vertex 26.1557 14.3588 5
      vertex 26.1557 13.9438 4.2
      vertex 26.1557 13.9438 5
    endloop
  endfacet
  facet normal 0 -1 0
    outer loop
      vertex 25.377 14.3588 4.2
      vertex 26.1557 14.3588 5
      vertex 25.377 14.3588 5
    endloop
  endfacet
  facet normal 0 -1 -0
    outer loop
      vertex 26.1557 14.3588 5
      vertex 25.377 14.3588 4.2
      vertex 26.1557 14.3588 4.2
    endloop
  endfacet
  facet normal -0.62528 -0.780401 0
    outer loop
      vertex 24.9815 12.7671 4.2
      vertex 25.0303 12.728 5
      vertex 24.9815 12.7671 5
    endloop
  endfacet
  facet normal -0.62528 -0.780401 -0
    outer loop
      vertex 25.0303 12.728 5
      vertex 24.9815 12.7671 4.2
      vertex 25.0303 12.728 4.2
    endloop
  endfacet
  facet normal -0.589501 -0.807768 0
    outer loop
      vertex 24.8009 12.8989 4.2
      vertex 24.9815 12.7671 5
      vertex 24.8009 12.8989 5
    endloop
  endfacet
  facet normal -0.589501 -0.807768 -0
    outer loop
      vertex 24.9815 12.7671 5
      vertex 24.8009 12.8989 4.2
      vertex 24.9815 12.7671 4.2
    endloop
  endfacet
  facet normal -0.561489 -0.827484 0
    outer loop
      vertex 23.5021 13.7802 4.2
      vertex 24.8009 12.8989 5
      vertex 23.5021 13.7802 5
    endloop
  endfacet
  facet normal -0.561489 -0.827484 -0
    outer loop
      vertex 24.8009 12.8989 5
      vertex 23.5021 13.7802 4.2
      vertex 24.8009 12.8989 4.2
    endloop
  endfacet
  facet normal -0.530119 -0.847923 0
    outer loop
      vertex 23.4386 13.8199 4.2
      vertex 23.5021 13.7802 5
      vertex 23.4386 13.8199 5
    endloop
  endfacet
  facet normal -0.530119 -0.847923 -0
    outer loop
      vertex 23.5021 13.7802 5
      vertex 23.4386 13.8199 4.2
      vertex 23.5021 13.7802 4.2
    endloop
  endfacet
  facet normal -0.494315 -0.869283 0
    outer loop
      vertex 23.341 13.8754 4.2
      vertex 23.4386 13.8199 5
      vertex 23.341 13.8754 5
    endloop
  endfacet
  facet normal -0.494315 -0.869283 -0
    outer loop
      vertex 23.4386 13.8199 5
      vertex 23.341 13.8754 4.2
      vertex 23.4386 13.8199 4.2
    endloop
  endfacet
  facet normal -0.477891 -0.878419 0
    outer loop
      vertex 23.2513 13.9242 4.2
      vertex 23.341 13.8754 5
      vertex 23.2513 13.9242 5
    endloop
  endfacet
  facet normal -0.477891 -0.878419 -0
    outer loop
      vertex 23.341 13.8754 5
      vertex 23.2513 13.9242 4.2
      vertex 23.341 13.8754 4.2
    endloop
  endfacet
  facet normal -0.442691 -0.896674 0
    outer loop
      vertex 23.2116 13.9438 4.2
      vertex 23.2513 13.9242 5
      vertex 23.2116 13.9438 5
    endloop
  endfacet
  facet normal -0.442691 -0.896674 -0
    outer loop
      vertex 23.2513 13.9242 5
      vertex 23.2116 13.9438 4.2
      vertex 23.2513 13.9242 4.2
    endloop
  endfacet
  facet normal 0 1 -0
    outer loop
      vertex 25.0303 13.9438 4.2
      vertex 23.2116 13.9438 5
      vertex 25.0303 13.9438 5
    endloop
  endfacet
  facet normal 0 1 0
    outer loop
      vertex 23.2116 13.9438 5
      vertex 25.0303 13.9438 4.2
      vertex 23.2116 13.9438 4.2
    endloop
  endfacet
  facet normal 1 -0 0
    outer loop
      vertex 25.0303 12.728 5
      vertex 25.0303 13.9438 4.2
      vertex 25.0303 13.9438 5
    endloop
  endfacet
  facet normal 1 0 0
    outer loop
      vertex 25.0303 13.9438 4.2
      vertex 25.0303 12.728 5
      vertex 25.0303 12.728 4.2
    endloop
  endfacet
  facet normal -1 0 0
    outer loop
      vertex 25.377 17.0744 4.2
      vertex 25.377 17.5577 5
      vertex 25.377 17.5577 4.2
    endloop
  endfacet
  facet normal -1 -0 0
    outer loop
      vertex 25.377 17.5577 5
      vertex 25.377 17.0744 4.2
      vertex 25.377 17.0744 5
    endloop
  endfacet
  facet normal 0 -1 0
    outer loop
      vertex 25.0303 17.5577 4.2
      vertex 25.377 17.5577 5
      vertex 25.0303 17.5577 5
    endloop
  endfacet
  facet normal 0 -1 -0
    outer loop
      vertex 25.377 17.5577 5
      vertex 25.0303 17.5577 4.2
      vertex 25.377 17.5577 4.2
    endloop
  endfacet
  facet normal 1 -0 0
    outer loop
      vertex 25.0303 17.0744 5
      vertex 25.0303 17.5577 4.2
      vertex 25.0303 17.5577 5
    endloop
  endfacet
  facet normal 1 0 0
    outer loop
      vertex 25.0303 17.5577 4.2
      vertex 25.0303 17.0744 5
      vertex 25.0303 17.0744 4.2
    endloop
  endfacet
  facet normal 0 -1 0
    outer loop
      vertex 22.716 17.0744 4.2
      vertex 25.0303 17.0744 5
      vertex 22.716 17.0744 5
    endloop
  endfacet
  facet normal 0 -1 -0
    outer loop
      vertex 25.0303 17.0744 5
      vertex 22.716 17.0744 4.2
      vertex 25.0303 17.0744 4.2
    endloop
  endfacet
  facet normal 1 -0 0
    outer loop
      vertex 22.716 16.6129 5
      vertex 22.716 17.0744 4.2
      vertex 22.716 17.0744 5
    endloop
  endfacet
  facet normal 1 0 0
    outer loop
      vertex 22.716 17.0744 4.2
      vertex 22.716 16.6129 5
      vertex 22.716 16.6129 4.2
    endloop
  endfacet
  facet normal 0.561711 0.827334 -0
    outer loop
      vertex 25.0352 15.0383 4.2
      vertex 22.716 16.6129 5
      vertex 25.0352 15.0383 5
    endloop
  endfacet
  facet normal 0.561711 0.827334 0
    outer loop
      vertex 22.716 16.6129 5
      vertex 25.0352 15.0383 4.2
      vertex 22.716 16.6129 4.2
    endloop
  endfacet
  facet normal 0 1 -0
    outer loop
      vertex 25.377 15.0383 4.2
      vertex 25.0352 15.0383 5
      vertex 25.377 15.0383 5
    endloop
  endfacet
  facet normal 0 1 0
    outer loop
      vertex 25.0352 15.0383 5
      vertex 25.377 15.0383 4.2
      vertex 25.0352 15.0383 4.2
    endloop
  endfacet
  facet normal -1 0 0
    outer loop
      vertex 25.377 15.0383 4.2
      vertex 25.377 16.6593 5
      vertex 25.377 16.6593 4.2
    endloop
  endfacet
  facet normal -1 -0 0
    outer loop
      vertex 25.377 16.6593 5
      vertex 25.377 15.0383 4.2
      vertex 25.377 15.0383 5
    endloop
  endfacet
  facet normal 0 1 -0
    outer loop
      vertex 26.1557 16.6593 4.2
      vertex 25.377 16.6593 5
      vertex 26.1557 16.6593 5
    endloop
  endfacet
  facet normal 0 1 0
    outer loop
      vertex 25.377 16.6593 5
      vertex 26.1557 16.6593 4.2
      vertex 25.377 16.6593 4.2
    endloop
  endfacet
  facet normal -1 0 0
    outer loop
      vertex 26.1557 16.6593 4.2
      vertex 26.1557 17.0744 5
      vertex 26.1557 17.0744 4.2
    endloop
  endfacet
  facet normal -1 -0 0
    outer loop
      vertex 26.1557 17.0744 5
      vertex 26.1557 16.6593 4.2
      vertex 26.1557 16.6593 5
    endloop
  endfacet
  facet normal 0 -1 0
    outer loop
      vertex 25.377 17.0744 4.2
      vertex 26.1557 17.0744 5
      vertex 25.377 17.0744 5
    endloop
  endfacet
  facet normal 0 -1 -0
    outer loop
      vertex 26.1557 17.0744 5
      vertex 25.377 17.0744 4.2
      vertex 26.1557 17.0744 4.2
    endloop
  endfacet
  facet normal -0.62528 -0.780401 0
    outer loop
      vertex 24.9815 15.4827 4.2
      vertex 25.0303 15.4436 5
      vertex 24.9815 15.4827 5
    endloop
  endfacet
  facet normal -0.62528 -0.780401 -0
    outer loop
      vertex 25.0303 15.4436 5
      vertex 24.9815 15.4827 4.2
      vertex 25.0303 15.4436 4.2
    endloop
  endfacet
  facet normal -0.589501 -0.807768 0
    outer loop
      vertex 24.8009 15.6145 4.2
      vertex 24.9815 15.4827 5
      vertex 24.8009 15.6145 5
    endloop
  endfacet
  facet normal -0.589501 -0.807768 -0
    outer loop
      vertex 24.9815 15.4827 5
      vertex 24.8009 15.6145 4.2
      vertex 24.9815 15.4827 4.2
    endloop
  endfacet
  facet normal -0.561489 -0.827484 0
    outer loop
      vertex 23.5021 16.4958 4.2
      vertex 24.8009 15.6145 5
      vertex 23.5021 16.4958 5
    endloop
  endfacet
  facet normal -0.561489 -0.827484 -0
    outer loop
      vertex 24.8009 15.6145 5
      vertex 23.5021 16.4958 4.2
      vertex 24.8009 15.6145 4.2
    endloop
  endfacet
  facet normal -0.529158 -0.848523 0
    outer loop
      vertex 23.4386 16.5354 4.2
      vertex 23.5021 16.4958 5
      vertex 23.4386 16.5354 5
    endloop
  endfacet
  facet normal -0.529158 -0.848523 -0
    outer loop
      vertex 23.5021 16.4958 5
      vertex 23.4386 16.5354 4.2
      vertex 23.5021 16.4958 4.2
    endloop
  endfacet
  facet normal -0.494988 -0.8689 0
    outer loop
      vertex 23.341 16.591 4.2
      vertex 23.4386 16.5354 5
      vertex 23.341 16.591 5
    endloop
  endfacet
  facet normal -0.494988 -0.8689 -0
    outer loop
      vertex 23.4386 16.5354 5
      vertex 23.341 16.591 4.2
      vertex 23.4386 16.5354 4.2
    endloop
  endfacet
  facet normal -0.477891 -0.878419 0
    outer loop
      vertex 23.2513 16.6398 4.2
      vertex 23.341 16.591 5
      vertex 23.2513 16.6398 5
    endloop
  endfacet
  facet normal -0.477891 -0.878419 -0
    outer loop
      vertex 23.341 16.591 5
      vertex 23.2513 16.6398 4.2
      vertex 23.341 16.591 4.2
    endloop
  endfacet
  facet normal -0.440872 -0.89757 0
    outer loop
      vertex 23.2116 16.6593 4.2
      vertex 23.2513 16.6398 5
      vertex 23.2116 16.6593 5
    endloop
  endfacet
  facet normal -0.440872 -0.89757 -0
    outer loop
      vertex 23.2513 16.6398 5
      vertex 23.2116 16.6593 4.2
      vertex 23.2513 16.6398 4.2
    endloop
  endfacet
  facet normal 0 1 -0
    outer loop
      vertex 25.0303 16.6593 4.2
      vertex 23.2116 16.6593 5
      vertex 25.0303 16.6593 5
    endloop
  endfacet
  facet normal 0 1 0
    outer loop
      vertex 23.2116 16.6593 5
      vertex 25.0303 16.6593 4.2
      vertex 23.2116 16.6593 4.2
    endloop
  endfacet
  facet normal 1 -0 0
    outer loop
      vertex 25.0303 15.4436 5
      vertex 25.0303 16.6593 4.2
      vertex 25.0303 16.6593 5
    endloop
  endfacet
  facet normal 1 0 0
    outer loop
      vertex 25.0303 16.6593 4.2
      vertex 25.0303 15.4436 5
      vertex 25.0303 15.4436 4.2
    endloop
  endfacet
  facet normal -0.854844 -0.518886 0
    outer loop
      vertex 26.1264 38.2305 4.2
      vertex 25.8921 38.6165 5
      vertex 25.8921 38.6165 4.2
    endloop
  endfacet
  facet normal -0.854844 -0.518886 0
    outer loop
      vertex 25.8921 38.6165 5
      vertex 26.1264 38.2305 4.2
      vertex 26.1264 38.2305 5
    endloop
  endfacet
  facet normal -0.547803 -0.836607 0
    outer loop
      vertex 25.5216 38.8591 4.2
      vertex 25.8921 38.6165 5
      vertex 25.5216 38.8591 5
    endloop
  endfacet
  facet normal -0.547803 -0.836607 -0
    outer loop
      vertex 25.8921 38.6165 5
      vertex 25.5216 38.8591 4.2
      vertex 25.8921 38.6165 4.2
    endloop
  endfacet
  facet normal -0.16407 -0.986449 0
    outer loop
      vertex 25.0352 38.94 4.2
      vertex 25.5216 38.8591 5
      vertex 25.0352 38.94 5
    endloop
  endfacet
  facet normal -0.16407 -0.986449 -0
    outer loop
      vertex 25.5216 38.8591 5
      vertex 25.0352 38.94 4.2
      vertex 25.5216 38.8591 4.2
    endloop
  endfacet
  facet normal 0.171437 -0.985195 0
    outer loop
      vertex 24.6019 38.8646 4.2
      vertex 25.0352 38.94 5
      vertex 24.6019 38.8646 5
    endloop
  endfacet
  facet normal 0.171437 -0.985195 0
    outer loop
      vertex 25.0352 38.94 5
      vertex 24.6019 38.8646 4.2
      vertex 25.0352 38.94 4.2
    endloop
  endfacet
  facet normal 0.550367 -0.834923 0
    outer loop
      vertex 24.2589 38.6385 4.2
      vertex 24.6019 38.8646 5
      vertex 24.2589 38.6385 5
    endloop
  endfacet
  facet normal 0.550367 -0.834923 0
    outer loop
      vertex 24.6019 38.8646 5
      vertex 24.2589 38.6385 4.2
      vertex 24.6019 38.8646 4.2
    endloop
  endfacet
  facet normal 0.845068 -0.534659 0
    outer loop
      vertex 24.0355 38.2854 5
      vertex 24.2589 38.6385 4.2
      vertex 24.2589 38.6385 5
    endloop
  endfacet
  facet normal 0.845068 -0.534659 0
    outer loop
      vertex 24.2589 38.6385 4.2
      vertex 24.0355 38.2854 5
      vertex 24.0355 38.2854 4.2
    endloop
  endfacet
  facet normal 0.986961 -0.16096 0
    outer loop
      vertex 23.9611 37.8292 5
      vertex 24.0355 38.2854 4.2
      vertex 24.0355 38.2854 5
    endloop
  endfacet
  facet normal 0.986961 -0.16096 0
    outer loop
      vertex 24.0355 38.2854 4.2
      vertex 23.9611 37.8292 5
      vertex 23.9611 37.8292 4.2
    endloop
  endfacet
  facet normal 0.990237 0.139395 0
    outer loop
      vertex 24.016 37.4392 5
      vertex 23.9611 37.8292 4.2
      vertex 23.9611 37.8292 5
    endloop
  endfacet
  facet normal 0.990237 0.139395 0
    outer loop
      vertex 23.9611 37.8292 4.2
      vertex 24.016 37.4392 5
      vertex 24.016 37.4392 4.2
    endloop
  endfacet
  facet normal 0.889262 0.457398 0
    outer loop
      vertex 24.1808 37.1188 5
      vertex 24.016 37.4392 4.2
      vertex 24.016 37.4392 5
    endloop
  endfacet
  facet normal 0.889262 0.457398 0
    outer loop
      vertex 24.016 37.4392 4.2
      vertex 24.1808 37.1188 5
      vertex 24.1808 37.1188 4.2
    endloop
  endfacet
  facet normal -0.0602769 -0.998182 0
    outer loop
      vertex 23.0895 37.1847 4.2
      vertex 24.1808 37.1188 5
      vertex 23.0895 37.1847 5
    endloop
  endfacet
  facet normal -0.0602769 -0.998182 -0
    outer loop
      vertex 24.1808 37.1188 5
      vertex 23.0895 37.1847 4.2
      vertex 24.1808 37.1188 4.2
    endloop
  endfacet
  facet normal -1 0 0
    outer loop
      vertex 23.0895 37.1847 4.2
      vertex 23.0895 38.7398 5
      vertex 23.0895 38.7398 4.2
    endloop
  endfacet
  facet normal -1 -0 0
    outer loop
      vertex 23.0895 38.7398 5
      vertex 23.0895 37.1847 4.2
      vertex 23.0895 37.1847 5
    endloop
  endfacet
  facet normal 0 -1 0
    outer loop
      vertex 22.716 38.7398 4.2
      vertex 23.0895 38.7398 5
      vertex 22.716 38.7398 5
    endloop
  endfacet
  facet normal 0 -1 -0
    outer loop
      vertex 23.0895 38.7398 5
      vertex 22.716 38.7398 4.2
      vertex 23.0895 38.7398 4.2
    endloop
  endfacet
  facet normal 1 -0 0
    outer loop
      vertex 22.716 36.7843 5
      vertex 22.716 38.7398 4.2
      vertex 22.716 38.7398 5
    endloop
  endfacet
  facet normal 1 0 0
    outer loop
      vertex 22.716 38.7398 4.2
      vertex 22.716 36.7843 5
      vertex 22.716 36.7843 4.2
    endloop
  endfacet
  facet normal 0.0618645 0.998085 -0
    outer loop
      vertex 24.5665 36.6696 4.2
      vertex 22.716 36.7843 5
      vertex 24.5665 36.6696 5
    endloop
  endfacet
  facet normal 0.0618645 0.998085 0
    outer loop
      vertex 22.716 36.7843 5
      vertex 24.5665 36.6696 4.2
      vertex 22.716 36.7843 4.2
    endloop
  endfacet
  facet normal -1 0 0
    outer loop
      vertex 24.5665 36.6696 4.2
      vertex 24.5665 37.0993 5
      vertex 24.5665 37.0993 4.2
    endloop
  endfacet
  facet normal -1 -0 0
    outer loop
      vertex 24.5665 37.0993 5
      vertex 24.5665 36.6696 4.2
      vertex 24.5665 36.6696 5
    endloop
  endfacet
  facet normal -0.801623 -0.59783 0
    outer loop
      vertex 24.5665 37.0993 4.2
      vertex 24.4518 37.2531 5
      vertex 24.4518 37.2531 4.2
    endloop
  endfacet
  facet normal -0.801623 -0.59783 0
    outer loop
      vertex 24.4518 37.2531 5
      vertex 24.5665 37.0993 4.2
      vertex 24.5665 37.0993 5
    endloop
  endfacet
  facet normal -0.897096 -0.441836 0
    outer loop
      vertex 24.4518 37.2531 4.2
      vertex 24.3761 37.4068 5
      vertex 24.3761 37.4068 4.2
    endloop
  endfacet
  facet normal -0.897096 -0.441836 0
    outer loop
      vertex 24.3761 37.4068 5
      vertex 24.4518 37.2531 4.2
      vertex 24.4518 37.2531 5
    endloop
  endfacet
  facet normal -0.967082 -0.254464 0
    outer loop
      vertex 24.3761 37.4068 4.2
      vertex 24.334 37.5668 5
      vertex 24.334 37.5668 4.2
    endloop
  endfacet
  facet normal -0.967082 -0.254464 0
    outer loop
      vertex 24.334 37.5668 5
      vertex 24.3761 37.4068 4.2
      vertex 24.3761 37.4068 5
    endloop
  endfacet
  facet normal -0.996661 -0.0816555 0
    outer loop
      vertex 24.334 37.5668 4.2
      vertex 24.3199 37.7389 5
      vertex 24.3199 37.7389 4.2
    endloop
  endfacet
  facet normal -0.996661 -0.0816555 0
    outer loop
      vertex 24.3199 37.7389 5
      vertex 24.334 37.5668 4.2
      vertex 24.334 37.5668 5
    endloop
  endfacet
  facet normal -0.986919 0.161215 0
    outer loop
      vertex 24.3199 37.7389 4.2
      vertex 24.37 38.0456 5
      vertex 24.37 38.0456 4.2
    endloop
  endfacet
  facet normal -0.986919 0.161215 0
    outer loop
      vertex 24.37 38.0456 5
      vertex 24.3199 37.7389 4.2
      vertex 24.3199 37.7389 5
    endloop
  endfacet
  facet normal -0.844205 0.53602 0
    outer loop
      vertex 24.37 38.0456 4.2
      vertex 24.5201 38.282 5
      vertex 24.5201 38.282 4.2
    endloop
  endfacet
  facet normal -0.844205 0.53602 0
    outer loop
      vertex 24.5201 38.282 5
      vertex 24.37 38.0456 4.2
      vertex 24.37 38.0456 5
    endloop
  endfacet
  facet normal -0.546908 0.837193 0
    outer loop
      vertex 24.7514 38.4331 4.2
      vertex 24.5201 38.282 5
      vertex 24.7514 38.4331 5
    endloop
  endfacet
  facet normal -0.546908 0.837193 0
    outer loop
      vertex 24.5201 38.282 5
      vertex 24.7514 38.4331 4.2
      vertex 24.5201 38.282 4.2
    endloop
  endfacet
  facet normal -0.169187 0.985584 0
    outer loop
      vertex 25.045 38.4835 4.2
      vertex 24.7514 38.4331 5
      vertex 25.045 38.4835 5
    endloop
  endfacet
  facet normal -0.169187 0.985584 0
    outer loop
      vertex 24.7514 38.4331 5
      vertex 25.045 38.4835 4.2
      vertex 24.7514 38.4331 4.2
    endloop
  endfacet
  facet normal 0.148558 0.988904 -0
    outer loop
      vertex 25.3785 38.4334 4.2
      vertex 25.045 38.4835 5
      vertex 25.3785 38.4334 5
    endloop
  endfacet
  facet normal 0.148558 0.988904 0
    outer loop
      vertex 25.045 38.4835 5
      vertex 25.3785 38.4334 4.2
      vertex 25.045 38.4835 4.2
    endloop
  endfacet
  facet normal 0.509347 0.860562 -0
    outer loop
      vertex 25.6321 38.2833 4.2
      vertex 25.3785 38.4334 5
      vertex 25.6321 38.2833 5
    endloop
  endfacet
  facet normal 0.509347 0.860562 0
    outer loop
      vertex 25.3785 38.4334 5
      vertex 25.6321 38.2833 4.2
      vertex 25.3785 38.4334 4.2
    endloop
  endfacet
  facet normal 0.830334 0.557266 0
    outer loop
      vertex 25.7923 38.0446 5
      vertex 25.6321 38.2833 4.2
      vertex 25.6321 38.2833 5
    endloop
  endfacet
  facet normal 0.830334 0.557266 0
    outer loop
      vertex 25.6321 38.2833 4.2
      vertex 25.7923 38.0446 5
      vertex 25.7923 38.0446 4.2
    endloop
  endfacet
  facet normal 0.985977 0.166882 0
    outer loop
      vertex 25.8457 37.7291 5
      vertex 25.7923 38.0446 4.2
      vertex 25.7923 38.0446 5
    endloop
  endfacet
  facet normal 0.985977 0.166882 0
    outer loop
      vertex 25.7923 38.0446 4.2
      vertex 25.8457 37.7291 5
      vertex 25.8457 37.7291 4.2
    endloop
  endfacet
  facet normal 0.964625 -0.263624 0
    outer loop
      vertex 25.7181 37.2622 5
      vertex 25.8457 37.7291 4.2
      vertex 25.8457 37.7291 5
    endloop
  endfacet
  facet normal 0.964625 -0.263624 0
    outer loop
      vertex 25.8457 37.7291 4.2
      vertex 25.7181 37.2622 5
      vertex 25.7181 37.2622 4.2
    endloop
  endfacet
  facet normal 0.544541 -0.838734 0
    outer loop
      vertex 25.3355 37.0138 4.2
      vertex 25.7181 37.2622 5
      vertex 25.3355 37.0138 5
    endloop
  endfacet
  facet normal 0.544541 -0.838734 0
    outer loop
      vertex 25.7181 37.2622 5
      vertex 25.3355 37.0138 4.2
      vertex 25.7181 37.2622 4.2
    endloop
  endfacet
  facet normal 0.993426 0.11448 0
    outer loop
      vertex 25.3867 36.5695 5
      vertex 25.3355 37.0138 4.2
      vertex 25.3355 37.0138 5
    endloop
  endfacet
  facet normal 0.993426 0.11448 0
    outer loop
      vertex 25.3355 37.0138 4.2
      vertex 25.3867 36.5695 5
      vertex 25.3867 36.5695 4.2
    endloop
  endfacet
  facet normal -0.353167 0.93556 0
    outer loop
      vertex 25.7377 36.702 4.2
      vertex 25.3867 36.5695 5
      vertex 25.7377 36.702 5
    endloop
  endfacet
  facet normal -0.353167 0.93556 0
    outer loop
      vertex 25.3867 36.5695 5
      vertex 25.7377 36.702 4.2
      vertex 25.3867 36.5695 4.2
    endloop
  endfacet
  facet normal -0.684177 0.729316 0
    outer loop
      vertex 25.9946 36.943 4.2
      vertex 25.7377 36.702 5
      vertex 25.9946 36.943 5
    endloop
  endfacet
  facet normal -0.684177 0.729316 0
    outer loop
      vertex 25.7377 36.702 5
      vertex 25.9946 36.943 4.2
      vertex 25.7377 36.702 4.2
    endloop
  endfacet
  facet normal -0.908216 0.418502 0
    outer loop
      vertex 25.9946 36.943 4.2
      vertex 26.1521 37.2848 5
      vertex 26.1521 37.2848 4.2
    endloop
  endfacet
  facet normal -0.908216 0.418502 0
    outer loop
      vertex 26.1521 37.2848 5
      vertex 25.9946 36.943 4.2
      vertex 25.9946 36.943 5
    endloop
  endfacet
  facet normal -0.992779 0.119956 0
    outer loop
      vertex 26.1521 37.2848 4.2
      vertex 26.2046 37.7193 5
      vertex 26.2046 37.7193 4.2
    endloop
  endfacet
  facet normal -0.992779 0.119956 0
    outer loop
      vertex 26.2046 37.7193 5
      vertex 26.1521 37.2848 4.2
      vertex 26.1521 37.2848 5
    endloop
  endfacet
  facet normal -0.988501 -0.151214 0
    outer loop
      vertex 26.2046 37.7193 4.2
      vertex 26.1264 38.2305 5
      vertex 26.1264 38.2305 4.2
    endloop
  endfacet
  facet normal -0.988501 -0.151214 0
    outer loop
      vertex 26.1264 38.2305 5
      vertex 26.2046 37.7193 4.2
      vertex 26.2046 37.7193 5
    endloop
  endfacet
  facet normal -1 0 0
    outer loop
      vertex 25.377 21.1465 4.2
      vertex 25.377 21.6299 5
      vertex 25.377 21.6299 4.2
    endloop
  endfacet
  facet normal -1 -0 0
    outer loop
      vertex 25.377 21.6299 5
      vertex 25.377 21.1465 4.2
      vertex 25.377 21.1465 5
    endloop
  endfacet
  facet normal 0 -1 0
    outer loop
      vertex 25.0303 21.6299 4.2
      vertex 25.377 21.6299 5
      vertex 25.0303 21.6299 5
    endloop
  endfacet
  facet normal 0 -1 -0
    outer loop
      vertex 25.377 21.6299 5
      vertex 25.0303 21.6299 4.2
      vertex 25.377 21.6299 4.2
    endloop
  endfacet
  facet normal 1 -0 0
    outer loop
      vertex 25.0303 21.1465 5
      vertex 25.0303 21.6299 4.2
      vertex 25.0303 21.6299 5
    endloop
  endfacet
  facet normal 1 0 0
    outer loop
      vertex 25.0303 21.6299 4.2
      vertex 25.0303 21.1465 5
      vertex 25.0303 21.1465 4.2
    endloop
  endfacet
  facet normal 0 -1 0
    outer loop
      vertex 22.716 21.1465 4.2
      vertex 25.0303 21.1465 5
      vertex 22.716 21.1465 5
    endloop
  endfacet
  facet normal 0 -1 -0
    outer loop
      vertex 25.0303 21.1465 5
      vertex 22.716 21.1465 4.2
      vertex 25.0303 21.1465 4.2
    endloop
  endfacet
  facet normal 1 -0 0
    outer loop
      vertex 22.716 20.6851 5
      vertex 22.716 21.1465 4.2
      vertex 22.716 21.1465 5
    endloop
  endfacet
  facet normal 1 0 0
    outer loop
      vertex 22.716 21.1465 4.2
      vertex 22.716 20.6851 5
      vertex 22.716 20.6851 4.2
    endloop
  endfacet
  facet normal 0.561711 0.827334 -0
    outer loop
      vertex 25.0352 19.1105 4.2
      vertex 22.716 20.6851 5
      vertex 25.0352 19.1105 5
    endloop
  endfacet
  facet normal 0.561711 0.827334 0
    outer loop
      vertex 22.716 20.6851 5
      vertex 25.0352 19.1105 4.2
      vertex 22.716 20.6851 4.2
    endloop
  endfacet
  facet normal 0 1 -0
    outer loop
      vertex 25.377 19.1105 4.2
      vertex 25.0352 19.1105 5
      vertex 25.377 19.1105 5
    endloop
  endfacet
  facet normal 0 1 0
    outer loop
      vertex 25.0352 19.1105 5
      vertex 25.377 19.1105 4.2
      vertex 25.0352 19.1105 4.2
    endloop
  endfacet
  facet normal -1 0 0
    outer loop
      vertex 25.377 19.1105 4.2
      vertex 25.377 20.7315 5
      vertex 25.377 20.7315 4.2
    endloop
  endfacet
  facet normal -1 -0 0
    outer loop
      vertex 25.377 20.7315 5
      vertex 25.377 19.1105 4.2
      vertex 25.377 19.1105 5
    endloop
  endfacet
  facet normal 0 1 -0
    outer loop
      vertex 26.1557 20.7315 4.2
      vertex 25.377 20.7315 5
      vertex 26.1557 20.7315 5
    endloop
  endfacet
  facet normal 0 1 0
    outer loop
      vertex 25.377 20.7315 5
      vertex 26.1557 20.7315 4.2
      vertex 25.377 20.7315 4.2
    endloop
  endfacet
  facet normal -1 0 0
    outer loop
      vertex 26.1557 20.7315 4.2
      vertex 26.1557 21.1465 5
      vertex 26.1557 21.1465 4.2
    endloop
  endfacet
  facet normal -1 -0 0
    outer loop
      vertex 26.1557 21.1465 5
      vertex 26.1557 20.7315 4.2
      vertex 26.1557 20.7315 5
    endloop
  endfacet
  facet normal 0 -1 0
    outer loop
      vertex 25.377 21.1465 4.2
      vertex 26.1557 21.1465 5
      vertex 25.377 21.1465 5
    endloop
  endfacet
  facet normal 0 -1 -0
    outer loop
      vertex 26.1557 21.1465 5
      vertex 25.377 21.1465 4.2
      vertex 26.1557 21.1465 4.2
    endloop
  endfacet
  facet normal -0.624305 -0.781181 0
    outer loop
      vertex 24.9815 19.5548 4.2
      vertex 25.0303 19.5158 5
      vertex 24.9815 19.5548 5
    endloop
  endfacet
  facet normal -0.624305 -0.781181 -0
    outer loop
      vertex 25.0303 19.5158 5
      vertex 24.9815 19.5548 4.2
      vertex 25.0303 19.5158 4.2
    endloop
  endfacet
  facet normal -0.589792 -0.807555 0
    outer loop
      vertex 24.8009 19.6867 4.2
      vertex 24.9815 19.5548 5
      vertex 24.8009 19.6867 5
    endloop
  endfacet
  facet normal -0.589792 -0.807555 -0
    outer loop
      vertex 24.9815 19.5548 5
      vertex 24.8009 19.6867 4.2
      vertex 24.9815 19.5548 4.2
    endloop
  endfacet
  facet normal -0.561445 -0.827514 0
    outer loop
      vertex 23.5021 20.5679 4.2
      vertex 24.8009 19.6867 5
      vertex 23.5021 20.5679 5
    endloop
  endfacet
  facet normal -0.561445 -0.827514 -0
    outer loop
      vertex 24.8009 19.6867 5
      vertex 23.5021 20.5679 4.2
      vertex 24.8009 19.6867 4.2
    endloop
  endfacet
  facet normal -0.530119 -0.847923 0
    outer loop
      vertex 23.4386 20.6076 4.2
      vertex 23.5021 20.5679 5
      vertex 23.4386 20.6076 5
    endloop
  endfacet
  facet normal -0.530119 -0.847923 -0
    outer loop
      vertex 23.5021 20.5679 5
      vertex 23.4386 20.6076 4.2
      vertex 23.5021 20.5679 4.2
    endloop
  endfacet
  facet normal -0.494988 -0.8689 0
    outer loop
      vertex 23.341 20.6632 4.2
      vertex 23.4386 20.6076 5
      vertex 23.341 20.6632 5
    endloop
  endfacet
  facet normal -0.494988 -0.8689 -0
    outer loop
      vertex 23.4386 20.6076 5
      vertex 23.341 20.6632 4.2
      vertex 23.4386 20.6076 4.2
    endloop
  endfacet
  facet normal -0.477891 -0.878419 0
    outer loop
      vertex 23.2513 20.712 4.2
      vertex 23.341 20.6632 5
      vertex 23.2513 20.712 5
    endloop
  endfacet
  facet normal -0.477891 -0.878419 -0
    outer loop
      vertex 23.341 20.6632 5
      vertex 23.2513 20.712 4.2
      vertex 23.341 20.6632 4.2
    endloop
  endfacet
  facet normal -0.440872 -0.89757 0
    outer loop
      vertex 23.2116 20.7315 4.2
      vertex 23.2513 20.712 5
      vertex 23.2116 20.7315 5
    endloop
  endfacet
  facet normal -0.440872 -0.89757 -0
    outer loop
      vertex 23.2513 20.712 5
      vertex 23.2116 20.7315 4.2
      vertex 23.2513 20.712 4.2
    endloop
  endfacet
  facet normal 0 1 -0
    outer loop
      vertex 25.0303 20.7315 4.2
      vertex 23.2116 20.7315 5
      vertex 25.0303 20.7315 5
    endloop
  endfacet
  facet normal 0 1 0
    outer loop
      vertex 23.2116 20.7315 5
      vertex 25.0303 20.7315 4.2
      vertex 23.2116 20.7315 4.2
    endloop
  endfacet
  facet normal 1 -0 0
    outer loop
      vertex 25.0303 19.5158 5
      vertex 25.0303 20.7315 4.2
      vertex 25.0303 20.7315 5
    endloop
  endfacet
  facet normal 1 0 0
    outer loop
      vertex 25.0303 20.7315 4.2
      vertex 25.0303 19.5158 5
      vertex 25.0303 19.5158 4.2
    endloop
  endfacet
  facet normal -0.854844 -0.518886 0
    outer loop
      vertex 26.1264 23.5725 4.2
      vertex 25.8921 23.9585 5
      vertex 25.8921 23.9585 4.2
    endloop
  endfacet
  facet normal -0.854844 -0.518886 0
    outer loop
      vertex 25.8921 23.9585 5
      vertex 26.1264 23.5725 4.2
      vertex 26.1264 23.5725 5
    endloop
  endfacet
  facet normal -0.547803 -0.836607 0
    outer loop
      vertex 25.5216 24.2011 4.2
      vertex 25.8921 23.9585 5
      vertex 25.5216 24.2011 5
    endloop
  endfacet
  facet normal -0.547803 -0.836607 -0
    outer loop
      vertex 25.8921 23.9585 5
      vertex 25.5216 24.2011 4.2
      vertex 25.8921 23.9585 4.2
    endloop
  endfacet
  facet normal -0.16407 -0.986449 0
    outer loop
      vertex 25.0352 24.282 4.2
      vertex 25.5216 24.2011 5
      vertex 25.0352 24.282 5
    endloop
  endfacet
  facet normal -0.16407 -0.986449 -0
    outer loop
      vertex 25.5216 24.2011 5
      vertex 25.0352 24.282 4.2
      vertex 25.5216 24.2011 4.2
    endloop
  endfacet
  facet normal 0.171437 -0.985195 0
    outer loop
      vertex 24.6019 24.2066 4.2
      vertex 25.0352 24.282 5
      vertex 24.6019 24.2066 5
    endloop
  endfacet
  facet normal 0.171437 -0.985195 0
    outer loop
      vertex 25.0352 24.282 5
      vertex 24.6019 24.2066 4.2
      vertex 25.0352 24.282 4.2
    endloop
  endfacet
  facet normal 0.550367 -0.834923 0
    outer loop
      vertex 24.2589 23.9805 4.2
      vertex 24.6019 24.2066 5
      vertex 24.2589 23.9805 5
    endloop
  endfacet
  facet normal 0.550367 -0.834923 0
    outer loop
      vertex 24.6019 24.2066 5
      vertex 24.2589 23.9805 4.2
      vertex 24.6019 24.2066 4.2
    endloop
  endfacet
  facet normal 0.844999 -0.534767 0
    outer loop
      vertex 24.0355 23.6275 5
      vertex 24.2589 23.9805 4.2
      vertex 24.2589 23.9805 5
    endloop
  endfacet
  facet normal 0.844999 -0.534767 0
    outer loop
      vertex 24.2589 23.9805 4.2
      vertex 24.0355 23.6275 5
      vertex 24.0355 23.6275 4.2
    endloop
  endfacet
  facet normal 0.986967 -0.160926 0
    outer loop
      vertex 23.9611 23.1712 5
      vertex 24.0355 23.6275 4.2
      vertex 24.0355 23.6275 5
    endloop
  endfacet
  facet normal 0.986967 -0.160926 0
    outer loop
      vertex 24.0355 23.6275 4.2
      vertex 23.9611 23.1712 5
      vertex 23.9611 23.1712 4.2
    endloop
  endfacet
  facet normal 0.990237 0.139395 0
    outer loop
      vertex 24.016 22.7812 5
      vertex 23.9611 23.1712 4.2
      vertex 23.9611 23.1712 5
    endloop
  endfacet
  facet normal 0.990237 0.139395 0
    outer loop
      vertex 23.9611 23.1712 4.2
      vertex 24.016 22.7812 5
      vertex 24.016 22.7812 4.2
    endloop
  endfacet
  facet normal 0.889262 0.457398 0
    outer loop
      vertex 24.1808 22.4608 5
      vertex 24.016 22.7812 4.2
      vertex 24.016 22.7812 5
    endloop
  endfacet
  facet normal 0.889262 0.457398 0
    outer loop
      vertex 24.016 22.7812 4.2
      vertex 24.1808 22.4608 5
      vertex 24.1808 22.4608 4.2
    endloop
  endfacet
  facet normal -0.0602769 -0.998182 0
    outer loop
      vertex 23.0895 22.5267 4.2
      vertex 24.1808 22.4608 5
      vertex 23.0895 22.5267 5
    endloop
  endfacet
  facet normal -0.0602769 -0.998182 -0
    outer loop
      vertex 24.1808 22.4608 5
      vertex 23.0895 22.5267 4.2
      vertex 24.1808 22.4608 4.2
    endloop
  endfacet
  facet normal -1 0 0
    outer loop
      vertex 23.0895 22.5267 4.2
      vertex 23.0895 24.0818 5
      vertex 23.0895 24.0818 4.2
    endloop
  endfacet
  facet normal -1 -0 0
    outer loop
      vertex 23.0895 24.0818 5
      vertex 23.0895 22.5267 4.2
      vertex 23.0895 22.5267 5
    endloop
  endfacet
  facet normal 0 -1 0
    outer loop
      vertex 22.716 24.0818 4.2
      vertex 23.0895 24.0818 5
      vertex 22.716 24.0818 5
    endloop
  endfacet
  facet normal 0 -1 -0
    outer loop
      vertex 23.0895 24.0818 5
      vertex 22.716 24.0818 4.2
      vertex 23.0895 24.0818 4.2
    endloop
  endfacet
  facet normal 1 -0 0
    outer loop
      vertex 22.716 22.1264 5
      vertex 22.716 24.0818 4.2
      vertex 22.716 24.0818 5
    endloop
  endfacet
  facet normal 1 0 0
    outer loop
      vertex 22.716 24.0818 4.2
      vertex 22.716 22.1264 5
      vertex 22.716 22.1264 4.2
    endloop
  endfacet
  facet normal 0.0619183 0.998081 -0
    outer loop
      vertex 24.5665 22.0116 4.2
      vertex 22.716 22.1264 5
      vertex 24.5665 22.0116 5
    endloop
  endfacet
  facet normal 0.0619183 0.998081 0
    outer loop
      vertex 22.716 22.1264 5
      vertex 24.5665 22.0116 4.2
      vertex 22.716 22.1264 4.2
    endloop
  endfacet
  facet normal -1 0 0
    outer loop
      vertex 24.5665 22.0116 4.2
      vertex 24.5665 22.4413 5
      vertex 24.5665 22.4413 4.2
    endloop
  endfacet
  facet normal -1 -0 0
    outer loop
      vertex 24.5665 22.4413 5
      vertex 24.5665 22.0116 4.2
      vertex 24.5665 22.0116 5
    endloop
  endfacet
  facet normal -0.801623 -0.59783 0
    outer loop
      vertex 24.5665 22.4413 4.2
      vertex 24.4518 22.5951 5
      vertex 24.4518 22.5951 4.2
    endloop
  endfacet
  facet normal -0.801623 -0.59783 0
    outer loop
      vertex 24.4518 22.5951 5
      vertex 24.5665 22.4413 4.2
      vertex 24.5665 22.4413 5
    endloop
  endfacet
  facet normal -0.89721 -0.441605 0
    outer loop
      vertex 24.4518 22.5951 4.2
      vertex 24.3761 22.7489 5
      vertex 24.3761 22.7489 4.2
    endloop
  endfacet
  facet normal -0.89721 -0.441605 0
    outer loop
      vertex 24.3761 22.7489 5
      vertex 24.4518 22.5951 4.2
      vertex 24.4518 22.5951 5
    endloop
  endfacet
  facet normal -0.967043 -0.254612 0
    outer loop
      vertex 24.3761 22.7489 4.2
      vertex 24.334 22.9088 5
      vertex 24.334 22.9088 4.2
    endloop
  endfacet
  facet normal -0.967043 -0.254612 0
    outer loop
      vertex 24.334 22.9088 5
      vertex 24.3761 22.7489 4.2
      vertex 24.3761 22.7489 5
    endloop
  endfacet
  facet normal -0.996661 -0.0816555 0
    outer loop
      vertex 24.334 22.9088 4.2
      vertex 24.3199 23.0809 5
      vertex 24.3199 23.0809 4.2
    endloop
  endfacet
  facet normal -0.996661 -0.0816555 0
    outer loop
      vertex 24.3199 23.0809 5
      vertex 24.334 22.9088 4.2
      vertex 24.334 22.9088 5
    endloop
  endfacet
  facet normal -0.986919 0.161215 0
    outer loop
      vertex 24.3199 23.0809 4.2
      vertex 24.37 23.3876 5
      vertex 24.37 23.3876 4.2
    endloop
  endfacet
  facet normal -0.986919 0.161215 0
    outer loop
      vertex 24.37 23.3876 5
      vertex 24.3199 23.0809 4.2
      vertex 24.3199 23.0809 5
    endloop
  endfacet
  facet normal -0.844308 0.535859 0
    outer loop
      vertex 24.37 23.3876 4.2
      vertex 24.5201 23.6241 5
      vertex 24.5201 23.6241 4.2
    endloop
  endfacet
  facet normal -0.844308 0.535859 0
    outer loop
      vertex 24.5201 23.6241 5
      vertex 24.37 23.3876 4.2
      vertex 24.37 23.3876 5
    endloop
  endfacet
  facet normal -0.546654 0.837358 0
    outer loop
      vertex 24.7514 23.7751 4.2
      vertex 24.5201 23.6241 5
      vertex 24.7514 23.7751 5
    endloop
  endfacet
  facet normal -0.546654 0.837358 0
    outer loop
      vertex 24.5201 23.6241 5
      vertex 24.7514 23.7751 4.2
      vertex 24.5201 23.6241 4.2
    endloop
  endfacet
  facet normal -0.169187 0.985584 0
    outer loop
      vertex 25.045 23.8255 4.2
      vertex 24.7514 23.7751 5
      vertex 25.045 23.8255 5
    endloop
  endfacet
  facet normal -0.169187 0.985584 0
    outer loop
      vertex 24.7514 23.7751 5
      vertex 25.045 23.8255 4.2
      vertex 24.7514 23.7751 4.2
    endloop
  endfacet
  facet normal 0.148268 0.988947 -0
    outer loop
      vertex 25.3785 23.7755 4.2
      vertex 25.045 23.8255 5
      vertex 25.3785 23.7755 5
    endloop
  endfacet
  facet normal 0.148268 0.988947 0
    outer loop
      vertex 25.045 23.8255 5
      vertex 25.3785 23.7755 4.2
      vertex 25.045 23.8255 4.2
    endloop
  endfacet
  facet normal 0.509598 0.860413 -0
    outer loop
      vertex 25.6321 23.6253 4.2
      vertex 25.3785 23.7755 5
      vertex 25.6321 23.6253 5
    endloop
  endfacet
  facet normal 0.509598 0.860413 0
    outer loop
      vertex 25.3785 23.7755 5
      vertex 25.6321 23.6253 4.2
      vertex 25.3785 23.7755 4.2
    endloop
  endfacet
  facet normal 0.830226 0.557427 0
    outer loop
      vertex 25.7923 23.3867 5
      vertex 25.6321 23.6253 4.2
      vertex 25.6321 23.6253 5
    endloop
  endfacet
  facet normal 0.830226 0.557427 0
    outer loop
      vertex 25.6321 23.6253 4.2
      vertex 25.7923 23.3867 5
      vertex 25.7923 23.3867 4.2
    endloop
  endfacet
  facet normal 0.985977 0.166882 0
    outer loop
      vertex 25.8457 23.0712 5
      vertex 25.7923 23.3867 4.2
      vertex 25.7923 23.3867 5
    endloop
  endfacet
  facet normal 0.985977 0.166882 0
    outer loop
      vertex 25.7923 23.3867 4.2
      vertex 25.8457 23.0712 5
      vertex 25.8457 23.0712 4.2
    endloop
  endfacet
  facet normal 0.964625 -0.263624 0
    outer loop
      vertex 25.7181 22.6043 5
      vertex 25.8457 23.0712 4.2
      vertex 25.8457 23.0712 5
    endloop
  endfacet
  facet normal 0.964625 -0.263624 0
    outer loop
      vertex 25.8457 23.0712 4.2
      vertex 25.7181 22.6043 5
      vertex 25.7181 22.6043 4.2
    endloop
  endfacet
  facet normal 0.544541 -0.838734 0
    outer loop
      vertex 25.3355 22.3559 4.2
      vertex 25.7181 22.6043 5
      vertex 25.3355 22.3559 5
    endloop
  endfacet
  facet normal 0.544541 -0.838734 0
    outer loop
      vertex 25.7181 22.6043 5
      vertex 25.3355 22.3559 4.2
      vertex 25.7181 22.6043 4.2
    endloop
  endfacet
  facet normal 0.993426 0.11448 0
    outer loop
      vertex 25.3867 21.9116 5
      vertex 25.3355 22.3559 4.2
      vertex 25.3355 22.3559 5
    endloop
  endfacet
  facet normal 0.993426 0.11448 0
    outer loop
      vertex 25.3355 22.3559 4.2
      vertex 25.3867 21.9116 5
      vertex 25.3867 21.9116 4.2
    endloop
  endfacet
  facet normal -0.352934 0.935648 0
    outer loop
      vertex 25.7377 22.044 4.2
      vertex 25.3867 21.9116 5
      vertex 25.7377 22.044 5
    endloop
  endfacet
  facet normal -0.352934 0.935648 0
    outer loop
      vertex 25.3867 21.9116 5
      vertex 25.7377 22.044 4.2
      vertex 25.3867 21.9116 4.2
    endloop
  endfacet
  facet normal -0.684328 0.729174 0
    outer loop
      vertex 25.9946 22.2851 4.2
      vertex 25.7377 22.044 5
      vertex 25.9946 22.2851 5
    endloop
  endfacet
  facet normal -0.684328 0.729174 0
    outer loop
      vertex 25.7377 22.044 5
      vertex 25.9946 22.2851 4.2
      vertex 25.7377 22.044 4.2
    endloop
  endfacet
  facet normal -0.908169 0.418603 0
    outer loop
      vertex 25.9946 22.2851 4.2
      vertex 26.1521 22.6268 5
      vertex 26.1521 22.6268 4.2
    endloop
  endfacet
  facet normal -0.908169 0.418603 0
    outer loop
      vertex 26.1521 22.6268 5
      vertex 25.9946 22.2851 4.2
      vertex 25.9946 22.2851 5
    endloop
  endfacet
  facet normal -0.992782 0.119929 0
    outer loop
      vertex 26.1521 22.6268 4.2
      vertex 26.2046 23.0614 5
      vertex 26.2046 23.0614 4.2
    endloop
  endfacet
  facet normal -0.992782 0.119929 0
    outer loop
      vertex 26.2046 23.0614 5
      vertex 26.1521 22.6268 4.2
      vertex 26.1521 22.6268 5
    endloop
  endfacet
  facet normal -0.988497 -0.151243 0
    outer loop
      vertex 26.2046 23.0614 4.2
      vertex 26.1264 23.5725 5
      vertex 26.1264 23.5725 4.2
    endloop
  endfacet
  facet normal -0.988497 -0.151243 0
    outer loop
      vertex 26.1264 23.5725 5
      vertex 26.2046 23.0614 4.2
      vertex 26.2046 23.0614 5
    endloop
  endfacet
  facet normal -0.11719 -0.993109 0
    outer loop
      vertex 24.2785 43.9816 4.2
      vertex 24.6251 43.9407 5
      vertex 24.2785 43.9816 5
    endloop
  endfacet
  facet normal -0.11719 -0.993109 -0
    outer loop
      vertex 24.6251 43.9407 5
      vertex 24.2785 43.9816 4.2
      vertex 24.6251 43.9407 4.2
    endloop
  endfacet
  facet normal -0.428401 -0.903588 0
    outer loop
      vertex 24.0197 44.1043 4.2
      vertex 24.2785 43.9816 5
      vertex 24.0197 44.1043 5
    endloop
  endfacet
  facet normal -0.428401 -0.903588 -0
    outer loop
      vertex 24.2785 43.9816 5
      vertex 24.0197 44.1043 4.2
      vertex 24.2785 43.9816 4.2
    endloop
  endfacet
  facet normal -0.767372 -0.641202 0
    outer loop
      vertex 24.0197 44.1043 4.2
      vertex 23.8586 44.2971 5
      vertex 23.8586 44.2971 4.2
    endloop
  endfacet
  facet normal -0.767372 -0.641202 0
    outer loop
      vertex 23.8586 44.2971 5
      vertex 24.0197 44.1043 4.2
      vertex 24.0197 44.1043 5
    endloop
  endfacet
  facet normal -0.977876 -0.209184 0
    outer loop
      vertex 23.8586 44.2971 4.2
      vertex 23.8048 44.5486 5
      vertex 23.8048 44.5486 4.2
    endloop
  endfacet
  facet normal -0.977876 -0.209184 0
    outer loop
      vertex 23.8048 44.5486 5
      vertex 23.8586 44.2971 4.2
      vertex 23.8586 44.2971 5
    endloop
  endfacet
  facet normal -0.987645 0.156708 0
    outer loop
      vertex 23.8048 44.5486 4.2
      vertex 23.8415 44.7799 5
      vertex 23.8415 44.7799 4.2
    endloop
  endfacet
  facet normal -0.987645 0.156708 0
    outer loop
      vertex 23.8415 44.7799 5
      vertex 23.8048 44.5486 4.2
      vertex 23.8048 44.5486 5
    endloop
  endfacet
  facet normal -0.801371 0.598168 0
    outer loop
      vertex 23.8415 44.7799 4.2
      vertex 23.9513 44.927 5
      vertex 23.9513 44.927 4.2
    endloop
  endfacet
  facet normal -0.801371 0.598168 0
    outer loop
      vertex 23.9513 44.927 5
      vertex 23.8415 44.7799 4.2
      vertex 23.8415 44.7799 5
    endloop
  endfacet
  facet normal -0.357336 0.933976 0
    outer loop
      vertex 24.157 45.0057 4.2
      vertex 23.9513 44.927 5
      vertex 24.157 45.0057 5
    endloop
  endfacet
  facet normal -0.357336 0.933976 0
    outer loop
      vertex 23.9513 44.927 5
      vertex 24.157 45.0057 4.2
      vertex 23.9513 44.927 4.2
    endloop
  endfacet
  facet normal -0.0808819 0.996724 0
    outer loop
      vertex 24.4811 45.032 4.2
      vertex 24.157 45.0057 5
      vertex 24.4811 45.032 5
    endloop
  endfacet
  facet normal -0.0808819 0.996724 0
    outer loop
      vertex 24.157 45.0057 5
      vertex 24.4811 45.032 4.2
      vertex 24.157 45.0057 4.2
    endloop
  endfacet
  facet normal 0 1 -0
    outer loop
      vertex 26.1557 45.032 4.2
      vertex 24.4811 45.032 5
      vertex 26.1557 45.032 5
    endloop
  endfacet
  facet normal 0 1 0
    outer loop
      vertex 24.4811 45.032 5
      vertex 26.1557 45.032 4.2
      vertex 24.4811 45.032 4.2
    endloop
  endfacet
  facet normal -1 0 0
    outer loop
      vertex 26.1557 45.032 4.2
      vertex 26.1557 45.4665 5
      vertex 26.1557 45.4665 4.2
    endloop
  endfacet
  facet normal -1 -0 0
    outer loop
      vertex 26.1557 45.4665 5
      vertex 26.1557 45.032 4.2
      vertex 26.1557 45.032 5
    endloop
  endfacet
  facet normal 0 -1 0
    outer loop
      vertex 24.6251 45.4665 4.2
      vertex 26.1557 45.4665 5
      vertex 24.6251 45.4665 5
    endloop
  endfacet
  facet normal 0 -1 -0
    outer loop
      vertex 26.1557 45.4665 5
      vertex 24.6251 45.4665 4.2
      vertex 26.1557 45.4665 4.2
    endloop
  endfacet
  facet normal -0.114126 -0.993466 0
    outer loop
      vertex 24.2769 45.5065 4.2
      vertex 24.6251 45.4665 5
      vertex 24.2769 45.5065 5
    endloop
  endfacet
  facet normal -0.114126 -0.993466 -0
    outer loop
      vertex 24.6251 45.4665 5
      vertex 24.2769 45.5065 4.2
      vertex 24.6251 45.4665 4.2
    endloop
  endfacet
  facet normal -0.420905 -0.907105 0
    outer loop
      vertex 24.0185 45.6264 4.2
      vertex 24.2769 45.5065 5
      vertex 24.0185 45.6264 5
    endloop
  endfacet
  facet normal -0.420905 -0.907105 -0
    outer loop
      vertex 24.2769 45.5065 5
      vertex 24.0185 45.6264 4.2
      vertex 24.2769 45.5065 4.2
    endloop
  endfacet
  facet normal -0.767828 -0.640656 0
    outer loop
      vertex 24.0185 45.6264 4.2
      vertex 23.8583 45.8184 5
      vertex 23.8583 45.8184 4.2
    endloop
  endfacet
  facet normal -0.767828 -0.640656 0
    outer loop
      vertex 23.8583 45.8184 5
      vertex 24.0185 45.6264 4.2
      vertex 24.0185 45.6264 5
    endloop
  endfacet
  facet normal -0.978853 -0.204565 0
    outer loop
      vertex 23.8583 45.8184 4.2
      vertex 23.8048 46.0744 5
      vertex 23.8048 46.0744 4.2
    endloop
  endfacet
  facet normal -0.978853 -0.204565 0
    outer loop
      vertex 23.8048 46.0744 5
      vertex 23.8583 45.8184 4.2
      vertex 23.8583 45.8184 5
    endloop
  endfacet
  facet normal -0.987645 0.156708 0
    outer loop
      vertex 23.8048 46.0744 4.2
      vertex 23.8415 46.3057 5
      vertex 23.8415 46.3057 4.2
    endloop
  endfacet
  facet normal -0.987645 0.156708 0
    outer loop
      vertex 23.8415 46.3057 5
      vertex 23.8048 46.0744 4.2
      vertex 23.8048 46.0744 5
    endloop
  endfacet
  facet normal -0.801371 0.598168 0
    outer loop
      vertex 23.8415 46.3057 4.2
      vertex 23.9513 46.4528 5
      vertex 23.9513 46.4528 4.2
    endloop
  endfacet
  facet normal -0.801371 0.598168 0
    outer loop
      vertex 23.9513 46.4528 5
      vertex 23.8415 46.3057 4.2
      vertex 23.8415 46.3057 5
    endloop
  endfacet
  facet normal -0.357336 0.933976 0
    outer loop
      vertex 24.157 46.5315 4.2
      vertex 23.9513 46.4528 5
      vertex 24.157 46.5315 5
    endloop
  endfacet
  facet normal -0.357336 0.933976 0
    outer loop
      vertex 23.9513 46.4528 5
      vertex 24.157 46.5315 4.2
      vertex 23.9513 46.4528 4.2
    endloop
  endfacet
  facet normal -0.0808819 0.996724 0
    outer loop
      vertex 24.4811 46.5578 4.2
      vertex 24.157 46.5315 5
      vertex 24.4811 46.5578 5
    endloop
  endfacet
  facet normal -0.0808819 0.996724 0
    outer loop
      vertex 24.157 46.5315 5
      vertex 24.4811 46.5578 4.2
      vertex 24.157 46.5315 4.2
    endloop
  endfacet
  facet normal 0 1 -0
    outer loop
      vertex 26.1557 46.5578 4.2
      vertex 24.4811 46.5578 5
      vertex 26.1557 46.5578 5
    endloop
  endfacet
  facet normal 0 1 0
    outer loop
      vertex 24.4811 46.5578 5
      vertex 26.1557 46.5578 4.2
      vertex 24.4811 46.5578 4.2
    endloop
  endfacet
  facet normal -1 0 0
    outer loop
      vertex 26.1557 46.5578 4.2
      vertex 26.1557 46.9923 5
      vertex 26.1557 46.9923 4.2
    endloop
  endfacet
  facet normal -1 -0 0
    outer loop
      vertex 26.1557 46.9923 5
      vertex 26.1557 46.5578 4.2
      vertex 26.1557 46.5578 5
    endloop
  endfacet
  facet normal 0 -1 0
    outer loop
      vertex 24.3956 46.9923 4.2
      vertex 26.1557 46.9923 5
      vertex 24.3956 46.9923 5
    endloop
  endfacet
  facet normal 0 -1 -0
    outer loop
      vertex 26.1557 46.9923 5
      vertex 24.3956 46.9923 4.2
      vertex 26.1557 46.9923 4.2
    endloop
  endfacet
  facet normal 0.106203 -0.994344 0
    outer loop
      vertex 23.9696 46.9468 4.2
      vertex 24.3956 46.9923 5
      vertex 23.9696 46.9468 5
    endloop
  endfacet
  facet normal 0.106203 -0.994344 0
    outer loop
      vertex 24.3956 46.9923 5
      vertex 23.9696 46.9468 4.2
      vertex 24.3956 46.9923 4.2
    endloop
  endfacet
  facet normal 0.429494 -0.90307 0
    outer loop
      vertex 23.6828 46.8104 4.2
      vertex 23.9696 46.9468 5
      vertex 23.6828 46.8104 5
    endloop
  endfacet
  facet normal 0.429494 -0.90307 0
    outer loop
      vertex 23.9696 46.9468 5
      vertex 23.6828 46.8104 4.2
      vertex 23.9696 46.9468 4.2
    endloop
  endfacet
  facet normal 0.823381 -0.567489 0
    outer loop
      vertex 23.5198 46.5739 5
      vertex 23.6828 46.8104 4.2
      vertex 23.6828 46.8104 5
    endloop
  endfacet
  facet normal 0.823381 -0.567489 0
    outer loop
      vertex 23.6828 46.8104 4.2
      vertex 23.5198 46.5739 5
      vertex 23.5198 46.5739 4.2
    endloop
  endfacet
  facet normal 0.987888 -0.15517 0
    outer loop
      vertex 23.4655 46.2282 5
      vertex 23.5198 46.5739 4.2
      vertex 23.5198 46.5739 5
    endloop
  endfacet
  facet normal 0.987888 -0.15517 0
    outer loop
      vertex 23.5198 46.5739 4.2
      vertex 23.4655 46.2282 5
      vertex 23.4655 46.2282 4.2
    endloop
  endfacet
  facet normal 0.993484 0.113974 0
    outer loop
      vertex 23.4948 45.9728 5
      vertex 23.4655 46.2282 4.2
      vertex 23.4655 46.2282 5
    endloop
  endfacet
  facet normal 0.993484 0.113974 0
    outer loop
      vertex 23.4655 46.2282 4.2
      vertex 23.4948 45.9728 5
      vertex 23.4948 45.9728 4.2
    endloop
  endfacet
  facet normal 0.925382 0.379036 0
    outer loop
      vertex 23.5827 45.7582 5
      vertex 23.4948 45.9728 4.2
      vertex 23.4948 45.9728 5
    endloop
  endfacet
  facet normal 0.925382 0.379036 0
    outer loop
      vertex 23.4948 45.9728 4.2
      vertex 23.5827 45.7582 5
      vertex 23.5827 45.7582 4.2
    endloop
  endfacet
  facet normal 0.758481 0.651695 0
    outer loop
      vertex 23.7371 45.5785 5
      vertex 23.5827 45.7582 4.2
      vertex 23.5827 45.7582 5
    endloop
  endfacet
  facet normal 0.758481 0.651695 0
    outer loop
      vertex 23.5827 45.7582 4.2
      vertex 23.7371 45.5785 5
      vertex 23.7371 45.5785 4.2
    endloop
  endfacet
  facet normal 0.550654 0.834733 -0
    outer loop
      vertex 23.966 45.4275 4.2
      vertex 23.7371 45.5785 5
      vertex 23.966 45.4275 5
    endloop
  endfacet
  facet normal 0.550654 0.834733 0
    outer loop
      vertex 23.7371 45.5785 5
      vertex 23.966 45.4275 4.2
      vertex 23.7371 45.5785 4.2
    endloop
  endfacet
  facet normal 1 -0 0
    outer loop
      vertex 23.966 45.4201 5
      vertex 23.966 45.4275 4.2
      vertex 23.966 45.4275 5
    endloop
  endfacet
  facet normal 1 0 0
    outer loop
      vertex 23.966 45.4275 4.2
      vertex 23.966 45.4201 5
      vertex 23.966 45.4201 4.2
    endloop
  endfacet
  facet normal 0.387309 -0.92195 0
    outer loop
      vertex 23.7401 45.3252 4.2
      vertex 23.966 45.4201 5
      vertex 23.7401 45.3252 5
    endloop
  endfacet
  facet normal 0.387309 -0.92195 0
    outer loop
      vertex 23.966 45.4201 5
      vertex 23.7401 45.3252 4.2
      vertex 23.966 45.4201 4.2
    endloop
  endfacet
  facet normal 0.690587 -0.72325 0
    outer loop
      vertex 23.5851 45.1772 4.2
      vertex 23.7401 45.3252 5
      vertex 23.5851 45.1772 5
    endloop
  endfacet
  facet normal 0.690587 -0.72325 0
    outer loop
      vertex 23.7401 45.3252 5
      vertex 23.5851 45.1772 4.2
      vertex 23.7401 45.3252 4.2
    endloop
  endfacet
  facet normal 0.916851 -0.399231 0
    outer loop
      vertex 23.4954 44.9712 5
      vertex 23.5851 45.1772 4.2
      vertex 23.5851 45.1772 5
    endloop
  endfacet
  facet normal 0.916851 -0.399231 0
    outer loop
      vertex 23.5851 45.1772 4.2
      vertex 23.4954 44.9712 5
      vertex 23.4954 44.9712 4.2
    endloop
  endfacet
  facet normal 0.99387 -0.110553 0
    outer loop
      vertex 23.4655 44.7024 5
      vertex 23.4954 44.9712 4.2
      vertex 23.4954 44.9712 5
    endloop
  endfacet
  facet normal 0.99387 -0.110553 0
    outer loop
      vertex 23.4954 44.9712 4.2
      vertex 23.4655 44.7024 5
      vertex 23.4655 44.7024 4.2
    endloop
  endfacet
  facet normal 0.993683 0.112223 0
    outer loop
      vertex 23.493 44.4589 5
      vertex 23.4655 44.7024 4.2
      vertex 23.4655 44.7024 5
    endloop
  endfacet
  facet normal 0.993683 0.112223 0
    outer loop
      vertex 23.4655 44.7024 4.2
      vertex 23.493 44.4589 5
      vertex 23.493 44.4589 4.2
    endloop
  endfacet
  facet normal 0.926705 0.37579 0
    outer loop
      vertex 23.5754 44.2557 5
      vertex 23.493 44.4589 4.2
      vertex 23.493 44.4589 5
    endloop
  endfacet
  facet normal 0.926705 0.37579 0
    outer loop
      vertex 23.493 44.4589 4.2
      vertex 23.5754 44.2557 5
      vertex 23.5754 44.2557 4.2
    endloop
  endfacet
  facet normal 0.749775 0.661693 0
    outer loop
      vertex 23.7279 44.0829 5
      vertex 23.5754 44.2557 4.2
      vertex 23.5754 44.2557 5
    endloop
  endfacet
  facet normal 0.749775 0.661693 0
    outer loop
      vertex 23.5754 44.2557 4.2
      vertex 23.7279 44.0829 5
      vertex 23.7279 44.0829 4.2
    endloop
  endfacet
  facet normal 0.537837 0.843049 -0
    outer loop
      vertex 23.966 43.931 4.2
      vertex 23.7279 44.0829 5
      vertex 23.966 43.931 5
    endloop
  endfacet
  facet normal 0.537837 0.843049 0
    outer loop
      vertex 23.7279 44.0829 5
      vertex 23.966 43.931 4.2
      vertex 23.7279 44.0829 4.2
    endloop
  endfacet
  facet normal 1 -0 0
    outer loop
      vertex 23.966 43.9236 5
      vertex 23.966 43.931 4.2
      vertex 23.966 43.931 5
    endloop
  endfacet
  facet normal 1 0 0
    outer loop
      vertex 23.966 43.931 4.2
      vertex 23.966 43.9236 5
      vertex 23.966 43.9236 4.2
    endloop
  endfacet
  facet normal 0.02775 -0.999615 0
    outer loop
      vertex 23.8039 43.9191 4.2
      vertex 23.966 43.9236 5
      vertex 23.8039 43.9191 5
    endloop
  endfacet
  facet normal 0.02775 -0.999615 0
    outer loop
      vertex 23.966 43.9236 5
      vertex 23.8039 43.9191 4.2
      vertex 23.966 43.9236 4.2
    endloop
  endfacet
  facet normal 0.0398091 -0.999207 0
    outer loop
      vertex 23.7035 43.9151 4.2
      vertex 23.8039 43.9191 5
      vertex 23.7035 43.9151 5
    endloop
  endfacet
  facet normal 0.0398091 -0.999207 0
    outer loop
      vertex 23.8039 43.9191 5
      vertex 23.7035 43.9151 4.2
      vertex 23.8039 43.9191 4.2
    endloop
  endfacet
  facet normal 0.0517598 -0.99866 0
    outer loop
      vertex 23.6379 43.9117 4.2
      vertex 23.7035 43.9151 5
      vertex 23.6379 43.9117 5
    endloop
  endfacet
  facet normal 0.0517598 -0.99866 0
    outer loop
      vertex 23.7035 43.9151 5
      vertex 23.6379 43.9117 4.2
      vertex 23.7035 43.9151 4.2
    endloop
  endfacet
  facet normal 0.0467426 -0.998907 0
    outer loop
      vertex 23.5802 43.909 4.2
      vertex 23.6379 43.9117 5
      vertex 23.5802 43.909 5
    endloop
  endfacet
  facet normal 0.0467426 -0.998907 0
    outer loop
      vertex 23.6379 43.9117 5
      vertex 23.5802 43.909 4.2
      vertex 23.6379 43.9117 4.2
    endloop
  endfacet
  facet normal 0.0576407 -0.998337 0
    outer loop
      vertex 23.5369 43.9065 4.2
      vertex 23.5802 43.909 5
      vertex 23.5369 43.9065 5
    endloop
  endfacet
  facet normal 0.0576407 -0.998337 0
    outer loop
      vertex 23.5802 43.909 5
      vertex 23.5369 43.9065 4.2
      vertex 23.5802 43.909 4.2
    endloop
  endfacet
  facet normal 0.105601 -0.994409 0
    outer loop
      vertex 23.5143 43.9041 4.2
      vertex 23.5369 43.9065 5
      vertex 23.5143 43.9041 5
    endloop
  endfacet
  facet normal 0.105601 -0.994409 0
    outer loop
      vertex 23.5369 43.9065 5
      vertex 23.5143 43.9041 4.2
      vertex 23.5369 43.9065 4.2
    endloop
  endfacet
  facet normal 1 -0 0
    outer loop
      vertex 23.5143 43.4891 5
      vertex 23.5143 43.9041 4.2
      vertex 23.5143 43.9041 5
    endloop
  endfacet
  facet normal 1 0 0
    outer loop
      vertex 23.5143 43.9041 4.2
      vertex 23.5143 43.4891 5
      vertex 23.5143 43.4891 4.2
    endloop
  endfacet
  facet normal -0.0571089 0.998368 0
    outer loop
      vertex 23.7066 43.5001 4.2
      vertex 23.5143 43.4891 5
      vertex 23.7066 43.5001 5
    endloop
  endfacet
  facet normal -0.0571089 0.998368 0
    outer loop
      vertex 23.5143 43.4891 5
      vertex 23.7066 43.5001 4.2
      vertex 23.5143 43.4891 4.2
    endloop
  endfacet
  facet normal -0.00968478 0.999953 0
    outer loop
      vertex 24.0783 43.5037 4.2
      vertex 23.7066 43.5001 5
      vertex 24.0783 43.5037 5
    endloop
  endfacet
  facet normal -0.00968478 0.999953 0
    outer loop
      vertex 23.7066 43.5001 5
      vertex 24.0783 43.5037 4.2
      vertex 23.7066 43.5001 4.2
    endloop
  endfacet
  facet normal 0 1 -0
    outer loop
      vertex 26.1557 43.5037 4.2
      vertex 24.0783 43.5037 5
      vertex 26.1557 43.5037 5
    endloop
  endfacet
  facet normal 0 1 0
    outer loop
      vertex 24.0783 43.5037 5
      vertex 26.1557 43.5037 4.2
      vertex 24.0783 43.5037 4.2
    endloop
  endfacet
  facet normal -1 0 0
    outer loop
      vertex 26.1557 43.5037 4.2
      vertex 26.1557 43.9407 5
      vertex 26.1557 43.9407 4.2
    endloop
  endfacet
  facet normal -1 -0 0
    outer loop
      vertex 26.1557 43.9407 5
      vertex 26.1557 43.5037 4.2
      vertex 26.1557 43.5037 5
    endloop
  endfacet
  facet normal 0 -1 0
    outer loop
      vertex 24.6251 43.9407 4.2
      vertex 26.1557 43.9407 5
      vertex 24.6251 43.9407 5
    endloop
  endfacet
  facet normal 0 -1 -0
    outer loop
      vertex 26.1557 43.9407 5
      vertex 24.6251 43.9407 4.2
      vertex 26.1557 43.9407 4.2
    endloop
  endfacet
  facet normal -0.11719 -0.993109 0
    outer loop
      vertex 24.2785 48.0491 4.2
      vertex 24.6251 48.0082 5
      vertex 24.2785 48.0491 5
    endloop
  endfacet
  facet normal -0.11719 -0.993109 -0
    outer loop
      vertex 24.6251 48.0082 5
      vertex 24.2785 48.0491 4.2
      vertex 24.6251 48.0082 4.2
    endloop
  endfacet
  facet normal -0.428116 -0.903724 0
    outer loop
      vertex 24.0197 48.1717 4.2
      vertex 24.2785 48.0491 5
      vertex 24.0197 48.1717 5
    endloop
  endfacet
  facet normal -0.428116 -0.903724 -0
    outer loop
      vertex 24.2785 48.0491 5
      vertex 24.0197 48.1717 4.2
      vertex 24.2785 48.0491 4.2
    endloop
  endfacet
  facet normal -0.767536 -0.641006 0
    outer loop
      vertex 24.0197 48.1717 4.2
      vertex 23.8586 48.3646 5
      vertex 23.8586 48.3646 4.2
    endloop
  endfacet
  facet normal -0.767536 -0.641006 0
    outer loop
      vertex 23.8586 48.3646 5
      vertex 24.0197 48.1717 4.2
      vertex 24.0197 48.1717 5
    endloop
  endfacet
  facet normal -0.977859 -0.209263 0
    outer loop
      vertex 23.8586 48.3646 4.2
      vertex 23.8048 48.616 5
      vertex 23.8048 48.616 4.2
    endloop
  endfacet
  facet normal -0.977859 -0.209263 0
    outer loop
      vertex 23.8048 48.616 5
      vertex 23.8586 48.3646 4.2
      vertex 23.8586 48.3646 5
    endloop
  endfacet
  facet normal -0.987645 0.156708 0
    outer loop
      vertex 23.8048 48.616 4.2
      vertex 23.8415 48.8473 5
      vertex 23.8415 48.8473 4.2
    endloop
  endfacet
  facet normal -0.987645 0.156708 0
    outer loop
      vertex 23.8415 48.8473 5
      vertex 23.8048 48.616 4.2
      vertex 23.8048 48.616 5
    endloop
  endfacet
  facet normal -0.801371 0.598168 0
    outer loop
      vertex 23.8415 48.8473 4.2
      vertex 23.9513 48.9944 5
      vertex 23.9513 48.9944 4.2
    endloop
  endfacet
  facet normal -0.801371 0.598168 0
    outer loop
      vertex 23.9513 48.9944 5
      vertex 23.8415 48.8473 4.2
      vertex 23.8415 48.8473 5
    endloop
  endfacet
  facet normal -0.357732 0.933824 0
    outer loop
      vertex 24.157 49.0732 4.2
      vertex 23.9513 48.9944 5
      vertex 24.157 49.0732 5
    endloop
  endfacet
  facet normal -0.357732 0.933824 0
    outer loop
      vertex 23.9513 48.9944 5
      vertex 24.157 49.0732 4.2
      vertex 23.9513 48.9944 4.2
    endloop
  endfacet
  facet normal -0.0805764 0.996748 0
    outer loop
      vertex 24.4811 49.0994 4.2
      vertex 24.157 49.0732 5
      vertex 24.4811 49.0994 5
    endloop
  endfacet
  facet normal -0.0805764 0.996748 0
    outer loop
      vertex 24.157 49.0732 5
      vertex 24.4811 49.0994 4.2
      vertex 24.157 49.0732 4.2
    endloop
  endfacet
  facet normal 0 1 -0
    outer loop
      vertex 26.1557 49.0994 4.2
      vertex 24.4811 49.0994 5
      vertex 26.1557 49.0994 5
    endloop
  endfacet
  facet normal 0 1 0
    outer loop
      vertex 24.4811 49.0994 5
      vertex 26.1557 49.0994 4.2
      vertex 24.4811 49.0994 4.2
    endloop
  endfacet
  facet normal -1 0 0
    outer loop
      vertex 26.1557 49.0994 4.2
      vertex 26.1557 49.534 5
      vertex 26.1557 49.534 4.2
    endloop
  endfacet
  facet normal -1 -0 0
    outer loop
      vertex 26.1557 49.534 5
      vertex 26.1557 49.0994 4.2
      vertex 26.1557 49.0994 5
    endloop
  endfacet
  facet normal 0 -1 0
    outer loop
      vertex 24.6251 49.534 4.2
      vertex 26.1557 49.534 5
      vertex 24.6251 49.534 5
    endloop
  endfacet
  facet normal 0 -1 -0
    outer loop
      vertex 26.1557 49.534 5
      vertex 24.6251 49.534 4.2
      vertex 26.1557 49.534 4.2
    endloop
  endfacet
  facet normal -0.113844 -0.993499 0
    outer loop
      vertex 24.2769 49.5739 4.2
      vertex 24.6251 49.534 5
      vertex 24.2769 49.5739 5
    endloop
  endfacet
  facet normal -0.113844 -0.993499 -0
    outer loop
      vertex 24.6251 49.534 5
      vertex 24.2769 49.5739 4.2
      vertex 24.6251 49.534 4.2
    endloop
  endfacet
  facet normal -0.420905 -0.907105 0
    outer loop
      vertex 24.0185 49.6938 4.2
      vertex 24.2769 49.5739 5
      vertex 24.0185 49.6938 5
    endloop
  endfacet
  facet normal -0.420905 -0.907105 -0
    outer loop
      vertex 24.2769 49.5739 5
      vertex 24.0185 49.6938 4.2
      vertex 24.2769 49.5739 4.2
    endloop
  endfacet
  facet normal -0.767828 -0.640656 0
    outer loop
      vertex 24.0185 49.6938 4.2
      vertex 23.8583 49.8858 5
      vertex 23.8583 49.8858 4.2
    endloop
  endfacet
  facet normal -0.767828 -0.640656 0
    outer loop
      vertex 23.8583 49.8858 5
      vertex 24.0185 49.6938 4.2
      vertex 24.0185 49.6938 5
    endloop
  endfacet
  facet normal -0.978853 -0.204565 0
    outer loop
      vertex 23.8583 49.8858 4.2
      vertex 23.8048 50.1418 5
      vertex 23.8048 50.1418 4.2
    endloop
  endfacet
  facet normal -0.978853 -0.204565 0
    outer loop
      vertex 23.8048 50.1418 5
      vertex 23.8583 49.8858 4.2
      vertex 23.8583 49.8858 5
    endloop
  endfacet
  facet normal -0.987645 0.156708 0
    outer loop
      vertex 23.8048 50.1418 4.2
      vertex 23.8415 50.3731 5
      vertex 23.8415 50.3731 4.2
    endloop
  endfacet
  facet normal -0.987645 0.156708 0
    outer loop
      vertex 23.8415 50.3731 5
      vertex 23.8048 50.1418 4.2
      vertex 23.8048 50.1418 5
    endloop
  endfacet
  facet normal -0.801371 0.598168 0
    outer loop
      vertex 23.8415 50.3731 4.2
      vertex 23.9513 50.5202 5
      vertex 23.9513 50.5202 4.2
    endloop
  endfacet
  facet normal -0.801371 0.598168 0
    outer loop
      vertex 23.9513 50.5202 5
      vertex 23.8415 50.3731 4.2
      vertex 23.8415 50.3731 5
    endloop
  endfacet
  facet normal -0.357732 0.933824 0
    outer loop
      vertex 24.157 50.599 4.2
      vertex 23.9513 50.5202 5
      vertex 24.157 50.599 5
    endloop
  endfacet
  facet normal -0.357732 0.933824 0
    outer loop
      vertex 23.9513 50.5202 5
      vertex 24.157 50.599 4.2
      vertex 23.9513 50.5202 4.2
    endloop
  endfacet
  facet normal -0.0805764 0.996748 0
    outer loop
      vertex 24.4811 50.6252 4.2
      vertex 24.157 50.599 5
      vertex 24.4811 50.6252 5
    endloop
  endfacet
  facet normal -0.0805764 0.996748 0
    outer loop
      vertex 24.157 50.599 5
      vertex 24.4811 50.6252 4.2
      vertex 24.157 50.599 4.2
    endloop
  endfacet
  facet normal 0 1 -0
    outer loop
      vertex 26.1557 50.6252 4.2
      vertex 24.4811 50.6252 5
      vertex 26.1557 50.6252 5
    endloop
  endfacet
  facet normal 0 1 0
    outer loop
      vertex 24.4811 50.6252 5
      vertex 26.1557 50.6252 4.2
      vertex 24.4811 50.6252 4.2
    endloop
  endfacet
  facet normal -1 0 0
    outer loop
      vertex 26.1557 50.6252 4.2
      vertex 26.1557 51.0597 5
      vertex 26.1557 51.0597 4.2
    endloop
  endfacet
  facet normal -1 -0 0
    outer loop
      vertex 26.1557 51.0597 5
      vertex 26.1557 50.6252 4.2
      vertex 26.1557 50.6252 5
    endloop
  endfacet
  facet normal 0 -1 0
    outer loop
      vertex 24.3956 51.0597 4.2
      vertex 26.1557 51.0597 5
      vertex 24.3956 51.0597 5
    endloop
  endfacet
  facet normal 0 -1 -0
    outer loop
      vertex 26.1557 51.0597 5
      vertex 24.3956 51.0597 4.2
      vertex 26.1557 51.0597 4.2
    endloop
  endfacet
  facet normal 0.105973 -0.994369 0
    outer loop
      vertex 23.9696 51.0143 4.2
      vertex 24.3956 51.0597 5
      vertex 23.9696 51.0143 5
    endloop
  endfacet
  facet normal 0.105973 -0.994369 0
    outer loop
      vertex 24.3956 51.0597 5
      vertex 23.9696 51.0143 4.2
      vertex 24.3956 51.0597 4.2
    endloop
  endfacet
  facet normal 0.42975 -0.902948 0
    outer loop
      vertex 23.6828 50.8778 4.2
      vertex 23.9696 51.0143 5
      vertex 23.6828 50.8778 5
    endloop
  endfacet
  facet normal 0.42975 -0.902948 0
    outer loop
      vertex 23.9696 51.0143 5
      vertex 23.6828 50.8778 4.2
      vertex 23.9696 51.0143 4.2
    endloop
  endfacet
  facet normal 0.823381 -0.567489 0
    outer loop
      vertex 23.5198 50.6413 5
      vertex 23.6828 50.8778 4.2
      vertex 23.6828 50.8778 5
    endloop
  endfacet
  facet normal 0.823381 -0.567489 0
    outer loop
      vertex 23.6828 50.8778 4.2
      vertex 23.5198 50.6413 5
      vertex 23.5198 50.6413 4.2
    endloop
  endfacet
  facet normal 0.987888 -0.15517 0
    outer loop
      vertex 23.4655 50.2956 5
      vertex 23.5198 50.6413 4.2
      vertex 23.5198 50.6413 5
    endloop
  endfacet
  facet normal 0.987888 -0.15517 0
    outer loop
      vertex 23.5198 50.6413 4.2
      vertex 23.4655 50.2956 5
      vertex 23.4655 50.2956 4.2
    endloop
  endfacet
  facet normal 0.993484 0.113974 0
    outer loop
      vertex 23.4948 50.0402 5
      vertex 23.4655 50.2956 4.2
      vertex 23.4655 50.2956 5
    endloop
  endfacet
  facet normal 0.993484 0.113974 0
    outer loop
      vertex 23.4655 50.2956 4.2
      vertex 23.4948 50.0402 5
      vertex 23.4948 50.0402 4.2
    endloop
  endfacet
  facet normal 0.92532 0.379187 0
    outer loop
      vertex 23.5827 49.8257 5
      vertex 23.4948 50.0402 4.2
      vertex 23.4948 50.0402 5
    endloop
  endfacet
  facet normal 0.92532 0.379187 0
    outer loop
      vertex 23.4948 50.0402 4.2
      vertex 23.5827 49.8257 5
      vertex 23.5827 49.8257 4.2
    endloop
  endfacet
  facet normal 0.758661 0.651486 0
    outer loop
      vertex 23.7371 49.6459 5
      vertex 23.5827 49.8257 4.2
      vertex 23.5827 49.8257 5
    endloop
  endfacet
  facet normal 0.758661 0.651486 0
    outer loop
      vertex 23.5827 49.8257 4.2
      vertex 23.7371 49.6459 5
      vertex 23.7371 49.6459 4.2
    endloop
  endfacet
  facet normal 0.550654 0.834733 -0
    outer loop
      vertex 23.966 49.4949 4.2
      vertex 23.7371 49.6459 5
      vertex 23.966 49.4949 5
    endloop
  endfacet
  facet normal 0.550654 0.834733 0
    outer loop
      vertex 23.7371 49.6459 5
      vertex 23.966 49.4949 4.2
      vertex 23.7371 49.6459 4.2
    endloop
  endfacet
  facet normal 1 -0 0
    outer loop
      vertex 23.966 49.4876 5
      vertex 23.966 49.4949 4.2
      vertex 23.966 49.4949 5
    endloop
  endfacet
  facet normal 1 0 0
    outer loop
      vertex 23.966 49.4949 4.2
      vertex 23.966 49.4876 5
      vertex 23.966 49.4876 4.2
    endloop
  endfacet
  facet normal 0.387656 -0.921804 0
    outer loop
      vertex 23.7401 49.3926 4.2
      vertex 23.966 49.4876 5
      vertex 23.7401 49.3926 5
    endloop
  endfacet
  facet normal 0.387656 -0.921804 0
    outer loop
      vertex 23.966 49.4876 5
      vertex 23.7401 49.3926 4.2
      vertex 23.966 49.4876 4.2
    endloop
  endfacet
  facet normal 0.690587 -0.72325 0
    outer loop
      vertex 23.5851 49.2446 4.2
      vertex 23.7401 49.3926 5
      vertex 23.5851 49.2446 5
    endloop
  endfacet
  facet normal 0.690587 -0.72325 0
    outer loop
      vertex 23.7401 49.3926 5
      vertex 23.5851 49.2446 4.2
      vertex 23.7401 49.3926 4.2
    endloop
  endfacet
  facet normal 0.91678 -0.399394 0
    outer loop
      vertex 23.4954 49.0387 5
      vertex 23.5851 49.2446 4.2
      vertex 23.5851 49.2446 5
    endloop
  endfacet
  facet normal 0.91678 -0.399394 0
    outer loop
      vertex 23.5851 49.2446 4.2
      vertex 23.4954 49.0387 5
      vertex 23.4954 49.0387 4.2
    endloop
  endfacet
  facet normal 0.993875 -0.110513 0
    outer loop
      vertex 23.4655 48.7698 5
      vertex 23.4954 49.0387 4.2
      vertex 23.4954 49.0387 5
    endloop
  endfacet
  facet normal 0.993875 -0.110513 0
    outer loop
      vertex 23.4954 49.0387 4.2
      vertex 23.4655 48.7698 5
      vertex 23.4655 48.7698 4.2
    endloop
  endfacet
  facet normal 0.993683 0.112223 0
    outer loop
      vertex 23.493 48.5263 5
      vertex 23.4655 48.7698 4.2
      vertex 23.4655 48.7698 5
    endloop
  endfacet
  facet normal 0.993683 0.112223 0
    outer loop
      vertex 23.4655 48.7698 4.2
      vertex 23.493 48.5263 5
      vertex 23.493 48.5263 4.2
    endloop
  endfacet
  facet normal 0.926705 0.37579 0
    outer loop
      vertex 23.5754 48.3231 5
      vertex 23.493 48.5263 4.2
      vertex 23.493 48.5263 5
    endloop
  endfacet
  facet normal 0.926705 0.37579 0
    outer loop
      vertex 23.493 48.5263 4.2
      vertex 23.5754 48.3231 5
      vertex 23.5754 48.3231 4.2
    endloop
  endfacet
  facet normal 0.749584 0.661909 0
    outer loop
      vertex 23.7279 48.1504 5
      vertex 23.5754 48.3231 4.2
      vertex 23.5754 48.3231 5
    endloop
  endfacet
  facet normal 0.749584 0.661909 0
    outer loop
      vertex 23.5754 48.3231 4.2
      vertex 23.7279 48.1504 5
      vertex 23.7279 48.1504 4.2
    endloop
  endfacet
  facet normal 0.538089 0.842888 -0
    outer loop
      vertex 23.966 47.9984 4.2
      vertex 23.7279 48.1504 5
      vertex 23.966 47.9984 5
    endloop
  endfacet
  facet normal 0.538089 0.842888 0
    outer loop
      vertex 23.7279 48.1504 5
      vertex 23.966 47.9984 4.2
      vertex 23.7279 48.1504 4.2
    endloop
  endfacet
  facet normal 1 -0 0
    outer loop
      vertex 23.966 47.9911 5
      vertex 23.966 47.9984 4.2
      vertex 23.966 47.9984 5
    endloop
  endfacet
  facet normal 1 0 0
    outer loop
      vertex 23.966 47.9984 4.2
      vertex 23.966 47.9911 5
      vertex 23.966 47.9911 4.2
    endloop
  endfacet
  facet normal 0.0283661 -0.999598 0
    outer loop
      vertex 23.8039 47.9865 4.2
      vertex 23.966 47.9911 5
      vertex 23.8039 47.9865 5
    endloop
  endfacet
  facet normal 0.0283661 -0.999598 0
    outer loop
      vertex 23.966 47.9911 5
      vertex 23.8039 47.9865 4.2
      vertex 23.966 47.9911 4.2
    endloop
  endfacet
  facet normal 0.0398091 -0.999207 0
    outer loop
      vertex 23.7035 47.9825 4.2
      vertex 23.8039 47.9865 5
      vertex 23.7035 47.9825 5
    endloop
  endfacet
  facet normal 0.0398091 -0.999207 0
    outer loop
      vertex 23.8039 47.9865 5
      vertex 23.7035 47.9825 4.2
      vertex 23.8039 47.9865 4.2
    endloop
  endfacet
  facet normal 0.0502413 -0.998737 0
    outer loop
      vertex 23.6379 47.9792 4.2
      vertex 23.7035 47.9825 5
      vertex 23.6379 47.9792 5
    endloop
  endfacet
  facet normal 0.0502413 -0.998737 0
    outer loop
      vertex 23.7035 47.9825 5
      vertex 23.6379 47.9792 4.2
      vertex 23.7035 47.9825 4.2
    endloop
  endfacet
  facet normal 0.0484698 -0.998825 0
    outer loop
      vertex 23.5802 47.9764 4.2
      vertex 23.6379 47.9792 5
      vertex 23.5802 47.9764 5
    endloop
  endfacet
  facet normal 0.0484698 -0.998825 0
    outer loop
      vertex 23.6379 47.9792 5
      vertex 23.5802 47.9764 4.2
      vertex 23.6379 47.9792 4.2
    endloop
  endfacet
  facet normal 0.0553423 -0.998467 0
    outer loop
      vertex 23.5369 47.974 4.2
      vertex 23.5802 47.9764 5
      vertex 23.5369 47.974 5
    endloop
  endfacet
  facet normal 0.0553423 -0.998467 0
    outer loop
      vertex 23.5802 47.9764 5
      vertex 23.5369 47.974 4.2
      vertex 23.5802 47.9764 4.2
    endloop
  endfacet
  facet normal 0.105601 -0.994409 0
    outer loop
      vertex 23.5143 47.9716 4.2
      vertex 23.5369 47.974 5
      vertex 23.5143 47.9716 5
    endloop
  endfacet
  facet normal 0.105601 -0.994409 0
    outer loop
      vertex 23.5369 47.974 5
      vertex 23.5143 47.9716 4.2
      vertex 23.5369 47.974 4.2
    endloop
  endfacet
  facet normal 1 -0 0
    outer loop
      vertex 23.5143 47.5565 5
      vertex 23.5143 47.9716 4.2
      vertex 23.5143 47.9716 5
    endloop
  endfacet
  facet normal 1 0 0
    outer loop
      vertex 23.5143 47.9716 4.2
      vertex 23.5143 47.5565 5
      vertex 23.5143 47.5565 4.2
    endloop
  endfacet
  facet normal -0.0571089 0.998368 0
    outer loop
      vertex 23.7066 47.5675 4.2
      vertex 23.5143 47.5565 5
      vertex 23.7066 47.5675 5
    endloop
  endfacet
  facet normal -0.0571089 0.998368 0
    outer loop
      vertex 23.5143 47.5565 5
      vertex 23.7066 47.5675 4.2
      vertex 23.5143 47.5565 4.2
    endloop
  endfacet
  facet normal -0.00995377 0.99995 0
    outer loop
      vertex 24.0783 47.5712 4.2
      vertex 23.7066 47.5675 5
      vertex 24.0783 47.5712 5
    endloop
  endfacet
  facet normal -0.00995377 0.99995 0
    outer loop
      vertex 23.7066 47.5675 5
      vertex 24.0783 47.5712 4.2
      vertex 23.7066 47.5675 4.2
    endloop
  endfacet
  facet normal 0 1 -0
    outer loop
      vertex 26.1557 47.5712 4.2
      vertex 24.0783 47.5712 5
      vertex 26.1557 47.5712 5
    endloop
  endfacet
  facet normal 0 1 0
    outer loop
      vertex 24.0783 47.5712 5
      vertex 26.1557 47.5712 4.2
      vertex 24.0783 47.5712 4.2
    endloop
  endfacet
  facet normal -1 0 0
    outer loop
      vertex 26.1557 47.5712 4.2
      vertex 26.1557 48.0082 5
      vertex 26.1557 48.0082 4.2
    endloop
  endfacet
  facet normal -1 -0 0
    outer loop
      vertex 26.1557 48.0082 5
      vertex 26.1557 47.5712 4.2
      vertex 26.1557 47.5712 5
    endloop
  endfacet
  facet normal 0 -1 0
    outer loop
      vertex 24.6251 48.0082 4.2
      vertex 26.1557 48.0082 5
      vertex 24.6251 48.0082 5
    endloop
  endfacet
  facet normal 0 -1 -0
    outer loop
      vertex 26.1557 48.0082 5
      vertex 24.6251 48.0082 4.2
      vertex 26.1557 48.0082 4.2
    endloop
  endfacet
  facet normal -0.548166 0.83637 0
    outer loop
      vertex 26.1557 27.739 4.2
      vertex 25.0718 27.0286 5
      vertex 26.1557 27.739 5
    endloop
  endfacet
  facet normal -0.548166 0.83637 0
    outer loop
      vertex 25.0718 27.0286 5
      vertex 26.1557 27.739 4.2
      vertex 25.0718 27.0286 4.2
    endloop
  endfacet
  facet normal -1 0 0
    outer loop
      vertex 26.1557 27.739 4.2
      vertex 26.1557 28.2297 5
      vertex 26.1557 28.2297 4.2
    endloop
  endfacet
  facet normal -1 -0 0
    outer loop
      vertex 26.1557 28.2297 5
      vertex 26.1557 27.739 4.2
      vertex 26.1557 27.739 5
    endloop
  endfacet
  facet normal 0.572881 -0.819639 0
    outer loop
      vertex 24.7935 27.2776 4.2
      vertex 26.1557 28.2297 5
      vertex 24.7935 27.2776 5
    endloop
  endfacet
  facet normal 0.572881 -0.819639 0
    outer loop
      vertex 26.1557 28.2297 5
      vertex 24.7935 27.2776 4.2
      vertex 26.1557 28.2297 4.2
    endloop
  endfacet
  facet normal -0.57366 -0.819094 0
    outer loop
      vertex 23.5143 28.1735 4.2
      vertex 24.7935 27.2776 5
      vertex 23.5143 28.1735 5
    endloop
  endfacet
  facet normal -0.57366 -0.819094 -0
    outer loop
      vertex 24.7935 27.2776 5
      vertex 23.5143 28.1735 4.2
      vertex 24.7935 27.2776 4.2
    endloop
  endfacet
  facet normal 1 -0 0
    outer loop
      vertex 23.5143 27.6828 5
      vertex 23.5143 28.1735 4.2
      vertex 23.5143 28.1735 5
    endloop
  endfacet
  facet normal 1 0 0
    outer loop
      vertex 23.5143 28.1735 4.2
      vertex 23.5143 27.6828 5
      vertex 23.5143 27.6828 4.2
    endloop
  endfacet
  facet normal 0.53696 0.843607 -0
    outer loop
      vertex 24.5421 27.0286 4.2
      vertex 23.5143 27.6828 5
      vertex 24.5421 27.0286 5
    endloop
  endfacet
  facet normal 0.53696 0.843607 0
    outer loop
      vertex 23.5143 27.6828 5
      vertex 24.5421 27.0286 4.2
      vertex 23.5143 27.6828 4.2
    endloop
  endfacet
  facet normal 0.539871 -0.841747 0
    outer loop
      vertex 23.5143 26.3694 4.2
      vertex 24.5421 27.0286 5
      vertex 23.5143 26.3694 5
    endloop
  endfacet
  facet normal 0.539871 -0.841747 0
    outer loop
      vertex 24.5421 27.0286 5
      vertex 23.5143 26.3694 4.2
      vertex 24.5421 27.0286 4.2
    endloop
  endfacet
  facet normal 1 -0 0
    outer loop
      vertex 23.5143 25.8836 5
      vertex 23.5143 26.3694 4.2
      vertex 23.5143 26.3694 5
    endloop
  endfacet
  facet normal 1 0 0
    outer loop
      vertex 23.5143 26.3694 4.2
      vertex 23.5143 25.8836 5
      vertex 23.5143 25.8836 4.2
    endloop
  endfacet
  facet normal -0.572232 0.820092 0
    outer loop
      vertex 24.7984 26.7796 4.2
      vertex 23.5143 25.8836 5
      vertex 24.7984 26.7796 5
    endloop
  endfacet
  facet normal -0.572232 0.820092 0
    outer loop
      vertex 23.5143 25.8836 5
      vertex 24.7984 26.7796 4.2
      vertex 23.5143 25.8836 4.2
    endloop
  endfacet
  facet normal 0.569304 0.822127 -0
    outer loop
      vertex 26.1557 25.8397 4.2
      vertex 24.7984 26.7796 5
      vertex 26.1557 25.8397 5
    endloop
  endfacet
  facet normal 0.569304 0.822127 0
    outer loop
      vertex 24.7984 26.7796 5
      vertex 26.1557 25.8397 4.2
      vertex 24.7984 26.7796 4.2
    endloop
  endfacet
  facet normal -1 0 0
    outer loop
      vertex 26.1557 25.8397 4.2
      vertex 26.1557 26.3133 5
      vertex 26.1557 26.3133 4.2
    endloop
  endfacet
  facet normal -1 -0 0
    outer loop
      vertex 26.1557 26.3133 5
      vertex 26.1557 25.8397 4.2
      vertex 26.1557 25.8397 5
    endloop
  endfacet
  facet normal -0.550803 -0.834636 0
    outer loop
      vertex 25.0718 27.0286 4.2
      vertex 26.1557 26.3133 5
      vertex 25.0718 27.0286 5
    endloop
  endfacet
  facet normal -0.550803 -0.834636 -0
    outer loop
      vertex 26.1557 26.3133 5
      vertex 25.0718 27.0286 4.2
      vertex 26.1557 26.3133 4.2
    endloop
  endfacet
  facet normal 1 -0 0
    outer loop
      vertex 25.6211 35.4692 5
      vertex 25.6211 35.9453 4.2
      vertex 25.6211 35.9453 5
    endloop
  endfacet
  facet normal 1 0 0
    outer loop
      vertex 25.6211 35.9453 4.2
      vertex 25.6211 35.4692 5
      vertex 25.6211 35.4692 4.2
    endloop
  endfacet
  facet normal 0 1 -0
    outer loop
      vertex 26.1557 35.4692 4.2
      vertex 25.6211 35.4692 5
      vertex 26.1557 35.4692 5
    endloop
  endfacet
  facet normal 0 1 0
    outer loop
      vertex 25.6211 35.4692 5
      vertex 26.1557 35.4692 4.2
      vertex 25.6211 35.4692 4.2
    endloop
  endfacet
  facet normal -1 0 0
    outer loop
      vertex 26.1557 35.4692 4.2
      vertex 26.1557 35.9453 5
      vertex 26.1557 35.9453 4.2
    endloop
  endfacet
  facet normal -1 -0 0
    outer loop
      vertex 26.1557 35.9453 5
      vertex 26.1557 35.4692 4.2
      vertex 26.1557 35.4692 5
    endloop
  endfacet
  facet normal 0 -1 0
    outer loop
      vertex 25.6211 35.9453 4.2
      vertex 26.1557 35.9453 5
      vertex 25.6211 35.9453 5
    endloop
  endfacet
  facet normal 0 -1 -0
    outer loop
      vertex 26.1557 35.9453 5
      vertex 25.6211 35.9453 4.2
      vertex 26.1557 35.9453 4.2
    endloop
  endfacet
  facet normal 1 -0 0
    outer loop
      vertex 25.6211 18.0957 5
      vertex 25.6211 18.5717 4.2
      vertex 25.6211 18.5717 5
    endloop
  endfacet
  facet normal 1 0 0
    outer loop
      vertex 25.6211 18.5717 4.2
      vertex 25.6211 18.0957 5
      vertex 25.6211 18.0957 4.2
    endloop
  endfacet
  facet normal 0 1 -0
    outer loop
      vertex 26.1557 18.0957 4.2
      vertex 25.6211 18.0957 5
      vertex 26.1557 18.0957 5
    endloop
  endfacet
  facet normal 0 1 0
    outer loop
      vertex 25.6211 18.0957 5
      vertex 26.1557 18.0957 4.2
      vertex 25.6211 18.0957 4.2
    endloop
  endfacet
  facet normal -1 0 0
    outer loop
      vertex 26.1557 18.0957 4.2
      vertex 26.1557 18.5717 5
      vertex 26.1557 18.5717 4.2
    endloop
  endfacet
  facet normal -1 -0 0
    outer loop
      vertex 26.1557 18.5717 5
      vertex 26.1557 18.0957 4.2
      vertex 26.1557 18.0957 5
    endloop
  endfacet
  facet normal 0 -1 0
    outer loop
      vertex 25.6211 18.5717 4.2
      vertex 26.1557 18.5717 5
      vertex 25.6211 18.5717 5
    endloop
  endfacet
  facet normal 0 -1 -0
    outer loop
      vertex 26.1557 18.5717 5
      vertex 25.6211 18.5717 4.2
      vertex 26.1557 18.5717 4.2
    endloop
  endfacet
  facet normal 1 -0 0
    outer loop
      vertex 44.45 0 5
      vertex 44.45 63.5 0
      vertex 44.45 63.5 5
    endloop
  endfacet
  facet normal 1 0 0
    outer loop
      vertex 44.45 63.5 0
      vertex 44.45 0 5
      vertex 44.45 0 0
    endloop
  endfacet
  facet normal -0 0 1
    outer loop
      vertex 18.5902 22.0212 5
      vertex 19.7791 21.9064 5
      vertex 19.7397 22.2271 5
    endloop
  endfacet
  facet normal -0 0 1
    outer loop
      vertex 20.1993 22.276 5
      vertex 21.4049 22.0456 5
      vertex 21.3641 22.3419 5
    endloop
  endfacet
  facet normal 0 0 1
    outer loop
      vertex 21.0381 22.7087 5
      vertex 21.3641 22.3419 5
      vertex 21.2414 22.5667 5
    endloop
  endfacet
  facet normal 0 0 1
    outer loop
      vertex 20.7556 22.756 5
      vertex 21.3641 22.3419 5
      vertex 21.0381 22.7087 5
    endloop
  endfacet
  facet normal 0 0 1
    outer loop
      vertex 21.4049 22.0456 5
      vertex 20.1993 22.276 5
      vertex 20.1599 21.9162 5
    endloop
  endfacet
  facet normal 0 0 1
    outer loop
      vertex 21.3641 22.3419 5
      vertex 20.7556 22.756 5
      vertex 20.1993 22.276 5
    endloop
  endfacet
  facet normal 0 0 1
    outer loop
      vertex 21.7199 26.8746 5
      vertex 20.9411 27.3579 5
      vertex 20.9411 26.8746 5
    endloop
  endfacet
  facet normal 0 0 1
    outer loop
      vertex 19.1859 22.6656 5
      vertex 18.6302 22.3016 5
      vertex 19.7397 22.2271 5
    endloop
  endfacet
  facet normal 0 0 1
    outer loop
      vertex 19.7791 21.9064 5
      vertex 18.5902 22.0212 5
      vertex 18.6274 21.7584 5
    endloop
  endfacet
  facet normal 0 0 1
    outer loop
      vertex 18.6302 22.3016 5
      vertex 18.939 22.625 5
      vertex 18.7501 22.5033 5
    endloop
  endfacet
  facet normal 0 0 1
    outer loop
      vertex 19.7791 21.9064 5
      vertex 18.6274 21.7584 5
      vertex 19.159 21.3425 5
    endloop
  endfacet
  facet normal 0 0 1
    outer loop
      vertex 19.7397 22.2271 5
      vertex 18.6302 22.3016 5
      vertex 18.5902 22.0212 5
    endloop
  endfacet
  facet normal 0 0 1
    outer loop
      vertex 19.159 21.3425 5
      vertex 18.6274 21.7584 5
      vertex 18.9185 21.4093 5
    endloop
  endfacet
  facet normal 0 0 1
    outer loop
      vertex 18.9185 21.4093 5
      vertex 18.6274 21.7584 5
      vertex 18.7391 21.5512 5
    endloop
  endfacet
  facet normal 0 0 1
    outer loop
      vertex 18.6293 35.9868 5
      vertex 19.1859 36.3511 5
      vertex 18.9344 36.3096 5
    endloop
  endfacet
  facet normal 0 0 1
    outer loop
      vertex 19.1859 36.3511 5
      vertex 18.5902 35.7237 5
      vertex 19.1712 35.0475 5
    endloop
  endfacet
  facet normal 0 0 1
    outer loop
      vertex 18.6293 35.9868 5
      vertex 18.9344 36.3096 5
      vertex 18.7464 36.1851 5
    endloop
  endfacet
  facet normal -0 -0 1
    outer loop
      vertex 18.6283 35.4677 5
      vertex 19.1712 35.0475 5
      vertex 18.5902 35.7237 5
    endloop
  endfacet
  facet normal 0 0 1
    outer loop
      vertex 19.1859 36.3511 5
      vertex 18.6293 35.9868 5
      vertex 18.5902 35.7237 5
    endloop
  endfacet
  facet normal 0 0 1
    outer loop
      vertex 19.1712 35.0475 5
      vertex 18.6283 35.4677 5
      vertex 18.9262 35.1167 5
    endloop
  endfacet
  facet normal 0 0 1
    outer loop
      vertex 18.9262 35.1167 5
      vertex 18.6283 35.4677 5
      vertex 18.7428 35.2611 5
    endloop
  endfacet
  facet normal 0 0 1
    outer loop
      vertex 18.6293 44.1311 5
      vertex 19.1859 44.4955 5
      vertex 18.9344 44.454 5
    endloop
  endfacet
  facet normal 0 0 1
    outer loop
      vertex 19.1859 44.4955 5
      vertex 18.5902 43.8681 5
      vertex 19.1712 43.1919 5
    endloop
  endfacet
  facet normal 0 0 1
    outer loop
      vertex 18.6293 44.1311 5
      vertex 18.9344 44.454 5
      vertex 18.7464 44.3295 5
    endloop
  endfacet
  facet normal -0 -0 1
    outer loop
      vertex 18.6283 43.612 5
      vertex 19.1712 43.1919 5
      vertex 18.5902 43.8681 5
    endloop
  endfacet
  facet normal 0 0 1
    outer loop
      vertex 19.1859 44.4955 5
      vertex 18.6293 44.1311 5
      vertex 18.5902 43.8681 5
    endloop
  endfacet
  facet normal 0 0 1
    outer loop
      vertex 19.1712 43.1919 5
      vertex 18.6283 43.612 5
      vertex 18.9262 43.2611 5
    endloop
  endfacet
  facet normal 0 0 1
    outer loop
      vertex 18.9262 43.2611 5
      vertex 18.6283 43.612 5
      vertex 18.7428 43.4055 5
    endloop
  endfacet
  facet normal 0 0 1
    outer loop
      vertex 21.3464 17.8367 5
      vertex 19.2542 17.0604 5
      vertex 21.3464 16.9603 5
    endloop
  endfacet
  facet normal 0 -0 1
    outer loop
      vertex 19.2542 17.0604 5
      vertex 21.3464 17.8367 5
      vertex 18.7001 17.8367 5
    endloop
  endfacet
  facet normal -0 0 1
    outer loop
      vertex 19.2542 38.8804 5
      vertex 21.3464 38.7803 5
      vertex 21.3464 39.6567 5
    endloop
  endfacet
  facet normal 0 -0 1
    outer loop
      vertex 19.5691 36.7112 5
      vertex 21.3464 38.7803 5
      vertex 19.2542 38.8804 5
    endloop
  endfacet
  facet normal 0 -0 1
    outer loop
      vertex 20.9912 35.3014 5
      vertex 21.3464 36.8565 5
      vertex 20.7956 35.496 5
    endloop
  endfacet
  facet normal 0 -0 1
    outer loop
      vertex 21.1721 35.1586 5
      vertex 21.3464 36.8565 5
      vertex 20.9912 35.3014 5
    endloop
  endfacet
  facet normal 0 0 1
    outer loop
      vertex 21.3464 36.8565 5
      vertex 21.1721 35.1586 5
      vertex 21.3464 35.0621 5
    endloop
  endfacet
  facet normal 0 0 1
    outer loop
      vertex 21.3464 36.8565 5
      vertex 20.5774 35.7481 5
      vertex 20.7956 35.496 5
    endloop
  endfacet
  facet normal 0 0 1
    outer loop
      vertex 21.3464 36.8565 5
      vertex 20.2167 36.176 5
      vertex 20.5774 35.7481 5
    endloop
  endfacet
  facet normal 0 0 1
    outer loop
      vertex 21.3464 36.8565 5
      vertex 19.9646 36.439 5
      vertex 20.2167 36.176 5
    endloop
  endfacet
  facet normal 0 0 1
    outer loop
      vertex 21.3464 36.8565 5
      vertex 19.7669 36.5974 5
      vertex 19.9646 36.439 5
    endloop
  endfacet
  facet normal 0 -0 1
    outer loop
      vertex 19.7669 36.5974 5
      vertex 21.3464 38.7803 5
      vertex 19.5691 36.7112 5
    endloop
  endfacet
  facet normal 0 0 1
    outer loop
      vertex 21.3464 38.7803 5
      vertex 19.7669 36.5974 5
      vertex 21.3464 36.8565 5
    endloop
  endfacet
  facet normal 0 0 1
    outer loop
      vertex 19.5691 36.7112 5
      vertex 19.2542 38.8804 5
      vertex 19.3708 36.7799 5
    endloop
  endfacet
  facet normal 0 -0 1
    outer loop
      vertex 19.2542 38.8804 5
      vertex 21.3464 39.6567 5
      vertex 18.7001 39.6567 5
    endloop
  endfacet
  facet normal 0 0 1
    outer loop
      vertex 22.716 21.1465 5
      vertex 21.5331 21.2119 5
      vertex 22.716 20.6851 5
    endloop
  endfacet
  facet normal -0 0 1
    outer loop
      vertex 21.2411 20.9638 5
      vertex 22.716 20.6851 5
      vertex 21.5331 21.2119 5
    endloop
  endfacet
  facet normal 0 0 1
    outer loop
      vertex 22.716 20.6851 5
      vertex 21.2411 20.9638 5
      vertex 21.7199 19.1159 5
    endloop
  endfacet
  facet normal 0 0 1
    outer loop
      vertex 21.7199 19.1159 5
      vertex 21.2411 20.9638 5
      vertex 21.3464 19.1159 5
    endloop
  endfacet
  facet normal -0 0 1
    outer loop
      vertex 20.8361 20.842 5
      vertex 21.3464 19.1159 5
      vertex 21.2411 20.9638 5
    endloop
  endfacet
  facet normal 0 0 1
    outer loop
      vertex 19.1248 20.9006 5
      vertex 21.3464 19.1159 5
      vertex 20.8361 20.842 5
    endloop
  endfacet
  facet normal 0 0 1
    outer loop
      vertex 20.3174 22.5399 5
      vertex 20.7556 22.756 5
      vertex 20.5057 22.702 5
    endloop
  endfacet
  facet normal 0 0 1
    outer loop
      vertex 21.4049 22.0456 5
      vertex 20.1599 21.9162 5
      vertex 21.2524 21.5274 5
    endloop
  endfacet
  facet normal 0 0 1
    outer loop
      vertex 20.7556 22.756 5
      vertex 20.3174 22.5399 5
      vertex 20.1993 22.276 5
    endloop
  endfacet
  facet normal -0 0 1
    outer loop
      vertex 20.1599 21.6672 5
      vertex 20.7946 21.2961 5
      vertex 20.1599 21.9162 5
    endloop
  endfacet
  facet normal 0 0 1
    outer loop
      vertex 21.2524 21.5274 5
      vertex 20.1599 21.9162 5
      vertex 20.7946 21.2961 5
    endloop
  endfacet
  facet normal 0 0 1
    outer loop
      vertex 20.7946 21.2961 5
      vertex 20.1599 21.6672 5
      vertex 20.8361 20.842 5
    endloop
  endfacet
  facet normal -0 0 1
    outer loop
      vertex 19.1248 20.9006 5
      vertex 20.8361 20.842 5
      vertex 20.1599 21.6672 5
    endloop
  endfacet
  facet normal 0 0 1
    outer loop
      vertex 19.1248 20.9006 5
      vertex 20.1599 21.6672 5
      vertex 19.7791 21.6672 5
    endloop
  endfacet
  facet normal 0 0 1
    outer loop
      vertex 19.1859 22.6656 5
      vertex 19.7397 22.2271 5
      vertex 19.6216 22.4667 5
    endloop
  endfacet
  facet normal 0 0 1
    outer loop
      vertex 19.1859 22.6656 5
      vertex 19.6216 22.4667 5
      vertex 19.434 22.6159 5
    endloop
  endfacet
  facet normal 0 0 1
    outer loop
      vertex 18.6302 22.3016 5
      vertex 19.1859 22.6656 5
      vertex 18.939 22.625 5
    endloop
  endfacet
  facet normal 0 0 1
    outer loop
      vertex 19.7791 21.9064 5
      vertex 19.159 21.3425 5
      vertex 19.7791 21.6672 5
    endloop
  endfacet
  facet normal 0 0 1
    outer loop
      vertex 19.1248 20.9006 5
      vertex 19.7791 21.6672 5
      vertex 19.159 21.3425 5
    endloop
  endfacet
  facet normal 0 0 1
    outer loop
      vertex 18.2802 18.2786 5
      vertex 21.3464 19.1159 5
      vertex 19.1248 20.9006 5
    endloop
  endfacet
  facet normal 0 0 1
    outer loop
      vertex 18.2802 18.2786 5
      vertex 19.1248 20.9006 5
      vertex 18.7489 21.0126 5
    endloop
  endfacet
  facet normal 0 0 1
    outer loop
      vertex 18.2802 18.2786 5
      vertex 18.7489 21.0126 5
      vertex 18.4657 21.2509 5
    endloop
  endfacet
  facet normal 0 0 1
    outer loop
      vertex 21.3464 19.1159 5
      vertex 18.2802 18.2786 5
      vertex 21.3464 18.2786 5
    endloop
  endfacet
  facet normal 0 0 1
    outer loop
      vertex 18.2881 21.5955 5
      vertex 18.2802 18.2786 5
      vertex 18.4657 21.2509 5
    endloop
  endfacet
  facet normal 0 0 1
    outer loop
      vertex 0 0 5
      vertex 18.2802 18.2786 5
      vertex 18.2289 22.026 5
    endloop
  endfacet
  facet normal 0 0 1
    outer loop
      vertex 18.2289 22.026 5
      vertex 18.2802 18.2786 5
      vertex 18.2881 21.5955 5
    endloop
  endfacet
  facet normal 0 0 1
    outer loop
      vertex 21.7199 30.5854 5
      vertex 20.9411 27.3579 5
      vertex 21.7199 26.8746 5
    endloop
  endfacet
  facet normal -0 0 1
    outer loop
      vertex 19.3616 28.9481 5
      vertex 20.9411 27.3579 5
      vertex 21.7199 30.5854 5
    endloop
  endfacet
  facet normal -0 0 1
    outer loop
      vertex 19.0785 30.6294 5
      vertex 21.7199 30.5854 5
      vertex 20.3625 31.5253 5
    endloop
  endfacet
  facet normal 0 0 1
    outer loop
      vertex 20.9411 27.3579 5
      vertex 19.3616 28.9481 5
      vertex 20.5944 27.3579 5
    endloop
  endfacet
  facet normal -0 0 1
    outer loop
      vertex 19.3616 28.6014 5
      vertex 20.5944 27.3579 5
      vertex 19.3616 28.9481 5
    endloop
  endfacet
  facet normal -0 0 1
    outer loop
      vertex 19.3616 28.0472 5
      vertex 20.5944 27.3579 5
      vertex 19.3616 28.6014 5
    endloop
  endfacet
  facet normal -0 0 1
    outer loop
      vertex 19.3616 27.703 5
      vertex 20.5944 27.3579 5
      vertex 19.3616 28.0472 5
    endloop
  endfacet
  facet normal 0 0 1
    outer loop
      vertex 20.5944 27.3579 5
      vertex 19.3616 27.703 5
      vertex 20.5944 26.8746 5
    endloop
  endfacet
  facet normal 0 0 1
    outer loop
      vertex 18.2802 26.8746 5
      vertex 19.3616 27.703 5
      vertex 18.2802 27.6518 5
    endloop
  endfacet
  facet normal 0 0 1
    outer loop
      vertex 19.3616 27.703 5
      vertex 18.2802 26.8746 5
      vertex 20.5944 26.8746 5
    endloop
  endfacet
  facet normal 0 0 1
    outer loop
      vertex 21.7199 32.4847 5
      vertex 20.636 31.7743 5
      vertex 21.7199 31.059 5
    endloop
  endfacet
  facet normal -0 0 1
    outer loop
      vertex 21.4098 34.5788 5
      vertex 21.7199 32.9754 5
      vertex 21.7199 34.5788 5
    endloop
  endfacet
  facet normal 0 0 1
    outer loop
      vertex 21.141 34.717 5
      vertex 21.7199 32.9754 5
      vertex 21.4098 34.5788 5
    endloop
  endfacet
  facet normal 0 0 1
    outer loop
      vertex 19.0785 32.9193 5
      vertex 21.141 34.717 5
      vertex 20.9057 34.8827 5
    endloop
  endfacet
  facet normal 0 0 1
    outer loop
      vertex 19.1297 34.5983 5
      vertex 20.9057 34.8827 5
      vertex 20.6976 35.0667 5
    endloop
  endfacet
  facet normal 0 0 1
    outer loop
      vertex 19.1297 34.5983 5
      vertex 20.6976 35.0667 5
      vertex 20.5102 35.2599 5
    endloop
  endfacet
  facet normal 0 0 1
    outer loop
      vertex 20.9057 34.8827 5
      vertex 19.1297 34.5983 5
      vertex 19.0785 32.9193 5
    endloop
  endfacet
  facet normal 0 0 1
    outer loop
      vertex 19.1712 35.0475 5
      vertex 20.5102 35.2599 5
      vertex 20.3396 35.4567 5
    endloop
  endfacet
  facet normal 0 0 1
    outer loop
      vertex 19.1712 35.0475 5
      vertex 20.3396 35.4567 5
      vertex 20.1819 35.6517 5
    endloop
  endfacet
  facet normal 0 0 1
    outer loop
      vertex 19.1712 35.0475 5
      vertex 20.1819 35.6517 5
      vertex 20.0305 35.8363 5
    endloop
  endfacet
  facet normal 0 0 1
    outer loop
      vertex 19.1712 35.0475 5
      vertex 20.0305 35.8363 5
      vertex 19.8792 36.002 5
    endloop
  endfacet
  facet normal 0 0 1
    outer loop
      vertex 19.1712 35.0475 5
      vertex 19.8792 36.002 5
      vertex 19.7242 36.1433 5
    endloop
  endfacet
  facet normal 0 0 1
    outer loop
      vertex 19.1712 35.0475 5
      vertex 19.7242 36.1433 5
      vertex 19.5618 36.2547 5
    endloop
  endfacet
  facet normal 0 0 1
    outer loop
      vertex 19.1712 35.0475 5
      vertex 19.5618 36.2547 5
      vertex 19.3848 36.327 5
    endloop
  endfacet
  facet normal 0 0 1
    outer loop
      vertex 19.1712 35.0475 5
      vertex 19.3848 36.327 5
      vertex 19.1859 36.3511 5
    endloop
  endfacet
  facet normal 0 0 1
    outer loop
      vertex 20.5102 35.2599 5
      vertex 19.1712 35.0475 5
      vertex 19.1297 34.5983 5
    endloop
  endfacet
  facet normal 0 0 1
    outer loop
      vertex 21.141 34.717 5
      vertex 19.0785 32.9193 5
      vertex 21.7199 32.9754 5
    endloop
  endfacet
  facet normal 0 0 1
    outer loop
      vertex 21.7199 32.9754 5
      vertex 19.0785 32.9193 5
      vertex 20.3577 32.0233 5
    endloop
  endfacet
  facet normal 0 0 1
    outer loop
      vertex 18.473 34.9486 5
      vertex 19.0785 32.4286 5
      vertex 19.0785 32.9193 5
    endloop
  endfacet
  facet normal 0 0 1
    outer loop
      vertex 19.0785 32.4286 5
      vertex 18.2802 29.0018 5
      vertex 19.0785 31.1152 5
    endloop
  endfacet
  facet normal 0 0 1
    outer loop
      vertex 18.473 34.9486 5
      vertex 19.0785 32.9193 5
      vertex 18.7593 34.7103 5
    endloop
  endfacet
  facet normal 0 0 1
    outer loop
      vertex 18.7593 34.7103 5
      vertex 19.0785 32.9193 5
      vertex 19.1297 34.5983 5
    endloop
  endfacet
  facet normal -0 0 1
    outer loop
      vertex 21.3464 38.7803 5
      vertex 21.7199 36.8565 5
      vertex 21.7199 38.7803 5
    endloop
  endfacet
  facet normal 0 0 1
    outer loop
      vertex 21.7199 36.8565 5
      vertex 21.3464 38.7803 5
      vertex 21.3464 36.8565 5
    endloop
  endfacet
  facet normal 0 0 1
    outer loop
      vertex 22.716 22.1264 5
      vertex 21.7034 22.5424 5
      vertex 21.7687 22.0456 5
    endloop
  endfacet
  facet normal 0 0 1
    outer loop
      vertex 21.7687 23.3672 5
      vertex 21.5075 22.9098 5
      vertex 21.7034 22.5424 5
    endloop
  endfacet
  facet normal 0 0 1
    outer loop
      vertex 21.7687 23.3672 5
      vertex 21.1925 23.1368 5
      vertex 21.5075 22.9098 5
    endloop
  endfacet
  facet normal 0 0 1
    outer loop
      vertex 21.7687 23.3672 5
      vertex 20.7702 23.2125 5
      vertex 21.1925 23.1368 5
    endloop
  endfacet
  facet normal -0 0 1
    outer loop
      vertex 19.8484 22.7068 5
      vertex 19.9646 22.3971 5
      vertex 20.0501 22.7401 5
    endloop
  endfacet
  facet normal 0 0 1
    outer loop
      vertex 19.9646 22.3971 5
      vertex 19.8484 22.7068 5
      vertex 19.9549 22.3971 5
    endloop
  endfacet
  facet normal -0 0 1
    outer loop
      vertex 19.6753 22.933 5
      vertex 20.0501 22.7401 5
      vertex 20.2234 22.9976 5
    endloop
  endfacet
  facet normal 0 0 1
    outer loop
      vertex 20.0501 22.7401 5
      vertex 19.6753 22.933 5
      vertex 19.8484 22.7068 5
    endloop
  endfacet
  facet normal -0 0 1
    outer loop
      vertex 19.4382 23.0712 5
      vertex 20.2234 22.9976 5
      vertex 20.4687 23.1588 5
    endloop
  endfacet
  facet normal 0 0 1
    outer loop
      vertex 20.2234 22.9976 5
      vertex 19.4382 23.0712 5
      vertex 19.6753 22.933 5
    endloop
  endfacet
  facet normal 0 0 1
    outer loop
      vertex 18.0971 24.3705 5
      vertex 20.4687 23.1588 5
      vertex 20.7702 23.2125 5
    endloop
  endfacet
  facet normal 0 0 1
    outer loop
      vertex 18.0971 24.3705 5
      vertex 20.7702 23.2125 5
      vertex 21.7687 23.3672 5
    endloop
  endfacet
  facet normal 0 0 1
    outer loop
      vertex 20.4687 23.1588 5
      vertex 18.0971 24.3705 5
      vertex 19.4382 23.0712 5
    endloop
  endfacet
  facet normal 0 0 1
    outer loop
      vertex 18.289 22.4859 5
      vertex 18.0971 24.3705 5
      vertex 18.2289 22.026 5
    endloop
  endfacet
  facet normal 0 0 1
    outer loop
      vertex 18.4694 22.8304 5
      vertex 18.0971 24.3705 5
      vertex 18.289 22.4859 5
    endloop
  endfacet
  facet normal 0 0 1
    outer loop
      vertex 18.7571 23.0456 5
      vertex 18.0971 24.3705 5
      vertex 18.4694 22.8304 5
    endloop
  endfacet
  facet normal 0 0 1
    outer loop
      vertex 19.1395 23.1173 5
      vertex 18.0971 24.3705 5
      vertex 18.7571 23.0456 5
    endloop
  endfacet
  facet normal 0 0 1
    outer loop
      vertex 19.4382 23.0712 5
      vertex 18.0971 24.3705 5
      vertex 19.1395 23.1173 5
    endloop
  endfacet
  facet normal 0 0 1
    outer loop
      vertex 22.9053 34.476 5
      vertex 21.7199 34.5788 5
      vertex 22.7249 34.1314 5
    endloop
  endfacet
  facet normal 0 0 1
    outer loop
      vertex 21.7687 41.1151 5
      vertex 21.3464 40.9359 5
      vertex 21.7199 40.9359 5
    endloop
  endfacet
  facet normal 0 0 1
    outer loop
      vertex 21.3464 40.9359 5
      vertex 18.2802 40.0986 5
      vertex 21.3464 40.0986 5
    endloop
  endfacet
  facet normal 0 0 1
    outer loop
      vertex 18.0971 42.1184 5
      vertex 21.3464 40.9359 5
      vertex 21.7687 41.1151 5
    endloop
  endfacet
  facet normal 0 0 1
    outer loop
      vertex 18.0971 42.1184 5
      vertex 18.2802 39.6934 5
      vertex 18.2802 40.0986 5
    endloop
  endfacet
  facet normal 0 0 1
    outer loop
      vertex 18.2802 39.6934 5
      vertex 18.0971 42.1184 5
      vertex 0 63.5 5
    endloop
  endfacet
  facet normal 0 0 1
    outer loop
      vertex 21.3464 40.9359 5
      vertex 18.0971 42.1184 5
      vertex 18.2802 40.0986 5
    endloop
  endfacet
  facet normal 0 0 1
    outer loop
      vertex 24.1902 30.4165 5
      vertex 23.8003 30.324 5
      vertex 24.3859 30.2725 5
    endloop
  endfacet
  facet normal 0 0 1
    outer loop
      vertex 24.0477 30.6093 5
      vertex 23.8003 30.324 5
      vertex 24.1902 30.4165 5
    endloop
  endfacet
  facet normal 0 0 1
    outer loop
      vertex 23.9608 30.8425 5
      vertex 23.8003 30.324 5
      vertex 24.0477 30.6093 5
    endloop
  endfacet
  facet normal 0 0 1
    outer loop
      vertex 23.1088 30.7274 5
      vertex 23.9608 30.8425 5
      vertex 23.9318 31.1074 5
    endloop
  endfacet
  facet normal -0 0 1
    outer loop
      vertex 23.3654 32.0472 5
      vertex 24.2296 31.8629 5
      vertex 23.5607 32.5462 5
    endloop
  endfacet
  facet normal 0 0 1
    outer loop
      vertex 23.0261 33.6667 5
      vertex 23.8698 34.2614 5
      vertex 23.6218 34.3112 5
    endloop
  endfacet
  facet normal 0 0 1
    outer loop
      vertex 24.2296 31.8629 5
      vertex 23.3654 32.0472 5
      vertex 24.0063 31.5343 5
    endloop
  endfacet
  facet normal 0 0 1
    outer loop
      vertex 24.0063 31.5343 5
      vertex 23.4411 31.6274 5
      vertex 23.9318 31.1074 5
    endloop
  endfacet
  facet normal -0 0 1
    outer loop
      vertex 23.1262 31.4211 5
      vertex 23.9318 31.1074 5
      vertex 23.4411 31.6274 5
    endloop
  endfacet
  facet normal 0 0 1
    outer loop
      vertex 23.9608 30.8425 5
      vertex 23.3715 30.4787 5
      vertex 23.8003 30.324 5
    endloop
  endfacet
  facet normal 0 0 1
    outer loop
      vertex 23.9318 31.1074 5
      vertex 23.1262 31.4211 5
      vertex 23.0212 31.061 5
    endloop
  endfacet
  facet normal 0 0 1
    outer loop
      vertex 23.9318 31.1074 5
      vertex 23.0212 31.061 5
      vertex 23.1088 30.7274 5
    endloop
  endfacet
  facet normal 0 0 1
    outer loop
      vertex 23.9608 30.8425 5
      vertex 23.1088 30.7274 5
      vertex 23.3715 30.4787 5
    endloop
  endfacet
  facet normal 0 0 1
    outer loop
      vertex 23.1115 41.3809 5
      vertex 21.7199 42.7231 5
      vertex 21.7687 41.5106 5
    endloop
  endfacet
  facet normal -0 0 1
    outer loop
      vertex 21.4098 42.7231 5
      vertex 21.7687 41.5106 5
      vertex 21.7199 42.7231 5
    endloop
  endfacet
  facet normal 0 0 1
    outer loop
      vertex 21.141 42.8614 5
      vertex 21.7687 41.5106 5
      vertex 21.4098 42.7231 5
    endloop
  endfacet
  facet normal 0 0 1
    outer loop
      vertex 19.1297 42.7427 5
      vertex 21.141 42.8614 5
      vertex 20.9057 43.0271 5
    endloop
  endfacet
  facet normal 0 0 1
    outer loop
      vertex 19.1297 42.7427 5
      vertex 20.9057 43.0271 5
      vertex 20.6976 43.2111 5
    endloop
  endfacet
  facet normal 0 0 1
    outer loop
      vertex 19.1297 42.7427 5
      vertex 20.6976 43.2111 5
      vertex 20.5102 43.4042 5
    endloop
  endfacet
  facet normal 0 0 1
    outer loop
      vertex 19.1712 43.1919 5
      vertex 20.5102 43.4042 5
      vertex 20.3396 43.6011 5
    endloop
  endfacet
  facet normal 0 0 1
    outer loop
      vertex 19.1712 43.1919 5
      vertex 20.3396 43.6011 5
      vertex 20.1819 43.7961 5
    endloop
  endfacet
  facet normal 0 0 1
    outer loop
      vertex 19.1712 43.1919 5
      vertex 20.1819 43.7961 5
      vertex 20.0305 43.9807 5
    endloop
  endfacet
  facet normal 0 0 1
    outer loop
      vertex 19.1712 43.1919 5
      vertex 20.0305 43.9807 5
      vertex 19.8792 44.1464 5
    endloop
  endfacet
  facet normal 0 0 1
    outer loop
      vertex 19.1712 43.1919 5
      vertex 19.8792 44.1464 5
      vertex 19.7242 44.2877 5
    endloop
  endfacet
  facet normal 0 0 1
    outer loop
      vertex 19.1712 43.1919 5
      vertex 19.7242 44.2877 5
      vertex 19.5618 44.399 5
    endloop
  endfacet
  facet normal 0 0 1
    outer loop
      vertex 19.1712 43.1919 5
      vertex 19.5618 44.399 5
      vertex 19.3848 44.4714 5
    endloop
  endfacet
  facet normal 0 0 1
    outer loop
      vertex 19.1712 43.1919 5
      vertex 19.3848 44.4714 5
      vertex 19.1859 44.4955 5
    endloop
  endfacet
  facet normal 0 0 1
    outer loop
      vertex 20.5102 43.4042 5
      vertex 19.1712 43.1919 5
      vertex 19.1297 42.7427 5
    endloop
  endfacet
  facet normal 0 0 1
    outer loop
      vertex 21.141 42.8614 5
      vertex 19.1297 42.7427 5
      vertex 21.7687 41.5106 5
    endloop
  endfacet
  facet normal 0 0 1
    outer loop
      vertex 18.0971 42.5041 5
      vertex 19.1297 42.7427 5
      vertex 18.7593 42.8546 5
    endloop
  endfacet
  facet normal 0 0 1
    outer loop
      vertex 19.1297 42.7427 5
      vertex 18.0971 42.5041 5
      vertex 21.7687 41.5106 5
    endloop
  endfacet
  facet normal 0 0 1
    outer loop
      vertex 18.473 43.093 5
      vertex 18.0971 42.5041 5
      vertex 18.7593 42.8546 5
    endloop
  endfacet
  facet normal 0 0 1
    outer loop
      vertex 18.2899 43.4375 5
      vertex 18.0971 42.5041 5
      vertex 18.473 43.093 5
    endloop
  endfacet
  facet normal 0 0 1
    outer loop
      vertex 18.0971 42.5041 5
      vertex 18.2899 43.4375 5
      vertex 18.2289 43.8681 5
    endloop
  endfacet
  facet normal 0 0 1
    outer loop
      vertex 22.7249 34.1314 5
      vertex 21.7199 34.5788 5
      vertex 22.6648 33.6716 5
    endloop
  endfacet
  facet normal 0 0 1
    outer loop
      vertex 21.7199 32.9754 5
      vertex 22.6648 33.6716 5
      vertex 21.7199 34.5788 5
    endloop
  endfacet
  facet normal 0 0 1
    outer loop
      vertex 21.7199 32.4847 5
      vertex 22.6648 33.6716 5
      vertex 21.7199 32.9754 5
    endloop
  endfacet
  facet normal 0 0 1
    outer loop
      vertex 22.6648 33.6716 5
      vertex 21.7199 32.4847 5
      vertex 22.6648 31.0659 5
    endloop
  endfacet
  facet normal 0 0 1
    outer loop
      vertex 21.7199 31.059 5
      vertex 22.6648 31.0659 5
      vertex 21.7199 32.4847 5
    endloop
  endfacet
  facet normal 0 0 1
    outer loop
      vertex 21.7199 30.5854 5
      vertex 22.6648 31.0659 5
      vertex 21.7199 31.059 5
    endloop
  endfacet
  facet normal 0 0 1
    outer loop
      vertex 21.7199 26.8746 5
      vertex 22.6648 31.0659 5
      vertex 21.7199 30.5854 5
    endloop
  endfacet
  facet normal 0 0 1
    outer loop
      vertex 21.7199 26.4595 5
      vertex 22.6648 31.0659 5
      vertex 21.7199 26.8746 5
    endloop
  endfacet
  facet normal 0 0 1
    outer loop
      vertex 22.6648 31.0659 5
      vertex 21.7199 26.4595 5
      vertex 21.7687 23.7627 5
    endloop
  endfacet
  facet normal 0 0 1
    outer loop
      vertex 20.9411 24.8385 5
      vertex 21.7199 26.4595 5
      vertex 20.9411 26.4595 5
    endloop
  endfacet
  facet normal 0 0 1
    outer loop
      vertex 21.7199 26.4595 5
      vertex 20.9411 24.8385 5
      vertex 21.7687 23.7627 5
    endloop
  endfacet
  facet normal -0 0 1
    outer loop
      vertex 20.5993 24.8385 5
      vertex 21.7687 23.7627 5
      vertex 20.9411 24.8385 5
    endloop
  endfacet
  facet normal 0 0 1
    outer loop
      vertex 18.0971 24.7563 5
      vertex 20.5993 24.8385 5
      vertex 18.2802 26.4131 5
    endloop
  endfacet
  facet normal 0 0 1
    outer loop
      vertex 18.2802 39.6934 5
      vertex 0 63.5 5
      vertex 18.2289 35.7237 5
    endloop
  endfacet
  facet normal 0 0 1
    outer loop
      vertex 20.5993 24.8385 5
      vertex 18.0971 24.7563 5
      vertex 21.7687 23.7627 5
    endloop
  endfacet
  facet normal 0 0 1
    outer loop
      vertex 0 0 5
      vertex 18.2289 35.7237 5
      vertex 0 63.5 5
    endloop
  endfacet
  facet normal -0 0 1
    outer loop
      vertex 18.2802 28.5526 5
      vertex 19.3616 28.0472 5
      vertex 19.3616 28.6014 5
    endloop
  endfacet
  facet normal 0 0 1
    outer loop
      vertex 19.3616 28.0472 5
      vertex 18.2802 28.5526 5
      vertex 18.2802 28.101 5
    endloop
  endfacet
  facet normal 0 0 1
    outer loop
      vertex 21.7199 30.5854 5
      vertex 19.0785 30.6294 5
      vertex 19.3616 28.9481 5
    endloop
  endfacet
  facet normal 0 0 1
    outer loop
      vertex 18.2899 35.2931 5
      vertex 19.0785 32.4286 5
      vertex 18.473 34.9486 5
    endloop
  endfacet
  facet normal 0 0 1
    outer loop
      vertex 19.0785 32.4286 5
      vertex 18.2899 35.2931 5
      vertex 18.2802 29.0018 5
    endloop
  endfacet
  facet normal 0 0 1
    outer loop
      vertex 19.0785 31.1152 5
      vertex 18.2802 29.0018 5
      vertex 19.0785 30.6294 5
    endloop
  endfacet
  facet normal 0 0 1
    outer loop
      vertex 19.0785 30.6294 5
      vertex 18.2802 29.0018 5
      vertex 19.3616 28.9481 5
    endloop
  endfacet
  facet normal 0 0 0
    outer loop
      vertex 18.2802 29.0018 5
      vertex 18.2802 28.101 5
      vertex 18.2802 28.5526 5
    endloop
  endfacet
  facet normal 0 0 0
    outer loop
      vertex 18.2802 29.0018 5
      vertex 18.2802 27.6518 5
      vertex 18.2802 28.101 5
    endloop
  endfacet
  facet normal 0 0 0
    outer loop
      vertex 18.2802 29.0018 5
      vertex 18.2802 26.8746 5
      vertex 18.2802 27.6518 5
    endloop
  endfacet
  facet normal 0 0 0
    outer loop
      vertex 18.2802 29.0018 5
      vertex 18.2802 26.4131 5
      vertex 18.2802 26.8746 5
    endloop
  endfacet
  facet normal 0 0 1
    outer loop
      vertex 18.2802 29.0018 5
      vertex 18.2289 35.7237 5
      vertex 18.2802 26.4131 5
    endloop
  endfacet
  facet normal 0 0 1
    outer loop
      vertex 18.2289 35.7237 5
      vertex 18.2802 29.0018 5
      vertex 18.2899 35.2931 5
    endloop
  endfacet
  facet normal -0 0 1
    outer loop
      vertex 18.2802 46.3005 5
      vertex 19.3616 45.7951 5
      vertex 19.3616 46.3493 5
    endloop
  endfacet
  facet normal 0 0 1
    outer loop
      vertex 19.3616 45.7951 5
      vertex 18.2802 46.3005 5
      vertex 18.2802 45.8488 5
    endloop
  endfacet
  facet normal 0 0 1
    outer loop
      vertex 21.3464 45.0008 5
      vertex 19.3616 45.4509 5
      vertex 19.7669 44.7417 5
    endloop
  endfacet
  facet normal 0 0 1
    outer loop
      vertex 19.7669 44.7417 5
      vertex 19.3616 45.4509 5
      vertex 19.5691 44.8556 5
    endloop
  endfacet
  facet normal 0 0 1
    outer loop
      vertex 19.5691 44.8556 5
      vertex 19.3616 45.4509 5
      vertex 19.3708 44.9242 5
    endloop
  endfacet
  facet normal 0 0 1
    outer loop
      vertex 19.3616 45.4509 5
      vertex 19.1712 44.9471 5
      vertex 19.3708 44.9242 5
    endloop
  endfacet
  facet normal 0 0 1
    outer loop
      vertex 19.3616 45.4509 5
      vertex 18.7711 44.8772 5
      vertex 19.1712 44.9471 5
    endloop
  endfacet
  facet normal -0 0 1
    outer loop
      vertex 18.2802 45.3997 5
      vertex 18.7711 44.8772 5
      vertex 19.3616 45.4509 5
    endloop
  endfacet
  facet normal 0 0 1
    outer loop
      vertex 18.7711 44.8772 5
      vertex 18.2802 45.3997 5
      vertex 18.4742 44.6676 5
    endloop
  endfacet
  facet normal 0 0 1
    outer loop
      vertex 18.2802 45.3997 5
      vertex 18.2902 44.328 5
      vertex 18.4742 44.6676 5
    endloop
  endfacet
  facet normal 0 0 1
    outer loop
      vertex 18.2902 44.328 5
      vertex 18.2802 45.3997 5
      vertex 18.2289 43.8681 5
    endloop
  endfacet
  facet normal 0 0 1
    outer loop
      vertex 19.2542 38.8804 5
      vertex 19.1712 36.8027 5
      vertex 19.3708 36.7799 5
    endloop
  endfacet
  facet normal -0 0 1
    outer loop
      vertex 18.8392 38.8804 5
      vertex 19.1712 36.8027 5
      vertex 19.2542 38.8804 5
    endloop
  endfacet
  facet normal 0 0 1
    outer loop
      vertex 18.8392 38.8804 5
      vertex 18.7711 36.7329 5
      vertex 19.1712 36.8027 5
    endloop
  endfacet
  facet normal 0 0 1
    outer loop
      vertex 18.8392 38.8804 5
      vertex 18.4742 36.5232 5
      vertex 18.7711 36.7329 5
    endloop
  endfacet
  facet normal 0 0 1
    outer loop
      vertex 18.2802 39.6934 5
      vertex 18.4742 36.5232 5
      vertex 18.8392 38.8804 5
    endloop
  endfacet
  facet normal 0 0 1
    outer loop
      vertex 18.4742 36.5232 5
      vertex 18.2802 39.6934 5
      vertex 18.2902 36.1836 5
    endloop
  endfacet
  facet normal 0 0 1
    outer loop
      vertex 18.2902 36.1836 5
      vertex 18.2802 39.6934 5
      vertex 18.2289 35.7237 5
    endloop
  endfacet
  facet normal 0 0 1
    outer loop
      vertex 20.1062 31.7743 5
      vertex 19.0785 32.4286 5
      vertex 19.0785 31.1152 5
    endloop
  endfacet
  facet normal 0 0 1
    outer loop
      vertex 23.5949 32.988 5
      vertex 24.1756 33.8727 5
      vertex 23.8698 34.2614 5
    endloop
  endfacet
  facet normal -0 0 1
    outer loop
      vertex 24.6352 33.9215 5
      vertex 25.8408 33.6911 5
      vertex 25.7999 33.9874 5
    endloop
  endfacet
  facet normal 0 0 1
    outer loop
      vertex 25.474 34.3542 5
      vertex 25.7999 33.9874 5
      vertex 25.6773 34.2123 5
    endloop
  endfacet
  facet normal 0 0 1
    outer loop
      vertex 25.1914 34.4015 5
      vertex 25.7999 33.9874 5
      vertex 25.474 34.3542 5
    endloop
  endfacet
  facet normal 0 0 1
    outer loop
      vertex 25.8408 33.6911 5
      vertex 24.6352 33.9215 5
      vertex 24.5958 33.5617 5
    endloop
  endfacet
  facet normal 0 0 1
    outer loop
      vertex 25.7999 33.9874 5
      vertex 25.1914 34.4015 5
      vertex 24.6352 33.9215 5
    endloop
  endfacet
  facet normal 0 0 1
    outer loop
      vertex 25.045 23.8255 5
      vertex 24.3199 23.0809 5
      vertex 25.3355 22.3559 5
    endloop
  endfacet
  facet normal 0 0 1
    outer loop
      vertex 25.3355 22.3559 5
      vertex 24.4518 22.5951 5
      vertex 24.5665 22.4413 5
    endloop
  endfacet
  facet normal -0 -0 1
    outer loop
      vertex 24.3761 22.7489 5
      vertex 25.3355 22.3559 5
      vertex 24.334 22.9088 5
    endloop
  endfacet
  facet normal 0 0 1
    outer loop
      vertex 24.3199 23.0809 5
      vertex 24.5201 23.6241 5
      vertex 24.37 23.3876 5
    endloop
  endfacet
  facet normal 0 0 1
    outer loop
      vertex 25.3355 22.3559 5
      vertex 24.3761 22.7489 5
      vertex 24.4518 22.5951 5
    endloop
  endfacet
  facet normal 0 0 1
    outer loop
      vertex 25.3355 22.3559 5
      vertex 24.3199 23.0809 5
      vertex 24.334 22.9088 5
    endloop
  endfacet
  facet normal 0 0 1
    outer loop
      vertex 23.8741 34.7167 5
      vertex 24.9046 34.8043 5
      vertex 24.5665 36.6696 5
    endloop
  endfacet
  facet normal 0 0 1
    outer loop
      vertex 24.9046 34.8043 5
      vertex 23.8741 34.7167 5
      vertex 24.6593 34.6432 5
    endloop
  endfacet
  facet normal 0 0 1
    outer loop
      vertex 24.6593 34.6432 5
      vertex 24.1112 34.5785 5
      vertex 24.4859 34.3856 5
    endloop
  endfacet
  facet normal 0 0 1
    outer loop
      vertex 24.4859 34.3856 5
      vertex 24.2842 34.3524 5
      vertex 24.4005 34.0426 5
    endloop
  endfacet
  facet normal 0 0 1
    outer loop
      vertex 24.4005 34.0426 5
      vertex 24.2842 34.3524 5
      vertex 24.3908 34.0426 5
    endloop
  endfacet
  facet normal 0 0 1
    outer loop
      vertex 24.4859 34.3856 5
      vertex 24.1112 34.5785 5
      vertex 24.2842 34.3524 5
    endloop
  endfacet
  facet normal 0 0 1
    outer loop
      vertex 24.6593 34.6432 5
      vertex 23.8741 34.7167 5
      vertex 24.1112 34.5785 5
    endloop
  endfacet
  facet normal 0 0 1
    outer loop
      vertex 24.5665 36.6696 5
      vertex 23.5754 34.7628 5
      vertex 23.8741 34.7167 5
    endloop
  endfacet
  facet normal 0 0 1
    outer loop
      vertex 22.716 36.7843 5
      vertex 23.5754 34.7628 5
      vertex 24.5665 36.6696 5
    endloop
  endfacet
  facet normal 0 0 1
    outer loop
      vertex 23.5754 34.7628 5
      vertex 22.716 36.7843 5
      vertex 23.193 34.6911 5
    endloop
  endfacet
  facet normal 0 0 1
    outer loop
      vertex 21.7199 34.5788 5
      vertex 23.193 34.6911 5
      vertex 22.716 36.7843 5
    endloop
  endfacet
  facet normal 0 0 1
    outer loop
      vertex 21.7199 34.5788 5
      vertex 22.716 36.7843 5
      vertex 21.7199 36.8565 5
    endloop
  endfacet
  facet normal 0 0 1
    outer loop
      vertex 21.7199 38.7803 5
      vertex 22.7752 39.9427 5
      vertex 21.7199 40.9359 5
    endloop
  endfacet
  facet normal 0 0 1
    outer loop
      vertex 22.7752 39.9427 5
      vertex 21.7199 38.7803 5
      vertex 22.716 38.7398 5
    endloop
  endfacet
  facet normal 0 0 1
    outer loop
      vertex 25.3785 23.7755 5
      vertex 25.8457 23.0712 5
      vertex 25.7923 23.3867 5
    endloop
  endfacet
  facet normal 0 0 1
    outer loop
      vertex 25.3785 23.7755 5
      vertex 25.7923 23.3867 5
      vertex 25.6321 23.6253 5
    endloop
  endfacet
  facet normal 0 0 1
    outer loop
      vertex 25.045 23.8255 5
      vertex 25.8457 23.0712 5
      vertex 25.3785 23.7755 5
    endloop
  endfacet
  facet normal 0 0 1
    outer loop
      vertex 25.8457 23.0712 5
      vertex 25.3355 22.3559 5
      vertex 25.7181 22.6043 5
    endloop
  endfacet
  facet normal 0 0 1
    outer loop
      vertex 25.8457 23.0712 5
      vertex 25.045 23.8255 5
      vertex 25.3355 22.3559 5
    endloop
  endfacet
  facet normal 0 0 1
    outer loop
      vertex 25.3785 38.4334 5
      vertex 25.8457 37.7291 5
      vertex 25.7923 38.0446 5
    endloop
  endfacet
  facet normal 0 0 1
    outer loop
      vertex 25.3785 38.4334 5
      vertex 25.7923 38.0446 5
      vertex 25.6321 38.2833 5
    endloop
  endfacet
  facet normal 0 0 1
    outer loop
      vertex 25.045 38.4835 5
      vertex 25.8457 37.7291 5
      vertex 25.3785 38.4334 5
    endloop
  endfacet
  facet normal 0 0 1
    outer loop
      vertex 25.8457 37.7291 5
      vertex 25.3355 37.0138 5
      vertex 25.7181 37.2622 5
    endloop
  endfacet
  facet normal 0 0 1
    outer loop
      vertex 25.8457 37.7291 5
      vertex 25.045 38.4835 5
      vertex 25.3355 37.0138 5
    endloop
  endfacet
  facet normal -0 0 1
    outer loop
      vertex 24.3199 37.7389 5
      vertex 25.3355 37.0138 5
      vertex 25.045 38.4835 5
    endloop
  endfacet
  facet normal 0 0 1
    outer loop
      vertex 24.5665 36.6696 5
      vertex 25.3355 37.0138 5
      vertex 24.5665 37.0993 5
    endloop
  endfacet
  facet normal 0 0 1
    outer loop
      vertex 24.37 38.0456 5
      vertex 25.045 38.4835 5
      vertex 24.7514 38.4331 5
    endloop
  endfacet
  facet normal 0 0 1
    outer loop
      vertex 25.6211 35.9453 5
      vertex 24.9046 34.8043 5
      vertex 25.6211 35.4692 5
    endloop
  endfacet
  facet normal 0 0 1
    outer loop
      vertex 25.6211 35.4692 5
      vertex 24.9046 34.8043 5
      vertex 25.2061 34.858 5
    endloop
  endfacet
  facet normal 0 0 1
    outer loop
      vertex 24.37 38.0456 5
      vertex 24.7514 38.4331 5
      vertex 24.5201 38.282 5
    endloop
  endfacet
  facet normal 0 0 1
    outer loop
      vertex 25.3355 37.0138 5
      vertex 24.4518 37.2531 5
      vertex 24.5665 37.0993 5
    endloop
  endfacet
  facet normal 0 0 1
    outer loop
      vertex 25.3355 37.0138 5
      vertex 24.334 37.5668 5
      vertex 24.3761 37.4068 5
    endloop
  endfacet
  facet normal 0 0 1
    outer loop
      vertex 25.045 38.4835 5
      vertex 24.37 38.0456 5
      vertex 24.3199 37.7389 5
    endloop
  endfacet
  facet normal 0 0 1
    outer loop
      vertex 25.3355 37.0138 5
      vertex 24.3761 37.4068 5
      vertex 24.4518 37.2531 5
    endloop
  endfacet
  facet normal 0 0 1
    outer loop
      vertex 25.3355 37.0138 5
      vertex 24.3199 37.7389 5
      vertex 24.334 37.5668 5
    endloop
  endfacet
  facet normal -0 0 1
    outer loop
      vertex 25.0352 15.0383 5
      vertex 25.377 14.8422 5
      vertex 25.377 15.0383 5
    endloop
  endfacet
  facet normal 0 0 1
    outer loop
      vertex 25.0352 15.0383 5
      vertex 25.0303 14.8422 5
      vertex 25.377 14.8422 5
    endloop
  endfacet
  facet normal 0 0 1
    outer loop
      vertex 22.716 14.3588 5
      vertex 25.0352 15.0383 5
      vertex 22.716 16.6129 5
    endloop
  endfacet
  facet normal 0 0 1
    outer loop
      vertex 25.0352 15.0383 5
      vertex 22.716 14.3588 5
      vertex 25.0303 14.8422 5
    endloop
  endfacet
  facet normal 0 0 1
    outer loop
      vertex 25.0303 14.8422 5
      vertex 22.716 14.3588 5
      vertex 25.0303 14.3588 5
    endloop
  endfacet
  facet normal 0 0 1
    outer loop
      vertex 25.0303 17.5577 5
      vertex 25.6211 18.0957 5
      vertex 25.0352 19.1105 5
    endloop
  endfacet
  facet normal 0 0 1
    outer loop
      vertex 25.6211 18.0957 5
      vertex 25.0303 17.5577 5
      vertex 25.377 17.5577 5
    endloop
  endfacet
  facet normal -0 0 1
    outer loop
      vertex 21.7199 19.1159 5
      vertex 25.0352 19.1105 5
      vertex 22.716 20.6851 5
    endloop
  endfacet
  facet normal 0 -0 1
    outer loop
      vertex 22.716 17.0744 5
      vertex 25.0352 19.1105 5
      vertex 21.7199 19.1159 5
    endloop
  endfacet
  facet normal 0 0 1
    outer loop
      vertex 25.0303 17.5577 5
      vertex 22.716 17.0744 5
      vertex 25.0303 17.0744 5
    endloop
  endfacet
  facet normal -0 0 1
    outer loop
      vertex 24.5665 22.0116 5
      vertex 25.3867 21.9116 5
      vertex 25.3355 22.3559 5
    endloop
  endfacet
  facet normal -0 0 1
    outer loop
      vertex 24.7514 23.7751 5
      vertex 24.3199 23.0809 5
      vertex 25.045 23.8255 5
    endloop
  endfacet
  facet normal 0 0 1
    outer loop
      vertex 24.5665 22.0116 5
      vertex 25.3355 22.3559 5
      vertex 24.5665 22.4413 5
    endloop
  endfacet
  facet normal 0 0 1
    outer loop
      vertex 24.3199 23.0809 5
      vertex 24.7514 23.7751 5
      vertex 24.5201 23.6241 5
    endloop
  endfacet
  facet normal 0 0 1
    outer loop
      vertex 25.3867 21.9116 5
      vertex 25.0303 21.6299 5
      vertex 25.377 21.6299 5
    endloop
  endfacet
  facet normal 0 0 1
    outer loop
      vertex 25.3867 21.9116 5
      vertex 24.5665 22.0116 5
      vertex 25.0303 21.6299 5
    endloop
  endfacet
  facet normal 0 0 1
    outer loop
      vertex 25.0303 21.6299 5
      vertex 24.5665 22.0116 5
      vertex 25.0303 21.1465 5
    endloop
  endfacet
  facet normal 0 0 1
    outer loop
      vertex 22.716 21.1465 5
      vertex 24.5665 22.0116 5
      vertex 22.716 22.1264 5
    endloop
  endfacet
  facet normal 0 0 1
    outer loop
      vertex 24.5665 22.0116 5
      vertex 22.716 21.1465 5
      vertex 25.0303 21.1465 5
    endloop
  endfacet
  facet normal 0 0 1
    outer loop
      vertex 24.0355 23.6275 5
      vertex 23.0895 24.0818 5
      vertex 23.9611 23.1712 5
    endloop
  endfacet
  facet normal 0 0 1
    outer loop
      vertex 23.5143 27.6828 5
      vertex 21.7687 23.7627 5
      vertex 23.5143 26.3694 5
    endloop
  endfacet
  facet normal 0 0 1
    outer loop
      vertex 23.0895 22.5267 5
      vertex 23.9611 23.1712 5
      vertex 23.0895 24.0818 5
    endloop
  endfacet
  facet normal 0 0 1
    outer loop
      vertex 23.9611 23.1712 5
      vertex 23.0895 22.5267 5
      vertex 24.016 22.7812 5
    endloop
  endfacet
  facet normal 0 0 1
    outer loop
      vertex 24.016 22.7812 5
      vertex 23.0895 22.5267 5
      vertex 24.1808 22.4608 5
    endloop
  endfacet
  facet normal 0 0 1
    outer loop
      vertex 24.0355 38.2854 5
      vertex 23.0895 38.7398 5
      vertex 23.9611 37.8292 5
    endloop
  endfacet
  facet normal 0 0 1
    outer loop
      vertex 23.0895 38.7398 5
      vertex 23.6596 39.3525 5
      vertex 23.1066 39.5695 5
    endloop
  endfacet
  facet normal 0 0 1
    outer loop
      vertex 23.0895 37.1847 5
      vertex 23.9611 37.8292 5
      vertex 23.0895 38.7398 5
    endloop
  endfacet
  facet normal 0 0 1
    outer loop
      vertex 23.9611 37.8292 5
      vertex 23.0895 37.1847 5
      vertex 24.016 37.4392 5
    endloop
  endfacet
  facet normal 0 0 1
    outer loop
      vertex 24.016 37.4392 5
      vertex 23.0895 37.1847 5
      vertex 24.1808 37.1188 5
    endloop
  endfacet
  facet normal 0 0 1
    outer loop
      vertex 23.5143 26.3694 5
      vertex 21.7687 23.7627 5
      vertex 23.5143 25.8836 5
    endloop
  endfacet
  facet normal 0 0 1
    outer loop
      vertex 23.5143 25.8836 5
      vertex 22.716 24.0818 5
      vertex 23.0895 24.0818 5
    endloop
  endfacet
  facet normal -0 0 1
    outer loop
      vertex 21.7687 23.3672 5
      vertex 22.716 22.1264 5
      vertex 22.716 24.0818 5
    endloop
  endfacet
  facet normal 0 0 1
    outer loop
      vertex 21.7098 21.5759 5
      vertex 22.716 22.1264 5
      vertex 21.7687 22.0456 5
    endloop
  endfacet
  facet normal 0 0 1
    outer loop
      vertex 22.716 22.1264 5
      vertex 21.7098 21.5759 5
      vertex 22.716 21.1465 5
    endloop
  endfacet
  facet normal -0 0 1
    outer loop
      vertex 21.5331 21.2119 5
      vertex 22.716 21.1465 5
      vertex 21.7098 21.5759 5
    endloop
  endfacet
  facet normal 0 0 1
    outer loop
      vertex 21.7199 16.9603 5
      vertex 22.716 17.0744 5
      vertex 21.7199 19.1159 5
    endloop
  endfacet
  facet normal 0 0 1
    outer loop
      vertex 22.716 17.0744 5
      vertex 21.7199 16.9603 5
      vertex 22.716 16.6129 5
    endloop
  endfacet
  facet normal 0 0 1
    outer loop
      vertex 23.5143 25.8836 5
      vertex 21.7687 23.7627 5
      vertex 22.716 24.0818 5
    endloop
  endfacet
  facet normal 0 0 1
    outer loop
      vertex 21.7687 23.7627 5
      vertex 22.7844 30.5428 5
      vertex 22.6648 31.0659 5
    endloop
  endfacet
  facet normal 0 0 1
    outer loop
      vertex 22.716 38.7398 5
      vertex 23.1066 39.5695 5
      vertex 22.7752 39.9427 5
    endloop
  endfacet
  facet normal 0 0 1
    outer loop
      vertex 23.1066 39.5695 5
      vertex 22.716 38.7398 5
      vertex 23.0895 38.7398 5
    endloop
  endfacet
  facet normal 0 0 1
    outer loop
      vertex 22.6648 40.4837 5
      vertex 21.7199 40.9359 5
      vertex 22.7752 39.9427 5
    endloop
  endfacet
  facet normal 0 0 1
    outer loop
      vertex 22.7765 41.012 5
      vertex 21.7199 40.9359 5
      vertex 22.6648 40.4837 5
    endloop
  endfacet
  facet normal 0 0 1
    outer loop
      vertex 24.0063 31.5343 5
      vertex 23.3654 32.0472 5
      vertex 23.4411 31.6274 5
    endloop
  endfacet
  facet normal 0 0 1
    outer loop
      vertex 23.1848 32.6581 5
      vertex 23.3654 32.0472 5
      vertex 23.5607 32.5462 5
    endloop
  endfacet
  facet normal 0 0 1
    outer loop
      vertex 22.8399 31.7006 5
      vertex 23.1848 32.6581 5
      vertex 22.9016 32.8965 5
    endloop
  endfacet
  facet normal 0 0 1
    outer loop
      vertex 23.1848 32.6581 5
      vertex 22.8399 31.7006 5
      vertex 23.3654 32.0472 5
    endloop
  endfacet
  facet normal 0 0 1
    outer loop
      vertex 22.724 33.241 5
      vertex 22.8399 31.7006 5
      vertex 22.9016 32.8965 5
    endloop
  endfacet
  facet normal 0 0 1
    outer loop
      vertex 22.6648 31.0659 5
      vertex 22.724 33.241 5
      vertex 22.6648 33.6716 5
    endloop
  endfacet
  facet normal 0 0 1
    outer loop
      vertex 22.724 33.241 5
      vertex 22.6648 31.0659 5
      vertex 22.8399 31.7006 5
    endloop
  endfacet
  facet normal 0 0 1
    outer loop
      vertex 23.966 49.4949 5
      vertex 23.7401 49.3926 5
      vertex 23.966 49.4876 5
    endloop
  endfacet
  facet normal 0 0 1
    outer loop
      vertex 23.7371 49.6459 5
      vertex 23.7401 49.3926 5
      vertex 23.966 49.4949 5
    endloop
  endfacet
  facet normal 0 0 1
    outer loop
      vertex 23.7371 49.6459 5
      vertex 23.5851 49.2446 5
      vertex 23.7401 49.3926 5
    endloop
  endfacet
  facet normal 0 0 1
    outer loop
      vertex 23.5827 49.8257 5
      vertex 23.5851 49.2446 5
      vertex 23.7371 49.6459 5
    endloop
  endfacet
  facet normal 0 0 1
    outer loop
      vertex 23.5827 49.8257 5
      vertex 23.4954 49.0387 5
      vertex 23.5851 49.2446 5
    endloop
  endfacet
  facet normal 0 0 1
    outer loop
      vertex 23.4948 50.0402 5
      vertex 23.4954 49.0387 5
      vertex 23.5827 49.8257 5
    endloop
  endfacet
  facet normal 0 0 1
    outer loop
      vertex 19.3616 46.6959 5
      vertex 23.4948 50.0402 5
      vertex 23.4655 50.2956 5
    endloop
  endfacet
  facet normal 0 0 1
    outer loop
      vertex 23.4948 50.0402 5
      vertex 19.3616 46.6959 5
      vertex 23.4954 49.0387 5
    endloop
  endfacet
  facet normal 0 0 1
    outer loop
      vertex 23.966 45.4275 5
      vertex 23.7401 45.3252 5
      vertex 23.966 45.4201 5
    endloop
  endfacet
  facet normal 0 0 1
    outer loop
      vertex 23.7371 45.5785 5
      vertex 23.7401 45.3252 5
      vertex 23.966 45.4275 5
    endloop
  endfacet
  facet normal 0 0 1
    outer loop
      vertex 23.7371 45.5785 5
      vertex 23.5851 45.1772 5
      vertex 23.7401 45.3252 5
    endloop
  endfacet
  facet normal 0 0 1
    outer loop
      vertex 23.5827 45.7582 5
      vertex 23.5851 45.1772 5
      vertex 23.7371 45.5785 5
    endloop
  endfacet
  facet normal 0 0 1
    outer loop
      vertex 23.5827 45.7582 5
      vertex 23.4954 44.9712 5
      vertex 23.5851 45.1772 5
    endloop
  endfacet
  facet normal 0 0 1
    outer loop
      vertex 21.7199 45.0008 5
      vertex 23.5827 45.7582 5
      vertex 23.4948 45.9728 5
    endloop
  endfacet
  facet normal 0 0 1
    outer loop
      vertex 21.7199 45.0008 5
      vertex 23.4948 45.9728 5
      vertex 23.4655 46.2282 5
    endloop
  endfacet
  facet normal 0 0 1
    outer loop
      vertex 23.5827 45.7582 5
      vertex 21.7199 45.0008 5
      vertex 23.4954 44.9712 5
    endloop
  endfacet
  facet normal 0 0 1
    outer loop
      vertex 23.966 43.931 5
      vertex 23.8039 43.9191 5
      vertex 23.966 43.9236 5
    endloop
  endfacet
  facet normal 0 0 1
    outer loop
      vertex 23.7279 44.0829 5
      vertex 23.8039 43.9191 5
      vertex 23.966 43.931 5
    endloop
  endfacet
  facet normal 0 0 1
    outer loop
      vertex 23.7279 44.0829 5
      vertex 23.7035 43.9151 5
      vertex 23.8039 43.9191 5
    endloop
  endfacet
  facet normal 0 0 1
    outer loop
      vertex 23.7279 44.0829 5
      vertex 23.6379 43.9117 5
      vertex 23.7035 43.9151 5
    endloop
  endfacet
  facet normal 0 0 1
    outer loop
      vertex 23.7279 44.0829 5
      vertex 23.5802 43.909 5
      vertex 23.6379 43.9117 5
    endloop
  endfacet
  facet normal 0 0 1
    outer loop
      vertex 23.5754 44.2557 5
      vertex 23.5802 43.909 5
      vertex 23.7279 44.0829 5
    endloop
  endfacet
  facet normal 0 0 1
    outer loop
      vertex 23.5754 44.2557 5
      vertex 23.5369 43.9065 5
      vertex 23.5802 43.909 5
    endloop
  endfacet
  facet normal 0 0 1
    outer loop
      vertex 23.5754 44.2557 5
      vertex 23.5143 43.9041 5
      vertex 23.5369 43.9065 5
    endloop
  endfacet
  facet normal 0 0 1
    outer loop
      vertex 21.7199 45.0008 5
      vertex 23.493 44.4589 5
      vertex 23.4655 44.7024 5
    endloop
  endfacet
  facet normal 0 0 1
    outer loop
      vertex 23.493 44.4589 5
      vertex 23.5143 43.9041 5
      vertex 23.5754 44.2557 5
    endloop
  endfacet
  facet normal 0 0 1
    outer loop
      vertex 23.966 47.9984 5
      vertex 23.8039 47.9865 5
      vertex 23.966 47.9911 5
    endloop
  endfacet
  facet normal 0 0 1
    outer loop
      vertex 23.7279 48.1504 5
      vertex 23.8039 47.9865 5
      vertex 23.966 47.9984 5
    endloop
  endfacet
  facet normal 0 0 1
    outer loop
      vertex 23.7279 48.1504 5
      vertex 23.7035 47.9825 5
      vertex 23.8039 47.9865 5
    endloop
  endfacet
  facet normal 0 0 1
    outer loop
      vertex 23.7279 48.1504 5
      vertex 23.6379 47.9792 5
      vertex 23.7035 47.9825 5
    endloop
  endfacet
  facet normal 0 0 1
    outer loop
      vertex 23.7279 48.1504 5
      vertex 23.5802 47.9764 5
      vertex 23.6379 47.9792 5
    endloop
  endfacet
  facet normal 0 0 1
    outer loop
      vertex 23.5754 48.3231 5
      vertex 23.5802 47.9764 5
      vertex 23.7279 48.1504 5
    endloop
  endfacet
  facet normal 0 0 1
    outer loop
      vertex 23.5754 48.3231 5
      vertex 23.5369 47.974 5
      vertex 23.5802 47.9764 5
    endloop
  endfacet
  facet normal 0 0 1
    outer loop
      vertex 23.5754 48.3231 5
      vertex 23.5143 47.9716 5
      vertex 23.5369 47.974 5
    endloop
  endfacet
  facet normal 0 0 1
    outer loop
      vertex 19.3616 46.6959 5
      vertex 23.5143 47.9716 5
      vertex 23.493 48.5263 5
    endloop
  endfacet
  facet normal 0 0 1
    outer loop
      vertex 23.493 48.5263 5
      vertex 23.5143 47.9716 5
      vertex 23.5754 48.3231 5
    endloop
  endfacet
  facet normal 0 0 1
    outer loop
      vertex 23.066 33.9471 5
      vertex 23.6218 34.3112 5
      vertex 23.3749 34.2706 5
    endloop
  endfacet
  facet normal 0 0 1
    outer loop
      vertex 23.8698 34.2614 5
      vertex 23.0261 33.6667 5
      vertex 23.5949 32.988 5
    endloop
  endfacet
  facet normal 0 0 1
    outer loop
      vertex 23.066 33.9471 5
      vertex 23.3749 34.2706 5
      vertex 23.186 34.1488 5
    endloop
  endfacet
  facet normal -0 -0 1
    outer loop
      vertex 23.0633 33.4039 5
      vertex 23.5949 32.988 5
      vertex 23.0261 33.6667 5
    endloop
  endfacet
  facet normal 0 0 1
    outer loop
      vertex 23.6218 34.3112 5
      vertex 23.066 33.9471 5
      vertex 23.0261 33.6667 5
    endloop
  endfacet
  facet normal 0 0 1
    outer loop
      vertex 23.5949 32.988 5
      vertex 23.0633 33.4039 5
      vertex 23.3544 33.0549 5
    endloop
  endfacet
  facet normal 0 0 1
    outer loop
      vertex 23.3544 33.0549 5
      vertex 23.0633 33.4039 5
      vertex 23.175 33.1967 5
    endloop
  endfacet
  facet normal 0 0 1
    outer loop
      vertex 24.5421 27.0286 5
      vertex 23.5143 27.6828 5
      vertex 23.5143 26.3694 5
    endloop
  endfacet
  facet normal 0 0 1
    outer loop
      vertex 25.377 15.0383 5
      vertex 26.1557 16.6593 5
      vertex 25.377 16.6593 5
    endloop
  endfacet
  facet normal 0 0 1
    outer loop
      vertex 26.1557 16.6593 5
      vertex 25.377 15.0383 5
      vertex 26.1557 14.3588 5
    endloop
  endfacet
  facet normal -0 0 1
    outer loop
      vertex 25.377 14.8422 5
      vertex 26.1557 14.3588 5
      vertex 25.377 15.0383 5
    endloop
  endfacet
  facet normal 0 0 1
    outer loop
      vertex 26.1557 14.3588 5
      vertex 25.377 14.8422 5
      vertex 25.377 14.3588 5
    endloop
  endfacet
  facet normal 0 0 1
    outer loop
      vertex 25.377 17.5577 5
      vertex 26.1557 18.0957 5
      vertex 25.6211 18.0957 5
    endloop
  endfacet
  facet normal -0 0 1
    outer loop
      vertex 25.0352 19.1105 5
      vertex 25.6211 18.5717 5
      vertex 25.377 19.1105 5
    endloop
  endfacet
  facet normal 0 0 1
    outer loop
      vertex 25.6211 18.5717 5
      vertex 25.0352 19.1105 5
      vertex 25.6211 18.0957 5
    endloop
  endfacet
  facet normal 0 0 1
    outer loop
      vertex 26.1557 18.0957 5
      vertex 25.377 17.5577 5
      vertex 26.1557 17.0744 5
    endloop
  endfacet
  facet normal 0 0 1
    outer loop
      vertex 26.1557 17.0744 5
      vertex 25.377 17.5577 5
      vertex 25.377 17.0744 5
    endloop
  endfacet
  facet normal -0 0 1
    outer loop
      vertex 25.377 19.1105 5
      vertex 26.1557 18.5717 5
      vertex 26.1557 20.7315 5
    endloop
  endfacet
  facet normal 0 0 1
    outer loop
      vertex 26.1557 18.5717 5
      vertex 25.377 19.1105 5
      vertex 25.6211 18.5717 5
    endloop
  endfacet
  facet normal 0 0 1
    outer loop
      vertex 25.377 19.1105 5
      vertex 26.1557 20.7315 5
      vertex 25.377 20.7315 5
    endloop
  endfacet
  facet normal -0 0 1
    outer loop
      vertex 26.1521 22.6268 5
      vertex 26.1557 21.1465 5
      vertex 26.2046 23.0614 5
    endloop
  endfacet
  facet normal -0 0 1
    outer loop
      vertex 25.9946 22.2851 5
      vertex 26.1557 21.1465 5
      vertex 26.1521 22.6268 5
    endloop
  endfacet
  facet normal -0 0 1
    outer loop
      vertex 25.7377 22.044 5
      vertex 26.1557 21.1465 5
      vertex 25.9946 22.2851 5
    endloop
  endfacet
  facet normal 0 0 1
    outer loop
      vertex 25.377 21.6299 5
      vertex 25.7377 22.044 5
      vertex 25.3867 21.9116 5
    endloop
  endfacet
  facet normal 0 0 1
    outer loop
      vertex 25.7377 22.044 5
      vertex 25.377 21.6299 5
      vertex 26.1557 21.1465 5
    endloop
  endfacet
  facet normal 0 0 1
    outer loop
      vertex 26.1557 21.1465 5
      vertex 25.377 21.6299 5
      vertex 25.377 21.1465 5
    endloop
  endfacet
  facet normal 0 0 1
    outer loop
      vertex 26.1557 27.739 5
      vertex 25.0718 27.0286 5
      vertex 26.1557 26.3133 5
    endloop
  endfacet
  facet normal 0 0 1
    outer loop
      vertex 26.1557 45.032 5
      vertex 24.6251 43.9407 5
      vertex 26.1557 43.9407 5
    endloop
  endfacet
  facet normal -0 0 1
    outer loop
      vertex 24.4811 45.032 5
      vertex 24.6251 43.9407 5
      vertex 26.1557 45.032 5
    endloop
  endfacet
  facet normal 0 0 1
    outer loop
      vertex 24.4811 45.032 5
      vertex 24.2785 43.9816 5
      vertex 24.6251 43.9407 5
    endloop
  endfacet
  facet normal 0 0 1
    outer loop
      vertex 24.0197 44.1043 5
      vertex 24.4811 45.032 5
      vertex 24.157 45.0057 5
    endloop
  endfacet
  facet normal 0 0 1
    outer loop
      vertex 24.4811 45.032 5
      vertex 24.0197 44.1043 5
      vertex 24.2785 43.9816 5
    endloop
  endfacet
  facet normal 0 0 1
    outer loop
      vertex 23.8415 44.7799 5
      vertex 24.157 45.0057 5
      vertex 23.9513 44.927 5
    endloop
  endfacet
  facet normal 0 -0 1
    outer loop
      vertex 23.8586 44.2971 5
      vertex 24.157 45.0057 5
      vertex 23.8048 44.5486 5
    endloop
  endfacet
  facet normal 0 0 1
    outer loop
      vertex 24.157 45.0057 5
      vertex 23.8415 44.7799 5
      vertex 23.8048 44.5486 5
    endloop
  endfacet
  facet normal 0 0 1
    outer loop
      vertex 24.157 45.0057 5
      vertex 23.8586 44.2971 5
      vertex 24.0197 44.1043 5
    endloop
  endfacet
  facet normal 0 0 1
    outer loop
      vertex 26.1557 46.5578 5
      vertex 24.6251 45.4665 5
      vertex 26.1557 45.4665 5
    endloop
  endfacet
  facet normal -0 0 1
    outer loop
      vertex 24.4811 46.5578 5
      vertex 24.6251 45.4665 5
      vertex 26.1557 46.5578 5
    endloop
  endfacet
  facet normal 0 0 1
    outer loop
      vertex 24.4811 46.5578 5
      vertex 24.2769 45.5065 5
      vertex 24.6251 45.4665 5
    endloop
  endfacet
  facet normal -0 0 1
    outer loop
      vertex 24.157 46.5315 5
      vertex 24.2769 45.5065 5
      vertex 24.4811 46.5578 5
    endloop
  endfacet
  facet normal 0 0 1
    outer loop
      vertex 24.157 46.5315 5
      vertex 24.0185 45.6264 5
      vertex 24.2769 45.5065 5
    endloop
  endfacet
  facet normal 0 0 1
    outer loop
      vertex 23.8415 46.3057 5
      vertex 24.157 46.5315 5
      vertex 23.9513 46.4528 5
    endloop
  endfacet
  facet normal 0 -0 1
    outer loop
      vertex 23.8583 45.8184 5
      vertex 24.157 46.5315 5
      vertex 23.8048 46.0744 5
    endloop
  endfacet
  facet normal 0 0 1
    outer loop
      vertex 24.157 46.5315 5
      vertex 23.8415 46.3057 5
      vertex 23.8048 46.0744 5
    endloop
  endfacet
  facet normal 0 0 1
    outer loop
      vertex 24.157 46.5315 5
      vertex 23.8583 45.8184 5
      vertex 24.0185 45.6264 5
    endloop
  endfacet
  facet normal 0 0 1
    outer loop
      vertex 26.1557 47.5712 5
      vertex 24.3956 46.9923 5
      vertex 26.1557 46.9923 5
    endloop
  endfacet
  facet normal -0 0 1
    outer loop
      vertex 24.0783 47.5712 5
      vertex 24.3956 46.9923 5
      vertex 26.1557 47.5712 5
    endloop
  endfacet
  facet normal 0 0 1
    outer loop
      vertex 24.0783 47.5712 5
      vertex 23.9696 46.9468 5
      vertex 24.3956 46.9923 5
    endloop
  endfacet
  facet normal -0 0 1
    outer loop
      vertex 23.7066 47.5675 5
      vertex 23.9696 46.9468 5
      vertex 24.0783 47.5712 5
    endloop
  endfacet
  facet normal 0 0 1
    outer loop
      vertex 23.7066 47.5675 5
      vertex 23.6828 46.8104 5
      vertex 23.9696 46.9468 5
    endloop
  endfacet
  facet normal -0 0 1
    outer loop
      vertex 23.5143 47.5565 5
      vertex 23.6828 46.8104 5
      vertex 23.7066 47.5675 5
    endloop
  endfacet
  facet normal 0 0 1
    outer loop
      vertex 23.6828 46.8104 5
      vertex 23.5143 47.5565 5
      vertex 23.5198 46.5739 5
    endloop
  endfacet
  facet normal 0 0 1
    outer loop
      vertex 23.5143 47.9716 5
      vertex 19.3616 46.6959 5
      vertex 23.5143 47.5565 5
    endloop
  endfacet
  facet normal 0 0 1
    outer loop
      vertex 19.3616 46.6959 5
      vertex 23.493 48.5263 5
      vertex 23.4655 48.7698 5
    endloop
  endfacet
  facet normal 0 -0 1
    outer loop
      vertex 21.3464 45.0008 5
      vertex 23.5143 47.5565 5
      vertex 19.3616 46.6959 5
    endloop
  endfacet
  facet normal 0 0 1
    outer loop
      vertex 26.1557 49.0994 5
      vertex 24.6251 48.0082 5
      vertex 26.1557 48.0082 5
    endloop
  endfacet
  facet normal -0 0 1
    outer loop
      vertex 24.4811 49.0994 5
      vertex 24.6251 48.0082 5
      vertex 26.1557 49.0994 5
    endloop
  endfacet
  facet normal 0 0 1
    outer loop
      vertex 24.4811 49.0994 5
      vertex 24.2785 48.0491 5
      vertex 24.6251 48.0082 5
    endloop
  endfacet
  facet normal 0 0 1
    outer loop
      vertex 24.0197 48.1717 5
      vertex 24.4811 49.0994 5
      vertex 24.157 49.0732 5
    endloop
  endfacet
  facet normal 0 0 1
    outer loop
      vertex 24.4811 49.0994 5
      vertex 24.0197 48.1717 5
      vertex 24.2785 48.0491 5
    endloop
  endfacet
  facet normal 0 0 1
    outer loop
      vertex 23.8415 48.8473 5
      vertex 24.157 49.0732 5
      vertex 23.9513 48.9944 5
    endloop
  endfacet
  facet normal 0 -0 1
    outer loop
      vertex 23.8586 48.3646 5
      vertex 24.157 49.0732 5
      vertex 23.8048 48.616 5
    endloop
  endfacet
  facet normal 0 0 1
    outer loop
      vertex 24.157 49.0732 5
      vertex 23.8415 48.8473 5
      vertex 23.8048 48.616 5
    endloop
  endfacet
  facet normal 0 0 1
    outer loop
      vertex 24.157 49.0732 5
      vertex 23.8586 48.3646 5
      vertex 24.0197 48.1717 5
    endloop
  endfacet
  facet normal 0 0 1
    outer loop
      vertex 26.1557 50.6252 5
      vertex 24.6251 49.534 5
      vertex 26.1557 49.534 5
    endloop
  endfacet
  facet normal -0 0 1
    outer loop
      vertex 24.4811 50.6252 5
      vertex 24.6251 49.534 5
      vertex 26.1557 50.6252 5
    endloop
  endfacet
  facet normal 0 0 1
    outer loop
      vertex 24.4811 50.6252 5
      vertex 24.2769 49.5739 5
      vertex 24.6251 49.534 5
    endloop
  endfacet
  facet normal -0 0 1
    outer loop
      vertex 24.157 50.599 5
      vertex 24.2769 49.5739 5
      vertex 24.4811 50.6252 5
    endloop
  endfacet
  facet normal 0 0 1
    outer loop
      vertex 24.157 50.599 5
      vertex 24.0185 49.6938 5
      vertex 24.2769 49.5739 5
    endloop
  endfacet
  facet normal 0 0 1
    outer loop
      vertex 23.8415 50.3731 5
      vertex 24.157 50.599 5
      vertex 23.9513 50.5202 5
    endloop
  endfacet
  facet normal 0 -0 1
    outer loop
      vertex 23.8583 49.8858 5
      vertex 24.157 50.599 5
      vertex 23.8048 50.1418 5
    endloop
  endfacet
  facet normal 0 0 1
    outer loop
      vertex 24.157 50.599 5
      vertex 23.8415 50.3731 5
      vertex 23.8048 50.1418 5
    endloop
  endfacet
  facet normal 0 0 1
    outer loop
      vertex 24.157 50.599 5
      vertex 23.8583 49.8858 5
      vertex 24.0185 49.6938 5
    endloop
  endfacet
  facet normal -0 0 1
    outer loop
      vertex 26.1557 27.739 5
      vertex 44.45 0 5
      vertex 26.1557 28.2297 5
    endloop
  endfacet
  facet normal -0 0 1
    outer loop
      vertex 26.0965 30.519 5
      vertex 26.1557 28.2297 5
      vertex 26.2046 31.0317 5
    endloop
  endfacet
  facet normal -0 0 1
    outer loop
      vertex 25.7725 30.1431 5
      vertex 26.1557 28.2297 5
      vertex 26.0965 30.519 5
    endloop
  endfacet
  facet normal -0 0 1
    outer loop
      vertex 25.2421 29.9124 5
      vertex 26.1557 28.2297 5
      vertex 25.7725 30.1431 5
    endloop
  endfacet
  facet normal -0 0 1
    outer loop
      vertex 24.5152 29.8355 5
      vertex 26.1557 28.2297 5
      vertex 25.2421 29.9124 5
    endloop
  endfacet
  facet normal 0 0 1
    outer loop
      vertex 26.1557 28.2297 5
      vertex 24.5152 29.8355 5
      vertex 24.7935 27.2776 5
    endloop
  endfacet
  facet normal 0 0 1
    outer loop
      vertex 23.5143 28.1735 5
      vertex 24.5152 29.8355 5
      vertex 23.7255 29.9154 5
    endloop
  endfacet
  facet normal 0 0 1
    outer loop
      vertex 24.5152 29.8355 5
      vertex 23.5143 28.1735 5
      vertex 24.7935 27.2776 5
    endloop
  endfacet
  facet normal 0 0 1
    outer loop
      vertex 22.7844 30.5428 5
      vertex 23.5143 28.1735 5
      vertex 23.1433 30.1553 5
    endloop
  endfacet
  facet normal 0 0 1
    outer loop
      vertex 23.5143 28.1735 5
      vertex 22.7844 30.5428 5
      vertex 23.5143 27.6828 5
    endloop
  endfacet
  facet normal 0 0 1
    outer loop
      vertex 21.7687 23.7627 5
      vertex 23.5143 27.6828 5
      vertex 22.7844 30.5428 5
    endloop
  endfacet
  facet normal 0 0 1
    outer loop
      vertex 23.1433 30.1553 5
      vertex 23.5143 28.1735 5
      vertex 23.7255 29.9154 5
    endloop
  endfacet
  facet normal -0 0 1
    outer loop
      vertex 26.1457 33.2215 5
      vertex 26.2046 31.0317 5
      vertex 26.2046 33.6911 5
    endloop
  endfacet
  facet normal 0 0 1
    outer loop
      vertex 26.1457 33.2215 5
      vertex 26.1258 31.4955 5
      vertex 26.2046 31.0317 5
    endloop
  endfacet
  facet normal -0 0 1
    outer loop
      vertex 25.969 32.8574 5
      vertex 26.1258 31.4955 5
      vertex 26.1457 33.2215 5
    endloop
  endfacet
  facet normal 0 0 1
    outer loop
      vertex 25.969 32.8574 5
      vertex 25.8897 31.847 5
      vertex 26.1258 31.4955 5
    endloop
  endfacet
  facet normal -0 0 1
    outer loop
      vertex 25.6769 32.6093 5
      vertex 25.8897 31.847 5
      vertex 25.969 32.8574 5
    endloop
  endfacet
  facet normal 0 0 1
    outer loop
      vertex 25.6769 32.6093 5
      vertex 25.5174 32.0686 5
      vertex 25.8897 31.847 5
    endloop
  endfacet
  facet normal -0 0 1
    outer loop
      vertex 25.272 32.4875 5
      vertex 25.5174 32.0686 5
      vertex 25.6769 32.6093 5
    endloop
  endfacet
  facet normal 0 0 1
    outer loop
      vertex 25.272 32.4875 5
      vertex 25.0303 32.1424 5
      vertex 25.5174 32.0686 5
    endloop
  endfacet
  facet normal 0 0 1
    outer loop
      vertex 24.5787 32.0725 5
      vertex 25.272 32.4875 5
      vertex 25.2305 32.9417 5
    endloop
  endfacet
  facet normal 0 0 1
    outer loop
      vertex 25.8408 33.6911 5
      vertex 24.5958 33.5617 5
      vertex 25.6882 33.173 5
    endloop
  endfacet
  facet normal 0 0 1
    outer loop
      vertex 24.7533 34.1855 5
      vertex 25.1914 34.4015 5
      vertex 24.9415 34.3475 5
    endloop
  endfacet
  facet normal 0 0 1
    outer loop
      vertex 25.1914 34.4015 5
      vertex 24.7533 34.1855 5
      vertex 24.6352 33.9215 5
    endloop
  endfacet
  facet normal 0 0 1
    outer loop
      vertex 25.6882 33.173 5
      vertex 24.5958 33.5617 5
      vertex 25.2305 32.9417 5
    endloop
  endfacet
  facet normal 0 0 1
    outer loop
      vertex 25.2305 32.9417 5
      vertex 24.5958 33.5617 5
      vertex 24.5958 33.3127 5
    endloop
  endfacet
  facet normal 0 0 1
    outer loop
      vertex 24.5787 32.0725 5
      vertex 25.2305 32.9417 5
      vertex 24.5958 33.3127 5
    endloop
  endfacet
  facet normal 0 0 1
    outer loop
      vertex 25.272 32.4875 5
      vertex 24.5787 32.0725 5
      vertex 25.0303 32.1424 5
    endloop
  endfacet
  facet normal -0 0 1
    outer loop
      vertex 24.215 33.3127 5
      vertex 24.5787 32.0725 5
      vertex 24.5958 33.3127 5
    endloop
  endfacet
  facet normal 0 0 1
    outer loop
      vertex 23.5607 32.5462 5
      vertex 24.215 33.3127 5
      vertex 23.5949 32.988 5
    endloop
  endfacet
  facet normal 0 0 1
    outer loop
      vertex 24.1756 33.8727 5
      vertex 23.5949 32.988 5
      vertex 24.215 33.552 5
    endloop
  endfacet
  facet normal 0 0 1
    outer loop
      vertex 23.8698 34.2614 5
      vertex 24.1756 33.8727 5
      vertex 24.0575 34.1122 5
    endloop
  endfacet
  facet normal 0 0 1
    outer loop
      vertex 24.215 33.552 5
      vertex 23.5949 32.988 5
      vertex 24.215 33.3127 5
    endloop
  endfacet
  facet normal 0 0 1
    outer loop
      vertex 24.215 33.3127 5
      vertex 23.5607 32.5462 5
      vertex 24.5787 32.0725 5
    endloop
  endfacet
  facet normal 0 0 1
    outer loop
      vertex 24.5787 32.0725 5
      vertex 23.5607 32.5462 5
      vertex 24.2296 31.8629 5
    endloop
  endfacet
  facet normal 0 0 1
    outer loop
      vertex 44.45 63.5 5
      vertex 26.1557 35.9453 5
      vertex 26.2046 33.6911 5
    endloop
  endfacet
  facet normal -0 0 1
    outer loop
      vertex 26.1521 37.2848 5
      vertex 26.1557 35.9453 5
      vertex 26.2046 37.7193 5
    endloop
  endfacet
  facet normal -0 0 1
    outer loop
      vertex 25.9946 36.943 5
      vertex 26.1557 35.9453 5
      vertex 26.1521 37.2848 5
    endloop
  endfacet
  facet normal -0 0 1
    outer loop
      vertex 25.7377 36.702 5
      vertex 26.1557 35.9453 5
      vertex 25.9946 36.943 5
    endloop
  endfacet
  facet normal 0 0 1
    outer loop
      vertex 25.7377 36.702 5
      vertex 25.6211 35.9453 5
      vertex 26.1557 35.9453 5
    endloop
  endfacet
  facet normal 0 0 1
    outer loop
      vertex 24.5665 36.6696 5
      vertex 25.6211 35.9453 5
      vertex 25.3867 36.5695 5
    endloop
  endfacet
  facet normal -0 0 1
    outer loop
      vertex 25.3867 36.5695 5
      vertex 25.6211 35.9453 5
      vertex 25.7377 36.702 5
    endloop
  endfacet
  facet normal 0 0 1
    outer loop
      vertex 26.2046 40.4691 5
      vertex 26.1264 38.2305 5
      vertex 26.2046 37.7193 5
    endloop
  endfacet
  facet normal -0 0 1
    outer loop
      vertex 26.0917 39.9497 5
      vertex 26.1264 38.2305 5
      vertex 26.2046 40.4691 5
    endloop
  endfacet
  facet normal 0 0 1
    outer loop
      vertex 26.0917 39.9497 5
      vertex 25.8921 38.6165 5
      vertex 26.1264 38.2305 5
    endloop
  endfacet
  facet normal -0 0 1
    outer loop
      vertex 25.7529 39.578 5
      vertex 25.8921 38.6165 5
      vertex 26.0917 39.9497 5
    endloop
  endfacet
  facet normal 0 0 1
    outer loop
      vertex 25.7529 39.578 5
      vertex 25.5216 38.8591 5
      vertex 25.8921 38.6165 5
    endloop
  endfacet
  facet normal -0 0 1
    outer loop
      vertex 25.1976 39.3547 5
      vertex 25.5216 38.8591 5
      vertex 25.7529 39.578 5
    endloop
  endfacet
  facet normal 0 0 1
    outer loop
      vertex 25.1976 39.3547 5
      vertex 25.0352 38.94 5
      vertex 25.5216 38.8591 5
    endloop
  endfacet
  facet normal -0 0 1
    outer loop
      vertex 24.4347 39.2802 5
      vertex 25.0352 38.94 5
      vertex 25.1976 39.3547 5
    endloop
  endfacet
  facet normal 0 0 1
    outer loop
      vertex 25.0352 38.94 5
      vertex 24.4347 39.2802 5
      vertex 24.6019 38.8646 5
    endloop
  endfacet
  facet normal 0 0 1
    outer loop
      vertex 24.4347 39.2802 5
      vertex 24.2589 38.6385 5
      vertex 24.6019 38.8646 5
    endloop
  endfacet
  facet normal 0 0 1
    outer loop
      vertex 23.6596 39.3525 5
      vertex 24.2589 38.6385 5
      vertex 24.4347 39.2802 5
    endloop
  endfacet
  facet normal -0 0 1
    outer loop
      vertex 23.0895 38.7398 5
      vertex 24.0355 38.2854 5
      vertex 23.6596 39.3525 5
    endloop
  endfacet
  facet normal 0 0 1
    outer loop
      vertex 24.2589 38.6385 5
      vertex 23.6596 39.3525 5
      vertex 24.0355 38.2854 5
    endloop
  endfacet
  facet normal 0 0 1
    outer loop
      vertex 26.2046 37.7193 5
      vertex 44.45 63.5 5
      vertex 26.2046 40.4691 5
    endloop
  endfacet
  facet normal 0 0 1
    outer loop
      vertex 26.1557 50.6252 5
      vertex 44.45 63.5 5
      vertex 26.1557 51.0597 5
    endloop
  endfacet
  facet normal 0 0 1
    outer loop
      vertex 44.45 63.5 5
      vertex 24.3956 51.0597 5
      vertex 26.1557 51.0597 5
    endloop
  endfacet
  facet normal -0 0 1
    outer loop
      vertex 0 63.5 5
      vertex 24.3956 51.0597 5
      vertex 44.45 63.5 5
    endloop
  endfacet
  facet normal 0 0 1
    outer loop
      vertex 24.3956 51.0597 5
      vertex 0 63.5 5
      vertex 23.9696 51.0143 5
    endloop
  endfacet
  facet normal 0 0 1
    outer loop
      vertex 23.4954 49.0387 5
      vertex 19.3616 46.6959 5
      vertex 23.4655 48.7698 5
    endloop
  endfacet
  facet normal 0 0 1
    outer loop
      vertex 23.5143 47.5565 5
      vertex 21.3464 45.0008 5
      vertex 23.5198 46.5739 5
    endloop
  endfacet
  facet normal 0 0 1
    outer loop
      vertex 23.4954 44.9712 5
      vertex 21.7199 45.0008 5
      vertex 23.4655 44.7024 5
    endloop
  endfacet
  facet normal 0 0 1
    outer loop
      vertex 21.7199 42.7231 5
      vertex 23.5143 43.9041 5
      vertex 21.7199 45.0008 5
    endloop
  endfacet
  facet normal 0 0 1
    outer loop
      vertex 23.5143 43.4891 5
      vertex 21.7199 42.7231 5
      vertex 23.1115 41.3809 5
    endloop
  endfacet
  facet normal 0 0 1
    outer loop
      vertex 22.716 38.7398 5
      vertex 21.7199 36.8565 5
      vertex 22.716 36.7843 5
    endloop
  endfacet
  facet normal 0 0 1
    outer loop
      vertex 21.7199 40.9359 5
      vertex 22.7765 41.012 5
      vertex 21.7687 41.1151 5
    endloop
  endfacet
  facet normal 0 0 1
    outer loop
      vertex 23.1115 41.3809 5
      vertex 21.7687 41.5106 5
      vertex 22.7765 41.012 5
    endloop
  endfacet
  facet normal 0 0 1
    outer loop
      vertex 19.3616 46.6959 5
      vertex 23.4655 50.2956 5
      vertex 23.5198 50.6413 5
    endloop
  endfacet
  facet normal -0 0 1
    outer loop
      vertex 21.7687 41.1151 5
      vertex 22.7765 41.012 5
      vertex 21.7687 41.5106 5
    endloop
  endfacet
  facet normal 0 -0 1
    outer loop
      vertex 21.7199 45.0008 5
      vertex 23.5198 46.5739 5
      vertex 21.3464 45.0008 5
    endloop
  endfacet
  facet normal 0 0 1
    outer loop
      vertex 21.3464 45.0008 5
      vertex 21.1721 43.3029 5
      vertex 21.3464 43.2065 5
    endloop
  endfacet
  facet normal 0 0 1
    outer loop
      vertex 21.3464 45.0008 5
      vertex 20.9912 43.4457 5
      vertex 21.1721 43.3029 5
    endloop
  endfacet
  facet normal 0 0 1
    outer loop
      vertex 21.3464 45.0008 5
      vertex 20.7956 43.6404 5
      vertex 20.9912 43.4457 5
    endloop
  endfacet
  facet normal 0 0 1
    outer loop
      vertex 23.5198 46.5739 5
      vertex 21.7199 45.0008 5
      vertex 23.4655 46.2282 5
    endloop
  endfacet
  facet normal 0 0 1
    outer loop
      vertex 21.3464 45.0008 5
      vertex 20.5774 43.8925 5
      vertex 20.7956 43.6404 5
    endloop
  endfacet
  facet normal 0 0 1
    outer loop
      vertex 21.3464 45.0008 5
      vertex 20.2167 44.3203 5
      vertex 20.5774 43.8925 5
    endloop
  endfacet
  facet normal -0 0 1
    outer loop
      vertex 19.3616 46.3493 5
      vertex 21.3464 45.0008 5
      vertex 19.3616 46.6959 5
    endloop
  endfacet
  facet normal 0 0 1
    outer loop
      vertex 21.3464 45.0008 5
      vertex 19.9646 44.5834 5
      vertex 20.2167 44.3203 5
    endloop
  endfacet
  facet normal 0 0 1
    outer loop
      vertex 21.3464 45.0008 5
      vertex 19.7669 44.7417 5
      vertex 19.9646 44.5834 5
    endloop
  endfacet
  facet normal -0 0 1
    outer loop
      vertex 19.3616 45.7951 5
      vertex 21.3464 45.0008 5
      vertex 19.3616 46.3493 5
    endloop
  endfacet
  facet normal 0 0 1
    outer loop
      vertex 18.2802 46.7496 5
      vertex 23.5198 50.6413 5
      vertex 23.6828 50.8778 5
    endloop
  endfacet
  facet normal -0 0 1
    outer loop
      vertex 19.3616 45.4509 5
      vertex 21.3464 45.0008 5
      vertex 19.3616 45.7951 5
    endloop
  endfacet
  facet normal 0 0 1
    outer loop
      vertex 23.5198 50.6413 5
      vertex 18.2802 46.7496 5
      vertex 19.3616 46.6959 5
    endloop
  endfacet
  facet normal 0 0 1
    outer loop
      vertex 0 63.5 5
      vertex 18.2802 46.3005 5
      vertex 18.2802 46.7496 5
    endloop
  endfacet
  facet normal 0 0 1
    outer loop
      vertex 18.2802 46.3005 5
      vertex 0 63.5 5
      vertex 18.2802 45.8488 5
    endloop
  endfacet
  facet normal 0 0 1
    outer loop
      vertex 18.2802 45.8488 5
      vertex 0 63.5 5
      vertex 18.2802 45.3997 5
    endloop
  endfacet
  facet normal 0 0 1
    outer loop
      vertex 18.2802 45.3997 5
      vertex 0 63.5 5
      vertex 18.2289 43.8681 5
    endloop
  endfacet
  facet normal 0 0 1
    outer loop
      vertex 0 63.5 5
      vertex 18.0971 42.1184 5
      vertex 18.0971 42.5041 5
    endloop
  endfacet
  facet normal 0 0 1
    outer loop
      vertex 18.2289 35.7237 5
      vertex 0 0 5
      vertex 18.2802 26.4131 5
    endloop
  endfacet
  facet normal 0 0 1
    outer loop
      vertex 18.2802 26.4131 5
      vertex 0 0 5
      vertex 18.0971 24.7563 5
    endloop
  endfacet
  facet normal 0 0 1
    outer loop
      vertex 18.2289 43.8681 5
      vertex 0 63.5 5
      vertex 18.0971 42.5041 5
    endloop
  endfacet
  facet normal 0 0 1
    outer loop
      vertex 23.6828 50.8778 5
      vertex 0 63.5 5
      vertex 18.2802 46.7496 5
    endloop
  endfacet
  facet normal 0 0 1
    outer loop
      vertex 23.9696 51.0143 5
      vertex 0 63.5 5
      vertex 23.6828 50.8778 5
    endloop
  endfacet
  facet normal 0 0 1
    outer loop
      vertex 26.1557 35.9453 5
      vertex 44.45 63.5 5
      vertex 26.2046 37.7193 5
    endloop
  endfacet
  facet normal 0 0 1
    outer loop
      vertex 26.2046 31.0317 5
      vertex 44.45 63.5 5
      vertex 26.2046 33.6911 5
    endloop
  endfacet
  facet normal 0 0 1
    outer loop
      vertex 44.45 63.5 5
      vertex 26.2046 31.0317 5
      vertex 44.45 0 5
    endloop
  endfacet
  facet normal -0 0 1
    outer loop
      vertex 26.1557 28.2297 5
      vertex 44.45 0 5
      vertex 26.2046 31.0317 5
    endloop
  endfacet
  facet normal -0 0 1
    outer loop
      vertex 26.1557 21.1465 5
      vertex 44.45 0 5
      vertex 26.2046 23.0614 5
    endloop
  endfacet
  facet normal -0 0 1
    outer loop
      vertex 26.1557 20.7315 5
      vertex 44.45 0 5
      vertex 26.1557 21.1465 5
    endloop
  endfacet
  facet normal -0 0 1
    outer loop
      vertex 26.1557 18.5717 5
      vertex 44.45 0 5
      vertex 26.1557 20.7315 5
    endloop
  endfacet
  facet normal -0 0 1
    outer loop
      vertex 26.1557 18.0957 5
      vertex 44.45 0 5
      vertex 26.1557 18.5717 5
    endloop
  endfacet
  facet normal -0 0 1
    outer loop
      vertex 26.1557 17.0744 5
      vertex 44.45 0 5
      vertex 26.1557 18.0957 5
    endloop
  endfacet
  facet normal -0 0 1
    outer loop
      vertex 26.1557 16.6593 5
      vertex 44.45 0 5
      vertex 26.1557 17.0744 5
    endloop
  endfacet
  facet normal -0 0 1
    outer loop
      vertex 26.1557 14.3588 5
      vertex 44.45 0 5
      vertex 26.1557 16.6593 5
    endloop
  endfacet
  facet normal -0 0 1
    outer loop
      vertex 26.1557 13.9438 5
      vertex 44.45 0 5
      vertex 26.1557 14.3588 5
    endloop
  endfacet
  facet normal 0 0 1
    outer loop
      vertex 25.377 12.3228 5
      vertex 26.1557 13.9438 5
      vertex 25.377 13.9438 5
    endloop
  endfacet
  facet normal 0 0 1
    outer loop
      vertex 26.1557 13.9438 5
      vertex 25.377 12.3228 5
      vertex 44.45 0 5
    endloop
  endfacet
  facet normal -0 0 1
    outer loop
      vertex 25.0352 12.3228 5
      vertex 44.45 0 5
      vertex 25.377 12.3228 5
    endloop
  endfacet
  facet normal 0 0 1
    outer loop
      vertex 21.7199 36.8565 5
      vertex 22.716 38.7398 5
      vertex 21.7199 38.7803 5
    endloop
  endfacet
  facet normal 0 0 1
    outer loop
      vertex 23.193 34.6911 5
      vertex 21.7199 34.5788 5
      vertex 22.9053 34.476 5
    endloop
  endfacet
  facet normal 0 0 1
    outer loop
      vertex 22.716 24.0818 5
      vertex 21.7687 23.7627 5
      vertex 21.7687 23.3672 5
    endloop
  endfacet
  facet normal -0 0 1
    outer loop
      vertex 21.7034 22.5424 5
      vertex 22.716 22.1264 5
      vertex 21.7687 23.3672 5
    endloop
  endfacet
  facet normal 0 0 1
    outer loop
      vertex 25.0352 19.1105 5
      vertex 22.716 17.0744 5
      vertex 25.0303 17.5577 5
    endloop
  endfacet
  facet normal 0 0 1
    outer loop
      vertex 22.716 16.6129 5
      vertex 21.7199 16.9603 5
      vertex 22.716 14.3588 5
    endloop
  endfacet
  facet normal -0 0 1
    outer loop
      vertex 21.3464 16.9603 5
      vertex 22.716 14.3588 5
      vertex 21.7199 16.9603 5
    endloop
  endfacet
  facet normal 0 0 1
    outer loop
      vertex 19.2542 17.0604 5
      vertex 22.716 14.3588 5
      vertex 21.3464 16.9603 5
    endloop
  endfacet
  facet normal 0 0 1
    outer loop
      vertex 22.716 14.3588 5
      vertex 19.2542 17.0604 5
      vertex 22.716 13.8974 5
    endloop
  endfacet
  facet normal -0 0 1
    outer loop
      vertex 18.8392 17.0604 5
      vertex 22.716 13.8974 5
      vertex 19.2542 17.0604 5
    endloop
  endfacet
  facet normal 0 0 1
    outer loop
      vertex 0 0 5
      vertex 18.2289 22.026 5
      vertex 18.0971 24.3705 5
    endloop
  endfacet
  facet normal 0 0 1
    outer loop
      vertex 18.0971 24.7563 5
      vertex 0 0 5
      vertex 18.0971 24.3705 5
    endloop
  endfacet
  facet normal 0 0 1
    outer loop
      vertex 25.0352 12.3228 5
      vertex 0 0 5
      vertex 44.45 0 5
    endloop
  endfacet
  facet normal 0 0 1
    outer loop
      vertex 22.716 13.8974 5
      vertex 0 0 5
      vertex 25.0352 12.3228 5
    endloop
  endfacet
  facet normal 0 0 1
    outer loop
      vertex 18.8392 17.0604 5
      vertex 0 0 5
      vertex 22.716 13.8974 5
    endloop
  endfacet
  facet normal 0 0 1
    outer loop
      vertex 18.2802 17.8733 5
      vertex 0 0 5
      vertex 18.8392 17.0604 5
    endloop
  endfacet
  facet normal 0 0 1
    outer loop
      vertex 18.2802 18.2786 5
      vertex 0 0 5
      vertex 18.2802 17.8733 5
    endloop
  endfacet
  facet normal 0 0 1
    outer loop
      vertex 26.1557 49.534 5
      vertex 44.45 63.5 5
      vertex 26.1557 50.6252 5
    endloop
  endfacet
  facet normal 0 0 1
    outer loop
      vertex 26.1557 49.0994 5
      vertex 44.45 63.5 5
      vertex 26.1557 49.534 5
    endloop
  endfacet
  facet normal 0 0 1
    outer loop
      vertex 26.1557 48.0082 5
      vertex 44.45 63.5 5
      vertex 26.1557 49.0994 5
    endloop
  endfacet
  facet normal 0 0 1
    outer loop
      vertex 26.1557 47.5712 5
      vertex 44.45 63.5 5
      vertex 26.1557 48.0082 5
    endloop
  endfacet
  facet normal 0 0 1
    outer loop
      vertex 26.1557 46.9923 5
      vertex 44.45 63.5 5
      vertex 26.1557 47.5712 5
    endloop
  endfacet
  facet normal 0 0 1
    outer loop
      vertex 26.1557 46.5578 5
      vertex 44.45 63.5 5
      vertex 26.1557 46.9923 5
    endloop
  endfacet
  facet normal 0 0 1
    outer loop
      vertex 26.1557 45.4665 5
      vertex 44.45 63.5 5
      vertex 26.1557 46.5578 5
    endloop
  endfacet
  facet normal 0 0 1
    outer loop
      vertex 26.1557 45.032 5
      vertex 44.45 63.5 5
      vertex 26.1557 45.4665 5
    endloop
  endfacet
  facet normal 0 0 1
    outer loop
      vertex 26.1557 43.9407 5
      vertex 44.45 63.5 5
      vertex 26.1557 45.032 5
    endloop
  endfacet
  facet normal 0 0 1
    outer loop
      vertex 26.1557 43.5037 5
      vertex 44.45 63.5 5
      vertex 26.1557 43.9407 5
    endloop
  endfacet
  facet normal 0 0 1
    outer loop
      vertex 44.45 63.5 5
      vertex 26.1557 43.5037 5
      vertex 26.2046 40.4691 5
    endloop
  endfacet
  facet normal 0 0 1
    outer loop
      vertex 26.1557 43.5037 5
      vertex 26.091 40.99 5
      vertex 26.2046 40.4691 5
    endloop
  endfacet
  facet normal 0 0 1
    outer loop
      vertex 26.1557 43.5037 5
      vertex 25.7505 41.3662 5
      vertex 26.091 40.99 5
    endloop
  endfacet
  facet normal 0 0 1
    outer loop
      vertex 26.1557 43.5037 5
      vertex 25.1945 41.5942 5
      vertex 25.7505 41.3662 5
    endloop
  endfacet
  facet normal -0 0 1
    outer loop
      vertex 24.0783 43.5037 5
      vertex 25.1945 41.5942 5
      vertex 26.1557 43.5037 5
    endloop
  endfacet
  facet normal 0 0 1
    outer loop
      vertex 25.1945 41.5942 5
      vertex 24.0783 43.5037 5
      vertex 24.4347 41.6702 5
    endloop
  endfacet
  facet normal 0 0 1
    outer loop
      vertex 23.6657 41.5979 5
      vertex 24.0783 43.5037 5
      vertex 23.7066 43.5001 5
    endloop
  endfacet
  facet normal 0 0 1
    outer loop
      vertex 24.0783 43.5037 5
      vertex 23.6657 41.5979 5
      vertex 24.4347 41.6702 5
    endloop
  endfacet
  facet normal -0 0 1
    outer loop
      vertex 23.5143 43.4891 5
      vertex 23.6657 41.5979 5
      vertex 23.7066 43.5001 5
    endloop
  endfacet
  facet normal 0 0 1
    outer loop
      vertex 23.493 44.4589 5
      vertex 21.7199 45.0008 5
      vertex 23.5143 43.9041 5
    endloop
  endfacet
  facet normal 0 0 1
    outer loop
      vertex 23.5143 43.4891 5
      vertex 23.1115 41.3809 5
      vertex 23.6657 41.5979 5
    endloop
  endfacet
  facet normal 0 0 1
    outer loop
      vertex 21.7199 42.7231 5
      vertex 23.5143 43.4891 5
      vertex 23.5143 43.9041 5
    endloop
  endfacet
  facet normal -0 0 1
    outer loop
      vertex 26.1557 35.4692 5
      vertex 26.2046 33.6911 5
      vertex 26.1557 35.9453 5
    endloop
  endfacet
  facet normal 0 0 1
    outer loop
      vertex 26.1557 35.4692 5
      vertex 26.1393 34.1879 5
      vertex 26.2046 33.6911 5
    endloop
  endfacet
  facet normal 0 0 1
    outer loop
      vertex 26.1557 35.4692 5
      vertex 25.9433 34.5553 5
      vertex 26.1393 34.1879 5
    endloop
  endfacet
  facet normal 0 0 1
    outer loop
      vertex 26.1557 35.4692 5
      vertex 25.6284 34.7823 5
      vertex 25.9433 34.5553 5
    endloop
  endfacet
  facet normal -0 0 1
    outer loop
      vertex 25.6211 35.4692 5
      vertex 25.6284 34.7823 5
      vertex 26.1557 35.4692 5
    endloop
  endfacet
  facet normal 0 -0 1
    outer loop
      vertex 24.9046 34.8043 5
      vertex 25.6211 35.9453 5
      vertex 24.5665 36.6696 5
    endloop
  endfacet
  facet normal 0 0 1
    outer loop
      vertex 25.6211 35.4692 5
      vertex 25.2061 34.858 5
      vertex 25.6284 34.7823 5
    endloop
  endfacet
  facet normal -0 0 1
    outer loop
      vertex 24.5665 36.6696 5
      vertex 25.3867 36.5695 5
      vertex 25.3355 37.0138 5
    endloop
  endfacet
  facet normal -0 0 1
    outer loop
      vertex 26.1557 26.3133 5
      vertex 44.45 0 5
      vertex 26.1557 27.739 5
    endloop
  endfacet
  facet normal -0 0 1
    outer loop
      vertex 26.1557 25.8397 5
      vertex 44.45 0 5
      vertex 26.1557 26.3133 5
    endloop
  endfacet
  facet normal 0 0 1
    outer loop
      vertex 44.45 0 5
      vertex 26.1557 25.8397 5
      vertex 26.2046 23.0614 5
    endloop
  endfacet
  facet normal 0 0 1
    outer loop
      vertex 26.1557 25.8397 5
      vertex 26.1264 23.5725 5
      vertex 26.2046 23.0614 5
    endloop
  endfacet
  facet normal 0 0 1
    outer loop
      vertex 26.1557 25.8397 5
      vertex 25.8921 23.9585 5
      vertex 26.1264 23.5725 5
    endloop
  endfacet
  facet normal 0 0 1
    outer loop
      vertex 26.1557 25.8397 5
      vertex 25.5216 24.2011 5
      vertex 25.8921 23.9585 5
    endloop
  endfacet
  facet normal 0 0 1
    outer loop
      vertex 26.1557 25.8397 5
      vertex 25.0352 24.282 5
      vertex 25.5216 24.2011 5
    endloop
  endfacet
  facet normal 0 0 1
    outer loop
      vertex 24.7984 26.7796 5
      vertex 25.0352 24.282 5
      vertex 26.1557 25.8397 5
    endloop
  endfacet
  facet normal -0 0 1
    outer loop
      vertex 23.5143 25.8836 5
      vertex 25.0352 24.282 5
      vertex 24.7984 26.7796 5
    endloop
  endfacet
  facet normal 0 0 1
    outer loop
      vertex 25.0352 24.282 5
      vertex 23.5143 25.8836 5
      vertex 24.6019 24.2066 5
    endloop
  endfacet
  facet normal 0 0 1
    outer loop
      vertex 24.6019 24.2066 5
      vertex 23.5143 25.8836 5
      vertex 24.2589 23.9805 5
    endloop
  endfacet
  facet normal 0 0 1
    outer loop
      vertex 24.2589 23.9805 5
      vertex 23.0895 24.0818 5
      vertex 24.0355 23.6275 5
    endloop
  endfacet
  facet normal -0 0 1
    outer loop
      vertex 23.0895 24.0818 5
      vertex 24.2589 23.9805 5
      vertex 23.5143 25.8836 5
    endloop
  endfacet
  facet normal 0 0 1
    outer loop
      vertex 20.5944 26.4595 5
      vertex 20.5456 25.2829 5
      vertex 20.5944 25.2438 5
    endloop
  endfacet
  facet normal 0 0 1
    outer loop
      vertex 20.5944 26.4595 5
      vertex 20.365 25.4147 5
      vertex 20.5456 25.2829 5
    endloop
  endfacet
  facet normal 0 0 1
    outer loop
      vertex 20.5944 26.4595 5
      vertex 19.0662 26.296 5
      vertex 20.365 25.4147 5
    endloop
  endfacet
  facet normal 0 0 1
    outer loop
      vertex 20.5944 26.4595 5
      vertex 19.0028 26.3356 5
      vertex 19.0662 26.296 5
    endloop
  endfacet
  facet normal 0 0 1
    outer loop
      vertex 20.5944 26.4595 5
      vertex 18.9051 26.3912 5
      vertex 19.0028 26.3356 5
    endloop
  endfacet
  facet normal 0 0 1
    outer loop
      vertex 20.5944 26.4595 5
      vertex 18.8154 26.44 5
      vertex 18.9051 26.3912 5
    endloop
  endfacet
  facet normal 0 -0 1
    outer loop
      vertex 18.8154 26.44 5
      vertex 20.5944 26.4595 5
      vertex 18.7757 26.4595 5
    endloop
  endfacet
  facet normal 0 0 1
    outer loop
      vertex 25.4991 41.0428 5
      vertex 25.8457 40.474 5
      vertex 25.759 40.8103 5
    endloop
  endfacet
  facet normal 0 0 1
    outer loop
      vertex 25.8457 40.474 5
      vertex 25.5064 39.9039 5
      vertex 25.7609 40.1362 5
    endloop
  endfacet
  facet normal 0 0 1
    outer loop
      vertex 25.8457 40.474 5
      vertex 25.4991 41.0428 5
      vertex 25.5064 39.9039 5
    endloop
  endfacet
  facet normal 0 0 1
    outer loop
      vertex 25.4991 41.0428 5
      vertex 25.0688 39.7694 5
      vertex 25.5064 39.9039 5
    endloop
  endfacet
  facet normal 0 0 1
    outer loop
      vertex 25.0596 41.1783 5
      vertex 25.0688 39.7694 5
      vertex 25.4991 41.0428 5
    endloop
  endfacet
  facet normal 0 0 1
    outer loop
      vertex 24.4347 41.2234 5
      vertex 25.0688 39.7694 5
      vertex 25.0596 41.1783 5
    endloop
  endfacet
  facet normal 0 0 1
    outer loop
      vertex 24.4347 41.2234 5
      vertex 24.4347 39.7245 5
      vertex 25.0688 39.7694 5
    endloop
  endfacet
  facet normal -0 0 1
    outer loop
      vertex 23.7926 41.1804 5
      vertex 24.4347 39.7245 5
      vertex 24.4347 41.2234 5
    endloop
  endfacet
  facet normal 0 0 1
    outer loop
      vertex 23.7926 41.1804 5
      vertex 23.7865 39.7688 5
      vertex 24.4347 39.7245 5
    endloop
  endfacet
  facet normal -0 0 1
    outer loop
      vertex 23.3556 41.0513 5
      vertex 23.7865 39.7688 5
      vertex 23.7926 41.1804 5
    endloop
  endfacet
  facet normal 0 0 1
    outer loop
      vertex 23.3556 41.0513 5
      vertex 23.3508 39.9015 5
      vertex 23.7865 39.7688 5
    endloop
  endfacet
  facet normal 0 0 1
    outer loop
      vertex 23.0212 40.4837 5
      vertex 23.3556 41.0513 5
      vertex 23.1048 40.8234 5
    endloop
  endfacet
  facet normal 0 0 1
    outer loop
      vertex 23.3556 41.0513 5
      vertex 23.0212 40.4837 5
      vertex 23.3508 39.9015 5
    endloop
  endfacet
  facet normal 0 0 1
    outer loop
      vertex 23.3508 39.9015 5
      vertex 23.0212 40.4837 5
      vertex 23.1036 40.1356 5
    endloop
  endfacet
  facet normal 0 0 1
    outer loop
      vertex 25.0303 13.9438 5
      vertex 24.9815 12.7671 5
      vertex 25.0303 12.728 5
    endloop
  endfacet
  facet normal 0 0 1
    outer loop
      vertex 25.0303 13.9438 5
      vertex 24.8009 12.8989 5
      vertex 24.9815 12.7671 5
    endloop
  endfacet
  facet normal 0 0 1
    outer loop
      vertex 25.0303 13.9438 5
      vertex 23.5021 13.7802 5
      vertex 24.8009 12.8989 5
    endloop
  endfacet
  facet normal 0 0 1
    outer loop
      vertex 25.0303 13.9438 5
      vertex 23.4386 13.8199 5
      vertex 23.5021 13.7802 5
    endloop
  endfacet
  facet normal 0 0 1
    outer loop
      vertex 25.0303 13.9438 5
      vertex 23.341 13.8754 5
      vertex 23.4386 13.8199 5
    endloop
  endfacet
  facet normal 0 0 1
    outer loop
      vertex 25.0303 13.9438 5
      vertex 23.2513 13.9242 5
      vertex 23.341 13.8754 5
    endloop
  endfacet
  facet normal 0 -0 1
    outer loop
      vertex 23.2513 13.9242 5
      vertex 25.0303 13.9438 5
      vertex 23.2116 13.9438 5
    endloop
  endfacet
  facet normal 0 0 1
    outer loop
      vertex 25.0303 16.6593 5
      vertex 24.9815 15.4827 5
      vertex 25.0303 15.4436 5
    endloop
  endfacet
  facet normal 0 0 1
    outer loop
      vertex 25.0303 16.6593 5
      vertex 24.8009 15.6145 5
      vertex 24.9815 15.4827 5
    endloop
  endfacet
  facet normal 0 0 1
    outer loop
      vertex 25.0303 16.6593 5
      vertex 23.5021 16.4958 5
      vertex 24.8009 15.6145 5
    endloop
  endfacet
  facet normal 0 0 1
    outer loop
      vertex 25.0303 16.6593 5
      vertex 23.4386 16.5354 5
      vertex 23.5021 16.4958 5
    endloop
  endfacet
  facet normal 0 0 1
    outer loop
      vertex 25.0303 16.6593 5
      vertex 23.341 16.591 5
      vertex 23.4386 16.5354 5
    endloop
  endfacet
  facet normal 0 0 1
    outer loop
      vertex 25.0303 16.6593 5
      vertex 23.2513 16.6398 5
      vertex 23.341 16.591 5
    endloop
  endfacet
  facet normal 0 -0 1
    outer loop
      vertex 23.2513 16.6398 5
      vertex 25.0303 16.6593 5
      vertex 23.2116 16.6593 5
    endloop
  endfacet
  facet normal 0 0 1
    outer loop
      vertex 25.0303 20.7315 5
      vertex 24.9815 19.5548 5
      vertex 25.0303 19.5158 5
    endloop
  endfacet
  facet normal 0 0 1
    outer loop
      vertex 25.0303 20.7315 5
      vertex 24.8009 19.6867 5
      vertex 24.9815 19.5548 5
    endloop
  endfacet
  facet normal 0 0 1
    outer loop
      vertex 25.0303 20.7315 5
      vertex 23.5021 20.5679 5
      vertex 24.8009 19.6867 5
    endloop
  endfacet
  facet normal 0 0 1
    outer loop
      vertex 25.0303 20.7315 5
      vertex 23.4386 20.6076 5
      vertex 23.5021 20.5679 5
    endloop
  endfacet
  facet normal 0 0 1
    outer loop
      vertex 25.0303 20.7315 5
      vertex 23.341 20.6632 5
      vertex 23.4386 20.6076 5
    endloop
  endfacet
  facet normal 0 0 1
    outer loop
      vertex 25.0303 20.7315 5
      vertex 23.2513 20.712 5
      vertex 23.341 20.6632 5
    endloop
  endfacet
  facet normal 0 -0 1
    outer loop
      vertex 23.2513 20.712 5
      vertex 25.0303 20.7315 5
      vertex 23.2116 20.7315 5
    endloop
  endfacet
  facet normal 0 0 1
    outer loop
      vertex 25.637 31.515 5
      vertex 25.8506 31.0171 5
      vertex 25.7972 31.3002 5
    endloop
  endfacet
  facet normal 0 0 1
    outer loop
      vertex 25.3834 31.6506 5
      vertex 25.8506 31.0171 5
      vertex 25.637 31.515 5
    endloop
  endfacet
  facet normal 0 0 1
    outer loop
      vertex 25.8506 31.0171 5
      vertex 25.5967 30.5129 5
      vertex 25.7871 30.7372 5
    endloop
  endfacet
  facet normal 0 0 1
    outer loop
      vertex 25.8506 31.0171 5
      vertex 25.3834 31.6506 5
      vertex 25.5967 30.5129 5
    endloop
  endfacet
  facet normal 0 0 1
    outer loop
      vertex 25.3834 31.6506 5
      vertex 25.3068 30.3655 5
      vertex 25.5967 30.5129 5
    endloop
  endfacet
  facet normal 0 0 1
    outer loop
      vertex 25.0499 31.6957 5
      vertex 25.3068 30.3655 5
      vertex 25.3834 31.6506 5
    endloop
  endfacet
  facet normal 0 0 1
    outer loop
      vertex 25.0499 31.6957 5
      vertex 24.9449 30.3164 5
      vertex 25.3068 30.3655 5
    endloop
  endfacet
  facet normal -0 0 1
    outer loop
      vertex 24.7191 31.6499 5
      vertex 24.9449 30.3164 5
      vertex 25.0499 31.6957 5
    endloop
  endfacet
  facet normal -0 0 1
    outer loop
      vertex 24.2711 31.0024 5
      vertex 24.9449 30.3164 5
      vertex 24.7191 31.6499 5
    endloop
  endfacet
  facet normal 0 0 1
    outer loop
      vertex 24.3218 31.2935 5
      vertex 24.7191 31.6499 5
      vertex 24.4738 31.5126 5
    endloop
  endfacet
  facet normal -0 -0 1
    outer loop
      vertex 24.316 30.7244 5
      vertex 24.9449 30.3164 5
      vertex 24.2711 31.0024 5
    endloop
  endfacet
  facet normal 0 0 1
    outer loop
      vertex 24.7191 31.6499 5
      vertex 24.3218 31.2935 5
      vertex 24.2711 31.0024 5
    endloop
  endfacet
  facet normal 0 0 1
    outer loop
      vertex 24.9449 30.3164 5
      vertex 24.316 30.7244 5
      vertex 24.6638 30.3637 5
    endloop
  endfacet
  facet normal 0 0 1
    outer loop
      vertex 24.6638 30.3637 5
      vertex 24.316 30.7244 5
      vertex 24.4505 30.5056 5
    endloop
  endfacet
  facet normal 0 0 -1
    outer loop
      vertex 0 0 0
      vertex 44.45 63.5 0
      vertex 44.45 0 0
    endloop
  endfacet
  facet normal -0 0 -1
    outer loop
      vertex 44.45 63.5 0
      vertex 0 0 0
      vertex 0 63.5 0
    endloop
  endfacet
  facet normal -1 0 0
    outer loop
      vertex 0 0 0
      vertex 0 63.5 5
      vertex 0 63.5 0
    endloop
  endfacet
  facet normal -1 -0 0
    outer loop
      vertex 0 63.5 5
      vertex 0 0 0
      vertex 0 0 5
    endloop
  endfacet
  facet normal 0 1 -0
    outer loop
      vertex 44.45 63.5 0
      vertex 0 63.5 5
      vertex 44.45 63.5 5
    endloop
  endfacet
  facet normal 0 1 0
    outer loop
      vertex 0 63.5 5
      vertex 44.45 63.5 0
      vertex 0 63.5 0
    endloop
  endfacet
  facet normal 0 -1 0
    outer loop
      vertex 0 0 0
      vertex 44.45 0 5
      vertex 0 0 5
    endloop
  endfacet
  facet normal 0 -1 -0
    outer loop
      vertex 44.45 0 5
      vertex 0 0 0
      vertex 44.45 0 0
    endloop
  endfacet
endsolid OpenSCAD_Model
