solid OpenSCAD_Model
  facet normal -0 0 1
    outer loop
      vertex 36.4234 82.4692 4.2
      vertex 43.5627 81.2873 4.2
      vertex 36.4234 83.2192 4.2
    endloop
  endfacet
  facet normal 0 0 1
    outer loop
      vertex 43.5627 81.2873 4.2
      vertex 36.4234 82.4692 4.2
      vertex 43.5627 80.5182 4.2
    endloop
  endfacet
  facet normal 0 0 1
    outer loop
      vertex 42.7416 78.5418 4.2
      vertex 37.5959 77.6825 4.2
      vertex 42.7416 77.6825 4.2
    endloop
  endfacet
  facet normal 0 -0 1
    outer loop
      vertex 37.5959 77.6825 4.2
      vertex 42.7416 78.5418 4.2
      vertex 36.7795 78.5418 4.2
    endloop
  endfacet
  facet normal 0 0 1
    outer loop
      vertex 42.7416 78.5418 4.2
      vertex 43.4678 80.1699 4.2
      vertex 42.7416 80.1699 4.2
    endloop
  endfacet
  facet normal 0 0 1
    outer loop
      vertex 42.7416 77.6825 4.2
      vertex 43.4678 80.1699 4.2
      vertex 42.7416 78.5418 4.2
    endloop
  endfacet
  facet normal 0 0 1
    outer loop
      vertex 43.4678 80.1699 4.2
      vertex 42.7416 77.6825 4.2
      vertex 43.4678 75.9785 4.2
    endloop
  endfacet
  facet normal 0 0 1
    outer loop
      vertex 43.4678 75.9785 4.2
      vertex 42.7416 77.6825 4.2
      vertex 42.7416 75.9785 4.2
    endloop
  endfacet
  facet normal 0 0 1
    outer loop
      vertex 37.5959 77.6825 4.2
      vertex 37.8665 76.1731 4.2
      vertex 38.6735 76.1731 4.2
    endloop
  endfacet
  facet normal -0 0 1
    outer loop
      vertex 36.7795 77.7538 4.2
      vertex 37.5959 77.6825 4.2
      vertex 36.7795 78.5418 4.2
    endloop
  endfacet
  facet normal 0 0 1
    outer loop
      vertex 37.5959 77.6825 4.2
      vertex 36.7795 77.7538 4.2
      vertex 37.8665 76.1731 4.2
    endloop
  endfacet
  facet normal 0 0 1
    outer loop
      vertex 40.4346 69.7787 4.2
      vertex 39.66 70.193 4.2
      vertex 39.694 69.7597 4.2
    endloop
  endfacet
  facet normal 0 0 1
    outer loop
      vertex 39.9122 71.1334 4.2
      vertex 39.558 70.5561 4.2
      vertex 39.66 70.193 4.2
    endloop
  endfacet
  facet normal 0 0 1
    outer loop
      vertex 39.1576 71.064 4.2
      vertex 39.731 71.4807 4.2
      vertex 39.4923 71.7558 4.2
    endloop
  endfacet
  facet normal 0 0 1
    outer loop
      vertex 39.9122 71.1334 4.2
      vertex 39.3879 70.8491 4.2
      vertex 39.558 70.5561 4.2
    endloop
  endfacet
  facet normal 0 0 1
    outer loop
      vertex 38.8752 71.193 4.2
      vertex 39.4923 71.7558 4.2
      vertex 39.1983 71.9549 4.2
    endloop
  endfacet
  facet normal 0 0 1
    outer loop
      vertex 39.731 71.4807 4.2
      vertex 39.1576 71.064 4.2
      vertex 39.3879 70.8491 4.2
    endloop
  endfacet
  facet normal 0 0 1
    outer loop
      vertex 39.4923 71.7558 4.2
      vertex 38.8752 71.193 4.2
      vertex 39.1576 71.064 4.2
    endloop
  endfacet
  facet normal 0 0 1
    outer loop
      vertex 38.851 72.0744 4.2
      vertex 38.8752 71.193 4.2
      vertex 39.1983 71.9549 4.2
    endloop
  endfacet
  facet normal 0 0 1
    outer loop
      vertex 38.851 72.0744 4.2
      vertex 38.5406 71.236 4.2
      vertex 38.8752 71.193 4.2
    endloop
  endfacet
  facet normal 0 0 1
    outer loop
      vertex 38.4504 72.1142 4.2
      vertex 38.5406 71.236 4.2
      vertex 38.851 72.0744 4.2
    endloop
  endfacet
  facet normal 0 0 1
    outer loop
      vertex 38.4504 72.1142 4.2
      vertex 38.208 71.2009 4.2
      vertex 38.5406 71.236 4.2
    endloop
  endfacet
  facet normal -0 0 1
    outer loop
      vertex 37.9343 72.0522 4.2
      vertex 38.208 71.2009 4.2
      vertex 38.4504 72.1142 4.2
    endloop
  endfacet
  facet normal 0 0 1
    outer loop
      vertex 37.9343 72.0522 4.2
      vertex 37.9256 71.0956 4.2
      vertex 38.208 71.2009 4.2
    endloop
  endfacet
  facet normal -0 0 1
    outer loop
      vertex 37.4999 71.8663 4.2
      vertex 37.9256 71.0956 4.2
      vertex 37.9343 72.0522 4.2
    endloop
  endfacet
  facet normal -0 0 1
    outer loop
      vertex 37.1474 71.5564 4.2
      vertex 37.9256 71.0956 4.2
      vertex 37.4999 71.8663 4.2
    endloop
  endfacet
  facet normal 0 0 1
    outer loop
      vertex 37.9256 71.0956 4.2
      vertex 37.1474 71.5564 4.2
      vertex 37.6932 70.9203 4.2
    endloop
  endfacet
  facet normal -0 0 1
    outer loop
      vertex 36.8876 71.1347 4.2
      vertex 37.6932 70.9203 4.2
      vertex 37.1474 71.5564 4.2
    endloop
  endfacet
  facet normal 0 0 1
    outer loop
      vertex 37.6932 70.9203 4.2
      vertex 36.8876 71.1347 4.2
      vertex 37.5205 70.6758 4.2
    endloop
  endfacet
  facet normal 0 0 1
    outer loop
      vertex 36.7317 70.6133 4.2
      vertex 37.5205 70.6758 4.2
      vertex 36.8876 71.1347 4.2
    endloop
  endfacet
  facet normal 0 0 1
    outer loop
      vertex 43.5627 70.0303 4.2
      vertex 42.8201 70.4298 4.2
      vertex 42.8554 70.0303 4.2
    endloop
  endfacet
  facet normal 0 0 1
    outer loop
      vertex 43.337 71.2623 4.2
      vertex 42.7141 70.7676 4.2
      vertex 42.8201 70.4298 4.2
    endloop
  endfacet
  facet normal 0 0 1
    outer loop
      vertex 42.2911 71.2481 4.2
      vertex 43.0548 71.7106 4.2
      vertex 42.6698 72.0377 4.2
    endloop
  endfacet
  facet normal 0 0 1
    outer loop
      vertex 43.337 71.2623 4.2
      vertex 42.5374 71.0437 4.2
      vertex 42.7141 70.7676 4.2
    endloop
  endfacet
  facet normal 0 0 1
    outer loop
      vertex 43.0548 71.7106 4.2
      vertex 42.2911 71.2481 4.2
      vertex 42.5374 71.0437 4.2
    endloop
  endfacet
  facet normal 0 0 1
    outer loop
      vertex 41.9762 71.3707 4.2
      vertex 42.6698 72.0377 4.2
      vertex 42.1919 72.2338 4.2
    endloop
  endfacet
  facet normal 0 0 1
    outer loop
      vertex 42.6698 72.0377 4.2
      vertex 41.9762 71.3707 4.2
      vertex 42.2911 71.2481 4.2
    endloop
  endfacet
  facet normal 0 0 1
    outer loop
      vertex 41.6213 72.2993 4.2
      vertex 41.9762 71.3707 4.2
      vertex 42.1919 72.2338 4.2
    endloop
  endfacet
  facet normal 0 0 1
    outer loop
      vertex 41.6213 72.2993 4.2
      vertex 41.5928 71.4116 4.2
      vertex 41.9762 71.3707 4.2
    endloop
  endfacet
  facet normal -0 0 1
    outer loop
      vertex 41.2183 72.2528 4.2
      vertex 41.5928 71.4116 4.2
      vertex 41.6213 72.2993 4.2
    endloop
  endfacet
  facet normal 0 0 1
    outer loop
      vertex 41.5928 71.4116 4.2
      vertex 41.2183 72.2528 4.2
      vertex 41.2555 71.3649 4.2
    endloop
  endfacet
  facet normal -0 0 1
    outer loop
      vertex 40.8639 72.1136 4.2
      vertex 41.2555 71.3649 4.2
      vertex 41.2183 72.2528 4.2
    endloop
  endfacet
  facet normal -0 0 1
    outer loop
      vertex 40.558 71.8815 4.2
      vertex 41.2555 71.3649 4.2
      vertex 40.8639 72.1136 4.2
    endloop
  endfacet
  facet normal 0 0 1
    outer loop
      vertex 41.2555 71.3649 4.2
      vertex 40.558 71.8815 4.2
      vertex 40.9715 71.2249 4.2
    endloop
  endfacet
  facet normal -0 0 1
    outer loop
      vertex 40.3143 71.5661 4.2
      vertex 40.9715 71.2249 4.2
      vertex 40.558 71.8815 4.2
    endloop
  endfacet
  facet normal 0 0 1
    outer loop
      vertex 40.9715 71.2249 4.2
      vertex 40.3143 71.5661 4.2
      vertex 40.7407 70.9915 4.2
    endloop
  endfacet
  facet normal -0 0 1
    outer loop
      vertex 40.1466 71.1769 4.2
      vertex 40.7407 70.9915 4.2
      vertex 40.3143 71.5661 4.2
    endloop
  endfacet
  facet normal 0 0 1
    outer loop
      vertex 40.7407 70.9915 4.2
      vertex 40.1466 71.1769 4.2
      vertex 40.5707 70.6701 4.2
    endloop
  endfacet
  facet normal -0 0 1
    outer loop
      vertex 40.0548 70.7138 4.2
      vertex 40.5707 70.6701 4.2
      vertex 40.1466 71.1769 4.2
    endloop
  endfacet
  facet normal 0 0 1
    outer loop
      vertex 40.5707 70.6701 4.2
      vertex 40.0548 70.7138 4.2
      vertex 40.4686 70.2658 4.2
    endloop
  endfacet
  facet normal 0 0 1
    outer loop
      vertex 39.66 70.193 4.2
      vertex 40.0548 70.7138 4.2
      vertex 40.0359 70.7138 4.2
    endloop
  endfacet
  facet normal -0 0 1
    outer loop
      vertex 39.66 70.193 4.2
      vertex 40.4346 69.7787 4.2
      vertex 40.4686 70.2658 4.2
    endloop
  endfacet
  facet normal 0 0 1
    outer loop
      vertex 40.0548 70.7138 4.2
      vertex 39.66 70.193 4.2
      vertex 40.4686 70.2658 4.2
    endloop
  endfacet
  facet normal 0 0 1
    outer loop
      vertex 39.66 70.193 4.2
      vertex 40.0359 70.7138 4.2
      vertex 39.9122 71.1334 4.2
    endloop
  endfacet
  facet normal 0 0 1
    outer loop
      vertex 39.3879 70.8491 4.2
      vertex 39.9122 71.1334 4.2
      vertex 39.731 71.4807 4.2
    endloop
  endfacet
  facet normal 0 0 1
    outer loop
      vertex 40.4346 69.7787 4.2
      vertex 39.694 69.7597 4.2
      vertex 40.4346 69.2945 4.2
    endloop
  endfacet
  facet normal 0 0 1
    outer loop
      vertex 40.4346 69.2945 4.2
      vertex 39.694 69.7597 4.2
      vertex 39.694 69.2945 4.2
    endloop
  endfacet
  facet normal -0 0 1
    outer loop
      vertex 42.8201 70.4298 4.2
      vertex 43.5627 70.0303 4.2
      vertex 43.5063 70.7022 4.2
    endloop
  endfacet
  facet normal 0 0 1
    outer loop
      vertex 43.5627 70.0303 4.2
      vertex 42.8554 70.0303 4.2
      vertex 43.5118 69.3987 4.2
    endloop
  endfacet
  facet normal 0 0 1
    outer loop
      vertex 42.8201 70.4298 4.2
      vertex 43.5063 70.7022 4.2
      vertex 43.337 71.2623 4.2
    endloop
  endfacet
  facet normal 0 0 1
    outer loop
      vertex 42.7236 69.2966 4.2
      vertex 43.5118 69.3987 4.2
      vertex 42.8554 70.0303 4.2
    endloop
  endfacet
  facet normal 0 0 1
    outer loop
      vertex 42.5374 71.0437 4.2
      vertex 43.337 71.2623 4.2
      vertex 43.0548 71.7106 4.2
    endloop
  endfacet
  facet normal 0 0 1
    outer loop
      vertex 43.5118 69.3987 4.2
      vertex 42.7236 69.2966 4.2
      vertex 43.3591 68.8583 4.2
    endloop
  endfacet
  facet normal 0 0 1
    outer loop
      vertex 43.3591 68.8583 4.2
      vertex 42.7236 69.2966 4.2
      vertex 43.1046 68.4092 4.2
    endloop
  endfacet
  facet normal -0 0 1
    outer loop
      vertex 42.328 68.8109 4.2
      vertex 43.1046 68.4092 4.2
      vertex 42.7236 69.2966 4.2
    endloop
  endfacet
  facet normal 0 0 1
    outer loop
      vertex 43.1046 68.4092 4.2
      vertex 42.328 68.8109 4.2
      vertex 42.7505 68.0603 4.2
    endloop
  endfacet
  facet normal 0 0 1
    outer loop
      vertex 42.328 68.8109 4.2
      vertex 42.2987 67.8206 4.2
      vertex 42.7505 68.0603 4.2
    endloop
  endfacet
  facet normal -0 0 1
    outer loop
      vertex 41.6687 68.573 4.2
      vertex 42.2987 67.8206 4.2
      vertex 42.328 68.8109 4.2
    endloop
  endfacet
  facet normal 0 0 1
    outer loop
      vertex 42.2987 67.8206 4.2
      vertex 41.6687 68.573 4.2
      vertex 41.7494 67.69 4.2
    endloop
  endfacet
  facet normal 0 0 1
    outer loop
      vertex 37.9145 67.9219 4.2
      vertex 38.4884 68.6632 4.2
      vertex 38.1634 68.7336 4.2
    endloop
  endfacet
  facet normal 0 0 1
    outer loop
      vertex 38.4884 68.6632 4.2
      vertex 37.9145 67.9219 4.2
      vertex 38.4219 67.804 4.2
    endloop
  endfacet
  facet normal 0 0 1
    outer loop
      vertex 37.4873 68.1489 4.2
      vertex 38.1634 68.7336 4.2
      vertex 37.8913 68.8689 4.2
    endloop
  endfacet
  facet normal 0 0 1
    outer loop
      vertex 37.1402 68.4852 4.2
      vertex 37.8913 68.8689 4.2
      vertex 37.6719 69.069 4.2
    endloop
  endfacet
  facet normal 0 0 1
    outer loop
      vertex 36.8844 68.9132 4.2
      vertex 37.6719 69.069 4.2
      vertex 37.511 69.3256 4.2
    endloop
  endfacet
  facet normal 0 0 1
    outer loop
      vertex 38.1634 68.7336 4.2
      vertex 37.4873 68.1489 4.2
      vertex 37.9145 67.9219 4.2
    endloop
  endfacet
  facet normal -0 0 1
    outer loop
      vertex 36.7309 69.4156 4.2
      vertex 37.511 69.3256 4.2
      vertex 37.4145 69.6302 4.2
    endloop
  endfacet
  facet normal 0 0 1
    outer loop
      vertex 36.6798 69.9923 4.2
      vertex 37.4145 69.6302 4.2
      vertex 37.3823 69.9828 4.2
    endloop
  endfacet
  facet normal 0 0 1
    outer loop
      vertex 37.5205 70.6758 4.2
      vertex 36.7317 70.6133 4.2
      vertex 37.4168 70.3633 4.2
    endloop
  endfacet
  facet normal 0 0 1
    outer loop
      vertex 37.4145 69.6302 4.2
      vertex 36.6798 69.9923 4.2
      vertex 36.7309 69.4156 4.2
    endloop
  endfacet
  facet normal 0 0 1
    outer loop
      vertex 36.6798 69.9923 4.2
      vertex 37.4168 70.3633 4.2
      vertex 36.7317 70.6133 4.2
    endloop
  endfacet
  facet normal 0 0 1
    outer loop
      vertex 37.511 69.3256 4.2
      vertex 36.7309 69.4156 4.2
      vertex 36.8844 68.9132 4.2
    endloop
  endfacet
  facet normal 0 0 1
    outer loop
      vertex 37.4168 70.3633 4.2
      vertex 36.6798 69.9923 4.2
      vertex 37.3823 69.9828 4.2
    endloop
  endfacet
  facet normal 0 0 1
    outer loop
      vertex 37.6719 69.069 4.2
      vertex 36.8844 68.9132 4.2
      vertex 37.1402 68.4852 4.2
    endloop
  endfacet
  facet normal 0 0 1
    outer loop
      vertex 37.8913 68.8689 4.2
      vertex 37.1402 68.4852 4.2
      vertex 37.4873 68.1489 4.2
    endloop
  endfacet
  facet normal -0 0 1
    outer loop
      vertex 42.7416 84.5849 4.2
      vertex 43.4678 83.645 4.2
      vertex 43.4678 88.0739 4.2
    endloop
  endfacet
  facet normal 0 0 1
    outer loop
      vertex 42.7416 84.5849 4.2
      vertex 43.4678 88.0739 4.2
      vertex 42.7416 88.0739 4.2
    endloop
  endfacet
  facet normal 0 0 1
    outer loop
      vertex 43.4678 83.645 4.2
      vertex 42.7416 84.5849 4.2
      vertex 42.865 83.645 4.2
    endloop
  endfacet
  facet normal 0 0 1
    outer loop
      vertex 42.1825 84.0153 4.2
      vertex 42.7416 84.5849 4.2
      vertex 42.5171 84.6999 4.2
    endloop
  endfacet
  facet normal 0 0 1
    outer loop
      vertex 42.7416 84.5849 4.2
      vertex 42.5092 83.8183 4.2
      vertex 42.865 83.645 4.2
    endloop
  endfacet
  facet normal 0 0 1
    outer loop
      vertex 41.8848 84.236 4.2
      vertex 42.5171 84.6999 4.2
      vertex 42.2869 84.8549 4.2
    endloop
  endfacet
  facet normal 0 0 1
    outer loop
      vertex 42.7416 84.5849 4.2
      vertex 42.1825 84.0153 4.2
      vertex 42.5092 83.8183 4.2
    endloop
  endfacet
  facet normal 0 0 1
    outer loop
      vertex 41.6105 84.4725 4.2
      vertex 42.2869 84.8549 4.2
      vertex 42.0509 85.0501 4.2
    endloop
  endfacet
  facet normal 0 0 1
    outer loop
      vertex 42.5171 84.6999 4.2
      vertex 41.8848 84.236 4.2
      vertex 42.1825 84.0153 4.2
    endloop
  endfacet
  facet normal 0 0 1
    outer loop
      vertex 41.3541 84.717 4.2
      vertex 42.0509 85.0501 4.2
      vertex 41.8022 85.29 4.2
    endloop
  endfacet
  facet normal 0 0 1
    outer loop
      vertex 42.2869 84.8549 4.2
      vertex 41.6105 84.4725 4.2
      vertex 41.8848 84.236 4.2
    endloop
  endfacet
  facet normal 0 0 1
    outer loop
      vertex 41.1157 84.9694 4.2
      vertex 41.8022 85.29 4.2
      vertex 41.534 85.5796 4.2
    endloop
  endfacet
  facet normal 0 0 1
    outer loop
      vertex 42.0509 85.0501 4.2
      vertex 41.3541 84.717 4.2
      vertex 41.6105 84.4725 4.2
    endloop
  endfacet
  facet normal 0 0 1
    outer loop
      vertex 40.8918 85.2249 4.2
      vertex 41.534 85.5796 4.2
      vertex 41.2463 85.9188 4.2
    endloop
  endfacet
  facet normal 0 0 1
    outer loop
      vertex 41.8022 85.29 4.2
      vertex 41.1157 84.9694 4.2
      vertex 41.3541 84.717 4.2
    endloop
  endfacet
  facet normal 0 0 1
    outer loop
      vertex 41.534 85.5796 4.2
      vertex 40.8918 85.2249 4.2
      vertex 41.1157 84.9694 4.2
    endloop
  endfacet
  facet normal 0 0 1
    outer loop
      vertex 40.4773 85.7312 4.2
      vertex 41.2463 85.9188 4.2
      vertex 40.7553 86.509 4.2
    endloop
  endfacet
  facet normal 0 0 1
    outer loop
      vertex 41.2463 85.9188 4.2
      vertex 40.679 85.4789 4.2
      vertex 40.8918 85.2249 4.2
    endloop
  endfacet
  facet normal 0 0 1
    outer loop
      vertex 41.2463 85.9188 4.2
      vertex 40.4773 85.7312 4.2
      vertex 40.679 85.4789 4.2
    endloop
  endfacet
  facet normal 0 0 1
    outer loop
      vertex 40.0849 86.2017 4.2
      vertex 40.7553 86.509 4.2
      vertex 40.3581 86.9568 4.2
    endloop
  endfacet
  facet normal 0 0 1
    outer loop
      vertex 40.7553 86.509 4.2
      vertex 40.2811 85.9746 4.2
      vertex 40.4773 85.7312 4.2
    endloop
  endfacet
  facet normal 0 0 1
    outer loop
      vertex 40.7553 86.509 4.2
      vertex 40.0849 86.2017 4.2
      vertex 40.2811 85.9746 4.2
    endloop
  endfacet
  facet normal 0 0 1
    outer loop
      vertex 39.6893 86.602 4.2
      vertex 40.3581 86.9568 4.2
      vertex 40.0548 87.2621 4.2
    endloop
  endfacet
  facet normal 0 0 1
    outer loop
      vertex 40.3581 86.9568 4.2
      vertex 39.8887 86.4124 4.2
      vertex 40.0849 86.2017 4.2
    endloop
  endfacet
  facet normal 0 0 1
    outer loop
      vertex 39.4836 86.7658 4.2
      vertex 40.0548 87.2621 4.2
      vertex 39.7985 87.4771 4.2
    endloop
  endfacet
  facet normal 0 0 1
    outer loop
      vertex 40.3581 86.9568 4.2
      vertex 39.6893 86.602 4.2
      vertex 39.8887 86.4124 4.2
    endloop
  endfacet
  facet normal 0 0 1
    outer loop
      vertex 39.2716 86.9037 4.2
      vertex 39.7985 87.4771 4.2
      vertex 39.5421 87.6535 4.2
    endloop
  endfacet
  facet normal 0 0 1
    outer loop
      vertex 40.0548 87.2621 4.2
      vertex 39.4836 86.7658 4.2
      vertex 39.6893 86.602 4.2
    endloop
  endfacet
  facet normal 0 0 1
    outer loop
      vertex 39.0469 87.0079 4.2
      vertex 39.5421 87.6535 4.2
      vertex 39.2858 87.7914 4.2
    endloop
  endfacet
  facet normal 0 0 1
    outer loop
      vertex 39.7985 87.4771 4.2
      vertex 39.2716 86.9037 4.2
      vertex 39.4836 86.7658 4.2
    endloop
  endfacet
  facet normal 0 0 1
    outer loop
      vertex 39.5421 87.6535 4.2
      vertex 39.0469 87.0079 4.2
      vertex 39.2716 86.9037 4.2
    endloop
  endfacet
  facet normal 0 0 1
    outer loop
      vertex 38.8032 87.0704 4.2
      vertex 39.2858 87.7914 4.2
      vertex 39.0289 87.8903 4.2
    endloop
  endfacet
  facet normal 0 0 1
    outer loop
      vertex 39.2858 87.7914 4.2
      vertex 38.8032 87.0704 4.2
      vertex 39.0469 87.0079 4.2
    endloop
  endfacet
  facet normal 0 0 1
    outer loop
      vertex 38.771 87.9496 4.2
      vertex 38.8032 87.0704 4.2
      vertex 39.0289 87.8903 4.2
    endloop
  endfacet
  facet normal 0 0 1
    outer loop
      vertex 38.771 87.9496 4.2
      vertex 38.5406 87.0913 4.2
      vertex 38.8032 87.0704 4.2
    endloop
  endfacet
  facet normal 0 0 1
    outer loop
      vertex 38.5121 87.9694 4.2
      vertex 38.5406 87.0913 4.2
      vertex 38.771 87.9496 4.2
    endloop
  endfacet
  facet normal 0 0 1
    outer loop
      vertex 38.5121 87.9694 4.2
      vertex 38.2009 87.0554 4.2
      vertex 38.5406 87.0913 4.2
    endloop
  endfacet
  facet normal -0 0 1
    outer loop
      vertex 37.9712 87.909 4.2
      vertex 38.2009 87.0554 4.2
      vertex 38.5121 87.9694 4.2
    endloop
  endfacet
  facet normal 0 0 1
    outer loop
      vertex 37.9712 87.909 4.2
      vertex 37.9161 86.9478 4.2
      vertex 38.2009 87.0554 4.2
    endloop
  endfacet
  facet normal -0 0 1
    outer loop
      vertex 37.5194 87.7278 4.2
      vertex 37.9161 86.9478 4.2
      vertex 37.9712 87.909 4.2
    endloop
  endfacet
  facet normal -0 0 1
    outer loop
      vertex 37.1568 87.4259 4.2
      vertex 37.9161 86.9478 4.2
      vertex 37.5194 87.7278 4.2
    endloop
  endfacet
  facet normal 0 0 1
    outer loop
      vertex 37.9161 86.9478 4.2
      vertex 37.1568 87.4259 4.2
      vertex 37.6861 86.7684 4.2
    endloop
  endfacet
  facet normal -0 0 1
    outer loop
      vertex 36.8918 87.0116 4.2
      vertex 37.6861 86.7684 4.2
      vertex 37.1568 87.4259 4.2
    endloop
  endfacet
  facet normal 0 0 1
    outer loop
      vertex 37.6861 86.7684 4.2
      vertex 36.8918 87.0116 4.2
      vertex 37.5173 86.5253 4.2
    endloop
  endfacet
  facet normal 0 0 1
    outer loop
      vertex 36.7328 86.4934 4.2
      vertex 37.5173 86.5253 4.2
      vertex 36.8918 87.0116 4.2
    endloop
  endfacet
  facet normal 0 0 1
    outer loop
      vertex 37.933 83.8008 4.2
      vertex 38.5121 84.5564 4.2
      vertex 38.1811 84.63 4.2
    endloop
  endfacet
  facet normal 0 0 1
    outer loop
      vertex 38.5121 84.5564 4.2
      vertex 37.933 83.8008 4.2
      vertex 38.4314 83.683 4.2
    endloop
  endfacet
  facet normal 0 0 1
    outer loop
      vertex 37.5074 84.0279 4.2
      vertex 38.1811 84.63 4.2
      vertex 37.9034 84.7684 4.2
    endloop
  endfacet
  facet normal 0 0 1
    outer loop
      vertex 37.1545 84.3641 4.2
      vertex 37.9034 84.7684 4.2
      vertex 37.679 84.9717 4.2
    endloop
  endfacet
  facet normal 0 0 1
    outer loop
      vertex 36.8908 84.7922 4.2
      vertex 37.679 84.9717 4.2
      vertex 37.5142 85.2289 4.2
    endloop
  endfacet
  facet normal 0 0 1
    outer loop
      vertex 38.1811 84.63 4.2
      vertex 37.5074 84.0279 4.2
      vertex 37.933 83.8008 4.2
    endloop
  endfacet
  facet normal -0 0 1
    outer loop
      vertex 36.7325 85.2945 4.2
      vertex 37.5142 85.2289 4.2
      vertex 37.4153 85.5287 4.2
    endloop
  endfacet
  facet normal -0 0 1
    outer loop
      vertex 36.6798 85.8713 4.2
      vertex 37.4153 85.5287 4.2
      vertex 37.3823 85.8713 4.2
    endloop
  endfacet
  facet normal 0 0 1
    outer loop
      vertex 37.5173 86.5253 4.2
      vertex 36.7328 86.4934 4.2
      vertex 37.416 86.2262 4.2
    endloop
  endfacet
  facet normal 0 0 1
    outer loop
      vertex 37.4153 85.5287 4.2
      vertex 36.6798 85.8713 4.2
      vertex 36.7325 85.2945 4.2
    endloop
  endfacet
  facet normal 0 0 1
    outer loop
      vertex 36.6798 85.8713 4.2
      vertex 37.416 86.2262 4.2
      vertex 36.7328 86.4934 4.2
    endloop
  endfacet
  facet normal 0 0 1
    outer loop
      vertex 37.5142 85.2289 4.2
      vertex 36.7325 85.2945 4.2
      vertex 36.8908 84.7922 4.2
    endloop
  endfacet
  facet normal 0 0 1
    outer loop
      vertex 37.416 86.2262 4.2
      vertex 36.6798 85.8713 4.2
      vertex 37.3823 85.8713 4.2
    endloop
  endfacet
  facet normal 0 0 1
    outer loop
      vertex 37.679 84.9717 4.2
      vertex 36.8908 84.7922 4.2
      vertex 37.1545 84.3641 4.2
    endloop
  endfacet
  facet normal 0 0 1
    outer loop
      vertex 37.9034 84.7684 4.2
      vertex 37.1545 84.3641 4.2
      vertex 37.5074 84.0279 4.2
    endloop
  endfacet
  facet normal 0 0 1
    outer loop
      vertex 36.7795 91.4743 4.2
      vertex 38.8823 90.6959 4.2
      vertex 38.8823 91.3699 4.2
    endloop
  endfacet
  facet normal 0 0 1
    outer loop
      vertex 38.8823 90.6959 4.2
      vertex 36.7795 91.4743 4.2
      vertex 36.7795 90.601 4.2
    endloop
  endfacet
  facet normal 0 0 1
    outer loop
      vertex 36.7795 89.7227 4.2
      vertex 38.8823 88.949 4.2
      vertex 38.8823 89.6183 4.2
    endloop
  endfacet
  facet normal 0 0 1
    outer loop
      vertex 38.8823 88.949 4.2
      vertex 36.7795 89.7227 4.2
      vertex 36.7795 88.8494 4.2
    endloop
  endfacet
  facet normal 0 0 1
    outer loop
      vertex 42.8576 104.478 4.2
      vertex 43.4678 103.562 4.2
      vertex 43.4678 104.455 4.2
    endloop
  endfacet
  facet normal 0 0 1
    outer loop
      vertex 42.8576 104.478 4.2
      vertex 42.5983 103.623 4.2
      vertex 43.4678 103.562 4.2
    endloop
  endfacet
  facet normal 0 0 1
    outer loop
      vertex 42.2611 104.548 4.2
      vertex 42.5983 103.623 4.2
      vertex 42.8576 104.478 4.2
    endloop
  endfacet
  facet normal 0 0 1
    outer loop
      vertex 42.2611 104.548 4.2
      vertex 41.6988 103.804 4.2
      vertex 42.5983 103.623 4.2
    endloop
  endfacet
  facet normal 0 0 1
    outer loop
      vertex 41.6783 104.666 4.2
      vertex 41.6988 103.804 4.2
      vertex 42.2611 104.548 4.2
    endloop
  endfacet
  facet normal 0 0 1
    outer loop
      vertex 40.7692 104.106 4.2
      vertex 41.6783 104.666 4.2
      vertex 41.0997 104.83 4.2
    endloop
  endfacet
  facet normal 0 0 1
    outer loop
      vertex 41.6783 104.666 4.2
      vertex 40.7692 104.106 4.2
      vertex 41.6988 103.804 4.2
    endloop
  endfacet
  facet normal 0 0 1
    outer loop
      vertex 40.5158 105.041 4.2
      vertex 40.7692 104.106 4.2
      vertex 41.0997 104.83 4.2
    endloop
  endfacet
  facet normal 0 0 1
    outer loop
      vertex 39.7769 104.549 4.2
      vertex 40.5158 105.041 4.2
      vertex 39.9267 105.3 4.2
    endloop
  endfacet
  facet normal 0 0 1
    outer loop
      vertex 40.5158 105.041 4.2
      vertex 39.7769 104.549 4.2
      vertex 40.7692 104.106 4.2
    endloop
  endfacet
  facet normal 0 0 1
    outer loop
      vertex 39.2595 105.648 4.2
      vertex 39.7769 104.549 4.2
      vertex 39.9267 105.3 4.2
    endloop
  endfacet
  facet normal 0 0 1
    outer loop
      vertex 39.2595 105.648 4.2
      vertex 38.689 105.154 4.2
      vertex 39.7769 104.549 4.2
    endloop
  endfacet
  facet normal 0 0 1
    outer loop
      vertex 38.4414 106.131 4.2
      vertex 38.689 105.154 4.2
      vertex 39.2595 105.648 4.2
    endloop
  endfacet
  facet normal 0 0 1
    outer loop
      vertex 38.4414 106.131 4.2
      vertex 37.5057 105.921 4.2
      vertex 38.689 105.154 4.2
    endloop
  endfacet
  facet normal 0 0 1
    outer loop
      vertex 37.4725 106.747 4.2
      vertex 37.5057 105.921 4.2
      vertex 38.4414 106.131 4.2
    endloop
  endfacet
  facet normal -0 0 1
    outer loop
      vertex 36.7795 106.747 4.2
      vertex 37.5057 105.921 4.2
      vertex 37.4725 106.747 4.2
    endloop
  endfacet
  facet normal 0 0 1
    outer loop
      vertex 36.7795 102.328 4.2
      vertex 37.5057 105.921 4.2
      vertex 36.7795 106.747 4.2
    endloop
  endfacet
  facet normal 0 0 1
    outer loop
      vertex 37.5057 105.921 4.2
      vertex 36.7795 102.328 4.2
      vertex 37.5057 102.328 4.2
    endloop
  endfacet
  facet normal 0 0 1
    outer loop
      vertex 36.7795 110.148 4.2
      vertex 38.8823 109.369 4.2
      vertex 38.8823 110.043 4.2
    endloop
  endfacet
  facet normal 0 0 1
    outer loop
      vertex 38.8823 109.369 4.2
      vertex 36.7795 110.148 4.2
      vertex 36.7795 109.274 4.2
    endloop
  endfacet
  facet normal 0 0 1
    outer loop
      vertex 36.7795 108.396 4.2
      vertex 38.8823 107.623 4.2
      vertex 38.8823 108.292 4.2
    endloop
  endfacet
  facet normal 0 0 1
    outer loop
      vertex 38.8823 107.623 4.2
      vertex 36.7795 108.396 4.2
      vertex 36.7795 107.523 4.2
    endloop
  endfacet
  facet normal -0 0 1
    outer loop
      vertex 38.3317 98.1376 4.2
      vertex 40.8191 97.3496 4.2
      vertex 38.3317 99.0917 4.2
    endloop
  endfacet
  facet normal 0 0 1
    outer loop
      vertex 40.8191 97.3496 4.2
      vertex 38.3317 98.1376 4.2
      vertex 40.3301 96.8654 4.2
    endloop
  endfacet
  facet normal 0 0 1
    outer loop
      vertex 40.8191 97.3496 4.2
      vertex 43.4678 98.2468 4.2
      vertex 43.4678 99.2009 4.2
    endloop
  endfacet
  facet normal 0 0 1
    outer loop
      vertex 43.4678 98.2468 4.2
      vertex 40.8191 97.3496 4.2
      vertex 41.3602 96.8654 4.2
    endloop
  endfacet
  facet normal 0 0 1
    outer loop
      vertex 41.3602 96.8654 4.2
      vertex 40.8191 97.3496 4.2
      vertex 40.8285 96.3813 4.2
    endloop
  endfacet
  facet normal -0 0 1
    outer loop
      vertex 40.3301 96.8654 4.2
      vertex 40.8285 96.3813 4.2
      vertex 40.8191 97.3496 4.2
    endloop
  endfacet
  facet normal 0 0 1
    outer loop
      vertex 38.3317 95.5838 4.2
      vertex 40.8285 96.3813 4.2
      vertex 40.3301 96.8654 4.2
    endloop
  endfacet
  facet normal 0 0 1
    outer loop
      vertex 40.8285 96.3813 4.2
      vertex 38.3317 95.5838 4.2
      vertex 38.3317 94.6391 4.2
    endloop
  endfacet
  facet normal -0 0 1
    outer loop
      vertex 40.8285 96.3813 4.2
      vertex 43.4678 95.4746 4.2
      vertex 41.3602 96.8654 4.2
    endloop
  endfacet
  facet normal 0 0 1
    outer loop
      vertex 43.4678 95.4746 4.2
      vertex 40.8285 96.3813 4.2
      vertex 43.4678 94.5537 4.2
    endloop
  endfacet
  facet normal 1 -0 0
    outer loop
      vertex 36.4234 82.4692 5
      vertex 36.4234 83.2192 4.2
      vertex 36.4234 83.2192 5
    endloop
  endfacet
  facet normal 1 0 0
    outer loop
      vertex 36.4234 83.2192 4.2
      vertex 36.4234 82.4692 5
      vertex 36.4234 82.4692 4.2
    endloop
  endfacet
  facet normal 0.26361 0.964629 -0
    outer loop
      vertex 43.5627 80.5182 4.2
      vertex 36.4234 82.4692 5
      vertex 43.5627 80.5182 5
    endloop
  endfacet
  facet normal 0.26361 0.964629 0
    outer loop
      vertex 36.4234 82.4692 5
      vertex 43.5627 80.5182 4.2
      vertex 36.4234 82.4692 4.2
    endloop
  endfacet
  facet normal -1 0 0
    outer loop
      vertex 43.5627 80.5182 4.2
      vertex 43.5627 81.2873 5
      vertex 43.5627 81.2873 4.2
    endloop
  endfacet
  facet normal -1 -0 0
    outer loop
      vertex 43.5627 81.2873 5
      vertex 43.5627 80.5182 4.2
      vertex 43.5627 80.5182 5
    endloop
  endfacet
  facet normal -0.261206 -0.965283 0
    outer loop
      vertex 36.4234 83.2192 4.2
      vertex 43.5627 81.2873 5
      vertex 36.4234 83.2192 5
    endloop
  endfacet
  facet normal -0.261206 -0.965283 -0
    outer loop
      vertex 43.5627 81.2873 5
      vertex 36.4234 83.2192 4.2
      vertex 43.5627 81.2873 4.2
    endloop
  endfacet
  facet normal -0.957227 -0.289339 0
    outer loop
      vertex 43.5063 70.7022 4.2
      vertex 43.337 71.2623 5
      vertex 43.337 71.2623 4.2
    endloop
  endfacet
  facet normal -0.957227 -0.289339 0
    outer loop
      vertex 43.337 71.2623 5
      vertex 43.5063 70.7022 4.2
      vertex 43.5063 70.7022 5
    endloop
  endfacet
  facet normal -0.846286 -0.532728 0
    outer loop
      vertex 43.337 71.2623 4.2
      vertex 43.0548 71.7106 5
      vertex 43.0548 71.7106 4.2
    endloop
  endfacet
  facet normal -0.846286 -0.532728 0
    outer loop
      vertex 43.0548 71.7106 5
      vertex 43.337 71.2623 4.2
      vertex 43.337 71.2623 5
    endloop
  endfacet
  facet normal -0.647476 -0.762086 0
    outer loop
      vertex 42.6698 72.0377 4.2
      vertex 43.0548 71.7106 5
      vertex 42.6698 72.0377 5
    endloop
  endfacet
  facet normal -0.647476 -0.762086 -0
    outer loop
      vertex 43.0548 71.7106 5
      vertex 42.6698 72.0377 4.2
      vertex 43.0548 71.7106 4.2
    endloop
  endfacet
  facet normal -0.37962 -0.925142 0
    outer loop
      vertex 42.1919 72.2338 4.2
      vertex 42.6698 72.0377 5
      vertex 42.1919 72.2338 5
    endloop
  endfacet
  facet normal -0.37962 -0.925142 -0
    outer loop
      vertex 42.6698 72.0377 5
      vertex 42.1919 72.2338 4.2
      vertex 42.6698 72.0377 4.2
    endloop
  endfacet
  facet normal -0.114043 -0.993476 0
    outer loop
      vertex 41.6213 72.2993 4.2
      vertex 42.1919 72.2338 5
      vertex 41.6213 72.2993 5
    endloop
  endfacet
  facet normal -0.114043 -0.993476 -0
    outer loop
      vertex 42.1919 72.2338 5
      vertex 41.6213 72.2993 4.2
      vertex 42.1919 72.2338 4.2
    endloop
  endfacet
  facet normal 0.114624 -0.993409 0
    outer loop
      vertex 41.2183 72.2528 4.2
      vertex 41.6213 72.2993 5
      vertex 41.2183 72.2528 5
    endloop
  endfacet
  facet normal 0.114624 -0.993409 0
    outer loop
      vertex 41.6213 72.2993 5
      vertex 41.2183 72.2528 4.2
      vertex 41.6213 72.2993 4.2
    endloop
  endfacet
  facet normal 0.365587 -0.930777 0
    outer loop
      vertex 40.8639 72.1136 4.2
      vertex 41.2183 72.2528 5
      vertex 40.8639 72.1136 5
    endloop
  endfacet
  facet normal 0.365587 -0.930777 0
    outer loop
      vertex 41.2183 72.2528 5
      vertex 40.8639 72.1136 4.2
      vertex 41.2183 72.2528 4.2
    endloop
  endfacet
  facet normal 0.604449 -0.796644 0
    outer loop
      vertex 40.558 71.8815 4.2
      vertex 40.8639 72.1136 5
      vertex 40.558 71.8815 5
    endloop
  endfacet
  facet normal 0.604449 -0.796644 0
    outer loop
      vertex 40.8639 72.1136 5
      vertex 40.558 71.8815 4.2
      vertex 40.8639 72.1136 4.2
    endloop
  endfacet
  facet normal 0.791307 -0.611419 0
    outer loop
      vertex 40.3143 71.5661 5
      vertex 40.558 71.8815 4.2
      vertex 40.558 71.8815 5
    endloop
  endfacet
  facet normal 0.791307 -0.611419 0
    outer loop
      vertex 40.558 71.8815 4.2
      vertex 40.3143 71.5661 5
      vertex 40.3143 71.5661 4.2
    endloop
  endfacet
  facet normal 0.918374 -0.395713 0
    outer loop
      vertex 40.1466 71.1769 5
      vertex 40.3143 71.5661 4.2
      vertex 40.3143 71.5661 5
    endloop
  endfacet
  facet normal 0.918374 -0.395713 0
    outer loop
      vertex 40.3143 71.5661 4.2
      vertex 40.1466 71.1769 5
      vertex 40.1466 71.1769 4.2
    endloop
  endfacet
  facet normal 0.980913 -0.194446 0
    outer loop
      vertex 40.0548 70.7138 5
      vertex 40.1466 71.1769 4.2
      vertex 40.1466 71.1769 5
    endloop
  endfacet
  facet normal 0.980913 -0.194446 0
    outer loop
      vertex 40.1466 71.1769 4.2
      vertex 40.0548 70.7138 5
      vertex 40.0548 70.7138 4.2
    endloop
  endfacet
  facet normal 0 -1 0
    outer loop
      vertex 40.0359 70.7138 4.2
      vertex 40.0548 70.7138 5
      vertex 40.0359 70.7138 5
    endloop
  endfacet
  facet normal 0 -1 -0
    outer loop
      vertex 40.0548 70.7138 5
      vertex 40.0359 70.7138 4.2
      vertex 40.0548 70.7138 4.2
    endloop
  endfacet
  facet normal -0.959187 -0.282773 0
    outer loop
      vertex 40.0359 70.7138 4.2
      vertex 39.9122 71.1334 5
      vertex 39.9122 71.1334 4.2
    endloop
  endfacet
  facet normal -0.959187 -0.282773 0
    outer loop
      vertex 39.9122 71.1334 5
      vertex 40.0359 70.7138 4.2
      vertex 40.0359 70.7138 5
    endloop
  endfacet
  facet normal -0.886585 -0.462566 0
    outer loop
      vertex 39.9122 71.1334 4.2
      vertex 39.731 71.4807 5
      vertex 39.731 71.4807 4.2
    endloop
  endfacet
  facet normal -0.886585 -0.462566 0
    outer loop
      vertex 39.731 71.4807 5
      vertex 39.9122 71.1334 4.2
      vertex 39.9122 71.1334 5
    endloop
  endfacet
  facet normal -0.755308 -0.655369 0
    outer loop
      vertex 39.731 71.4807 4.2
      vertex 39.4923 71.7558 5
      vertex 39.4923 71.7558 4.2
    endloop
  endfacet
  facet normal -0.755308 -0.655369 0
    outer loop
      vertex 39.4923 71.7558 5
      vertex 39.731 71.4807 4.2
      vertex 39.731 71.4807 5
    endloop
  endfacet
  facet normal -0.56073 -0.827999 0
    outer loop
      vertex 39.1983 71.9549 4.2
      vertex 39.4923 71.7558 5
      vertex 39.1983 71.9549 5
    endloop
  endfacet
  facet normal -0.56073 -0.827999 -0
    outer loop
      vertex 39.4923 71.7558 5
      vertex 39.1983 71.9549 4.2
      vertex 39.4923 71.7558 4.2
    endloop
  endfacet
  facet normal -0.325361 -0.94559 0
    outer loop
      vertex 38.851 72.0744 4.2
      vertex 39.1983 71.9549 5
      vertex 38.851 72.0744 5
    endloop
  endfacet
  facet normal -0.325361 -0.94559 -0
    outer loop
      vertex 39.1983 71.9549 5
      vertex 38.851 72.0744 4.2
      vertex 39.1983 71.9549 4.2
    endloop
  endfacet
  facet normal -0.0988642 -0.995101 0
    outer loop
      vertex 38.4504 72.1142 4.2
      vertex 38.851 72.0744 5
      vertex 38.4504 72.1142 5
    endloop
  endfacet
  facet normal -0.0988642 -0.995101 -0
    outer loop
      vertex 38.851 72.0744 5
      vertex 38.4504 72.1142 4.2
      vertex 38.851 72.0744 4.2
    endloop
  endfacet
  facet normal 0.119274 -0.992861 0
    outer loop
      vertex 37.9343 72.0522 4.2
      vertex 38.4504 72.1142 5
      vertex 37.9343 72.0522 5
    endloop
  endfacet
  facet normal 0.119274 -0.992861 0
    outer loop
      vertex 38.4504 72.1142 5
      vertex 37.9343 72.0522 4.2
      vertex 38.4504 72.1142 4.2
    endloop
  endfacet
  facet normal 0.393434 -0.919353 0
    outer loop
      vertex 37.4999 71.8663 4.2
      vertex 37.9343 72.0522 5
      vertex 37.4999 71.8663 5
    endloop
  endfacet
  facet normal 0.393434 -0.919353 0
    outer loop
      vertex 37.9343 72.0522 5
      vertex 37.4999 71.8663 4.2
      vertex 37.9343 72.0522 4.2
    endloop
  endfacet
  facet normal 0.660268 -0.75103 0
    outer loop
      vertex 37.1474 71.5564 4.2
      vertex 37.4999 71.8663 5
      vertex 37.1474 71.5564 5
    endloop
  endfacet
  facet normal 0.660268 -0.75103 0
    outer loop
      vertex 37.4999 71.8663 5
      vertex 37.1474 71.5564 4.2
      vertex 37.4999 71.8663 4.2
    endloop
  endfacet
  facet normal 0.851395 -0.524525 0
    outer loop
      vertex 36.8876 71.1347 5
      vertex 37.1474 71.5564 4.2
      vertex 37.1474 71.5564 5
    endloop
  endfacet
  facet normal 0.851395 -0.524525 0
    outer loop
      vertex 37.1474 71.5564 4.2
      vertex 36.8876 71.1347 5
      vertex 36.8876 71.1347 4.2
    endloop
  endfacet
  facet normal 0.958089 -0.286471 0
    outer loop
      vertex 36.7317 70.6133 5
      vertex 36.8876 71.1347 4.2
      vertex 36.8876 71.1347 5
    endloop
  endfacet
  facet normal 0.958089 -0.286471 0
    outer loop
      vertex 36.8876 71.1347 4.2
      vertex 36.7317 70.6133 5
      vertex 36.7317 70.6133 4.2
    endloop
  endfacet
  facet normal 0.996526 -0.0832845 0
    outer loop
      vertex 36.6798 69.9923 5
      vertex 36.7317 70.6133 4.2
      vertex 36.7317 70.6133 5
    endloop
  endfacet
  facet normal 0.996526 -0.0832845 0
    outer loop
      vertex 36.7317 70.6133 4.2
      vertex 36.6798 69.9923 5
      vertex 36.6798 69.9923 4.2
    endloop
  endfacet
  facet normal 0.996097 0.0882618 0
    outer loop
      vertex 36.7309 69.4156 5
      vertex 36.6798 69.9923 4.2
      vertex 36.6798 69.9923 5
    endloop
  endfacet
  facet normal 0.996097 0.0882618 0
    outer loop
      vertex 36.6798 69.9923 4.2
      vertex 36.7309 69.4156 5
      vertex 36.7309 69.4156 4.2
    endloop
  endfacet
  facet normal 0.956357 0.292199 0
    outer loop
      vertex 36.8844 68.9132 5
      vertex 36.7309 69.4156 4.2
      vertex 36.7309 69.4156 5
    endloop
  endfacet
  facet normal 0.956357 0.292199 0
    outer loop
      vertex 36.7309 69.4156 4.2
      vertex 36.8844 68.9132 5
      vertex 36.8844 68.9132 4.2
    endloop
  endfacet
  facet normal 0.858376 0.51302 0
    outer loop
      vertex 37.1402 68.4852 5
      vertex 36.8844 68.9132 4.2
      vertex 36.8844 68.9132 5
    endloop
  endfacet
  facet normal 0.858376 0.51302 0
    outer loop
      vertex 36.8844 68.9132 4.2
      vertex 37.1402 68.4852 5
      vertex 37.1402 68.4852 4.2
    endloop
  endfacet
  facet normal 0.695845 0.718192 -0
    outer loop
      vertex 37.4873 68.1489 4.2
      vertex 37.1402 68.4852 5
      vertex 37.4873 68.1489 5
    endloop
  endfacet
  facet normal 0.695845 0.718192 0
    outer loop
      vertex 37.1402 68.4852 5
      vertex 37.4873 68.1489 4.2
      vertex 37.1402 68.4852 4.2
    endloop
  endfacet
  facet normal 0.469236 0.883073 -0
    outer loop
      vertex 37.9145 67.9219 4.2
      vertex 37.4873 68.1489 5
      vertex 37.9145 67.9219 5
    endloop
  endfacet
  facet normal 0.469236 0.883073 0
    outer loop
      vertex 37.4873 68.1489 5
      vertex 37.9145 67.9219 4.2
      vertex 37.4873 68.1489 4.2
    endloop
  endfacet
  facet normal 0.226331 0.97405 -0
    outer loop
      vertex 38.4219 67.804 4.2
      vertex 37.9145 67.9219 5
      vertex 38.4219 67.804 5
    endloop
  endfacet
  facet normal 0.226331 0.97405 0
    outer loop
      vertex 37.9145 67.9219 5
      vertex 38.4219 67.804 4.2
      vertex 37.9145 67.9219 4.2
    endloop
  endfacet
  facet normal -0.997018 0.0771668 0
    outer loop
      vertex 38.4219 67.804 4.2
      vertex 38.4884 68.6632 5
      vertex 38.4884 68.6632 4.2
    endloop
  endfacet
  facet normal -0.997018 0.0771668 0
    outer loop
      vertex 38.4884 68.6632 5
      vertex 38.4219 67.804 4.2
      vertex 38.4219 67.804 5
    endloop
  endfacet
  facet normal -0.211705 -0.977334 0
    outer loop
      vertex 38.1634 68.7336 4.2
      vertex 38.4884 68.6632 5
      vertex 38.1634 68.7336 5
    endloop
  endfacet
  facet normal -0.211705 -0.977334 -0
    outer loop
      vertex 38.4884 68.6632 5
      vertex 38.1634 68.7336 4.2
      vertex 38.4884 68.6632 4.2
    endloop
  endfacet
  facet normal -0.445238 -0.895412 0
    outer loop
      vertex 37.8913 68.8689 4.2
      vertex 38.1634 68.7336 5
      vertex 37.8913 68.8689 5
    endloop
  endfacet
  facet normal -0.445238 -0.895412 -0
    outer loop
      vertex 38.1634 68.7336 5
      vertex 37.8913 68.8689 4.2
      vertex 38.1634 68.7336 4.2
    endloop
  endfacet
  facet normal -0.673862 -0.738857 0
    outer loop
      vertex 37.6719 69.069 4.2
      vertex 37.8913 68.8689 5
      vertex 37.6719 69.069 5
    endloop
  endfacet
  facet normal -0.673862 -0.738857 -0
    outer loop
      vertex 37.8913 68.8689 5
      vertex 37.6719 69.069 4.2
      vertex 37.8913 68.8689 4.2
    endloop
  endfacet
  facet normal -0.847218 -0.531245 0
    outer loop
      vertex 37.6719 69.069 4.2
      vertex 37.511 69.3256 5
      vertex 37.511 69.3256 4.2
    endloop
  endfacet
  facet normal -0.847218 -0.531245 0
    outer loop
      vertex 37.511 69.3256 5
      vertex 37.6719 69.069 4.2
      vertex 37.6719 69.069 5
    endloop
  endfacet
  facet normal -0.953303 -0.302015 0
    outer loop
      vertex 37.511 69.3256 4.2
      vertex 37.4145 69.6302 5
      vertex 37.4145 69.6302 4.2
    endloop
  endfacet
  facet normal -0.953303 -0.302015 0
    outer loop
      vertex 37.4145 69.6302 5
      vertex 37.511 69.3256 4.2
      vertex 37.511 69.3256 5
    endloop
  endfacet
  facet normal -0.995856 -0.0909432 0
    outer loop
      vertex 37.4145 69.6302 4.2
      vertex 37.3823 69.9828 5
      vertex 37.3823 69.9828 4.2
    endloop
  endfacet
  facet normal -0.995856 -0.0909432 0
    outer loop
      vertex 37.3823 69.9828 5
      vertex 37.4145 69.6302 4.2
      vertex 37.4145 69.6302 5
    endloop
  endfacet
  facet normal -0.995915 0.0902997 0
    outer loop
      vertex 37.3823 69.9828 4.2
      vertex 37.4168 70.3633 5
      vertex 37.4168 70.3633 4.2
    endloop
  endfacet
  facet normal -0.995915 0.0902997 0
    outer loop
      vertex 37.4168 70.3633 5
      vertex 37.3823 69.9828 4.2
      vertex 37.3823 69.9828 5
    endloop
  endfacet
  facet normal -0.949108 0.314952 0
    outer loop
      vertex 37.4168 70.3633 4.2
      vertex 37.5205 70.6758 5
      vertex 37.5205 70.6758 4.2
    endloop
  endfacet
  facet normal -0.949108 0.314952 0
    outer loop
      vertex 37.5205 70.6758 5
      vertex 37.4168 70.3633 4.2
      vertex 37.4168 70.3633 5
    endloop
  endfacet
  facet normal -0.816792 0.576932 0
    outer loop
      vertex 37.5205 70.6758 4.2
      vertex 37.6932 70.9203 5
      vertex 37.6932 70.9203 4.2
    endloop
  endfacet
  facet normal -0.816792 0.576932 0
    outer loop
      vertex 37.6932 70.9203 5
      vertex 37.5205 70.6758 4.2
      vertex 37.5205 70.6758 5
    endloop
  endfacet
  facet normal -0.602196 0.798348 0
    outer loop
      vertex 37.9256 71.0956 4.2
      vertex 37.6932 70.9203 5
      vertex 37.9256 71.0956 5
    endloop
  endfacet
  facet normal -0.602196 0.798348 0
    outer loop
      vertex 37.6932 70.9203 5
      vertex 37.9256 71.0956 4.2
      vertex 37.6932 70.9203 4.2
    endloop
  endfacet
  facet normal -0.349378 0.936982 0
    outer loop
      vertex 38.208 71.2009 4.2
      vertex 37.9256 71.0956 5
      vertex 38.208 71.2009 5
    endloop
  endfacet
  facet normal -0.349378 0.936982 0
    outer loop
      vertex 37.9256 71.0956 5
      vertex 38.208 71.2009 4.2
      vertex 37.9256 71.0956 4.2
    endloop
  endfacet
  facet normal -0.104949 0.994478 0
    outer loop
      vertex 38.5406 71.236 4.2
      vertex 38.208 71.2009 5
      vertex 38.5406 71.236 5
    endloop
  endfacet
  facet normal -0.104949 0.994478 0
    outer loop
      vertex 38.208 71.2009 5
      vertex 38.5406 71.236 4.2
      vertex 38.208 71.2009 4.2
    endloop
  endfacet
  facet normal 0.127463 0.991843 -0
    outer loop
      vertex 38.8752 71.193 4.2
      vertex 38.5406 71.236 5
      vertex 38.8752 71.193 5
    endloop
  endfacet
  facet normal 0.127463 0.991843 0
    outer loop
      vertex 38.5406 71.236 5
      vertex 38.8752 71.193 4.2
      vertex 38.5406 71.236 4.2
    endloop
  endfacet
  facet normal 0.415501 0.909593 -0
    outer loop
      vertex 39.1576 71.064 4.2
      vertex 38.8752 71.193 5
      vertex 39.1576 71.064 5
    endloop
  endfacet
  facet normal 0.415501 0.909593 0
    outer loop
      vertex 38.8752 71.193 5
      vertex 39.1576 71.064 4.2
      vertex 38.8752 71.193 4.2
    endloop
  endfacet
  facet normal 0.682239 0.731129 -0
    outer loop
      vertex 39.3879 70.8491 4.2
      vertex 39.1576 71.064 5
      vertex 39.3879 70.8491 5
    endloop
  endfacet
  facet normal 0.682239 0.731129 0
    outer loop
      vertex 39.1576 71.064 5
      vertex 39.3879 70.8491 4.2
      vertex 39.1576 71.064 4.2
    endloop
  endfacet
  facet normal 0.864826 0.502071 0
    outer loop
      vertex 39.558 70.5561 5
      vertex 39.3879 70.8491 4.2
      vertex 39.3879 70.8491 5
    endloop
  endfacet
  facet normal 0.864826 0.502071 0
    outer loop
      vertex 39.3879 70.8491 4.2
      vertex 39.558 70.5561 5
      vertex 39.558 70.5561 4.2
    endloop
  endfacet
  facet normal 0.962735 0.270446 0
    outer loop
      vertex 39.66 70.193 5
      vertex 39.558 70.5561 4.2
      vertex 39.558 70.5561 5
    endloop
  endfacet
  facet normal 0.962735 0.270446 0
    outer loop
      vertex 39.558 70.5561 4.2
      vertex 39.66 70.193 5
      vertex 39.66 70.193 4.2
    endloop
  endfacet
  facet normal 0.996936 0.0782271 0
    outer loop
      vertex 39.694 69.7597 5
      vertex 39.66 70.193 4.2
      vertex 39.66 70.193 5
    endloop
  endfacet
  facet normal 0.996936 0.0782271 0
    outer loop
      vertex 39.66 70.193 4.2
      vertex 39.694 69.7597 5
      vertex 39.694 69.7597 4.2
    endloop
  endfacet
  facet normal 1 -0 0
    outer loop
      vertex 39.694 69.2945 5
      vertex 39.694 69.7597 4.2
      vertex 39.694 69.7597 5
    endloop
  endfacet
  facet normal 1 0 0
    outer loop
      vertex 39.694 69.7597 4.2
      vertex 39.694 69.2945 5
      vertex 39.694 69.2945 4.2
    endloop
  endfacet
  facet normal 0 1 -0
    outer loop
      vertex 40.4346 69.2945 4.2
      vertex 39.694 69.2945 5
      vertex 40.4346 69.2945 5
    endloop
  endfacet
  facet normal 0 1 0
    outer loop
      vertex 39.694 69.2945 5
      vertex 40.4346 69.2945 4.2
      vertex 39.694 69.2945 4.2
    endloop
  endfacet
  facet normal -1 0 0
    outer loop
      vertex 40.4346 69.2945 4.2
      vertex 40.4346 69.7787 5
      vertex 40.4346 69.7787 4.2
    endloop
  endfacet
  facet normal -1 -0 0
    outer loop
      vertex 40.4346 69.7787 5
      vertex 40.4346 69.2945 4.2
      vertex 40.4346 69.2945 5
    endloop
  endfacet
  facet normal -0.997573 0.0696314 0
    outer loop
      vertex 40.4346 69.7787 4.2
      vertex 40.4686 70.2658 5
      vertex 40.4686 70.2658 4.2
    endloop
  endfacet
  facet normal -0.997573 0.0696314 0
    outer loop
      vertex 40.4686 70.2658 5
      vertex 40.4346 69.7787 4.2
      vertex 40.4346 69.7787 5
    endloop
  endfacet
  facet normal -0.969561 0.244848 0
    outer loop
      vertex 40.4686 70.2658 4.2
      vertex 40.5707 70.6701 5
      vertex 40.5707 70.6701 4.2
    endloop
  endfacet
  facet normal -0.969561 0.244848 0
    outer loop
      vertex 40.5707 70.6701 5
      vertex 40.4686 70.2658 4.2
      vertex 40.4686 70.2658 5
    endloop
  endfacet
  facet normal -0.883962 0.467559 0
    outer loop
      vertex 40.5707 70.6701 4.2
      vertex 40.7407 70.9915 5
      vertex 40.7407 70.9915 4.2
    endloop
  endfacet
  facet normal -0.883962 0.467559 0
    outer loop
      vertex 40.7407 70.9915 5
      vertex 40.5707 70.6701 4.2
      vertex 40.5707 70.6701 5
    endloop
  endfacet
  facet normal -0.711056 0.703135 0
    outer loop
      vertex 40.7407 70.9915 4.2
      vertex 40.9715 71.2249 5
      vertex 40.9715 71.2249 4.2
    endloop
  endfacet
  facet normal -0.711056 0.703135 0
    outer loop
      vertex 40.9715 71.2249 5
      vertex 40.7407 70.9915 4.2
      vertex 40.7407 70.9915 5
    endloop
  endfacet
  facet normal -0.442153 0.89694 0
    outer loop
      vertex 41.2555 71.3649 4.2
      vertex 40.9715 71.2249 5
      vertex 41.2555 71.3649 5
    endloop
  endfacet
  facet normal -0.442153 0.89694 0
    outer loop
      vertex 40.9715 71.2249 5
      vertex 41.2555 71.3649 4.2
      vertex 40.9715 71.2249 4.2
    endloop
  endfacet
  facet normal -0.137144 0.990551 0
    outer loop
      vertex 41.5928 71.4116 4.2
      vertex 41.2555 71.3649 5
      vertex 41.5928 71.4116 5
    endloop
  endfacet
  facet normal -0.137144 0.990551 0
    outer loop
      vertex 41.2555 71.3649 5
      vertex 41.5928 71.4116 4.2
      vertex 41.2555 71.3649 4.2
    endloop
  endfacet
  facet normal 0.106075 0.994358 -0
    outer loop
      vertex 41.9762 71.3707 4.2
      vertex 41.5928 71.4116 5
      vertex 41.9762 71.3707 5
    endloop
  endfacet
  facet normal 0.106075 0.994358 0
    outer loop
      vertex 41.5928 71.4116 5
      vertex 41.9762 71.3707 4.2
      vertex 41.5928 71.4116 4.2
    endloop
  endfacet
  facet normal 0.362803 0.931866 -0
    outer loop
      vertex 42.2911 71.2481 4.2
      vertex 41.9762 71.3707 5
      vertex 42.2911 71.2481 5
    endloop
  endfacet
  facet normal 0.362803 0.931866 0
    outer loop
      vertex 41.9762 71.3707 5
      vertex 42.2911 71.2481 4.2
      vertex 41.9762 71.3707 4.2
    endloop
  endfacet
  facet normal 0.638616 0.769526 -0
    outer loop
      vertex 42.5374 71.0437 4.2
      vertex 42.2911 71.2481 5
      vertex 42.5374 71.0437 5
    endloop
  endfacet
  facet normal 0.638616 0.769526 0
    outer loop
      vertex 42.2911 71.2481 5
      vertex 42.5374 71.0437 4.2
      vertex 42.2911 71.2481 4.2
    endloop
  endfacet
  facet normal 0.842277 0.539045 0
    outer loop
      vertex 42.7141 70.7676 5
      vertex 42.5374 71.0437 4.2
      vertex 42.5374 71.0437 5
    endloop
  endfacet
  facet normal 0.842277 0.539045 0
    outer loop
      vertex 42.5374 71.0437 4.2
      vertex 42.7141 70.7676 5
      vertex 42.7141 70.7676 4.2
    endloop
  endfacet
  facet normal 0.954128 0.299401 0
    outer loop
      vertex 42.8201 70.4298 5
      vertex 42.7141 70.7676 4.2
      vertex 42.7141 70.7676 5
    endloop
  endfacet
  facet normal 0.954128 0.299401 0
    outer loop
      vertex 42.7141 70.7676 4.2
      vertex 42.8201 70.4298 5
      vertex 42.8201 70.4298 4.2
    endloop
  endfacet
  facet normal 0.996119 0.0880175 0
    outer loop
      vertex 42.8554 70.0303 5
      vertex 42.8201 70.4298 4.2
      vertex 42.8201 70.4298 5
    endloop
  endfacet
  facet normal 0.996119 0.0880175 0
    outer loop
      vertex 42.8201 70.4298 4.2
      vertex 42.8554 70.0303 5
      vertex 42.8554 70.0303 4.2
    endloop
  endfacet
  facet normal 0.984245 -0.176807 0
    outer loop
      vertex 42.7236 69.2966 5
      vertex 42.8554 70.0303 4.2
      vertex 42.8554 70.0303 5
    endloop
  endfacet
  facet normal 0.984245 -0.176807 0
    outer loop
      vertex 42.8554 70.0303 4.2
      vertex 42.7236 69.2966 5
      vertex 42.7236 69.2966 4.2
    endloop
  endfacet
  facet normal 0.775357 -0.631524 0
    outer loop
      vertex 42.328 68.8109 5
      vertex 42.7236 69.2966 4.2
      vertex 42.7236 69.2966 5
    endloop
  endfacet
  facet normal 0.775357 -0.631524 0
    outer loop
      vertex 42.7236 69.2966 4.2
      vertex 42.328 68.8109 5
      vertex 42.328 68.8109 4.2
    endloop
  endfacet
  facet normal 0.339417 -0.940636 0
    outer loop
      vertex 41.6687 68.573 4.2
      vertex 42.328 68.8109 5
      vertex 41.6687 68.573 5
    endloop
  endfacet
  facet normal 0.339417 -0.940636 0
    outer loop
      vertex 42.328 68.8109 5
      vertex 41.6687 68.573 4.2
      vertex 42.328 68.8109 4.2
    endloop
  endfacet
  facet normal 0.99585 0.0910137 0
    outer loop
      vertex 41.7494 67.69 5
      vertex 41.6687 68.573 4.2
      vertex 41.6687 68.573 5
    endloop
  endfacet
  facet normal 0.99585 0.0910137 0
    outer loop
      vertex 41.6687 68.573 4.2
      vertex 41.7494 67.69 5
      vertex 41.7494 67.69 4.2
    endloop
  endfacet
  facet normal -0.231309 0.97288 0
    outer loop
      vertex 42.2987 67.8206 4.2
      vertex 41.7494 67.69 5
      vertex 42.2987 67.8206 5
    endloop
  endfacet
  facet normal -0.231309 0.97288 0
    outer loop
      vertex 41.7494 67.69 5
      vertex 42.2987 67.8206 4.2
      vertex 41.7494 67.69 4.2
    endloop
  endfacet
  facet normal -0.468669 0.883374 0
    outer loop
      vertex 42.7505 68.0603 4.2
      vertex 42.2987 67.8206 5
      vertex 42.7505 68.0603 5
    endloop
  endfacet
  facet normal -0.468669 0.883374 0
    outer loop
      vertex 42.2987 67.8206 5
      vertex 42.7505 68.0603 4.2
      vertex 42.2987 67.8206 4.2
    endloop
  endfacet
  facet normal -0.701857 0.712318 0
    outer loop
      vertex 43.1046 68.4092 4.2
      vertex 42.7505 68.0603 5
      vertex 43.1046 68.4092 5
    endloop
  endfacet
  facet normal -0.701857 0.712318 0
    outer loop
      vertex 42.7505 68.0603 5
      vertex 43.1046 68.4092 4.2
      vertex 42.7505 68.0603 4.2
    endloop
  endfacet
  facet normal -0.870014 0.493027 0
    outer loop
      vertex 43.1046 68.4092 4.2
      vertex 43.3591 68.8583 5
      vertex 43.3591 68.8583 4.2
    endloop
  endfacet
  facet normal -0.870014 0.493027 0
    outer loop
      vertex 43.3591 68.8583 5
      vertex 43.1046 68.4092 4.2
      vertex 43.1046 68.4092 5
    endloop
  endfacet
  facet normal -0.96232 0.271921 0
    outer loop
      vertex 43.3591 68.8583 4.2
      vertex 43.5118 69.3987 5
      vertex 43.5118 69.3987 4.2
    endloop
  endfacet
  facet normal -0.96232 0.271921 0
    outer loop
      vertex 43.5118 69.3987 5
      vertex 43.3591 68.8583 4.2
      vertex 43.3591 68.8583 5
    endloop
  endfacet
  facet normal -0.996768 0.0803286 0
    outer loop
      vertex 43.5118 69.3987 4.2
      vertex 43.5627 70.0303 5
      vertex 43.5627 70.0303 4.2
    endloop
  endfacet
  facet normal -0.996768 0.0803286 0
    outer loop
      vertex 43.5627 70.0303 5
      vertex 43.5118 69.3987 4.2
      vertex 43.5118 69.3987 5
    endloop
  endfacet
  facet normal -0.996495 -0.0836469 0
    outer loop
      vertex 43.5627 70.0303 4.2
      vertex 43.5063 70.7022 5
      vertex 43.5063 70.7022 4.2
    endloop
  endfacet
  facet normal -0.996495 -0.0836469 0
    outer loop
      vertex 43.5063 70.7022 5
      vertex 43.5627 70.0303 4.2
      vertex 43.5627 70.0303 5
    endloop
  endfacet
  facet normal 1 -0 0
    outer loop
      vertex 42.7416 84.5849 5
      vertex 42.7416 88.0739 4.2
      vertex 42.7416 88.0739 5
    endloop
  endfacet
  facet normal 1 0 0
    outer loop
      vertex 42.7416 88.0739 4.2
      vertex 42.7416 84.5849 5
      vertex 42.7416 84.5849 4.2
    endloop
  endfacet
  facet normal -0.455914 -0.890024 0
    outer loop
      vertex 42.5171 84.6999 4.2
      vertex 42.7416 84.5849 5
      vertex 42.5171 84.6999 5
    endloop
  endfacet
  facet normal -0.455914 -0.890024 -0
    outer loop
      vertex 42.7416 84.5849 5
      vertex 42.5171 84.6999 4.2
      vertex 42.7416 84.5849 4.2
    endloop
  endfacet
  facet normal -0.558519 -0.829491 0
    outer loop
      vertex 42.2869 84.8549 4.2
      vertex 42.5171 84.6999 5
      vertex 42.2869 84.8549 5
    endloop
  endfacet
  facet normal -0.558519 -0.829491 -0
    outer loop
      vertex 42.5171 84.6999 5
      vertex 42.2869 84.8549 4.2
      vertex 42.5171 84.6999 4.2
    endloop
  endfacet
  facet normal -0.637354 -0.770571 0
    outer loop
      vertex 42.0509 85.0501 4.2
      vertex 42.2869 84.8549 5
      vertex 42.0509 85.0501 5
    endloop
  endfacet
  facet normal -0.637354 -0.770571 -0
    outer loop
      vertex 42.2869 84.8549 5
      vertex 42.0509 85.0501 4.2
      vertex 42.2869 84.8549 4.2
    endloop
  endfacet
  facet normal -0.694259 -0.719726 0
    outer loop
      vertex 41.8022 85.29 4.2
      vertex 42.0509 85.0501 5
      vertex 41.8022 85.29 5
    endloop
  endfacet
  facet normal -0.694259 -0.719726 -0
    outer loop
      vertex 42.0509 85.0501 5
      vertex 41.8022 85.29 4.2
      vertex 42.0509 85.0501 4.2
    endloop
  endfacet
  facet normal -0.733695 -0.679479 0
    outer loop
      vertex 41.8022 85.29 4.2
      vertex 41.534 85.5796 5
      vertex 41.534 85.5796 4.2
    endloop
  endfacet
  facet normal -0.733695 -0.679479 0
    outer loop
      vertex 41.534 85.5796 5
      vertex 41.8022 85.29 4.2
      vertex 41.8022 85.29 5
    endloop
  endfacet
  facet normal -0.762627 -0.646839 0
    outer loop
      vertex 41.534 85.5796 4.2
      vertex 41.2463 85.9188 5
      vertex 41.2463 85.9188 4.2
    endloop
  endfacet
  facet normal -0.762627 -0.646839 0
    outer loop
      vertex 41.2463 85.9188 5
      vertex 41.534 85.5796 4.2
      vertex 41.534 85.5796 5
    endloop
  endfacet
  facet normal -0.768755 -0.639544 0
    outer loop
      vertex 41.2463 85.9188 4.2
      vertex 40.7553 86.509 5
      vertex 40.7553 86.509 4.2
    endloop
  endfacet
  facet normal -0.768755 -0.639544 0
    outer loop
      vertex 40.7553 86.509 5
      vertex 41.2463 85.9188 4.2
      vertex 41.2463 85.9188 5
    endloop
  endfacet
  facet normal -0.748109 -0.663575 0
    outer loop
      vertex 40.7553 86.509 4.2
      vertex 40.3581 86.9568 5
      vertex 40.3581 86.9568 4.2
    endloop
  endfacet
  facet normal -0.748109 -0.663575 0
    outer loop
      vertex 40.3581 86.9568 5
      vertex 40.7553 86.509 4.2
      vertex 40.7553 86.509 5
    endloop
  endfacet
  facet normal -0.709427 -0.704779 0
    outer loop
      vertex 40.3581 86.9568 4.2
      vertex 40.0548 87.2621 5
      vertex 40.0548 87.2621 4.2
    endloop
  endfacet
  facet normal -0.709427 -0.704779 0
    outer loop
      vertex 40.0548 87.2621 5
      vertex 40.3581 86.9568 4.2
      vertex 40.3581 86.9568 5
    endloop
  endfacet
  facet normal -0.64268 -0.766135 0
    outer loop
      vertex 39.7985 87.4771 4.2
      vertex 40.0548 87.2621 5
      vertex 39.7985 87.4771 5
    endloop
  endfacet
  facet normal -0.64268 -0.766135 -0
    outer loop
      vertex 40.0548 87.2621 5
      vertex 39.7985 87.4771 4.2
      vertex 40.0548 87.2621 4.2
    endloop
  endfacet
  facet normal -0.566802 -0.823854 0
    outer loop
      vertex 39.5421 87.6535 4.2
      vertex 39.7985 87.4771 5
      vertex 39.5421 87.6535 5
    endloop
  endfacet
  facet normal -0.566802 -0.823854 -0
    outer loop
      vertex 39.7985 87.4771 5
      vertex 39.5421 87.6535 4.2
      vertex 39.7985 87.4771 4.2
    endloop
  endfacet
  facet normal -0.473813 -0.880626 0
    outer loop
      vertex 39.2858 87.7914 4.2
      vertex 39.5421 87.6535 5
      vertex 39.2858 87.7914 5
    endloop
  endfacet
  facet normal -0.473813 -0.880626 -0
    outer loop
      vertex 39.5421 87.6535 5
      vertex 39.2858 87.7914 4.2
      vertex 39.5421 87.6535 4.2
    endloop
  endfacet
  facet normal -0.359271 -0.933233 0
    outer loop
      vertex 39.0289 87.8903 4.2
      vertex 39.2858 87.7914 5
      vertex 39.0289 87.8903 5
    endloop
  endfacet
  facet normal -0.359271 -0.933233 -0
    outer loop
      vertex 39.2858 87.7914 5
      vertex 39.0289 87.8903 4.2
      vertex 39.2858 87.7914 4.2
    endloop
  endfacet
  facet normal -0.224087 -0.974569 0
    outer loop
      vertex 38.771 87.9496 4.2
      vertex 39.0289 87.8903 5
      vertex 38.771 87.9496 5
    endloop
  endfacet
  facet normal -0.224087 -0.974569 -0
    outer loop
      vertex 39.0289 87.8903 5
      vertex 38.771 87.9496 4.2
      vertex 39.0289 87.8903 4.2
    endloop
  endfacet
  facet normal -0.0762547 -0.997088 0
    outer loop
      vertex 38.5121 87.9694 4.2
      vertex 38.771 87.9496 5
      vertex 38.5121 87.9694 5
    endloop
  endfacet
  facet normal -0.0762547 -0.997088 -0
    outer loop
      vertex 38.771 87.9496 5
      vertex 38.5121 87.9694 4.2
      vertex 38.771 87.9496 4.2
    endloop
  endfacet
  facet normal 0.110976 -0.993823 0
    outer loop
      vertex 37.9712 87.909 4.2
      vertex 38.5121 87.9694 5
      vertex 37.9712 87.909 5
    endloop
  endfacet
  facet normal 0.110976 -0.993823 0
    outer loop
      vertex 38.5121 87.9694 5
      vertex 37.9712 87.909 4.2
      vertex 38.5121 87.9694 4.2
    endloop
  endfacet
  facet normal 0.372241 -0.928136 0
    outer loop
      vertex 37.5194 87.7278 4.2
      vertex 37.9712 87.909 5
      vertex 37.5194 87.7278 5
    endloop
  endfacet
  facet normal 0.372241 -0.928136 0
    outer loop
      vertex 37.9712 87.909 5
      vertex 37.5194 87.7278 4.2
      vertex 37.9712 87.909 4.2
    endloop
  endfacet
  facet normal 0.639851 -0.768499 0
    outer loop
      vertex 37.1568 87.4259 4.2
      vertex 37.5194 87.7278 5
      vertex 37.1568 87.4259 5
    endloop
  endfacet
  facet normal 0.639851 -0.768499 0
    outer loop
      vertex 37.5194 87.7278 5
      vertex 37.1568 87.4259 4.2
      vertex 37.5194 87.7278 4.2
    endloop
  endfacet
  facet normal 0.842412 -0.538834 0
    outer loop
      vertex 36.8918 87.0116 5
      vertex 37.1568 87.4259 4.2
      vertex 37.1568 87.4259 5
    endloop
  endfacet
  facet normal 0.842412 -0.538834 0
    outer loop
      vertex 37.1568 87.4259 4.2
      vertex 36.8918 87.0116 5
      vertex 36.8918 87.0116 4.2
    endloop
  endfacet
  facet normal 0.95601 -0.293334 0
    outer loop
      vertex 36.7328 86.4934 5
      vertex 36.8918 87.0116 4.2
      vertex 36.8918 87.0116 5
    endloop
  endfacet
  facet normal 0.95601 -0.293334 0
    outer loop
      vertex 36.8918 87.0116 4.2
      vertex 36.7328 86.4934 5
      vertex 36.7328 86.4934 4.2
    endloop
  endfacet
  facet normal 0.996391 -0.0848878 0
    outer loop
      vertex 36.6798 85.8713 5
      vertex 36.7328 86.4934 4.2
      vertex 36.7328 86.4934 5
    endloop
  endfacet
  facet normal 0.996391 -0.0848878 0
    outer loop
      vertex 36.7328 86.4934 4.2
      vertex 36.6798 85.8713 5
      vertex 36.6798 85.8713 4.2
    endloop
  endfacet
  facet normal 0.995852 0.0909872 0
    outer loop
      vertex 36.7325 85.2945 5
      vertex 36.6798 85.8713 4.2
      vertex 36.6798 85.8713 5
    endloop
  endfacet
  facet normal 0.995852 0.0909872 0
    outer loop
      vertex 36.6798 85.8713 4.2
      vertex 36.7325 85.2945 5
      vertex 36.7325 85.2945 4.2
    endloop
  endfacet
  facet normal 0.953758 0.300577 0
    outer loop
      vertex 36.8908 84.7922 5
      vertex 36.7325 85.2945 4.2
      vertex 36.7325 85.2945 5
    endloop
  endfacet
  facet normal 0.953758 0.300577 0
    outer loop
      vertex 36.7325 85.2945 4.2
      vertex 36.8908 84.7922 5
      vertex 36.8908 84.7922 4.2
    endloop
  endfacet
  facet normal 0.851433 0.524464 0
    outer loop
      vertex 37.1545 84.3641 5
      vertex 36.8908 84.7922 4.2
      vertex 36.8908 84.7922 5
    endloop
  endfacet
  facet normal 0.851433 0.524464 0
    outer loop
      vertex 36.8908 84.7922 4.2
      vertex 37.1545 84.3641 5
      vertex 37.1545 84.3641 4.2
    endloop
  endfacet
  facet normal 0.689768 0.724031 -0
    outer loop
      vertex 37.5074 84.0279 4.2
      vertex 37.1545 84.3641 5
      vertex 37.5074 84.0279 5
    endloop
  endfacet
  facet normal 0.689768 0.724031 0
    outer loop
      vertex 37.1545 84.3641 5
      vertex 37.5074 84.0279 4.2
      vertex 37.1545 84.3641 4.2
    endloop
  endfacet
  facet normal 0.470771 0.882255 -0
    outer loop
      vertex 37.933 83.8008 4.2
      vertex 37.5074 84.0279 5
      vertex 37.933 83.8008 5
    endloop
  endfacet
  facet normal 0.470771 0.882255 0
    outer loop
      vertex 37.5074 84.0279 5
      vertex 37.933 83.8008 4.2
      vertex 37.5074 84.0279 4.2
    endloop
  endfacet
  facet normal 0.230019 0.973186 -0
    outer loop
      vertex 38.4314 83.683 4.2
      vertex 37.933 83.8008 5
      vertex 38.4314 83.683 5
    endloop
  endfacet
  facet normal 0.230019 0.973186 0
    outer loop
      vertex 37.933 83.8008 5
      vertex 38.4314 83.683 4.2
      vertex 37.933 83.8008 4.2
    endloop
  endfacet
  facet normal -0.995758 0.0920056 0
    outer loop
      vertex 38.4314 83.683 4.2
      vertex 38.5121 84.5564 5
      vertex 38.5121 84.5564 4.2
    endloop
  endfacet
  facet normal -0.995758 0.0920056 0
    outer loop
      vertex 38.5121 84.5564 5
      vertex 38.4314 83.683 4.2
      vertex 38.4314 83.683 5
    endloop
  endfacet
  facet normal -0.217055 -0.976159 0
    outer loop
      vertex 38.1811 84.63 4.2
      vertex 38.5121 84.5564 5
      vertex 38.1811 84.63 5
    endloop
  endfacet
  facet normal -0.217055 -0.976159 -0
    outer loop
      vertex 38.5121 84.5564 5
      vertex 38.1811 84.63 4.2
      vertex 38.5121 84.5564 4.2
    endloop
  endfacet
  facet normal -0.446053 -0.895007 0
    outer loop
      vertex 37.9034 84.7684 4.2
      vertex 38.1811 84.63 5
      vertex 37.9034 84.7684 5
    endloop
  endfacet
  facet normal -0.446053 -0.895007 -0
    outer loop
      vertex 38.1811 84.63 5
      vertex 37.9034 84.7684 4.2
      vertex 38.1811 84.63 4.2
    endloop
  endfacet
  facet normal -0.671406 -0.74109 0
    outer loop
      vertex 37.679 84.9717 4.2
      vertex 37.9034 84.7684 5
      vertex 37.679 84.9717 5
    endloop
  endfacet
  facet normal -0.671406 -0.74109 -0
    outer loop
      vertex 37.9034 84.7684 5
      vertex 37.679 84.9717 4.2
      vertex 37.9034 84.7684 4.2
    endloop
  endfacet
  facet normal -0.841986 -0.5395 0
    outer loop
      vertex 37.679 84.9717 4.2
      vertex 37.5142 85.2289 5
      vertex 37.5142 85.2289 4.2
    endloop
  endfacet
  facet normal -0.841986 -0.5395 0
    outer loop
      vertex 37.5142 85.2289 5
      vertex 37.679 84.9717 4.2
      vertex 37.679 84.9717 5
    endloop
  endfacet
  facet normal -0.949661 -0.31328 0
    outer loop
      vertex 37.5142 85.2289 4.2
      vertex 37.4153 85.5287 5
      vertex 37.4153 85.5287 4.2
    endloop
  endfacet
  facet normal -0.949661 -0.31328 0
    outer loop
      vertex 37.4153 85.5287 5
      vertex 37.5142 85.2289 4.2
      vertex 37.5142 85.2289 5
    endloop
  endfacet
  facet normal -0.995393 -0.0958785 0
    outer loop
      vertex 37.4153 85.5287 4.2
      vertex 37.3823 85.8713 5
      vertex 37.3823 85.8713 4.2
    endloop
  endfacet
  facet normal -0.995393 -0.0958785 0
    outer loop
      vertex 37.3823 85.8713 5
      vertex 37.4153 85.5287 4.2
      vertex 37.4153 85.5287 5
    endloop
  endfacet
  facet normal -0.995522 0.0945311 0
    outer loop
      vertex 37.3823 85.8713 4.2
      vertex 37.416 86.2262 5
      vertex 37.416 86.2262 4.2
    endloop
  endfacet
  facet normal -0.995522 0.0945311 0
    outer loop
      vertex 37.416 86.2262 5
      vertex 37.3823 85.8713 4.2
      vertex 37.3823 85.8713 5
    endloop
  endfacet
  facet normal -0.947152 0.320784 0
    outer loop
      vertex 37.416 86.2262 4.2
      vertex 37.5173 86.5253 5
      vertex 37.5173 86.5253 4.2
    endloop
  endfacet
  facet normal -0.947152 0.320784 0
    outer loop
      vertex 37.5173 86.5253 5
      vertex 37.416 86.2262 4.2
      vertex 37.416 86.2262 5
    endloop
  endfacet
  facet normal -0.821401 0.570351 0
    outer loop
      vertex 37.5173 86.5253 4.2
      vertex 37.6861 86.7684 5
      vertex 37.6861 86.7684 4.2
    endloop
  endfacet
  facet normal -0.821401 0.570351 0
    outer loop
      vertex 37.6861 86.7684 5
      vertex 37.5173 86.5253 4.2
      vertex 37.5173 86.5253 5
    endloop
  endfacet
  facet normal -0.615032 0.788502 0
    outer loop
      vertex 37.9161 86.9478 4.2
      vertex 37.6861 86.7684 5
      vertex 37.9161 86.9478 5
    endloop
  endfacet
  facet normal -0.615032 0.788502 0
    outer loop
      vertex 37.6861 86.7684 5
      vertex 37.9161 86.9478 4.2
      vertex 37.6861 86.7684 4.2
    endloop
  endfacet
  facet normal -0.353426 0.935462 0
    outer loop
      vertex 38.2009 87.0554 4.2
      vertex 37.9161 86.9478 5
      vertex 38.2009 87.0554 5
    endloop
  endfacet
  facet normal -0.353426 0.935462 0
    outer loop
      vertex 37.9161 86.9478 5
      vertex 38.2009 87.0554 4.2
      vertex 37.9161 86.9478 4.2
    endloop
  endfacet
  facet normal -0.105096 0.994462 0
    outer loop
      vertex 38.5406 87.0913 4.2
      vertex 38.2009 87.0554 5
      vertex 38.5406 87.0913 5
    endloop
  endfacet
  facet normal -0.105096 0.994462 0
    outer loop
      vertex 38.2009 87.0554 5
      vertex 38.5406 87.0913 4.2
      vertex 38.2009 87.0554 4.2
    endloop
  endfacet
  facet normal 0.0793378 0.996848 -0
    outer loop
      vertex 38.8032 87.0704 4.2
      vertex 38.5406 87.0913 5
      vertex 38.8032 87.0704 5
    endloop
  endfacet
  facet normal 0.0793378 0.996848 0
    outer loop
      vertex 38.5406 87.0913 5
      vertex 38.8032 87.0704 4.2
      vertex 38.5406 87.0913 4.2
    endloop
  endfacet
  facet normal 0.248423 0.968652 -0
    outer loop
      vertex 39.0469 87.0079 4.2
      vertex 38.8032 87.0704 5
      vertex 39.0469 87.0079 5
    endloop
  endfacet
  facet normal 0.248423 0.968652 0
    outer loop
      vertex 38.8032 87.0704 5
      vertex 39.0469 87.0079 4.2
      vertex 38.8032 87.0704 4.2
    endloop
  endfacet
  facet normal 0.420696 0.907202 -0
    outer loop
      vertex 39.2716 86.9037 4.2
      vertex 39.0469 87.0079 5
      vertex 39.2716 86.9037 5
    endloop
  endfacet
  facet normal 0.420696 0.907202 0
    outer loop
      vertex 39.0469 87.0079 5
      vertex 39.2716 86.9037 4.2
      vertex 39.0469 87.0079 4.2
    endloop
  endfacet
  facet normal 0.545266 0.838263 -0
    outer loop
      vertex 39.4836 86.7658 4.2
      vertex 39.2716 86.9037 5
      vertex 39.4836 86.7658 5
    endloop
  endfacet
  facet normal 0.545266 0.838263 0
    outer loop
      vertex 39.2716 86.9037 5
      vertex 39.4836 86.7658 4.2
      vertex 39.2716 86.9037 4.2
    endloop
  endfacet
  facet normal 0.622931 0.782277 -0
    outer loop
      vertex 39.6893 86.602 4.2
      vertex 39.4836 86.7658 5
      vertex 39.6893 86.602 5
    endloop
  endfacet
  facet normal 0.622931 0.782277 0
    outer loop
      vertex 39.4836 86.7658 5
      vertex 39.6893 86.602 4.2
      vertex 39.4836 86.7658 4.2
    endloop
  endfacet
  facet normal 0.689074 0.724691 -0
    outer loop
      vertex 39.8887 86.4124 4.2
      vertex 39.6893 86.602 5
      vertex 39.8887 86.4124 5
    endloop
  endfacet
  facet normal 0.689074 0.724691 0
    outer loop
      vertex 39.6893 86.602 5
      vertex 39.8887 86.4124 4.2
      vertex 39.6893 86.602 4.2
    endloop
  endfacet
  facet normal 0.73184 0.681476 0
    outer loop
      vertex 40.0849 86.2017 5
      vertex 39.8887 86.4124 4.2
      vertex 39.8887 86.4124 5
    endloop
  endfacet
  facet normal 0.73184 0.681476 0
    outer loop
      vertex 39.8887 86.4124 4.2
      vertex 40.0849 86.2017 5
      vertex 40.0849 86.2017 4.2
    endloop
  endfacet
  facet normal 0.756711 0.65375 0
    outer loop
      vertex 40.2811 85.9746 5
      vertex 40.0849 86.2017 4.2
      vertex 40.0849 86.2017 5
    endloop
  endfacet
  facet normal 0.756711 0.65375 0
    outer loop
      vertex 40.0849 86.2017 4.2
      vertex 40.2811 85.9746 5
      vertex 40.2811 85.9746 4.2
    endloop
  endfacet
  facet normal 0.778554 0.627577 0
    outer loop
      vertex 40.4773 85.7312 5
      vertex 40.2811 85.9746 4.2
      vertex 40.2811 85.9746 5
    endloop
  endfacet
  facet normal 0.778554 0.627577 0
    outer loop
      vertex 40.2811 85.9746 4.2
      vertex 40.4773 85.7312 5
      vertex 40.4773 85.7312 4.2
    endloop
  endfacet
  facet normal 0.78108 0.624431 0
    outer loop
      vertex 40.679 85.4789 5
      vertex 40.4773 85.7312 4.2
      vertex 40.4773 85.7312 5
    endloop
  endfacet
  facet normal 0.78108 0.624431 0
    outer loop
      vertex 40.4773 85.7312 4.2
      vertex 40.679 85.4789 5
      vertex 40.679 85.4789 4.2
    endloop
  endfacet
  facet normal 0.766537 0.642201 0
    outer loop
      vertex 40.8918 85.2249 5
      vertex 40.679 85.4789 4.2
      vertex 40.679 85.4789 5
    endloop
  endfacet
  facet normal 0.766537 0.642201 0
    outer loop
      vertex 40.679 85.4789 4.2
      vertex 40.8918 85.2249 5
      vertex 40.8918 85.2249 4.2
    endloop
  endfacet
  facet normal 0.752084 0.659067 0
    outer loop
      vertex 41.1157 84.9694 5
      vertex 40.8918 85.2249 4.2
      vertex 40.8918 85.2249 5
    endloop
  endfacet
  facet normal 0.752084 0.659067 0
    outer loop
      vertex 40.8918 85.2249 4.2
      vertex 41.1157 84.9694 5
      vertex 41.1157 84.9694 4.2
    endloop
  endfacet
  facet normal 0.726981 0.686657 0
    outer loop
      vertex 41.3541 84.717 5
      vertex 41.1157 84.9694 4.2
      vertex 41.1157 84.9694 5
    endloop
  endfacet
  facet normal 0.726981 0.686657 0
    outer loop
      vertex 41.1157 84.9694 4.2
      vertex 41.3541 84.717 5
      vertex 41.3541 84.717 4.2
    endloop
  endfacet
  facet normal 0.690113 0.723701 -0
    outer loop
      vertex 41.6105 84.4725 4.2
      vertex 41.3541 84.717 5
      vertex 41.6105 84.4725 5
    endloop
  endfacet
  facet normal 0.690113 0.723701 0
    outer loop
      vertex 41.3541 84.717 5
      vertex 41.6105 84.4725 4.2
      vertex 41.3541 84.717 4.2
    endloop
  endfacet
  facet normal 0.652994 0.757363 -0
    outer loop
      vertex 41.8848 84.236 4.2
      vertex 41.6105 84.4725 5
      vertex 41.8848 84.236 5
    endloop
  endfacet
  facet normal 0.652994 0.757363 0
    outer loop
      vertex 41.6105 84.4725 5
      vertex 41.8848 84.236 4.2
      vertex 41.6105 84.4725 4.2
    endloop
  endfacet
  facet normal 0.595544 0.803323 -0
    outer loop
      vertex 42.1825 84.0153 4.2
      vertex 41.8848 84.236 5
      vertex 42.1825 84.0153 5
    endloop
  endfacet
  facet normal 0.595544 0.803323 0
    outer loop
      vertex 41.8848 84.236 5
      vertex 42.1825 84.0153 4.2
      vertex 41.8848 84.236 4.2
    endloop
  endfacet
  facet normal 0.516383 0.856358 -0
    outer loop
      vertex 42.5092 83.8183 4.2
      vertex 42.1825 84.0153 5
      vertex 42.5092 83.8183 5
    endloop
  endfacet
  facet normal 0.516383 0.856358 0
    outer loop
      vertex 42.1825 84.0153 5
      vertex 42.5092 83.8183 4.2
      vertex 42.1825 84.0153 4.2
    endloop
  endfacet
  facet normal 0.437891 0.899028 -0
    outer loop
      vertex 42.865 83.645 4.2
      vertex 42.5092 83.8183 5
      vertex 42.865 83.645 5
    endloop
  endfacet
  facet normal 0.437891 0.899028 0
    outer loop
      vertex 42.5092 83.8183 5
      vertex 42.865 83.645 4.2
      vertex 42.5092 83.8183 4.2
    endloop
  endfacet
  facet normal 0 1 -0
    outer loop
      vertex 43.4678 83.645 4.2
      vertex 42.865 83.645 5
      vertex 43.4678 83.645 5
    endloop
  endfacet
  facet normal 0 1 0
    outer loop
      vertex 42.865 83.645 5
      vertex 43.4678 83.645 4.2
      vertex 42.865 83.645 4.2
    endloop
  endfacet
  facet normal -1 0 0
    outer loop
      vertex 43.4678 83.645 4.2
      vertex 43.4678 88.0739 5
      vertex 43.4678 88.0739 4.2
    endloop
  endfacet
  facet normal -1 -0 0
    outer loop
      vertex 43.4678 88.0739 5
      vertex 43.4678 83.645 4.2
      vertex 43.4678 83.645 5
    endloop
  endfacet
  facet normal 0 -1 0
    outer loop
      vertex 42.7416 88.0739 4.2
      vertex 43.4678 88.0739 5
      vertex 42.7416 88.0739 5
    endloop
  endfacet
  facet normal 0 -1 -0
    outer loop
      vertex 43.4678 88.0739 5
      vertex 42.7416 88.0739 4.2
      vertex 43.4678 88.0739 4.2
    endloop
  endfacet
  facet normal 1 -0 0
    outer loop
      vertex 42.7416 78.5418 5
      vertex 42.7416 80.1699 4.2
      vertex 42.7416 80.1699 5
    endloop
  endfacet
  facet normal 1 0 0
    outer loop
      vertex 42.7416 80.1699 4.2
      vertex 42.7416 78.5418 5
      vertex 42.7416 78.5418 4.2
    endloop
  endfacet
  facet normal 0 -1 0
    outer loop
      vertex 36.7795 78.5418 4.2
      vertex 42.7416 78.5418 5
      vertex 36.7795 78.5418 5
    endloop
  endfacet
  facet normal 0 -1 -0
    outer loop
      vertex 42.7416 78.5418 5
      vertex 36.7795 78.5418 4.2
      vertex 42.7416 78.5418 4.2
    endloop
  endfacet
  facet normal 1 -0 0
    outer loop
      vertex 36.7795 77.7538 5
      vertex 36.7795 78.5418 4.2
      vertex 36.7795 78.5418 5
    endloop
  endfacet
  facet normal 1 0 0
    outer loop
      vertex 36.7795 78.5418 4.2
      vertex 36.7795 77.7538 5
      vertex 36.7795 77.7538 4.2
    endloop
  endfacet
  facet normal 0.823977 0.566624 0
    outer loop
      vertex 37.8665 76.1731 5
      vertex 36.7795 77.7538 4.2
      vertex 36.7795 77.7538 5
    endloop
  endfacet
  facet normal 0.823977 0.566624 0
    outer loop
      vertex 36.7795 77.7538 4.2
      vertex 37.8665 76.1731 5
      vertex 37.8665 76.1731 4.2
    endloop
  endfacet
  facet normal 0 1 -0
    outer loop
      vertex 38.6735 76.1731 4.2
      vertex 37.8665 76.1731 5
      vertex 38.6735 76.1731 5
    endloop
  endfacet
  facet normal 0 1 0
    outer loop
      vertex 37.8665 76.1731 5
      vertex 38.6735 76.1731 4.2
      vertex 37.8665 76.1731 4.2
    endloop
  endfacet
  facet normal -0.813872 -0.581044 0
    outer loop
      vertex 38.6735 76.1731 4.2
      vertex 37.5959 77.6825 5
      vertex 37.5959 77.6825 4.2
    endloop
  endfacet
  facet normal -0.813872 -0.581044 0
    outer loop
      vertex 37.5959 77.6825 5
      vertex 38.6735 76.1731 4.2
      vertex 38.6735 76.1731 5
    endloop
  endfacet
  facet normal 0 1 -0
    outer loop
      vertex 42.7416 77.6825 4.2
      vertex 37.5959 77.6825 5
      vertex 42.7416 77.6825 5
    endloop
  endfacet
  facet normal 0 1 0
    outer loop
      vertex 37.5959 77.6825 5
      vertex 42.7416 77.6825 4.2
      vertex 37.5959 77.6825 4.2
    endloop
  endfacet
  facet normal 1 -0 0
    outer loop
      vertex 42.7416 75.9785 5
      vertex 42.7416 77.6825 4.2
      vertex 42.7416 77.6825 5
    endloop
  endfacet
  facet normal 1 0 0
    outer loop
      vertex 42.7416 77.6825 4.2
      vertex 42.7416 75.9785 5
      vertex 42.7416 75.9785 4.2
    endloop
  endfacet
  facet normal 0 1 -0
    outer loop
      vertex 43.4678 75.9785 4.2
      vertex 42.7416 75.9785 5
      vertex 43.4678 75.9785 5
    endloop
  endfacet
  facet normal 0 1 0
    outer loop
      vertex 42.7416 75.9785 5
      vertex 43.4678 75.9785 4.2
      vertex 42.7416 75.9785 4.2
    endloop
  endfacet
  facet normal -1 0 0
    outer loop
      vertex 43.4678 75.9785 4.2
      vertex 43.4678 80.1699 5
      vertex 43.4678 80.1699 4.2
    endloop
  endfacet
  facet normal -1 -0 0
    outer loop
      vertex 43.4678 80.1699 5
      vertex 43.4678 75.9785 4.2
      vertex 43.4678 75.9785 5
    endloop
  endfacet
  facet normal 0 -1 0
    outer loop
      vertex 42.7416 80.1699 4.2
      vertex 43.4678 80.1699 5
      vertex 42.7416 80.1699 5
    endloop
  endfacet
  facet normal 0 -1 -0
    outer loop
      vertex 43.4678 80.1699 5
      vertex 42.7416 80.1699 4.2
      vertex 43.4678 80.1699 4.2
    endloop
  endfacet
  facet normal 1 -0 0
    outer loop
      vertex 36.7795 90.601 5
      vertex 36.7795 91.4743 4.2
      vertex 36.7795 91.4743 5
    endloop
  endfacet
  facet normal 1 0 0
    outer loop
      vertex 36.7795 91.4743 4.2
      vertex 36.7795 90.601 5
      vertex 36.7795 90.601 4.2
    endloop
  endfacet
  facet normal -0.0450844 0.998983 0
    outer loop
      vertex 38.8823 90.6959 4.2
      vertex 36.7795 90.601 5
      vertex 38.8823 90.6959 5
    endloop
  endfacet
  facet normal -0.0450844 0.998983 0
    outer loop
      vertex 36.7795 90.601 5
      vertex 38.8823 90.6959 4.2
      vertex 36.7795 90.601 4.2
    endloop
  endfacet
  facet normal -1 0 0
    outer loop
      vertex 38.8823 90.6959 4.2
      vertex 38.8823 91.3699 5
      vertex 38.8823 91.3699 4.2
    endloop
  endfacet
  facet normal -1 -0 0
    outer loop
      vertex 38.8823 91.3699 5
      vertex 38.8823 90.6959 4.2
      vertex 38.8823 90.6959 5
    endloop
  endfacet
  facet normal -0.049587 -0.99877 0
    outer loop
      vertex 36.7795 91.4743 4.2
      vertex 38.8823 91.3699 5
      vertex 36.7795 91.4743 5
    endloop
  endfacet
  facet normal -0.049587 -0.99877 -0
    outer loop
      vertex 38.8823 91.3699 5
      vertex 36.7795 91.4743 4.2
      vertex 38.8823 91.3699 4.2
    endloop
  endfacet
  facet normal 1 -0 0
    outer loop
      vertex 36.7795 88.8494 5
      vertex 36.7795 89.7227 4.2
      vertex 36.7795 89.7227 5
    endloop
  endfacet
  facet normal 1 0 0
    outer loop
      vertex 36.7795 89.7227 4.2
      vertex 36.7795 88.8494 5
      vertex 36.7795 88.8494 4.2
    endloop
  endfacet
  facet normal -0.0473124 0.99888 0
    outer loop
      vertex 38.8823 88.949 4.2
      vertex 36.7795 88.8494 5
      vertex 38.8823 88.949 5
    endloop
  endfacet
  facet normal -0.0473124 0.99888 0
    outer loop
      vertex 36.7795 88.8494 5
      vertex 38.8823 88.949 4.2
      vertex 36.7795 88.8494 4.2
    endloop
  endfacet
  facet normal -1 0 0
    outer loop
      vertex 38.8823 88.949 4.2
      vertex 38.8823 89.6183 5
      vertex 38.8823 89.6183 4.2
    endloop
  endfacet
  facet normal -1 -0 0
    outer loop
      vertex 38.8823 89.6183 5
      vertex 38.8823 88.949 4.2
      vertex 38.8823 88.949 5
    endloop
  endfacet
  facet normal -0.049587 -0.99877 0
    outer loop
      vertex 36.7795 89.7227 4.2
      vertex 38.8823 89.6183 5
      vertex 36.7795 89.7227 5
    endloop
  endfacet
  facet normal -0.049587 -0.99877 -0
    outer loop
      vertex 38.8823 89.6183 5
      vertex 36.7795 89.7227 4.2
      vertex 38.8823 89.6183 4.2
    endloop
  endfacet
  facet normal -0.116551 -0.993185 0
    outer loop
      vertex 42.2611 104.548 4.2
      vertex 42.8576 104.478 5
      vertex 42.2611 104.548 5
    endloop
  endfacet
  facet normal -0.116551 -0.993185 -0
    outer loop
      vertex 42.8576 104.478 5
      vertex 42.2611 104.548 4.2
      vertex 42.8576 104.478 4.2
    endloop
  endfacet
  facet normal -0.198444 -0.980112 0
    outer loop
      vertex 41.6783 104.666 4.2
      vertex 42.2611 104.548 5
      vertex 41.6783 104.666 5
    endloop
  endfacet
  facet normal -0.198444 -0.980112 -0
    outer loop
      vertex 42.2611 104.548 5
      vertex 41.6783 104.666 4.2
      vertex 42.2611 104.548 4.2
    endloop
  endfacet
  facet normal -0.2727 -0.962099 0
    outer loop
      vertex 41.0997 104.83 4.2
      vertex 41.6783 104.666 5
      vertex 41.0997 104.83 5
    endloop
  endfacet
  facet normal -0.2727 -0.962099 -0
    outer loop
      vertex 41.6783 104.666 5
      vertex 41.0997 104.83 4.2
      vertex 41.6783 104.666 4.2
    endloop
  endfacet
  facet normal -0.339854 -0.940478 0
    outer loop
      vertex 40.5158 105.041 4.2
      vertex 41.0997 104.83 5
      vertex 40.5158 105.041 5
    endloop
  endfacet
  facet normal -0.339854 -0.940478 -0
    outer loop
      vertex 41.0997 104.83 5
      vertex 40.5158 105.041 4.2
      vertex 41.0997 104.83 4.2
    endloop
  endfacet
  facet normal -0.402473 -0.915432 0
    outer loop
      vertex 39.9267 105.3 4.2
      vertex 40.5158 105.041 5
      vertex 39.9267 105.3 5
    endloop
  endfacet
  facet normal -0.402473 -0.915432 -0
    outer loop
      vertex 40.5158 105.041 5
      vertex 39.9267 105.3 4.2
      vertex 40.5158 105.041 4.2
    endloop
  endfacet
  facet normal -0.462457 -0.886642 0
    outer loop
      vertex 39.2595 105.648 4.2
      vertex 39.9267 105.3 5
      vertex 39.2595 105.648 5
    endloop
  endfacet
  facet normal -0.462457 -0.886642 -0
    outer loop
      vertex 39.9267 105.3 5
      vertex 39.2595 105.648 4.2
      vertex 39.9267 105.3 4.2
    endloop
  endfacet
  facet normal -0.508399 -0.861121 0
    outer loop
      vertex 38.4414 106.131 4.2
      vertex 39.2595 105.648 5
      vertex 38.4414 106.131 5
    endloop
  endfacet
  facet normal -0.508399 -0.861121 -0
    outer loop
      vertex 39.2595 105.648 5
      vertex 38.4414 106.131 4.2
      vertex 39.2595 105.648 4.2
    endloop
  endfacet
  facet normal -0.53652 -0.843887 0
    outer loop
      vertex 37.4725 106.747 4.2
      vertex 38.4414 106.131 5
      vertex 37.4725 106.747 5
    endloop
  endfacet
  facet normal -0.53652 -0.843887 -0
    outer loop
      vertex 38.4414 106.131 5
      vertex 37.4725 106.747 4.2
      vertex 38.4414 106.131 4.2
    endloop
  endfacet
  facet normal 0 -1 0
    outer loop
      vertex 36.7795 106.747 4.2
      vertex 37.4725 106.747 5
      vertex 36.7795 106.747 5
    endloop
  endfacet
  facet normal 0 -1 -0
    outer loop
      vertex 37.4725 106.747 5
      vertex 36.7795 106.747 4.2
      vertex 37.4725 106.747 4.2
    endloop
  endfacet
  facet normal 1 -0 0
    outer loop
      vertex 36.7795 102.328 5
      vertex 36.7795 106.747 4.2
      vertex 36.7795 106.747 5
    endloop
  endfacet
  facet normal 1 0 0
    outer loop
      vertex 36.7795 106.747 4.2
      vertex 36.7795 102.328 5
      vertex 36.7795 102.328 4.2
    endloop
  endfacet
  facet normal 0 1 -0
    outer loop
      vertex 37.5057 102.328 4.2
      vertex 36.7795 102.328 5
      vertex 37.5057 102.328 5
    endloop
  endfacet
  facet normal 0 1 0
    outer loop
      vertex 36.7795 102.328 5
      vertex 37.5057 102.328 4.2
      vertex 36.7795 102.328 4.2
    endloop
  endfacet
  facet normal -1 0 0
    outer loop
      vertex 37.5057 102.328 4.2
      vertex 37.5057 105.921 5
      vertex 37.5057 105.921 4.2
    endloop
  endfacet
  facet normal -1 -0 0
    outer loop
      vertex 37.5057 105.921 5
      vertex 37.5057 102.328 4.2
      vertex 37.5057 102.328 5
    endloop
  endfacet
  facet normal 0.543919 0.839138 -0
    outer loop
      vertex 38.689 105.154 4.2
      vertex 37.5057 105.921 5
      vertex 38.689 105.154 5
    endloop
  endfacet
  facet normal 0.543919 0.839138 0
    outer loop
      vertex 37.5057 105.921 5
      vertex 38.689 105.154 4.2
      vertex 37.5057 105.921 4.2
    endloop
  endfacet
  facet normal 0.486018 0.873949 -0
    outer loop
      vertex 39.7769 104.549 4.2
      vertex 38.689 105.154 5
      vertex 39.7769 104.549 5
    endloop
  endfacet
  facet normal 0.486018 0.873949 0
    outer loop
      vertex 38.689 105.154 5
      vertex 39.7769 104.549 4.2
      vertex 38.689 105.154 4.2
    endloop
  endfacet
  facet normal 0.407658 0.913135 -0
    outer loop
      vertex 40.7692 104.106 4.2
      vertex 39.7769 104.549 5
      vertex 40.7692 104.106 5
    endloop
  endfacet
  facet normal 0.407658 0.913135 0
    outer loop
      vertex 39.7769 104.549 5
      vertex 40.7692 104.106 4.2
      vertex 39.7769 104.549 4.2
    endloop
  endfacet
  facet normal 0.308975 0.95107 -0
    outer loop
      vertex 41.6988 103.804 4.2
      vertex 40.7692 104.106 5
      vertex 41.6988 103.804 5
    endloop
  endfacet
  facet normal 0.308975 0.95107 0
    outer loop
      vertex 40.7692 104.106 5
      vertex 41.6988 103.804 4.2
      vertex 40.7692 104.106 4.2
    endloop
  endfacet
  facet normal 0.197269 0.980349 -0
    outer loop
      vertex 42.5983 103.623 4.2
      vertex 41.6988 103.804 5
      vertex 42.5983 103.623 5
    endloop
  endfacet
  facet normal 0.197269 0.980349 0
    outer loop
      vertex 41.6988 103.804 5
      vertex 42.5983 103.623 4.2
      vertex 41.6988 103.804 4.2
    endloop
  endfacet
  facet normal 0.0699833 0.997548 -0
    outer loop
      vertex 43.4678 103.562 4.2
      vertex 42.5983 103.623 5
      vertex 43.4678 103.562 5
    endloop
  endfacet
  facet normal 0.0699833 0.997548 0
    outer loop
      vertex 42.5983 103.623 5
      vertex 43.4678 103.562 4.2
      vertex 42.5983 103.623 4.2
    endloop
  endfacet
  facet normal -1 0 0
    outer loop
      vertex 43.4678 103.562 4.2
      vertex 43.4678 104.455 5
      vertex 43.4678 104.455 4.2
    endloop
  endfacet
  facet normal -1 -0 0
    outer loop
      vertex 43.4678 104.455 5
      vertex 43.4678 103.562 4.2
      vertex 43.4678 103.562 5
    endloop
  endfacet
  facet normal -0.0376658 -0.99929 0
    outer loop
      vertex 42.8576 104.478 4.2
      vertex 43.4678 104.455 5
      vertex 42.8576 104.478 5
    endloop
  endfacet
  facet normal -0.0376658 -0.99929 -0
    outer loop
      vertex 43.4678 104.455 5
      vertex 42.8576 104.478 4.2
      vertex 43.4678 104.455 4.2
    endloop
  endfacet
  facet normal 1 -0 0
    outer loop
      vertex 36.7795 109.274 5
      vertex 36.7795 110.148 4.2
      vertex 36.7795 110.148 5
    endloop
  endfacet
  facet normal 1 0 0
    outer loop
      vertex 36.7795 110.148 4.2
      vertex 36.7795 109.274 5
      vertex 36.7795 109.274 4.2
    endloop
  endfacet
  facet normal -0.0451318 0.998981 0
    outer loop
      vertex 38.8823 109.369 4.2
      vertex 36.7795 109.274 5
      vertex 38.8823 109.369 5
    endloop
  endfacet
  facet normal -0.0451318 0.998981 0
    outer loop
      vertex 36.7795 109.274 5
      vertex 38.8823 109.369 4.2
      vertex 36.7795 109.274 4.2
    endloop
  endfacet
  facet normal -1 0 0
    outer loop
      vertex 38.8823 109.369 4.2
      vertex 38.8823 110.043 5
      vertex 38.8823 110.043 4.2
    endloop
  endfacet
  facet normal -1 -0 0
    outer loop
      vertex 38.8823 110.043 5
      vertex 38.8823 109.369 4.2
      vertex 38.8823 109.369 5
    endloop
  endfacet
  facet normal -0.0498713 -0.998756 0
    outer loop
      vertex 36.7795 110.148 4.2
      vertex 38.8823 110.043 5
      vertex 36.7795 110.148 5
    endloop
  endfacet
  facet normal -0.0498713 -0.998756 -0
    outer loop
      vertex 38.8823 110.043 5
      vertex 36.7795 110.148 4.2
      vertex 38.8823 110.043 4.2
    endloop
  endfacet
  facet normal 1 -0 0
    outer loop
      vertex 36.7795 107.523 5
      vertex 36.7795 108.396 4.2
      vertex 36.7795 108.396 5
    endloop
  endfacet
  facet normal 1 0 0
    outer loop
      vertex 36.7795 108.396 4.2
      vertex 36.7795 107.523 5
      vertex 36.7795 107.523 4.2
    endloop
  endfacet
  facet normal -0.047502 0.998871 0
    outer loop
      vertex 38.8823 107.623 4.2
      vertex 36.7795 107.523 5
      vertex 38.8823 107.623 5
    endloop
  endfacet
  facet normal -0.047502 0.998871 0
    outer loop
      vertex 36.7795 107.523 5
      vertex 38.8823 107.623 4.2
      vertex 36.7795 107.523 4.2
    endloop
  endfacet
  facet normal -1 0 0
    outer loop
      vertex 38.8823 107.623 4.2
      vertex 38.8823 108.292 5
      vertex 38.8823 108.292 4.2
    endloop
  endfacet
  facet normal -1 -0 0
    outer loop
      vertex 38.8823 108.292 5
      vertex 38.8823 107.623 4.2
      vertex 38.8823 107.623 5
    endloop
  endfacet
  facet normal -0.0493975 -0.998779 0
    outer loop
      vertex 36.7795 108.396 4.2
      vertex 38.8823 108.292 5
      vertex 36.7795 108.396 5
    endloop
  endfacet
  facet normal -0.0493975 -0.998779 -0
    outer loop
      vertex 38.8823 108.292 5
      vertex 36.7795 108.396 4.2
      vertex 38.8823 108.292 4.2
    endloop
  endfacet
  facet normal -0.548181 0.836359 0
    outer loop
      vertex 43.4678 98.2468 4.2
      vertex 41.3602 96.8654 5
      vertex 43.4678 98.2468 5
    endloop
  endfacet
  facet normal -0.548181 0.836359 0
    outer loop
      vertex 41.3602 96.8654 5
      vertex 43.4678 98.2468 4.2
      vertex 41.3602 96.8654 4.2
    endloop
  endfacet
  facet normal -1 0 0
    outer loop
      vertex 43.4678 98.2468 4.2
      vertex 43.4678 99.2009 5
      vertex 43.4678 99.2009 4.2
    endloop
  endfacet
  facet normal -1 -0 0
    outer loop
      vertex 43.4678 99.2009 5
      vertex 43.4678 98.2468 4.2
      vertex 43.4678 98.2468 5
    endloop
  endfacet
  facet normal 0.572883 -0.819637 0
    outer loop
      vertex 40.8191 97.3496 4.2
      vertex 43.4678 99.2009 5
      vertex 40.8191 97.3496 5
    endloop
  endfacet
  facet normal 0.572883 -0.819637 0
    outer loop
      vertex 43.4678 99.2009 5
      vertex 40.8191 97.3496 4.2
      vertex 43.4678 99.2009 4.2
    endloop
  endfacet
  facet normal -0.573666 -0.81909 0
    outer loop
      vertex 38.3317 99.0917 4.2
      vertex 40.8191 97.3496 5
      vertex 38.3317 99.0917 5
    endloop
  endfacet
  facet normal -0.573666 -0.81909 -0
    outer loop
      vertex 40.8191 97.3496 5
      vertex 38.3317 99.0917 4.2
      vertex 40.8191 97.3496 4.2
    endloop
  endfacet
  facet normal 1 -0 0
    outer loop
      vertex 38.3317 98.1376 5
      vertex 38.3317 99.0917 4.2
      vertex 38.3317 99.0917 5
    endloop
  endfacet
  facet normal 1 0 0
    outer loop
      vertex 38.3317 99.0917 4.2
      vertex 38.3317 98.1376 5
      vertex 38.3317 98.1376 4.2
    endloop
  endfacet
  facet normal 0.537023 0.843568 -0
    outer loop
      vertex 40.3301 96.8654 4.2
      vertex 38.3317 98.1376 5
      vertex 40.3301 96.8654 5
    endloop
  endfacet
  facet normal 0.537023 0.843568 0
    outer loop
      vertex 38.3317 98.1376 5
      vertex 40.3301 96.8654 4.2
      vertex 38.3317 98.1376 4.2
    endloop
  endfacet
  facet normal 0.539838 -0.841769 0
    outer loop
      vertex 38.3317 95.5838 4.2
      vertex 40.3301 96.8654 5
      vertex 38.3317 95.5838 5
    endloop
  endfacet
  facet normal 0.539838 -0.841769 0
    outer loop
      vertex 40.3301 96.8654 5
      vertex 38.3317 95.5838 4.2
      vertex 40.3301 96.8654 4.2
    endloop
  endfacet
  facet normal 1 -0 0
    outer loop
      vertex 38.3317 94.6391 5
      vertex 38.3317 95.5838 4.2
      vertex 38.3317 95.5838 5
    endloop
  endfacet
  facet normal 1 0 0
    outer loop
      vertex 38.3317 95.5838 4.2
      vertex 38.3317 94.6391 5
      vertex 38.3317 94.6391 4.2
    endloop
  endfacet
  facet normal -0.572236 0.820089 0
    outer loop
      vertex 40.8285 96.3813 4.2
      vertex 38.3317 94.6391 5
      vertex 40.8285 96.3813 5
    endloop
  endfacet
  facet normal -0.572236 0.820089 0
    outer loop
      vertex 38.3317 94.6391 5
      vertex 40.8285 96.3813 4.2
      vertex 38.3317 94.6391 4.2
    endloop
  endfacet
  facet normal 0.569293 0.822135 -0
    outer loop
      vertex 43.4678 94.5537 4.2
      vertex 40.8285 96.3813 5
      vertex 43.4678 94.5537 5
    endloop
  endfacet
  facet normal 0.569293 0.822135 0
    outer loop
      vertex 40.8285 96.3813 5
      vertex 43.4678 94.5537 4.2
      vertex 40.8285 96.3813 4.2
    endloop
  endfacet
  facet normal -1 0 0
    outer loop
      vertex 43.4678 94.5537 4.2
      vertex 43.4678 95.4746 5
      vertex 43.4678 95.4746 4.2
    endloop
  endfacet
  facet normal -1 -0 0
    outer loop
      vertex 43.4678 95.4746 5
      vertex 43.4678 94.5537 4.2
      vertex 43.4678 94.5537 5
    endloop
  endfacet
  facet normal -0.550783 -0.834649 0
    outer loop
      vertex 41.3602 96.8654 4.2
      vertex 43.4678 95.4746 5
      vertex 41.3602 96.8654 5
    endloop
  endfacet
  facet normal -0.550783 -0.834649 -0
    outer loop
      vertex 43.4678 95.4746 5
      vertex 41.3602 96.8654 4.2
      vertex 43.4678 95.4746 4.2
    endloop
  endfacet
  facet normal 0 0 1
    outer loop
      vertex 52.188 50.9673 4.2
      vertex 51.5101 51.4024 4.2
      vertex 51.5473 50.9768 4.2
    endloop
  endfacet
  facet normal 0 0 1
    outer loop
      vertex 51.9581 52.2078 4.2
      vertex 51.3985 51.7489 4.2
      vertex 51.5101 51.4024 4.2
    endloop
  endfacet
  facet normal 0 0 1
    outer loop
      vertex 50.9454 52.2062 4.2
      vertex 51.6707 52.6572 4.2
      vertex 51.2804 52.9842 4.2
    endloop
  endfacet
  facet normal 0 0 1
    outer loop
      vertex 51.9581 52.2078 4.2
      vertex 51.2126 52.0163 4.2
      vertex 51.3985 51.7489 4.2
    endloop
  endfacet
  facet normal 0 0 1
    outer loop
      vertex 51.6707 52.6572 4.2
      vertex 50.9454 52.2062 4.2
      vertex 51.2126 52.0163 4.2
    endloop
  endfacet
  facet normal 0 0 1
    outer loop
      vertex 50.5902 52.3202 4.2
      vertex 51.2804 52.9842 4.2
      vertex 50.7993 53.1804 4.2
    endloop
  endfacet
  facet normal 0 0 1
    outer loop
      vertex 51.2804 52.9842 4.2
      vertex 50.5902 52.3202 4.2
      vertex 50.9454 52.2062 4.2
    endloop
  endfacet
  facet normal 0 0 1
    outer loop
      vertex 50.2276 53.2458 4.2
      vertex 50.5902 52.3202 4.2
      vertex 50.7993 53.1804 4.2
    endloop
  endfacet
  facet normal 0 0 1
    outer loop
      vertex 50.2276 53.2458 4.2
      vertex 50.1469 52.3581 4.2
      vertex 50.5902 52.3202 4.2
    endloop
  endfacet
  facet normal -0 0 1
    outer loop
      vertex 49.8123 53.2062 4.2
      vertex 50.1469 52.3581 4.2
      vertex 50.2276 53.2458 4.2
    endloop
  endfacet
  facet normal 0 0 1
    outer loop
      vertex 49.8123 53.2062 4.2
      vertex 49.7663 52.317 4.2
      vertex 50.1469 52.3581 4.2
    endloop
  endfacet
  facet normal -0 0 1
    outer loop
      vertex 49.446 53.0876 4.2
      vertex 49.7663 52.317 4.2
      vertex 49.8123 53.2062 4.2
    endloop
  endfacet
  facet normal -0 0 1
    outer loop
      vertex 49.1287 52.8898 4.2
      vertex 49.7663 52.317 4.2
      vertex 49.446 53.0876 4.2
    endloop
  endfacet
  facet normal 0 0 1
    outer loop
      vertex 49.7663 52.317 4.2
      vertex 49.1287 52.8898 4.2
      vertex 49.4538 52.1936 4.2
    endloop
  endfacet
  facet normal -0 0 1
    outer loop
      vertex 48.8731 52.6208 4.2
      vertex 49.4538 52.1936 4.2
      vertex 49.1287 52.8898 4.2
    endloop
  endfacet
  facet normal 0 0 1
    outer loop
      vertex 49.4538 52.1936 4.2
      vertex 48.8731 52.6208 4.2
      vertex 49.2094 51.9878 4.2
    endloop
  endfacet
  facet normal -0 0 1
    outer loop
      vertex 48.692 52.2885 4.2
      vertex 49.2094 51.9878 4.2
      vertex 48.8731 52.6208 4.2
    endloop
  endfacet
  facet normal 0 0 1
    outer loop
      vertex 48.5852 51.893 4.2
      vertex 49.2094 51.9878 4.2
      vertex 48.692 52.2885 4.2
    endloop
  endfacet
  facet normal 0 0 1
    outer loop
      vertex 49.2094 51.9878 4.2
      vertex 48.5852 51.893 4.2
      vertex 49.034 51.7078 4.2
    endloop
  endfacet
  facet normal 0 0 1
    outer loop
      vertex 49.034 51.7078 4.2
      vertex 48.5852 51.893 4.2
      vertex 48.9288 51.3613 4.2
    endloop
  endfacet
  facet normal 0 -0 1
    outer loop
      vertex 48.697 49.6519 4.2
      vertex 48.8937 50.9483 4.2
      vertex 48.5947 50.018 4.2
    endloop
  endfacet
  facet normal -0 0 1
    outer loop
      vertex 48.5662 51.893 4.2
      vertex 48.9288 51.3613 4.2
      vertex 48.5852 51.893 4.2
    endloop
  endfacet
  facet normal 0 0 1
    outer loop
      vertex 48.8937 50.9483 4.2
      vertex 48.697 49.6519 4.2
      vertex 48.8774 49.3323 4.2
    endloop
  endfacet
  facet normal 0 0 1
    outer loop
      vertex 48.9288 51.3613 4.2
      vertex 48.2221 51.3278 4.2
      vertex 48.8937 50.9483 4.2
    endloop
  endfacet
  facet normal 0 0 1
    outer loop
      vertex 48.2194 50.5921 4.2
      vertex 48.8937 50.9483 4.2
      vertex 48.2529 50.9578 4.2
    endloop
  endfacet
  facet normal 0 0 1
    outer loop
      vertex 48.9288 51.3613 4.2
      vertex 48.5662 51.893 4.2
      vertex 48.2221 51.3278 4.2
    endloop
  endfacet
  facet normal 0 0 1
    outer loop
      vertex 47.9752 51.8763 4.2
      vertex 48.5662 51.893 4.2
      vertex 48.4581 52.2342 4.2
    endloop
  endfacet
  facet normal 0 0 1
    outer loop
      vertex 48.8937 50.9483 4.2
      vertex 48.2194 50.5921 4.2
      vertex 48.5947 50.018 4.2
    endloop
  endfacet
  facet normal 0 0 1
    outer loop
      vertex 47.9752 51.8763 4.2
      vertex 48.4581 52.2342 4.2
      vertex 48.2793 52.5238 4.2
    endloop
  endfacet
  facet normal 0 0 1
    outer loop
      vertex 48.5947 50.018 4.2
      vertex 48.2194 50.5921 4.2
      vertex 48.5757 50.018 4.2
    endloop
  endfacet
  facet normal -0 0 1
    outer loop
      vertex 48.119 50.2859 4.2
      vertex 48.5757 50.018 4.2
      vertex 48.2194 50.5921 4.2
    endloop
  endfacet
  facet normal 0 0 1
    outer loop
      vertex 48.8937 50.9483 4.2
      vertex 48.2221 51.3278 4.2
      vertex 48.2529 50.9578 4.2
    endloop
  endfacet
  facet normal 0 0 1
    outer loop
      vertex 48.5662 51.893 4.2
      vertex 48.1295 51.634 4.2
      vertex 48.2221 51.3278 4.2
    endloop
  endfacet
  facet normal 0 0 1
    outer loop
      vertex 47.7519 52.0517 4.2
      vertex 48.2793 52.5238 4.2
      vertex 48.0299 52.7616 4.2
    endloop
  endfacet
  facet normal 0 0 1
    outer loop
      vertex 48.5662 51.893 4.2
      vertex 47.9752 51.8763 4.2
      vertex 48.1295 51.634 4.2
    endloop
  endfacet
  facet normal 0 0 1
    outer loop
      vertex 48.2793 52.5238 4.2
      vertex 47.7519 52.0517 4.2
      vertex 47.9752 51.8763 4.2
    endloop
  endfacet
  facet normal 0 0 1
    outer loop
      vertex 47.452 52.1569 4.2
      vertex 48.0299 52.7616 4.2
      vertex 47.7286 52.9383 4.2
    endloop
  endfacet
  facet normal 0 0 1
    outer loop
      vertex 48.0299 52.7616 4.2
      vertex 47.452 52.1569 4.2
      vertex 47.7519 52.0517 4.2
    endloop
  endfacet
  facet normal 0 0 1
    outer loop
      vertex 47.3948 53.0443 4.2
      vertex 47.452 52.1569 4.2
      vertex 47.7286 52.9383 4.2
    endloop
  endfacet
  facet normal 0 0 1
    outer loop
      vertex 47.3948 53.0443 4.2
      vertex 47.0757 52.192 4.2
      vertex 47.452 52.1569 4.2
    endloop
  endfacet
  facet normal 0 0 1
    outer loop
      vertex 47.0282 53.0797 4.2
      vertex 47.0757 52.192 4.2
      vertex 47.3948 53.0443 4.2
    endloop
  endfacet
  facet normal -0 0 1
    outer loop
      vertex 46.5361 53.0161 4.2
      vertex 47.0757 52.192 4.2
      vertex 47.0282 53.0797 4.2
    endloop
  endfacet
  facet normal 0 0 1
    outer loop
      vertex 46.5361 53.0161 4.2
      vertex 46.4454 52.0538 4.2
      vertex 47.0757 52.192 4.2
    endloop
  endfacet
  facet normal -0 0 1
    outer loop
      vertex 46.1168 52.8254 4.2
      vertex 46.4454 52.0538 4.2
      vertex 46.5361 53.0161 4.2
    endloop
  endfacet
  facet normal -0 0 1
    outer loop
      vertex 45.7703 52.5077 4.2
      vertex 46.4454 52.0538 4.2
      vertex 46.1168 52.8254 4.2
    endloop
  endfacet
  facet normal 0 0 1
    outer loop
      vertex 46.4454 52.0538 4.2
      vertex 45.7703 52.5077 4.2
      vertex 46.0672 51.6393 4.2
    endloop
  endfacet
  facet normal -0 0 1
    outer loop
      vertex 45.5119 52.0802 4.2
      vertex 46.0672 51.6393 4.2
      vertex 45.7703 52.5077 4.2
    endloop
  endfacet
  facet normal 0 0 1
    outer loop
      vertex 45.3568 51.5604 4.2
      vertex 46.0672 51.6393 4.2
      vertex 45.5119 52.0802 4.2
    endloop
  endfacet
  facet normal 0 -0 1
    outer loop
      vertex 45.3578 50.3494 4.2
      vertex 45.9412 50.9483 4.2
      vertex 45.3051 50.9483 4.2
    endloop
  endfacet
  facet normal 0 0 1
    outer loop
      vertex 46.0672 51.6393 4.2
      vertex 45.3568 51.5604 4.2
      vertex 45.9412 50.9483 4.2
    endloop
  endfacet
  facet normal 0 -0 1
    outer loop
      vertex 45.5161 49.8375 4.2
      vertex 45.9412 50.9483 4.2
      vertex 45.3578 50.3494 4.2
    endloop
  endfacet
  facet normal 0 0 1
    outer loop
      vertex 45.9412 50.9483 4.2
      vertex 45.3568 51.5604 4.2
      vertex 45.3051 50.9483 4.2
    endloop
  endfacet
  facet normal 0 0 1
    outer loop
      vertex 45.9412 50.9483 4.2
      vertex 45.5161 49.8375 4.2
      vertex 45.7798 49.4127 4.2
    endloop
  endfacet
  facet normal -0 0 1
    outer loop
      vertex 51.5101 51.4024 4.2
      vertex 52.188 50.9673 4.2
      vertex 52.1306 51.6445 4.2
    endloop
  endfacet
  facet normal 0 0 1
    outer loop
      vertex 52.188 50.9673 4.2
      vertex 51.5473 50.9768 4.2
      vertex 52.1316 50.3041 4.2
    endloop
  endfacet
  facet normal 0 0 1
    outer loop
      vertex 51.5101 51.4024 4.2
      vertex 52.1306 51.6445 4.2
      vertex 51.9581 52.2078 4.2
    endloop
  endfacet
  facet normal 0 0 1
    outer loop
      vertex 51.3938 50.1936 4.2
      vertex 52.1316 50.3041 4.2
      vertex 51.5473 50.9768 4.2
    endloop
  endfacet
  facet normal 0 0 1
    outer loop
      vertex 51.2126 52.0163 4.2
      vertex 51.9581 52.2078 4.2
      vertex 51.6707 52.6572 4.2
    endloop
  endfacet
  facet normal 0 0 1
    outer loop
      vertex 52.1316 50.3041 4.2
      vertex 51.3938 50.1936 4.2
      vertex 51.9623 49.7447 4.2
    endloop
  endfacet
  facet normal 0 0 1
    outer loop
      vertex 51.9623 49.7447 4.2
      vertex 51.3938 50.1936 4.2
      vertex 51.6801 49.2893 4.2
    endloop
  endfacet
  facet normal -0 0 1
    outer loop
      vertex 50.9333 49.7236 4.2
      vertex 51.6801 49.2893 4.2
      vertex 51.3938 50.1936 4.2
    endloop
  endfacet
  facet normal 0 0 1
    outer loop
      vertex 51.6801 49.2893 4.2
      vertex 50.9333 49.7236 4.2
      vertex 51.294 48.953 4.2
    endloop
  endfacet
  facet normal 0 0 1
    outer loop
      vertex 50.9333 49.7236 4.2
      vertex 50.813 48.7513 4.2
      vertex 51.294 48.953 4.2
    endloop
  endfacet
  facet normal -0 0 1
    outer loop
      vertex 50.1659 49.5669 4.2
      vertex 50.813 48.7513 4.2
      vertex 50.9333 49.7236 4.2
    endloop
  endfacet
  facet normal 0 0 1
    outer loop
      vertex 50.813 48.7513 4.2
      vertex 50.1659 49.5669 4.2
      vertex 50.2371 48.684 4.2
    endloop
  endfacet
  facet normal 0 0 1
    outer loop
      vertex 50.1659 49.5669 4.2
      vertex 49.8236 48.7257 4.2
      vertex 50.2371 48.684 4.2
    endloop
  endfacet
  facet normal 0 0 1
    outer loop
      vertex 49.7985 49.6076 4.2
      vertex 49.8236 48.7257 4.2
      vertex 50.1659 49.5669 4.2
    endloop
  endfacet
  facet normal 0 0 1
    outer loop
      vertex 49.1358 49.059 4.2
      vertex 49.7985 49.6076 4.2
      vertex 49.4876 49.7294 4.2
    endloop
  endfacet
  facet normal 0 0 1
    outer loop
      vertex 49.7985 49.6076 4.2
      vertex 49.4565 48.8507 4.2
      vertex 49.8236 48.7257 4.2
    endloop
  endfacet
  facet normal 0 0 1
    outer loop
      vertex 48.8774 49.3323 4.2
      vertex 49.4876 49.7294 4.2
      vertex 49.2331 49.9325 4.2
    endloop
  endfacet
  facet normal 0 0 1
    outer loop
      vertex 49.7985 49.6076 4.2
      vertex 49.1358 49.059 4.2
      vertex 49.4565 48.8507 4.2
    endloop
  endfacet
  facet normal 0 0 1
    outer loop
      vertex 48.8774 49.3323 4.2
      vertex 49.2331 49.9325 4.2
      vertex 49.0446 50.2078 4.2
    endloop
  endfacet
  facet normal 0 0 1
    outer loop
      vertex 48.8774 49.3323 4.2
      vertex 49.0446 50.2078 4.2
      vertex 48.9314 50.5464 4.2
    endloop
  endfacet
  facet normal 0 0 1
    outer loop
      vertex 49.4876 49.7294 4.2
      vertex 48.8774 49.3323 4.2
      vertex 49.1358 49.059 4.2
    endloop
  endfacet
  facet normal 0 0 1
    outer loop
      vertex 48.8774 49.3323 4.2
      vertex 48.9314 50.5464 4.2
      vertex 48.8937 50.9483 4.2
    endloop
  endfacet
  facet normal -0 0 1
    outer loop
      vertex 47.9515 50.0393 4.2
      vertex 48.5757 50.018 4.2
      vertex 48.119 50.2859 4.2
    endloop
  endfacet
  facet normal 0 0 1
    outer loop
      vertex 48.5757 50.018 4.2
      vertex 47.9515 50.0393 4.2
      vertex 48.457 49.6796 4.2
    endloop
  endfacet
  facet normal 0 0 1
    outer loop
      vertex 48.457 49.6796 4.2
      vertex 47.9515 50.0393 4.2
      vertex 48.2719 49.3924 4.2
    endloop
  endfacet
  facet normal -0 0 1
    outer loop
      vertex 47.7202 49.8587 4.2
      vertex 48.2719 49.3924 4.2
      vertex 47.9515 50.0393 4.2
    endloop
  endfacet
  facet normal 0 0 1
    outer loop
      vertex 48.2719 49.3924 4.2
      vertex 47.7202 49.8587 4.2
      vertex 48.0203 49.1563 4.2
    endloop
  endfacet
  facet normal -0 0 1
    outer loop
      vertex 47.4283 49.7503 4.2
      vertex 48.0203 49.1563 4.2
      vertex 47.7202 49.8587 4.2
    endloop
  endfacet
  facet normal 0 0 1
    outer loop
      vertex 48.0203 49.1563 4.2
      vertex 47.4283 49.7503 4.2
      vertex 47.7192 48.981 4.2
    endloop
  endfacet
  facet normal 0 0 1
    outer loop
      vertex 47.4283 49.7503 4.2
      vertex 47.3853 48.8758 4.2
      vertex 47.7192 48.981 4.2
    endloop
  endfacet
  facet normal -0 0 1
    outer loop
      vertex 47.0757 49.7142 4.2
      vertex 47.3853 48.8758 4.2
      vertex 47.4283 49.7503 4.2
    endloop
  endfacet
  facet normal 0 0 1
    outer loop
      vertex 47.0757 49.7142 4.2
      vertex 47.0187 48.8407 4.2
      vertex 47.3853 48.8758 4.2
    endloop
  endfacet
  facet normal 0 0 1
    outer loop
      vertex 46.7302 49.7492 4.2
      vertex 47.0187 48.8407 4.2
      vertex 47.0757 49.7142 4.2
    endloop
  endfacet
  facet normal 0 0 1
    outer loop
      vertex 46.7302 49.7492 4.2
      vertex 46.5414 48.9043 4.2
      vertex 47.0187 48.8407 4.2
    endloop
  endfacet
  facet normal 0 0 1
    outer loop
      vertex 46.1285 49.0949 4.2
      vertex 46.7302 49.7492 4.2
      vertex 46.447 49.8544 4.2
    endloop
  endfacet
  facet normal 0 0 1
    outer loop
      vertex 45.7798 49.4127 4.2
      vertex 46.447 49.8544 4.2
      vertex 46.226 50.0298 4.2
    endloop
  endfacet
  facet normal 0 0 1
    outer loop
      vertex 46.7302 49.7492 4.2
      vertex 46.1285 49.0949 4.2
      vertex 46.5414 48.9043 4.2
    endloop
  endfacet
  facet normal 0 0 1
    outer loop
      vertex 45.7798 49.4127 4.2
      vertex 46.226 50.0298 4.2
      vertex 46.0678 50.2722 4.2
    endloop
  endfacet
  facet normal 0 0 1
    outer loop
      vertex 45.7798 49.4127 4.2
      vertex 46.0678 50.2722 4.2
      vertex 45.9728 50.5783 4.2
    endloop
  endfacet
  facet normal 0 0 1
    outer loop
      vertex 46.447 49.8544 4.2
      vertex 45.7798 49.4127 4.2
      vertex 46.1285 49.0949 4.2
    endloop
  endfacet
  facet normal 0 0 1
    outer loop
      vertex 45.7798 49.4127 4.2
      vertex 45.9728 50.5783 4.2
      vertex 45.9412 50.9483 4.2
    endloop
  endfacet
  facet normal 0 0 1
    outer loop
      vertex 52.188 108.494 4.2
      vertex 51.4154 108.962 4.2
      vertex 51.4903 108.503 4.2
    endloop
  endfacet
  facet normal 0 0 1
    outer loop
      vertex 51.1907 109.33 4.2
      vertex 51.7956 109.782 4.2
      vertex 51.3051 110.238 4.2
    endloop
  endfacet
  facet normal 0 0 1
    outer loop
      vertex 51.7956 109.782 4.2
      vertex 51.1907 109.33 4.2
      vertex 51.4154 108.962 4.2
    endloop
  endfacet
  facet normal 0 0 1
    outer loop
      vertex 51.3051 110.238 4.2
      vertex 50.8162 109.609 4.2
      vertex 51.1907 109.33 4.2
    endloop
  endfacet
  facet normal 0 0 1
    outer loop
      vertex 50.6284 110.567 4.2
      vertex 50.8162 109.609 4.2
      vertex 51.3051 110.238 4.2
    endloop
  endfacet
  facet normal 0 0 1
    outer loop
      vertex 50.6284 110.567 4.2
      vertex 50.2867 109.805 4.2
      vertex 50.8162 109.609 4.2
    endloop
  endfacet
  facet normal 0 0 1
    outer loop
      vertex 49.7756 110.764 4.2
      vertex 50.2867 109.805 4.2
      vertex 50.6284 110.567 4.2
    endloop
  endfacet
  facet normal 0 0 1
    outer loop
      vertex 49.7756 110.764 4.2
      vertex 49.5968 109.922 4.2
      vertex 50.2867 109.805 4.2
    endloop
  endfacet
  facet normal 0 0 1
    outer loop
      vertex 48.7466 110.829 4.2
      vertex 49.5968 109.922 4.2
      vertex 49.7756 110.764 4.2
    endloop
  endfacet
  facet normal 0 0 1
    outer loop
      vertex 48.7466 110.829 4.2
      vertex 48.7466 109.961 4.2
      vertex 49.5968 109.922 4.2
    endloop
  endfacet
  facet normal 0 0 1
    outer loop
      vertex 48.7466 110.829 4.2
      vertex 47.87 109.924 4.2
      vertex 48.7466 109.961 4.2
    endloop
  endfacet
  facet normal -0 0 1
    outer loop
      vertex 47.7033 110.767 4.2
      vertex 47.87 109.924 4.2
      vertex 48.7466 110.829 4.2
    endloop
  endfacet
  facet normal 0 0 1
    outer loop
      vertex 47.7033 110.767 4.2
      vertex 47.1706 109.812 4.2
      vertex 47.87 109.924 4.2
    endloop
  endfacet
  facet normal -0 0 1
    outer loop
      vertex 46.8457 110.579 4.2
      vertex 47.1706 109.812 4.2
      vertex 47.7033 110.767 4.2
    endloop
  endfacet
  facet normal 0 0 1
    outer loop
      vertex 46.8457 110.579 4.2
      vertex 46.6485 109.626 4.2
      vertex 47.1706 109.812 4.2
    endloop
  endfacet
  facet normal -0 0 1
    outer loop
      vertex 46.1738 110.267 4.2
      vertex 46.6485 109.626 4.2
      vertex 46.8457 110.579 4.2
    endloop
  endfacet
  facet normal 0 0 1
    outer loop
      vertex 46.6485 109.626 4.2
      vertex 46.1738 110.267 4.2
      vertex 46.2872 109.355 4.2
    endloop
  endfacet
  facet normal -0 0 1
    outer loop
      vertex 45.6912 109.823 4.2
      vertex 46.2872 109.355 4.2
      vertex 46.1738 110.267 4.2
    endloop
  endfacet
  facet normal 0 0 1
    outer loop
      vertex 45.4016 109.242 4.2
      vertex 46.2872 109.355 4.2
      vertex 45.6912 109.823 4.2
    endloop
  endfacet
  facet normal 0 0 1
    outer loop
      vertex 46.2872 109.355 4.2
      vertex 45.4016 109.242 4.2
      vertex 46.0704 108.987 4.2
    endloop
  endfacet
  facet normal -0 0 1
    outer loop
      vertex 51.4154 108.962 4.2
      vertex 52.188 108.494 4.2
      vertex 52.0899 109.2 4.2
    endloop
  endfacet
  facet normal 0 0 1
    outer loop
      vertex 51.417 108.043 4.2
      vertex 52.188 108.494 4.2
      vertex 51.4903 108.503 4.2
    endloop
  endfacet
  facet normal 0 0 1
    outer loop
      vertex 51.4154 108.962 4.2
      vertex 52.0899 109.2 4.2
      vertex 51.7956 109.782 4.2
    endloop
  endfacet
  facet normal 0 0 1
    outer loop
      vertex 52.188 108.494 4.2
      vertex 51.417 108.043 4.2
      vertex 52.0905 107.789 4.2
    endloop
  endfacet
  facet normal 0 0 1
    outer loop
      vertex 51.197 107.673 4.2
      vertex 52.0905 107.789 4.2
      vertex 51.417 108.043 4.2
    endloop
  endfacet
  facet normal 0 0 1
    outer loop
      vertex 52.0905 107.789 4.2
      vertex 51.197 107.673 4.2
      vertex 51.7977 107.211 4.2
    endloop
  endfacet
  facet normal 0 0 1
    outer loop
      vertex 51.7977 107.211 4.2
      vertex 51.197 107.673 4.2
      vertex 51.3099 106.761 4.2
    endloop
  endfacet
  facet normal -0 0 1
    outer loop
      vertex 50.8305 107.395 4.2
      vertex 51.3099 106.761 4.2
      vertex 51.197 107.673 4.2
    endloop
  endfacet
  facet normal 0 0 1
    outer loop
      vertex 50.8305 107.395 4.2
      vertex 50.6348 106.44 4.2
      vertex 51.3099 106.761 4.2
    endloop
  endfacet
  facet normal -0 0 1
    outer loop
      vertex 50.3057 107.201 4.2
      vertex 50.6348 106.44 4.2
      vertex 50.8305 107.395 4.2
    endloop
  endfacet
  facet normal 0 0 1
    outer loop
      vertex 50.3057 107.201 4.2
      vertex 49.7803 106.247 4.2
      vertex 50.6348 106.44 4.2
    endloop
  endfacet
  facet normal -0 0 1
    outer loop
      vertex 49.611 107.085 4.2
      vertex 49.7803 106.247 4.2
      vertex 50.3057 107.201 4.2
    endloop
  endfacet
  facet normal 0 0 1
    outer loop
      vertex 48.7466 106.182 4.2
      vertex 49.611 107.085 4.2
      vertex 48.7466 107.046 4.2
    endloop
  endfacet
  facet normal 0 0 1
    outer loop
      vertex 49.611 107.085 4.2
      vertex 48.7466 106.182 4.2
      vertex 49.7803 106.247 4.2
    endloop
  endfacet
  facet normal 0 0 1
    outer loop
      vertex 47.8605 107.084 4.2
      vertex 48.7466 106.182 4.2
      vertex 48.7466 107.046 4.2
    endloop
  endfacet
  facet normal 0 0 1
    outer loop
      vertex 47.8605 107.084 4.2
      vertex 47.6938 106.245 4.2
      vertex 48.7466 106.182 4.2
    endloop
  endfacet
  facet normal 0 0 1
    outer loop
      vertex 47.158 107.199 4.2
      vertex 47.6938 106.245 4.2
      vertex 47.8605 107.084 4.2
    endloop
  endfacet
  facet normal 0 0 1
    outer loop
      vertex 47.158 107.199 4.2
      vertex 46.8331 106.432 4.2
      vertex 47.6938 106.245 4.2
    endloop
  endfacet
  facet normal 0 0 1
    outer loop
      vertex 46.639 107.39 4.2
      vertex 46.8331 106.432 4.2
      vertex 47.158 107.199 4.2
    endloop
  endfacet
  facet normal 0 0 1
    outer loop
      vertex 46.1643 106.745 4.2
      vertex 46.639 107.39 4.2
      vertex 46.283 107.669 4.2
    endloop
  endfacet
  facet normal 0 0 1
    outer loop
      vertex 46.639 107.39 4.2
      vertex 46.1643 106.745 4.2
      vertex 46.8331 106.432 4.2
    endloop
  endfacet
  facet normal -0 0 1
    outer loop
      vertex 45.4006 107.785 4.2
      vertex 46.283 107.669 4.2
      vertex 46.0694 108.046 4.2
    endloop
  endfacet
  facet normal -0 0 1
    outer loop
      vertex 45.3051 108.522 4.2
      vertex 46.0694 108.046 4.2
      vertex 45.9982 108.522 4.2
    endloop
  endfacet
  facet normal 0 0 1
    outer loop
      vertex 45.3051 108.522 4.2
      vertex 46.0704 108.987 4.2
      vertex 45.4016 109.242 4.2
    endloop
  endfacet
  facet normal 0 0 1
    outer loop
      vertex 46.0694 108.046 4.2
      vertex 45.3051 108.522 4.2
      vertex 45.4006 107.785 4.2
    endloop
  endfacet
  facet normal 0 0 1
    outer loop
      vertex 46.0704 108.987 4.2
      vertex 45.3051 108.522 4.2
      vertex 45.9982 108.522 4.2
    endloop
  endfacet
  facet normal 0 0 1
    outer loop
      vertex 46.283 107.669 4.2
      vertex 45.4006 107.785 4.2
      vertex 45.687 107.192 4.2
    endloop
  endfacet
  facet normal 0 0 1
    outer loop
      vertex 46.283 107.669 4.2
      vertex 45.687 107.192 4.2
      vertex 46.1643 106.745 4.2
    endloop
  endfacet
  facet normal 0 0 1
    outer loop
      vertex 52.188 103.228 4.2
      vertex 51.5101 103.663 4.2
      vertex 51.5473 103.237 4.2
    endloop
  endfacet
  facet normal 0 0 1
    outer loop
      vertex 51.9581 104.468 4.2
      vertex 51.3985 104.01 4.2
      vertex 51.5101 103.663 4.2
    endloop
  endfacet
  facet normal 0 0 1
    outer loop
      vertex 50.9454 104.467 4.2
      vertex 51.6707 104.918 4.2
      vertex 51.2804 105.245 4.2
    endloop
  endfacet
  facet normal 0 0 1
    outer loop
      vertex 51.9581 104.468 4.2
      vertex 51.2126 104.277 4.2
      vertex 51.3985 104.01 4.2
    endloop
  endfacet
  facet normal 0 0 1
    outer loop
      vertex 51.6707 104.918 4.2
      vertex 50.9454 104.467 4.2
      vertex 51.2126 104.277 4.2
    endloop
  endfacet
  facet normal 0 0 1
    outer loop
      vertex 50.5902 104.581 4.2
      vertex 51.2804 105.245 4.2
      vertex 50.7993 105.441 4.2
    endloop
  endfacet
  facet normal 0 0 1
    outer loop
      vertex 51.2804 105.245 4.2
      vertex 50.5902 104.581 4.2
      vertex 50.9454 104.467 4.2
    endloop
  endfacet
  facet normal 0 0 1
    outer loop
      vertex 50.2276 105.506 4.2
      vertex 50.5902 104.581 4.2
      vertex 50.7993 105.441 4.2
    endloop
  endfacet
  facet normal 0 0 1
    outer loop
      vertex 50.2276 105.506 4.2
      vertex 50.1469 104.619 4.2
      vertex 50.5902 104.581 4.2
    endloop
  endfacet
  facet normal -0 0 1
    outer loop
      vertex 49.8123 105.467 4.2
      vertex 50.1469 104.619 4.2
      vertex 50.2276 105.506 4.2
    endloop
  endfacet
  facet normal 0 0 1
    outer loop
      vertex 49.8123 105.467 4.2
      vertex 49.7663 104.578 4.2
      vertex 50.1469 104.619 4.2
    endloop
  endfacet
  facet normal -0 0 1
    outer loop
      vertex 49.446 105.348 4.2
      vertex 49.7663 104.578 4.2
      vertex 49.8123 105.467 4.2
    endloop
  endfacet
  facet normal -0 0 1
    outer loop
      vertex 49.1287 105.15 4.2
      vertex 49.7663 104.578 4.2
      vertex 49.446 105.348 4.2
    endloop
  endfacet
  facet normal 0 0 1
    outer loop
      vertex 49.7663 104.578 4.2
      vertex 49.1287 105.15 4.2
      vertex 49.4538 104.454 4.2
    endloop
  endfacet
  facet normal -0 0 1
    outer loop
      vertex 48.8731 104.881 4.2
      vertex 49.4538 104.454 4.2
      vertex 49.1287 105.15 4.2
    endloop
  endfacet
  facet normal 0 0 1
    outer loop
      vertex 49.4538 104.454 4.2
      vertex 48.8731 104.881 4.2
      vertex 49.2094 104.248 4.2
    endloop
  endfacet
  facet normal -0 0 1
    outer loop
      vertex 48.692 104.549 4.2
      vertex 49.2094 104.248 4.2
      vertex 48.8731 104.881 4.2
    endloop
  endfacet
  facet normal 0 0 1
    outer loop
      vertex 48.5852 104.154 4.2
      vertex 49.2094 104.248 4.2
      vertex 48.692 104.549 4.2
    endloop
  endfacet
  facet normal 0 0 1
    outer loop
      vertex 49.2094 104.248 4.2
      vertex 48.5852 104.154 4.2
      vertex 49.034 103.968 4.2
    endloop
  endfacet
  facet normal 0 0 1
    outer loop
      vertex 49.034 103.968 4.2
      vertex 48.5852 104.154 4.2
      vertex 48.9288 103.622 4.2
    endloop
  endfacet
  facet normal 0 -0 1
    outer loop
      vertex 48.697 101.912 4.2
      vertex 48.8937 103.209 4.2
      vertex 48.5947 102.279 4.2
    endloop
  endfacet
  facet normal -0 0 1
    outer loop
      vertex 48.5662 104.154 4.2
      vertex 48.9288 103.622 4.2
      vertex 48.5852 104.154 4.2
    endloop
  endfacet
  facet normal 0 0 1
    outer loop
      vertex 48.8937 103.209 4.2
      vertex 48.697 101.912 4.2
      vertex 48.8774 101.593 4.2
    endloop
  endfacet
  facet normal 0 0 1
    outer loop
      vertex 48.9288 103.622 4.2
      vertex 48.2221 103.588 4.2
      vertex 48.8937 103.209 4.2
    endloop
  endfacet
  facet normal 0 0 1
    outer loop
      vertex 48.2194 102.853 4.2
      vertex 48.8937 103.209 4.2
      vertex 48.2529 103.218 4.2
    endloop
  endfacet
  facet normal 0 0 1
    outer loop
      vertex 48.9288 103.622 4.2
      vertex 48.5662 104.154 4.2
      vertex 48.2221 103.588 4.2
    endloop
  endfacet
  facet normal 0 0 1
    outer loop
      vertex 47.9752 104.137 4.2
      vertex 48.5662 104.154 4.2
      vertex 48.4581 104.495 4.2
    endloop
  endfacet
  facet normal 0 0 1
    outer loop
      vertex 48.8937 103.209 4.2
      vertex 48.2194 102.853 4.2
      vertex 48.5947 102.279 4.2
    endloop
  endfacet
  facet normal 0 0 1
    outer loop
      vertex 47.9752 104.137 4.2
      vertex 48.4581 104.495 4.2
      vertex 48.2793 104.784 4.2
    endloop
  endfacet
  facet normal 0 0 1
    outer loop
      vertex 48.5947 102.279 4.2
      vertex 48.2194 102.853 4.2
      vertex 48.5757 102.279 4.2
    endloop
  endfacet
  facet normal -0 0 1
    outer loop
      vertex 48.119 102.546 4.2
      vertex 48.5757 102.279 4.2
      vertex 48.2194 102.853 4.2
    endloop
  endfacet
  facet normal 0 0 1
    outer loop
      vertex 48.8937 103.209 4.2
      vertex 48.2221 103.588 4.2
      vertex 48.2529 103.218 4.2
    endloop
  endfacet
  facet normal 0 0 1
    outer loop
      vertex 48.5662 104.154 4.2
      vertex 48.1295 103.895 4.2
      vertex 48.2221 103.588 4.2
    endloop
  endfacet
  facet normal 0 0 1
    outer loop
      vertex 47.7519 104.312 4.2
      vertex 48.2793 104.784 4.2
      vertex 48.0299 105.022 4.2
    endloop
  endfacet
  facet normal 0 0 1
    outer loop
      vertex 48.5662 104.154 4.2
      vertex 47.9752 104.137 4.2
      vertex 48.1295 103.895 4.2
    endloop
  endfacet
  facet normal 0 0 1
    outer loop
      vertex 48.2793 104.784 4.2
      vertex 47.7519 104.312 4.2
      vertex 47.9752 104.137 4.2
    endloop
  endfacet
  facet normal 0 0 1
    outer loop
      vertex 47.452 104.418 4.2
      vertex 48.0299 105.022 4.2
      vertex 47.7286 105.199 4.2
    endloop
  endfacet
  facet normal 0 0 1
    outer loop
      vertex 48.0299 105.022 4.2
      vertex 47.452 104.418 4.2
      vertex 47.7519 104.312 4.2
    endloop
  endfacet
  facet normal 0 0 1
    outer loop
      vertex 47.3948 105.305 4.2
      vertex 47.452 104.418 4.2
      vertex 47.7286 105.199 4.2
    endloop
  endfacet
  facet normal 0 0 1
    outer loop
      vertex 47.3948 105.305 4.2
      vertex 47.0757 104.453 4.2
      vertex 47.452 104.418 4.2
    endloop
  endfacet
  facet normal 0 0 1
    outer loop
      vertex 47.0282 105.34 4.2
      vertex 47.0757 104.453 4.2
      vertex 47.3948 105.305 4.2
    endloop
  endfacet
  facet normal -0 0 1
    outer loop
      vertex 46.5361 105.277 4.2
      vertex 47.0757 104.453 4.2
      vertex 47.0282 105.34 4.2
    endloop
  endfacet
  facet normal 0 0 1
    outer loop
      vertex 46.5361 105.277 4.2
      vertex 46.4454 104.314 4.2
      vertex 47.0757 104.453 4.2
    endloop
  endfacet
  facet normal -0 0 1
    outer loop
      vertex 46.1168 105.086 4.2
      vertex 46.4454 104.314 4.2
      vertex 46.5361 105.277 4.2
    endloop
  endfacet
  facet normal -0 0 1
    outer loop
      vertex 45.7703 104.768 4.2
      vertex 46.4454 104.314 4.2
      vertex 46.1168 105.086 4.2
    endloop
  endfacet
  facet normal 0 0 1
    outer loop
      vertex 46.4454 104.314 4.2
      vertex 45.7703 104.768 4.2
      vertex 46.0672 103.9 4.2
    endloop
  endfacet
  facet normal -0 0 1
    outer loop
      vertex 45.5119 104.341 4.2
      vertex 46.0672 103.9 4.2
      vertex 45.7703 104.768 4.2
    endloop
  endfacet
  facet normal 0 0 1
    outer loop
      vertex 45.3568 103.821 4.2
      vertex 46.0672 103.9 4.2
      vertex 45.5119 104.341 4.2
    endloop
  endfacet
  facet normal 0 -0 1
    outer loop
      vertex 45.3578 102.61 4.2
      vertex 45.9412 103.209 4.2
      vertex 45.3051 103.209 4.2
    endloop
  endfacet
  facet normal 0 0 1
    outer loop
      vertex 46.0672 103.9 4.2
      vertex 45.3568 103.821 4.2
      vertex 45.9412 103.209 4.2
    endloop
  endfacet
  facet normal 0 -0 1
    outer loop
      vertex 45.5161 102.098 4.2
      vertex 45.9412 103.209 4.2
      vertex 45.3578 102.61 4.2
    endloop
  endfacet
  facet normal 0 0 1
    outer loop
      vertex 45.9412 103.209 4.2
      vertex 45.3568 103.821 4.2
      vertex 45.3051 103.209 4.2
    endloop
  endfacet
  facet normal 0 0 1
    outer loop
      vertex 45.9412 103.209 4.2
      vertex 45.5161 102.098 4.2
      vertex 45.7798 101.673 4.2
    endloop
  endfacet
  facet normal -0 0 1
    outer loop
      vertex 51.5101 103.663 4.2
      vertex 52.188 103.228 4.2
      vertex 52.1306 103.905 4.2
    endloop
  endfacet
  facet normal 0 0 1
    outer loop
      vertex 52.188 103.228 4.2
      vertex 51.5473 103.237 4.2
      vertex 52.1316 102.565 4.2
    endloop
  endfacet
  facet normal 0 0 1
    outer loop
      vertex 51.5101 103.663 4.2
      vertex 52.1306 103.905 4.2
      vertex 51.9581 104.468 4.2
    endloop
  endfacet
  facet normal 0 0 1
    outer loop
      vertex 51.3938 102.454 4.2
      vertex 52.1316 102.565 4.2
      vertex 51.5473 103.237 4.2
    endloop
  endfacet
  facet normal 0 0 1
    outer loop
      vertex 51.2126 104.277 4.2
      vertex 51.9581 104.468 4.2
      vertex 51.6707 104.918 4.2
    endloop
  endfacet
  facet normal 0 0 1
    outer loop
      vertex 52.1316 102.565 4.2
      vertex 51.3938 102.454 4.2
      vertex 51.9623 102.005 4.2
    endloop
  endfacet
  facet normal 0 0 1
    outer loop
      vertex 51.9623 102.005 4.2
      vertex 51.3938 102.454 4.2
      vertex 51.6801 101.55 4.2
    endloop
  endfacet
  facet normal -0 0 1
    outer loop
      vertex 50.9333 101.984 4.2
      vertex 51.6801 101.55 4.2
      vertex 51.3938 102.454 4.2
    endloop
  endfacet
  facet normal 0 0 1
    outer loop
      vertex 51.6801 101.55 4.2
      vertex 50.9333 101.984 4.2
      vertex 51.294 101.214 4.2
    endloop
  endfacet
  facet normal 0 0 1
    outer loop
      vertex 50.9333 101.984 4.2
      vertex 50.813 101.012 4.2
      vertex 51.294 101.214 4.2
    endloop
  endfacet
  facet normal -0 0 1
    outer loop
      vertex 50.1659 101.828 4.2
      vertex 50.813 101.012 4.2
      vertex 50.9333 101.984 4.2
    endloop
  endfacet
  facet normal 0 0 1
    outer loop
      vertex 50.813 101.012 4.2
      vertex 50.1659 101.828 4.2
      vertex 50.2371 100.945 4.2
    endloop
  endfacet
  facet normal 0 0 1
    outer loop
      vertex 50.1659 101.828 4.2
      vertex 49.8236 100.986 4.2
      vertex 50.2371 100.945 4.2
    endloop
  endfacet
  facet normal 0 0 1
    outer loop
      vertex 49.7985 101.868 4.2
      vertex 49.8236 100.986 4.2
      vertex 50.1659 101.828 4.2
    endloop
  endfacet
  facet normal 0 0 1
    outer loop
      vertex 49.1358 101.32 4.2
      vertex 49.7985 101.868 4.2
      vertex 49.4876 101.99 4.2
    endloop
  endfacet
  facet normal 0 0 1
    outer loop
      vertex 49.7985 101.868 4.2
      vertex 49.4565 101.111 4.2
      vertex 49.8236 100.986 4.2
    endloop
  endfacet
  facet normal 0 0 1
    outer loop
      vertex 48.8774 101.593 4.2
      vertex 49.4876 101.99 4.2
      vertex 49.2331 102.193 4.2
    endloop
  endfacet
  facet normal 0 0 1
    outer loop
      vertex 49.7985 101.868 4.2
      vertex 49.1358 101.32 4.2
      vertex 49.4565 101.111 4.2
    endloop
  endfacet
  facet normal 0 0 1
    outer loop
      vertex 48.8774 101.593 4.2
      vertex 49.2331 102.193 4.2
      vertex 49.0446 102.468 4.2
    endloop
  endfacet
  facet normal 0 0 1
    outer loop
      vertex 48.8774 101.593 4.2
      vertex 49.0446 102.468 4.2
      vertex 48.9314 102.807 4.2
    endloop
  endfacet
  facet normal 0 0 1
    outer loop
      vertex 49.4876 101.99 4.2
      vertex 48.8774 101.593 4.2
      vertex 49.1358 101.32 4.2
    endloop
  endfacet
  facet normal 0 0 1
    outer loop
      vertex 48.8774 101.593 4.2
      vertex 48.9314 102.807 4.2
      vertex 48.8937 103.209 4.2
    endloop
  endfacet
  facet normal -0 0 1
    outer loop
      vertex 47.9515 102.3 4.2
      vertex 48.5757 102.279 4.2
      vertex 48.119 102.546 4.2
    endloop
  endfacet
  facet normal 0 0 1
    outer loop
      vertex 48.5757 102.279 4.2
      vertex 47.9515 102.3 4.2
      vertex 48.457 101.94 4.2
    endloop
  endfacet
  facet normal 0 0 1
    outer loop
      vertex 48.457 101.94 4.2
      vertex 47.9515 102.3 4.2
      vertex 48.2719 101.653 4.2
    endloop
  endfacet
  facet normal -0 0 1
    outer loop
      vertex 47.7202 102.119 4.2
      vertex 48.2719 101.653 4.2
      vertex 47.9515 102.3 4.2
    endloop
  endfacet
  facet normal 0 0 1
    outer loop
      vertex 48.2719 101.653 4.2
      vertex 47.7202 102.119 4.2
      vertex 48.0203 101.417 4.2
    endloop
  endfacet
  facet normal -0 0 1
    outer loop
      vertex 47.4283 102.011 4.2
      vertex 48.0203 101.417 4.2
      vertex 47.7202 102.119 4.2
    endloop
  endfacet
  facet normal 0 0 1
    outer loop
      vertex 48.0203 101.417 4.2
      vertex 47.4283 102.011 4.2
      vertex 47.7192 101.242 4.2
    endloop
  endfacet
  facet normal 0 0 1
    outer loop
      vertex 47.4283 102.011 4.2
      vertex 47.3853 101.136 4.2
      vertex 47.7192 101.242 4.2
    endloop
  endfacet
  facet normal -0 0 1
    outer loop
      vertex 47.0757 101.975 4.2
      vertex 47.3853 101.136 4.2
      vertex 47.4283 102.011 4.2
    endloop
  endfacet
  facet normal 0 0 1
    outer loop
      vertex 47.0757 101.975 4.2
      vertex 47.0187 101.101 4.2
      vertex 47.3853 101.136 4.2
    endloop
  endfacet
  facet normal 0 0 1
    outer loop
      vertex 46.7302 102.01 4.2
      vertex 47.0187 101.101 4.2
      vertex 47.0757 101.975 4.2
    endloop
  endfacet
  facet normal 0 0 1
    outer loop
      vertex 46.7302 102.01 4.2
      vertex 46.5414 101.165 4.2
      vertex 47.0187 101.101 4.2
    endloop
  endfacet
  facet normal 0 0 1
    outer loop
      vertex 46.1285 101.356 4.2
      vertex 46.7302 102.01 4.2
      vertex 46.447 102.115 4.2
    endloop
  endfacet
  facet normal 0 0 1
    outer loop
      vertex 45.7798 101.673 4.2
      vertex 46.447 102.115 4.2
      vertex 46.226 102.29 4.2
    endloop
  endfacet
  facet normal 0 0 1
    outer loop
      vertex 46.7302 102.01 4.2
      vertex 46.1285 101.356 4.2
      vertex 46.5414 101.165 4.2
    endloop
  endfacet
  facet normal 0 0 1
    outer loop
      vertex 45.7798 101.673 4.2
      vertex 46.226 102.29 4.2
      vertex 46.0678 102.533 4.2
    endloop
  endfacet
  facet normal 0 0 1
    outer loop
      vertex 45.7798 101.673 4.2
      vertex 46.0678 102.533 4.2
      vertex 45.9728 102.839 4.2
    endloop
  endfacet
  facet normal 0 0 1
    outer loop
      vertex 46.447 102.115 4.2
      vertex 45.7798 101.673 4.2
      vertex 46.1285 101.356 4.2
    endloop
  endfacet
  facet normal 0 0 1
    outer loop
      vertex 45.7798 101.673 4.2
      vertex 45.9728 102.839 4.2
      vertex 45.9412 103.209 4.2
    endloop
  endfacet
  facet normal -0 0 1
    outer loop
      vertex 51.4238 64.4532 4.2
      vertex 52.188 63.9853 4.2
      vertex 52.0852 64.7013 4.2
    endloop
  endfacet
  facet normal 0 0 1
    outer loop
      vertex 52.188 63.9853 4.2
      vertex 51.4997 63.9996 4.2
      vertex 52.1514 63.4977 4.2
    endloop
  endfacet
  facet normal 0 0 1
    outer loop
      vertex 51.4069 63.4859 4.2
      vertex 52.1514 63.4977 4.2
      vertex 51.4997 63.9996 4.2
    endloop
  endfacet
  facet normal -0 0 1
    outer loop
      vertex 51.1959 64.833 4.2
      vertex 52.0852 64.7013 4.2
      vertex 51.7767 65.2986 4.2
    endloop
  endfacet
  facet normal 0 0 1
    outer loop
      vertex 52.1514 63.4977 4.2
      vertex 51.4069 63.4859 4.2
      vertex 52.0414 63.0792 4.2
    endloop
  endfacet
  facet normal 0 0 1
    outer loop
      vertex 52.0414 63.0792 4.2
      vertex 51.4069 63.4859 4.2
      vertex 51.8581 62.7298 4.2
    endloop
  endfacet
  facet normal 0 0 1
    outer loop
      vertex 52.188 63.9853 4.2
      vertex 51.4238 64.4532 4.2
      vertex 51.4997 63.9996 4.2
    endloop
  endfacet
  facet normal 0 0 1
    outer loop
      vertex 51.1959 64.833 4.2
      vertex 51.7767 65.2986 4.2
      vertex 51.2624 65.7773 4.2
    endloop
  endfacet
  facet normal 0 0 1
    outer loop
      vertex 52.0852 64.7013 4.2
      vertex 51.1959 64.833 4.2
      vertex 51.4238 64.4532 4.2
    endloop
  endfacet
  facet normal 0 0 1
    outer loop
      vertex 51.2624 65.7773 4.2
      vertex 50.8162 65.1389 4.2
      vertex 51.1959 64.833 4.2
    endloop
  endfacet
  facet normal 0 0 1
    outer loop
      vertex 50.5567 66.1267 4.2
      vertex 50.8162 65.1389 4.2
      vertex 51.2624 65.7773 4.2
    endloop
  endfacet
  facet normal 0 0 1
    outer loop
      vertex 50.5567 66.1267 4.2
      vertex 50.2956 65.3651 4.2
      vertex 50.8162 65.1389 4.2
    endloop
  endfacet
  facet normal 0 0 1
    outer loop
      vertex 49.6453 65.5059 4.2
      vertex 50.5567 66.1267 4.2
      vertex 49.6738 66.3364 4.2
    endloop
  endfacet
  facet normal 0 0 1
    outer loop
      vertex 50.5567 66.1267 4.2
      vertex 49.6453 65.5059 4.2
      vertex 50.2956 65.3651 4.2
    endloop
  endfacet
  facet normal 0 0 1
    outer loop
      vertex 49.6738 66.3364 4.2
      vertex 48.8652 65.5613 4.2
      vertex 49.6453 65.5059 4.2
    endloop
  endfacet
  facet normal 0 0 1
    outer loop
      vertex 49.1313 65.4047 4.2
      vertex 48.6804 65.1562 4.2
      vertex 48.8394 64.9893 4.2
    endloop
  endfacet
  facet normal 0 0 1
    outer loop
      vertex 48.6136 66.4063 4.2
      vertex 48.8652 65.5613 4.2
      vertex 49.6738 66.3364 4.2
    endloop
  endfacet
  facet normal 0 0 1
    outer loop
      vertex 48.275 65.3946 4.2
      vertex 48.8652 65.5613 4.2
      vertex 48.6136 66.4063 4.2
    endloop
  endfacet
  facet normal 0 0 1
    outer loop
      vertex 48.8652 65.5613 4.2
      vertex 48.4902 65.2931 4.2
      vertex 48.6804 65.1562 4.2
    endloop
  endfacet
  facet normal 0 0 1
    outer loop
      vertex 48.8652 65.5613 4.2
      vertex 48.275 65.3946 4.2
      vertex 48.4902 65.2931 4.2
    endloop
  endfacet
  facet normal 0 0 1
    outer loop
      vertex 48.6136 66.4063 4.2
      vertex 48.0409 65.4555 4.2
      vertex 48.275 65.3946 4.2
    endloop
  endfacet
  facet normal -0 0 1
    outer loop
      vertex 47.6015 66.3425 4.2
      vertex 48.0409 65.4555 4.2
      vertex 48.6136 66.4063 4.2
    endloop
  endfacet
  facet normal 0 0 1
    outer loop
      vertex 48.0409 65.4555 4.2
      vertex 47.6015 66.3425 4.2
      vertex 47.7877 65.4758 4.2
    endloop
  endfacet
  facet normal 0 0 1
    outer loop
      vertex 47.6015 66.3425 4.2
      vertex 47.2848 65.4347 4.2
      vertex 47.7877 65.4758 4.2
    endloop
  endfacet
  facet normal -0 0 1
    outer loop
      vertex 46.774 66.151 4.2
      vertex 47.2848 65.4347 4.2
      vertex 47.6015 66.3425 4.2
    endloop
  endfacet
  facet normal 0 0 1
    outer loop
      vertex 47.2848 65.4347 4.2
      vertex 46.774 66.151 4.2
      vertex 46.8521 65.3113 4.2
    endloop
  endfacet
  facet normal -0 0 1
    outer loop
      vertex 46.1311 65.8319 4.2
      vertex 46.8521 65.3113 4.2
      vertex 46.774 66.151 4.2
    endloop
  endfacet
  facet normal 0 0 1
    outer loop
      vertex 46.8521 65.3113 4.2
      vertex 46.1311 65.8319 4.2
      vertex 46.4895 65.1056 4.2
    endloop
  endfacet
  facet normal -0 0 1
    outer loop
      vertex 45.6722 65.3888 4.2
      vertex 46.4895 65.1056 4.2
      vertex 46.1311 65.8319 4.2
    endloop
  endfacet
  facet normal 0 0 1
    outer loop
      vertex 46.4895 65.1056 4.2
      vertex 45.6722 65.3888 4.2
      vertex 46.2165 64.8308 4.2
    endloop
  endfacet
  facet normal 0 0 1
    outer loop
      vertex 45.3969 64.8255 4.2
      vertex 46.2165 64.8308 4.2
      vertex 45.6722 65.3888 4.2
    endloop
  endfacet
  facet normal 0 0 1
    outer loop
      vertex 46.2165 64.8308 4.2
      vertex 45.3969 64.8255 4.2
      vertex 46.0528 64.5001 4.2
    endloop
  endfacet
  facet normal 0 0 1
    outer loop
      vertex 45.3051 64.142 4.2
      vertex 46.0528 64.5001 4.2
      vertex 45.3969 64.8255 4.2
    endloop
  endfacet
  facet normal 0 -0 1
    outer loop
      vertex 45.3718 63.4938 4.2
      vertex 45.9982 64.1135 4.2
      vertex 45.3051 64.142 4.2
    endloop
  endfacet
  facet normal 0 0 1
    outer loop
      vertex 46.0528 64.5001 4.2
      vertex 45.3051 64.142 4.2
      vertex 45.9982 64.1135 4.2
    endloop
  endfacet
  facet normal 0 -0 1
    outer loop
      vertex 45.572 62.9479 4.2
      vertex 45.9982 64.1135 4.2
      vertex 45.3718 63.4938 4.2
    endloop
  endfacet
  facet normal 0 0 1
    outer loop
      vertex 45.9982 64.1135 4.2
      vertex 45.572 62.9479 4.2
      vertex 45.9056 62.5043 4.2
    endloop
  endfacet
  facet normal -0 0 1
    outer loop
      vertex 51.1284 63.1093 4.2
      vertex 51.8581 62.7298 4.2
      vertex 51.4069 63.4859 4.2
    endloop
  endfacet
  facet normal 0 0 1
    outer loop
      vertex 51.8581 62.7298 4.2
      vertex 51.1284 63.1093 4.2
      vertex 51.5931 62.4447 4.2
    endloop
  endfacet
  facet normal 0 0 1
    outer loop
      vertex 51.5931 62.4447 4.2
      vertex 51.1284 63.1093 4.2
      vertex 51.2379 62.2193 4.2
    endloop
  endfacet
  facet normal -0 0 1
    outer loop
      vertex 50.6643 62.8698 4.2
      vertex 51.2379 62.2193 4.2
      vertex 51.1284 63.1093 4.2
    endloop
  endfacet
  facet normal 0 0 1
    outer loop
      vertex 51.2379 62.2193 4.2
      vertex 50.6643 62.8698 4.2
      vertex 50.7925 62.0534 4.2
    endloop
  endfacet
  facet normal -0 0 1
    outer loop
      vertex 49.1358 64.104 4.2
      vertex 49.8099 63.8999 4.2
      vertex 49.7811 64.257 4.2
    endloop
  endfacet
  facet normal -0 0 1
    outer loop
      vertex 49.1171 64.3451 4.2
      vertex 49.7811 64.257 4.2
      vertex 49.6949 64.594 4.2
    endloop
  endfacet
  facet normal 0 0 1
    outer loop
      vertex 49.0609 64.5745 4.2
      vertex 49.6949 64.594 4.2
      vertex 49.5512 64.911 4.2
    endloop
  endfacet
  facet normal 0 0 1
    outer loop
      vertex 49.8099 63.8999 4.2
      vertex 49.1358 64.104 4.2
      vertex 49.0886 63.7269 4.2
    endloop
  endfacet
  facet normal 0 0 1
    outer loop
      vertex 48.9673 64.7923 4.2
      vertex 49.5512 64.911 4.2
      vertex 49.36 65.1879 4.2
    endloop
  endfacet
  facet normal 0 0 1
    outer loop
      vertex 49.8099 63.8999 4.2
      vertex 49.0886 63.7269 4.2
      vertex 49.7413 63.3387 4.2
    endloop
  endfacet
  facet normal -0 0 1
    outer loop
      vertex 48.947 63.4057 4.2
      vertex 49.7413 63.3387 4.2
      vertex 49.0886 63.7269 4.2
    endloop
  endfacet
  facet normal 0 0 1
    outer loop
      vertex 48.8394 64.9893 4.2
      vertex 49.36 65.1879 4.2
      vertex 49.1313 65.4047 4.2
    endloop
  endfacet
  facet normal 0 0 1
    outer loop
      vertex 49.7811 64.257 4.2
      vertex 49.1171 64.3451 4.2
      vertex 49.1358 64.104 4.2
    endloop
  endfacet
  facet normal 0 0 1
    outer loop
      vertex 49.6949 64.594 4.2
      vertex 49.0609 64.5745 4.2
      vertex 49.1171 64.3451 4.2
    endloop
  endfacet
  facet normal 0 0 1
    outer loop
      vertex 49.5512 64.911 4.2
      vertex 48.9673 64.7923 4.2
      vertex 49.0609 64.5745 4.2
    endloop
  endfacet
  facet normal 0 0 1
    outer loop
      vertex 48.6804 65.1562 4.2
      vertex 49.1313 65.4047 4.2
      vertex 48.8652 65.5613 4.2
    endloop
  endfacet
  facet normal 0 0 1
    outer loop
      vertex 49.36 65.1879 4.2
      vertex 48.8394 64.9893 4.2
      vertex 48.9673 64.7923 4.2
    endloop
  endfacet
  facet normal 0 0 1
    outer loop
      vertex 49.7413 63.3387 4.2
      vertex 48.947 63.4057 4.2
      vertex 49.5356 62.8577 4.2
    endloop
  endfacet
  facet normal -0 0 1
    outer loop
      vertex 48.711 63.1404 4.2
      vertex 49.5356 62.8577 4.2
      vertex 48.947 63.4057 4.2
    endloop
  endfacet
  facet normal 0 0 1
    outer loop
      vertex 49.5356 62.8577 4.2
      vertex 48.711 63.1404 4.2
      vertex 49.1928 62.4568 4.2
    endloop
  endfacet
  facet normal -0 0 1
    outer loop
      vertex 48.3937 62.9426 4.2
      vertex 49.1928 62.4568 4.2
      vertex 48.711 63.1404 4.2
    endloop
  endfacet
  facet normal 0 0 1
    outer loop
      vertex 49.1928 62.4568 4.2
      vertex 48.3937 62.9426 4.2
      vertex 48.7366 62.1562 4.2
    endloop
  endfacet
  facet normal 0 0 1
    outer loop
      vertex 48.3937 62.9426 4.2
      vertex 48.1907 61.9758 4.2
      vertex 48.7366 62.1562 4.2
    endloop
  endfacet
  facet normal -0 0 1
    outer loop
      vertex 48.0084 62.824 4.2
      vertex 48.1907 61.9758 4.2
      vertex 48.3937 62.9426 4.2
    endloop
  endfacet
  facet normal 0 0 1
    outer loop
      vertex 47.5551 61.9157 4.2
      vertex 48.0084 62.824 4.2
      vertex 47.5551 62.7844 4.2
    endloop
  endfacet
  facet normal 0 0 1
    outer loop
      vertex 48.0084 62.824 4.2
      vertex 47.5551 61.9157 4.2
      vertex 48.1907 61.9758 4.2
    endloop
  endfacet
  facet normal 0 0 1
    outer loop
      vertex 47.1102 62.824 4.2
      vertex 47.5551 61.9157 4.2
      vertex 47.5551 62.7844 4.2
    endloop
  endfacet
  facet normal 0 0 1
    outer loop
      vertex 47.1102 62.824 4.2
      vertex 46.9056 61.9811 4.2
      vertex 47.5551 61.9157 4.2
    endloop
  endfacet
  facet normal 0 0 1
    outer loop
      vertex 46.7313 62.9426 4.2
      vertex 46.9056 61.9811 4.2
      vertex 47.1102 62.824 4.2
    endloop
  endfacet
  facet normal 0 0 1
    outer loop
      vertex 45.9056 62.5043 4.2
      vertex 46.7313 62.9426 4.2
      vertex 46.4183 63.1404 4.2
    endloop
  endfacet
  facet normal 0 0 1
    outer loop
      vertex 46.7313 62.9426 4.2
      vertex 46.3558 62.1773 4.2
      vertex 46.9056 61.9811 4.2
    endloop
  endfacet
  facet normal 0 0 1
    outer loop
      vertex 45.9056 62.5043 4.2
      vertex 46.4183 63.1404 4.2
      vertex 46.1849 63.4068 4.2
    endloop
  endfacet
  facet normal 0 0 1
    outer loop
      vertex 45.9056 62.5043 4.2
      vertex 46.1849 63.4068 4.2
      vertex 46.0448 63.7311 4.2
    endloop
  endfacet
  facet normal 0 0 1
    outer loop
      vertex 46.7313 62.9426 4.2
      vertex 45.9056 62.5043 4.2
      vertex 46.3558 62.1773 4.2
    endloop
  endfacet
  facet normal 0 0 1
    outer loop
      vertex 45.9056 62.5043 4.2
      vertex 46.0448 63.7311 4.2
      vertex 45.9982 64.1135 4.2
    endloop
  endfacet
  facet normal 0 0 1
    outer loop
      vertex 52.188 56.2476 4.2
      vertex 51.5101 56.6827 4.2
      vertex 51.5473 56.2571 4.2
    endloop
  endfacet
  facet normal 0 0 1
    outer loop
      vertex 51.9581 57.4881 4.2
      vertex 51.3985 57.0292 4.2
      vertex 51.5101 56.6827 4.2
    endloop
  endfacet
  facet normal 0 0 1
    outer loop
      vertex 50.9454 57.4865 4.2
      vertex 51.6707 57.9375 4.2
      vertex 51.2804 58.2645 4.2
    endloop
  endfacet
  facet normal 0 0 1
    outer loop
      vertex 51.9581 57.4881 4.2
      vertex 51.2126 57.2966 4.2
      vertex 51.3985 57.0292 4.2
    endloop
  endfacet
  facet normal 0 0 1
    outer loop
      vertex 51.6707 57.9375 4.2
      vertex 50.9454 57.4865 4.2
      vertex 51.2126 57.2966 4.2
    endloop
  endfacet
  facet normal 0 0 1
    outer loop
      vertex 50.5902 57.6004 4.2
      vertex 51.2804 58.2645 4.2
      vertex 50.7993 58.4607 4.2
    endloop
  endfacet
  facet normal 0 0 1
    outer loop
      vertex 51.2804 58.2645 4.2
      vertex 50.5902 57.6004 4.2
      vertex 50.9454 57.4865 4.2
    endloop
  endfacet
  facet normal 0 0 1
    outer loop
      vertex 50.2276 58.5261 4.2
      vertex 50.5902 57.6004 4.2
      vertex 50.7993 58.4607 4.2
    endloop
  endfacet
  facet normal 0 0 1
    outer loop
      vertex 50.2276 58.5261 4.2
      vertex 50.1469 57.6384 4.2
      vertex 50.5902 57.6004 4.2
    endloop
  endfacet
  facet normal -0 0 1
    outer loop
      vertex 49.8123 58.4865 4.2
      vertex 50.1469 57.6384 4.2
      vertex 50.2276 58.5261 4.2
    endloop
  endfacet
  facet normal 0 0 1
    outer loop
      vertex 49.8123 58.4865 4.2
      vertex 49.7663 57.5973 4.2
      vertex 50.1469 57.6384 4.2
    endloop
  endfacet
  facet normal -0 0 1
    outer loop
      vertex 49.446 58.3679 4.2
      vertex 49.7663 57.5973 4.2
      vertex 49.8123 58.4865 4.2
    endloop
  endfacet
  facet normal -0 0 1
    outer loop
      vertex 49.1287 58.1701 4.2
      vertex 49.7663 57.5973 4.2
      vertex 49.446 58.3679 4.2
    endloop
  endfacet
  facet normal 0 0 1
    outer loop
      vertex 49.7663 57.5973 4.2
      vertex 49.1287 58.1701 4.2
      vertex 49.4538 57.4738 4.2
    endloop
  endfacet
  facet normal -0 0 1
    outer loop
      vertex 48.8731 57.9011 4.2
      vertex 49.4538 57.4738 4.2
      vertex 49.1287 58.1701 4.2
    endloop
  endfacet
  facet normal 0 0 1
    outer loop
      vertex 49.4538 57.4738 4.2
      vertex 48.8731 57.9011 4.2
      vertex 49.2094 57.2681 4.2
    endloop
  endfacet
  facet normal -0 0 1
    outer loop
      vertex 48.692 57.5688 4.2
      vertex 49.2094 57.2681 4.2
      vertex 48.8731 57.9011 4.2
    endloop
  endfacet
  facet normal 0 0 1
    outer loop
      vertex 48.5852 57.1733 4.2
      vertex 49.2094 57.2681 4.2
      vertex 48.692 57.5688 4.2
    endloop
  endfacet
  facet normal 0 0 1
    outer loop
      vertex 49.2094 57.2681 4.2
      vertex 48.5852 57.1733 4.2
      vertex 49.034 56.9881 4.2
    endloop
  endfacet
  facet normal 0 0 1
    outer loop
      vertex 49.034 56.9881 4.2
      vertex 48.5852 57.1733 4.2
      vertex 48.9288 56.6416 4.2
    endloop
  endfacet
  facet normal 0 -0 1
    outer loop
      vertex 48.697 54.9322 4.2
      vertex 48.8937 56.2286 4.2
      vertex 48.5947 55.2982 4.2
    endloop
  endfacet
  facet normal -0 0 1
    outer loop
      vertex 48.5662 57.1733 4.2
      vertex 48.9288 56.6416 4.2
      vertex 48.5852 57.1733 4.2
    endloop
  endfacet
  facet normal 0 0 1
    outer loop
      vertex 48.8937 56.2286 4.2
      vertex 48.697 54.9322 4.2
      vertex 48.8774 54.6126 4.2
    endloop
  endfacet
  facet normal 0 0 1
    outer loop
      vertex 48.9288 56.6416 4.2
      vertex 48.2221 56.6081 4.2
      vertex 48.8937 56.2286 4.2
    endloop
  endfacet
  facet normal 0 0 1
    outer loop
      vertex 48.2194 55.8724 4.2
      vertex 48.8937 56.2286 4.2
      vertex 48.2529 56.2381 4.2
    endloop
  endfacet
  facet normal 0 0 1
    outer loop
      vertex 48.9288 56.6416 4.2
      vertex 48.5662 57.1733 4.2
      vertex 48.2221 56.6081 4.2
    endloop
  endfacet
  facet normal 0 0 1
    outer loop
      vertex 47.9752 57.1566 4.2
      vertex 48.5662 57.1733 4.2
      vertex 48.4581 57.5145 4.2
    endloop
  endfacet
  facet normal 0 0 1
    outer loop
      vertex 48.8937 56.2286 4.2
      vertex 48.2194 55.8724 4.2
      vertex 48.5947 55.2982 4.2
    endloop
  endfacet
  facet normal 0 0 1
    outer loop
      vertex 47.9752 57.1566 4.2
      vertex 48.4581 57.5145 4.2
      vertex 48.2793 57.804 4.2
    endloop
  endfacet
  facet normal 0 0 1
    outer loop
      vertex 48.5947 55.2982 4.2
      vertex 48.2194 55.8724 4.2
      vertex 48.5757 55.2982 4.2
    endloop
  endfacet
  facet normal -0 0 1
    outer loop
      vertex 48.119 55.5662 4.2
      vertex 48.5757 55.2982 4.2
      vertex 48.2194 55.8724 4.2
    endloop
  endfacet
  facet normal 0 0 1
    outer loop
      vertex 48.8937 56.2286 4.2
      vertex 48.2221 56.6081 4.2
      vertex 48.2529 56.2381 4.2
    endloop
  endfacet
  facet normal 0 0 1
    outer loop
      vertex 48.5662 57.1733 4.2
      vertex 48.1295 56.9143 4.2
      vertex 48.2221 56.6081 4.2
    endloop
  endfacet
  facet normal 0 0 1
    outer loop
      vertex 47.7519 57.332 4.2
      vertex 48.2793 57.804 4.2
      vertex 48.0299 58.0419 4.2
    endloop
  endfacet
  facet normal 0 0 1
    outer loop
      vertex 48.5662 57.1733 4.2
      vertex 47.9752 57.1566 4.2
      vertex 48.1295 56.9143 4.2
    endloop
  endfacet
  facet normal 0 0 1
    outer loop
      vertex 48.2793 57.804 4.2
      vertex 47.7519 57.332 4.2
      vertex 47.9752 57.1566 4.2
    endloop
  endfacet
  facet normal 0 0 1
    outer loop
      vertex 47.452 57.4372 4.2
      vertex 48.0299 58.0419 4.2
      vertex 47.7286 58.2186 4.2
    endloop
  endfacet
  facet normal 0 0 1
    outer loop
      vertex 48.0299 58.0419 4.2
      vertex 47.452 57.4372 4.2
      vertex 47.7519 57.332 4.2
    endloop
  endfacet
  facet normal 0 0 1
    outer loop
      vertex 47.3948 58.3246 4.2
      vertex 47.452 57.4372 4.2
      vertex 47.7286 58.2186 4.2
    endloop
  endfacet
  facet normal 0 0 1
    outer loop
      vertex 47.3948 58.3246 4.2
      vertex 47.0757 57.4723 4.2
      vertex 47.452 57.4372 4.2
    endloop
  endfacet
  facet normal 0 0 1
    outer loop
      vertex 47.0282 58.36 4.2
      vertex 47.0757 57.4723 4.2
      vertex 47.3948 58.3246 4.2
    endloop
  endfacet
  facet normal -0 0 1
    outer loop
      vertex 46.5361 58.2964 4.2
      vertex 47.0757 57.4723 4.2
      vertex 47.0282 58.36 4.2
    endloop
  endfacet
  facet normal 0 0 1
    outer loop
      vertex 46.5361 58.2964 4.2
      vertex 46.4454 57.3341 4.2
      vertex 47.0757 57.4723 4.2
    endloop
  endfacet
  facet normal -0 0 1
    outer loop
      vertex 46.1168 58.1057 4.2
      vertex 46.4454 57.3341 4.2
      vertex 46.5361 58.2964 4.2
    endloop
  endfacet
  facet normal -0 0 1
    outer loop
      vertex 45.7703 57.7879 4.2
      vertex 46.4454 57.3341 4.2
      vertex 46.1168 58.1057 4.2
    endloop
  endfacet
  facet normal 0 0 1
    outer loop
      vertex 46.4454 57.3341 4.2
      vertex 45.7703 57.7879 4.2
      vertex 46.0672 56.9195 4.2
    endloop
  endfacet
  facet normal -0 0 1
    outer loop
      vertex 45.5119 57.3605 4.2
      vertex 46.0672 56.9195 4.2
      vertex 45.7703 57.7879 4.2
    endloop
  endfacet
  facet normal 0 0 1
    outer loop
      vertex 45.3568 56.8407 4.2
      vertex 46.0672 56.9195 4.2
      vertex 45.5119 57.3605 4.2
    endloop
  endfacet
  facet normal 0 -0 1
    outer loop
      vertex 45.3578 55.6297 4.2
      vertex 45.9412 56.2286 4.2
      vertex 45.3051 56.2286 4.2
    endloop
  endfacet
  facet normal 0 0 1
    outer loop
      vertex 46.0672 56.9195 4.2
      vertex 45.3568 56.8407 4.2
      vertex 45.9412 56.2286 4.2
    endloop
  endfacet
  facet normal 0 -0 1
    outer loop
      vertex 45.5161 55.1178 4.2
      vertex 45.9412 56.2286 4.2
      vertex 45.3578 55.6297 4.2
    endloop
  endfacet
  facet normal 0 0 1
    outer loop
      vertex 45.9412 56.2286 4.2
      vertex 45.3568 56.8407 4.2
      vertex 45.3051 56.2286 4.2
    endloop
  endfacet
  facet normal 0 0 1
    outer loop
      vertex 45.9412 56.2286 4.2
      vertex 45.5161 55.1178 4.2
      vertex 45.7798 54.693 4.2
    endloop
  endfacet
  facet normal -0 0 1
    outer loop
      vertex 51.5101 56.6827 4.2
      vertex 52.188 56.2476 4.2
      vertex 52.1306 56.9248 4.2
    endloop
  endfacet
  facet normal 0 0 1
    outer loop
      vertex 52.188 56.2476 4.2
      vertex 51.5473 56.2571 4.2
      vertex 52.1316 55.5844 4.2
    endloop
  endfacet
  facet normal 0 0 1
    outer loop
      vertex 51.5101 56.6827 4.2
      vertex 52.1306 56.9248 4.2
      vertex 51.9581 57.4881 4.2
    endloop
  endfacet
  facet normal 0 0 1
    outer loop
      vertex 51.3938 55.4738 4.2
      vertex 52.1316 55.5844 4.2
      vertex 51.5473 56.2571 4.2
    endloop
  endfacet
  facet normal 0 0 1
    outer loop
      vertex 51.2126 57.2966 4.2
      vertex 51.9581 57.4881 4.2
      vertex 51.6707 57.9375 4.2
    endloop
  endfacet
  facet normal 0 0 1
    outer loop
      vertex 52.1316 55.5844 4.2
      vertex 51.3938 55.4738 4.2
      vertex 51.9623 55.025 4.2
    endloop
  endfacet
  facet normal 0 0 1
    outer loop
      vertex 51.9623 55.025 4.2
      vertex 51.3938 55.4738 4.2
      vertex 51.6801 54.5695 4.2
    endloop
  endfacet
  facet normal -0 0 1
    outer loop
      vertex 50.9333 55.0039 4.2
      vertex 51.6801 54.5695 4.2
      vertex 51.3938 55.4738 4.2
    endloop
  endfacet
  facet normal 0 0 1
    outer loop
      vertex 51.6801 54.5695 4.2
      vertex 50.9333 55.0039 4.2
      vertex 51.294 54.2333 4.2
    endloop
  endfacet
  facet normal 0 0 1
    outer loop
      vertex 50.9333 55.0039 4.2
      vertex 50.813 54.0316 4.2
      vertex 51.294 54.2333 4.2
    endloop
  endfacet
  facet normal -0 0 1
    outer loop
      vertex 50.1659 54.8472 4.2
      vertex 50.813 54.0316 4.2
      vertex 50.9333 55.0039 4.2
    endloop
  endfacet
  facet normal 0 0 1
    outer loop
      vertex 50.813 54.0316 4.2
      vertex 50.1659 54.8472 4.2
      vertex 50.2371 53.9643 4.2
    endloop
  endfacet
  facet normal 0 0 1
    outer loop
      vertex 50.1659 54.8472 4.2
      vertex 49.8236 54.006 4.2
      vertex 50.2371 53.9643 4.2
    endloop
  endfacet
  facet normal 0 0 1
    outer loop
      vertex 49.7985 54.8879 4.2
      vertex 49.8236 54.006 4.2
      vertex 50.1659 54.8472 4.2
    endloop
  endfacet
  facet normal 0 0 1
    outer loop
      vertex 49.1358 54.3393 4.2
      vertex 49.7985 54.8879 4.2
      vertex 49.4876 55.0097 4.2
    endloop
  endfacet
  facet normal 0 0 1
    outer loop
      vertex 49.7985 54.8879 4.2
      vertex 49.4565 54.131 4.2
      vertex 49.8236 54.006 4.2
    endloop
  endfacet
  facet normal 0 0 1
    outer loop
      vertex 48.8774 54.6126 4.2
      vertex 49.4876 55.0097 4.2
      vertex 49.2331 55.2128 4.2
    endloop
  endfacet
  facet normal 0 0 1
    outer loop
      vertex 49.7985 54.8879 4.2
      vertex 49.1358 54.3393 4.2
      vertex 49.4565 54.131 4.2
    endloop
  endfacet
  facet normal 0 0 1
    outer loop
      vertex 48.8774 54.6126 4.2
      vertex 49.2331 55.2128 4.2
      vertex 49.0446 55.4881 4.2
    endloop
  endfacet
  facet normal 0 0 1
    outer loop
      vertex 48.8774 54.6126 4.2
      vertex 49.0446 55.4881 4.2
      vertex 48.9314 55.8267 4.2
    endloop
  endfacet
  facet normal 0 0 1
    outer loop
      vertex 49.4876 55.0097 4.2
      vertex 48.8774 54.6126 4.2
      vertex 49.1358 54.3393 4.2
    endloop
  endfacet
  facet normal 0 0 1
    outer loop
      vertex 48.8774 54.6126 4.2
      vertex 48.9314 55.8267 4.2
      vertex 48.8937 56.2286 4.2
    endloop
  endfacet
  facet normal -0 0 1
    outer loop
      vertex 47.9515 55.3196 4.2
      vertex 48.5757 55.2982 4.2
      vertex 48.119 55.5662 4.2
    endloop
  endfacet
  facet normal 0 0 1
    outer loop
      vertex 48.5757 55.2982 4.2
      vertex 47.9515 55.3196 4.2
      vertex 48.457 54.9599 4.2
    endloop
  endfacet
  facet normal 0 0 1
    outer loop
      vertex 48.457 54.9599 4.2
      vertex 47.9515 55.3196 4.2
      vertex 48.2719 54.6727 4.2
    endloop
  endfacet
  facet normal -0 0 1
    outer loop
      vertex 47.7202 55.139 4.2
      vertex 48.2719 54.6727 4.2
      vertex 47.9515 55.3196 4.2
    endloop
  endfacet
  facet normal 0 0 1
    outer loop
      vertex 48.2719 54.6727 4.2
      vertex 47.7202 55.139 4.2
      vertex 48.0203 54.4366 4.2
    endloop
  endfacet
  facet normal -0 0 1
    outer loop
      vertex 47.4283 55.0306 4.2
      vertex 48.0203 54.4366 4.2
      vertex 47.7202 55.139 4.2
    endloop
  endfacet
  facet normal 0 0 1
    outer loop
      vertex 48.0203 54.4366 4.2
      vertex 47.4283 55.0306 4.2
      vertex 47.7192 54.2613 4.2
    endloop
  endfacet
  facet normal 0 0 1
    outer loop
      vertex 47.4283 55.0306 4.2
      vertex 47.3853 54.1561 4.2
      vertex 47.7192 54.2613 4.2
    endloop
  endfacet
  facet normal -0 0 1
    outer loop
      vertex 47.0757 54.9944 4.2
      vertex 47.3853 54.1561 4.2
      vertex 47.4283 55.0306 4.2
    endloop
  endfacet
  facet normal 0 0 1
    outer loop
      vertex 47.0757 54.9944 4.2
      vertex 47.0187 54.121 4.2
      vertex 47.3853 54.1561 4.2
    endloop
  endfacet
  facet normal 0 0 1
    outer loop
      vertex 46.7302 55.0295 4.2
      vertex 47.0187 54.121 4.2
      vertex 47.0757 54.9944 4.2
    endloop
  endfacet
  facet normal 0 0 1
    outer loop
      vertex 46.7302 55.0295 4.2
      vertex 46.5414 54.1845 4.2
      vertex 47.0187 54.121 4.2
    endloop
  endfacet
  facet normal 0 0 1
    outer loop
      vertex 46.1285 54.3752 4.2
      vertex 46.7302 55.0295 4.2
      vertex 46.447 55.1347 4.2
    endloop
  endfacet
  facet normal 0 0 1
    outer loop
      vertex 45.7798 54.693 4.2
      vertex 46.447 55.1347 4.2
      vertex 46.226 55.3101 4.2
    endloop
  endfacet
  facet normal 0 0 1
    outer loop
      vertex 46.7302 55.0295 4.2
      vertex 46.1285 54.3752 4.2
      vertex 46.5414 54.1845 4.2
    endloop
  endfacet
  facet normal 0 0 1
    outer loop
      vertex 45.7798 54.693 4.2
      vertex 46.226 55.3101 4.2
      vertex 46.0678 55.5525 4.2
    endloop
  endfacet
  facet normal 0 0 1
    outer loop
      vertex 45.7798 54.693 4.2
      vertex 46.0678 55.5525 4.2
      vertex 45.9728 55.8586 4.2
    endloop
  endfacet
  facet normal 0 0 1
    outer loop
      vertex 46.447 55.1347 4.2
      vertex 45.7798 54.693 4.2
      vertex 46.1285 54.3752 4.2
    endloop
  endfacet
  facet normal 0 0 1
    outer loop
      vertex 45.7798 54.693 4.2
      vertex 45.9728 55.8586 4.2
      vertex 45.9412 56.2286 4.2
    endloop
  endfacet
  facet normal 0 0 1
    outer loop
      vertex 51.3669 85.3474 4.2
      vertex 46.2213 84.4881 4.2
      vertex 51.3669 84.4881 4.2
    endloop
  endfacet
  facet normal 0 -0 1
    outer loop
      vertex 46.2213 84.4881 4.2
      vertex 51.3669 85.3474 4.2
      vertex 45.4048 85.3474 4.2
    endloop
  endfacet
  facet normal 0 0 1
    outer loop
      vertex 51.3669 85.3474 4.2
      vertex 52.0931 86.9755 4.2
      vertex 51.3669 86.9755 4.2
    endloop
  endfacet
  facet normal 0 0 1
    outer loop
      vertex 51.3669 84.4881 4.2
      vertex 52.0931 86.9755 4.2
      vertex 51.3669 85.3474 4.2
    endloop
  endfacet
  facet normal 0 0 1
    outer loop
      vertex 52.0931 86.9755 4.2
      vertex 51.3669 84.4881 4.2
      vertex 52.0931 82.784 4.2
    endloop
  endfacet
  facet normal 0 0 1
    outer loop
      vertex 52.0931 82.784 4.2
      vertex 51.3669 84.4881 4.2
      vertex 51.3669 82.784 4.2
    endloop
  endfacet
  facet normal 0 0 1
    outer loop
      vertex 46.2213 84.4881 4.2
      vertex 46.4918 82.9786 4.2
      vertex 47.2988 82.9786 4.2
    endloop
  endfacet
  facet normal -0 0 1
    outer loop
      vertex 45.4048 84.5594 4.2
      vertex 46.2213 84.4881 4.2
      vertex 45.4048 85.3474 4.2
    endloop
  endfacet
  facet normal 0 0 1
    outer loop
      vertex 46.2213 84.4881 4.2
      vertex 45.4048 84.5594 4.2
      vertex 46.4918 82.9786 4.2
    endloop
  endfacet
  facet normal 0 0 1
    outer loop
      vertex 51.4829 89.9722 4.2
      vertex 52.0931 89.0564 4.2
      vertex 52.0931 89.9488 4.2
    endloop
  endfacet
  facet normal 0 0 1
    outer loop
      vertex 51.4829 89.9722 4.2
      vertex 51.2237 89.1168 4.2
      vertex 52.0931 89.0564 4.2
    endloop
  endfacet
  facet normal 0 0 1
    outer loop
      vertex 50.8864 90.0427 4.2
      vertex 51.2237 89.1168 4.2
      vertex 51.4829 89.9722 4.2
    endloop
  endfacet
  facet normal 0 0 1
    outer loop
      vertex 50.8864 90.0427 4.2
      vertex 50.3241 89.298 4.2
      vertex 51.2237 89.1168 4.2
    endloop
  endfacet
  facet normal 0 0 1
    outer loop
      vertex 50.3036 90.16 4.2
      vertex 50.3241 89.298 4.2
      vertex 50.8864 90.0427 4.2
    endloop
  endfacet
  facet normal 0 0 1
    outer loop
      vertex 49.3946 89.5999 4.2
      vertex 50.3036 90.16 4.2
      vertex 49.725 90.3243 4.2
    endloop
  endfacet
  facet normal 0 0 1
    outer loop
      vertex 50.3036 90.16 4.2
      vertex 49.3946 89.5999 4.2
      vertex 50.3241 89.298 4.2
    endloop
  endfacet
  facet normal 0 0 1
    outer loop
      vertex 49.1411 90.5356 4.2
      vertex 49.3946 89.5999 4.2
      vertex 49.725 90.3243 4.2
    endloop
  endfacet
  facet normal 0 0 1
    outer loop
      vertex 48.4022 90.0432 4.2
      vertex 49.1411 90.5356 4.2
      vertex 48.552 90.7937 4.2
    endloop
  endfacet
  facet normal 0 0 1
    outer loop
      vertex 49.1411 90.5356 4.2
      vertex 48.4022 90.0432 4.2
      vertex 49.3946 89.5999 4.2
    endloop
  endfacet
  facet normal 0 0 1
    outer loop
      vertex 47.8848 91.1424 4.2
      vertex 48.4022 90.0432 4.2
      vertex 48.552 90.7937 4.2
    endloop
  endfacet
  facet normal 0 0 1
    outer loop
      vertex 47.8848 91.1424 4.2
      vertex 47.3144 90.6484 4.2
      vertex 48.4022 90.0432 4.2
    endloop
  endfacet
  facet normal 0 0 1
    outer loop
      vertex 47.0667 91.625 4.2
      vertex 47.3144 90.6484 4.2
      vertex 47.8848 91.1424 4.2
    endloop
  endfacet
  facet normal 0 0 1
    outer loop
      vertex 47.0667 91.625 4.2
      vertex 46.131 91.4156 4.2
      vertex 47.3144 90.6484 4.2
    endloop
  endfacet
  facet normal 0 0 1
    outer loop
      vertex 46.0978 92.2415 4.2
      vertex 46.131 91.4156 4.2
      vertex 47.0667 91.625 4.2
    endloop
  endfacet
  facet normal -0 0 1
    outer loop
      vertex 45.4048 92.2415 4.2
      vertex 46.131 91.4156 4.2
      vertex 46.0978 92.2415 4.2
    endloop
  endfacet
  facet normal 0 0 1
    outer loop
      vertex 45.4048 87.8222 4.2
      vertex 46.131 91.4156 4.2
      vertex 45.4048 92.2415 4.2
    endloop
  endfacet
  facet normal 0 0 1
    outer loop
      vertex 46.131 91.4156 4.2
      vertex 45.4048 87.8222 4.2
      vertex 46.131 87.8222 4.2
    endloop
  endfacet
  facet normal 0 0 1
    outer loop
      vertex 52.188 69.4318 4.2
      vertex 51.4154 69.8996 4.2
      vertex 51.4903 69.4412 4.2
    endloop
  endfacet
  facet normal 0 0 1
    outer loop
      vertex 51.1907 70.2683 4.2
      vertex 51.7956 70.7197 4.2
      vertex 51.3051 71.1762 4.2
    endloop
  endfacet
  facet normal 0 0 1
    outer loop
      vertex 51.7956 70.7197 4.2
      vertex 51.1907 70.2683 4.2
      vertex 51.4154 69.8996 4.2
    endloop
  endfacet
  facet normal 0 0 1
    outer loop
      vertex 51.3051 71.1762 4.2
      vertex 50.8162 70.5473 4.2
      vertex 51.1907 70.2683 4.2
    endloop
  endfacet
  facet normal 0 0 1
    outer loop
      vertex 50.6284 71.5045 4.2
      vertex 50.8162 70.5473 4.2
      vertex 51.3051 71.1762 4.2
    endloop
  endfacet
  facet normal 0 0 1
    outer loop
      vertex 50.6284 71.5045 4.2
      vertex 50.2867 70.7425 4.2
      vertex 50.8162 70.5473 4.2
    endloop
  endfacet
  facet normal 0 0 1
    outer loop
      vertex 49.7756 71.7015 4.2
      vertex 50.2867 70.7425 4.2
      vertex 50.6284 71.5045 4.2
    endloop
  endfacet
  facet normal 0 0 1
    outer loop
      vertex 49.7756 71.7015 4.2
      vertex 49.5968 70.8596 4.2
      vertex 50.2867 70.7425 4.2
    endloop
  endfacet
  facet normal 0 0 1
    outer loop
      vertex 48.7466 71.7672 4.2
      vertex 49.5968 70.8596 4.2
      vertex 49.7756 71.7015 4.2
    endloop
  endfacet
  facet normal 0 0 1
    outer loop
      vertex 48.7466 71.7672 4.2
      vertex 48.7466 70.8986 4.2
      vertex 49.5968 70.8596 4.2
    endloop
  endfacet
  facet normal 0 0 1
    outer loop
      vertex 48.7466 71.7672 4.2
      vertex 47.87 70.8614 4.2
      vertex 48.7466 70.8986 4.2
    endloop
  endfacet
  facet normal -0 0 1
    outer loop
      vertex 47.7033 71.7047 4.2
      vertex 47.87 70.8614 4.2
      vertex 48.7466 71.7672 4.2
    endloop
  endfacet
  facet normal 0 0 1
    outer loop
      vertex 47.7033 71.7047 4.2
      vertex 47.1706 70.7498 4.2
      vertex 47.87 70.8614 4.2
    endloop
  endfacet
  facet normal -0 0 1
    outer loop
      vertex 46.8457 71.5172 4.2
      vertex 47.1706 70.7498 4.2
      vertex 47.7033 71.7047 4.2
    endloop
  endfacet
  facet normal 0 0 1
    outer loop
      vertex 46.8457 71.5172 4.2
      vertex 46.6485 70.5639 4.2
      vertex 47.1706 70.7498 4.2
    endloop
  endfacet
  facet normal -0 0 1
    outer loop
      vertex 46.1738 71.2047 4.2
      vertex 46.6485 70.5639 4.2
      vertex 46.8457 71.5172 4.2
    endloop
  endfacet
  facet normal 0 0 1
    outer loop
      vertex 46.6485 70.5639 4.2
      vertex 46.1738 71.2047 4.2
      vertex 46.2872 70.2925 4.2
    endloop
  endfacet
  facet normal -0 0 1
    outer loop
      vertex 45.6912 70.7609 4.2
      vertex 46.2872 70.2925 4.2
      vertex 46.1738 71.2047 4.2
    endloop
  endfacet
  facet normal 0 0 1
    outer loop
      vertex 45.4016 70.1794 4.2
      vertex 46.2872 70.2925 4.2
      vertex 45.6912 70.7609 4.2
    endloop
  endfacet
  facet normal 0 0 1
    outer loop
      vertex 46.2872 70.2925 4.2
      vertex 45.4016 70.1794 4.2
      vertex 46.0704 69.9247 4.2
    endloop
  endfacet
  facet normal -0 0 1
    outer loop
      vertex 51.4154 69.8996 4.2
      vertex 52.188 69.4318 4.2
      vertex 52.0899 70.1383 4.2
    endloop
  endfacet
  facet normal 0 0 1
    outer loop
      vertex 51.417 68.9805 4.2
      vertex 52.188 69.4318 4.2
      vertex 51.4903 69.4412 4.2
    endloop
  endfacet
  facet normal 0 0 1
    outer loop
      vertex 51.4154 69.8996 4.2
      vertex 52.0899 70.1383 4.2
      vertex 51.7956 70.7197 4.2
    endloop
  endfacet
  facet normal 0 0 1
    outer loop
      vertex 52.188 69.4318 4.2
      vertex 51.417 68.9805 4.2
      vertex 52.0905 68.7266 4.2
    endloop
  endfacet
  facet normal 0 0 1
    outer loop
      vertex 51.197 68.6111 4.2
      vertex 52.0905 68.7266 4.2
      vertex 51.417 68.9805 4.2
    endloop
  endfacet
  facet normal 0 0 1
    outer loop
      vertex 52.0905 68.7266 4.2
      vertex 51.197 68.6111 4.2
      vertex 51.7977 68.1491 4.2
    endloop
  endfacet
  facet normal 0 0 1
    outer loop
      vertex 51.7977 68.1491 4.2
      vertex 51.197 68.6111 4.2
      vertex 51.3099 67.6992 4.2
    endloop
  endfacet
  facet normal -0 0 1
    outer loop
      vertex 50.8305 68.3329 4.2
      vertex 51.3099 67.6992 4.2
      vertex 51.197 68.6111 4.2
    endloop
  endfacet
  facet normal 0 0 1
    outer loop
      vertex 50.8305 68.3329 4.2
      vertex 50.6348 67.3774 4.2
      vertex 51.3099 67.6992 4.2
    endloop
  endfacet
  facet normal -0 0 1
    outer loop
      vertex 50.3057 68.139 4.2
      vertex 50.6348 67.3774 4.2
      vertex 50.8305 68.3329 4.2
    endloop
  endfacet
  facet normal 0 0 1
    outer loop
      vertex 50.3057 68.139 4.2
      vertex 49.7803 67.1844 4.2
      vertex 50.6348 67.3774 4.2
    endloop
  endfacet
  facet normal -0 0 1
    outer loop
      vertex 49.611 68.0227 4.2
      vertex 49.7803 67.1844 4.2
      vertex 50.3057 68.139 4.2
    endloop
  endfacet
  facet normal 0 0 1
    outer loop
      vertex 48.7466 67.12 4.2
      vertex 49.611 68.0227 4.2
      vertex 48.7466 67.984 4.2
    endloop
  endfacet
  facet normal 0 0 1
    outer loop
      vertex 49.611 68.0227 4.2
      vertex 48.7466 67.12 4.2
      vertex 49.7803 67.1844 4.2
    endloop
  endfacet
  facet normal 0 0 1
    outer loop
      vertex 47.8605 68.0222 4.2
      vertex 48.7466 67.12 4.2
      vertex 48.7466 67.984 4.2
    endloop
  endfacet
  facet normal 0 0 1
    outer loop
      vertex 47.8605 68.0222 4.2
      vertex 47.6938 67.1825 4.2
      vertex 48.7466 67.12 4.2
    endloop
  endfacet
  facet normal 0 0 1
    outer loop
      vertex 47.158 68.1369 4.2
      vertex 47.6938 67.1825 4.2
      vertex 47.8605 68.0222 4.2
    endloop
  endfacet
  facet normal 0 0 1
    outer loop
      vertex 47.158 68.1369 4.2
      vertex 46.8331 67.37 4.2
      vertex 47.6938 67.1825 4.2
    endloop
  endfacet
  facet normal 0 0 1
    outer loop
      vertex 46.639 68.3281 4.2
      vertex 46.8331 67.37 4.2
      vertex 47.158 68.1369 4.2
    endloop
  endfacet
  facet normal 0 0 1
    outer loop
      vertex 46.1643 67.6826 4.2
      vertex 46.639 68.3281 4.2
      vertex 46.283 68.6069 4.2
    endloop
  endfacet
  facet normal 0 0 1
    outer loop
      vertex 46.639 68.3281 4.2
      vertex 46.1643 67.6826 4.2
      vertex 46.8331 67.37 4.2
    endloop
  endfacet
  facet normal -0 0 1
    outer loop
      vertex 45.4006 68.7227 4.2
      vertex 46.283 68.6069 4.2
      vertex 46.0694 68.9843 4.2
    endloop
  endfacet
  facet normal -0 0 1
    outer loop
      vertex 45.3051 69.4603 4.2
      vertex 46.0694 68.9843 4.2
      vertex 45.9982 69.4603 4.2
    endloop
  endfacet
  facet normal 0 0 1
    outer loop
      vertex 45.3051 69.4603 4.2
      vertex 46.0704 69.9247 4.2
      vertex 45.4016 70.1794 4.2
    endloop
  endfacet
  facet normal 0 0 1
    outer loop
      vertex 46.0694 68.9843 4.2
      vertex 45.3051 69.4603 4.2
      vertex 45.4006 68.7227 4.2
    endloop
  endfacet
  facet normal 0 0 1
    outer loop
      vertex 46.0704 69.9247 4.2
      vertex 45.3051 69.4603 4.2
      vertex 45.9982 69.4603 4.2
    endloop
  endfacet
  facet normal 0 0 1
    outer loop
      vertex 46.283 68.6069 4.2
      vertex 45.4006 68.7227 4.2
      vertex 45.687 68.1301 4.2
    endloop
  endfacet
  facet normal 0 0 1
    outer loop
      vertex 46.283 68.6069 4.2
      vertex 45.687 68.1301 4.2
      vertex 46.1643 67.6826 4.2
    endloop
  endfacet
  facet normal 0 0 1
    outer loop
      vertex 51.4829 95.2525 4.2
      vertex 52.0931 94.3367 4.2
      vertex 52.0931 95.229 4.2
    endloop
  endfacet
  facet normal 0 0 1
    outer loop
      vertex 51.4829 95.2525 4.2
      vertex 51.2237 94.3971 4.2
      vertex 52.0931 94.3367 4.2
    endloop
  endfacet
  facet normal 0 0 1
    outer loop
      vertex 50.8864 95.3229 4.2
      vertex 51.2237 94.3971 4.2
      vertex 51.4829 95.2525 4.2
    endloop
  endfacet
  facet normal 0 0 1
    outer loop
      vertex 50.8864 95.3229 4.2
      vertex 50.3241 94.5782 4.2
      vertex 51.2237 94.3971 4.2
    endloop
  endfacet
  facet normal 0 0 1
    outer loop
      vertex 50.3036 95.4403 4.2
      vertex 50.3241 94.5782 4.2
      vertex 50.8864 95.3229 4.2
    endloop
  endfacet
  facet normal 0 0 1
    outer loop
      vertex 49.3946 94.8802 4.2
      vertex 50.3036 95.4403 4.2
      vertex 49.725 95.6046 4.2
    endloop
  endfacet
  facet normal 0 0 1
    outer loop
      vertex 50.3036 95.4403 4.2
      vertex 49.3946 94.8802 4.2
      vertex 50.3241 94.5782 4.2
    endloop
  endfacet
  facet normal 0 0 1
    outer loop
      vertex 49.1411 95.8158 4.2
      vertex 49.3946 94.8802 4.2
      vertex 49.725 95.6046 4.2
    endloop
  endfacet
  facet normal 0 0 1
    outer loop
      vertex 48.4022 95.3235 4.2
      vertex 49.1411 95.8158 4.2
      vertex 48.552 96.074 4.2
    endloop
  endfacet
  facet normal 0 0 1
    outer loop
      vertex 49.1411 95.8158 4.2
      vertex 48.4022 95.3235 4.2
      vertex 49.3946 94.8802 4.2
    endloop
  endfacet
  facet normal 0 0 1
    outer loop
      vertex 47.8848 96.4226 4.2
      vertex 48.4022 95.3235 4.2
      vertex 48.552 96.074 4.2
    endloop
  endfacet
  facet normal 0 0 1
    outer loop
      vertex 47.8848 96.4226 4.2
      vertex 47.3144 95.9287 4.2
      vertex 48.4022 95.3235 4.2
    endloop
  endfacet
  facet normal 0 0 1
    outer loop
      vertex 47.0667 96.9053 4.2
      vertex 47.3144 95.9287 4.2
      vertex 47.8848 96.4226 4.2
    endloop
  endfacet
  facet normal 0 0 1
    outer loop
      vertex 47.0667 96.9053 4.2
      vertex 46.131 96.6958 4.2
      vertex 47.3144 95.9287 4.2
    endloop
  endfacet
  facet normal 0 0 1
    outer loop
      vertex 46.0978 97.5218 4.2
      vertex 46.131 96.6958 4.2
      vertex 47.0667 96.9053 4.2
    endloop
  endfacet
  facet normal -0 0 1
    outer loop
      vertex 45.4048 97.5218 4.2
      vertex 46.131 96.6958 4.2
      vertex 46.0978 97.5218 4.2
    endloop
  endfacet
  facet normal 0 0 1
    outer loop
      vertex 45.4048 93.1024 4.2
      vertex 46.131 96.6958 4.2
      vertex 45.4048 97.5218 4.2
    endloop
  endfacet
  facet normal 0 0 1
    outer loop
      vertex 46.131 96.6958 4.2
      vertex 45.4048 93.1024 4.2
      vertex 46.131 93.1024 4.2
    endloop
  endfacet
  facet normal 0 0 1
    outer loop
      vertex 52.0931 121.178 4.2
      vertex 48.8368 120.333 4.2
      vertex 52.0931 120.333 4.2
    endloop
  endfacet
  facet normal -0 0 1
    outer loop
      vertex 48.6706 121.178 4.2
      vertex 48.8368 120.333 4.2
      vertex 52.0931 121.178 4.2
    endloop
  endfacet
  facet normal 0 0 1
    outer loop
      vertex 48.6706 121.178 4.2
      vertex 48.3911 120.31 4.2
      vertex 48.8368 120.333 4.2
    endloop
  endfacet
  facet normal -0 0 1
    outer loop
      vertex 48.0883 121.139 4.2
      vertex 48.3911 120.31 4.2
      vertex 48.6706 121.178 4.2
    endloop
  endfacet
  facet normal 0 0 1
    outer loop
      vertex 48.0883 121.139 4.2
      vertex 48.0478 120.242 4.2
      vertex 48.3911 120.31 4.2
    endloop
  endfacet
  facet normal -0 0 1
    outer loop
      vertex 47.6263 121.021 4.2
      vertex 48.0478 120.242 4.2
      vertex 48.0883 121.139 4.2
    endloop
  endfacet
  facet normal 0 0 1
    outer loop
      vertex 48.0478 120.242 4.2
      vertex 47.6263 121.021 4.2
      vertex 47.8068 120.129 4.2
    endloop
  endfacet
  facet normal -0 0 1
    outer loop
      vertex 47.2845 120.824 4.2
      vertex 47.8068 120.129 4.2
      vertex 47.6263 121.021 4.2
    endloop
  endfacet
  facet normal -0 0 1
    outer loop
      vertex 47.0499 120.541 4.2
      vertex 47.8068 120.129 4.2
      vertex 47.2845 120.824 4.2
    endloop
  endfacet
  facet normal 0 0 1
    outer loop
      vertex 47.8068 120.129 4.2
      vertex 47.0499 120.541 4.2
      vertex 47.6485 119.956 4.2
    endloop
  endfacet
  facet normal -0 0 1
    outer loop
      vertex 46.909 120.164 4.2
      vertex 47.6485 119.956 4.2
      vertex 47.0499 120.541 4.2
    endloop
  endfacet
  facet normal 0 0 1
    outer loop
      vertex 47.5224 118.325 4.2
      vertex 47.9373 118.522 4.2
      vertex 47.7065 118.757 4.2
    endloop
  endfacet
  facet normal 0 0 1
    outer loop
      vertex 47.274 118.539 4.2
      vertex 47.7065 118.757 4.2
      vertex 47.5681 119.047 4.2
    endloop
  endfacet
  facet normal 0 0 1
    outer loop
      vertex 47.9373 118.522 4.2
      vertex 47.5224 118.325 4.2
      vertex 47.8352 118.135 4.2
    endloop
  endfacet
  facet normal -0 0 1
    outer loop
      vertex 46.9634 119.048 4.2
      vertex 47.5681 119.047 4.2
      vertex 47.5219 119.393 4.2
    endloop
  endfacet
  facet normal 0 0 1
    outer loop
      vertex 47.6485 119.956 4.2
      vertex 46.909 120.164 4.2
      vertex 47.5536 119.711 4.2
    endloop
  endfacet
  facet normal 0 -0 1
    outer loop
      vertex 46.8874 119.352 4.2
      vertex 47.5219 119.393 4.2
      vertex 46.8621 119.692 4.2
    endloop
  endfacet
  facet normal 0 -0 1
    outer loop
      vertex 46.9634 119.048 4.2
      vertex 47.5219 119.393 4.2
      vertex 46.8874 119.352 4.2
    endloop
  endfacet
  facet normal 0 0 1
    outer loop
      vertex 46.8621 119.692 4.2
      vertex 47.5536 119.711 4.2
      vertex 46.909 120.164 4.2
    endloop
  endfacet
  facet normal 0 0 1
    outer loop
      vertex 47.7065 118.757 4.2
      vertex 47.274 118.539 4.2
      vertex 47.5224 118.325 4.2
    endloop
  endfacet
  facet normal 0 0 1
    outer loop
      vertex 47.5536 119.711 4.2
      vertex 46.8621 119.692 4.2
      vertex 47.5219 119.393 4.2
    endloop
  endfacet
  facet normal 0 0 1
    outer loop
      vertex 47.5681 119.047 4.2
      vertex 46.9634 119.048 4.2
      vertex 47.09 118.778 4.2
    endloop
  endfacet
  facet normal 0 0 1
    outer loop
      vertex 47.5681 119.047 4.2
      vertex 47.09 118.778 4.2
      vertex 47.274 118.539 4.2
    endloop
  endfacet
  facet normal -0 0 1
    outer loop
      vertex 49.1169 118.211 4.2
      vertex 52.0931 117.366 4.2
      vertex 52.0931 118.211 4.2
    endloop
  endfacet
  facet normal 0 0 1
    outer loop
      vertex 49.1169 118.211 4.2
      vertex 48.8368 117.366 4.2
      vertex 52.0931 117.366 4.2
    endloop
  endfacet
  facet normal 0 0 1
    outer loop
      vertex 48.6461 118.246 4.2
      vertex 48.8368 117.366 4.2
      vertex 49.1169 118.211 4.2
    endloop
  endfacet
  facet normal 0 0 1
    outer loop
      vertex 48.6461 118.246 4.2
      vertex 48.3911 117.344 4.2
      vertex 48.8368 117.366 4.2
    endloop
  endfacet
  facet normal 0 0 1
    outer loop
      vertex 48.2529 118.349 4.2
      vertex 48.3911 117.344 4.2
      vertex 48.6461 118.246 4.2
    endloop
  endfacet
  facet normal -0 0 1
    outer loop
      vertex 47.8352 118.121 4.2
      vertex 48.3911 117.344 4.2
      vertex 48.2529 118.349 4.2
    endloop
  endfacet
  facet normal 0 0 1
    outer loop
      vertex 47.8352 118.135 4.2
      vertex 48.2529 118.349 4.2
      vertex 47.9373 118.522 4.2
    endloop
  endfacet
  facet normal 0 0 1
    outer loop
      vertex 48.2529 118.349 4.2
      vertex 47.8352 118.135 4.2
      vertex 47.8352 118.121 4.2
    endloop
  endfacet
  facet normal 0 0 1
    outer loop
      vertex 48.3911 117.344 4.2
      vertex 47.8352 118.121 4.2
      vertex 48.0478 117.275 4.2
    endloop
  endfacet
  facet normal -0 0 1
    outer loop
      vertex 47.5272 118.009 4.2
      vertex 48.0478 117.275 4.2
      vertex 47.8352 118.121 4.2
    endloop
  endfacet
  facet normal 0 0 1
    outer loop
      vertex 48.0478 117.275 4.2
      vertex 47.5272 118.009 4.2
      vertex 47.8068 117.162 4.2
    endloop
  endfacet
  facet normal -0 0 1
    outer loop
      vertex 47.2803 117.852 4.2
      vertex 47.8068 117.162 4.2
      vertex 47.5272 118.009 4.2
    endloop
  endfacet
  facet normal -0 0 1
    outer loop
      vertex 47.0947 117.649 4.2
      vertex 47.8068 117.162 4.2
      vertex 47.2803 117.852 4.2
    endloop
  endfacet
  facet normal 0 0 1
    outer loop
      vertex 47.8068 117.162 4.2
      vertex 47.0947 117.649 4.2
      vertex 47.6485 116.99 4.2
    endloop
  endfacet
  facet normal -0 0 1
    outer loop
      vertex 46.9655 117.395 4.2
      vertex 47.6485 116.99 4.2
      vertex 47.0947 117.649 4.2
    endloop
  endfacet
  facet normal -0 0 1
    outer loop
      vertex 46.8879 117.087 4.2
      vertex 47.6485 116.99 4.2
      vertex 46.9655 117.395 4.2
    endloop
  endfacet
  facet normal 0 -0 1
    outer loop
      vertex 46.8858 116.401 4.2
      vertex 47.5219 116.426 4.2
      vertex 46.8621 116.725 4.2
    endloop
  endfacet
  facet normal 0 0 1
    outer loop
      vertex 47.6485 116.99 4.2
      vertex 46.8879 117.087 4.2
      vertex 47.5536 116.744 4.2
    endloop
  endfacet
  facet normal 0 -0 1
    outer loop
      vertex 46.9571 116.111 4.2
      vertex 47.5219 116.426 4.2
      vertex 46.8858 116.401 4.2
    endloop
  endfacet
  facet normal 0 0 1
    outer loop
      vertex 46.8621 116.725 4.2
      vertex 47.5536 116.744 4.2
      vertex 46.8879 117.087 4.2
    endloop
  endfacet
  facet normal 0 0 1
    outer loop
      vertex 47.5219 116.426 4.2
      vertex 47.255 115.628 4.2
      vertex 47.5082 115.418 4.2
    endloop
  endfacet
  facet normal 0 0 1
    outer loop
      vertex 47.5536 116.744 4.2
      vertex 46.8621 116.725 4.2
      vertex 47.5219 116.426 4.2
    endloop
  endfacet
  facet normal 0 -0 1
    outer loop
      vertex 47.0757 115.857 4.2
      vertex 47.5219 116.426 4.2
      vertex 46.9571 116.111 4.2
    endloop
  endfacet
  facet normal 0 0 1
    outer loop
      vertex 47.5219 116.426 4.2
      vertex 47.0757 115.857 4.2
      vertex 47.255 115.628 4.2
    endloop
  endfacet
  facet normal 0 0 1
    outer loop
      vertex 47.5082 115.418 4.2
      vertex 47.9397 115.562 4.2
      vertex 47.7076 115.8 4.2
    endloop
  endfacet
  facet normal 0 0 1
    outer loop
      vertex 47.5082 115.418 4.2
      vertex 47.7076 115.8 4.2
      vertex 47.5683 116.088 4.2
    endloop
  endfacet
  facet normal 0 0 1
    outer loop
      vertex 47.9397 115.562 4.2
      vertex 47.5082 115.418 4.2
      vertex 47.8352 115.225 4.2
    endloop
  endfacet
  facet normal 0 0 1
    outer loop
      vertex 47.5082 115.418 4.2
      vertex 47.5683 116.088 4.2
      vertex 47.5219 116.426 4.2
    endloop
  endfacet
  facet normal -0 0 1
    outer loop
      vertex 49.1169 115.244 4.2
      vertex 52.0931 114.395 4.2
      vertex 52.0931 115.244 4.2
    endloop
  endfacet
  facet normal 0 0 1
    outer loop
      vertex 48.0536 114.395 4.2
      vertex 49.1169 115.244 4.2
      vertex 48.6485 115.28 4.2
    endloop
  endfacet
  facet normal 0 0 1
    outer loop
      vertex 49.1169 115.244 4.2
      vertex 48.0536 114.395 4.2
      vertex 52.0931 114.395 4.2
    endloop
  endfacet
  facet normal 0 0 1
    outer loop
      vertex 48.2561 115.386 4.2
      vertex 48.0536 114.395 4.2
      vertex 48.6485 115.28 4.2
    endloop
  endfacet
  facet normal 0 0 1
    outer loop
      vertex 47.8352 115.225 4.2
      vertex 48.2561 115.386 4.2
      vertex 47.9397 115.562 4.2
    endloop
  endfacet
  facet normal 0 0 1
    outer loop
      vertex 48.2561 115.386 4.2
      vertex 47.8352 115.225 4.2
      vertex 47.8352 115.211 4.2
    endloop
  endfacet
  facet normal 0 0 1
    outer loop
      vertex 48.2561 115.386 4.2
      vertex 47.8352 115.211 4.2
      vertex 48.0536 114.395 4.2
    endloop
  endfacet
  facet normal 0 0 1
    outer loop
      vertex 47.533 114.391 4.2
      vertex 47.8352 115.211 4.2
      vertex 47.6118 115.205 4.2
    endloop
  endfacet
  facet normal 0 0 1
    outer loop
      vertex 47.8352 115.211 4.2
      vertex 47.533 114.391 4.2
      vertex 48.0536 114.395 4.2
    endloop
  endfacet
  facet normal -0 0 1
    outer loop
      vertex 47.4417 115.2 4.2
      vertex 47.533 114.391 4.2
      vertex 47.6118 115.205 4.2
    endloop
  endfacet
  facet normal -0 0 1
    outer loop
      vertex 47.3249 115.195 4.2
      vertex 47.533 114.391 4.2
      vertex 47.4417 115.2 4.2
    endloop
  endfacet
  facet normal 0 0 1
    outer loop
      vertex 47.1675 114.382 4.2
      vertex 47.3249 115.195 4.2
      vertex 47.2382 115.19 4.2
    endloop
  endfacet
  facet normal 0 0 1
    outer loop
      vertex 47.3249 115.195 4.2
      vertex 47.1675 114.382 4.2
      vertex 47.533 114.391 4.2
    endloop
  endfacet
  facet normal -0 0 1
    outer loop
      vertex 47.1583 115.186 4.2
      vertex 47.1675 114.382 4.2
      vertex 47.2382 115.19 4.2
    endloop
  endfacet
  facet normal -0 0 1
    outer loop
      vertex 47.0852 115.183 4.2
      vertex 47.1675 114.382 4.2
      vertex 47.1583 115.186 4.2
    endloop
  endfacet
  facet normal -0 0 1
    outer loop
      vertex 47.0245 115.179 4.2
      vertex 47.1675 114.382 4.2
      vertex 47.0852 115.183 4.2
    endloop
  endfacet
  facet normal -0 0 1
    outer loop
      vertex 46.9818 115.176 4.2
      vertex 47.1675 114.382 4.2
      vertex 47.0245 115.179 4.2
    endloop
  endfacet
  facet normal 0 0 1
    outer loop
      vertex 46.957 114.366 4.2
      vertex 46.9818 115.176 4.2
      vertex 46.957 115.173 4.2
    endloop
  endfacet
  facet normal 0 0 1
    outer loop
      vertex 46.9818 115.176 4.2
      vertex 46.957 114.366 4.2
      vertex 47.1675 114.382 4.2
    endloop
  endfacet
  facet normal 0 0 1
    outer loop
      vertex 52.0931 129.087 4.2
      vertex 48.8368 128.242 4.2
      vertex 52.0931 128.242 4.2
    endloop
  endfacet
  facet normal -0 0 1
    outer loop
      vertex 48.6706 129.087 4.2
      vertex 48.8368 128.242 4.2
      vertex 52.0931 129.087 4.2
    endloop
  endfacet
  facet normal 0 0 1
    outer loop
      vertex 48.6706 129.087 4.2
      vertex 48.3911 128.219 4.2
      vertex 48.8368 128.242 4.2
    endloop
  endfacet
  facet normal -0 0 1
    outer loop
      vertex 48.0883 129.048 4.2
      vertex 48.3911 128.219 4.2
      vertex 48.6706 129.087 4.2
    endloop
  endfacet
  facet normal 0 0 1
    outer loop
      vertex 48.0883 129.048 4.2
      vertex 48.0478 128.151 4.2
      vertex 48.3911 128.219 4.2
    endloop
  endfacet
  facet normal -0 0 1
    outer loop
      vertex 47.6263 128.93 4.2
      vertex 48.0478 128.151 4.2
      vertex 48.0883 129.048 4.2
    endloop
  endfacet
  facet normal 0 0 1
    outer loop
      vertex 48.0478 128.151 4.2
      vertex 47.6263 128.93 4.2
      vertex 47.8068 128.038 4.2
    endloop
  endfacet
  facet normal -0 0 1
    outer loop
      vertex 47.2845 128.733 4.2
      vertex 47.8068 128.038 4.2
      vertex 47.6263 128.93 4.2
    endloop
  endfacet
  facet normal -0 0 1
    outer loop
      vertex 47.0499 128.45 4.2
      vertex 47.8068 128.038 4.2
      vertex 47.2845 128.733 4.2
    endloop
  endfacet
  facet normal 0 0 1
    outer loop
      vertex 47.8068 128.038 4.2
      vertex 47.0499 128.45 4.2
      vertex 47.6485 127.865 4.2
    endloop
  endfacet
  facet normal -0 0 1
    outer loop
      vertex 46.909 128.073 4.2
      vertex 47.6485 127.865 4.2
      vertex 47.0499 128.45 4.2
    endloop
  endfacet
  facet normal 0 0 1
    outer loop
      vertex 47.5224 126.234 4.2
      vertex 47.9373 126.431 4.2
      vertex 47.7065 126.666 4.2
    endloop
  endfacet
  facet normal 0 0 1
    outer loop
      vertex 47.274 126.448 4.2
      vertex 47.7065 126.666 4.2
      vertex 47.5681 126.956 4.2
    endloop
  endfacet
  facet normal 0 0 1
    outer loop
      vertex 47.9373 126.431 4.2
      vertex 47.5224 126.234 4.2
      vertex 47.8352 126.044 4.2
    endloop
  endfacet
  facet normal -0 0 1
    outer loop
      vertex 46.9634 126.957 4.2
      vertex 47.5681 126.956 4.2
      vertex 47.5219 127.302 4.2
    endloop
  endfacet
  facet normal 0 0 1
    outer loop
      vertex 47.6485 127.865 4.2
      vertex 46.909 128.073 4.2
      vertex 47.5536 127.62 4.2
    endloop
  endfacet
  facet normal 0 -0 1
    outer loop
      vertex 46.8874 127.261 4.2
      vertex 47.5219 127.302 4.2
      vertex 46.8621 127.601 4.2
    endloop
  endfacet
  facet normal 0 -0 1
    outer loop
      vertex 46.9634 126.957 4.2
      vertex 47.5219 127.302 4.2
      vertex 46.8874 127.261 4.2
    endloop
  endfacet
  facet normal 0 0 1
    outer loop
      vertex 46.8621 127.601 4.2
      vertex 47.5536 127.62 4.2
      vertex 46.909 128.073 4.2
    endloop
  endfacet
  facet normal 0 0 1
    outer loop
      vertex 47.7065 126.666 4.2
      vertex 47.274 126.448 4.2
      vertex 47.5224 126.234 4.2
    endloop
  endfacet
  facet normal 0 0 1
    outer loop
      vertex 47.5536 127.62 4.2
      vertex 46.8621 127.601 4.2
      vertex 47.5219 127.302 4.2
    endloop
  endfacet
  facet normal 0 0 1
    outer loop
      vertex 47.5681 126.956 4.2
      vertex 46.9634 126.957 4.2
      vertex 47.09 126.687 4.2
    endloop
  endfacet
  facet normal 0 0 1
    outer loop
      vertex 47.5681 126.956 4.2
      vertex 47.09 126.687 4.2
      vertex 47.274 126.448 4.2
    endloop
  endfacet
  facet normal -0 0 1
    outer loop
      vertex 49.1169 126.12 4.2
      vertex 52.0931 125.275 4.2
      vertex 52.0931 126.12 4.2
    endloop
  endfacet
  facet normal 0 0 1
    outer loop
      vertex 49.1169 126.12 4.2
      vertex 48.8368 125.275 4.2
      vertex 52.0931 125.275 4.2
    endloop
  endfacet
  facet normal 0 0 1
    outer loop
      vertex 48.6461 126.155 4.2
      vertex 48.8368 125.275 4.2
      vertex 49.1169 126.12 4.2
    endloop
  endfacet
  facet normal 0 0 1
    outer loop
      vertex 48.6461 126.155 4.2
      vertex 48.3911 125.252 4.2
      vertex 48.8368 125.275 4.2
    endloop
  endfacet
  facet normal 0 0 1
    outer loop
      vertex 48.2529 126.258 4.2
      vertex 48.3911 125.252 4.2
      vertex 48.6461 126.155 4.2
    endloop
  endfacet
  facet normal -0 0 1
    outer loop
      vertex 47.8352 126.03 4.2
      vertex 48.3911 125.252 4.2
      vertex 48.2529 126.258 4.2
    endloop
  endfacet
  facet normal 0 0 1
    outer loop
      vertex 47.8352 126.044 4.2
      vertex 48.2529 126.258 4.2
      vertex 47.9373 126.431 4.2
    endloop
  endfacet
  facet normal 0 0 1
    outer loop
      vertex 48.2529 126.258 4.2
      vertex 47.8352 126.044 4.2
      vertex 47.8352 126.03 4.2
    endloop
  endfacet
  facet normal 0 0 1
    outer loop
      vertex 48.3911 125.252 4.2
      vertex 47.8352 126.03 4.2
      vertex 48.0478 125.184 4.2
    endloop
  endfacet
  facet normal -0 0 1
    outer loop
      vertex 47.5272 125.918 4.2
      vertex 48.0478 125.184 4.2
      vertex 47.8352 126.03 4.2
    endloop
  endfacet
  facet normal 0 0 1
    outer loop
      vertex 48.0478 125.184 4.2
      vertex 47.5272 125.918 4.2
      vertex 47.8068 125.071 4.2
    endloop
  endfacet
  facet normal -0 0 1
    outer loop
      vertex 47.2803 125.761 4.2
      vertex 47.8068 125.071 4.2
      vertex 47.5272 125.918 4.2
    endloop
  endfacet
  facet normal -0 0 1
    outer loop
      vertex 47.0947 125.557 4.2
      vertex 47.8068 125.071 4.2
      vertex 47.2803 125.761 4.2
    endloop
  endfacet
  facet normal 0 0 1
    outer loop
      vertex 47.8068 125.071 4.2
      vertex 47.0947 125.557 4.2
      vertex 47.6485 124.899 4.2
    endloop
  endfacet
  facet normal -0 0 1
    outer loop
      vertex 46.9655 125.304 4.2
      vertex 47.6485 124.899 4.2
      vertex 47.0947 125.557 4.2
    endloop
  endfacet
  facet normal -0 0 1
    outer loop
      vertex 46.8879 124.996 4.2
      vertex 47.6485 124.899 4.2
      vertex 46.9655 125.304 4.2
    endloop
  endfacet
  facet normal 0 -0 1
    outer loop
      vertex 46.8858 124.31 4.2
      vertex 47.5219 124.335 4.2
      vertex 46.8621 124.634 4.2
    endloop
  endfacet
  facet normal 0 0 1
    outer loop
      vertex 47.6485 124.899 4.2
      vertex 46.8879 124.996 4.2
      vertex 47.5536 124.653 4.2
    endloop
  endfacet
  facet normal 0 -0 1
    outer loop
      vertex 46.9571 124.02 4.2
      vertex 47.5219 124.335 4.2
      vertex 46.8858 124.31 4.2
    endloop
  endfacet
  facet normal 0 0 1
    outer loop
      vertex 46.8621 124.634 4.2
      vertex 47.5536 124.653 4.2
      vertex 46.8879 124.996 4.2
    endloop
  endfacet
  facet normal 0 0 1
    outer loop
      vertex 47.5219 124.335 4.2
      vertex 47.255 123.537 4.2
      vertex 47.5082 123.327 4.2
    endloop
  endfacet
  facet normal 0 0 1
    outer loop
      vertex 47.5536 124.653 4.2
      vertex 46.8621 124.634 4.2
      vertex 47.5219 124.335 4.2
    endloop
  endfacet
  facet normal 0 -0 1
    outer loop
      vertex 47.0757 123.766 4.2
      vertex 47.5219 124.335 4.2
      vertex 46.9571 124.02 4.2
    endloop
  endfacet
  facet normal 0 0 1
    outer loop
      vertex 47.5219 124.335 4.2
      vertex 47.0757 123.766 4.2
      vertex 47.255 123.537 4.2
    endloop
  endfacet
  facet normal 0 0 1
    outer loop
      vertex 47.5082 123.327 4.2
      vertex 47.9397 123.471 4.2
      vertex 47.7076 123.709 4.2
    endloop
  endfacet
  facet normal 0 0 1
    outer loop
      vertex 47.5082 123.327 4.2
      vertex 47.7076 123.709 4.2
      vertex 47.5683 123.997 4.2
    endloop
  endfacet
  facet normal 0 0 1
    outer loop
      vertex 47.9397 123.471 4.2
      vertex 47.5082 123.327 4.2
      vertex 47.8352 123.134 4.2
    endloop
  endfacet
  facet normal 0 0 1
    outer loop
      vertex 47.5082 123.327 4.2
      vertex 47.5683 123.997 4.2
      vertex 47.5219 124.335 4.2
    endloop
  endfacet
  facet normal -0 0 1
    outer loop
      vertex 49.1169 123.153 4.2
      vertex 52.0931 122.304 4.2
      vertex 52.0931 123.153 4.2
    endloop
  endfacet
  facet normal 0 0 1
    outer loop
      vertex 48.0536 122.304 4.2
      vertex 49.1169 123.153 4.2
      vertex 48.6485 123.189 4.2
    endloop
  endfacet
  facet normal 0 0 1
    outer loop
      vertex 49.1169 123.153 4.2
      vertex 48.0536 122.304 4.2
      vertex 52.0931 122.304 4.2
    endloop
  endfacet
  facet normal 0 0 1
    outer loop
      vertex 48.2561 123.295 4.2
      vertex 48.0536 122.304 4.2
      vertex 48.6485 123.189 4.2
    endloop
  endfacet
  facet normal 0 0 1
    outer loop
      vertex 47.8352 123.134 4.2
      vertex 48.2561 123.295 4.2
      vertex 47.9397 123.471 4.2
    endloop
  endfacet
  facet normal 0 0 1
    outer loop
      vertex 48.2561 123.295 4.2
      vertex 47.8352 123.134 4.2
      vertex 47.8352 123.12 4.2
    endloop
  endfacet
  facet normal 0 0 1
    outer loop
      vertex 48.2561 123.295 4.2
      vertex 47.8352 123.12 4.2
      vertex 48.0536 122.304 4.2
    endloop
  endfacet
  facet normal 0 0 1
    outer loop
      vertex 47.533 122.3 4.2
      vertex 47.8352 123.12 4.2
      vertex 47.6118 123.114 4.2
    endloop
  endfacet
  facet normal 0 0 1
    outer loop
      vertex 47.8352 123.12 4.2
      vertex 47.533 122.3 4.2
      vertex 48.0536 122.304 4.2
    endloop
  endfacet
  facet normal -0 0 1
    outer loop
      vertex 47.4417 123.108 4.2
      vertex 47.533 122.3 4.2
      vertex 47.6118 123.114 4.2
    endloop
  endfacet
  facet normal -0 0 1
    outer loop
      vertex 47.3249 123.103 4.2
      vertex 47.533 122.3 4.2
      vertex 47.4417 123.108 4.2
    endloop
  endfacet
  facet normal 0 0 1
    outer loop
      vertex 47.1675 122.291 4.2
      vertex 47.3249 123.103 4.2
      vertex 47.2382 123.099 4.2
    endloop
  endfacet
  facet normal 0 0 1
    outer loop
      vertex 47.3249 123.103 4.2
      vertex 47.1675 122.291 4.2
      vertex 47.533 122.3 4.2
    endloop
  endfacet
  facet normal -0 0 1
    outer loop
      vertex 47.1583 123.095 4.2
      vertex 47.1675 122.291 4.2
      vertex 47.2382 123.099 4.2
    endloop
  endfacet
  facet normal -0 0 1
    outer loop
      vertex 47.0852 123.092 4.2
      vertex 47.1675 122.291 4.2
      vertex 47.1583 123.095 4.2
    endloop
  endfacet
  facet normal -0 0 1
    outer loop
      vertex 47.0245 123.088 4.2
      vertex 47.1675 122.291 4.2
      vertex 47.0852 123.092 4.2
    endloop
  endfacet
  facet normal -0 0 1
    outer loop
      vertex 46.9818 123.085 4.2
      vertex 47.1675 122.291 4.2
      vertex 47.0245 123.088 4.2
    endloop
  endfacet
  facet normal 0 0 1
    outer loop
      vertex 46.957 122.275 4.2
      vertex 46.9818 123.085 4.2
      vertex 46.957 123.082 4.2
    endloop
  endfacet
  facet normal 0 0 1
    outer loop
      vertex 46.9818 123.085 4.2
      vertex 46.957 122.275 4.2
      vertex 47.1675 122.291 4.2
    endloop
  endfacet
  facet normal -0 0 1
    outer loop
      vertex 46.957 78.3515 4.2
      vertex 49.4444 77.5635 4.2
      vertex 46.957 79.3056 4.2
    endloop
  endfacet
  facet normal 0 0 1
    outer loop
      vertex 49.4444 77.5635 4.2
      vertex 46.957 78.3515 4.2
      vertex 48.9554 77.0793 4.2
    endloop
  endfacet
  facet normal 0 0 1
    outer loop
      vertex 49.4444 77.5635 4.2
      vertex 52.0931 78.4607 4.2
      vertex 52.0931 79.4148 4.2
    endloop
  endfacet
  facet normal 0 0 1
    outer loop
      vertex 52.0931 78.4607 4.2
      vertex 49.4444 77.5635 4.2
      vertex 49.9855 77.0793 4.2
    endloop
  endfacet
  facet normal 0 0 1
    outer loop
      vertex 49.9855 77.0793 4.2
      vertex 49.4444 77.5635 4.2
      vertex 49.4538 76.5952 4.2
    endloop
  endfacet
  facet normal -0 0 1
    outer loop
      vertex 48.9554 77.0793 4.2
      vertex 49.4538 76.5952 4.2
      vertex 49.4444 77.5635 4.2
    endloop
  endfacet
  facet normal 0 0 1
    outer loop
      vertex 46.957 75.7977 4.2
      vertex 49.4538 76.5952 4.2
      vertex 48.9554 77.0793 4.2
    endloop
  endfacet
  facet normal 0 0 1
    outer loop
      vertex 49.4538 76.5952 4.2
      vertex 46.957 75.7977 4.2
      vertex 46.957 74.853 4.2
    endloop
  endfacet
  facet normal -0 0 1
    outer loop
      vertex 49.4538 76.5952 4.2
      vertex 52.0931 75.6885 4.2
      vertex 49.9855 77.0793 4.2
    endloop
  endfacet
  facet normal 0 0 1
    outer loop
      vertex 52.0931 75.6885 4.2
      vertex 49.4538 76.5952 4.2
      vertex 52.0931 74.7676 4.2
    endloop
  endfacet
  facet normal -0 0 1
    outer loop
      vertex 51.0535 60.6354 4.2
      vertex 52.0931 59.7098 4.2
      vertex 52.0931 60.6354 4.2
    endloop
  endfacet
  facet normal 0 0 1
    outer loop
      vertex 52.0931 59.7098 4.2
      vertex 51.0535 60.6354 4.2
      vertex 51.0535 59.7098 4.2
    endloop
  endfacet
  facet normal -0 0 1
    outer loop
      vertex 51.0535 99.6976 4.2
      vertex 52.0931 98.772 4.2
      vertex 52.0931 99.6976 4.2
    endloop
  endfacet
  facet normal 0 0 1
    outer loop
      vertex 52.0931 98.772 4.2
      vertex 51.0535 99.6976 4.2
      vertex 51.0535 98.772 4.2
    endloop
  endfacet
  facet normal -0.956171 -0.292809 0
    outer loop
      vertex 52.1306 51.6445 4.2
      vertex 51.9581 52.2078 5
      vertex 51.9581 52.2078 4.2
    endloop
  endfacet
  facet normal -0.956171 -0.292809 0
    outer loop
      vertex 51.9581 52.2078 5
      vertex 52.1306 51.6445 4.2
      vertex 52.1306 51.6445 5
    endloop
  endfacet
  facet normal -0.842455 -0.538766 0
    outer loop
      vertex 51.9581 52.2078 4.2
      vertex 51.6707 52.6572 5
      vertex 51.6707 52.6572 4.2
    endloop
  endfacet
  facet normal -0.842455 -0.538766 0
    outer loop
      vertex 51.6707 52.6572 5
      vertex 51.9581 52.2078 4.2
      vertex 51.9581 52.2078 5
    endloop
  endfacet
  facet normal -0.642211 -0.766528 0
    outer loop
      vertex 51.2804 52.9842 4.2
      vertex 51.6707 52.6572 5
      vertex 51.2804 52.9842 5
    endloop
  endfacet
  facet normal -0.642211 -0.766528 -0
    outer loop
      vertex 51.6707 52.6572 5
      vertex 51.2804 52.9842 4.2
      vertex 51.6707 52.6572 4.2
    endloop
  endfacet
  facet normal -0.377621 -0.92596 0
    outer loop
      vertex 50.7993 53.1804 4.2
      vertex 51.2804 52.9842 5
      vertex 50.7993 53.1804 5
    endloop
  endfacet
  facet normal -0.377621 -0.92596 -0
    outer loop
      vertex 51.2804 52.9842 5
      vertex 50.7993 53.1804 4.2
      vertex 51.2804 52.9842 4.2
    endloop
  endfacet
  facet normal -0.113654 -0.99352 0
    outer loop
      vertex 50.2276 53.2458 4.2
      vertex 50.7993 53.1804 5
      vertex 50.2276 53.2458 5
    endloop
  endfacet
  facet normal -0.113654 -0.99352 -0
    outer loop
      vertex 50.7993 53.1804 5
      vertex 50.2276 53.2458 4.2
      vertex 50.7993 53.1804 4.2
    endloop
  endfacet
  facet normal 0.0949222 -0.995485 0
    outer loop
      vertex 49.8123 53.2062 4.2
      vertex 50.2276 53.2458 5
      vertex 49.8123 53.2062 5
    endloop
  endfacet
  facet normal 0.0949222 -0.995485 0
    outer loop
      vertex 50.2276 53.2458 5
      vertex 49.8123 53.2062 4.2
      vertex 50.2276 53.2458 4.2
    endloop
  endfacet
  facet normal 0.308035 -0.951375 0
    outer loop
      vertex 49.446 53.0876 4.2
      vertex 49.8123 53.2062 5
      vertex 49.446 53.0876 5
    endloop
  endfacet
  facet normal 0.308035 -0.951375 0
    outer loop
      vertex 49.8123 53.2062 5
      vertex 49.446 53.0876 4.2
      vertex 49.8123 53.2062 4.2
    endloop
  endfacet
  facet normal 0.529013 -0.848614 0
    outer loop
      vertex 49.1287 52.8898 4.2
      vertex 49.446 53.0876 5
      vertex 49.1287 52.8898 5
    endloop
  endfacet
  facet normal 0.529013 -0.848614 0
    outer loop
      vertex 49.446 53.0876 5
      vertex 49.1287 52.8898 4.2
      vertex 49.446 53.0876 4.2
    endloop
  endfacet
  facet normal 0.724932 -0.68882 0
    outer loop
      vertex 48.8731 52.6208 5
      vertex 49.1287 52.8898 4.2
      vertex 49.1287 52.8898 5
    endloop
  endfacet
  facet normal 0.724932 -0.68882 0
    outer loop
      vertex 49.1287 52.8898 4.2
      vertex 48.8731 52.6208 5
      vertex 48.8731 52.6208 4.2
    endloop
  endfacet
  facet normal 0.878067 -0.478537 0
    outer loop
      vertex 48.692 52.2885 5
      vertex 48.8731 52.6208 4.2
      vertex 48.8731 52.6208 5
    endloop
  endfacet
  facet normal 0.878067 -0.478537 0
    outer loop
      vertex 48.8731 52.6208 4.2
      vertex 48.692 52.2885 5
      vertex 48.692 52.2885 4.2
    endloop
  endfacet
  facet normal 0.96542 -0.2607 0
    outer loop
      vertex 48.5852 51.893 5
      vertex 48.692 52.2885 4.2
      vertex 48.692 52.2885 5
    endloop
  endfacet
  facet normal 0.96542 -0.2607 0
    outer loop
      vertex 48.692 52.2885 4.2
      vertex 48.5852 51.893 5
      vertex 48.5852 51.893 4.2
    endloop
  endfacet
  facet normal 0 -1 0
    outer loop
      vertex 48.5662 51.893 4.2
      vertex 48.5852 51.893 5
      vertex 48.5662 51.893 5
    endloop
  endfacet
  facet normal 0 -1 -0
    outer loop
      vertex 48.5852 51.893 5
      vertex 48.5662 51.893 4.2
      vertex 48.5852 51.893 4.2
    endloop
  endfacet
  facet normal -0.953299 -0.302027 0
    outer loop
      vertex 48.5662 51.893 4.2
      vertex 48.4581 52.2342 5
      vertex 48.4581 52.2342 4.2
    endloop
  endfacet
  facet normal -0.953299 -0.302027 0
    outer loop
      vertex 48.4581 52.2342 5
      vertex 48.5662 51.893 4.2
      vertex 48.5662 51.893 5
    endloop
  endfacet
  facet normal -0.850891 -0.525343 0
    outer loop
      vertex 48.4581 52.2342 4.2
      vertex 48.2793 52.5238 5
      vertex 48.2793 52.5238 4.2
    endloop
  endfacet
  facet normal -0.850891 -0.525343 0
    outer loop
      vertex 48.2793 52.5238 5
      vertex 48.4581 52.2342 4.2
      vertex 48.4581 52.2342 5
    endloop
  endfacet
  facet normal -0.690075 -0.723738 0
    outer loop
      vertex 48.0299 52.7616 4.2
      vertex 48.2793 52.5238 5
      vertex 48.0299 52.7616 5
    endloop
  endfacet
  facet normal -0.690075 -0.723738 -0
    outer loop
      vertex 48.2793 52.5238 5
      vertex 48.0299 52.7616 4.2
      vertex 48.2793 52.5238 4.2
    endloop
  endfacet
  facet normal -0.505881 -0.862603 0
    outer loop
      vertex 47.7286 52.9383 4.2
      vertex 48.0299 52.7616 5
      vertex 47.7286 52.9383 5
    endloop
  endfacet
  facet normal -0.505881 -0.862603 -0
    outer loop
      vertex 48.0299 52.7616 5
      vertex 47.7286 52.9383 4.2
      vertex 48.0299 52.7616 4.2
    endloop
  endfacet
  facet normal -0.302661 -0.953098 0
    outer loop
      vertex 47.3948 53.0443 4.2
      vertex 47.7286 52.9383 5
      vertex 47.3948 53.0443 5
    endloop
  endfacet
  facet normal -0.302661 -0.953098 -0
    outer loop
      vertex 47.7286 52.9383 5
      vertex 47.3948 53.0443 4.2
      vertex 47.7286 52.9383 4.2
    endloop
  endfacet
  facet normal -0.0961159 -0.99537 0
    outer loop
      vertex 47.0282 53.0797 4.2
      vertex 47.3948 53.0443 5
      vertex 47.0282 53.0797 5
    endloop
  endfacet
  facet normal -0.0961159 -0.99537 -0
    outer loop
      vertex 47.3948 53.0443 5
      vertex 47.0282 53.0797 4.2
      vertex 47.3948 53.0443 4.2
    endloop
  endfacet
  facet normal 0.128176 -0.991751 0
    outer loop
      vertex 46.5361 53.0161 4.2
      vertex 47.0282 53.0797 5
      vertex 46.5361 53.0161 5
    endloop
  endfacet
  facet normal 0.128176 -0.991751 0
    outer loop
      vertex 47.0282 53.0797 5
      vertex 46.5361 53.0161 4.2
      vertex 47.0282 53.0797 4.2
    endloop
  endfacet
  facet normal 0.413999 -0.910277 0
    outer loop
      vertex 46.1168 52.8254 4.2
      vertex 46.5361 53.0161 5
      vertex 46.1168 52.8254 5
    endloop
  endfacet
  facet normal 0.413999 -0.910277 0
    outer loop
      vertex 46.5361 53.0161 5
      vertex 46.1168 52.8254 4.2
      vertex 46.5361 53.0161 4.2
    endloop
  endfacet
  facet normal 0.675811 -0.737075 0
    outer loop
      vertex 45.7703 52.5077 4.2
      vertex 46.1168 52.8254 5
      vertex 45.7703 52.5077 5
    endloop
  endfacet
  facet normal 0.675811 -0.737075 0
    outer loop
      vertex 46.1168 52.8254 5
      vertex 45.7703 52.5077 4.2
      vertex 46.1168 52.8254 4.2
    endloop
  endfacet
  facet normal 0.85581 -0.51729 0
    outer loop
      vertex 45.5119 52.0802 5
      vertex 45.7703 52.5077 4.2
      vertex 45.7703 52.5077 5
    endloop
  endfacet
  facet normal 0.85581 -0.51729 0
    outer loop
      vertex 45.7703 52.5077 4.2
      vertex 45.5119 52.0802 5
      vertex 45.5119 52.0802 4.2
    endloop
  endfacet
  facet normal 0.958251 -0.285927 0
    outer loop
      vertex 45.3568 51.5604 5
      vertex 45.5119 52.0802 4.2
      vertex 45.5119 52.0802 5
    endloop
  endfacet
  facet normal 0.958251 -0.285927 0
    outer loop
      vertex 45.5119 52.0802 4.2
      vertex 45.3568 51.5604 5
      vertex 45.3568 51.5604 4.2
    endloop
  endfacet
  facet normal 0.996452 -0.0841636 0
    outer loop
      vertex 45.3051 50.9483 5
      vertex 45.3568 51.5604 4.2
      vertex 45.3568 51.5604 5
    endloop
  endfacet
  facet normal 0.996452 -0.0841636 0
    outer loop
      vertex 45.3568 51.5604 4.2
      vertex 45.3051 50.9483 5
      vertex 45.3051 50.9483 4.2
    endloop
  endfacet
  facet normal 0.996151 0.0876559 0
    outer loop
      vertex 45.3578 50.3494 5
      vertex 45.3051 50.9483 4.2
      vertex 45.3051 50.9483 5
    endloop
  endfacet
  facet normal 0.996151 0.0876559 0
    outer loop
      vertex 45.3051 50.9483 4.2
      vertex 45.3578 50.3494 5
      vertex 45.3578 50.3494 4.2
    endloop
  endfacet
  facet normal 0.955362 0.295436 0
    outer loop
      vertex 45.5161 49.8375 5
      vertex 45.3578 50.3494 4.2
      vertex 45.3578 50.3494 5
    endloop
  endfacet
  facet normal 0.955362 0.295436 0
    outer loop
      vertex 45.3578 50.3494 4.2
      vertex 45.5161 49.8375 5
      vertex 45.5161 49.8375 4.2
    endloop
  endfacet
  facet normal 0.849612 0.527408 0
    outer loop
      vertex 45.7798 49.4127 5
      vertex 45.5161 49.8375 4.2
      vertex 45.5161 49.8375 5
    endloop
  endfacet
  facet normal 0.849612 0.527408 0
    outer loop
      vertex 45.5161 49.8375 4.2
      vertex 45.7798 49.4127 5
      vertex 45.7798 49.4127 4.2
    endloop
  endfacet
  facet normal 0.673601 0.739095 -0
    outer loop
      vertex 46.1285 49.0949 4.2
      vertex 45.7798 49.4127 5
      vertex 46.1285 49.0949 5
    endloop
  endfacet
  facet normal 0.673601 0.739095 0
    outer loop
      vertex 45.7798 49.4127 5
      vertex 46.1285 49.0949 4.2
      vertex 45.7798 49.4127 4.2
    endloop
  endfacet
  facet normal 0.419114 0.907934 -0
    outer loop
      vertex 46.5414 48.9043 4.2
      vertex 46.1285 49.0949 5
      vertex 46.5414 48.9043 5
    endloop
  endfacet
  facet normal 0.419114 0.907934 0
    outer loop
      vertex 46.1285 49.0949 5
      vertex 46.5414 48.9043 4.2
      vertex 46.1285 49.0949 4.2
    endloop
  endfacet
  facet normal 0.132082 0.991239 -0
    outer loop
      vertex 47.0187 48.8407 4.2
      vertex 46.5414 48.9043 5
      vertex 47.0187 48.8407 5
    endloop
  endfacet
  facet normal 0.132082 0.991239 0
    outer loop
      vertex 46.5414 48.9043 5
      vertex 47.0187 48.8407 4.2
      vertex 46.5414 48.9043 4.2
    endloop
  endfacet
  facet normal -0.0953088 0.995448 0
    outer loop
      vertex 47.3853 48.8758 4.2
      vertex 47.0187 48.8407 5
      vertex 47.3853 48.8758 5
    endloop
  endfacet
  facet normal -0.0953088 0.995448 0
    outer loop
      vertex 47.0187 48.8407 5
      vertex 47.3853 48.8758 4.2
      vertex 47.0187 48.8407 4.2
    endloop
  endfacet
  facet normal -0.300502 0.953781 0
    outer loop
      vertex 47.7192 48.981 4.2
      vertex 47.3853 48.8758 5
      vertex 47.7192 48.981 5
    endloop
  endfacet
  facet normal -0.300502 0.953781 0
    outer loop
      vertex 47.3853 48.8758 5
      vertex 47.7192 48.981 4.2
      vertex 47.3853 48.8758 4.2
    endloop
  endfacet
  facet normal -0.503139 0.864205 0
    outer loop
      vertex 48.0203 49.1563 4.2
      vertex 47.7192 48.981 5
      vertex 48.0203 49.1563 5
    endloop
  endfacet
  facet normal -0.503139 0.864205 0
    outer loop
      vertex 47.7192 48.981 5
      vertex 48.0203 49.1563 4.2
      vertex 47.7192 48.981 4.2
    endloop
  endfacet
  facet normal -0.684288 0.729212 0
    outer loop
      vertex 48.2719 49.3924 4.2
      vertex 48.0203 49.1563 5
      vertex 48.2719 49.3924 5
    endloop
  endfacet
  facet normal -0.684288 0.729212 0
    outer loop
      vertex 48.0203 49.1563 5
      vertex 48.2719 49.3924 4.2
      vertex 48.0203 49.1563 4.2
    endloop
  endfacet
  facet normal -0.84055 0.541734 0
    outer loop
      vertex 48.2719 49.3924 4.2
      vertex 48.457 49.6796 5
      vertex 48.457 49.6796 4.2
    endloop
  endfacet
  facet normal -0.84055 0.541734 0
    outer loop
      vertex 48.457 49.6796 5
      vertex 48.2719 49.3924 4.2
      vertex 48.2719 49.3924 5
    endloop
  endfacet
  facet normal -0.943632 0.330996 0
    outer loop
      vertex 48.457 49.6796 4.2
      vertex 48.5757 50.018 5
      vertex 48.5757 50.018 4.2
    endloop
  endfacet
  facet normal -0.943632 0.330996 0
    outer loop
      vertex 48.5757 50.018 5
      vertex 48.457 49.6796 4.2
      vertex 48.457 49.6796 5
    endloop
  endfacet
  facet normal 0 1 -0
    outer loop
      vertex 48.5947 50.018 4.2
      vertex 48.5757 50.018 5
      vertex 48.5947 50.018 5
    endloop
  endfacet
  facet normal 0 1 0
    outer loop
      vertex 48.5757 50.018 5
      vertex 48.5947 50.018 4.2
      vertex 48.5757 50.018 4.2
    endloop
  endfacet
  facet normal 0.963106 0.269122 0
    outer loop
      vertex 48.697 49.6519 5
      vertex 48.5947 50.018 4.2
      vertex 48.5947 50.018 5
    endloop
  endfacet
  facet normal 0.963106 0.269122 0
    outer loop
      vertex 48.5947 50.018 4.2
      vertex 48.697 49.6519 5
      vertex 48.697 49.6519 4.2
    endloop
  endfacet
  facet normal 0.870847 0.491554 0
    outer loop
      vertex 48.8774 49.3323 5
      vertex 48.697 49.6519 4.2
      vertex 48.697 49.6519 5
    endloop
  endfacet
  facet normal 0.870847 0.491554 0
    outer loop
      vertex 48.697 49.6519 4.2
      vertex 48.8774 49.3323 5
      vertex 48.8774 49.3323 4.2
    endloop
  endfacet
  facet normal 0.726637 0.687022 0
    outer loop
      vertex 49.1358 49.059 5
      vertex 48.8774 49.3323 4.2
      vertex 48.8774 49.3323 5
    endloop
  endfacet
  facet normal 0.726637 0.687022 0
    outer loop
      vertex 48.8774 49.3323 4.2
      vertex 49.1358 49.059 5
      vertex 49.1358 49.059 4.2
    endloop
  endfacet
  facet normal 0.544703 0.838629 -0
    outer loop
      vertex 49.4565 48.8507 4.2
      vertex 49.1358 49.059 5
      vertex 49.4565 48.8507 5
    endloop
  endfacet
  facet normal 0.544703 0.838629 0
    outer loop
      vertex 49.1358 49.059 5
      vertex 49.4565 48.8507 4.2
      vertex 49.1358 49.059 4.2
    endloop
  endfacet
  facet normal 0.322333 0.946626 -0
    outer loop
      vertex 49.8236 48.7257 4.2
      vertex 49.4565 48.8507 5
      vertex 49.8236 48.7257 5
    endloop
  endfacet
  facet normal 0.322333 0.946626 0
    outer loop
      vertex 49.4565 48.8507 5
      vertex 49.8236 48.7257 4.2
      vertex 49.4565 48.8507 4.2
    endloop
  endfacet
  facet normal 0.100338 0.994953 -0
    outer loop
      vertex 50.2371 48.684 4.2
      vertex 49.8236 48.7257 5
      vertex 50.2371 48.684 5
    endloop
  endfacet
  facet normal 0.100338 0.994953 0
    outer loop
      vertex 49.8236 48.7257 5
      vertex 50.2371 48.684 4.2
      vertex 49.8236 48.7257 4.2
    endloop
  endfacet
  facet normal -0.116071 0.993241 0
    outer loop
      vertex 50.813 48.7513 4.2
      vertex 50.2371 48.684 5
      vertex 50.813 48.7513 5
    endloop
  endfacet
  facet normal -0.116071 0.993241 0
    outer loop
      vertex 50.2371 48.684 5
      vertex 50.813 48.7513 4.2
      vertex 50.2371 48.684 4.2
    endloop
  endfacet
  facet normal -0.386711 0.922201 0
    outer loop
      vertex 51.294 48.953 4.2
      vertex 50.813 48.7513 5
      vertex 51.294 48.953 5
    endloop
  endfacet
  facet normal -0.386711 0.922201 0
    outer loop
      vertex 50.813 48.7513 5
      vertex 51.294 48.953 4.2
      vertex 50.813 48.7513 4.2
    endloop
  endfacet
  facet normal -0.656802 0.754063 0
    outer loop
      vertex 51.6801 49.2893 4.2
      vertex 51.294 48.953 5
      vertex 51.6801 49.2893 5
    endloop
  endfacet
  facet normal -0.656802 0.754063 0
    outer loop
      vertex 51.294 48.953 5
      vertex 51.6801 49.2893 4.2
      vertex 51.294 48.953 4.2
    endloop
  endfacet
  facet normal -0.850026 0.52674 0
    outer loop
      vertex 51.6801 49.2893 4.2
      vertex 51.9623 49.7447 5
      vertex 51.9623 49.7447 4.2
    endloop
  endfacet
  facet normal -0.850026 0.52674 0
    outer loop
      vertex 51.9623 49.7447 5
      vertex 51.6801 49.2893 4.2
      vertex 51.6801 49.2893 5
    endloop
  endfacet
  facet normal -0.957127 0.28967 0
    outer loop
      vertex 51.9623 49.7447 4.2
      vertex 52.1316 50.3041 5
      vertex 52.1316 50.3041 4.2
    endloop
  endfacet
  facet normal -0.957127 0.28967 0
    outer loop
      vertex 52.1316 50.3041 5
      vertex 51.9623 49.7447 4.2
      vertex 51.9623 49.7447 5
    endloop
  endfacet
  facet normal -0.996403 0.0847364 0
    outer loop
      vertex 52.1316 50.3041 4.2
      vertex 52.188 50.9673 5
      vertex 52.188 50.9673 4.2
    endloop
  endfacet
  facet normal -0.996403 0.0847364 0
    outer loop
      vertex 52.188 50.9673 5
      vertex 52.1316 50.3041 4.2
      vertex 52.1316 50.3041 5
    endloop
  endfacet
  facet normal -0.996427 -0.0844579 0
    outer loop
      vertex 52.188 50.9673 4.2
      vertex 52.1306 51.6445 5
      vertex 52.1306 51.6445 4.2
    endloop
  endfacet
  facet normal -0.996427 -0.0844579 0
    outer loop
      vertex 52.1306 51.6445 5
      vertex 52.188 50.9673 4.2
      vertex 52.188 50.9673 5
    endloop
  endfacet
  facet normal 0.950224 -0.311569 0
    outer loop
      vertex 48.119 50.2859 5
      vertex 48.2194 50.5921 4.2
      vertex 48.2194 50.5921 5
    endloop
  endfacet
  facet normal 0.950224 -0.311569 0
    outer loop
      vertex 48.2194 50.5921 4.2
      vertex 48.119 50.2859 5
      vertex 48.119 50.2859 4.2
    endloop
  endfacet
  facet normal 0.82722 -0.561879 0
    outer loop
      vertex 47.9515 50.0393 5
      vertex 48.119 50.2859 4.2
      vertex 48.119 50.2859 5
    endloop
  endfacet
  facet normal 0.82722 -0.561879 0
    outer loop
      vertex 48.119 50.2859 4.2
      vertex 47.9515 50.0393 5
      vertex 47.9515 50.0393 4.2
    endloop
  endfacet
  facet normal 0.615426 -0.788195 0
    outer loop
      vertex 47.7202 49.8587 4.2
      vertex 47.9515 50.0393 5
      vertex 47.7202 49.8587 5
    endloop
  endfacet
  facet normal 0.615426 -0.788195 0
    outer loop
      vertex 47.9515 50.0393 5
      vertex 47.7202 49.8587 4.2
      vertex 47.9515 50.0393 4.2
    endloop
  endfacet
  facet normal 0.34813 -0.937446 0
    outer loop
      vertex 47.4283 49.7503 4.2
      vertex 47.7202 49.8587 5
      vertex 47.4283 49.7503 5
    endloop
  endfacet
  facet normal 0.34813 -0.937446 0
    outer loop
      vertex 47.7202 49.8587 5
      vertex 47.4283 49.7503 4.2
      vertex 47.7202 49.8587 4.2
    endloop
  endfacet
  facet normal 0.10185 -0.9948 0
    outer loop
      vertex 47.0757 49.7142 4.2
      vertex 47.4283 49.7503 5
      vertex 47.0757 49.7142 5
    endloop
  endfacet
  facet normal 0.10185 -0.9948 0
    outer loop
      vertex 47.4283 49.7503 5
      vertex 47.0757 49.7142 4.2
      vertex 47.4283 49.7503 4.2
    endloop
  endfacet
  facet normal -0.100787 -0.994908 0
    outer loop
      vertex 46.7302 49.7492 4.2
      vertex 47.0757 49.7142 5
      vertex 46.7302 49.7492 5
    endloop
  endfacet
  facet normal -0.100787 -0.994908 -0
    outer loop
      vertex 47.0757 49.7142 5
      vertex 46.7302 49.7492 4.2
      vertex 47.0757 49.7142 4.2
    endloop
  endfacet
  facet normal -0.34822 -0.937413 0
    outer loop
      vertex 46.447 49.8544 4.2
      vertex 46.7302 49.7492 5
      vertex 46.447 49.8544 5
    endloop
  endfacet
  facet normal -0.34822 -0.937413 -0
    outer loop
      vertex 46.7302 49.7492 5
      vertex 46.447 49.8544 4.2
      vertex 46.7302 49.7492 4.2
    endloop
  endfacet
  facet normal -0.621665 -0.783283 0
    outer loop
      vertex 46.226 50.0298 4.2
      vertex 46.447 49.8544 5
      vertex 46.226 50.0298 5
    endloop
  endfacet
  facet normal -0.621665 -0.783283 -0
    outer loop
      vertex 46.447 49.8544 5
      vertex 46.226 50.0298 4.2
      vertex 46.447 49.8544 4.2
    endloop
  endfacet
  facet normal -0.837432 -0.546542 0
    outer loop
      vertex 46.226 50.0298 4.2
      vertex 46.0678 50.2722 5
      vertex 46.0678 50.2722 4.2
    endloop
  endfacet
  facet normal -0.837432 -0.546542 0
    outer loop
      vertex 46.0678 50.2722 5
      vertex 46.226 50.0298 4.2
      vertex 46.226 50.0298 5
    endloop
  endfacet
  facet normal -0.955061 -0.296409 0
    outer loop
      vertex 46.0678 50.2722 4.2
      vertex 45.9728 50.5783 5
      vertex 45.9728 50.5783 4.2
    endloop
  endfacet
  facet normal -0.955061 -0.296409 0
    outer loop
      vertex 45.9728 50.5783 5
      vertex 46.0678 50.2722 4.2
      vertex 46.0678 50.2722 5
    endloop
  endfacet
  facet normal -0.996373 -0.0850956 0
    outer loop
      vertex 45.9728 50.5783 4.2
      vertex 45.9412 50.9483 5
      vertex 45.9412 50.9483 4.2
    endloop
  endfacet
  facet normal -0.996373 -0.0850956 0
    outer loop
      vertex 45.9412 50.9483 5
      vertex 45.9728 50.5783 4.2
      vertex 45.9728 50.5783 5
    endloop
  endfacet
  facet normal -0.983779 0.179387 0
    outer loop
      vertex 45.9412 50.9483 4.2
      vertex 46.0672 51.6393 5
      vertex 46.0672 51.6393 4.2
    endloop
  endfacet
  facet normal -0.983779 0.179387 0
    outer loop
      vertex 46.0672 51.6393 5
      vertex 45.9412 50.9483 4.2
      vertex 45.9412 50.9483 5
    endloop
  endfacet
  facet normal -0.738713 0.67402 0
    outer loop
      vertex 46.0672 51.6393 4.2
      vertex 46.4454 52.0538 5
      vertex 46.4454 52.0538 4.2
    endloop
  endfacet
  facet normal -0.738713 0.67402 0
    outer loop
      vertex 46.4454 52.0538 5
      vertex 46.0672 51.6393 4.2
      vertex 46.0672 51.6393 5
    endloop
  endfacet
  facet normal -0.214173 0.976796 0
    outer loop
      vertex 47.0757 52.192 4.2
      vertex 46.4454 52.0538 5
      vertex 47.0757 52.192 5
    endloop
  endfacet
  facet normal -0.214173 0.976796 0
    outer loop
      vertex 46.4454 52.0538 5
      vertex 47.0757 52.192 4.2
      vertex 46.4454 52.0538 4.2
    endloop
  endfacet
  facet normal 0.0928735 0.995678 -0
    outer loop
      vertex 47.452 52.1569 4.2
      vertex 47.0757 52.192 5
      vertex 47.452 52.1569 5
    endloop
  endfacet
  facet normal 0.0928735 0.995678 0
    outer loop
      vertex 47.0757 52.192 5
      vertex 47.452 52.1569 4.2
      vertex 47.0757 52.192 4.2
    endloop
  endfacet
  facet normal 0.331009 0.943628 -0
    outer loop
      vertex 47.7519 52.0517 4.2
      vertex 47.452 52.1569 5
      vertex 47.7519 52.0517 5
    endloop
  endfacet
  facet normal 0.331009 0.943628 0
    outer loop
      vertex 47.452 52.1569 5
      vertex 47.7519 52.0517 4.2
      vertex 47.452 52.1569 4.2
    endloop
  endfacet
  facet normal 0.617713 0.786404 -0
    outer loop
      vertex 47.9752 51.8763 4.2
      vertex 47.7519 52.0517 5
      vertex 47.9752 51.8763 5
    endloop
  endfacet
  facet normal 0.617713 0.786404 0
    outer loop
      vertex 47.7519 52.0517 5
      vertex 47.9752 51.8763 4.2
      vertex 47.7519 52.0517 4.2
    endloop
  endfacet
  facet normal 0.843489 0.537146 0
    outer loop
      vertex 48.1295 51.634 5
      vertex 47.9752 51.8763 4.2
      vertex 47.9752 51.8763 5
    endloop
  endfacet
  facet normal 0.843489 0.537146 0
    outer loop
      vertex 47.9752 51.8763 4.2
      vertex 48.1295 51.634 5
      vertex 48.1295 51.634 4.2
    endloop
  endfacet
  facet normal 0.957187 0.289469 0
    outer loop
      vertex 48.2221 51.3278 5
      vertex 48.1295 51.634 4.2
      vertex 48.1295 51.634 5
    endloop
  endfacet
  facet normal 0.957187 0.289469 0
    outer loop
      vertex 48.1295 51.634 4.2
      vertex 48.2221 51.3278 5
      vertex 48.2221 51.3278 4.2
    endloop
  endfacet
  facet normal 0.996553 0.0829563 0
    outer loop
      vertex 48.2529 50.9578 5
      vertex 48.2221 51.3278 4.2
      vertex 48.2221 51.3278 5
    endloop
  endfacet
  facet normal 0.996553 0.0829563 0
    outer loop
      vertex 48.2221 51.3278 4.2
      vertex 48.2529 50.9578 5
      vertex 48.2529 50.9578 4.2
    endloop
  endfacet
  facet normal 0.99583 -0.0912232 0
    outer loop
      vertex 48.2194 50.5921 5
      vertex 48.2529 50.9578 4.2
      vertex 48.2529 50.9578 5
    endloop
  endfacet
  facet normal 0.99583 -0.0912232 0
    outer loop
      vertex 48.2529 50.9578 4.2
      vertex 48.2194 50.5921 5
      vertex 48.2194 50.5921 4.2
    endloop
  endfacet
  facet normal 0.714289 -0.699851 0
    outer loop
      vertex 50.9333 49.7236 5
      vertex 51.3938 50.1936 4.2
      vertex 51.3938 50.1936 5
    endloop
  endfacet
  facet normal 0.714289 -0.699851 0
    outer loop
      vertex 51.3938 50.1936 4.2
      vertex 50.9333 49.7236 5
      vertex 50.9333 49.7236 4.2
    endloop
  endfacet
  facet normal 0.200068 -0.979782 0
    outer loop
      vertex 50.1659 49.5669 4.2
      vertex 50.9333 49.7236 5
      vertex 50.1659 49.5669 5
    endloop
  endfacet
  facet normal 0.200068 -0.979782 0
    outer loop
      vertex 50.9333 49.7236 5
      vertex 50.1659 49.5669 4.2
      vertex 50.9333 49.7236 4.2
    endloop
  endfacet
  facet normal -0.110105 -0.99392 0
    outer loop
      vertex 49.7985 49.6076 4.2
      vertex 50.1659 49.5669 5
      vertex 49.7985 49.6076 5
    endloop
  endfacet
  facet normal -0.110105 -0.99392 -0
    outer loop
      vertex 50.1659 49.5669 5
      vertex 49.7985 49.6076 4.2
      vertex 50.1659 49.5669 4.2
    endloop
  endfacet
  facet normal -0.364772 -0.931097 0
    outer loop
      vertex 49.4876 49.7294 4.2
      vertex 49.7985 49.6076 5
      vertex 49.4876 49.7294 5
    endloop
  endfacet
  facet normal -0.364772 -0.931097 -0
    outer loop
      vertex 49.7985 49.6076 5
      vertex 49.4876 49.7294 4.2
      vertex 49.7985 49.6076 4.2
    endloop
  endfacet
  facet normal -0.623758 -0.781617 0
    outer loop
      vertex 49.2331 49.9325 4.2
      vertex 49.4876 49.7294 5
      vertex 49.2331 49.9325 5
    endloop
  endfacet
  facet normal -0.623758 -0.781617 -0
    outer loop
      vertex 49.4876 49.7294 5
      vertex 49.2331 49.9325 4.2
      vertex 49.4876 49.7294 4.2
    endloop
  endfacet
  facet normal -0.825116 -0.564963 0
    outer loop
      vertex 49.2331 49.9325 4.2
      vertex 49.0446 50.2078 5
      vertex 49.0446 50.2078 4.2
    endloop
  endfacet
  facet normal -0.825116 -0.564963 0
    outer loop
      vertex 49.0446 50.2078 5
      vertex 49.2331 49.9325 4.2
      vertex 49.2331 49.9325 5
    endloop
  endfacet
  facet normal -0.948403 -0.317068 0
    outer loop
      vertex 49.0446 50.2078 4.2
      vertex 48.9314 50.5464 5
      vertex 48.9314 50.5464 4.2
    endloop
  endfacet
  facet normal -0.948403 -0.317068 0
    outer loop
      vertex 48.9314 50.5464 5
      vertex 49.0446 50.2078 4.2
      vertex 49.0446 50.2078 5
    endloop
  endfacet
  facet normal -0.995629 -0.0933944 0
    outer loop
      vertex 48.9314 50.5464 4.2
      vertex 48.8937 50.9483 5
      vertex 48.8937 50.9483 4.2
    endloop
  endfacet
  facet normal -0.995629 -0.0933944 0
    outer loop
      vertex 48.8937 50.9483 5
      vertex 48.9314 50.5464 4.2
      vertex 48.9314 50.5464 5
    endloop
  endfacet
  facet normal -0.996408 0.0846826 0
    outer loop
      vertex 48.8937 50.9483 4.2
      vertex 48.9288 51.3613 5
      vertex 48.9288 51.3613 4.2
    endloop
  endfacet
  facet normal -0.996408 0.0846826 0
    outer loop
      vertex 48.9288 51.3613 5
      vertex 48.8937 50.9483 4.2
      vertex 48.8937 50.9483 5
    endloop
  endfacet
  facet normal -0.956871 0.290513 0
    outer loop
      vertex 48.9288 51.3613 4.2
      vertex 49.034 51.7078 5
      vertex 49.034 51.7078 4.2
    endloop
  endfacet
  facet normal -0.956871 0.290513 0
    outer loop
      vertex 49.034 51.7078 5
      vertex 48.9288 51.3613 4.2
      vertex 48.9288 51.3613 5
    endloop
  endfacet
  facet normal -0.847454 0.530869 0
    outer loop
      vertex 49.034 51.7078 4.2
      vertex 49.2094 51.9878 5
      vertex 49.2094 51.9878 4.2
    endloop
  endfacet
  facet normal -0.847454 0.530869 0
    outer loop
      vertex 49.2094 51.9878 5
      vertex 49.034 51.7078 4.2
      vertex 49.034 51.7078 5
    endloop
  endfacet
  facet normal -0.644116 0.764927 0
    outer loop
      vertex 49.4538 52.1936 4.2
      vertex 49.2094 51.9878 5
      vertex 49.4538 52.1936 5
    endloop
  endfacet
  facet normal -0.644116 0.764927 0
    outer loop
      vertex 49.2094 51.9878 5
      vertex 49.4538 52.1936 4.2
      vertex 49.2094 51.9878 4.2
    endloop
  endfacet
  facet normal -0.367282 0.93011 0
    outer loop
      vertex 49.7663 52.317 4.2
      vertex 49.4538 52.1936 5
      vertex 49.7663 52.317 5
    endloop
  endfacet
  facet normal -0.367282 0.93011 0
    outer loop
      vertex 49.4538 52.1936 5
      vertex 49.7663 52.317 4.2
      vertex 49.4538 52.1936 4.2
    endloop
  endfacet
  facet normal -0.107363 0.99422 0
    outer loop
      vertex 50.1469 52.3581 4.2
      vertex 49.7663 52.317 5
      vertex 50.1469 52.3581 5
    endloop
  endfacet
  facet normal -0.107363 0.99422 0
    outer loop
      vertex 49.7663 52.317 5
      vertex 50.1469 52.3581 4.2
      vertex 49.7663 52.317 4.2
    endloop
  endfacet
  facet normal 0.0851844 0.996365 -0
    outer loop
      vertex 50.5902 52.3202 4.2
      vertex 50.1469 52.3581 5
      vertex 50.5902 52.3202 5
    endloop
  endfacet
  facet normal 0.0851844 0.996365 0
    outer loop
      vertex 50.1469 52.3581 5
      vertex 50.5902 52.3202 4.2
      vertex 50.1469 52.3581 4.2
    endloop
  endfacet
  facet normal 0.305593 0.952162 -0
    outer loop
      vertex 50.9454 52.2062 4.2
      vertex 50.5902 52.3202 5
      vertex 50.9454 52.2062 5
    endloop
  endfacet
  facet normal 0.305593 0.952162 0
    outer loop
      vertex 50.5902 52.3202 5
      vertex 50.9454 52.2062 4.2
      vertex 50.5902 52.3202 4.2
    endloop
  endfacet
  facet normal 0.579303 0.815112 -0
    outer loop
      vertex 51.2126 52.0163 4.2
      vertex 50.9454 52.2062 5
      vertex 51.2126 52.0163 5
    endloop
  endfacet
  facet normal 0.579303 0.815112 0
    outer loop
      vertex 50.9454 52.2062 5
      vertex 51.2126 52.0163 4.2
      vertex 50.9454 52.2062 4.2
    endloop
  endfacet
  facet normal 0.821074 0.570822 0
    outer loop
      vertex 51.3985 51.7489 5
      vertex 51.2126 52.0163 4.2
      vertex 51.2126 52.0163 5
    endloop
  endfacet
  facet normal 0.821074 0.570822 0
    outer loop
      vertex 51.2126 52.0163 4.2
      vertex 51.3985 51.7489 5
      vertex 51.3985 51.7489 4.2
    endloop
  endfacet
  facet normal 0.951848 0.306569 0
    outer loop
      vertex 51.5101 51.4024 5
      vertex 51.3985 51.7489 4.2
      vertex 51.3985 51.7489 5
    endloop
  endfacet
  facet normal 0.951848 0.306569 0
    outer loop
      vertex 51.3985 51.7489 4.2
      vertex 51.5101 51.4024 5
      vertex 51.5101 51.4024 4.2
    endloop
  endfacet
  facet normal 0.996202 0.087074 0
    outer loop
      vertex 51.5473 50.9768 5
      vertex 51.5101 51.4024 4.2
      vertex 51.5101 51.4024 5
    endloop
  endfacet
  facet normal 0.996202 0.087074 0
    outer loop
      vertex 51.5101 51.4024 4.2
      vertex 51.5473 50.9768 5
      vertex 51.5473 50.9768 4.2
    endloop
  endfacet
  facet normal 0.98133 -0.192332 0
    outer loop
      vertex 51.3938 50.1936 5
      vertex 51.5473 50.9768 4.2
      vertex 51.5473 50.9768 5
    endloop
  endfacet
  facet normal 0.98133 -0.192332 0
    outer loop
      vertex 51.5473 50.9768 4.2
      vertex 51.3938 50.1936 5
      vertex 51.3938 50.1936 4.2
    endloop
  endfacet
  facet normal -0.892394 -0.451257 0
    outer loop
      vertex 52.0899 109.2 4.2
      vertex 51.7956 109.782 5
      vertex 51.7956 109.782 4.2
    endloop
  endfacet
  facet normal -0.892394 -0.451257 0
    outer loop
      vertex 51.7956 109.782 5
      vertex 52.0899 109.2 4.2
      vertex 52.0899 109.2 5
    endloop
  endfacet
  facet normal -0.680881 -0.732395 0
    outer loop
      vertex 51.3051 110.238 4.2
      vertex 51.7956 109.782 5
      vertex 51.3051 110.238 5
    endloop
  endfacet
  facet normal -0.680881 -0.732395 -0
    outer loop
      vertex 51.7956 109.782 5
      vertex 51.3051 110.238 4.2
      vertex 51.7956 109.782 4.2
    endloop
  endfacet
  facet normal -0.437245 -0.899342 0
    outer loop
      vertex 50.6284 110.567 4.2
      vertex 51.3051 110.238 5
      vertex 50.6284 110.567 5
    endloop
  endfacet
  facet normal -0.437245 -0.899342 -0
    outer loop
      vertex 51.3051 110.238 5
      vertex 50.6284 110.567 4.2
      vertex 51.3051 110.238 4.2
    endloop
  endfacet
  facet normal -0.225076 -0.974341 0
    outer loop
      vertex 49.7756 110.764 4.2
      vertex 50.6284 110.567 5
      vertex 49.7756 110.764 5
    endloop
  endfacet
  facet normal -0.225076 -0.974341 -0
    outer loop
      vertex 50.6284 110.567 5
      vertex 49.7756 110.764 4.2
      vertex 50.6284 110.567 4.2
    endloop
  endfacet
  facet normal -0.0630425 -0.998011 0
    outer loop
      vertex 48.7466 110.829 4.2
      vertex 49.7756 110.764 5
      vertex 48.7466 110.829 5
    endloop
  endfacet
  facet normal -0.0630425 -0.998011 -0
    outer loop
      vertex 49.7756 110.764 5
      vertex 48.7466 110.829 4.2
      vertex 49.7756 110.764 4.2
    endloop
  endfacet
  facet normal 0.0593222 -0.998239 0
    outer loop
      vertex 47.7033 110.767 4.2
      vertex 48.7466 110.829 5
      vertex 47.7033 110.767 5
    endloop
  endfacet
  facet normal 0.0593222 -0.998239 0
    outer loop
      vertex 48.7466 110.829 5
      vertex 47.7033 110.767 4.2
      vertex 48.7466 110.829 4.2
    endloop
  endfacet
  facet normal 0.214132 -0.976805 0
    outer loop
      vertex 46.8457 110.579 4.2
      vertex 47.7033 110.767 5
      vertex 46.8457 110.579 5
    endloop
  endfacet
  facet normal 0.214132 -0.976805 0
    outer loop
      vertex 47.7033 110.767 5
      vertex 46.8457 110.579 4.2
      vertex 47.7033 110.767 4.2
    endloop
  endfacet
  facet normal 0.421163 -0.906985 0
    outer loop
      vertex 46.1738 110.267 4.2
      vertex 46.8457 110.579 5
      vertex 46.1738 110.267 5
    endloop
  endfacet
  facet normal 0.421163 -0.906985 0
    outer loop
      vertex 46.8457 110.579 5
      vertex 46.1738 110.267 4.2
      vertex 46.8457 110.579 4.2
    endloop
  endfacet
  facet normal 0.677063 -0.735925 0
    outer loop
      vertex 45.6912 109.823 4.2
      vertex 46.1738 110.267 5
      vertex 45.6912 109.823 5
    endloop
  endfacet
  facet normal 0.677063 -0.735925 0
    outer loop
      vertex 46.1738 110.267 5
      vertex 45.6912 109.823 4.2
      vertex 46.1738 110.267 4.2
    endloop
  endfacet
  facet normal 0.894981 -0.446104 0
    outer loop
      vertex 45.4016 109.242 5
      vertex 45.6912 109.823 4.2
      vertex 45.6912 109.823 5
    endloop
  endfacet
  facet normal 0.894981 -0.446104 0
    outer loop
      vertex 45.6912 109.823 4.2
      vertex 45.4016 109.242 5
      vertex 45.4016 109.242 4.2
    endloop
  endfacet
  facet normal 0.991138 -0.13284 0
    outer loop
      vertex 45.3051 108.522 5
      vertex 45.4016 109.242 4.2
      vertex 45.4016 109.242 5
    endloop
  endfacet
  facet normal 0.991138 -0.13284 0
    outer loop
      vertex 45.4016 109.242 4.2
      vertex 45.3051 108.522 5
      vertex 45.3051 108.522 4.2
    endloop
  endfacet
  facet normal 0.991709 0.128505 0
    outer loop
      vertex 45.4006 107.785 5
      vertex 45.3051 108.522 4.2
      vertex 45.3051 108.522 5
    endloop
  endfacet
  facet normal 0.991709 0.128505 0
    outer loop
      vertex 45.3051 108.522 4.2
      vertex 45.4006 107.785 5
      vertex 45.4006 107.785 4.2
    endloop
  endfacet
  facet normal 0.900478 0.434902 0
    outer loop
      vertex 45.687 107.192 5
      vertex 45.4006 107.785 4.2
      vertex 45.4006 107.785 5
    endloop
  endfacet
  facet normal 0.900478 0.434902 0
    outer loop
      vertex 45.4006 107.785 4.2
      vertex 45.687 107.192 5
      vertex 45.687 107.192 4.2
    endloop
  endfacet
  facet normal 0.68356 0.729895 -0
    outer loop
      vertex 46.1643 106.745 4.2
      vertex 45.687 107.192 5
      vertex 46.1643 106.745 5
    endloop
  endfacet
  facet normal 0.68356 0.729895 0
    outer loop
      vertex 45.687 107.192 5
      vertex 46.1643 106.745 4.2
      vertex 45.687 107.192 4.2
    endloop
  endfacet
  facet normal 0.423879 0.905719 -0
    outer loop
      vertex 46.8331 106.432 4.2
      vertex 46.1643 106.745 5
      vertex 46.8331 106.432 5
    endloop
  endfacet
  facet normal 0.423879 0.905719 0
    outer loop
      vertex 46.1643 106.745 5
      vertex 46.8331 106.432 4.2
      vertex 46.1643 106.745 4.2
    endloop
  endfacet
  facet normal 0.212312 0.977202 -0
    outer loop
      vertex 47.6938 106.245 4.2
      vertex 46.8331 106.432 5
      vertex 47.6938 106.245 5
    endloop
  endfacet
  facet normal 0.212312 0.977202 0
    outer loop
      vertex 46.8331 106.432 5
      vertex 47.6938 106.245 4.2
      vertex 46.8331 106.432 4.2
    endloop
  endfacet
  facet normal 0.0597336 0.998214 -0
    outer loop
      vertex 48.7466 106.182 4.2
      vertex 47.6938 106.245 5
      vertex 48.7466 106.182 5
    endloop
  endfacet
  facet normal 0.0597336 0.998214 0
    outer loop
      vertex 47.6938 106.245 5
      vertex 48.7466 106.182 4.2
      vertex 47.6938 106.245 4.2
    endloop
  endfacet
  facet normal -0.062757 0.998029 0
    outer loop
      vertex 49.7803 106.247 4.2
      vertex 48.7466 106.182 5
      vertex 49.7803 106.247 5
    endloop
  endfacet
  facet normal -0.062757 0.998029 0
    outer loop
      vertex 48.7466 106.182 5
      vertex 49.7803 106.247 4.2
      vertex 48.7466 106.182 4.2
    endloop
  endfacet
  facet normal -0.220313 0.975429 0
    outer loop
      vertex 50.6348 106.44 4.2
      vertex 49.7803 106.247 5
      vertex 50.6348 106.44 5
    endloop
  endfacet
  facet normal -0.220313 0.975429 0
    outer loop
      vertex 49.7803 106.247 5
      vertex 50.6348 106.44 4.2
      vertex 49.7803 106.247 4.2
    endloop
  endfacet
  facet normal -0.429414 0.903108 0
    outer loop
      vertex 51.3099 106.761 4.2
      vertex 50.6348 106.44 5
      vertex 51.3099 106.761 5
    endloop
  endfacet
  facet normal -0.429414 0.903108 0
    outer loop
      vertex 50.6348 106.44 5
      vertex 51.3099 106.761 4.2
      vertex 50.6348 106.44 4.2
    endloop
  endfacet
  facet normal -0.678055 0.735011 0
    outer loop
      vertex 51.7977 107.211 4.2
      vertex 51.3099 106.761 5
      vertex 51.7977 107.211 5
    endloop
  endfacet
  facet normal -0.678055 0.735011 0
    outer loop
      vertex 51.3099 106.761 5
      vertex 51.7977 107.211 4.2
      vertex 51.3099 106.761 4.2
    endloop
  endfacet
  facet normal -0.892069 0.451899 0
    outer loop
      vertex 51.7977 107.211 4.2
      vertex 52.0905 107.789 5
      vertex 52.0905 107.789 4.2
    endloop
  endfacet
  facet normal -0.892069 0.451899 0
    outer loop
      vertex 52.0905 107.789 5
      vertex 51.7977 107.211 4.2
      vertex 51.7977 107.211 5
    endloop
  endfacet
  facet normal -0.990572 0.136994 0
    outer loop
      vertex 52.0905 107.789 4.2
      vertex 52.188 108.494 5
      vertex 52.188 108.494 4.2
    endloop
  endfacet
  facet normal -0.990572 0.136994 0
    outer loop
      vertex 52.188 108.494 5
      vertex 52.0905 107.789 4.2
      vertex 52.0905 107.789 5
    endloop
  endfacet
  facet normal -0.990484 -0.13763 0
    outer loop
      vertex 52.188 108.494 4.2
      vertex 52.0899 109.2 5
      vertex 52.0899 109.2 4.2
    endloop
  endfacet
  facet normal -0.990484 -0.13763 0
    outer loop
      vertex 52.0899 109.2 5
      vertex 52.188 108.494 4.2
      vertex 52.188 108.494 5
    endloop
  endfacet
  facet normal 0.859536 -0.511075 0
    outer loop
      vertex 51.197 107.673 5
      vertex 51.417 108.043 4.2
      vertex 51.417 108.043 5
    endloop
  endfacet
  facet normal 0.859536 -0.511075 0
    outer loop
      vertex 51.417 108.043 4.2
      vertex 51.197 107.673 5
      vertex 51.197 107.673 4.2
    endloop
  endfacet
  facet normal 0.604339 -0.796727 0
    outer loop
      vertex 50.8305 107.395 4.2
      vertex 51.197 107.673 5
      vertex 50.8305 107.395 5
    endloop
  endfacet
  facet normal 0.604339 -0.796727 0
    outer loop
      vertex 51.197 107.673 5
      vertex 50.8305 107.395 4.2
      vertex 51.197 107.673 4.2
    endloop
  endfacet
  facet normal 0.346732 -0.937964 0
    outer loop
      vertex 50.3057 107.201 4.2
      vertex 50.8305 107.395 5
      vertex 50.3057 107.201 5
    endloop
  endfacet
  facet normal 0.346732 -0.937964 0
    outer loop
      vertex 50.8305 107.395 5
      vertex 50.3057 107.201 4.2
      vertex 50.8305 107.395 4.2
    endloop
  endfacet
  facet normal 0.164698 -0.986344 0
    outer loop
      vertex 49.611 107.085 4.2
      vertex 50.3057 107.201 5
      vertex 49.611 107.085 5
    endloop
  endfacet
  facet normal 0.164698 -0.986344 0
    outer loop
      vertex 50.3057 107.201 5
      vertex 49.611 107.085 4.2
      vertex 50.3057 107.201 4.2
    endloop
  endfacet
  facet normal 0.0450721 -0.998984 0
    outer loop
      vertex 48.7466 107.046 4.2
      vertex 49.611 107.085 5
      vertex 48.7466 107.046 5
    endloop
  endfacet
  facet normal 0.0450721 -0.998984 0
    outer loop
      vertex 49.611 107.085 5
      vertex 48.7466 107.046 4.2
      vertex 49.611 107.085 4.2
    endloop
  endfacet
  facet normal -0.0428452 -0.999082 0
    outer loop
      vertex 47.8605 107.084 4.2
      vertex 48.7466 107.046 5
      vertex 47.8605 107.084 5
    endloop
  endfacet
  facet normal -0.0428452 -0.999082 -0
    outer loop
      vertex 48.7466 107.046 5
      vertex 47.8605 107.084 4.2
      vertex 48.7466 107.046 4.2
    endloop
  endfacet
  facet normal -0.161551 -0.986864 0
    outer loop
      vertex 47.158 107.199 4.2
      vertex 47.8605 107.084 5
      vertex 47.158 107.199 5
    endloop
  endfacet
  facet normal -0.161551 -0.986864 -0
    outer loop
      vertex 47.8605 107.084 5
      vertex 47.158 107.199 4.2
      vertex 47.8605 107.084 4.2
    endloop
  endfacet
  facet normal -0.34537 -0.938467 0
    outer loop
      vertex 46.639 107.39 4.2
      vertex 47.158 107.199 5
      vertex 46.639 107.39 5
    endloop
  endfacet
  facet normal -0.34537 -0.938467 -0
    outer loop
      vertex 47.158 107.199 5
      vertex 46.639 107.39 4.2
      vertex 47.158 107.199 4.2
    endloop
  endfacet
  facet normal -0.616845 -0.787085 0
    outer loop
      vertex 46.283 107.669 4.2
      vertex 46.639 107.39 5
      vertex 46.283 107.669 5
    endloop
  endfacet
  facet normal -0.616845 -0.787085 -0
    outer loop
      vertex 46.639 107.39 5
      vertex 46.283 107.669 4.2
      vertex 46.639 107.39 4.2
    endloop
  endfacet
  facet normal -0.870055 -0.492954 0
    outer loop
      vertex 46.283 107.669 4.2
      vertex 46.0694 108.046 5
      vertex 46.0694 108.046 4.2
    endloop
  endfacet
  facet normal -0.870055 -0.492954 0
    outer loop
      vertex 46.0694 108.046 5
      vertex 46.283 107.669 4.2
      vertex 46.283 107.669 5
    endloop
  endfacet
  facet normal -0.988997 -0.147934 0
    outer loop
      vertex 46.0694 108.046 4.2
      vertex 45.9982 108.522 5
      vertex 45.9982 108.522 4.2
    endloop
  endfacet
  facet normal -0.988997 -0.147934 0
    outer loop
      vertex 45.9982 108.522 5
      vertex 46.0694 108.046 4.2
      vertex 46.0694 108.046 5
    endloop
  endfacet
  facet normal -0.988159 0.15343 0
    outer loop
      vertex 45.9982 108.522 4.2
      vertex 46.0704 108.987 5
      vertex 46.0704 108.987 4.2
    endloop
  endfacet
  facet normal -0.988159 0.15343 0
    outer loop
      vertex 46.0704 108.987 5
      vertex 45.9982 108.522 4.2
      vertex 45.9982 108.522 5
    endloop
  endfacet
  facet normal -0.861597 0.507593 0
    outer loop
      vertex 46.0704 108.987 4.2
      vertex 46.2872 109.355 5
      vertex 46.2872 109.355 4.2
    endloop
  endfacet
  facet normal -0.861597 0.507593 0
    outer loop
      vertex 46.2872 109.355 5
      vertex 46.0704 108.987 4.2
      vertex 46.0704 108.987 5
    endloop
  endfacet
  facet normal -0.600035 0.799973 0
    outer loop
      vertex 46.6485 109.626 4.2
      vertex 46.2872 109.355 5
      vertex 46.6485 109.626 5
    endloop
  endfacet
  facet normal -0.600035 0.799973 0
    outer loop
      vertex 46.2872 109.355 5
      vertex 46.6485 109.626 4.2
      vertex 46.2872 109.355 4.2
    endloop
  endfacet
  facet normal -0.335593 0.942007 0
    outer loop
      vertex 47.1706 109.812 4.2
      vertex 46.6485 109.626 5
      vertex 47.1706 109.812 5
    endloop
  endfacet
  facet normal -0.335593 0.942007 0
    outer loop
      vertex 46.6485 109.626 5
      vertex 47.1706 109.812 4.2
      vertex 46.6485 109.626 4.2
    endloop
  endfacet
  facet normal -0.158123 0.987419 0
    outer loop
      vertex 47.87 109.924 4.2
      vertex 47.1706 109.812 5
      vertex 47.87 109.924 5
    endloop
  endfacet
  facet normal -0.158123 0.987419 0
    outer loop
      vertex 47.1706 109.812 5
      vertex 47.87 109.924 4.2
      vertex 47.1706 109.812 4.2
    endloop
  endfacet
  facet normal -0.042171 0.99911 0
    outer loop
      vertex 48.7466 109.961 4.2
      vertex 47.87 109.924 5
      vertex 48.7466 109.961 5
    endloop
  endfacet
  facet normal -0.042171 0.99911 0
    outer loop
      vertex 47.87 109.924 5
      vertex 48.7466 109.961 4.2
      vertex 47.87 109.924 4.2
    endloop
  endfacet
  facet normal 0.0458234 0.99895 -0
    outer loop
      vertex 49.5968 109.922 4.2
      vertex 48.7466 109.961 5
      vertex 49.5968 109.922 5
    endloop
  endfacet
  facet normal 0.0458234 0.99895 0
    outer loop
      vertex 48.7466 109.961 5
      vertex 49.5968 109.922 4.2
      vertex 48.7466 109.961 4.2
    endloop
  endfacet
  facet normal 0.167202 0.985923 -0
    outer loop
      vertex 50.2867 109.805 4.2
      vertex 49.5968 109.922 5
      vertex 50.2867 109.805 5
    endloop
  endfacet
  facet normal 0.167202 0.985923 0
    outer loop
      vertex 49.5968 109.922 5
      vertex 50.2867 109.805 4.2
      vertex 49.5968 109.922 4.2
    endloop
  endfacet
  facet normal 0.347141 0.937813 -0
    outer loop
      vertex 50.8162 109.609 4.2
      vertex 50.2867 109.805 5
      vertex 50.8162 109.609 5
    endloop
  endfacet
  facet normal 0.347141 0.937813 0
    outer loop
      vertex 50.2867 109.805 5
      vertex 50.8162 109.609 4.2
      vertex 50.2867 109.805 4.2
    endloop
  endfacet
  facet normal 0.597427 0.801923 -0
    outer loop
      vertex 51.1907 109.33 4.2
      vertex 50.8162 109.609 5
      vertex 51.1907 109.33 5
    endloop
  endfacet
  facet normal 0.597427 0.801923 0
    outer loop
      vertex 50.8162 109.609 5
      vertex 51.1907 109.33 4.2
      vertex 50.8162 109.609 4.2
    endloop
  endfacet
  facet normal 0.853477 0.521131 0
    outer loop
      vertex 51.4154 108.962 5
      vertex 51.1907 109.33 4.2
      vertex 51.1907 109.33 5
    endloop
  endfacet
  facet normal 0.853477 0.521131 0
    outer loop
      vertex 51.1907 109.33 4.2
      vertex 51.4154 108.962 5
      vertex 51.4154 108.962 4.2
    endloop
  endfacet
  facet normal 0.986946 0.161051 0
    outer loop
      vertex 51.4903 108.503 5
      vertex 51.4154 108.962 4.2
      vertex 51.4154 108.962 5
    endloop
  endfacet
  facet normal 0.986946 0.161051 0
    outer loop
      vertex 51.4154 108.962 4.2
      vertex 51.4903 108.503 5
      vertex 51.4903 108.503 4.2
    endloop
  endfacet
  facet normal 0.987541 -0.157362 0
    outer loop
      vertex 51.417 108.043 5
      vertex 51.4903 108.503 4.2
      vertex 51.4903 108.503 5
    endloop
  endfacet
  facet normal 0.987541 -0.157362 0
    outer loop
      vertex 51.4903 108.503 4.2
      vertex 51.417 108.043 5
      vertex 51.417 108.043 4.2
    endloop
  endfacet
  facet normal -0.956127 -0.292952 0
    outer loop
      vertex 52.1306 103.905 4.2
      vertex 51.9581 104.468 5
      vertex 51.9581 104.468 4.2
    endloop
  endfacet
  facet normal -0.956127 -0.292952 0
    outer loop
      vertex 51.9581 104.468 5
      vertex 52.1306 103.905 4.2
      vertex 52.1306 103.905 5
    endloop
  endfacet
  facet normal -0.842781 -0.538256 0
    outer loop
      vertex 51.9581 104.468 4.2
      vertex 51.6707 104.918 5
      vertex 51.6707 104.918 4.2
    endloop
  endfacet
  facet normal -0.842781 -0.538256 0
    outer loop
      vertex 51.6707 104.918 5
      vertex 51.9581 104.468 4.2
      vertex 51.9581 104.468 5
    endloop
  endfacet
  facet normal -0.642211 -0.766528 0
    outer loop
      vertex 51.2804 105.245 4.2
      vertex 51.6707 104.918 5
      vertex 51.2804 105.245 5
    endloop
  endfacet
  facet normal -0.642211 -0.766528 -0
    outer loop
      vertex 51.6707 104.918 5
      vertex 51.2804 105.245 4.2
      vertex 51.6707 104.918 4.2
    endloop
  endfacet
  facet normal -0.377291 -0.926095 0
    outer loop
      vertex 50.7993 105.441 4.2
      vertex 51.2804 105.245 5
      vertex 50.7993 105.441 5
    endloop
  endfacet
  facet normal -0.377291 -0.926095 -0
    outer loop
      vertex 51.2804 105.245 5
      vertex 50.7993 105.441 4.2
      vertex 51.2804 105.245 4.2
    endloop
  endfacet
  facet normal -0.112968 -0.993599 0
    outer loop
      vertex 50.2276 105.506 4.2
      vertex 50.7993 105.441 5
      vertex 50.2276 105.506 5
    endloop
  endfacet
  facet normal -0.112968 -0.993599 -0
    outer loop
      vertex 50.7993 105.441 5
      vertex 50.2276 105.506 4.2
      vertex 50.7993 105.441 4.2
    endloop
  endfacet
  facet normal 0.0934967 -0.99562 0
    outer loop
      vertex 49.8123 105.467 4.2
      vertex 50.2276 105.506 5
      vertex 49.8123 105.467 5
    endloop
  endfacet
  facet normal 0.0934967 -0.99562 0
    outer loop
      vertex 50.2276 105.506 5
      vertex 49.8123 105.467 4.2
      vertex 50.2276 105.506 4.2
    endloop
  endfacet
  facet normal 0.308975 -0.95107 0
    outer loop
      vertex 49.446 105.348 4.2
      vertex 49.8123 105.467 5
      vertex 49.446 105.348 5
    endloop
  endfacet
  facet normal 0.308975 -0.95107 0
    outer loop
      vertex 49.8123 105.467 5
      vertex 49.446 105.348 4.2
      vertex 49.8123 105.467 4.2
    endloop
  endfacet
  facet normal 0.529398 -0.848374 0
    outer loop
      vertex 49.1287 105.15 4.2
      vertex 49.446 105.348 5
      vertex 49.1287 105.15 5
    endloop
  endfacet
  facet normal 0.529398 -0.848374 0
    outer loop
      vertex 49.446 105.348 5
      vertex 49.1287 105.15 4.2
      vertex 49.446 105.348 4.2
    endloop
  endfacet
  facet normal 0.724932 -0.68882 0
    outer loop
      vertex 48.8731 104.881 5
      vertex 49.1287 105.15 4.2
      vertex 49.1287 105.15 5
    endloop
  endfacet
  facet normal 0.724932 -0.68882 0
    outer loop
      vertex 49.1287 105.15 4.2
      vertex 48.8731 104.881 5
      vertex 48.8731 104.881 4.2
    endloop
  endfacet
  facet normal 0.877885 -0.478871 0
    outer loop
      vertex 48.692 104.549 5
      vertex 48.8731 104.881 4.2
      vertex 48.8731 104.881 5
    endloop
  endfacet
  facet normal 0.877885 -0.478871 0
    outer loop
      vertex 48.8731 104.881 4.2
      vertex 48.692 104.549 5
      vertex 48.692 104.549 4.2
    endloop
  endfacet
  facet normal 0.965337 -0.261008 0
    outer loop
      vertex 48.5852 104.154 5
      vertex 48.692 104.549 4.2
      vertex 48.692 104.549 5
    endloop
  endfacet
  facet normal 0.965337 -0.261008 0
    outer loop
      vertex 48.692 104.549 4.2
      vertex 48.5852 104.154 5
      vertex 48.5852 104.154 4.2
    endloop
  endfacet
  facet normal 0 -1 0
    outer loop
      vertex 48.5662 104.154 4.2
      vertex 48.5852 104.154 5
      vertex 48.5662 104.154 5
    endloop
  endfacet
  facet normal 0 -1 -0
    outer loop
      vertex 48.5852 104.154 5
      vertex 48.5662 104.154 4.2
      vertex 48.5852 104.154 4.2
    endloop
  endfacet
  facet normal -0.953248 -0.302188 0
    outer loop
      vertex 48.5662 104.154 4.2
      vertex 48.4581 104.495 5
      vertex 48.4581 104.495 4.2
    endloop
  endfacet
  facet normal -0.953248 -0.302188 0
    outer loop
      vertex 48.4581 104.495 5
      vertex 48.5662 104.154 4.2
      vertex 48.5662 104.154 5
    endloop
  endfacet
  facet normal -0.850403 -0.526132 0
    outer loop
      vertex 48.4581 104.495 4.2
      vertex 48.2793 104.784 5
      vertex 48.2793 104.784 4.2
    endloop
  endfacet
  facet normal -0.850403 -0.526132 0
    outer loop
      vertex 48.2793 104.784 5
      vertex 48.4581 104.495 4.2
      vertex 48.4581 104.495 5
    endloop
  endfacet
  facet normal -0.690379 -0.723448 0
    outer loop
      vertex 48.0299 105.022 4.2
      vertex 48.2793 104.784 5
      vertex 48.0299 105.022 5
    endloop
  endfacet
  facet normal -0.690379 -0.723448 -0
    outer loop
      vertex 48.2793 104.784 5
      vertex 48.0299 105.022 4.2
      vertex 48.2793 104.784 4.2
    endloop
  endfacet
  facet normal -0.50652 -0.862228 0
    outer loop
      vertex 47.7286 105.199 4.2
      vertex 48.0299 105.022 5
      vertex 47.7286 105.199 5
    endloop
  endfacet
  facet normal -0.50652 -0.862228 -0
    outer loop
      vertex 48.0299 105.022 5
      vertex 47.7286 105.199 4.2
      vertex 48.0299 105.022 4.2
    endloop
  endfacet
  facet normal -0.302661 -0.953098 0
    outer loop
      vertex 47.3948 105.305 4.2
      vertex 47.7286 105.199 5
      vertex 47.3948 105.305 5
    endloop
  endfacet
  facet normal -0.302661 -0.953098 -0
    outer loop
      vertex 47.7286 105.199 5
      vertex 47.3948 105.305 4.2
      vertex 47.7286 105.199 4.2
    endloop
  endfacet
  facet normal -0.0950397 -0.995473 0
    outer loop
      vertex 47.0282 105.34 4.2
      vertex 47.3948 105.305 5
      vertex 47.0282 105.34 5
    endloop
  endfacet
  facet normal -0.0950397 -0.995473 -0
    outer loop
      vertex 47.3948 105.305 5
      vertex 47.0282 105.34 4.2
      vertex 47.3948 105.305 4.2
    endloop
  endfacet
  facet normal 0.126986 -0.991904 0
    outer loop
      vertex 46.5361 105.277 4.2
      vertex 47.0282 105.34 5
      vertex 46.5361 105.277 5
    endloop
  endfacet
  facet normal 0.126986 -0.991904 0
    outer loop
      vertex 47.0282 105.34 5
      vertex 46.5361 105.277 4.2
      vertex 47.0282 105.34 4.2
    endloop
  endfacet
  facet normal 0.414539 -0.910032 0
    outer loop
      vertex 46.1168 105.086 4.2
      vertex 46.5361 105.277 5
      vertex 46.1168 105.086 5
    endloop
  endfacet
  facet normal 0.414539 -0.910032 0
    outer loop
      vertex 46.5361 105.277 5
      vertex 46.1168 105.086 4.2
      vertex 46.5361 105.277 4.2
    endloop
  endfacet
  facet normal 0.676158 -0.736757 0
    outer loop
      vertex 45.7703 104.768 4.2
      vertex 46.1168 105.086 5
      vertex 45.7703 104.768 5
    endloop
  endfacet
  facet normal 0.676158 -0.736757 0
    outer loop
      vertex 46.1168 105.086 5
      vertex 45.7703 104.768 4.2
      vertex 46.1168 105.086 4.2
    endloop
  endfacet
  facet normal 0.855542 -0.517733 0
    outer loop
      vertex 45.5119 104.341 5
      vertex 45.7703 104.768 4.2
      vertex 45.7703 104.768 5
    endloop
  endfacet
  facet normal 0.855542 -0.517733 0
    outer loop
      vertex 45.7703 104.768 4.2
      vertex 45.5119 104.341 5
      vertex 45.5119 104.341 4.2
    endloop
  endfacet
  facet normal 0.958282 -0.285826 0
    outer loop
      vertex 45.3568 103.821 5
      vertex 45.5119 104.341 4.2
      vertex 45.5119 104.341 5
    endloop
  endfacet
  facet normal 0.958282 -0.285826 0
    outer loop
      vertex 45.5119 104.341 4.2
      vertex 45.3568 103.821 5
      vertex 45.3568 103.821 4.2
    endloop
  endfacet
  facet normal 0.996451 -0.0841773 0
    outer loop
      vertex 45.3051 103.209 5
      vertex 45.3568 103.821 4.2
      vertex 45.3568 103.821 5
    endloop
  endfacet
  facet normal 0.996451 -0.0841773 0
    outer loop
      vertex 45.3568 103.821 4.2
      vertex 45.3051 103.209 5
      vertex 45.3051 103.209 4.2
    endloop
  endfacet
  facet normal 0.996152 0.0876414 0
    outer loop
      vertex 45.3578 102.61 5
      vertex 45.3051 103.209 4.2
      vertex 45.3051 103.209 5
    endloop
  endfacet
  facet normal 0.996152 0.0876414 0
    outer loop
      vertex 45.3051 103.209 4.2
      vertex 45.3578 102.61 5
      vertex 45.3578 102.61 4.2
    endloop
  endfacet
  facet normal 0.955379 0.295384 0
    outer loop
      vertex 45.5161 102.098 5
      vertex 45.3578 102.61 4.2
      vertex 45.3578 102.61 5
    endloop
  endfacet
  facet normal 0.955379 0.295384 0
    outer loop
      vertex 45.3578 102.61 4.2
      vertex 45.5161 102.098 5
      vertex 45.5161 102.098 4.2
    endloop
  endfacet
  facet normal 0.849724 0.527228 0
    outer loop
      vertex 45.7798 101.673 5
      vertex 45.5161 102.098 4.2
      vertex 45.5161 102.098 5
    endloop
  endfacet
  facet normal 0.849724 0.527228 0
    outer loop
      vertex 45.5161 102.098 4.2
      vertex 45.7798 101.673 5
      vertex 45.7798 101.673 4.2
    endloop
  endfacet
  facet normal 0.672673 0.73994 -0
    outer loop
      vertex 46.1285 101.356 4.2
      vertex 45.7798 101.673 5
      vertex 46.1285 101.356 5
    endloop
  endfacet
  facet normal 0.672673 0.73994 0
    outer loop
      vertex 45.7798 101.673 5
      vertex 46.1285 101.356 4.2
      vertex 45.7798 101.673 4.2
    endloop
  endfacet
  facet normal 0.419839 0.907599 -0
    outer loop
      vertex 46.5414 101.165 4.2
      vertex 46.1285 101.356 5
      vertex 46.5414 101.165 5
    endloop
  endfacet
  facet normal 0.419839 0.907599 0
    outer loop
      vertex 46.1285 101.356 5
      vertex 46.5414 101.165 4.2
      vertex 46.1285 101.356 4.2
    endloop
  endfacet
  facet normal 0.132898 0.99113 -0
    outer loop
      vertex 47.0187 101.101 4.2
      vertex 46.5414 101.165 5
      vertex 47.0187 101.101 5
    endloop
  endfacet
  facet normal 0.132898 0.99113 0
    outer loop
      vertex 46.5414 101.165 5
      vertex 47.0187 101.101 4.2
      vertex 46.5414 101.165 4.2
    endloop
  endfacet
  facet normal -0.0950397 0.995473 0
    outer loop
      vertex 47.3853 101.136 4.2
      vertex 47.0187 101.101 5
      vertex 47.3853 101.136 5
    endloop
  endfacet
  facet normal -0.0950397 0.995473 0
    outer loop
      vertex 47.0187 101.101 5
      vertex 47.3853 101.136 4.2
      vertex 47.0187 101.101 4.2
    endloop
  endfacet
  facet normal -0.302579 0.953124 0
    outer loop
      vertex 47.7192 101.242 4.2
      vertex 47.3853 101.136 5
      vertex 47.7192 101.242 5
    endloop
  endfacet
  facet normal -0.302579 0.953124 0
    outer loop
      vertex 47.3853 101.136 5
      vertex 47.7192 101.242 4.2
      vertex 47.3853 101.136 4.2
    endloop
  endfacet
  facet normal -0.502496 0.86458 0
    outer loop
      vertex 48.0203 101.417 4.2
      vertex 47.7192 101.242 5
      vertex 48.0203 101.417 5
    endloop
  endfacet
  facet normal -0.502496 0.86458 0
    outer loop
      vertex 47.7192 101.242 5
      vertex 48.0203 101.417 4.2
      vertex 47.7192 101.242 4.2
    endloop
  endfacet
  facet normal -0.684134 0.729356 0
    outer loop
      vertex 48.2719 101.653 4.2
      vertex 48.0203 101.417 5
      vertex 48.2719 101.653 5
    endloop
  endfacet
  facet normal -0.684134 0.729356 0
    outer loop
      vertex 48.0203 101.417 5
      vertex 48.2719 101.653 4.2
      vertex 48.0203 101.417 4.2
    endloop
  endfacet
  facet normal -0.840378 0.542 0
    outer loop
      vertex 48.2719 101.653 4.2
      vertex 48.457 101.94 5
      vertex 48.457 101.94 4.2
    endloop
  endfacet
  facet normal -0.840378 0.542 0
    outer loop
      vertex 48.457 101.94 5
      vertex 48.2719 101.653 4.2
      vertex 48.2719 101.653 5
    endloop
  endfacet
  facet normal -0.943815 0.330474 0
    outer loop
      vertex 48.457 101.94 4.2
      vertex 48.5757 102.279 5
      vertex 48.5757 102.279 4.2
    endloop
  endfacet
  facet normal -0.943815 0.330474 0
    outer loop
      vertex 48.5757 102.279 5
      vertex 48.457 101.94 4.2
      vertex 48.457 101.94 5
    endloop
  endfacet
  facet normal 0 1 -0
    outer loop
      vertex 48.5947 102.279 4.2
      vertex 48.5757 102.279 5
      vertex 48.5947 102.279 5
    endloop
  endfacet
  facet normal 0 1 0
    outer loop
      vertex 48.5757 102.279 5
      vertex 48.5947 102.279 4.2
      vertex 48.5757 102.279 4.2
    endloop
  endfacet
  facet normal 0.963277 0.26851 0
    outer loop
      vertex 48.697 101.912 5
      vertex 48.5947 102.279 4.2
      vertex 48.5947 102.279 5
    endloop
  endfacet
  facet normal 0.963277 0.26851 0
    outer loop
      vertex 48.5947 102.279 4.2
      vertex 48.697 101.912 5
      vertex 48.697 101.912 4.2
    endloop
  endfacet
  facet normal 0.870451 0.492255 0
    outer loop
      vertex 48.8774 101.593 5
      vertex 48.697 101.912 4.2
      vertex 48.697 101.912 5
    endloop
  endfacet
  facet normal 0.870451 0.492255 0
    outer loop
      vertex 48.697 101.912 4.2
      vertex 48.8774 101.593 5
      vertex 48.8774 101.593 4.2
    endloop
  endfacet
  facet normal 0.72626 0.68742 0
    outer loop
      vertex 49.1358 101.32 5
      vertex 48.8774 101.593 4.2
      vertex 48.8774 101.593 5
    endloop
  endfacet
  facet normal 0.72626 0.68742 0
    outer loop
      vertex 48.8774 101.593 4.2
      vertex 49.1358 101.32 5
      vertex 49.1358 101.32 4.2
    endloop
  endfacet
  facet normal 0.545989 0.837792 -0
    outer loop
      vertex 49.4565 101.111 4.2
      vertex 49.1358 101.32 5
      vertex 49.4565 101.111 5
    endloop
  endfacet
  facet normal 0.545989 0.837792 0
    outer loop
      vertex 49.1358 101.32 5
      vertex 49.4565 101.111 4.2
      vertex 49.1358 101.32 4.2
    endloop
  endfacet
  facet normal 0.322333 0.946626 -0
    outer loop
      vertex 49.8236 100.986 4.2
      vertex 49.4565 101.111 5
      vertex 49.8236 100.986 5
    endloop
  endfacet
  facet normal 0.322333 0.946626 0
    outer loop
      vertex 49.4565 101.111 5
      vertex 49.8236 100.986 4.2
      vertex 49.4565 101.111 4.2
    endloop
  endfacet
  facet normal 0.0986697 0.99512 -0
    outer loop
      vertex 50.2371 100.945 4.2
      vertex 49.8236 100.986 5
      vertex 50.2371 100.945 5
    endloop
  endfacet
  facet normal 0.0986697 0.99512 0
    outer loop
      vertex 49.8236 100.986 5
      vertex 50.2371 100.945 4.2
      vertex 49.8236 100.986 4.2
    endloop
  endfacet
  facet normal -0.11556 0.9933 0
    outer loop
      vertex 50.813 101.012 4.2
      vertex 50.2371 100.945 5
      vertex 50.813 101.012 5
    endloop
  endfacet
  facet normal -0.11556 0.9933 0
    outer loop
      vertex 50.2371 100.945 5
      vertex 50.813 101.012 4.2
      vertex 50.2371 100.945 4.2
    endloop
  endfacet
  facet normal -0.3872 0.921996 0
    outer loop
      vertex 51.294 101.214 4.2
      vertex 50.813 101.012 5
      vertex 51.294 101.214 5
    endloop
  endfacet
  facet normal -0.3872 0.921996 0
    outer loop
      vertex 50.813 101.012 5
      vertex 51.294 101.214 4.2
      vertex 50.813 101.012 4.2
    endloop
  endfacet
  facet normal -0.656469 0.754353 0
    outer loop
      vertex 51.6801 101.55 4.2
      vertex 51.294 101.214 5
      vertex 51.6801 101.55 5
    endloop
  endfacet
  facet normal -0.656469 0.754353 0
    outer loop
      vertex 51.294 101.214 5
      vertex 51.6801 101.55 4.2
      vertex 51.294 101.214 4.2
    endloop
  endfacet
  facet normal -0.849819 0.527075 0
    outer loop
      vertex 51.6801 101.55 4.2
      vertex 51.9623 102.005 5
      vertex 51.9623 102.005 4.2
    endloop
  endfacet
  facet normal -0.849819 0.527075 0
    outer loop
      vertex 51.9623 102.005 5
      vertex 51.6801 101.55 4.2
      vertex 51.6801 101.55 5
    endloop
  endfacet
  facet normal -0.957213 0.289386 0
    outer loop
      vertex 51.9623 102.005 4.2
      vertex 52.1316 102.565 5
      vertex 52.1316 102.565 4.2
    endloop
  endfacet
  facet normal -0.957213 0.289386 0
    outer loop
      vertex 52.1316 102.565 5
      vertex 51.9623 102.005 4.2
      vertex 51.9623 102.005 5
    endloop
  endfacet
  facet normal -0.996401 0.0847617 0
    outer loop
      vertex 52.1316 102.565 4.2
      vertex 52.188 103.228 5
      vertex 52.188 103.228 4.2
    endloop
  endfacet
  facet normal -0.996401 0.0847617 0
    outer loop
      vertex 52.188 103.228 5
      vertex 52.1316 102.565 4.2
      vertex 52.1316 102.565 5
    endloop
  endfacet
  facet normal -0.996425 -0.0844827 0
    outer loop
      vertex 52.188 103.228 4.2
      vertex 52.1306 103.905 5
      vertex 52.1306 103.905 4.2
    endloop
  endfacet
  facet normal -0.996425 -0.0844827 0
    outer loop
      vertex 52.1306 103.905 5
      vertex 52.188 103.228 4.2
      vertex 52.188 103.228 5
    endloop
  endfacet
  facet normal 0.950464 -0.310836 0
    outer loop
      vertex 48.119 102.546 5
      vertex 48.2194 102.853 4.2
      vertex 48.2194 102.853 5
    endloop
  endfacet
  facet normal 0.950464 -0.310836 0
    outer loop
      vertex 48.2194 102.853 4.2
      vertex 48.119 102.546 5
      vertex 48.119 102.546 4.2
    endloop
  endfacet
  facet normal 0.826583 -0.562815 0
    outer loop
      vertex 47.9515 102.3 5
      vertex 48.119 102.546 4.2
      vertex 48.119 102.546 5
    endloop
  endfacet
  facet normal 0.826583 -0.562815 0
    outer loop
      vertex 48.119 102.546 4.2
      vertex 47.9515 102.3 5
      vertex 47.9515 102.3 4.2
    endloop
  endfacet
  facet normal 0.616272 -0.787534 0
    outer loop
      vertex 47.7202 102.119 4.2
      vertex 47.9515 102.3 5
      vertex 47.7202 102.119 5
    endloop
  endfacet
  facet normal 0.616272 -0.787534 0
    outer loop
      vertex 47.9515 102.3 5
      vertex 47.7202 102.119 4.2
      vertex 47.9515 102.3 4.2
    endloop
  endfacet
  facet normal 0.347 -0.937865 0
    outer loop
      vertex 47.4283 102.011 4.2
      vertex 47.7202 102.119 5
      vertex 47.4283 102.011 5
    endloop
  endfacet
  facet normal 0.347 -0.937865 0
    outer loop
      vertex 47.7202 102.119 5
      vertex 47.4283 102.011 4.2
      vertex 47.7202 102.119 4.2
    endloop
  endfacet
  facet normal 0.101571 -0.994828 0
    outer loop
      vertex 47.0757 101.975 4.2
      vertex 47.4283 102.011 5
      vertex 47.0757 101.975 5
    endloop
  endfacet
  facet normal 0.101571 -0.994828 0
    outer loop
      vertex 47.4283 102.011 5
      vertex 47.0757 101.975 4.2
      vertex 47.4283 102.011 4.2
    endloop
  endfacet
  facet normal -0.100787 -0.994908 0
    outer loop
      vertex 46.7302 102.01 4.2
      vertex 47.0757 101.975 5
      vertex 46.7302 102.01 5
    endloop
  endfacet
  facet normal -0.100787 -0.994908 -0
    outer loop
      vertex 47.0757 101.975 5
      vertex 46.7302 102.01 4.2
      vertex 47.0757 101.975 4.2
    endloop
  endfacet
  facet normal -0.347638 -0.937629 0
    outer loop
      vertex 46.447 102.115 4.2
      vertex 46.7302 102.01 5
      vertex 46.447 102.115 5
    endloop
  endfacet
  facet normal -0.347638 -0.937629 -0
    outer loop
      vertex 46.7302 102.01 5
      vertex 46.447 102.115 4.2
      vertex 46.7302 102.01 4.2
    endloop
  endfacet
  facet normal -0.620794 -0.783974 0
    outer loop
      vertex 46.226 102.29 4.2
      vertex 46.447 102.115 5
      vertex 46.226 102.29 5
    endloop
  endfacet
  facet normal -0.620794 -0.783974 -0
    outer loop
      vertex 46.447 102.115 5
      vertex 46.226 102.29 4.2
      vertex 46.447 102.115 4.2
    endloop
  endfacet
  facet normal -0.838049 -0.545594 0
    outer loop
      vertex 46.226 102.29 4.2
      vertex 46.0678 102.533 5
      vertex 46.0678 102.533 4.2
    endloop
  endfacet
  facet normal -0.838049 -0.545594 0
    outer loop
      vertex 46.0678 102.533 5
      vertex 46.226 102.29 4.2
      vertex 46.226 102.29 5
    endloop
  endfacet
  facet normal -0.955034 -0.296497 0
    outer loop
      vertex 46.0678 102.533 4.2
      vertex 45.9728 102.839 5
      vertex 45.9728 102.839 4.2
    endloop
  endfacet
  facet normal -0.955034 -0.296497 0
    outer loop
      vertex 45.9728 102.839 5
      vertex 46.0678 102.533 4.2
      vertex 46.0678 102.533 5
    endloop
  endfacet
  facet normal -0.996373 -0.0850956 0
    outer loop
      vertex 45.9728 102.839 4.2
      vertex 45.9412 103.209 5
      vertex 45.9412 103.209 4.2
    endloop
  endfacet
  facet normal -0.996373 -0.0850956 0
    outer loop
      vertex 45.9412 103.209 5
      vertex 45.9728 102.839 4.2
      vertex 45.9728 102.839 5
    endloop
  endfacet
  facet normal -0.983779 0.179387 0
    outer loop
      vertex 45.9412 103.209 4.2
      vertex 46.0672 103.9 5
      vertex 46.0672 103.9 4.2
    endloop
  endfacet
  facet normal -0.983779 0.179387 0
    outer loop
      vertex 46.0672 103.9 5
      vertex 45.9412 103.209 4.2
      vertex 45.9412 103.209 5
    endloop
  endfacet
  facet normal -0.738308 0.674464 0
    outer loop
      vertex 46.0672 103.9 4.2
      vertex 46.4454 104.314 5
      vertex 46.4454 104.314 4.2
    endloop
  endfacet
  facet normal -0.738308 0.674464 0
    outer loop
      vertex 46.4454 104.314 5
      vertex 46.0672 103.9 4.2
      vertex 46.0672 103.9 5
    endloop
  endfacet
  facet normal -0.215355 0.976536 0
    outer loop
      vertex 47.0757 104.453 4.2
      vertex 46.4454 104.314 5
      vertex 47.0757 104.453 5
    endloop
  endfacet
  facet normal -0.215355 0.976536 0
    outer loop
      vertex 46.4454 104.314 5
      vertex 47.0757 104.453 4.2
      vertex 46.4454 104.314 4.2
    endloop
  endfacet
  facet normal 0.0926112 0.995702 -0
    outer loop
      vertex 47.452 104.418 4.2
      vertex 47.0757 104.453 5
      vertex 47.452 104.418 5
    endloop
  endfacet
  facet normal 0.0926112 0.995702 0
    outer loop
      vertex 47.0757 104.453 5
      vertex 47.452 104.418 4.2
      vertex 47.0757 104.453 4.2
    endloop
  endfacet
  facet normal 0.333248 0.942839 -0
    outer loop
      vertex 47.7519 104.312 4.2
      vertex 47.452 104.418 5
      vertex 47.7519 104.312 5
    endloop
  endfacet
  facet normal 0.333248 0.942839 0
    outer loop
      vertex 47.452 104.418 5
      vertex 47.7519 104.312 4.2
      vertex 47.452 104.418 4.2
    endloop
  endfacet
  facet normal 0.61684 0.787088 -0
    outer loop
      vertex 47.9752 104.137 4.2
      vertex 47.7519 104.312 5
      vertex 47.9752 104.137 5
    endloop
  endfacet
  facet normal 0.61684 0.787088 0
    outer loop
      vertex 47.7519 104.312 5
      vertex 47.9752 104.137 4.2
      vertex 47.7519 104.312 4.2
    endloop
  endfacet
  facet normal 0.843188 0.537619 0
    outer loop
      vertex 48.1295 103.895 5
      vertex 47.9752 104.137 4.2
      vertex 47.9752 104.137 5
    endloop
  endfacet
  facet normal 0.843188 0.537619 0
    outer loop
      vertex 47.9752 104.137 4.2
      vertex 48.1295 103.895 5
      vertex 48.1295 103.895 4.2
    endloop
  endfacet
  facet normal 0.957396 0.288778 0
    outer loop
      vertex 48.2221 103.588 5
      vertex 48.1295 103.895 4.2
      vertex 48.1295 103.895 5
    endloop
  endfacet
  facet normal 0.957396 0.288778 0
    outer loop
      vertex 48.1295 103.895 4.2
      vertex 48.2221 103.588 5
      vertex 48.2221 103.588 4.2
    endloop
  endfacet
  facet normal 0.996553 0.0829563 0
    outer loop
      vertex 48.2529 103.218 5
      vertex 48.2221 103.588 4.2
      vertex 48.2221 103.588 5
    endloop
  endfacet
  facet normal 0.996553 0.0829563 0
    outer loop
      vertex 48.2221 103.588 4.2
      vertex 48.2529 103.218 5
      vertex 48.2529 103.218 4.2
    endloop
  endfacet
  facet normal 0.995815 -0.0913967 0
    outer loop
      vertex 48.2194 102.853 5
      vertex 48.2529 103.218 4.2
      vertex 48.2529 103.218 5
    endloop
  endfacet
  facet normal 0.995815 -0.0913967 0
    outer loop
      vertex 48.2529 103.218 4.2
      vertex 48.2194 102.853 5
      vertex 48.2194 102.853 4.2
    endloop
  endfacet
  facet normal 0.714289 -0.699851 0
    outer loop
      vertex 50.9333 101.984 5
      vertex 51.3938 102.454 4.2
      vertex 51.3938 102.454 5
    endloop
  endfacet
  facet normal 0.714289 -0.699851 0
    outer loop
      vertex 51.3938 102.454 4.2
      vertex 50.9333 101.984 5
      vertex 50.9333 101.984 4.2
    endloop
  endfacet
  facet normal 0.199209 -0.979957 0
    outer loop
      vertex 50.1659 101.828 4.2
      vertex 50.9333 101.984 5
      vertex 50.1659 101.828 5
    endloop
  endfacet
  facet normal 0.199209 -0.979957 0
    outer loop
      vertex 50.9333 101.984 5
      vertex 50.1659 101.828 4.2
      vertex 50.9333 101.984 4.2
    endloop
  endfacet
  facet normal -0.108234 -0.994125 0
    outer loop
      vertex 49.7985 101.868 4.2
      vertex 50.1659 101.828 5
      vertex 49.7985 101.868 5
    endloop
  endfacet
  facet normal -0.108234 -0.994125 -0
    outer loop
      vertex 50.1659 101.828 5
      vertex 49.7985 101.868 4.2
      vertex 50.1659 101.828 4.2
    endloop
  endfacet
  facet normal -0.365291 -0.930893 0
    outer loop
      vertex 49.4876 101.99 4.2
      vertex 49.7985 101.868 5
      vertex 49.4876 101.99 5
    endloop
  endfacet
  facet normal -0.365291 -0.930893 -0
    outer loop
      vertex 49.7985 101.868 5
      vertex 49.4876 101.99 4.2
      vertex 49.7985 101.868 4.2
    endloop
  endfacet
  facet normal -0.623571 -0.781767 0
    outer loop
      vertex 49.2331 102.193 4.2
      vertex 49.4876 101.99 5
      vertex 49.2331 102.193 5
    endloop
  endfacet
  facet normal -0.623571 -0.781767 -0
    outer loop
      vertex 49.4876 101.99 5
      vertex 49.2331 102.193 4.2
      vertex 49.4876 101.99 4.2
    endloop
  endfacet
  facet normal -0.824829 -0.565383 0
    outer loop
      vertex 49.2331 102.193 4.2
      vertex 49.0446 102.468 5
      vertex 49.0446 102.468 4.2
    endloop
  endfacet
  facet normal -0.824829 -0.565383 0
    outer loop
      vertex 49.0446 102.468 5
      vertex 49.2331 102.193 4.2
      vertex 49.2331 102.193 5
    endloop
  endfacet
  facet normal -0.948515 -0.316731 0
    outer loop
      vertex 49.0446 102.468 4.2
      vertex 48.9314 102.807 5
      vertex 48.9314 102.807 4.2
    endloop
  endfacet
  facet normal -0.948515 -0.316731 0
    outer loop
      vertex 48.9314 102.807 5
      vertex 49.0446 102.468 4.2
      vertex 49.0446 102.468 5
    endloop
  endfacet
  facet normal -0.995631 -0.0933714 0
    outer loop
      vertex 48.9314 102.807 4.2
      vertex 48.8937 103.209 5
      vertex 48.8937 103.209 4.2
    endloop
  endfacet
  facet normal -0.995631 -0.0933714 0
    outer loop
      vertex 48.8937 103.209 5
      vertex 48.9314 102.807 4.2
      vertex 48.9314 102.807 5
    endloop
  endfacet
  facet normal -0.996408 0.0846826 0
    outer loop
      vertex 48.8937 103.209 4.2
      vertex 48.9288 103.622 5
      vertex 48.9288 103.622 4.2
    endloop
  endfacet
  facet normal -0.996408 0.0846826 0
    outer loop
      vertex 48.9288 103.622 5
      vertex 48.8937 103.209 4.2
      vertex 48.8937 103.209 5
    endloop
  endfacet
  facet normal -0.956754 0.290898 0
    outer loop
      vertex 48.9288 103.622 4.2
      vertex 49.034 103.968 5
      vertex 49.034 103.968 4.2
    endloop
  endfacet
  facet normal -0.956754 0.290898 0
    outer loop
      vertex 49.034 103.968 5
      vertex 48.9288 103.622 4.2
      vertex 48.9288 103.622 5
    endloop
  endfacet
  facet normal -0.847454 0.530869 0
    outer loop
      vertex 49.034 103.968 4.2
      vertex 49.2094 104.248 5
      vertex 49.2094 104.248 4.2
    endloop
  endfacet
  facet normal -0.847454 0.530869 0
    outer loop
      vertex 49.2094 104.248 5
      vertex 49.034 103.968 4.2
      vertex 49.034 103.968 5
    endloop
  endfacet
  facet normal -0.644483 0.764619 0
    outer loop
      vertex 49.4538 104.454 4.2
      vertex 49.2094 104.248 5
      vertex 49.4538 104.454 5
    endloop
  endfacet
  facet normal -0.644483 0.764619 0
    outer loop
      vertex 49.2094 104.248 5
      vertex 49.4538 104.454 4.2
      vertex 49.2094 104.248 4.2
    endloop
  endfacet
  facet normal -0.368825 0.929499 0
    outer loop
      vertex 49.7663 104.578 4.2
      vertex 49.4538 104.454 5
      vertex 49.7663 104.578 5
    endloop
  endfacet
  facet normal -0.368825 0.929499 0
    outer loop
      vertex 49.4538 104.454 5
      vertex 49.7663 104.578 4.2
      vertex 49.4538 104.454 4.2
    endloop
  endfacet
  facet normal -0.107105 0.994248 0
    outer loop
      vertex 50.1469 104.619 4.2
      vertex 49.7663 104.578 5
      vertex 50.1469 104.619 5
    endloop
  endfacet
  facet normal -0.107105 0.994248 0
    outer loop
      vertex 49.7663 104.578 5
      vertex 50.1469 104.619 4.2
      vertex 49.7663 104.578 4.2
    endloop
  endfacet
  facet normal 0.0854075 0.996346 -0
    outer loop
      vertex 50.5902 104.581 4.2
      vertex 50.1469 104.619 5
      vertex 50.5902 104.581 5
    endloop
  endfacet
  facet normal 0.0854075 0.996346 0
    outer loop
      vertex 50.1469 104.619 5
      vertex 50.5902 104.581 4.2
      vertex 50.1469 104.619 4.2
    endloop
  endfacet
  facet normal 0.305593 0.952162 -0
    outer loop
      vertex 50.9454 104.467 4.2
      vertex 50.5902 104.581 5
      vertex 50.9454 104.467 5
    endloop
  endfacet
  facet normal 0.305593 0.952162 0
    outer loop
      vertex 50.5902 104.581 5
      vertex 50.9454 104.467 4.2
      vertex 50.5902 104.581 4.2
    endloop
  endfacet
  facet normal 0.579506 0.814968 -0
    outer loop
      vertex 51.2126 104.277 4.2
      vertex 50.9454 104.467 5
      vertex 51.2126 104.277 5
    endloop
  endfacet
  facet normal 0.579506 0.814968 0
    outer loop
      vertex 50.9454 104.467 5
      vertex 51.2126 104.277 4.2
      vertex 50.9454 104.467 4.2
    endloop
  endfacet
  facet normal 0.820673 0.571398 0
    outer loop
      vertex 51.3985 104.01 5
      vertex 51.2126 104.277 4.2
      vertex 51.2126 104.277 5
    endloop
  endfacet
  facet normal 0.820673 0.571398 0
    outer loop
      vertex 51.2126 104.277 4.2
      vertex 51.3985 104.01 5
      vertex 51.3985 104.01 4.2
    endloop
  endfacet
  facet normal 0.951977 0.306169 0
    outer loop
      vertex 51.5101 103.663 5
      vertex 51.3985 104.01 4.2
      vertex 51.3985 104.01 5
    endloop
  endfacet
  facet normal 0.951977 0.306169 0
    outer loop
      vertex 51.3985 104.01 4.2
      vertex 51.5101 103.663 5
      vertex 51.5101 103.663 4.2
    endloop
  endfacet
  facet normal 0.996209 0.0869929 0
    outer loop
      vertex 51.5473 103.237 5
      vertex 51.5101 103.663 4.2
      vertex 51.5101 103.663 5
    endloop
  endfacet
  facet normal 0.996209 0.0869929 0
    outer loop
      vertex 51.5101 103.663 4.2
      vertex 51.5473 103.237 5
      vertex 51.5473 103.237 4.2
    endloop
  endfacet
  facet normal 0.981321 -0.192379 0
    outer loop
      vertex 51.3938 102.454 5
      vertex 51.5473 103.237 4.2
      vertex 51.5473 103.237 5
    endloop
  endfacet
  facet normal 0.981321 -0.192379 0
    outer loop
      vertex 51.5473 103.237 4.2
      vertex 51.3938 102.454 5
      vertex 51.3938 102.454 4.2
    endloop
  endfacet
  facet normal -0.956171 -0.292809 0
    outer loop
      vertex 52.1306 56.9248 4.2
      vertex 51.9581 57.4881 5
      vertex 51.9581 57.4881 4.2
    endloop
  endfacet
  facet normal -0.956171 -0.292809 0
    outer loop
      vertex 51.9581 57.4881 5
      vertex 52.1306 56.9248 4.2
      vertex 52.1306 56.9248 5
    endloop
  endfacet
  facet normal -0.842455 -0.538766 0
    outer loop
      vertex 51.9581 57.4881 4.2
      vertex 51.6707 57.9375 5
      vertex 51.6707 57.9375 4.2
    endloop
  endfacet
  facet normal -0.842455 -0.538766 0
    outer loop
      vertex 51.6707 57.9375 5
      vertex 51.9581 57.4881 4.2
      vertex 51.9581 57.4881 5
    endloop
  endfacet
  facet normal -0.642211 -0.766528 0
    outer loop
      vertex 51.2804 58.2645 4.2
      vertex 51.6707 57.9375 5
      vertex 51.2804 58.2645 5
    endloop
  endfacet
  facet normal -0.642211 -0.766528 -0
    outer loop
      vertex 51.6707 57.9375 5
      vertex 51.2804 58.2645 4.2
      vertex 51.6707 57.9375 4.2
    endloop
  endfacet
  facet normal -0.377621 -0.92596 0
    outer loop
      vertex 50.7993 58.4607 4.2
      vertex 51.2804 58.2645 5
      vertex 50.7993 58.4607 5
    endloop
  endfacet
  facet normal -0.377621 -0.92596 -0
    outer loop
      vertex 51.2804 58.2645 5
      vertex 50.7993 58.4607 4.2
      vertex 51.2804 58.2645 4.2
    endloop
  endfacet
  facet normal -0.113654 -0.99352 0
    outer loop
      vertex 50.2276 58.5261 4.2
      vertex 50.7993 58.4607 5
      vertex 50.2276 58.5261 5
    endloop
  endfacet
  facet normal -0.113654 -0.99352 -0
    outer loop
      vertex 50.7993 58.4607 5
      vertex 50.2276 58.5261 4.2
      vertex 50.7993 58.4607 4.2
    endloop
  endfacet
  facet normal 0.0949222 -0.995485 0
    outer loop
      vertex 49.8123 58.4865 4.2
      vertex 50.2276 58.5261 5
      vertex 49.8123 58.4865 5
    endloop
  endfacet
  facet normal 0.0949222 -0.995485 0
    outer loop
      vertex 50.2276 58.5261 5
      vertex 49.8123 58.4865 4.2
      vertex 50.2276 58.5261 4.2
    endloop
  endfacet
  facet normal 0.308035 -0.951375 0
    outer loop
      vertex 49.446 58.3679 4.2
      vertex 49.8123 58.4865 5
      vertex 49.446 58.3679 5
    endloop
  endfacet
  facet normal 0.308035 -0.951375 0
    outer loop
      vertex 49.8123 58.4865 5
      vertex 49.446 58.3679 4.2
      vertex 49.8123 58.4865 4.2
    endloop
  endfacet
  facet normal 0.529013 -0.848614 0
    outer loop
      vertex 49.1287 58.1701 4.2
      vertex 49.446 58.3679 5
      vertex 49.1287 58.1701 5
    endloop
  endfacet
  facet normal 0.529013 -0.848614 0
    outer loop
      vertex 49.446 58.3679 5
      vertex 49.1287 58.1701 4.2
      vertex 49.446 58.3679 4.2
    endloop
  endfacet
  facet normal 0.724932 -0.68882 0
    outer loop
      vertex 48.8731 57.9011 5
      vertex 49.1287 58.1701 4.2
      vertex 49.1287 58.1701 5
    endloop
  endfacet
  facet normal 0.724932 -0.68882 0
    outer loop
      vertex 49.1287 58.1701 4.2
      vertex 48.8731 57.9011 5
      vertex 48.8731 57.9011 4.2
    endloop
  endfacet
  facet normal 0.878067 -0.478537 0
    outer loop
      vertex 48.692 57.5688 5
      vertex 48.8731 57.9011 4.2
      vertex 48.8731 57.9011 5
    endloop
  endfacet
  facet normal 0.878067 -0.478537 0
    outer loop
      vertex 48.8731 57.9011 4.2
      vertex 48.692 57.5688 5
      vertex 48.692 57.5688 4.2
    endloop
  endfacet
  facet normal 0.96542 -0.2607 0
    outer loop
      vertex 48.5852 57.1733 5
      vertex 48.692 57.5688 4.2
      vertex 48.692 57.5688 5
    endloop
  endfacet
  facet normal 0.96542 -0.2607 0
    outer loop
      vertex 48.692 57.5688 4.2
      vertex 48.5852 57.1733 5
      vertex 48.5852 57.1733 4.2
    endloop
  endfacet
  facet normal 0 -1 0
    outer loop
      vertex 48.5662 57.1733 4.2
      vertex 48.5852 57.1733 5
      vertex 48.5662 57.1733 5
    endloop
  endfacet
  facet normal 0 -1 -0
    outer loop
      vertex 48.5852 57.1733 5
      vertex 48.5662 57.1733 4.2
      vertex 48.5852 57.1733 4.2
    endloop
  endfacet
  facet normal -0.953299 -0.302027 0
    outer loop
      vertex 48.5662 57.1733 4.2
      vertex 48.4581 57.5145 5
      vertex 48.4581 57.5145 4.2
    endloop
  endfacet
  facet normal -0.953299 -0.302027 0
    outer loop
      vertex 48.4581 57.5145 5
      vertex 48.5662 57.1733 4.2
      vertex 48.5662 57.1733 5
    endloop
  endfacet
  facet normal -0.85081 -0.525474 0
    outer loop
      vertex 48.4581 57.5145 4.2
      vertex 48.2793 57.804 5
      vertex 48.2793 57.804 4.2
    endloop
  endfacet
  facet normal -0.85081 -0.525474 0
    outer loop
      vertex 48.2793 57.804 5
      vertex 48.4581 57.5145 4.2
      vertex 48.4581 57.5145 5
    endloop
  endfacet
  facet normal -0.690227 -0.723593 0
    outer loop
      vertex 48.0299 58.0419 4.2
      vertex 48.2793 57.804 5
      vertex 48.0299 58.0419 5
    endloop
  endfacet
  facet normal -0.690227 -0.723593 -0
    outer loop
      vertex 48.2793 57.804 5
      vertex 48.0299 58.0419 4.2
      vertex 48.2793 57.804 4.2
    endloop
  endfacet
  facet normal -0.505881 -0.862603 0
    outer loop
      vertex 47.7286 58.2186 4.2
      vertex 48.0299 58.0419 5
      vertex 47.7286 58.2186 5
    endloop
  endfacet
  facet normal -0.505881 -0.862603 -0
    outer loop
      vertex 48.0299 58.0419 5
      vertex 47.7286 58.2186 4.2
      vertex 48.0299 58.0419 4.2
    endloop
  endfacet
  facet normal -0.302661 -0.953098 0
    outer loop
      vertex 47.3948 58.3246 4.2
      vertex 47.7286 58.2186 5
      vertex 47.3948 58.3246 5
    endloop
  endfacet
  facet normal -0.302661 -0.953098 -0
    outer loop
      vertex 47.7286 58.2186 5
      vertex 47.3948 58.3246 4.2
      vertex 47.7286 58.2186 4.2
    endloop
  endfacet
  facet normal -0.0961159 -0.99537 0
    outer loop
      vertex 47.0282 58.36 4.2
      vertex 47.3948 58.3246 5
      vertex 47.0282 58.36 5
    endloop
  endfacet
  facet normal -0.0961159 -0.99537 -0
    outer loop
      vertex 47.3948 58.3246 5
      vertex 47.0282 58.36 4.2
      vertex 47.3948 58.3246 4.2
    endloop
  endfacet
  facet normal 0.128176 -0.991751 0
    outer loop
      vertex 46.5361 58.2964 4.2
      vertex 47.0282 58.36 5
      vertex 46.5361 58.2964 5
    endloop
  endfacet
  facet normal 0.128176 -0.991751 0
    outer loop
      vertex 47.0282 58.36 5
      vertex 46.5361 58.2964 4.2
      vertex 47.0282 58.36 4.2
    endloop
  endfacet
  facet normal 0.413999 -0.910277 0
    outer loop
      vertex 46.1168 58.1057 4.2
      vertex 46.5361 58.2964 5
      vertex 46.1168 58.1057 5
    endloop
  endfacet
  facet normal 0.413999 -0.910277 0
    outer loop
      vertex 46.5361 58.2964 5
      vertex 46.1168 58.1057 4.2
      vertex 46.5361 58.2964 4.2
    endloop
  endfacet
  facet normal 0.675927 -0.736969 0
    outer loop
      vertex 45.7703 57.7879 4.2
      vertex 46.1168 58.1057 5
      vertex 45.7703 57.7879 5
    endloop
  endfacet
  facet normal 0.675927 -0.736969 0
    outer loop
      vertex 46.1168 58.1057 5
      vertex 45.7703 57.7879 4.2
      vertex 46.1168 58.1057 4.2
    endloop
  endfacet
  facet normal 0.855757 -0.517378 0
    outer loop
      vertex 45.5119 57.3605 5
      vertex 45.7703 57.7879 4.2
      vertex 45.7703 57.7879 5
    endloop
  endfacet
  facet normal 0.855757 -0.517378 0
    outer loop
      vertex 45.7703 57.7879 4.2
      vertex 45.5119 57.3605 5
      vertex 45.5119 57.3605 4.2
    endloop
  endfacet
  facet normal 0.958251 -0.285927 0
    outer loop
      vertex 45.3568 56.8407 5
      vertex 45.5119 57.3605 4.2
      vertex 45.5119 57.3605 5
    endloop
  endfacet
  facet normal 0.958251 -0.285927 0
    outer loop
      vertex 45.5119 57.3605 4.2
      vertex 45.3568 56.8407 5
      vertex 45.3568 56.8407 4.2
    endloop
  endfacet
  facet normal 0.996452 -0.0841636 0
    outer loop
      vertex 45.3051 56.2286 5
      vertex 45.3568 56.8407 4.2
      vertex 45.3568 56.8407 5
    endloop
  endfacet
  facet normal 0.996452 -0.0841636 0
    outer loop
      vertex 45.3568 56.8407 4.2
      vertex 45.3051 56.2286 5
      vertex 45.3051 56.2286 4.2
    endloop
  endfacet
  facet normal 0.996151 0.0876559 0
    outer loop
      vertex 45.3578 55.6297 5
      vertex 45.3051 56.2286 4.2
      vertex 45.3051 56.2286 5
    endloop
  endfacet
  facet normal 0.996151 0.0876559 0
    outer loop
      vertex 45.3051 56.2286 4.2
      vertex 45.3578 55.6297 5
      vertex 45.3578 55.6297 4.2
    endloop
  endfacet
  facet normal 0.955362 0.295436 0
    outer loop
      vertex 45.5161 55.1178 5
      vertex 45.3578 55.6297 4.2
      vertex 45.3578 55.6297 5
    endloop
  endfacet
  facet normal 0.955362 0.295436 0
    outer loop
      vertex 45.3578 55.6297 4.2
      vertex 45.5161 55.1178 5
      vertex 45.5161 55.1178 4.2
    endloop
  endfacet
  facet normal 0.849612 0.527408 0
    outer loop
      vertex 45.7798 54.693 5
      vertex 45.5161 55.1178 4.2
      vertex 45.5161 55.1178 5
    endloop
  endfacet
  facet normal 0.849612 0.527408 0
    outer loop
      vertex 45.5161 55.1178 4.2
      vertex 45.7798 54.693 5
      vertex 45.7798 54.693 4.2
    endloop
  endfacet
  facet normal 0.673601 0.739095 -0
    outer loop
      vertex 46.1285 54.3752 4.2
      vertex 45.7798 54.693 5
      vertex 46.1285 54.3752 5
    endloop
  endfacet
  facet normal 0.673601 0.739095 0
    outer loop
      vertex 45.7798 54.693 5
      vertex 46.1285 54.3752 4.2
      vertex 45.7798 54.693 4.2
    endloop
  endfacet
  facet normal 0.419295 0.90785 -0
    outer loop
      vertex 46.5414 54.1845 4.2
      vertex 46.1285 54.3752 5
      vertex 46.5414 54.1845 5
    endloop
  endfacet
  facet normal 0.419295 0.90785 0
    outer loop
      vertex 46.1285 54.3752 5
      vertex 46.5414 54.1845 4.2
      vertex 46.1285 54.3752 4.2
    endloop
  endfacet
  facet normal 0.131878 0.991266 -0
    outer loop
      vertex 47.0187 54.121 4.2
      vertex 46.5414 54.1845 5
      vertex 47.0187 54.121 5
    endloop
  endfacet
  facet normal 0.131878 0.991266 0
    outer loop
      vertex 46.5414 54.1845 5
      vertex 47.0187 54.121 4.2
      vertex 46.5414 54.1845 4.2
    endloop
  endfacet
  facet normal -0.0953088 0.995448 0
    outer loop
      vertex 47.3853 54.1561 4.2
      vertex 47.0187 54.121 5
      vertex 47.3853 54.1561 5
    endloop
  endfacet
  facet normal -0.0953088 0.995448 0
    outer loop
      vertex 47.0187 54.121 5
      vertex 47.3853 54.1561 4.2
      vertex 47.0187 54.121 4.2
    endloop
  endfacet
  facet normal -0.300502 0.953781 0
    outer loop
      vertex 47.7192 54.2613 4.2
      vertex 47.3853 54.1561 5
      vertex 47.7192 54.2613 5
    endloop
  endfacet
  facet normal -0.300502 0.953781 0
    outer loop
      vertex 47.3853 54.1561 5
      vertex 47.7192 54.2613 4.2
      vertex 47.3853 54.1561 4.2
    endloop
  endfacet
  facet normal -0.503139 0.864205 0
    outer loop
      vertex 48.0203 54.4366 4.2
      vertex 47.7192 54.2613 5
      vertex 48.0203 54.4366 5
    endloop
  endfacet
  facet normal -0.503139 0.864205 0
    outer loop
      vertex 47.7192 54.2613 5
      vertex 48.0203 54.4366 4.2
      vertex 47.7192 54.2613 4.2
    endloop
  endfacet
  facet normal -0.684288 0.729212 0
    outer loop
      vertex 48.2719 54.6727 4.2
      vertex 48.0203 54.4366 5
      vertex 48.2719 54.6727 5
    endloop
  endfacet
  facet normal -0.684288 0.729212 0
    outer loop
      vertex 48.0203 54.4366 5
      vertex 48.2719 54.6727 4.2
      vertex 48.0203 54.4366 4.2
    endloop
  endfacet
  facet normal -0.84055 0.541734 0
    outer loop
      vertex 48.2719 54.6727 4.2
      vertex 48.457 54.9599 5
      vertex 48.457 54.9599 4.2
    endloop
  endfacet
  facet normal -0.84055 0.541734 0
    outer loop
      vertex 48.457 54.9599 5
      vertex 48.2719 54.6727 4.2
      vertex 48.2719 54.6727 5
    endloop
  endfacet
  facet normal -0.943602 0.331083 0
    outer loop
      vertex 48.457 54.9599 4.2
      vertex 48.5757 55.2982 5
      vertex 48.5757 55.2982 4.2
    endloop
  endfacet
  facet normal -0.943602 0.331083 0
    outer loop
      vertex 48.5757 55.2982 5
      vertex 48.457 54.9599 4.2
      vertex 48.457 54.9599 5
    endloop
  endfacet
  facet normal 0 1 -0
    outer loop
      vertex 48.5947 55.2982 4.2
      vertex 48.5757 55.2982 5
      vertex 48.5947 55.2982 5
    endloop
  endfacet
  facet normal 0 1 0
    outer loop
      vertex 48.5757 55.2982 5
      vertex 48.5947 55.2982 4.2
      vertex 48.5757 55.2982 4.2
    endloop
  endfacet
  facet normal 0.963087 0.269191 0
    outer loop
      vertex 48.697 54.9322 5
      vertex 48.5947 55.2982 4.2
      vertex 48.5947 55.2982 5
    endloop
  endfacet
  facet normal 0.963087 0.269191 0
    outer loop
      vertex 48.5947 55.2982 4.2
      vertex 48.697 54.9322 5
      vertex 48.697 54.9322 4.2
    endloop
  endfacet
  facet normal 0.870847 0.491554 0
    outer loop
      vertex 48.8774 54.6126 5
      vertex 48.697 54.9322 4.2
      vertex 48.697 54.9322 5
    endloop
  endfacet
  facet normal 0.870847 0.491554 0
    outer loop
      vertex 48.697 54.9322 4.2
      vertex 48.8774 54.6126 5
      vertex 48.8774 54.6126 4.2
    endloop
  endfacet
  facet normal 0.726637 0.687022 0
    outer loop
      vertex 49.1358 54.3393 5
      vertex 48.8774 54.6126 4.2
      vertex 48.8774 54.6126 5
    endloop
  endfacet
  facet normal 0.726637 0.687022 0
    outer loop
      vertex 48.8774 54.6126 4.2
      vertex 49.1358 54.3393 5
      vertex 49.1358 54.3393 4.2
    endloop
  endfacet
  facet normal 0.544703 0.838629 -0
    outer loop
      vertex 49.4565 54.131 4.2
      vertex 49.1358 54.3393 5
      vertex 49.4565 54.131 5
    endloop
  endfacet
  facet normal 0.544703 0.838629 0
    outer loop
      vertex 49.1358 54.3393 5
      vertex 49.4565 54.131 4.2
      vertex 49.1358 54.3393 4.2
    endloop
  endfacet
  facet normal 0.322333 0.946626 -0
    outer loop
      vertex 49.8236 54.006 4.2
      vertex 49.4565 54.131 5
      vertex 49.8236 54.006 5
    endloop
  endfacet
  facet normal 0.322333 0.946626 0
    outer loop
      vertex 49.4565 54.131 5
      vertex 49.8236 54.006 4.2
      vertex 49.4565 54.131 4.2
    endloop
  endfacet
  facet normal 0.100338 0.994953 -0
    outer loop
      vertex 50.2371 53.9643 4.2
      vertex 49.8236 54.006 5
      vertex 50.2371 53.9643 5
    endloop
  endfacet
  facet normal 0.100338 0.994953 0
    outer loop
      vertex 49.8236 54.006 5
      vertex 50.2371 53.9643 4.2
      vertex 49.8236 54.006 4.2
    endloop
  endfacet
  facet normal -0.116071 0.993241 0
    outer loop
      vertex 50.813 54.0316 4.2
      vertex 50.2371 53.9643 5
      vertex 50.813 54.0316 5
    endloop
  endfacet
  facet normal -0.116071 0.993241 0
    outer loop
      vertex 50.2371 53.9643 5
      vertex 50.813 54.0316 4.2
      vertex 50.2371 53.9643 4.2
    endloop
  endfacet
  facet normal -0.386711 0.922201 0
    outer loop
      vertex 51.294 54.2333 4.2
      vertex 50.813 54.0316 5
      vertex 51.294 54.2333 5
    endloop
  endfacet
  facet normal -0.386711 0.922201 0
    outer loop
      vertex 50.813 54.0316 5
      vertex 51.294 54.2333 4.2
      vertex 50.813 54.0316 4.2
    endloop
  endfacet
  facet normal -0.656691 0.75416 0
    outer loop
      vertex 51.6801 54.5695 4.2
      vertex 51.294 54.2333 5
      vertex 51.6801 54.5695 5
    endloop
  endfacet
  facet normal -0.656691 0.75416 0
    outer loop
      vertex 51.294 54.2333 5
      vertex 51.6801 54.5695 4.2
      vertex 51.294 54.2333 4.2
    endloop
  endfacet
  facet normal -0.850078 0.526657 0
    outer loop
      vertex 51.6801 54.5695 4.2
      vertex 51.9623 55.025 5
      vertex 51.9623 55.025 4.2
    endloop
  endfacet
  facet normal -0.850078 0.526657 0
    outer loop
      vertex 51.9623 55.025 5
      vertex 51.6801 54.5695 4.2
      vertex 51.6801 54.5695 5
    endloop
  endfacet
  facet normal -0.957127 0.28967 0
    outer loop
      vertex 51.9623 55.025 4.2
      vertex 52.1316 55.5844 5
      vertex 52.1316 55.5844 4.2
    endloop
  endfacet
  facet normal -0.957127 0.28967 0
    outer loop
      vertex 52.1316 55.5844 5
      vertex 51.9623 55.025 4.2
      vertex 51.9623 55.025 5
    endloop
  endfacet
  facet normal -0.996403 0.0847364 0
    outer loop
      vertex 52.1316 55.5844 4.2
      vertex 52.188 56.2476 5
      vertex 52.188 56.2476 4.2
    endloop
  endfacet
  facet normal -0.996403 0.0847364 0
    outer loop
      vertex 52.188 56.2476 5
      vertex 52.1316 55.5844 4.2
      vertex 52.1316 55.5844 5
    endloop
  endfacet
  facet normal -0.996427 -0.0844579 0
    outer loop
      vertex 52.188 56.2476 4.2
      vertex 52.1306 56.9248 5
      vertex 52.1306 56.9248 4.2
    endloop
  endfacet
  facet normal -0.996427 -0.0844579 0
    outer loop
      vertex 52.1306 56.9248 5
      vertex 52.188 56.2476 4.2
      vertex 52.188 56.2476 5
    endloop
  endfacet
  facet normal 0.950224 -0.311569 0
    outer loop
      vertex 48.119 55.5662 5
      vertex 48.2194 55.8724 4.2
      vertex 48.2194 55.8724 5
    endloop
  endfacet
  facet normal 0.950224 -0.311569 0
    outer loop
      vertex 48.2194 55.8724 4.2
      vertex 48.119 55.5662 5
      vertex 48.119 55.5662 4.2
    endloop
  endfacet
  facet normal 0.82722 -0.561879 0
    outer loop
      vertex 47.9515 55.3196 5
      vertex 48.119 55.5662 4.2
      vertex 48.119 55.5662 5
    endloop
  endfacet
  facet normal 0.82722 -0.561879 0
    outer loop
      vertex 48.119 55.5662 4.2
      vertex 47.9515 55.3196 5
      vertex 47.9515 55.3196 4.2
    endloop
  endfacet
  facet normal 0.615426 -0.788195 0
    outer loop
      vertex 47.7202 55.139 4.2
      vertex 47.9515 55.3196 5
      vertex 47.7202 55.139 5
    endloop
  endfacet
  facet normal 0.615426 -0.788195 0
    outer loop
      vertex 47.9515 55.3196 5
      vertex 47.7202 55.139 4.2
      vertex 47.9515 55.3196 4.2
    endloop
  endfacet
  facet normal 0.34813 -0.937446 0
    outer loop
      vertex 47.4283 55.0306 4.2
      vertex 47.7202 55.139 5
      vertex 47.4283 55.0306 5
    endloop
  endfacet
  facet normal 0.34813 -0.937446 0
    outer loop
      vertex 47.7202 55.139 5
      vertex 47.4283 55.0306 4.2
      vertex 47.7202 55.139 4.2
    endloop
  endfacet
  facet normal 0.102129 -0.994771 0
    outer loop
      vertex 47.0757 54.9944 4.2
      vertex 47.4283 55.0306 5
      vertex 47.0757 54.9944 5
    endloop
  endfacet
  facet normal 0.102129 -0.994771 0
    outer loop
      vertex 47.4283 55.0306 5
      vertex 47.0757 54.9944 4.2
      vertex 47.4283 55.0306 4.2
    endloop
  endfacet
  facet normal -0.101072 -0.994879 0
    outer loop
      vertex 46.7302 55.0295 4.2
      vertex 47.0757 54.9944 5
      vertex 46.7302 55.0295 5
    endloop
  endfacet
  facet normal -0.101072 -0.994879 -0
    outer loop
      vertex 47.0757 54.9944 5
      vertex 46.7302 55.0295 4.2
      vertex 47.0757 54.9944 4.2
    endloop
  endfacet
  facet normal -0.34822 -0.937413 0
    outer loop
      vertex 46.447 55.1347 4.2
      vertex 46.7302 55.0295 5
      vertex 46.447 55.1347 5
    endloop
  endfacet
  facet normal -0.34822 -0.937413 -0
    outer loop
      vertex 46.7302 55.0295 5
      vertex 46.447 55.1347 4.2
      vertex 46.7302 55.0295 4.2
    endloop
  endfacet
  facet normal -0.621665 -0.783283 0
    outer loop
      vertex 46.226 55.3101 4.2
      vertex 46.447 55.1347 5
      vertex 46.226 55.3101 5
    endloop
  endfacet
  facet normal -0.621665 -0.783283 -0
    outer loop
      vertex 46.447 55.1347 5
      vertex 46.226 55.3101 4.2
      vertex 46.447 55.1347 4.2
    endloop
  endfacet
  facet normal -0.837432 -0.546542 0
    outer loop
      vertex 46.226 55.3101 4.2
      vertex 46.0678 55.5525 5
      vertex 46.0678 55.5525 4.2
    endloop
  endfacet
  facet normal -0.837432 -0.546542 0
    outer loop
      vertex 46.0678 55.5525 5
      vertex 46.226 55.3101 4.2
      vertex 46.226 55.3101 5
    endloop
  endfacet
  facet normal -0.955061 -0.296409 0
    outer loop
      vertex 46.0678 55.5525 4.2
      vertex 45.9728 55.8586 5
      vertex 45.9728 55.8586 4.2
    endloop
  endfacet
  facet normal -0.955061 -0.296409 0
    outer loop
      vertex 45.9728 55.8586 5
      vertex 46.0678 55.5525 4.2
      vertex 46.0678 55.5525 5
    endloop
  endfacet
  facet normal -0.996373 -0.0850956 0
    outer loop
      vertex 45.9728 55.8586 4.2
      vertex 45.9412 56.2286 5
      vertex 45.9412 56.2286 4.2
    endloop
  endfacet
  facet normal -0.996373 -0.0850956 0
    outer loop
      vertex 45.9412 56.2286 5
      vertex 45.9728 55.8586 4.2
      vertex 45.9728 55.8586 5
    endloop
  endfacet
  facet normal -0.983774 0.179412 0
    outer loop
      vertex 45.9412 56.2286 4.2
      vertex 46.0672 56.9195 5
      vertex 46.0672 56.9195 4.2
    endloop
  endfacet
  facet normal -0.983774 0.179412 0
    outer loop
      vertex 46.0672 56.9195 5
      vertex 45.9412 56.2286 4.2
      vertex 45.9412 56.2286 5
    endloop
  endfacet
  facet normal -0.738794 0.673931 0
    outer loop
      vertex 46.0672 56.9195 4.2
      vertex 46.4454 57.3341 5
      vertex 46.4454 57.3341 4.2
    endloop
  endfacet
  facet normal -0.738794 0.673931 0
    outer loop
      vertex 46.4454 57.3341 5
      vertex 46.0672 56.9195 4.2
      vertex 46.0672 56.9195 5
    endloop
  endfacet
  facet normal -0.214173 0.976796 0
    outer loop
      vertex 47.0757 57.4723 4.2
      vertex 46.4454 57.3341 5
      vertex 47.0757 57.4723 5
    endloop
  endfacet
  facet normal -0.214173 0.976796 0
    outer loop
      vertex 46.4454 57.3341 5
      vertex 47.0757 57.4723 4.2
      vertex 46.4454 57.3341 4.2
    endloop
  endfacet
  facet normal 0.0928735 0.995678 -0
    outer loop
      vertex 47.452 57.4372 4.2
      vertex 47.0757 57.4723 5
      vertex 47.452 57.4372 5
    endloop
  endfacet
  facet normal 0.0928735 0.995678 0
    outer loop
      vertex 47.0757 57.4723 5
      vertex 47.452 57.4372 4.2
      vertex 47.0757 57.4723 4.2
    endloop
  endfacet
  facet normal 0.331009 0.943628 -0
    outer loop
      vertex 47.7519 57.332 4.2
      vertex 47.452 57.4372 5
      vertex 47.7519 57.332 5
    endloop
  endfacet
  facet normal 0.331009 0.943628 0
    outer loop
      vertex 47.452 57.4372 5
      vertex 47.7519 57.332 4.2
      vertex 47.452 57.4372 4.2
    endloop
  endfacet
  facet normal 0.617713 0.786404 -0
    outer loop
      vertex 47.9752 57.1566 4.2
      vertex 47.7519 57.332 5
      vertex 47.9752 57.1566 5
    endloop
  endfacet
  facet normal 0.617713 0.786404 0
    outer loop
      vertex 47.7519 57.332 5
      vertex 47.9752 57.1566 4.2
      vertex 47.7519 57.332 4.2
    endloop
  endfacet
  facet normal 0.843489 0.537146 0
    outer loop
      vertex 48.1295 56.9143 5
      vertex 47.9752 57.1566 4.2
      vertex 47.9752 57.1566 5
    endloop
  endfacet
  facet normal 0.843489 0.537146 0
    outer loop
      vertex 47.9752 57.1566 4.2
      vertex 48.1295 56.9143 5
      vertex 48.1295 56.9143 4.2
    endloop
  endfacet
  facet normal 0.957187 0.289469 0
    outer loop
      vertex 48.2221 56.6081 5
      vertex 48.1295 56.9143 4.2
      vertex 48.1295 56.9143 5
    endloop
  endfacet
  facet normal 0.957187 0.289469 0
    outer loop
      vertex 48.1295 56.9143 4.2
      vertex 48.2221 56.6081 5
      vertex 48.2221 56.6081 4.2
    endloop
  endfacet
  facet normal 0.996553 0.0829563 0
    outer loop
      vertex 48.2529 56.2381 5
      vertex 48.2221 56.6081 4.2
      vertex 48.2221 56.6081 5
    endloop
  endfacet
  facet normal 0.996553 0.0829563 0
    outer loop
      vertex 48.2221 56.6081 4.2
      vertex 48.2529 56.2381 5
      vertex 48.2529 56.2381 4.2
    endloop
  endfacet
  facet normal 0.99583 -0.0912232 0
    outer loop
      vertex 48.2194 55.8724 5
      vertex 48.2529 56.2381 4.2
      vertex 48.2529 56.2381 5
    endloop
  endfacet
  facet normal 0.99583 -0.0912232 0
    outer loop
      vertex 48.2529 56.2381 4.2
      vertex 48.2194 55.8724 5
      vertex 48.2194 55.8724 4.2
    endloop
  endfacet
  facet normal 0.714214 -0.699927 0
    outer loop
      vertex 50.9333 55.0039 5
      vertex 51.3938 55.4738 4.2
      vertex 51.3938 55.4738 5
    endloop
  endfacet
  facet normal 0.714214 -0.699927 0
    outer loop
      vertex 51.3938 55.4738 4.2
      vertex 50.9333 55.0039 5
      vertex 50.9333 55.0039 4.2
    endloop
  endfacet
  facet normal 0.200068 -0.979782 0
    outer loop
      vertex 50.1659 54.8472 4.2
      vertex 50.9333 55.0039 5
      vertex 50.1659 54.8472 5
    endloop
  endfacet
  facet normal 0.200068 -0.979782 0
    outer loop
      vertex 50.9333 55.0039 5
      vertex 50.1659 54.8472 4.2
      vertex 50.9333 55.0039 4.2
    endloop
  endfacet
  facet normal -0.110105 -0.99392 0
    outer loop
      vertex 49.7985 54.8879 4.2
      vertex 50.1659 54.8472 5
      vertex 49.7985 54.8879 5
    endloop
  endfacet
  facet normal -0.110105 -0.99392 -0
    outer loop
      vertex 50.1659 54.8472 5
      vertex 49.7985 54.8879 4.2
      vertex 50.1659 54.8472 4.2
    endloop
  endfacet
  facet normal -0.364772 -0.931097 0
    outer loop
      vertex 49.4876 55.0097 4.2
      vertex 49.7985 54.8879 5
      vertex 49.4876 55.0097 5
    endloop
  endfacet
  facet normal -0.364772 -0.931097 -0
    outer loop
      vertex 49.7985 54.8879 5
      vertex 49.4876 55.0097 4.2
      vertex 49.7985 54.8879 4.2
    endloop
  endfacet
  facet normal -0.623758 -0.781617 0
    outer loop
      vertex 49.2331 55.2128 4.2
      vertex 49.4876 55.0097 5
      vertex 49.2331 55.2128 5
    endloop
  endfacet
  facet normal -0.623758 -0.781617 -0
    outer loop
      vertex 49.4876 55.0097 5
      vertex 49.2331 55.2128 4.2
      vertex 49.4876 55.0097 4.2
    endloop
  endfacet
  facet normal -0.825116 -0.564963 0
    outer loop
      vertex 49.2331 55.2128 4.2
      vertex 49.0446 55.4881 5
      vertex 49.0446 55.4881 4.2
    endloop
  endfacet
  facet normal -0.825116 -0.564963 0
    outer loop
      vertex 49.0446 55.4881 5
      vertex 49.2331 55.2128 4.2
      vertex 49.2331 55.2128 5
    endloop
  endfacet
  facet normal -0.948403 -0.317068 0
    outer loop
      vertex 49.0446 55.4881 4.2
      vertex 48.9314 55.8267 5
      vertex 48.9314 55.8267 4.2
    endloop
  endfacet
  facet normal -0.948403 -0.317068 0
    outer loop
      vertex 48.9314 55.8267 5
      vertex 49.0446 55.4881 4.2
      vertex 49.0446 55.4881 5
    endloop
  endfacet
  facet normal -0.995629 -0.0933944 0
    outer loop
      vertex 48.9314 55.8267 4.2
      vertex 48.8937 56.2286 5
      vertex 48.8937 56.2286 4.2
    endloop
  endfacet
  facet normal -0.995629 -0.0933944 0
    outer loop
      vertex 48.8937 56.2286 5
      vertex 48.9314 55.8267 4.2
      vertex 48.9314 55.8267 5
    endloop
  endfacet
  facet normal -0.996408 0.0846826 0
    outer loop
      vertex 48.8937 56.2286 4.2
      vertex 48.9288 56.6416 5
      vertex 48.9288 56.6416 4.2
    endloop
  endfacet
  facet normal -0.996408 0.0846826 0
    outer loop
      vertex 48.9288 56.6416 5
      vertex 48.8937 56.2286 4.2
      vertex 48.8937 56.2286 5
    endloop
  endfacet
  facet normal -0.956871 0.290513 0
    outer loop
      vertex 48.9288 56.6416 4.2
      vertex 49.034 56.9881 5
      vertex 49.034 56.9881 4.2
    endloop
  endfacet
  facet normal -0.956871 0.290513 0
    outer loop
      vertex 49.034 56.9881 5
      vertex 48.9288 56.6416 4.2
      vertex 48.9288 56.6416 5
    endloop
  endfacet
  facet normal -0.847454 0.530869 0
    outer loop
      vertex 49.034 56.9881 4.2
      vertex 49.2094 57.2681 5
      vertex 49.2094 57.2681 4.2
    endloop
  endfacet
  facet normal -0.847454 0.530869 0
    outer loop
      vertex 49.2094 57.2681 5
      vertex 49.034 56.9881 4.2
      vertex 49.034 56.9881 5
    endloop
  endfacet
  facet normal -0.643933 0.765082 0
    outer loop
      vertex 49.4538 57.4738 4.2
      vertex 49.2094 57.2681 5
      vertex 49.4538 57.4738 5
    endloop
  endfacet
  facet normal -0.643933 0.765082 0
    outer loop
      vertex 49.2094 57.2681 5
      vertex 49.4538 57.4738 4.2
      vertex 49.2094 57.2681 4.2
    endloop
  endfacet
  facet normal -0.367539 0.930008 0
    outer loop
      vertex 49.7663 57.5973 4.2
      vertex 49.4538 57.4738 5
      vertex 49.7663 57.5973 5
    endloop
  endfacet
  facet normal -0.367539 0.930008 0
    outer loop
      vertex 49.4538 57.4738 5
      vertex 49.7663 57.5973 4.2
      vertex 49.4538 57.4738 4.2
    endloop
  endfacet
  facet normal -0.107363 0.99422 0
    outer loop
      vertex 50.1469 57.6384 4.2
      vertex 49.7663 57.5973 5
      vertex 50.1469 57.6384 5
    endloop
  endfacet
  facet normal -0.107363 0.99422 0
    outer loop
      vertex 49.7663 57.5973 5
      vertex 50.1469 57.6384 4.2
      vertex 49.7663 57.5973 4.2
    endloop
  endfacet
  facet normal 0.0854075 0.996346 -0
    outer loop
      vertex 50.5902 57.6004 4.2
      vertex 50.1469 57.6384 5
      vertex 50.5902 57.6004 5
    endloop
  endfacet
  facet normal 0.0854075 0.996346 0
    outer loop
      vertex 50.1469 57.6384 5
      vertex 50.5902 57.6004 4.2
      vertex 50.1469 57.6384 4.2
    endloop
  endfacet
  facet normal 0.30535 0.95224 -0
    outer loop
      vertex 50.9454 57.4865 4.2
      vertex 50.5902 57.6004 5
      vertex 50.9454 57.4865 5
    endloop
  endfacet
  facet normal 0.30535 0.95224 0
    outer loop
      vertex 50.5902 57.6004 5
      vertex 50.9454 57.4865 4.2
      vertex 50.5902 57.6004 4.2
    endloop
  endfacet
  facet normal 0.579303 0.815112 -0
    outer loop
      vertex 51.2126 57.2966 4.2
      vertex 50.9454 57.4865 5
      vertex 51.2126 57.2966 5
    endloop
  endfacet
  facet normal 0.579303 0.815112 0
    outer loop
      vertex 50.9454 57.4865 5
      vertex 51.2126 57.2966 4.2
      vertex 50.9454 57.4865 4.2
    endloop
  endfacet
  facet normal 0.821074 0.570822 0
    outer loop
      vertex 51.3985 57.0292 5
      vertex 51.2126 57.2966 4.2
      vertex 51.2126 57.2966 5
    endloop
  endfacet
  facet normal 0.821074 0.570822 0
    outer loop
      vertex 51.2126 57.2966 4.2
      vertex 51.3985 57.0292 5
      vertex 51.3985 57.0292 4.2
    endloop
  endfacet
  facet normal 0.951848 0.306569 0
    outer loop
      vertex 51.5101 56.6827 5
      vertex 51.3985 57.0292 4.2
      vertex 51.3985 57.0292 5
    endloop
  endfacet
  facet normal 0.951848 0.306569 0
    outer loop
      vertex 51.3985 57.0292 4.2
      vertex 51.5101 56.6827 5
      vertex 51.5101 56.6827 4.2
    endloop
  endfacet
  facet normal 0.996202 0.087074 0
    outer loop
      vertex 51.5473 56.2571 5
      vertex 51.5101 56.6827 4.2
      vertex 51.5101 56.6827 5
    endloop
  endfacet
  facet normal 0.996202 0.087074 0
    outer loop
      vertex 51.5101 56.6827 4.2
      vertex 51.5473 56.2571 5
      vertex 51.5473 56.2571 4.2
    endloop
  endfacet
  facet normal 0.981335 -0.192308 0
    outer loop
      vertex 51.3938 55.4738 5
      vertex 51.5473 56.2571 4.2
      vertex 51.5473 56.2571 5
    endloop
  endfacet
  facet normal 0.981335 -0.192308 0
    outer loop
      vertex 51.5473 56.2571 4.2
      vertex 51.3938 55.4738 5
      vertex 51.3938 55.4738 4.2
    endloop
  endfacet
  facet normal -0.892206 -0.451628 0
    outer loop
      vertex 52.0899 70.1383 4.2
      vertex 51.7956 70.7197 5
      vertex 51.7956 70.7197 4.2
    endloop
  endfacet
  facet normal -0.892206 -0.451628 0
    outer loop
      vertex 51.7956 70.7197 5
      vertex 52.0899 70.1383 4.2
      vertex 52.0899 70.1383 5
    endloop
  endfacet
  facet normal -0.681281 -0.732022 0
    outer loop
      vertex 51.3051 71.1762 4.2
      vertex 51.7956 70.7197 5
      vertex 51.3051 71.1762 5
    endloop
  endfacet
  facet normal -0.681281 -0.732022 -0
    outer loop
      vertex 51.7956 70.7197 5
      vertex 51.3051 71.1762 4.2
      vertex 51.7956 70.7197 4.2
    endloop
  endfacet
  facet normal -0.436492 -0.899708 0
    outer loop
      vertex 50.6284 71.5045 4.2
      vertex 51.3051 71.1762 5
      vertex 50.6284 71.5045 5
    endloop
  endfacet
  facet normal -0.436492 -0.899708 -0
    outer loop
      vertex 51.3051 71.1762 5
      vertex 50.6284 71.5045 4.2
      vertex 51.3051 71.1762 4.2
    endloop
  endfacet
  facet normal -0.225076 -0.974341 0
    outer loop
      vertex 49.7756 71.7015 4.2
      vertex 50.6284 71.5045 5
      vertex 49.7756 71.7015 5
    endloop
  endfacet
  facet normal -0.225076 -0.974341 -0
    outer loop
      vertex 50.6284 71.5045 5
      vertex 49.7756 71.7015 4.2
      vertex 50.6284 71.5045 4.2
    endloop
  endfacet
  facet normal -0.0637187 -0.997968 0
    outer loop
      vertex 48.7466 71.7672 4.2
      vertex 49.7756 71.7015 5
      vertex 48.7466 71.7672 5
    endloop
  endfacet
  facet normal -0.0637187 -0.997968 -0
    outer loop
      vertex 49.7756 71.7015 5
      vertex 48.7466 71.7672 4.2
      vertex 49.7756 71.7015 4.2
    endloop
  endfacet
  facet normal 0.0597989 -0.99821 0
    outer loop
      vertex 47.7033 71.7047 4.2
      vertex 48.7466 71.7672 5
      vertex 47.7033 71.7047 5
    endloop
  endfacet
  facet normal 0.0597989 -0.99821 0
    outer loop
      vertex 48.7466 71.7672 5
      vertex 47.7033 71.7047 4.2
      vertex 48.7466 71.7672 4.2
    endloop
  endfacet
  facet normal 0.213588 -0.976924 0
    outer loop
      vertex 46.8457 71.5172 4.2
      vertex 47.7033 71.7047 5
      vertex 46.8457 71.5172 5
    endloop
  endfacet
  facet normal 0.213588 -0.976924 0
    outer loop
      vertex 47.7033 71.7047 5
      vertex 46.8457 71.5172 4.2
      vertex 47.7033 71.7047 4.2
    endloop
  endfacet
  facet normal 0.421718 -0.906727 0
    outer loop
      vertex 46.1738 71.2047 4.2
      vertex 46.8457 71.5172 5
      vertex 46.1738 71.2047 5
    endloop
  endfacet
  facet normal 0.421718 -0.906727 0
    outer loop
      vertex 46.8457 71.5172 5
      vertex 46.1738 71.2047 4.2
      vertex 46.8457 71.5172 4.2
    endloop
  endfacet
  facet normal 0.676898 -0.736077 0
    outer loop
      vertex 45.6912 70.7609 4.2
      vertex 46.1738 71.2047 5
      vertex 45.6912 70.7609 5
    endloop
  endfacet
  facet normal 0.676898 -0.736077 0
    outer loop
      vertex 46.1738 71.2047 5
      vertex 45.6912 70.7609 4.2
      vertex 46.1738 71.2047 4.2
    endloop
  endfacet
  facet normal 0.895134 -0.445797 0
    outer loop
      vertex 45.4016 70.1794 5
      vertex 45.6912 70.7609 4.2
      vertex 45.6912 70.7609 5
    endloop
  endfacet
  facet normal 0.895134 -0.445797 0
    outer loop
      vertex 45.6912 70.7609 4.2
      vertex 45.4016 70.1794 5
      vertex 45.4016 70.1794 4.2
    endloop
  endfacet
  facet normal 0.991116 -0.133003 0
    outer loop
      vertex 45.3051 69.4603 5
      vertex 45.4016 70.1794 4.2
      vertex 45.4016 70.1794 5
    endloop
  endfacet
  facet normal 0.991116 -0.133003 0
    outer loop
      vertex 45.4016 70.1794 4.2
      vertex 45.3051 69.4603 5
      vertex 45.3051 69.4603 4.2
    endloop
  endfacet
  facet normal 0.991722 0.128402 0
    outer loop
      vertex 45.4006 68.7227 5
      vertex 45.3051 69.4603 4.2
      vertex 45.3051 69.4603 5
    endloop
  endfacet
  facet normal 0.991722 0.128402 0
    outer loop
      vertex 45.3051 69.4603 4.2
      vertex 45.4006 68.7227 5
      vertex 45.4006 68.7227 4.2
    endloop
  endfacet
  facet normal 0.900363 0.43514 0
    outer loop
      vertex 45.687 68.1301 5
      vertex 45.4006 68.7227 4.2
      vertex 45.4006 68.7227 5
    endloop
  endfacet
  facet normal 0.900363 0.43514 0
    outer loop
      vertex 45.4006 68.7227 4.2
      vertex 45.687 68.1301 5
      vertex 45.687 68.1301 4.2
    endloop
  endfacet
  facet normal 0.683967 0.729513 -0
    outer loop
      vertex 46.1643 67.6826 4.2
      vertex 45.687 68.1301 5
      vertex 46.1643 67.6826 5
    endloop
  endfacet
  facet normal 0.683967 0.729513 0
    outer loop
      vertex 45.687 68.1301 5
      vertex 46.1643 67.6826 4.2
      vertex 45.687 68.1301 4.2
    endloop
  endfacet
  facet normal 0.423434 0.905927 -0
    outer loop
      vertex 46.8331 67.37 4.2
      vertex 46.1643 67.6826 5
      vertex 46.8331 67.37 5
    endloop
  endfacet
  facet normal 0.423434 0.905927 0
    outer loop
      vertex 46.1643 67.6826 5
      vertex 46.8331 67.37 4.2
      vertex 46.1643 67.6826 4.2
    endloop
  endfacet
  facet normal 0.212854 0.977084 -0
    outer loop
      vertex 47.6938 67.1825 4.2
      vertex 46.8331 67.37 5
      vertex 47.6938 67.1825 5
    endloop
  endfacet
  facet normal 0.212854 0.977084 0
    outer loop
      vertex 46.8331 67.37 5
      vertex 47.6938 67.1825 4.2
      vertex 46.8331 67.37 4.2
    endloop
  endfacet
  facet normal 0.0592612 0.998243 -0
    outer loop
      vertex 48.7466 67.12 4.2
      vertex 47.6938 67.1825 5
      vertex 48.7466 67.12 5
    endloop
  endfacet
  facet normal 0.0592612 0.998243 0
    outer loop
      vertex 47.6938 67.1825 5
      vertex 48.7466 67.12 4.2
      vertex 47.6938 67.1825 4.2
    endloop
  endfacet
  facet normal -0.0621799 0.998065 0
    outer loop
      vertex 49.7803 67.1844 4.2
      vertex 48.7466 67.12 5
      vertex 49.7803 67.1844 5
    endloop
  endfacet
  facet normal -0.0621799 0.998065 0
    outer loop
      vertex 48.7466 67.12 5
      vertex 49.7803 67.1844 4.2
      vertex 48.7466 67.12 4.2
    endloop
  endfacet
  facet normal -0.220313 0.975429 0
    outer loop
      vertex 50.6348 67.3774 4.2
      vertex 49.7803 67.1844 5
      vertex 50.6348 67.3774 5
    endloop
  endfacet
  facet normal -0.220313 0.975429 0
    outer loop
      vertex 49.7803 67.1844 5
      vertex 50.6348 67.3774 4.2
      vertex 49.7803 67.1844 4.2
    endloop
  endfacet
  facet normal -0.430286 0.902692 0
    outer loop
      vertex 51.3099 67.6992 4.2
      vertex 50.6348 67.3774 5
      vertex 51.3099 67.6992 5
    endloop
  endfacet
  facet normal -0.430286 0.902692 0
    outer loop
      vertex 50.6348 67.3774 5
      vertex 51.3099 67.6992 4.2
      vertex 50.6348 67.3774 4.2
    endloop
  endfacet
  facet normal -0.677973 0.735086 0
    outer loop
      vertex 51.7977 68.1491 4.2
      vertex 51.3099 67.6992 5
      vertex 51.7977 68.1491 5
    endloop
  endfacet
  facet normal -0.677973 0.735086 0
    outer loop
      vertex 51.3099 67.6992 5
      vertex 51.7977 68.1491 4.2
      vertex 51.3099 67.6992 4.2
    endloop
  endfacet
  facet normal -0.891911 0.452211 0
    outer loop
      vertex 51.7977 68.1491 4.2
      vertex 52.0905 68.7266 5
      vertex 52.0905 68.7266 4.2
    endloop
  endfacet
  facet normal -0.891911 0.452211 0
    outer loop
      vertex 52.0905 68.7266 5
      vertex 51.7977 68.1491 4.2
      vertex 51.7977 68.1491 5
    endloop
  endfacet
  facet normal -0.990577 0.136956 0
    outer loop
      vertex 52.0905 68.7266 4.2
      vertex 52.188 69.4318 5
      vertex 52.188 69.4318 4.2
    endloop
  endfacet
  facet normal -0.990577 0.136956 0
    outer loop
      vertex 52.188 69.4318 5
      vertex 52.0905 68.7266 4.2
      vertex 52.0905 68.7266 5
    endloop
  endfacet
  facet normal -0.990497 -0.137534 0
    outer loop
      vertex 52.188 69.4318 4.2
      vertex 52.0899 70.1383 5
      vertex 52.0899 70.1383 4.2
    endloop
  endfacet
  facet normal -0.990497 -0.137534 0
    outer loop
      vertex 52.0899 70.1383 5
      vertex 52.188 69.4318 4.2
      vertex 52.188 69.4318 5
    endloop
  endfacet
  facet normal 0.859171 -0.511688 0
    outer loop
      vertex 51.197 68.6111 5
      vertex 51.417 68.9805 4.2
      vertex 51.417 68.9805 5
    endloop
  endfacet
  facet normal 0.859171 -0.511688 0
    outer loop
      vertex 51.417 68.9805 4.2
      vertex 51.197 68.6111 5
      vertex 51.197 68.6111 4.2
    endloop
  endfacet
  facet normal 0.604615 -0.796518 0
    outer loop
      vertex 50.8305 68.3329 4.2
      vertex 51.197 68.6111 5
      vertex 50.8305 68.3329 5
    endloop
  endfacet
  facet normal 0.604615 -0.796518 0
    outer loop
      vertex 51.197 68.6111 5
      vertex 50.8305 68.3329 4.2
      vertex 51.197 68.6111 4.2
    endloop
  endfacet
  facet normal 0.346575 -0.938022 0
    outer loop
      vertex 50.3057 68.139 4.2
      vertex 50.8305 68.3329 5
      vertex 50.3057 68.139 5
    endloop
  endfacet
  facet normal 0.346575 -0.938022 0
    outer loop
      vertex 50.8305 68.3329 5
      vertex 50.3057 68.139 4.2
      vertex 50.8305 68.3329 4.2
    endloop
  endfacet
  facet normal 0.165113 -0.986275 0
    outer loop
      vertex 49.611 68.0227 4.2
      vertex 50.3057 68.139 5
      vertex 49.611 68.0227 5
    endloop
  endfacet
  facet normal 0.165113 -0.986275 0
    outer loop
      vertex 50.3057 68.139 5
      vertex 49.611 68.0227 4.2
      vertex 50.3057 68.139 4.2
    endloop
  endfacet
  facet normal 0.0447261 -0.998999 0
    outer loop
      vertex 48.7466 67.984 4.2
      vertex 49.611 68.0227 5
      vertex 48.7466 67.984 5
    endloop
  endfacet
  facet normal 0.0447261 -0.998999 0
    outer loop
      vertex 49.611 68.0227 5
      vertex 48.7466 67.984 4.2
      vertex 49.611 68.0227 4.2
    endloop
  endfacet
  facet normal -0.0430703 -0.999072 0
    outer loop
      vertex 47.8605 68.0222 4.2
      vertex 48.7466 67.984 5
      vertex 47.8605 68.0222 5
    endloop
  endfacet
  facet normal -0.0430703 -0.999072 -0
    outer loop
      vertex 48.7466 67.984 5
      vertex 47.8605 68.0222 4.2
      vertex 48.7466 67.984 4.2
    endloop
  endfacet
  facet normal -0.16114 -0.986932 0
    outer loop
      vertex 47.158 68.1369 4.2
      vertex 47.8605 68.0222 5
      vertex 47.158 68.1369 5
    endloop
  endfacet
  facet normal -0.16114 -0.986932 -0
    outer loop
      vertex 47.8605 68.0222 5
      vertex 47.158 68.1369 4.2
      vertex 47.8605 68.0222 4.2
    endloop
  endfacet
  facet normal -0.345689 -0.938349 0
    outer loop
      vertex 46.639 68.3281 4.2
      vertex 47.158 68.1369 5
      vertex 46.639 68.3281 5
    endloop
  endfacet
  facet normal -0.345689 -0.938349 -0
    outer loop
      vertex 47.158 68.1369 5
      vertex 46.639 68.3281 4.2
      vertex 47.158 68.1369 4.2
    endloop
  endfacet
  facet normal -0.616571 -0.7873 0
    outer loop
      vertex 46.283 68.6069 4.2
      vertex 46.639 68.3281 5
      vertex 46.283 68.6069 5
    endloop
  endfacet
  facet normal -0.616571 -0.7873 -0
    outer loop
      vertex 46.639 68.3281 5
      vertex 46.283 68.6069 4.2
      vertex 46.639 68.3281 4.2
    endloop
  endfacet
  facet normal -0.870279 -0.492559 0
    outer loop
      vertex 46.283 68.6069 4.2
      vertex 46.0694 68.9843 5
      vertex 46.0694 68.9843 4.2
    endloop
  endfacet
  facet normal -0.870279 -0.492559 0
    outer loop
      vertex 46.0694 68.9843 5
      vertex 46.283 68.6069 4.2
      vertex 46.283 68.6069 5
    endloop
  endfacet
  facet normal -0.988997 -0.147934 0
    outer loop
      vertex 46.0694 68.9843 4.2
      vertex 45.9982 69.4603 5
      vertex 45.9982 69.4603 4.2
    endloop
  endfacet
  facet normal -0.988997 -0.147934 0
    outer loop
      vertex 45.9982 69.4603 5
      vertex 46.0694 68.9843 4.2
      vertex 46.0694 68.9843 5
    endloop
  endfacet
  facet normal -0.988129 0.153624 0
    outer loop
      vertex 45.9982 69.4603 4.2
      vertex 46.0704 69.9247 5
      vertex 46.0704 69.9247 4.2
    endloop
  endfacet
  facet normal -0.988129 0.153624 0
    outer loop
      vertex 46.0704 69.9247 5
      vertex 45.9982 69.4603 4.2
      vertex 45.9982 69.4603 5
    endloop
  endfacet
  facet normal -0.861476 0.507798 0
    outer loop
      vertex 46.0704 69.9247 4.2
      vertex 46.2872 70.2925 5
      vertex 46.2872 70.2925 4.2
    endloop
  endfacet
  facet normal -0.861476 0.507798 0
    outer loop
      vertex 46.2872 70.2925 5
      vertex 46.0704 69.9247 4.2
      vertex 46.0704 69.9247 5
    endloop
  endfacet
  facet normal -0.600602 0.799548 0
    outer loop
      vertex 46.6485 70.5639 4.2
      vertex 46.2872 70.2925 5
      vertex 46.6485 70.5639 5
    endloop
  endfacet
  facet normal -0.600602 0.799548 0
    outer loop
      vertex 46.2872 70.2925 5
      vertex 46.6485 70.5639 4.2
      vertex 46.2872 70.2925 4.2
    endloop
  endfacet
  facet normal -0.335433 0.942064 0
    outer loop
      vertex 47.1706 70.7498 4.2
      vertex 46.6485 70.5639 5
      vertex 47.1706 70.7498 5
    endloop
  endfacet
  facet normal -0.335433 0.942064 0
    outer loop
      vertex 46.6485 70.5639 5
      vertex 47.1706 70.7498 4.2
      vertex 46.6485 70.5639 4.2
    endloop
  endfacet
  facet normal -0.157572 0.987508 0
    outer loop
      vertex 47.87 70.8614 4.2
      vertex 47.1706 70.7498 5
      vertex 47.87 70.8614 5
    endloop
  endfacet
  facet normal -0.157572 0.987508 0
    outer loop
      vertex 47.1706 70.7498 5
      vertex 47.87 70.8614 4.2
      vertex 47.1706 70.7498 4.2
    endloop
  endfacet
  facet normal -0.0423985 0.999101 0
    outer loop
      vertex 48.7466 70.8986 4.2
      vertex 47.87 70.8614 5
      vertex 48.7466 70.8986 5
    endloop
  endfacet
  facet normal -0.0423985 0.999101 0
    outer loop
      vertex 47.87 70.8614 5
      vertex 48.7466 70.8986 4.2
      vertex 47.87 70.8614 4.2
    endloop
  endfacet
  facet normal 0.0458234 0.99895 -0
    outer loop
      vertex 49.5968 70.8596 4.2
      vertex 48.7466 70.8986 5
      vertex 49.5968 70.8596 5
    endloop
  endfacet
  facet normal 0.0458234 0.99895 0
    outer loop
      vertex 48.7466 70.8986 5
      vertex 49.5968 70.8596 4.2
      vertex 48.7466 70.8986 4.2
    endloop
  endfacet
  facet normal 0.167341 0.985899 -0
    outer loop
      vertex 50.2867 70.7425 4.2
      vertex 49.5968 70.8596 5
      vertex 50.2867 70.7425 5
    endloop
  endfacet
  facet normal 0.167341 0.985899 0
    outer loop
      vertex 49.5968 70.8596 5
      vertex 50.2867 70.7425 4.2
      vertex 49.5968 70.8596 4.2
    endloop
  endfacet
  facet normal 0.345894 0.938274 -0
    outer loop
      vertex 50.8162 70.5473 4.2
      vertex 50.2867 70.7425 5
      vertex 50.8162 70.5473 5
    endloop
  endfacet
  facet normal 0.345894 0.938274 0
    outer loop
      vertex 50.2867 70.7425 5
      vertex 50.8162 70.5473 4.2
      vertex 50.2867 70.7425 4.2
    endloop
  endfacet
  facet normal 0.597427 0.801923 -0
    outer loop
      vertex 51.1907 70.2683 4.2
      vertex 50.8162 70.5473 5
      vertex 51.1907 70.2683 5
    endloop
  endfacet
  facet normal 0.597427 0.801923 0
    outer loop
      vertex 50.8162 70.5473 5
      vertex 51.1907 70.2683 4.2
      vertex 50.8162 70.5473 4.2
    endloop
  endfacet
  facet normal 0.853917 0.52041 0
    outer loop
      vertex 51.4154 69.8996 5
      vertex 51.1907 70.2683 4.2
      vertex 51.1907 70.2683 5
    endloop
  endfacet
  facet normal 0.853917 0.52041 0
    outer loop
      vertex 51.1907 70.2683 4.2
      vertex 51.4154 69.8996 5
      vertex 51.4154 69.8996 4.2
    endloop
  endfacet
  facet normal 0.986913 0.161256 0
    outer loop
      vertex 51.4903 69.4412 5
      vertex 51.4154 69.8996 4.2
      vertex 51.4154 69.8996 5
    endloop
  endfacet
  facet normal 0.986913 0.161256 0
    outer loop
      vertex 51.4154 69.8996 4.2
      vertex 51.4903 69.4412 5
      vertex 51.4903 69.4412 4.2
    endloop
  endfacet
  facet normal 0.987578 -0.157129 0
    outer loop
      vertex 51.417 68.9805 5
      vertex 51.4903 69.4412 4.2
      vertex 51.4903 69.4412 5
    endloop
  endfacet
  facet normal 0.987578 -0.157129 0
    outer loop
      vertex 51.4903 69.4412 4.2
      vertex 51.417 68.9805 5
      vertex 51.417 68.9805 4.2
    endloop
  endfacet
  facet normal -0.88849 -0.458897 0
    outer loop
      vertex 52.0852 64.7013 4.2
      vertex 51.7767 65.2986 5
      vertex 51.7767 65.2986 4.2
    endloop
  endfacet
  facet normal -0.88849 -0.458897 0
    outer loop
      vertex 51.7767 65.2986 5
      vertex 52.0852 64.7013 4.2
      vertex 52.0852 64.7013 5
    endloop
  endfacet
  facet normal -0.681319 -0.731987 0
    outer loop
      vertex 51.2624 65.7773 4.2
      vertex 51.7767 65.2986 5
      vertex 51.2624 65.7773 5
    endloop
  endfacet
  facet normal -0.681319 -0.731987 -0
    outer loop
      vertex 51.7767 65.2986 5
      vertex 51.2624 65.7773 4.2
      vertex 51.7767 65.2986 4.2
    endloop
  endfacet
  facet normal -0.443705 -0.896173 0
    outer loop
      vertex 50.5567 66.1267 4.2
      vertex 51.2624 65.7773 5
      vertex 50.5567 66.1267 5
    endloop
  endfacet
  facet normal -0.443705 -0.896173 -0
    outer loop
      vertex 51.2624 65.7773 5
      vertex 50.5567 66.1267 4.2
      vertex 51.2624 65.7773 4.2
    endloop
  endfacet
  facet normal -0.231084 -0.972934 0
    outer loop
      vertex 49.6738 66.3364 4.2
      vertex 50.5567 66.1267 5
      vertex 49.6738 66.3364 5
    endloop
  endfacet
  facet normal -0.231084 -0.972934 -0
    outer loop
      vertex 50.5567 66.1267 5
      vertex 49.6738 66.3364 4.2
      vertex 50.5567 66.1267 4.2
    endloop
  endfacet
  facet normal -0.0657881 -0.997834 0
    outer loop
      vertex 48.6136 66.4063 4.2
      vertex 49.6738 66.3364 5
      vertex 48.6136 66.4063 5
    endloop
  endfacet
  facet normal -0.0657881 -0.997834 -0
    outer loop
      vertex 49.6738 66.3364 5
      vertex 48.6136 66.4063 4.2
      vertex 49.6738 66.3364 4.2
    endloop
  endfacet
  facet normal 0.0629124 -0.998019 0
    outer loop
      vertex 47.6015 66.3425 4.2
      vertex 48.6136 66.4063 5
      vertex 47.6015 66.3425 5
    endloop
  endfacet
  facet normal 0.0629124 -0.998019 0
    outer loop
      vertex 48.6136 66.4063 5
      vertex 47.6015 66.3425 4.2
      vertex 48.6136 66.4063 4.2
    endloop
  endfacet
  facet normal 0.225461 -0.974252 0
    outer loop
      vertex 46.774 66.151 4.2
      vertex 47.6015 66.3425 5
      vertex 46.774 66.151 5
    endloop
  endfacet
  facet normal 0.225461 -0.974252 0
    outer loop
      vertex 47.6015 66.3425 5
      vertex 46.774 66.151 4.2
      vertex 47.6015 66.3425 4.2
    endloop
  endfacet
  facet normal 0.444592 -0.895733 0
    outer loop
      vertex 46.1311 65.8319 4.2
      vertex 46.774 66.151 5
      vertex 46.1311 65.8319 5
    endloop
  endfacet
  facet normal 0.444592 -0.895733 0
    outer loop
      vertex 46.774 66.151 5
      vertex 46.1311 65.8319 4.2
      vertex 46.774 66.151 4.2
    endloop
  endfacet
  facet normal 0.694614 -0.719383 0
    outer loop
      vertex 45.6722 65.3888 4.2
      vertex 46.1311 65.8319 5
      vertex 45.6722 65.3888 5
    endloop
  endfacet
  facet normal 0.694614 -0.719383 0
    outer loop
      vertex 46.1311 65.8319 5
      vertex 45.6722 65.3888 4.2
      vertex 46.1311 65.8319 4.2
    endloop
  endfacet
  facet normal 0.898442 -0.439093 0
    outer loop
      vertex 45.3969 64.8255 5
      vertex 45.6722 65.3888 4.2
      vertex 45.6722 65.3888 5
    endloop
  endfacet
  facet normal 0.898442 -0.439093 0
    outer loop
      vertex 45.6722 65.3888 4.2
      vertex 45.3969 64.8255 5
      vertex 45.3969 64.8255 4.2
    endloop
  endfacet
  facet normal 0.991101 -0.133113 0
    outer loop
      vertex 45.3051 64.142 5
      vertex 45.3969 64.8255 4.2
      vertex 45.3969 64.8255 5
    endloop
  endfacet
  facet normal 0.991101 -0.133113 0
    outer loop
      vertex 45.3969 64.8255 4.2
      vertex 45.3051 64.142 5
      vertex 45.3051 64.142 4.2
    endloop
  endfacet
  facet normal 0.994747 0.10236 0
    outer loop
      vertex 45.3718 63.4938 5
      vertex 45.3051 64.142 4.2
      vertex 45.3051 64.142 5
    endloop
  endfacet
  facet normal 0.994747 0.10236 0
    outer loop
      vertex 45.3051 64.142 4.2
      vertex 45.3718 63.4938 5
      vertex 45.3718 63.4938 4.2
    endloop
  endfacet
  facet normal 0.938856 0.34431 0
    outer loop
      vertex 45.572 62.9479 5
      vertex 45.3718 63.4938 4.2
      vertex 45.3718 63.4938 5
    endloop
  endfacet
  facet normal 0.938856 0.34431 0
    outer loop
      vertex 45.3718 63.4938 4.2
      vertex 45.572 62.9479 5
      vertex 45.572 62.9479 4.2
    endloop
  endfacet
  facet normal 0.799221 0.601037 0
    outer loop
      vertex 45.9056 62.5043 5
      vertex 45.572 62.9479 4.2
      vertex 45.572 62.9479 5
    endloop
  endfacet
  facet normal 0.799221 0.601037 0
    outer loop
      vertex 45.572 62.9479 4.2
      vertex 45.9056 62.5043 5
      vertex 45.9056 62.5043 4.2
    endloop
  endfacet
  facet normal 0.58768 0.809093 -0
    outer loop
      vertex 46.3558 62.1773 4.2
      vertex 45.9056 62.5043 5
      vertex 46.3558 62.1773 5
    endloop
  endfacet
  facet normal 0.58768 0.809093 0
    outer loop
      vertex 45.9056 62.5043 5
      vertex 46.3558 62.1773 4.2
      vertex 45.9056 62.5043 4.2
    endloop
  endfacet
  facet normal 0.336098 0.941827 -0
    outer loop
      vertex 46.9056 61.9811 4.2
      vertex 46.3558 62.1773 5
      vertex 46.9056 61.9811 5
    endloop
  endfacet
  facet normal 0.336098 0.941827 0
    outer loop
      vertex 46.3558 62.1773 5
      vertex 46.9056 61.9811 4.2
      vertex 46.3558 62.1773 4.2
    endloop
  endfacet
  facet normal 0.100186 0.994969 -0
    outer loop
      vertex 47.5551 61.9157 4.2
      vertex 46.9056 61.9811 5
      vertex 47.5551 61.9157 5
    endloop
  endfacet
  facet normal 0.100186 0.994969 0
    outer loop
      vertex 46.9056 61.9811 5
      vertex 47.5551 61.9157 4.2
      vertex 46.9056 61.9811 4.2
    endloop
  endfacet
  facet normal -0.0941364 0.995559 0
    outer loop
      vertex 48.1907 61.9758 4.2
      vertex 47.5551 61.9157 5
      vertex 48.1907 61.9758 5
    endloop
  endfacet
  facet normal -0.0941364 0.995559 0
    outer loop
      vertex 47.5551 61.9157 5
      vertex 48.1907 61.9758 4.2
      vertex 47.5551 61.9157 4.2
    endloop
  endfacet
  facet normal -0.313774 0.949498 0
    outer loop
      vertex 48.7366 62.1562 4.2
      vertex 48.1907 61.9758 5
      vertex 48.7366 62.1562 5
    endloop
  endfacet
  facet normal -0.313774 0.949498 0
    outer loop
      vertex 48.1907 61.9758 5
      vertex 48.7366 62.1562 4.2
      vertex 48.1907 61.9758 4.2
    endloop
  endfacet
  facet normal -0.550215 0.835023 0
    outer loop
      vertex 49.1928 62.4568 4.2
      vertex 48.7366 62.1562 5
      vertex 49.1928 62.4568 5
    endloop
  endfacet
  facet normal -0.550215 0.835023 0
    outer loop
      vertex 48.7366 62.1562 5
      vertex 49.1928 62.4568 4.2
      vertex 48.7366 62.1562 4.2
    endloop
  endfacet
  facet normal -0.760032 0.649885 0
    outer loop
      vertex 49.1928 62.4568 4.2
      vertex 49.5356 62.8577 5
      vertex 49.5356 62.8577 4.2
    endloop
  endfacet
  facet normal -0.760032 0.649885 0
    outer loop
      vertex 49.5356 62.8577 5
      vertex 49.1928 62.4568 4.2
      vertex 49.1928 62.4568 5
    endloop
  endfacet
  facet normal -0.919451 0.393204 0
    outer loop
      vertex 49.5356 62.8577 4.2
      vertex 49.7413 63.3387 5
      vertex 49.7413 63.3387 4.2
    endloop
  endfacet
  facet normal -0.919451 0.393204 0
    outer loop
      vertex 49.7413 63.3387 5
      vertex 49.5356 62.8577 4.2
      vertex 49.5356 62.8577 5
    endloop
  endfacet
  facet normal -0.992612 0.121335 0
    outer loop
      vertex 49.7413 63.3387 4.2
      vertex 49.8099 63.8999 5
      vertex 49.8099 63.8999 4.2
    endloop
  endfacet
  facet normal -0.992612 0.121335 0
    outer loop
      vertex 49.8099 63.8999 5
      vertex 49.7413 63.3387 4.2
      vertex 49.7413 63.3387 5
    endloop
  endfacet
  facet normal -0.996764 -0.0803887 0
    outer loop
      vertex 49.8099 63.8999 4.2
      vertex 49.7811 64.257 5
      vertex 49.7811 64.257 4.2
    endloop
  endfacet
  facet normal -0.996764 -0.0803887 0
    outer loop
      vertex 49.7811 64.257 5
      vertex 49.8099 63.8999 4.2
      vertex 49.8099 63.8999 5
    endloop
  endfacet
  facet normal -0.968809 -0.247808 0
    outer loop
      vertex 49.7811 64.257 4.2
      vertex 49.6949 64.594 5
      vertex 49.6949 64.594 4.2
    endloop
  endfacet
  facet normal -0.968809 -0.247808 0
    outer loop
      vertex 49.6949 64.594 5
      vertex 49.7811 64.257 4.2
      vertex 49.7811 64.257 5
    endloop
  endfacet
  facet normal -0.910789 -0.412872 0
    outer loop
      vertex 49.6949 64.594 4.2
      vertex 49.5512 64.911 5
      vertex 49.5512 64.911 4.2
    endloop
  endfacet
  facet normal -0.910789 -0.412872 0
    outer loop
      vertex 49.5512 64.911 5
      vertex 49.6949 64.594 4.2
      vertex 49.6949 64.594 5
    endloop
  endfacet
  facet normal -0.822887 -0.568205 0
    outer loop
      vertex 49.5512 64.911 4.2
      vertex 49.36 65.1879 5
      vertex 49.36 65.1879 4.2
    endloop
  endfacet
  facet normal -0.822887 -0.568205 0
    outer loop
      vertex 49.36 65.1879 5
      vertex 49.5512 64.911 4.2
      vertex 49.5512 64.911 5
    endloop
  endfacet
  facet normal -0.687973 -0.725736 0
    outer loop
      vertex 49.1313 65.4047 4.2
      vertex 49.36 65.1879 5
      vertex 49.1313 65.4047 5
    endloop
  endfacet
  facet normal -0.687973 -0.725736 -0
    outer loop
      vertex 49.36 65.1879 5
      vertex 49.1313 65.4047 4.2
      vertex 49.36 65.1879 4.2
    endloop
  endfacet
  facet normal -0.50719 -0.861834 0
    outer loop
      vertex 48.8652 65.5613 4.2
      vertex 49.1313 65.4047 5
      vertex 48.8652 65.5613 5
    endloop
  endfacet
  facet normal -0.50719 -0.861834 -0
    outer loop
      vertex 49.1313 65.4047 5
      vertex 48.8652 65.5613 4.2
      vertex 49.1313 65.4047 4.2
    endloop
  endfacet
  facet normal 0.0708381 0.997488 -0
    outer loop
      vertex 49.6453 65.5059 4.2
      vertex 48.8652 65.5613 5
      vertex 49.6453 65.5059 5
    endloop
  endfacet
  facet normal 0.0708381 0.997488 0
    outer loop
      vertex 48.8652 65.5613 5
      vertex 49.6453 65.5059 4.2
      vertex 48.8652 65.5613 4.2
    endloop
  endfacet
  facet normal 0.211612 0.977354 -0
    outer loop
      vertex 50.2956 65.3651 4.2
      vertex 49.6453 65.5059 5
      vertex 50.2956 65.3651 5
    endloop
  endfacet
  facet normal 0.211612 0.977354 0
    outer loop
      vertex 49.6453 65.5059 5
      vertex 50.2956 65.3651 4.2
      vertex 49.6453 65.5059 4.2
    endloop
  endfacet
  facet normal 0.398507 0.917165 -0
    outer loop
      vertex 50.8162 65.1389 4.2
      vertex 50.2956 65.3651 5
      vertex 50.8162 65.1389 5
    endloop
  endfacet
  facet normal 0.398507 0.917165 0
    outer loop
      vertex 50.2956 65.3651 5
      vertex 50.8162 65.1389 4.2
      vertex 50.2956 65.3651 4.2
    endloop
  endfacet
  facet normal 0.627368 0.778723 -0
    outer loop
      vertex 51.1959 64.833 4.2
      vertex 50.8162 65.1389 5
      vertex 51.1959 64.833 5
    endloop
  endfacet
  facet normal 0.627368 0.778723 0
    outer loop
      vertex 50.8162 65.1389 5
      vertex 51.1959 64.833 4.2
      vertex 50.8162 65.1389 4.2
    endloop
  endfacet
  facet normal 0.857473 0.514529 0
    outer loop
      vertex 51.4238 64.4532 5
      vertex 51.1959 64.833 4.2
      vertex 51.1959 64.833 5
    endloop
  endfacet
  facet normal 0.857473 0.514529 0
    outer loop
      vertex 51.1959 64.833 4.2
      vertex 51.4238 64.4532 5
      vertex 51.4238 64.4532 4.2
    endloop
  endfacet
  facet normal 0.986288 0.165034 0
    outer loop
      vertex 51.4997 63.9996 5
      vertex 51.4238 64.4532 4.2
      vertex 51.4238 64.4532 5
    endloop
  endfacet
  facet normal 0.986288 0.165034 0
    outer loop
      vertex 51.4238 64.4532 4.2
      vertex 51.4997 63.9996 5
      vertex 51.4997 63.9996 4.2
    endloop
  endfacet
  facet normal 0.984072 -0.177773 0
    outer loop
      vertex 51.4069 63.4859 5
      vertex 51.4997 63.9996 4.2
      vertex 51.4997 63.9996 5
    endloop
  endfacet
  facet normal 0.984072 -0.177773 0
    outer loop
      vertex 51.4997 63.9996 4.2
      vertex 51.4069 63.4859 5
      vertex 51.4069 63.4859 4.2
    endloop
  endfacet
  facet normal 0.80403 -0.594589 0
    outer loop
      vertex 51.1284 63.1093 5
      vertex 51.4069 63.4859 4.2
      vertex 51.4069 63.4859 5
    endloop
  endfacet
  facet normal 0.80403 -0.594589 0
    outer loop
      vertex 51.4069 63.4859 4.2
      vertex 51.1284 63.1093 5
      vertex 51.1284 63.1093 4.2
    endloop
  endfacet
  facet normal 0.458589 -0.888648 0
    outer loop
      vertex 50.6643 62.8698 4.2
      vertex 51.1284 63.1093 5
      vertex 50.6643 62.8698 5
    endloop
  endfacet
  facet normal 0.458589 -0.888648 0
    outer loop
      vertex 51.1284 63.1093 5
      vertex 50.6643 62.8698 4.2
      vertex 51.1284 63.1093 4.2
    endloop
  endfacet
  facet normal 0.987894 0.15513 0
    outer loop
      vertex 50.7925 62.0534 5
      vertex 50.6643 62.8698 4.2
      vertex 50.6643 62.8698 5
    endloop
  endfacet
  facet normal 0.987894 0.15513 0
    outer loop
      vertex 50.6643 62.8698 4.2
      vertex 50.7925 62.0534 5
      vertex 50.7925 62.0534 4.2
    endloop
  endfacet
  facet normal -0.349047 0.937105 0
    outer loop
      vertex 51.2379 62.2193 4.2
      vertex 50.7925 62.0534 5
      vertex 51.2379 62.2193 5
    endloop
  endfacet
  facet normal -0.349047 0.937105 0
    outer loop
      vertex 50.7925 62.0534 5
      vertex 51.2379 62.2193 4.2
      vertex 50.7925 62.0534 4.2
    endloop
  endfacet
  facet normal -0.535798 0.844346 0
    outer loop
      vertex 51.5931 62.4447 4.2
      vertex 51.2379 62.2193 5
      vertex 51.5931 62.4447 5
    endloop
  endfacet
  facet normal -0.535798 0.844346 0
    outer loop
      vertex 51.2379 62.2193 5
      vertex 51.5931 62.4447 4.2
      vertex 51.2379 62.2193 4.2
    endloop
  endfacet
  facet normal -0.732455 0.680816 0
    outer loop
      vertex 51.5931 62.4447 4.2
      vertex 51.8581 62.7298 5
      vertex 51.8581 62.7298 4.2
    endloop
  endfacet
  facet normal -0.732455 0.680816 0
    outer loop
      vertex 51.8581 62.7298 5
      vertex 51.5931 62.4447 4.2
      vertex 51.5931 62.4447 5
    endloop
  endfacet
  facet normal -0.885539 0.464566 0
    outer loop
      vertex 51.8581 62.7298 4.2
      vertex 52.0414 63.0792 5
      vertex 52.0414 63.0792 4.2
    endloop
  endfacet
  facet normal -0.885539 0.464566 0
    outer loop
      vertex 52.0414 63.0792 5
      vertex 51.8581 62.7298 4.2
      vertex 51.8581 62.7298 5
    endloop
  endfacet
  facet normal -0.967149 0.254209 0
    outer loop
      vertex 52.0414 63.0792 4.2
      vertex 52.1514 63.4977 5
      vertex 52.1514 63.4977 4.2
    endloop
  endfacet
  facet normal -0.967149 0.254209 0
    outer loop
      vertex 52.1514 63.4977 5
      vertex 52.0414 63.0792 4.2
      vertex 52.0414 63.0792 5
    endloop
  endfacet
  facet normal -0.997195 0.074851 0
    outer loop
      vertex 52.1514 63.4977 4.2
      vertex 52.188 63.9853 5
      vertex 52.188 63.9853 4.2
    endloop
  endfacet
  facet normal -0.997195 0.074851 0
    outer loop
      vertex 52.188 63.9853 5
      vertex 52.1514 63.4977 4.2
      vertex 52.1514 63.4977 5
    endloop
  endfacet
  facet normal -0.98985 -0.142118 0
    outer loop
      vertex 52.188 63.9853 4.2
      vertex 52.0852 64.7013 5
      vertex 52.0852 64.7013 4.2
    endloop
  endfacet
  facet normal -0.98985 -0.142118 0
    outer loop
      vertex 52.0852 64.7013 5
      vertex 52.188 63.9853 4.2
      vertex 52.188 63.9853 5
    endloop
  endfacet
  facet normal 0.915029 -0.403388 0
    outer loop
      vertex 48.947 63.4057 5
      vertex 49.0886 63.7269 4.2
      vertex 49.0886 63.7269 5
    endloop
  endfacet
  facet normal 0.915029 -0.403388 0
    outer loop
      vertex 49.0886 63.7269 4.2
      vertex 48.947 63.4057 5
      vertex 48.947 63.4057 4.2
    endloop
  endfacet
  facet normal 0.747161 -0.664643 0
    outer loop
      vertex 48.711 63.1404 5
      vertex 48.947 63.4057 4.2
      vertex 48.947 63.4057 5
    endloop
  endfacet
  facet normal 0.747161 -0.664643 0
    outer loop
      vertex 48.947 63.4057 4.2
      vertex 48.711 63.1404 5
      vertex 48.711 63.1404 4.2
    endloop
  endfacet
  facet normal 0.529013 -0.848614 0
    outer loop
      vertex 48.3937 62.9426 4.2
      vertex 48.711 63.1404 5
      vertex 48.3937 62.9426 5
    endloop
  endfacet
  facet normal 0.529013 -0.848614 0
    outer loop
      vertex 48.711 63.1404 5
      vertex 48.3937 62.9426 4.2
      vertex 48.711 63.1404 4.2
    endloop
  endfacet
  facet normal 0.29419 -0.955747 0
    outer loop
      vertex 48.0084 62.824 4.2
      vertex 48.3937 62.9426 5
      vertex 48.0084 62.824 5
    endloop
  endfacet
  facet normal 0.29419 -0.955747 0
    outer loop
      vertex 48.3937 62.9426 5
      vertex 48.0084 62.824 4.2
      vertex 48.3937 62.9426 4.2
    endloop
  endfacet
  facet normal 0.0870279 -0.996206 0
    outer loop
      vertex 47.5551 62.7844 4.2
      vertex 48.0084 62.824 5
      vertex 47.5551 62.7844 5
    endloop
  endfacet
  facet normal 0.0870279 -0.996206 0
    outer loop
      vertex 48.0084 62.824 5
      vertex 47.5551 62.7844 4.2
      vertex 48.0084 62.824 4.2
    endloop
  endfacet
  facet normal -0.0886583 -0.996062 0
    outer loop
      vertex 47.1102 62.824 4.2
      vertex 47.5551 62.7844 5
      vertex 47.1102 62.824 5
    endloop
  endfacet
  facet normal -0.0886583 -0.996062 -0
    outer loop
      vertex 47.5551 62.7844 5
      vertex 47.1102 62.824 4.2
      vertex 47.5551 62.7844 4.2
    endloop
  endfacet
  facet normal -0.29872 -0.954341 0
    outer loop
      vertex 46.7313 62.9426 4.2
      vertex 47.1102 62.824 5
      vertex 46.7313 62.9426 5
    endloop
  endfacet
  facet normal -0.29872 -0.954341 -0
    outer loop
      vertex 47.1102 62.824 5
      vertex 46.7313 62.9426 4.2
      vertex 47.1102 62.824 4.2
    endloop
  endfacet
  facet normal -0.534217 -0.845348 0
    outer loop
      vertex 46.4183 63.1404 4.2
      vertex 46.7313 62.9426 5
      vertex 46.4183 63.1404 5
    endloop
  endfacet
  facet normal -0.534217 -0.845348 -0
    outer loop
      vertex 46.7313 62.9426 5
      vertex 46.4183 63.1404 4.2
      vertex 46.7313 62.9426 4.2
    endloop
  endfacet
  facet normal -0.752157 -0.658984 0
    outer loop
      vertex 46.4183 63.1404 4.2
      vertex 46.1849 63.4068 5
      vertex 46.1849 63.4068 4.2
    endloop
  endfacet
  facet normal -0.752157 -0.658984 0
    outer loop
      vertex 46.1849 63.4068 5
      vertex 46.4183 63.1404 4.2
      vertex 46.4183 63.1404 5
    endloop
  endfacet
  facet normal -0.917999 -0.396582 0
    outer loop
      vertex 46.1849 63.4068 4.2
      vertex 46.0448 63.7311 5
      vertex 46.0448 63.7311 4.2
    endloop
  endfacet
  facet normal -0.917999 -0.396582 0
    outer loop
      vertex 46.0448 63.7311 5
      vertex 46.1849 63.4068 4.2
      vertex 46.1849 63.4068 5
    endloop
  endfacet
  facet normal -0.992657 -0.120967 0
    outer loop
      vertex 46.0448 63.7311 4.2
      vertex 45.9982 64.1135 5
      vertex 45.9982 64.1135 4.2
    endloop
  endfacet
  facet normal -0.992657 -0.120967 0
    outer loop
      vertex 45.9982 64.1135 5
      vertex 46.0448 63.7311 4.2
      vertex 46.0448 63.7311 5
    endloop
  endfacet
  facet normal -0.990174 0.139843 0
    outer loop
      vertex 45.9982 64.1135 4.2
      vertex 46.0528 64.5001 5
      vertex 46.0528 64.5001 4.2
    endloop
  endfacet
  facet normal -0.990174 0.139843 0
    outer loop
      vertex 46.0528 64.5001 5
      vertex 45.9982 64.1135 4.2
      vertex 45.9982 64.1135 5
    endloop
  endfacet
  facet normal -0.896209 0.443633 0
    outer loop
      vertex 46.0528 64.5001 4.2
      vertex 46.2165 64.8308 5
      vertex 46.2165 64.8308 4.2
    endloop
  endfacet
  facet normal -0.896209 0.443633 0
    outer loop
      vertex 46.2165 64.8308 5
      vertex 46.0528 64.5001 4.2
      vertex 46.0528 64.5001 5
    endloop
  endfacet
  facet normal -0.709426 0.70478 0
    outer loop
      vertex 46.2165 64.8308 4.2
      vertex 46.4895 65.1056 5
      vertex 46.4895 65.1056 4.2
    endloop
  endfacet
  facet normal -0.709426 0.70478 0
    outer loop
      vertex 46.4895 65.1056 5
      vertex 46.2165 64.8308 4.2
      vertex 46.2165 64.8308 5
    endloop
  endfacet
  facet normal -0.493424 0.869789 0
    outer loop
      vertex 46.8521 65.3113 4.2
      vertex 46.4895 65.1056 5
      vertex 46.8521 65.3113 5
    endloop
  endfacet
  facet normal -0.493424 0.869789 0
    outer loop
      vertex 46.4895 65.1056 5
      vertex 46.8521 65.3113 4.2
      vertex 46.4895 65.1056 4.2
    endloop
  endfacet
  facet normal -0.274251 0.961658 0
    outer loop
      vertex 47.2848 65.4347 4.2
      vertex 46.8521 65.3113 5
      vertex 47.2848 65.4347 5
    endloop
  endfacet
  facet normal -0.274251 0.961658 0
    outer loop
      vertex 46.8521 65.3113 5
      vertex 47.2848 65.4347 4.2
      vertex 46.8521 65.3113 4.2
    endloop
  endfacet
  facet normal -0.0814544 0.996677 0
    outer loop
      vertex 47.7877 65.4758 4.2
      vertex 47.2848 65.4347 5
      vertex 47.7877 65.4758 5
    endloop
  endfacet
  facet normal -0.0814544 0.996677 0
    outer loop
      vertex 47.2848 65.4347 5
      vertex 47.7877 65.4758 4.2
      vertex 47.2848 65.4347 4.2
    endloop
  endfacet
  facet normal 0.0799173 0.996801 -0
    outer loop
      vertex 48.0409 65.4555 4.2
      vertex 47.7877 65.4758 5
      vertex 48.0409 65.4555 5
    endloop
  endfacet
  facet normal 0.0799173 0.996801 0
    outer loop
      vertex 47.7877 65.4758 5
      vertex 48.0409 65.4555 4.2
      vertex 47.7877 65.4758 4.2
    endloop
  endfacet
  facet normal 0.251766 0.967788 -0
    outer loop
      vertex 48.275 65.3946 4.2
      vertex 48.0409 65.4555 5
      vertex 48.275 65.3946 5
    endloop
  endfacet
  facet normal 0.251766 0.967788 0
    outer loop
      vertex 48.0409 65.4555 5
      vertex 48.275 65.3946 4.2
      vertex 48.0409 65.4555 4.2
    endloop
  endfacet
  facet normal 0.426586 0.904447 -0
    outer loop
      vertex 48.4902 65.2931 4.2
      vertex 48.275 65.3946 5
      vertex 48.4902 65.2931 5
    endloop
  endfacet
  facet normal 0.426586 0.904447 0
    outer loop
      vertex 48.275 65.3946 5
      vertex 48.4902 65.2931 4.2
      vertex 48.275 65.3946 4.2
    endloop
  endfacet
  facet normal 0.584181 0.811623 -0
    outer loop
      vertex 48.6804 65.1562 4.2
      vertex 48.4902 65.2931 5
      vertex 48.6804 65.1562 5
    endloop
  endfacet
  facet normal 0.584181 0.811623 0
    outer loop
      vertex 48.4902 65.2931 5
      vertex 48.6804 65.1562 4.2
      vertex 48.4902 65.2931 4.2
    endloop
  endfacet
  facet normal 0.724035 0.689763 0
    outer loop
      vertex 48.8394 64.9893 5
      vertex 48.6804 65.1562 4.2
      vertex 48.6804 65.1562 5
    endloop
  endfacet
  facet normal 0.724035 0.689763 0
    outer loop
      vertex 48.6804 65.1562 4.2
      vertex 48.8394 64.9893 5
      vertex 48.8394 64.9893 4.2
    endloop
  endfacet
  facet normal 0.838735 0.544539 0
    outer loop
      vertex 48.9673 64.7923 5
      vertex 48.8394 64.9893 4.2
      vertex 48.8394 64.9893 5
    endloop
  endfacet
  facet normal 0.838735 0.544539 0
    outer loop
      vertex 48.8394 64.9893 4.2
      vertex 48.9673 64.7923 5
      vertex 48.9673 64.7923 4.2
    endloop
  endfacet
  facet normal 0.918752 0.394835 0
    outer loop
      vertex 49.0609 64.5745 5
      vertex 48.9673 64.7923 4.2
      vertex 48.9673 64.7923 5
    endloop
  endfacet
  facet normal 0.918752 0.394835 0
    outer loop
      vertex 48.9673 64.7923 4.2
      vertex 49.0609 64.5745 5
      vertex 49.0609 64.5745 4.2
    endloop
  endfacet
  facet normal 0.971277 0.23795 0
    outer loop
      vertex 49.1171 64.3451 5
      vertex 49.0609 64.5745 4.2
      vertex 49.0609 64.5745 5
    endloop
  endfacet
  facet normal 0.971277 0.23795 0
    outer loop
      vertex 49.0609 64.5745 4.2
      vertex 49.1171 64.3451 5
      vertex 49.1171 64.3451 4.2
    endloop
  endfacet
  facet normal 0.997006 0.0773289 0
    outer loop
      vertex 49.1358 64.104 5
      vertex 49.1171 64.3451 4.2
      vertex 49.1171 64.3451 5
    endloop
  endfacet
  facet normal 0.997006 0.0773289 0
    outer loop
      vertex 49.1171 64.3451 4.2
      vertex 49.1358 64.104 5
      vertex 49.1358 64.104 4.2
    endloop
  endfacet
  facet normal 0.992258 -0.124197 0
    outer loop
      vertex 49.0886 63.7269 5
      vertex 49.1358 64.104 4.2
      vertex 49.1358 64.104 5
    endloop
  endfacet
  facet normal 0.992258 -0.124197 0
    outer loop
      vertex 49.1358 64.104 4.2
      vertex 49.0886 63.7269 5
      vertex 49.0886 63.7269 4.2
    endloop
  endfacet
  facet normal -0.117373 -0.993088 0
    outer loop
      vertex 50.8864 90.0427 4.2
      vertex 51.4829 89.9722 5
      vertex 50.8864 90.0427 5
    endloop
  endfacet
  facet normal -0.117373 -0.993088 -0
    outer loop
      vertex 51.4829 89.9722 5
      vertex 50.8864 90.0427 4.2
      vertex 51.4829 89.9722 4.2
    endloop
  endfacet
  facet normal -0.197313 -0.980341 0
    outer loop
      vertex 50.3036 90.16 4.2
      vertex 50.8864 90.0427 5
      vertex 50.3036 90.16 5
    endloop
  endfacet
  facet normal -0.197313 -0.980341 -0
    outer loop
      vertex 50.8864 90.0427 5
      vertex 50.3036 90.16 4.2
      vertex 50.8864 90.0427 4.2
    endloop
  endfacet
  facet normal -0.273162 -0.961968 0
    outer loop
      vertex 49.725 90.3243 4.2
      vertex 50.3036 90.16 5
      vertex 49.725 90.3243 5
    endloop
  endfacet
  facet normal -0.273162 -0.961968 -0
    outer loop
      vertex 50.3036 90.16 5
      vertex 49.725 90.3243 4.2
      vertex 50.3036 90.16 4.2
    endloop
  endfacet
  facet normal -0.340282 -0.940324 0
    outer loop
      vertex 49.1411 90.5356 4.2
      vertex 49.725 90.3243 5
      vertex 49.1411 90.5356 5
    endloop
  endfacet
  facet normal -0.340282 -0.940324 -0
    outer loop
      vertex 49.725 90.3243 5
      vertex 49.1411 90.5356 4.2
      vertex 49.725 90.3243 4.2
    endloop
  endfacet
  facet normal -0.4013 -0.915947 0
    outer loop
      vertex 48.552 90.7937 4.2
      vertex 49.1411 90.5356 5
      vertex 48.552 90.7937 5
    endloop
  endfacet
  facet normal -0.4013 -0.915947 -0
    outer loop
      vertex 49.1411 90.5356 5
      vertex 48.552 90.7937 4.2
      vertex 49.1411 90.5356 4.2
    endloop
  endfacet
  facet normal -0.463188 -0.88626 0
    outer loop
      vertex 47.8848 91.1424 4.2
      vertex 48.552 90.7937 5
      vertex 47.8848 91.1424 5
    endloop
  endfacet
  facet normal -0.463188 -0.88626 -0
    outer loop
      vertex 48.552 90.7937 5
      vertex 47.8848 91.1424 4.2
      vertex 48.552 90.7937 4.2
    endloop
  endfacet
  facet normal -0.508087 -0.861306 0
    outer loop
      vertex 47.0667 91.625 4.2
      vertex 47.8848 91.1424 5
      vertex 47.0667 91.625 5
    endloop
  endfacet
  facet normal -0.508087 -0.861306 -0
    outer loop
      vertex 47.8848 91.1424 5
      vertex 47.0667 91.625 4.2
      vertex 47.8848 91.1424 4.2
    endloop
  endfacet
  facet normal -0.53683 -0.84369 0
    outer loop
      vertex 46.0978 92.2415 4.2
      vertex 47.0667 91.625 5
      vertex 46.0978 92.2415 5
    endloop
  endfacet
  facet normal -0.53683 -0.84369 -0
    outer loop
      vertex 47.0667 91.625 5
      vertex 46.0978 92.2415 4.2
      vertex 47.0667 91.625 4.2
    endloop
  endfacet
  facet normal 0 -1 0
    outer loop
      vertex 45.4048 92.2415 4.2
      vertex 46.0978 92.2415 5
      vertex 45.4048 92.2415 5
    endloop
  endfacet
  facet normal 0 -1 -0
    outer loop
      vertex 46.0978 92.2415 5
      vertex 45.4048 92.2415 4.2
      vertex 46.0978 92.2415 4.2
    endloop
  endfacet
  facet normal 1 -0 0
    outer loop
      vertex 45.4048 87.8222 5
      vertex 45.4048 92.2415 4.2
      vertex 45.4048 92.2415 5
    endloop
  endfacet
  facet normal 1 0 0
    outer loop
      vertex 45.4048 92.2415 4.2
      vertex 45.4048 87.8222 5
      vertex 45.4048 87.8222 4.2
    endloop
  endfacet
  facet normal 0 1 -0
    outer loop
      vertex 46.131 87.8222 4.2
      vertex 45.4048 87.8222 5
      vertex 46.131 87.8222 5
    endloop
  endfacet
  facet normal 0 1 0
    outer loop
      vertex 45.4048 87.8222 5
      vertex 46.131 87.8222 4.2
      vertex 45.4048 87.8222 4.2
    endloop
  endfacet
  facet normal -1 0 0
    outer loop
      vertex 46.131 87.8222 4.2
      vertex 46.131 91.4156 5
      vertex 46.131 91.4156 4.2
    endloop
  endfacet
  facet normal -1 -0 0
    outer loop
      vertex 46.131 91.4156 5
      vertex 46.131 87.8222 4.2
      vertex 46.131 87.8222 5
    endloop
  endfacet
  facet normal 0.543986 0.839094 -0
    outer loop
      vertex 47.3144 90.6484 4.2
      vertex 46.131 91.4156 5
      vertex 47.3144 90.6484 5
    endloop
  endfacet
  facet normal 0.543986 0.839094 0
    outer loop
      vertex 46.131 91.4156 5
      vertex 47.3144 90.6484 4.2
      vertex 46.131 91.4156 4.2
    endloop
  endfacet
  facet normal 0.486175 0.873862 -0
    outer loop
      vertex 48.4022 90.0432 4.2
      vertex 47.3144 90.6484 5
      vertex 48.4022 90.0432 5
    endloop
  endfacet
  facet normal 0.486175 0.873862 0
    outer loop
      vertex 47.3144 90.6484 5
      vertex 48.4022 90.0432 4.2
      vertex 47.3144 90.6484 4.2
    endloop
  endfacet
  facet normal 0.407854 0.913047 -0
    outer loop
      vertex 49.3946 89.5999 4.2
      vertex 48.4022 90.0432 5
      vertex 49.3946 89.5999 5
    endloop
  endfacet
  facet normal 0.407854 0.913047 0
    outer loop
      vertex 48.4022 90.0432 5
      vertex 49.3946 89.5999 4.2
      vertex 48.4022 90.0432 4.2
    endloop
  endfacet
  facet normal 0.308913 0.95109 -0
    outer loop
      vertex 50.3241 89.298 4.2
      vertex 49.3946 89.5999 5
      vertex 50.3241 89.298 5
    endloop
  endfacet
  facet normal 0.308913 0.95109 0
    outer loop
      vertex 49.3946 89.5999 5
      vertex 50.3241 89.298 4.2
      vertex 49.3946 89.5999 4.2
    endloop
  endfacet
  facet normal 0.197457 0.980312 -0
    outer loop
      vertex 51.2237 89.1168 4.2
      vertex 50.3241 89.298 5
      vertex 51.2237 89.1168 5
    endloop
  endfacet
  facet normal 0.197457 0.980312 0
    outer loop
      vertex 50.3241 89.298 5
      vertex 51.2237 89.1168 4.2
      vertex 50.3241 89.298 4.2
    endloop
  endfacet
  facet normal 0.0693061 0.997595 -0
    outer loop
      vertex 52.0931 89.0564 4.2
      vertex 51.2237 89.1168 5
      vertex 52.0931 89.0564 5
    endloop
  endfacet
  facet normal 0.0693061 0.997595 0
    outer loop
      vertex 51.2237 89.1168 5
      vertex 52.0931 89.0564 4.2
      vertex 51.2237 89.1168 4.2
    endloop
  endfacet
  facet normal -1 0 0
    outer loop
      vertex 52.0931 89.0564 4.2
      vertex 52.0931 89.9488 5
      vertex 52.0931 89.9488 4.2
    endloop
  endfacet
  facet normal -1 -0 0
    outer loop
      vertex 52.0931 89.9488 5
      vertex 52.0931 89.0564 4.2
      vertex 52.0931 89.0564 5
    endloop
  endfacet
  facet normal -0.0383199 -0.999266 0
    outer loop
      vertex 51.4829 89.9722 4.2
      vertex 52.0931 89.9488 5
      vertex 51.4829 89.9722 5
    endloop
  endfacet
  facet normal -0.0383199 -0.999266 -0
    outer loop
      vertex 52.0931 89.9488 5
      vertex 51.4829 89.9722 4.2
      vertex 52.0931 89.9488 4.2
    endloop
  endfacet
  facet normal 1 -0 0
    outer loop
      vertex 51.3669 85.3474 5
      vertex 51.3669 86.9755 4.2
      vertex 51.3669 86.9755 5
    endloop
  endfacet
  facet normal 1 0 0
    outer loop
      vertex 51.3669 86.9755 4.2
      vertex 51.3669 85.3474 5
      vertex 51.3669 85.3474 4.2
    endloop
  endfacet
  facet normal 0 -1 0
    outer loop
      vertex 45.4048 85.3474 4.2
      vertex 51.3669 85.3474 5
      vertex 45.4048 85.3474 5
    endloop
  endfacet
  facet normal 0 -1 -0
    outer loop
      vertex 51.3669 85.3474 5
      vertex 45.4048 85.3474 4.2
      vertex 51.3669 85.3474 4.2
    endloop
  endfacet
  facet normal 1 -0 0
    outer loop
      vertex 45.4048 84.5594 5
      vertex 45.4048 85.3474 4.2
      vertex 45.4048 85.3474 5
    endloop
  endfacet
  facet normal 1 0 0
    outer loop
      vertex 45.4048 85.3474 4.2
      vertex 45.4048 84.5594 5
      vertex 45.4048 84.5594 4.2
    endloop
  endfacet
  facet normal 0.823993 0.5666 0
    outer loop
      vertex 46.4918 82.9786 5
      vertex 45.4048 84.5594 4.2
      vertex 45.4048 84.5594 5
    endloop
  endfacet
  facet normal 0.823993 0.5666 0
    outer loop
      vertex 45.4048 84.5594 4.2
      vertex 46.4918 82.9786 5
      vertex 46.4918 82.9786 4.2
    endloop
  endfacet
  facet normal 0 1 -0
    outer loop
      vertex 47.2988 82.9786 4.2
      vertex 46.4918 82.9786 5
      vertex 47.2988 82.9786 5
    endloop
  endfacet
  facet normal 0 1 0
    outer loop
      vertex 46.4918 82.9786 5
      vertex 47.2988 82.9786 4.2
      vertex 46.4918 82.9786 4.2
    endloop
  endfacet
  facet normal -0.813916 -0.580983 0
    outer loop
      vertex 47.2988 82.9786 4.2
      vertex 46.2213 84.4881 5
      vertex 46.2213 84.4881 4.2
    endloop
  endfacet
  facet normal -0.813916 -0.580983 0
    outer loop
      vertex 46.2213 84.4881 5
      vertex 47.2988 82.9786 4.2
      vertex 47.2988 82.9786 5
    endloop
  endfacet
  facet normal 0 1 -0
    outer loop
      vertex 51.3669 84.4881 4.2
      vertex 46.2213 84.4881 5
      vertex 51.3669 84.4881 5
    endloop
  endfacet
  facet normal 0 1 0
    outer loop
      vertex 46.2213 84.4881 5
      vertex 51.3669 84.4881 4.2
      vertex 46.2213 84.4881 4.2
    endloop
  endfacet
  facet normal 1 -0 0
    outer loop
      vertex 51.3669 82.784 5
      vertex 51.3669 84.4881 4.2
      vertex 51.3669 84.4881 5
    endloop
  endfacet
  facet normal 1 0 0
    outer loop
      vertex 51.3669 84.4881 4.2
      vertex 51.3669 82.784 5
      vertex 51.3669 82.784 4.2
    endloop
  endfacet
  facet normal 0 1 -0
    outer loop
      vertex 52.0931 82.784 4.2
      vertex 51.3669 82.784 5
      vertex 52.0931 82.784 5
    endloop
  endfacet
  facet normal 0 1 0
    outer loop
      vertex 51.3669 82.784 5
      vertex 52.0931 82.784 4.2
      vertex 51.3669 82.784 4.2
    endloop
  endfacet
  facet normal -1 0 0
    outer loop
      vertex 52.0931 82.784 4.2
      vertex 52.0931 86.9755 5
      vertex 52.0931 86.9755 4.2
    endloop
  endfacet
  facet normal -1 -0 0
    outer loop
      vertex 52.0931 86.9755 5
      vertex 52.0931 82.784 4.2
      vertex 52.0931 82.784 5
    endloop
  endfacet
  facet normal 0 -1 0
    outer loop
      vertex 51.3669 86.9755 4.2
      vertex 52.0931 86.9755 5
      vertex 51.3669 86.9755 5
    endloop
  endfacet
  facet normal 0 -1 -0
    outer loop
      vertex 52.0931 86.9755 5
      vertex 51.3669 86.9755 4.2
      vertex 52.0931 86.9755 4.2
    endloop
  endfacet
  facet normal -0.117208 -0.993107 0
    outer loop
      vertex 50.8864 95.3229 4.2
      vertex 51.4829 95.2525 5
      vertex 50.8864 95.3229 5
    endloop
  endfacet
  facet normal -0.117208 -0.993107 -0
    outer loop
      vertex 51.4829 95.2525 5
      vertex 50.8864 95.3229 4.2
      vertex 51.4829 95.2525 4.2
    endloop
  endfacet
  facet normal -0.197475 -0.980308 0
    outer loop
      vertex 50.3036 95.4403 4.2
      vertex 50.8864 95.3229 5
      vertex 50.3036 95.4403 5
    endloop
  endfacet
  facet normal -0.197475 -0.980308 -0
    outer loop
      vertex 50.8864 95.3229 5
      vertex 50.3036 95.4403 4.2
      vertex 50.8864 95.3229 4.2
    endloop
  endfacet
  facet normal -0.273162 -0.961968 0
    outer loop
      vertex 49.725 95.6046 4.2
      vertex 50.3036 95.4403 5
      vertex 49.725 95.6046 5
    endloop
  endfacet
  facet normal -0.273162 -0.961968 -0
    outer loop
      vertex 50.3036 95.4403 5
      vertex 49.725 95.6046 4.2
      vertex 50.3036 95.4403 4.2
    endloop
  endfacet
  facet normal -0.340139 -0.940375 0
    outer loop
      vertex 49.1411 95.8158 4.2
      vertex 49.725 95.6046 5
      vertex 49.1411 95.8158 5
    endloop
  endfacet
  facet normal -0.340139 -0.940375 -0
    outer loop
      vertex 49.725 95.6046 5
      vertex 49.1411 95.8158 4.2
      vertex 49.725 95.6046 4.2
    endloop
  endfacet
  facet normal -0.40143 -0.91589 0
    outer loop
      vertex 48.552 96.074 4.2
      vertex 49.1411 95.8158 5
      vertex 48.552 96.074 5
    endloop
  endfacet
  facet normal -0.40143 -0.91589 -0
    outer loop
      vertex 49.1411 95.8158 5
      vertex 48.552 96.074 4.2
      vertex 49.1411 95.8158 4.2
    endloop
  endfacet
  facet normal -0.463083 -0.886315 0
    outer loop
      vertex 47.8848 96.4226 4.2
      vertex 48.552 96.074 5
      vertex 47.8848 96.4226 5
    endloop
  endfacet
  facet normal -0.463083 -0.886315 -0
    outer loop
      vertex 48.552 96.074 5
      vertex 47.8848 96.4226 4.2
      vertex 48.552 96.074 4.2
    endloop
  endfacet
  facet normal -0.508165 -0.86126 0
    outer loop
      vertex 47.0667 96.9053 4.2
      vertex 47.8848 96.4226 5
      vertex 47.0667 96.9053 5
    endloop
  endfacet
  facet normal -0.508165 -0.86126 -0
    outer loop
      vertex 47.8848 96.4226 5
      vertex 47.0667 96.9053 4.2
      vertex 47.8848 96.4226 4.2
    endloop
  endfacet
  facet normal -0.53683 -0.84369 0
    outer loop
      vertex 46.0978 97.5218 4.2
      vertex 47.0667 96.9053 5
      vertex 46.0978 97.5218 5
    endloop
  endfacet
  facet normal -0.53683 -0.84369 -0
    outer loop
      vertex 47.0667 96.9053 5
      vertex 46.0978 97.5218 4.2
      vertex 47.0667 96.9053 4.2
    endloop
  endfacet
  facet normal 0 -1 0
    outer loop
      vertex 45.4048 97.5218 4.2
      vertex 46.0978 97.5218 5
      vertex 45.4048 97.5218 5
    endloop
  endfacet
  facet normal 0 -1 -0
    outer loop
      vertex 46.0978 97.5218 5
      vertex 45.4048 97.5218 4.2
      vertex 46.0978 97.5218 4.2
    endloop
  endfacet
  facet normal 1 -0 0
    outer loop
      vertex 45.4048 93.1024 5
      vertex 45.4048 97.5218 4.2
      vertex 45.4048 97.5218 5
    endloop
  endfacet
  facet normal 1 0 0
    outer loop
      vertex 45.4048 97.5218 4.2
      vertex 45.4048 93.1024 5
      vertex 45.4048 93.1024 4.2
    endloop
  endfacet
  facet normal 0 1 -0
    outer loop
      vertex 46.131 93.1024 4.2
      vertex 45.4048 93.1024 5
      vertex 46.131 93.1024 5
    endloop
  endfacet
  facet normal 0 1 0
    outer loop
      vertex 45.4048 93.1024 5
      vertex 46.131 93.1024 4.2
      vertex 45.4048 93.1024 4.2
    endloop
  endfacet
  facet normal -1 0 0
    outer loop
      vertex 46.131 93.1024 4.2
      vertex 46.131 96.6958 5
      vertex 46.131 96.6958 4.2
    endloop
  endfacet
  facet normal -1 -0 0
    outer loop
      vertex 46.131 96.6958 5
      vertex 46.131 93.1024 4.2
      vertex 46.131 93.1024 5
    endloop
  endfacet
  facet normal 0.543936 0.839127 -0
    outer loop
      vertex 47.3144 95.9287 4.2
      vertex 46.131 96.6958 5
      vertex 47.3144 95.9287 5
    endloop
  endfacet
  facet normal 0.543936 0.839127 0
    outer loop
      vertex 46.131 96.6958 5
      vertex 47.3144 95.9287 4.2
      vertex 46.131 96.6958 4.2
    endloop
  endfacet
  facet normal 0.486175 0.873862 -0
    outer loop
      vertex 48.4022 95.3235 4.2
      vertex 47.3144 95.9287 5
      vertex 48.4022 95.3235 5
    endloop
  endfacet
  facet normal 0.486175 0.873862 0
    outer loop
      vertex 47.3144 95.9287 5
      vertex 48.4022 95.3235 4.2
      vertex 47.3144 95.9287 4.2
    endloop
  endfacet
  facet normal 0.407854 0.913047 -0
    outer loop
      vertex 49.3946 94.8802 4.2
      vertex 48.4022 95.3235 5
      vertex 49.3946 94.8802 5
    endloop
  endfacet
  facet normal 0.407854 0.913047 0
    outer loop
      vertex 48.4022 95.3235 5
      vertex 49.3946 94.8802 4.2
      vertex 48.4022 95.3235 4.2
    endloop
  endfacet
  facet normal 0.309005 0.95106 -0
    outer loop
      vertex 50.3241 94.5782 4.2
      vertex 49.3946 94.8802 5
      vertex 50.3241 94.5782 5
    endloop
  endfacet
  facet normal 0.309005 0.95106 0
    outer loop
      vertex 49.3946 94.8802 5
      vertex 50.3241 94.5782 4.2
      vertex 49.3946 94.8802 4.2
    endloop
  endfacet
  facet normal 0.197352 0.980333 -0
    outer loop
      vertex 51.2237 94.3971 4.2
      vertex 50.3241 94.5782 5
      vertex 51.2237 94.3971 5
    endloop
  endfacet
  facet normal 0.197352 0.980333 0
    outer loop
      vertex 50.3241 94.5782 5
      vertex 51.2237 94.3971 4.2
      vertex 50.3241 94.5782 4.2
    endloop
  endfacet
  facet normal 0.0693061 0.997595 -0
    outer loop
      vertex 52.0931 94.3367 4.2
      vertex 51.2237 94.3971 5
      vertex 52.0931 94.3367 5
    endloop
  endfacet
  facet normal 0.0693061 0.997595 0
    outer loop
      vertex 51.2237 94.3971 5
      vertex 52.0931 94.3367 4.2
      vertex 51.2237 94.3971 4.2
    endloop
  endfacet
  facet normal -1 0 0
    outer loop
      vertex 52.0931 94.3367 4.2
      vertex 52.0931 95.229 5
      vertex 52.0931 95.229 4.2
    endloop
  endfacet
  facet normal -1 -0 0
    outer loop
      vertex 52.0931 95.229 5
      vertex 52.0931 94.3367 4.2
      vertex 52.0931 94.3367 5
    endloop
  endfacet
  facet normal -0.0384834 -0.999259 0
    outer loop
      vertex 51.4829 95.2525 4.2
      vertex 52.0931 95.229 5
      vertex 51.4829 95.2525 5
    endloop
  endfacet
  facet normal -0.0384834 -0.999259 -0
    outer loop
      vertex 52.0931 95.229 5
      vertex 51.4829 95.2525 4.2
      vertex 52.0931 95.229 4.2
    endloop
  endfacet
  facet normal -0.0766314 -0.997059 0
    outer loop
      vertex 48.6485 115.28 4.2
      vertex 49.1169 115.244 5
      vertex 48.6485 115.28 5
    endloop
  endfacet
  facet normal -0.0766314 -0.997059 -0
    outer loop
      vertex 49.1169 115.244 5
      vertex 48.6485 115.28 4.2
      vertex 49.1169 115.244 4.2
    endloop
  endfacet
  facet normal -0.260785 -0.965397 0
    outer loop
      vertex 48.2561 115.386 4.2
      vertex 48.6485 115.28 5
      vertex 48.2561 115.386 5
    endloop
  endfacet
  facet normal -0.260785 -0.965397 -0
    outer loop
      vertex 48.6485 115.28 5
      vertex 48.2561 115.386 4.2
      vertex 48.6485 115.28 4.2
    endloop
  endfacet
  facet normal -0.486112 -0.873897 0
    outer loop
      vertex 47.9397 115.562 4.2
      vertex 48.2561 115.386 5
      vertex 47.9397 115.562 5
    endloop
  endfacet
  facet normal -0.486112 -0.873897 -0
    outer loop
      vertex 48.2561 115.386 5
      vertex 47.9397 115.562 4.2
      vertex 48.2561 115.386 4.2
    endloop
  endfacet
  facet normal -0.715925 -0.698177 0
    outer loop
      vertex 47.9397 115.562 4.2
      vertex 47.7076 115.8 5
      vertex 47.7076 115.8 4.2
    endloop
  endfacet
  facet normal -0.715925 -0.698177 0
    outer loop
      vertex 47.7076 115.8 5
      vertex 47.9397 115.562 4.2
      vertex 47.9397 115.562 5
    endloop
  endfacet
  facet normal -0.900226 -0.435422 0
    outer loop
      vertex 47.7076 115.8 4.2
      vertex 47.5683 116.088 5
      vertex 47.5683 116.088 4.2
    endloop
  endfacet
  facet normal -0.900226 -0.435422 0
    outer loop
      vertex 47.5683 116.088 5
      vertex 47.7076 115.8 4.2
      vertex 47.7076 115.8 5
    endloop
  endfacet
  facet normal -0.990708 -0.136003 0
    outer loop
      vertex 47.5683 116.088 4.2
      vertex 47.5219 116.426 5
      vertex 47.5219 116.426 4.2
    endloop
  endfacet
  facet normal -0.990708 -0.136003 0
    outer loop
      vertex 47.5219 116.426 5
      vertex 47.5683 116.088 4.2
      vertex 47.5683 116.088 5
    endloop
  endfacet
  facet normal -0.995068 0.0991939 0
    outer loop
      vertex 47.5219 116.426 4.2
      vertex 47.5536 116.744 5
      vertex 47.5536 116.744 4.2
    endloop
  endfacet
  facet normal -0.995068 0.0991939 0
    outer loop
      vertex 47.5536 116.744 5
      vertex 47.5219 116.426 4.2
      vertex 47.5219 116.426 5
    endloop
  endfacet
  facet normal -0.932983 0.359919 0
    outer loop
      vertex 47.5536 116.744 4.2
      vertex 47.6485 116.99 5
      vertex 47.6485 116.99 4.2
    endloop
  endfacet
  facet normal -0.932983 0.359919 0
    outer loop
      vertex 47.6485 116.99 5
      vertex 47.5536 116.744 4.2
      vertex 47.5536 116.744 5
    endloop
  endfacet
  facet normal -0.735803 0.677196 0
    outer loop
      vertex 47.6485 116.99 4.2
      vertex 47.8068 117.162 5
      vertex 47.8068 117.162 4.2
    endloop
  endfacet
  facet normal -0.735803 0.677196 0
    outer loop
      vertex 47.8068 117.162 5
      vertex 47.6485 116.99 4.2
      vertex 47.6485 116.99 5
    endloop
  endfacet
  facet normal -0.42453 0.905414 0
    outer loop
      vertex 48.0478 117.275 4.2
      vertex 47.8068 117.162 5
      vertex 48.0478 117.275 5
    endloop
  endfacet
  facet normal -0.42453 0.905414 0
    outer loop
      vertex 47.8068 117.162 5
      vertex 48.0478 117.275 4.2
      vertex 47.8068 117.162 4.2
    endloop
  endfacet
  facet normal -0.19705 0.980394 0
    outer loop
      vertex 48.3911 117.344 4.2
      vertex 48.0478 117.275 5
      vertex 48.3911 117.344 5
    endloop
  endfacet
  facet normal -0.19705 0.980394 0
    outer loop
      vertex 48.0478 117.275 5
      vertex 48.3911 117.344 4.2
      vertex 48.0478 117.275 4.2
    endloop
  endfacet
  facet normal -0.0493005 0.998784 0
    outer loop
      vertex 48.8368 117.366 4.2
      vertex 48.3911 117.344 5
      vertex 48.8368 117.366 5
    endloop
  endfacet
  facet normal -0.0493005 0.998784 0
    outer loop
      vertex 48.3911 117.344 5
      vertex 48.8368 117.366 4.2
      vertex 48.3911 117.344 4.2
    endloop
  endfacet
  facet normal 0 1 -0
    outer loop
      vertex 52.0931 117.366 4.2
      vertex 48.8368 117.366 5
      vertex 52.0931 117.366 5
    endloop
  endfacet
  facet normal 0 1 0
    outer loop
      vertex 48.8368 117.366 5
      vertex 52.0931 117.366 4.2
      vertex 48.8368 117.366 4.2
    endloop
  endfacet
  facet normal -1 0 0
    outer loop
      vertex 52.0931 117.366 4.2
      vertex 52.0931 118.211 5
      vertex 52.0931 118.211 4.2
    endloop
  endfacet
  facet normal -1 -0 0
    outer loop
      vertex 52.0931 118.211 5
      vertex 52.0931 117.366 4.2
      vertex 52.0931 117.366 5
    endloop
  endfacet
  facet normal 0 -1 0
    outer loop
      vertex 49.1169 118.211 4.2
      vertex 52.0931 118.211 5
      vertex 49.1169 118.211 5
    endloop
  endfacet
  facet normal 0 -1 -0
    outer loop
      vertex 52.0931 118.211 5
      vertex 49.1169 118.211 4.2
      vertex 52.0931 118.211 4.2
    endloop
  endfacet
  facet normal -0.074137 -0.997248 0
    outer loop
      vertex 48.6461 118.246 4.2
      vertex 49.1169 118.211 5
      vertex 48.6461 118.246 5
    endloop
  endfacet
  facet normal -0.074137 -0.997248 -0
    outer loop
      vertex 49.1169 118.211 5
      vertex 48.6461 118.246 4.2
      vertex 49.1169 118.211 4.2
    endloop
  endfacet
  facet normal -0.253403 -0.967361 0
    outer loop
      vertex 48.2529 118.349 4.2
      vertex 48.6461 118.246 5
      vertex 48.2529 118.349 5
    endloop
  endfacet
  facet normal -0.253403 -0.967361 -0
    outer loop
      vertex 48.6461 118.246 5
      vertex 48.2529 118.349 4.2
      vertex 48.6461 118.246 4.2
    endloop
  endfacet
  facet normal -0.480681 -0.876896 0
    outer loop
      vertex 47.9373 118.522 4.2
      vertex 48.2529 118.349 5
      vertex 47.9373 118.522 5
    endloop
  endfacet
  facet normal -0.480681 -0.876896 -0
    outer loop
      vertex 48.2529 118.349 5
      vertex 47.9373 118.522 4.2
      vertex 48.2529 118.349 4.2
    endloop
  endfacet
  facet normal -0.713454 -0.700702 0
    outer loop
      vertex 47.9373 118.522 4.2
      vertex 47.7065 118.757 5
      vertex 47.7065 118.757 4.2
    endloop
  endfacet
  facet normal -0.713454 -0.700702 0
    outer loop
      vertex 47.7065 118.757 5
      vertex 47.9373 118.522 4.2
      vertex 47.9373 118.522 5
    endloop
  endfacet
  facet normal -0.902492 -0.430707 0
    outer loop
      vertex 47.7065 118.757 4.2
      vertex 47.5681 119.047 5
      vertex 47.5681 119.047 4.2
    endloop
  endfacet
  facet normal -0.902492 -0.430707 0
    outer loop
      vertex 47.5681 119.047 5
      vertex 47.7065 118.757 4.2
      vertex 47.7065 118.757 5
    endloop
  endfacet
  facet normal -0.991203 -0.132351 0
    outer loop
      vertex 47.5681 119.047 4.2
      vertex 47.5219 119.393 5
      vertex 47.5219 119.393 4.2
    endloop
  endfacet
  facet normal -0.991203 -0.132351 0
    outer loop
      vertex 47.5219 119.393 5
      vertex 47.5681 119.047 4.2
      vertex 47.5681 119.047 5
    endloop
  endfacet
  facet normal -0.995068 0.0991939 0
    outer loop
      vertex 47.5219 119.393 4.2
      vertex 47.5536 119.711 5
      vertex 47.5536 119.711 4.2
    endloop
  endfacet
  facet normal -0.995068 0.0991939 0
    outer loop
      vertex 47.5536 119.711 5
      vertex 47.5219 119.393 4.2
      vertex 47.5219 119.393 5
    endloop
  endfacet
  facet normal -0.93249 0.361197 0
    outer loop
      vertex 47.5536 119.711 4.2
      vertex 47.6485 119.956 5
      vertex 47.6485 119.956 4.2
    endloop
  endfacet
  facet normal -0.93249 0.361197 0
    outer loop
      vertex 47.6485 119.956 5
      vertex 47.5536 119.711 4.2
      vertex 47.5536 119.711 5
    endloop
  endfacet
  facet normal -0.737756 0.675068 0
    outer loop
      vertex 47.6485 119.956 4.2
      vertex 47.8068 120.129 5
      vertex 47.8068 120.129 4.2
    endloop
  endfacet
  facet normal -0.737756 0.675068 0
    outer loop
      vertex 47.8068 120.129 5
      vertex 47.6485 119.956 4.2
      vertex 47.6485 119.956 5
    endloop
  endfacet
  facet normal -0.42453 0.905414 0
    outer loop
      vertex 48.0478 120.242 4.2
      vertex 47.8068 120.129 5
      vertex 48.0478 120.242 5
    endloop
  endfacet
  facet normal -0.42453 0.905414 0
    outer loop
      vertex 47.8068 120.129 5
      vertex 48.0478 120.242 4.2
      vertex 47.8068 120.129 4.2
    endloop
  endfacet
  facet normal -0.194302 0.980942 0
    outer loop
      vertex 48.3911 120.31 4.2
      vertex 48.0478 120.242 5
      vertex 48.3911 120.31 5
    endloop
  endfacet
  facet normal -0.194302 0.980942 0
    outer loop
      vertex 48.0478 120.242 5
      vertex 48.3911 120.31 4.2
      vertex 48.0478 120.242 4.2
    endloop
  endfacet
  facet normal -0.0515356 0.998671 0
    outer loop
      vertex 48.8368 120.333 4.2
      vertex 48.3911 120.31 5
      vertex 48.8368 120.333 5
    endloop
  endfacet
  facet normal -0.0515356 0.998671 0
    outer loop
      vertex 48.3911 120.31 5
      vertex 48.8368 120.333 4.2
      vertex 48.3911 120.31 4.2
    endloop
  endfacet
  facet normal 0 1 -0
    outer loop
      vertex 52.0931 120.333 4.2
      vertex 48.8368 120.333 5
      vertex 52.0931 120.333 5
    endloop
  endfacet
  facet normal 0 1 0
    outer loop
      vertex 48.8368 120.333 5
      vertex 52.0931 120.333 4.2
      vertex 48.8368 120.333 4.2
    endloop
  endfacet
  facet normal -1 0 0
    outer loop
      vertex 52.0931 120.333 4.2
      vertex 52.0931 121.178 5
      vertex 52.0931 121.178 4.2
    endloop
  endfacet
  facet normal -1 -0 0
    outer loop
      vertex 52.0931 121.178 5
      vertex 52.0931 120.333 4.2
      vertex 52.0931 120.333 5
    endloop
  endfacet
  facet normal 0 -1 0
    outer loop
      vertex 48.6706 121.178 4.2
      vertex 52.0931 121.178 5
      vertex 48.6706 121.178 5
    endloop
  endfacet
  facet normal 0 -1 -0
    outer loop
      vertex 52.0931 121.178 5
      vertex 48.6706 121.178 4.2
      vertex 52.0931 121.178 4.2
    endloop
  endfacet
  facet normal 0.0668261 -0.997765 0
    outer loop
      vertex 48.0883 121.139 4.2
      vertex 48.6706 121.178 5
      vertex 48.0883 121.139 5
    endloop
  endfacet
  facet normal 0.0668261 -0.997765 0
    outer loop
      vertex 48.6706 121.178 5
      vertex 48.0883 121.139 4.2
      vertex 48.6706 121.178 4.2
    endloop
  endfacet
  facet normal 0.247467 -0.968896 0
    outer loop
      vertex 47.6263 121.021 4.2
      vertex 48.0883 121.139 5
      vertex 47.6263 121.021 5
    endloop
  endfacet
  facet normal 0.247467 -0.968896 0
    outer loop
      vertex 48.0883 121.139 5
      vertex 47.6263 121.021 4.2
      vertex 48.0883 121.139 4.2
    endloop
  endfacet
  facet normal 0.499357 -0.866397 0
    outer loop
      vertex 47.2845 120.824 4.2
      vertex 47.6263 121.021 5
      vertex 47.2845 120.824 5
    endloop
  endfacet
  facet normal 0.499357 -0.866397 0
    outer loop
      vertex 47.6263 121.021 5
      vertex 47.2845 120.824 4.2
      vertex 47.6263 121.021 4.2
    endloop
  endfacet
  facet normal 0.769869 -0.638202 0
    outer loop
      vertex 47.0499 120.541 5
      vertex 47.2845 120.824 4.2
      vertex 47.2845 120.824 5
    endloop
  endfacet
  facet normal 0.769869 -0.638202 0
    outer loop
      vertex 47.2845 120.824 4.2
      vertex 47.0499 120.541 5
      vertex 47.0499 120.541 4.2
    endloop
  endfacet
  facet normal 0.936717 -0.350089 0
    outer loop
      vertex 46.909 120.164 5
      vertex 47.0499 120.541 4.2
      vertex 47.0499 120.541 5
    endloop
  endfacet
  facet normal 0.936717 -0.350089 0
    outer loop
      vertex 47.0499 120.541 4.2
      vertex 46.909 120.164 5
      vertex 46.909 120.164 4.2
    endloop
  endfacet
  facet normal 0.9951 -0.0988775 0
    outer loop
      vertex 46.8621 119.692 5
      vertex 46.909 120.164 4.2
      vertex 46.909 120.164 5
    endloop
  endfacet
  facet normal 0.9951 -0.0988775 0
    outer loop
      vertex 46.909 120.164 4.2
      vertex 46.8621 119.692 5
      vertex 46.8621 119.692 4.2
    endloop
  endfacet
  facet normal 0.997243 0.0742066 0
    outer loop
      vertex 46.8874 119.352 5
      vertex 46.8621 119.692 4.2
      vertex 46.8621 119.692 5
    endloop
  endfacet
  facet normal 0.997243 0.0742066 0
    outer loop
      vertex 46.8621 119.692 4.2
      vertex 46.8874 119.352 5
      vertex 46.8874 119.352 4.2
    endloop
  endfacet
  facet normal 0.970143 0.242536 0
    outer loop
      vertex 46.9634 119.048 5
      vertex 46.8874 119.352 4.2
      vertex 46.8874 119.352 5
    endloop
  endfacet
  facet normal 0.970143 0.242536 0
    outer loop
      vertex 46.8874 119.352 4.2
      vertex 46.9634 119.048 5
      vertex 46.9634 119.048 4.2
    endloop
  endfacet
  facet normal 0.905411 0.424537 0
    outer loop
      vertex 47.09 118.778 5
      vertex 46.9634 119.048 4.2
      vertex 46.9634 119.048 5
    endloop
  endfacet
  facet normal 0.905411 0.424537 0
    outer loop
      vertex 46.9634 119.048 4.2
      vertex 47.09 118.778 5
      vertex 47.09 118.778 4.2
    endloop
  endfacet
  facet normal 0.792377 0.610031 0
    outer loop
      vertex 47.274 118.539 5
      vertex 47.09 118.778 4.2
      vertex 47.09 118.778 5
    endloop
  endfacet
  facet normal 0.792377 0.610031 0
    outer loop
      vertex 47.09 118.778 4.2
      vertex 47.274 118.539 5
      vertex 47.274 118.539 4.2
    endloop
  endfacet
  facet normal 0.652698 0.757618 -0
    outer loop
      vertex 47.5224 118.325 4.2
      vertex 47.274 118.539 5
      vertex 47.5224 118.325 5
    endloop
  endfacet
  facet normal 0.652698 0.757618 0
    outer loop
      vertex 47.274 118.539 5
      vertex 47.5224 118.325 4.2
      vertex 47.274 118.539 4.2
    endloop
  endfacet
  facet normal 0.519149 0.854684 -0
    outer loop
      vertex 47.8352 118.135 4.2
      vertex 47.5224 118.325 5
      vertex 47.8352 118.135 5
    endloop
  endfacet
  facet normal 0.519149 0.854684 0
    outer loop
      vertex 47.5224 118.325 5
      vertex 47.8352 118.135 4.2
      vertex 47.5224 118.325 4.2
    endloop
  endfacet
  facet normal 1 -0 0
    outer loop
      vertex 47.8352 118.121 5
      vertex 47.8352 118.135 4.2
      vertex 47.8352 118.135 5
    endloop
  endfacet
  facet normal 1 0 0
    outer loop
      vertex 47.8352 118.135 4.2
      vertex 47.8352 118.121 5
      vertex 47.8352 118.121 4.2
    endloop
  endfacet
  facet normal 0.341743 -0.939793 0
    outer loop
      vertex 47.5272 118.009 4.2
      vertex 47.8352 118.121 5
      vertex 47.5272 118.009 5
    endloop
  endfacet
  facet normal 0.341743 -0.939793 0
    outer loop
      vertex 47.8352 118.121 5
      vertex 47.5272 118.009 4.2
      vertex 47.8352 118.121 4.2
    endloop
  endfacet
  facet normal 0.536588 -0.843844 0
    outer loop
      vertex 47.2803 117.852 4.2
      vertex 47.5272 118.009 5
      vertex 47.2803 117.852 5
    endloop
  endfacet
  facet normal 0.536588 -0.843844 0
    outer loop
      vertex 47.5272 118.009 5
      vertex 47.2803 117.852 4.2
      vertex 47.5272 118.009 4.2
    endloop
  endfacet
  facet normal 0.738029 -0.674769 0
    outer loop
      vertex 47.0947 117.649 5
      vertex 47.2803 117.852 4.2
      vertex 47.2803 117.852 5
    endloop
  endfacet
  facet normal 0.738029 -0.674769 0
    outer loop
      vertex 47.2803 117.852 4.2
      vertex 47.0947 117.649 5
      vertex 47.0947 117.649 4.2
    endloop
  endfacet
  facet normal 0.891318 -0.453379 0
    outer loop
      vertex 46.9655 117.395 5
      vertex 47.0947 117.649 4.2
      vertex 47.0947 117.649 5
    endloop
  endfacet
  facet normal 0.891318 -0.453379 0
    outer loop
      vertex 47.0947 117.649 4.2
      vertex 46.9655 117.395 5
      vertex 46.9655 117.395 4.2
    endloop
  endfacet
  facet normal 0.969696 -0.244313 0
    outer loop
      vertex 46.8879 117.087 5
      vertex 46.9655 117.395 4.2
      vertex 46.9655 117.395 5
    endloop
  endfacet
  facet normal 0.969696 -0.244313 0
    outer loop
      vertex 46.9655 117.395 4.2
      vertex 46.8879 117.087 5
      vertex 46.8879 117.087 4.2
    endloop
  endfacet
  facet normal 0.99747 -0.0710904 0
    outer loop
      vertex 46.8621 116.725 5
      vertex 46.8879 117.087 4.2
      vertex 46.8879 117.087 5
    endloop
  endfacet
  facet normal 0.99747 -0.0710904 0
    outer loop
      vertex 46.8879 117.087 4.2
      vertex 46.8621 116.725 5
      vertex 46.8621 116.725 4.2
    endloop
  endfacet
  facet normal 0.997335 0.0729532 0
    outer loop
      vertex 46.8858 116.401 5
      vertex 46.8621 116.725 4.2
      vertex 46.8621 116.725 5
    endloop
  endfacet
  facet normal 0.997335 0.0729532 0
    outer loop
      vertex 46.8621 116.725 4.2
      vertex 46.8858 116.401 5
      vertex 46.8858 116.401 4.2
    endloop
  endfacet
  facet normal 0.971081 0.238752 0
    outer loop
      vertex 46.9571 116.111 5
      vertex 46.8858 116.401 4.2
      vertex 46.8858 116.401 5
    endloop
  endfacet
  facet normal 0.971081 0.238752 0
    outer loop
      vertex 46.8858 116.401 4.2
      vertex 46.9571 116.111 5
      vertex 46.9571 116.111 4.2
    endloop
  endfacet
  facet normal 0.906092 0.423081 0
    outer loop
      vertex 47.0757 115.857 5
      vertex 46.9571 116.111 4.2
      vertex 46.9571 116.111 5
    endloop
  endfacet
  facet normal 0.906092 0.423081 0
    outer loop
      vertex 46.9571 116.111 4.2
      vertex 47.0757 115.857 5
      vertex 47.0757 115.857 4.2
    endloop
  endfacet
  facet normal 0.787367 0.616484 0
    outer loop
      vertex 47.255 115.628 5
      vertex 47.0757 115.857 4.2
      vertex 47.0757 115.857 5
    endloop
  endfacet
  facet normal 0.787367 0.616484 0
    outer loop
      vertex 47.0757 115.857 4.2
      vertex 47.255 115.628 5
      vertex 47.255 115.628 4.2
    endloop
  endfacet
  facet normal 0.638389 0.769714 -0
    outer loop
      vertex 47.5082 115.418 4.2
      vertex 47.255 115.628 5
      vertex 47.5082 115.418 5
    endloop
  endfacet
  facet normal 0.638389 0.769714 0
    outer loop
      vertex 47.255 115.628 5
      vertex 47.5082 115.418 4.2
      vertex 47.255 115.628 4.2
    endloop
  endfacet
  facet normal 0.508286 0.861189 -0
    outer loop
      vertex 47.8352 115.225 4.2
      vertex 47.5082 115.418 5
      vertex 47.8352 115.225 5
    endloop
  endfacet
  facet normal 0.508286 0.861189 0
    outer loop
      vertex 47.5082 115.418 5
      vertex 47.8352 115.225 4.2
      vertex 47.5082 115.418 4.2
    endloop
  endfacet
  facet normal 1 -0 0
    outer loop
      vertex 47.8352 115.211 5
      vertex 47.8352 115.225 4.2
      vertex 47.8352 115.225 5
    endloop
  endfacet
  facet normal 1 0 0
    outer loop
      vertex 47.8352 115.225 4.2
      vertex 47.8352 115.211 5
      vertex 47.8352 115.211 4.2
    endloop
  endfacet
  facet normal 0.026848 -0.99964 0
    outer loop
      vertex 47.6118 115.205 4.2
      vertex 47.8352 115.211 5
      vertex 47.6118 115.205 5
    endloop
  endfacet
  facet normal 0.026848 -0.99964 0
    outer loop
      vertex 47.8352 115.211 5
      vertex 47.6118 115.205 4.2
      vertex 47.8352 115.211 4.2
    endloop
  endfacet
  facet normal 0.0293818 -0.999568 0
    outer loop
      vertex 47.4417 115.2 4.2
      vertex 47.6118 115.205 5
      vertex 47.4417 115.2 5
    endloop
  endfacet
  facet normal 0.0293818 -0.999568 0
    outer loop
      vertex 47.6118 115.205 5
      vertex 47.4417 115.2 4.2
      vertex 47.6118 115.205 4.2
    endloop
  endfacet
  facet normal 0.042769 -0.999085 0
    outer loop
      vertex 47.3249 115.195 4.2
      vertex 47.4417 115.2 5
      vertex 47.3249 115.195 5
    endloop
  endfacet
  facet normal 0.042769 -0.999085 0
    outer loop
      vertex 47.4417 115.2 5
      vertex 47.3249 115.195 4.2
      vertex 47.4417 115.2 4.2
    endloop
  endfacet
  facet normal 0.0575745 -0.998341 0
    outer loop
      vertex 47.2382 115.19 4.2
      vertex 47.3249 115.195 5
      vertex 47.2382 115.19 5
    endloop
  endfacet
  facet normal 0.0575745 -0.998341 0
    outer loop
      vertex 47.3249 115.195 5
      vertex 47.2382 115.19 4.2
      vertex 47.3249 115.195 4.2
    endloop
  endfacet
  facet normal 0.05 -0.998749 0
    outer loop
      vertex 47.1583 115.186 4.2
      vertex 47.2382 115.19 5
      vertex 47.1583 115.186 5
    endloop
  endfacet
  facet normal 0.05 -0.998749 0
    outer loop
      vertex 47.2382 115.19 5
      vertex 47.1583 115.186 4.2
      vertex 47.2382 115.19 4.2
    endloop
  endfacet
  facet normal 0.0410052 -0.999159 0
    outer loop
      vertex 47.0852 115.183 4.2
      vertex 47.1583 115.186 5
      vertex 47.0852 115.183 5
    endloop
  endfacet
  facet normal 0.0410052 -0.999159 0
    outer loop
      vertex 47.1583 115.186 5
      vertex 47.0852 115.183 4.2
      vertex 47.1583 115.186 4.2
    endloop
  endfacet
  facet normal 0.0657552 -0.997836 0
    outer loop
      vertex 47.0245 115.179 4.2
      vertex 47.0852 115.183 5
      vertex 47.0245 115.179 5
    endloop
  endfacet
  facet normal 0.0657552 -0.997836 0
    outer loop
      vertex 47.0852 115.183 5
      vertex 47.0245 115.179 4.2
      vertex 47.0852 115.183 4.2
    endloop
  endfacet
  facet normal 0.0700849 -0.997541 0
    outer loop
      vertex 46.9818 115.176 4.2
      vertex 47.0245 115.179 5
      vertex 46.9818 115.176 5
    endloop
  endfacet
  facet normal 0.0700849 -0.997541 0
    outer loop
      vertex 47.0245 115.179 5
      vertex 46.9818 115.176 4.2
      vertex 47.0245 115.179 4.2
    endloop
  endfacet
  facet normal 0.120092 -0.992763 0
    outer loop
      vertex 46.957 115.173 4.2
      vertex 46.9818 115.176 5
      vertex 46.957 115.173 5
    endloop
  endfacet
  facet normal 0.120092 -0.992763 0
    outer loop
      vertex 46.9818 115.176 5
      vertex 46.957 115.173 4.2
      vertex 46.9818 115.176 4.2
    endloop
  endfacet
  facet normal 1 -0 0
    outer loop
      vertex 46.957 114.366 5
      vertex 46.957 115.173 4.2
      vertex 46.957 115.173 5
    endloop
  endfacet
  facet normal 1 0 0
    outer loop
      vertex 46.957 115.173 4.2
      vertex 46.957 114.366 5
      vertex 46.957 114.366 4.2
    endloop
  endfacet
  facet normal -0.0757909 0.997124 0
    outer loop
      vertex 47.1675 114.382 4.2
      vertex 46.957 114.366 5
      vertex 47.1675 114.382 5
    endloop
  endfacet
  facet normal -0.0757909 0.997124 0
    outer loop
      vertex 46.957 114.366 5
      vertex 47.1675 114.382 4.2
      vertex 46.957 114.366 4.2
    endloop
  endfacet
  facet normal -0.0246163 0.999697 0
    outer loop
      vertex 47.533 114.391 4.2
      vertex 47.1675 114.382 5
      vertex 47.533 114.391 5
    endloop
  endfacet
  facet normal -0.0246163 0.999697 0
    outer loop
      vertex 47.1675 114.382 5
      vertex 47.533 114.391 4.2
      vertex 47.1675 114.382 4.2
    endloop
  endfacet
  facet normal -0.00768322 0.99997 0
    outer loop
      vertex 48.0536 114.395 4.2
      vertex 47.533 114.391 5
      vertex 48.0536 114.395 5
    endloop
  endfacet
  facet normal -0.00768322 0.99997 0
    outer loop
      vertex 47.533 114.391 5
      vertex 48.0536 114.395 4.2
      vertex 47.533 114.391 4.2
    endloop
  endfacet
  facet normal 0 1 -0
    outer loop
      vertex 52.0931 114.395 4.2
      vertex 48.0536 114.395 5
      vertex 52.0931 114.395 5
    endloop
  endfacet
  facet normal 0 1 0
    outer loop
      vertex 48.0536 114.395 5
      vertex 52.0931 114.395 4.2
      vertex 48.0536 114.395 4.2
    endloop
  endfacet
  facet normal -1 0 0
    outer loop
      vertex 52.0931 114.395 4.2
      vertex 52.0931 115.244 5
      vertex 52.0931 115.244 4.2
    endloop
  endfacet
  facet normal -1 -0 0
    outer loop
      vertex 52.0931 115.244 5
      vertex 52.0931 114.395 4.2
      vertex 52.0931 114.395 5
    endloop
  endfacet
  facet normal 0 -1 0
    outer loop
      vertex 49.1169 115.244 4.2
      vertex 52.0931 115.244 5
      vertex 49.1169 115.244 5
    endloop
  endfacet
  facet normal 0 -1 -0
    outer loop
      vertex 52.0931 115.244 5
      vertex 49.1169 115.244 4.2
      vertex 52.0931 115.244 4.2
    endloop
  endfacet
  facet normal -0.0766314 -0.997059 0
    outer loop
      vertex 48.6485 123.189 4.2
      vertex 49.1169 123.153 5
      vertex 48.6485 123.189 5
    endloop
  endfacet
  facet normal -0.0766314 -0.997059 -0
    outer loop
      vertex 49.1169 123.153 5
      vertex 48.6485 123.189 4.2
      vertex 49.1169 123.153 4.2
    endloop
  endfacet
  facet normal -0.260785 -0.965397 0
    outer loop
      vertex 48.2561 123.295 4.2
      vertex 48.6485 123.189 5
      vertex 48.2561 123.295 5
    endloop
  endfacet
  facet normal -0.260785 -0.965397 -0
    outer loop
      vertex 48.6485 123.189 5
      vertex 48.2561 123.295 4.2
      vertex 48.6485 123.189 4.2
    endloop
  endfacet
  facet normal -0.486112 -0.873897 0
    outer loop
      vertex 47.9397 123.471 4.2
      vertex 48.2561 123.295 5
      vertex 47.9397 123.471 5
    endloop
  endfacet
  facet normal -0.486112 -0.873897 -0
    outer loop
      vertex 48.2561 123.295 5
      vertex 47.9397 123.471 4.2
      vertex 48.2561 123.295 4.2
    endloop
  endfacet
  facet normal -0.715925 -0.698177 0
    outer loop
      vertex 47.9397 123.471 4.2
      vertex 47.7076 123.709 5
      vertex 47.7076 123.709 4.2
    endloop
  endfacet
  facet normal -0.715925 -0.698177 0
    outer loop
      vertex 47.7076 123.709 5
      vertex 47.9397 123.471 4.2
      vertex 47.9397 123.471 5
    endloop
  endfacet
  facet normal -0.900226 -0.435422 0
    outer loop
      vertex 47.7076 123.709 4.2
      vertex 47.5683 123.997 5
      vertex 47.5683 123.997 4.2
    endloop
  endfacet
  facet normal -0.900226 -0.435422 0
    outer loop
      vertex 47.5683 123.997 5
      vertex 47.7076 123.709 4.2
      vertex 47.7076 123.709 5
    endloop
  endfacet
  facet normal -0.990708 -0.136003 0
    outer loop
      vertex 47.5683 123.997 4.2
      vertex 47.5219 124.335 5
      vertex 47.5219 124.335 4.2
    endloop
  endfacet
  facet normal -0.990708 -0.136003 0
    outer loop
      vertex 47.5219 124.335 5
      vertex 47.5683 123.997 4.2
      vertex 47.5683 123.997 5
    endloop
  endfacet
  facet normal -0.995068 0.0991939 0
    outer loop
      vertex 47.5219 124.335 4.2
      vertex 47.5536 124.653 5
      vertex 47.5536 124.653 4.2
    endloop
  endfacet
  facet normal -0.995068 0.0991939 0
    outer loop
      vertex 47.5536 124.653 5
      vertex 47.5219 124.335 4.2
      vertex 47.5219 124.335 5
    endloop
  endfacet
  facet normal -0.932983 0.359919 0
    outer loop
      vertex 47.5536 124.653 4.2
      vertex 47.6485 124.899 5
      vertex 47.6485 124.899 4.2
    endloop
  endfacet
  facet normal -0.932983 0.359919 0
    outer loop
      vertex 47.6485 124.899 5
      vertex 47.5536 124.653 4.2
      vertex 47.5536 124.653 5
    endloop
  endfacet
  facet normal -0.735803 0.677196 0
    outer loop
      vertex 47.6485 124.899 4.2
      vertex 47.8068 125.071 5
      vertex 47.8068 125.071 4.2
    endloop
  endfacet
  facet normal -0.735803 0.677196 0
    outer loop
      vertex 47.8068 125.071 5
      vertex 47.6485 124.899 4.2
      vertex 47.6485 124.899 5
    endloop
  endfacet
  facet normal -0.42453 0.905414 0
    outer loop
      vertex 48.0478 125.184 4.2
      vertex 47.8068 125.071 5
      vertex 48.0478 125.184 5
    endloop
  endfacet
  facet normal -0.42453 0.905414 0
    outer loop
      vertex 47.8068 125.071 5
      vertex 48.0478 125.184 4.2
      vertex 47.8068 125.071 4.2
    endloop
  endfacet
  facet normal -0.194302 0.980942 0
    outer loop
      vertex 48.3911 125.252 4.2
      vertex 48.0478 125.184 5
      vertex 48.3911 125.252 5
    endloop
  endfacet
  facet normal -0.194302 0.980942 0
    outer loop
      vertex 48.0478 125.184 5
      vertex 48.3911 125.252 4.2
      vertex 48.0478 125.184 4.2
    endloop
  endfacet
  facet normal -0.0515356 0.998671 0
    outer loop
      vertex 48.8368 125.275 4.2
      vertex 48.3911 125.252 5
      vertex 48.8368 125.275 5
    endloop
  endfacet
  facet normal -0.0515356 0.998671 0
    outer loop
      vertex 48.3911 125.252 5
      vertex 48.8368 125.275 4.2
      vertex 48.3911 125.252 4.2
    endloop
  endfacet
  facet normal 0 1 -0
    outer loop
      vertex 52.0931 125.275 4.2
      vertex 48.8368 125.275 5
      vertex 52.0931 125.275 5
    endloop
  endfacet
  facet normal 0 1 0
    outer loop
      vertex 48.8368 125.275 5
      vertex 52.0931 125.275 4.2
      vertex 48.8368 125.275 4.2
    endloop
  endfacet
  facet normal -1 0 0
    outer loop
      vertex 52.0931 125.275 4.2
      vertex 52.0931 126.12 5
      vertex 52.0931 126.12 4.2
    endloop
  endfacet
  facet normal -1 -0 0
    outer loop
      vertex 52.0931 126.12 5
      vertex 52.0931 125.275 4.2
      vertex 52.0931 125.275 5
    endloop
  endfacet
  facet normal 0 -1 0
    outer loop
      vertex 49.1169 126.12 4.2
      vertex 52.0931 126.12 5
      vertex 49.1169 126.12 5
    endloop
  endfacet
  facet normal 0 -1 -0
    outer loop
      vertex 52.0931 126.12 5
      vertex 49.1169 126.12 4.2
      vertex 52.0931 126.12 4.2
    endloop
  endfacet
  facet normal -0.074137 -0.997248 0
    outer loop
      vertex 48.6461 126.155 4.2
      vertex 49.1169 126.12 5
      vertex 48.6461 126.155 5
    endloop
  endfacet
  facet normal -0.074137 -0.997248 -0
    outer loop
      vertex 49.1169 126.12 5
      vertex 48.6461 126.155 4.2
      vertex 49.1169 126.12 4.2
    endloop
  endfacet
  facet normal -0.253403 -0.967361 0
    outer loop
      vertex 48.2529 126.258 4.2
      vertex 48.6461 126.155 5
      vertex 48.2529 126.258 5
    endloop
  endfacet
  facet normal -0.253403 -0.967361 -0
    outer loop
      vertex 48.6461 126.155 5
      vertex 48.2529 126.258 4.2
      vertex 48.6461 126.155 4.2
    endloop
  endfacet
  facet normal -0.480681 -0.876896 0
    outer loop
      vertex 47.9373 126.431 4.2
      vertex 48.2529 126.258 5
      vertex 47.9373 126.431 5
    endloop
  endfacet
  facet normal -0.480681 -0.876896 -0
    outer loop
      vertex 48.2529 126.258 5
      vertex 47.9373 126.431 4.2
      vertex 48.2529 126.258 4.2
    endloop
  endfacet
  facet normal -0.713454 -0.700702 0
    outer loop
      vertex 47.9373 126.431 4.2
      vertex 47.7065 126.666 5
      vertex 47.7065 126.666 4.2
    endloop
  endfacet
  facet normal -0.713454 -0.700702 0
    outer loop
      vertex 47.7065 126.666 5
      vertex 47.9373 126.431 4.2
      vertex 47.9373 126.431 5
    endloop
  endfacet
  facet normal -0.902492 -0.430707 0
    outer loop
      vertex 47.7065 126.666 4.2
      vertex 47.5681 126.956 5
      vertex 47.5681 126.956 4.2
    endloop
  endfacet
  facet normal -0.902492 -0.430707 0
    outer loop
      vertex 47.5681 126.956 5
      vertex 47.7065 126.666 4.2
      vertex 47.7065 126.666 5
    endloop
  endfacet
  facet normal -0.991203 -0.132351 0
    outer loop
      vertex 47.5681 126.956 4.2
      vertex 47.5219 127.302 5
      vertex 47.5219 127.302 4.2
    endloop
  endfacet
  facet normal -0.991203 -0.132351 0
    outer loop
      vertex 47.5219 127.302 5
      vertex 47.5681 126.956 4.2
      vertex 47.5681 126.956 5
    endloop
  endfacet
  facet normal -0.995068 0.0991939 0
    outer loop
      vertex 47.5219 127.302 4.2
      vertex 47.5536 127.62 5
      vertex 47.5536 127.62 4.2
    endloop
  endfacet
  facet normal -0.995068 0.0991939 0
    outer loop
      vertex 47.5536 127.62 5
      vertex 47.5219 127.302 4.2
      vertex 47.5219 127.302 5
    endloop
  endfacet
  facet normal -0.93249 0.361197 0
    outer loop
      vertex 47.5536 127.62 4.2
      vertex 47.6485 127.865 5
      vertex 47.6485 127.865 4.2
    endloop
  endfacet
  facet normal -0.93249 0.361197 0
    outer loop
      vertex 47.6485 127.865 5
      vertex 47.5536 127.62 4.2
      vertex 47.5536 127.62 5
    endloop
  endfacet
  facet normal -0.737756 0.675068 0
    outer loop
      vertex 47.6485 127.865 4.2
      vertex 47.8068 128.038 5
      vertex 47.8068 128.038 4.2
    endloop
  endfacet
  facet normal -0.737756 0.675068 0
    outer loop
      vertex 47.8068 128.038 5
      vertex 47.6485 127.865 4.2
      vertex 47.6485 127.865 5
    endloop
  endfacet
  facet normal -0.42453 0.905414 0
    outer loop
      vertex 48.0478 128.151 4.2
      vertex 47.8068 128.038 5
      vertex 48.0478 128.151 5
    endloop
  endfacet
  facet normal -0.42453 0.905414 0
    outer loop
      vertex 47.8068 128.038 5
      vertex 48.0478 128.151 4.2
      vertex 47.8068 128.038 4.2
    endloop
  endfacet
  facet normal -0.194302 0.980942 0
    outer loop
      vertex 48.3911 128.219 4.2
      vertex 48.0478 128.151 5
      vertex 48.3911 128.219 5
    endloop
  endfacet
  facet normal -0.194302 0.980942 0
    outer loop
      vertex 48.0478 128.151 5
      vertex 48.3911 128.219 4.2
      vertex 48.0478 128.151 4.2
    endloop
  endfacet
  facet normal -0.0515356 0.998671 0
    outer loop
      vertex 48.8368 128.242 4.2
      vertex 48.3911 128.219 5
      vertex 48.8368 128.242 5
    endloop
  endfacet
  facet normal -0.0515356 0.998671 0
    outer loop
      vertex 48.3911 128.219 5
      vertex 48.8368 128.242 4.2
      vertex 48.3911 128.219 4.2
    endloop
  endfacet
  facet normal 0 1 -0
    outer loop
      vertex 52.0931 128.242 4.2
      vertex 48.8368 128.242 5
      vertex 52.0931 128.242 5
    endloop
  endfacet
  facet normal 0 1 0
    outer loop
      vertex 48.8368 128.242 5
      vertex 52.0931 128.242 4.2
      vertex 48.8368 128.242 4.2
    endloop
  endfacet
  facet normal -1 0 0
    outer loop
      vertex 52.0931 128.242 4.2
      vertex 52.0931 129.087 5
      vertex 52.0931 129.087 4.2
    endloop
  endfacet
  facet normal -1 -0 0
    outer loop
      vertex 52.0931 129.087 5
      vertex 52.0931 128.242 4.2
      vertex 52.0931 128.242 5
    endloop
  endfacet
  facet normal 0 -1 0
    outer loop
      vertex 48.6706 129.087 4.2
      vertex 52.0931 129.087 5
      vertex 48.6706 129.087 5
    endloop
  endfacet
  facet normal 0 -1 -0
    outer loop
      vertex 52.0931 129.087 5
      vertex 48.6706 129.087 4.2
      vertex 52.0931 129.087 4.2
    endloop
  endfacet
  facet normal 0.0668261 -0.997765 0
    outer loop
      vertex 48.0883 129.048 4.2
      vertex 48.6706 129.087 5
      vertex 48.0883 129.048 5
    endloop
  endfacet
  facet normal 0.0668261 -0.997765 0
    outer loop
      vertex 48.6706 129.087 5
      vertex 48.0883 129.048 4.2
      vertex 48.6706 129.087 4.2
    endloop
  endfacet
  facet normal 0.247467 -0.968896 0
    outer loop
      vertex 47.6263 128.93 4.2
      vertex 48.0883 129.048 5
      vertex 47.6263 128.93 5
    endloop
  endfacet
  facet normal 0.247467 -0.968896 0
    outer loop
      vertex 48.0883 129.048 5
      vertex 47.6263 128.93 4.2
      vertex 48.0883 129.048 4.2
    endloop
  endfacet
  facet normal 0.499357 -0.866397 0
    outer loop
      vertex 47.2845 128.733 4.2
      vertex 47.6263 128.93 5
      vertex 47.2845 128.733 5
    endloop
  endfacet
  facet normal 0.499357 -0.866397 0
    outer loop
      vertex 47.6263 128.93 5
      vertex 47.2845 128.733 4.2
      vertex 47.6263 128.93 4.2
    endloop
  endfacet
  facet normal 0.769869 -0.638202 0
    outer loop
      vertex 47.0499 128.45 5
      vertex 47.2845 128.733 4.2
      vertex 47.2845 128.733 5
    endloop
  endfacet
  facet normal 0.769869 -0.638202 0
    outer loop
      vertex 47.2845 128.733 4.2
      vertex 47.0499 128.45 5
      vertex 47.0499 128.45 4.2
    endloop
  endfacet
  facet normal 0.936717 -0.350089 0
    outer loop
      vertex 46.909 128.073 5
      vertex 47.0499 128.45 4.2
      vertex 47.0499 128.45 5
    endloop
  endfacet
  facet normal 0.936717 -0.350089 0
    outer loop
      vertex 47.0499 128.45 4.2
      vertex 46.909 128.073 5
      vertex 46.909 128.073 4.2
    endloop
  endfacet
  facet normal 0.9951 -0.0988775 0
    outer loop
      vertex 46.8621 127.601 5
      vertex 46.909 128.073 4.2
      vertex 46.909 128.073 5
    endloop
  endfacet
  facet normal 0.9951 -0.0988775 0
    outer loop
      vertex 46.909 128.073 4.2
      vertex 46.8621 127.601 5
      vertex 46.8621 127.601 4.2
    endloop
  endfacet
  facet normal 0.997243 0.0742066 0
    outer loop
      vertex 46.8874 127.261 5
      vertex 46.8621 127.601 4.2
      vertex 46.8621 127.601 5
    endloop
  endfacet
  facet normal 0.997243 0.0742066 0
    outer loop
      vertex 46.8621 127.601 4.2
      vertex 46.8874 127.261 5
      vertex 46.8874 127.261 4.2
    endloop
  endfacet
  facet normal 0.970143 0.242536 0
    outer loop
      vertex 46.9634 126.957 5
      vertex 46.8874 127.261 4.2
      vertex 46.8874 127.261 5
    endloop
  endfacet
  facet normal 0.970143 0.242536 0
    outer loop
      vertex 46.8874 127.261 4.2
      vertex 46.9634 126.957 5
      vertex 46.9634 126.957 4.2
    endloop
  endfacet
  facet normal 0.905411 0.424537 0
    outer loop
      vertex 47.09 126.687 5
      vertex 46.9634 126.957 4.2
      vertex 46.9634 126.957 5
    endloop
  endfacet
  facet normal 0.905411 0.424537 0
    outer loop
      vertex 46.9634 126.957 4.2
      vertex 47.09 126.687 5
      vertex 47.09 126.687 4.2
    endloop
  endfacet
  facet normal 0.792377 0.610031 0
    outer loop
      vertex 47.274 126.448 5
      vertex 47.09 126.687 4.2
      vertex 47.09 126.687 5
    endloop
  endfacet
  facet normal 0.792377 0.610031 0
    outer loop
      vertex 47.09 126.687 4.2
      vertex 47.274 126.448 5
      vertex 47.274 126.448 4.2
    endloop
  endfacet
  facet normal 0.652698 0.757618 -0
    outer loop
      vertex 47.5224 126.234 4.2
      vertex 47.274 126.448 5
      vertex 47.5224 126.234 5
    endloop
  endfacet
  facet normal 0.652698 0.757618 0
    outer loop
      vertex 47.274 126.448 5
      vertex 47.5224 126.234 4.2
      vertex 47.274 126.448 4.2
    endloop
  endfacet
  facet normal 0.519149 0.854684 -0
    outer loop
      vertex 47.8352 126.044 4.2
      vertex 47.5224 126.234 5
      vertex 47.8352 126.044 5
    endloop
  endfacet
  facet normal 0.519149 0.854684 0
    outer loop
      vertex 47.5224 126.234 5
      vertex 47.8352 126.044 4.2
      vertex 47.5224 126.234 4.2
    endloop
  endfacet
  facet normal 1 -0 0
    outer loop
      vertex 47.8352 126.03 5
      vertex 47.8352 126.044 4.2
      vertex 47.8352 126.044 5
    endloop
  endfacet
  facet normal 1 0 0
    outer loop
      vertex 47.8352 126.044 4.2
      vertex 47.8352 126.03 5
      vertex 47.8352 126.03 4.2
    endloop
  endfacet
  facet normal 0.341743 -0.939793 0
    outer loop
      vertex 47.5272 125.918 4.2
      vertex 47.8352 126.03 5
      vertex 47.5272 125.918 5
    endloop
  endfacet
  facet normal 0.341743 -0.939793 0
    outer loop
      vertex 47.8352 126.03 5
      vertex 47.5272 125.918 4.2
      vertex 47.8352 126.03 4.2
    endloop
  endfacet
  facet normal 0.536588 -0.843844 0
    outer loop
      vertex 47.2803 125.761 4.2
      vertex 47.5272 125.918 5
      vertex 47.2803 125.761 5
    endloop
  endfacet
  facet normal 0.536588 -0.843844 0
    outer loop
      vertex 47.5272 125.918 5
      vertex 47.2803 125.761 4.2
      vertex 47.5272 125.918 4.2
    endloop
  endfacet
  facet normal 0.739678 -0.672961 0
    outer loop
      vertex 47.0947 125.557 5
      vertex 47.2803 125.761 4.2
      vertex 47.2803 125.761 5
    endloop
  endfacet
  facet normal 0.739678 -0.672961 0
    outer loop
      vertex 47.2803 125.761 4.2
      vertex 47.0947 125.557 5
      vertex 47.0947 125.557 4.2
    endloop
  endfacet
  facet normal 0.890593 -0.454801 0
    outer loop
      vertex 46.9655 125.304 5
      vertex 47.0947 125.557 4.2
      vertex 47.0947 125.557 5
    endloop
  endfacet
  facet normal 0.890593 -0.454801 0
    outer loop
      vertex 47.0947 125.557 4.2
      vertex 46.9655 125.304 5
      vertex 46.9655 125.304 4.2
    endloop
  endfacet
  facet normal 0.969696 -0.244313 0
    outer loop
      vertex 46.8879 124.996 5
      vertex 46.9655 125.304 4.2
      vertex 46.9655 125.304 5
    endloop
  endfacet
  facet normal 0.969696 -0.244313 0
    outer loop
      vertex 46.9655 125.304 4.2
      vertex 46.8879 124.996 5
      vertex 46.8879 124.996 4.2
    endloop
  endfacet
  facet normal 0.99747 -0.0710904 0
    outer loop
      vertex 46.8621 124.634 5
      vertex 46.8879 124.996 4.2
      vertex 46.8879 124.996 5
    endloop
  endfacet
  facet normal 0.99747 -0.0710904 0
    outer loop
      vertex 46.8879 124.996 4.2
      vertex 46.8621 124.634 5
      vertex 46.8621 124.634 4.2
    endloop
  endfacet
  facet normal 0.997335 0.0729532 0
    outer loop
      vertex 46.8858 124.31 5
      vertex 46.8621 124.634 4.2
      vertex 46.8621 124.634 5
    endloop
  endfacet
  facet normal 0.997335 0.0729532 0
    outer loop
      vertex 46.8621 124.634 4.2
      vertex 46.8858 124.31 5
      vertex 46.8858 124.31 4.2
    endloop
  endfacet
  facet normal 0.971081 0.238752 0
    outer loop
      vertex 46.9571 124.02 5
      vertex 46.8858 124.31 4.2
      vertex 46.8858 124.31 5
    endloop
  endfacet
  facet normal 0.971081 0.238752 0
    outer loop
      vertex 46.8858 124.31 4.2
      vertex 46.9571 124.02 5
      vertex 46.9571 124.02 4.2
    endloop
  endfacet
  facet normal 0.906092 0.423081 0
    outer loop
      vertex 47.0757 123.766 5
      vertex 46.9571 124.02 4.2
      vertex 46.9571 124.02 5
    endloop
  endfacet
  facet normal 0.906092 0.423081 0
    outer loop
      vertex 46.9571 124.02 4.2
      vertex 47.0757 123.766 5
      vertex 47.0757 123.766 4.2
    endloop
  endfacet
  facet normal 0.787367 0.616484 0
    outer loop
      vertex 47.255 123.537 5
      vertex 47.0757 123.766 4.2
      vertex 47.0757 123.766 5
    endloop
  endfacet
  facet normal 0.787367 0.616484 0
    outer loop
      vertex 47.0757 123.766 4.2
      vertex 47.255 123.537 5
      vertex 47.255 123.537 4.2
    endloop
  endfacet
  facet normal 0.638389 0.769714 -0
    outer loop
      vertex 47.5082 123.327 4.2
      vertex 47.255 123.537 5
      vertex 47.5082 123.327 5
    endloop
  endfacet
  facet normal 0.638389 0.769714 0
    outer loop
      vertex 47.255 123.537 5
      vertex 47.5082 123.327 4.2
      vertex 47.255 123.537 4.2
    endloop
  endfacet
  facet normal 0.508286 0.861189 -0
    outer loop
      vertex 47.8352 123.134 4.2
      vertex 47.5082 123.327 5
      vertex 47.8352 123.134 5
    endloop
  endfacet
  facet normal 0.508286 0.861189 0
    outer loop
      vertex 47.5082 123.327 5
      vertex 47.8352 123.134 4.2
      vertex 47.5082 123.327 4.2
    endloop
  endfacet
  facet normal 1 -0 0
    outer loop
      vertex 47.8352 123.12 5
      vertex 47.8352 123.134 4.2
      vertex 47.8352 123.134 5
    endloop
  endfacet
  facet normal 1 0 0
    outer loop
      vertex 47.8352 123.134 4.2
      vertex 47.8352 123.12 5
      vertex 47.8352 123.12 4.2
    endloop
  endfacet
  facet normal 0.026848 -0.99964 0
    outer loop
      vertex 47.6118 123.114 4.2
      vertex 47.8352 123.12 5
      vertex 47.6118 123.114 5
    endloop
  endfacet
  facet normal 0.026848 -0.99964 0
    outer loop
      vertex 47.8352 123.12 5
      vertex 47.6118 123.114 4.2
      vertex 47.8352 123.12 4.2
    endloop
  endfacet
  facet normal 0.0352514 -0.999378 0
    outer loop
      vertex 47.4417 123.108 4.2
      vertex 47.6118 123.114 5
      vertex 47.4417 123.108 5
    endloop
  endfacet
  facet normal 0.0352514 -0.999378 0
    outer loop
      vertex 47.6118 123.114 5
      vertex 47.4417 123.108 4.2
      vertex 47.6118 123.114 4.2
    endloop
  endfacet
  facet normal 0.042769 -0.999085 0
    outer loop
      vertex 47.3249 123.103 4.2
      vertex 47.4417 123.108 5
      vertex 47.3249 123.103 5
    endloop
  endfacet
  facet normal 0.042769 -0.999085 0
    outer loop
      vertex 47.4417 123.108 5
      vertex 47.3249 123.103 4.2
      vertex 47.4417 123.108 4.2
    endloop
  endfacet
  facet normal 0.0460871 -0.998937 0
    outer loop
      vertex 47.2382 123.099 4.2
      vertex 47.3249 123.103 5
      vertex 47.2382 123.099 5
    endloop
  endfacet
  facet normal 0.0460871 -0.998937 0
    outer loop
      vertex 47.3249 123.103 5
      vertex 47.2382 123.099 4.2
      vertex 47.3249 123.103 4.2
    endloop
  endfacet
  facet normal 0.05 -0.998749 0
    outer loop
      vertex 47.1583 123.095 4.2
      vertex 47.2382 123.099 5
      vertex 47.1583 123.095 5
    endloop
  endfacet
  facet normal 0.05 -0.998749 0
    outer loop
      vertex 47.2382 123.099 5
      vertex 47.1583 123.095 4.2
      vertex 47.2382 123.099 4.2
    endloop
  endfacet
  facet normal 0.0410052 -0.999159 0
    outer loop
      vertex 47.0852 123.092 4.2
      vertex 47.1583 123.095 5
      vertex 47.0852 123.092 5
    endloop
  endfacet
  facet normal 0.0410052 -0.999159 0
    outer loop
      vertex 47.1583 123.095 5
      vertex 47.0852 123.092 4.2
      vertex 47.1583 123.095 4.2
    endloop
  endfacet
  facet normal 0.0657552 -0.997836 0
    outer loop
      vertex 47.0245 123.088 4.2
      vertex 47.0852 123.092 5
      vertex 47.0245 123.088 5
    endloop
  endfacet
  facet normal 0.0657552 -0.997836 0
    outer loop
      vertex 47.0852 123.092 5
      vertex 47.0245 123.088 4.2
      vertex 47.0852 123.092 4.2
    endloop
  endfacet
  facet normal 0.0700849 -0.997541 0
    outer loop
      vertex 46.9818 123.085 4.2
      vertex 47.0245 123.088 5
      vertex 46.9818 123.085 5
    endloop
  endfacet
  facet normal 0.0700849 -0.997541 0
    outer loop
      vertex 47.0245 123.088 5
      vertex 46.9818 123.085 4.2
      vertex 47.0245 123.088 4.2
    endloop
  endfacet
  facet normal 0.120092 -0.992763 0
    outer loop
      vertex 46.957 123.082 4.2
      vertex 46.9818 123.085 5
      vertex 46.957 123.082 5
    endloop
  endfacet
  facet normal 0.120092 -0.992763 0
    outer loop
      vertex 46.9818 123.085 5
      vertex 46.957 123.082 4.2
      vertex 46.9818 123.085 4.2
    endloop
  endfacet
  facet normal 1 -0 0
    outer loop
      vertex 46.957 122.275 5
      vertex 46.957 123.082 4.2
      vertex 46.957 123.082 5
    endloop
  endfacet
  facet normal 1 0 0
    outer loop
      vertex 46.957 123.082 4.2
      vertex 46.957 122.275 5
      vertex 46.957 122.275 4.2
    endloop
  endfacet
  facet normal -0.0757909 0.997124 0
    outer loop
      vertex 47.1675 122.291 4.2
      vertex 46.957 122.275 5
      vertex 47.1675 122.291 5
    endloop
  endfacet
  facet normal -0.0757909 0.997124 0
    outer loop
      vertex 46.957 122.275 5
      vertex 47.1675 122.291 4.2
      vertex 46.957 122.275 4.2
    endloop
  endfacet
  facet normal -0.0246163 0.999697 0
    outer loop
      vertex 47.533 122.3 4.2
      vertex 47.1675 122.291 5
      vertex 47.533 122.3 5
    endloop
  endfacet
  facet normal -0.0246163 0.999697 0
    outer loop
      vertex 47.1675 122.291 5
      vertex 47.533 122.3 4.2
      vertex 47.1675 122.291 4.2
    endloop
  endfacet
  facet normal -0.00768322 0.99997 0
    outer loop
      vertex 48.0536 122.304 4.2
      vertex 47.533 122.3 5
      vertex 48.0536 122.304 5
    endloop
  endfacet
  facet normal -0.00768322 0.99997 0
    outer loop
      vertex 47.533 122.3 5
      vertex 48.0536 122.304 4.2
      vertex 47.533 122.3 4.2
    endloop
  endfacet
  facet normal 0 1 -0
    outer loop
      vertex 52.0931 122.304 4.2
      vertex 48.0536 122.304 5
      vertex 52.0931 122.304 5
    endloop
  endfacet
  facet normal 0 1 0
    outer loop
      vertex 48.0536 122.304 5
      vertex 52.0931 122.304 4.2
      vertex 48.0536 122.304 4.2
    endloop
  endfacet
  facet normal -1 0 0
    outer loop
      vertex 52.0931 122.304 4.2
      vertex 52.0931 123.153 5
      vertex 52.0931 123.153 4.2
    endloop
  endfacet
  facet normal -1 -0 0
    outer loop
      vertex 52.0931 123.153 5
      vertex 52.0931 122.304 4.2
      vertex 52.0931 122.304 5
    endloop
  endfacet
  facet normal 0 -1 0
    outer loop
      vertex 49.1169 123.153 4.2
      vertex 52.0931 123.153 5
      vertex 49.1169 123.153 5
    endloop
  endfacet
  facet normal 0 -1 -0
    outer loop
      vertex 52.0931 123.153 5
      vertex 49.1169 123.153 4.2
      vertex 52.0931 123.153 4.2
    endloop
  endfacet
  facet normal -0.548181 0.836359 0
    outer loop
      vertex 52.0931 78.4607 4.2
      vertex 49.9855 77.0793 5
      vertex 52.0931 78.4607 5
    endloop
  endfacet
  facet normal -0.548181 0.836359 0
    outer loop
      vertex 49.9855 77.0793 5
      vertex 52.0931 78.4607 4.2
      vertex 49.9855 77.0793 4.2
    endloop
  endfacet
  facet normal -1 0 0
    outer loop
      vertex 52.0931 78.4607 4.2
      vertex 52.0931 79.4148 5
      vertex 52.0931 79.4148 4.2
    endloop
  endfacet
  facet normal -1 -0 0
    outer loop
      vertex 52.0931 79.4148 5
      vertex 52.0931 78.4607 4.2
      vertex 52.0931 78.4607 5
    endloop
  endfacet
  facet normal 0.572883 -0.819637 0
    outer loop
      vertex 49.4444 77.5635 4.2
      vertex 52.0931 79.4148 5
      vertex 49.4444 77.5635 5
    endloop
  endfacet
  facet normal 0.572883 -0.819637 0
    outer loop
      vertex 52.0931 79.4148 5
      vertex 49.4444 77.5635 4.2
      vertex 52.0931 79.4148 4.2
    endloop
  endfacet
  facet normal -0.573666 -0.81909 0
    outer loop
      vertex 46.957 79.3056 4.2
      vertex 49.4444 77.5635 5
      vertex 46.957 79.3056 5
    endloop
  endfacet
  facet normal -0.573666 -0.81909 -0
    outer loop
      vertex 49.4444 77.5635 5
      vertex 46.957 79.3056 4.2
      vertex 49.4444 77.5635 4.2
    endloop
  endfacet
  facet normal 1 -0 0
    outer loop
      vertex 46.957 78.3515 5
      vertex 46.957 79.3056 4.2
      vertex 46.957 79.3056 5
    endloop
  endfacet
  facet normal 1 0 0
    outer loop
      vertex 46.957 79.3056 4.2
      vertex 46.957 78.3515 5
      vertex 46.957 78.3515 4.2
    endloop
  endfacet
  facet normal 0.537023 0.843568 -0
    outer loop
      vertex 48.9554 77.0793 4.2
      vertex 46.957 78.3515 5
      vertex 48.9554 77.0793 5
    endloop
  endfacet
  facet normal 0.537023 0.843568 0
    outer loop
      vertex 46.957 78.3515 5
      vertex 48.9554 77.0793 4.2
      vertex 46.957 78.3515 4.2
    endloop
  endfacet
  facet normal 0.539838 -0.841769 0
    outer loop
      vertex 46.957 75.7977 4.2
      vertex 48.9554 77.0793 5
      vertex 46.957 75.7977 5
    endloop
  endfacet
  facet normal 0.539838 -0.841769 0
    outer loop
      vertex 48.9554 77.0793 5
      vertex 46.957 75.7977 4.2
      vertex 48.9554 77.0793 4.2
    endloop
  endfacet
  facet normal 1 -0 0
    outer loop
      vertex 46.957 74.853 5
      vertex 46.957 75.7977 4.2
      vertex 46.957 75.7977 5
    endloop
  endfacet
  facet normal 1 0 0
    outer loop
      vertex 46.957 75.7977 4.2
      vertex 46.957 74.853 5
      vertex 46.957 74.853 4.2
    endloop
  endfacet
  facet normal -0.572236 0.820089 0
    outer loop
      vertex 49.4538 76.5952 4.2
      vertex 46.957 74.853 5
      vertex 49.4538 76.5952 5
    endloop
  endfacet
  facet normal -0.572236 0.820089 0
    outer loop
      vertex 46.957 74.853 5
      vertex 49.4538 76.5952 4.2
      vertex 46.957 74.853 4.2
    endloop
  endfacet
  facet normal 0.569293 0.822135 -0
    outer loop
      vertex 52.0931 74.7676 4.2
      vertex 49.4538 76.5952 5
      vertex 52.0931 74.7676 5
    endloop
  endfacet
  facet normal 0.569293 0.822135 0
    outer loop
      vertex 49.4538 76.5952 5
      vertex 52.0931 74.7676 4.2
      vertex 49.4538 76.5952 4.2
    endloop
  endfacet
  facet normal -1 0 0
    outer loop
      vertex 52.0931 74.7676 4.2
      vertex 52.0931 75.6885 5
      vertex 52.0931 75.6885 4.2
    endloop
  endfacet
  facet normal -1 -0 0
    outer loop
      vertex 52.0931 75.6885 5
      vertex 52.0931 74.7676 4.2
      vertex 52.0931 74.7676 5
    endloop
  endfacet
  facet normal -0.550783 -0.834649 0
    outer loop
      vertex 49.9855 77.0793 4.2
      vertex 52.0931 75.6885 5
      vertex 49.9855 77.0793 5
    endloop
  endfacet
  facet normal -0.550783 -0.834649 -0
    outer loop
      vertex 52.0931 75.6885 5
      vertex 49.9855 77.0793 4.2
      vertex 52.0931 75.6885 4.2
    endloop
  endfacet
  facet normal 1 -0 0
    outer loop
      vertex 51.0535 59.7098 5
      vertex 51.0535 60.6354 4.2
      vertex 51.0535 60.6354 5
    endloop
  endfacet
  facet normal 1 0 0
    outer loop
      vertex 51.0535 60.6354 4.2
      vertex 51.0535 59.7098 5
      vertex 51.0535 59.7098 4.2
    endloop
  endfacet
  facet normal 0 1 -0
    outer loop
      vertex 52.0931 59.7098 4.2
      vertex 51.0535 59.7098 5
      vertex 52.0931 59.7098 5
    endloop
  endfacet
  facet normal 0 1 0
    outer loop
      vertex 51.0535 59.7098 5
      vertex 52.0931 59.7098 4.2
      vertex 51.0535 59.7098 4.2
    endloop
  endfacet
  facet normal -1 0 0
    outer loop
      vertex 52.0931 59.7098 4.2
      vertex 52.0931 60.6354 5
      vertex 52.0931 60.6354 4.2
    endloop
  endfacet
  facet normal -1 -0 0
    outer loop
      vertex 52.0931 60.6354 5
      vertex 52.0931 59.7098 4.2
      vertex 52.0931 59.7098 5
    endloop
  endfacet
  facet normal 0 -1 0
    outer loop
      vertex 51.0535 60.6354 4.2
      vertex 52.0931 60.6354 5
      vertex 51.0535 60.6354 5
    endloop
  endfacet
  facet normal 0 -1 -0
    outer loop
      vertex 52.0931 60.6354 5
      vertex 51.0535 60.6354 4.2
      vertex 52.0931 60.6354 4.2
    endloop
  endfacet
  facet normal 1 -0 0
    outer loop
      vertex 51.0535 98.772 5
      vertex 51.0535 99.6976 4.2
      vertex 51.0535 99.6976 5
    endloop
  endfacet
  facet normal 1 0 0
    outer loop
      vertex 51.0535 99.6976 4.2
      vertex 51.0535 98.772 5
      vertex 51.0535 98.772 4.2
    endloop
  endfacet
  facet normal 0 1 -0
    outer loop
      vertex 52.0931 98.772 4.2
      vertex 51.0535 98.772 5
      vertex 52.0931 98.772 5
    endloop
  endfacet
  facet normal 0 1 0
    outer loop
      vertex 51.0535 98.772 5
      vertex 52.0931 98.772 4.2
      vertex 51.0535 98.772 4.2
    endloop
  endfacet
  facet normal -1 0 0
    outer loop
      vertex 52.0931 98.772 4.2
      vertex 52.0931 99.6976 5
      vertex 52.0931 99.6976 4.2
    endloop
  endfacet
  facet normal -1 -0 0
    outer loop
      vertex 52.0931 99.6976 5
      vertex 52.0931 98.772 4.2
      vertex 52.0931 98.772 5
    endloop
  endfacet
  facet normal 0 -1 0
    outer loop
      vertex 51.0535 99.6976 4.2
      vertex 52.0931 99.6976 5
      vertex 51.0535 99.6976 5
    endloop
  endfacet
  facet normal 0 -1 -0
    outer loop
      vertex 52.0931 99.6976 5
      vertex 51.0535 99.6976 4.2
      vertex 52.0931 99.6976 4.2
    endloop
  endfacet
  facet normal 1 -0 0
    outer loop
      vertex 88.9 0 5
      vertex 88.9 177.8 0
      vertex 88.9 177.8 5
    endloop
  endfacet
  facet normal 1 0 0
    outer loop
      vertex 88.9 177.8 0
      vertex 88.9 0 5
      vertex 88.9 0 0
    endloop
  endfacet
  facet normal 0 0 1
    outer loop
      vertex 37.4145 69.6302 5
      vertex 39.694 69.7597 5
      vertex 39.66 70.193 5
    endloop
  endfacet
  facet normal -0 0 1
    outer loop
      vertex 40.4686 70.2658 5
      vertex 42.8554 70.0303 5
      vertex 42.8201 70.4298 5
    endloop
  endfacet
  facet normal 0 0 1
    outer loop
      vertex 41.9762 71.3707 5
      vertex 42.8201 70.4298 5
      vertex 42.7141 70.7676 5
    endloop
  endfacet
  facet normal 0 0 1
    outer loop
      vertex 41.9762 71.3707 5
      vertex 42.7141 70.7676 5
      vertex 42.5374 71.0437 5
    endloop
  endfacet
  facet normal 0 0 1
    outer loop
      vertex 40.4346 69.7787 5
      vertex 42.8554 70.0303 5
      vertex 40.4686 70.2658 5
    endloop
  endfacet
  facet normal 0 0 1
    outer loop
      vertex 41.9762 71.3707 5
      vertex 42.5374 71.0437 5
      vertex 42.2911 71.2481 5
    endloop
  endfacet
  facet normal 0 0 1
    outer loop
      vertex 42.8201 70.4298 5
      vertex 41.9762 71.3707 5
      vertex 40.5707 70.6701 5
    endloop
  endfacet
  facet normal 0 0 1
    outer loop
      vertex 42.8554 70.0303 5
      vertex 40.4346 69.7787 5
      vertex 42.7236 69.2966 5
    endloop
  endfacet
  facet normal 0 0 1
    outer loop
      vertex 40.5707 70.6701 5
      vertex 41.9762 71.3707 5
      vertex 41.5928 71.4116 5
    endloop
  endfacet
  facet normal -0 0 1
    outer loop
      vertex 38.6735 76.1731 5
      vertex 42.7416 75.9785 5
      vertex 42.7416 77.6825 5
    endloop
  endfacet
  facet normal 0 0 1
    outer loop
      vertex 42.7416 75.9785 5
      vertex 42.1919 72.2338 5
      vertex 42.6698 72.0377 5
    endloop
  endfacet
  facet normal 0 0 1
    outer loop
      vertex 42.7416 75.9785 5
      vertex 41.6213 72.2993 5
      vertex 42.1919 72.2338 5
    endloop
  endfacet
  facet normal 0 -0 1
    outer loop
      vertex 41.2183 72.2528 5
      vertex 42.7416 75.9785 5
      vertex 38.6735 76.1731 5
    endloop
  endfacet
  facet normal 0 0 1
    outer loop
      vertex 42.7416 75.9785 5
      vertex 41.2183 72.2528 5
      vertex 41.6213 72.2993 5
    endloop
  endfacet
  facet normal 0 0 1
    outer loop
      vertex 41.2183 72.2528 5
      vertex 38.6735 76.1731 5
      vertex 40.8639 72.1136 5
    endloop
  endfacet
  facet normal 0 -0 1
    outer loop
      vertex 39.1983 71.9549 5
      vertex 40.8639 72.1136 5
      vertex 38.6735 76.1731 5
    endloop
  endfacet
  facet normal 0 0 1
    outer loop
      vertex 40.8639 72.1136 5
      vertex 39.1983 71.9549 5
      vertex 40.558 71.8815 5
    endloop
  endfacet
  facet normal -0 0 1
    outer loop
      vertex 39.9122 71.1334 5
      vertex 40.0548 70.7138 5
      vertex 40.1466 71.1769 5
    endloop
  endfacet
  facet normal 0 0 1
    outer loop
      vertex 40.0548 70.7138 5
      vertex 39.9122 71.1334 5
      vertex 40.0359 70.7138 5
    endloop
  endfacet
  facet normal 0 -0 1
    outer loop
      vertex 39.731 71.4807 5
      vertex 40.3143 71.5661 5
      vertex 39.4923 71.7558 5
    endloop
  endfacet
  facet normal 0 0 1
    outer loop
      vertex 40.1466 71.1769 5
      vertex 39.731 71.4807 5
      vertex 39.9122 71.1334 5
    endloop
  endfacet
  facet normal 0 0 1
    outer loop
      vertex 40.3143 71.5661 5
      vertex 39.731 71.4807 5
      vertex 40.1466 71.1769 5
    endloop
  endfacet
  facet normal 0 -0 1
    outer loop
      vertex 39.4923 71.7558 5
      vertex 40.558 71.8815 5
      vertex 39.1983 71.9549 5
    endloop
  endfacet
  facet normal 0 0 1
    outer loop
      vertex 40.558 71.8815 5
      vertex 39.4923 71.7558 5
      vertex 40.3143 71.5661 5
    endloop
  endfacet
  facet normal 0 0 1
    outer loop
      vertex 39.1983 71.9549 5
      vertex 38.6735 76.1731 5
      vertex 38.851 72.0744 5
    endloop
  endfacet
  facet normal 0 -0 1
    outer loop
      vertex 38.6735 76.1731 5
      vertex 42.7416 77.6825 5
      vertex 37.5959 77.6825 5
    endloop
  endfacet
  facet normal 0 0 1
    outer loop
      vertex 45.4048 92.2415 5
      vertex 42.7416 88.0739 5
      vertex 43.4678 88.0739 5
    endloop
  endfacet
  facet normal 0 0 1
    outer loop
      vertex 42.7416 88.0739 5
      vertex 42.5171 84.6999 5
      vertex 42.7416 84.5849 5
    endloop
  endfacet
  facet normal 0 0 1
    outer loop
      vertex 42.7416 88.0739 5
      vertex 42.2869 84.8549 5
      vertex 42.5171 84.6999 5
    endloop
  endfacet
  facet normal 0 0 1
    outer loop
      vertex 45.4048 92.2415 5
      vertex 38.8823 91.3699 5
      vertex 42.7416 88.0739 5
    endloop
  endfacet
  facet normal 0 -0 1
    outer loop
      vertex 42.0509 85.0501 5
      vertex 42.7416 88.0739 5
      vertex 41.8022 85.29 5
    endloop
  endfacet
  facet normal 0 0 1
    outer loop
      vertex 42.7416 88.0739 5
      vertex 42.0509 85.0501 5
      vertex 42.2869 84.8549 5
    endloop
  endfacet
  facet normal 0 0 1
    outer loop
      vertex 42.7416 88.0739 5
      vertex 41.534 85.5796 5
      vertex 41.8022 85.29 5
    endloop
  endfacet
  facet normal 0 0 1
    outer loop
      vertex 42.7416 88.0739 5
      vertex 41.2463 85.9188 5
      vertex 41.534 85.5796 5
    endloop
  endfacet
  facet normal -0 0 1
    outer loop
      vertex 38.3317 94.6391 5
      vertex 43.4678 94.5537 5
      vertex 40.8285 96.3813 5
    endloop
  endfacet
  facet normal 0 0 1
    outer loop
      vertex 42.7416 88.0739 5
      vertex 40.7553 86.509 5
      vertex 41.2463 85.9188 5
    endloop
  endfacet
  facet normal 0 0 1
    outer loop
      vertex 42.7416 88.0739 5
      vertex 38.8823 91.3699 5
      vertex 38.8823 90.6959 5
    endloop
  endfacet
  facet normal 0 0 1
    outer loop
      vertex 42.7416 88.0739 5
      vertex 40.3581 86.9568 5
      vertex 40.7553 86.509 5
    endloop
  endfacet
  facet normal -0 0 1
    outer loop
      vertex 38.8823 89.6183 5
      vertex 42.7416 88.0739 5
      vertex 38.8823 90.6959 5
    endloop
  endfacet
  facet normal 0 0 1
    outer loop
      vertex 42.7416 88.0739 5
      vertex 40.0548 87.2621 5
      vertex 40.3581 86.9568 5
    endloop
  endfacet
  facet normal 0 0 1
    outer loop
      vertex 42.7416 88.0739 5
      vertex 39.7985 87.4771 5
      vertex 40.0548 87.2621 5
    endloop
  endfacet
  facet normal 0 0 1
    outer loop
      vertex 42.7416 88.0739 5
      vertex 38.8823 88.949 5
      vertex 39.7985 87.4771 5
    endloop
  endfacet
  facet normal -0 0 1
    outer loop
      vertex 38.8823 88.949 5
      vertex 42.7416 88.0739 5
      vertex 38.8823 89.6183 5
    endloop
  endfacet
  facet normal 0 0 1
    outer loop
      vertex 43.4678 94.5537 5
      vertex 38.3317 94.6391 5
      vertex 38.8823 91.3699 5
    endloop
  endfacet
  facet normal 0 0 1
    outer loop
      vertex 38.3317 98.1376 5
      vertex 36.7795 102.328 5
      vertex 38.3317 95.5838 5
    endloop
  endfacet
  facet normal 0 0 1
    outer loop
      vertex 36.7795 91.4743 5
      vertex 38.3317 95.5838 5
      vertex 36.7795 102.328 5
    endloop
  endfacet
  facet normal 0 0 1
    outer loop
      vertex 38.3317 95.5838 5
      vertex 36.7795 91.4743 5
      vertex 38.3317 94.6391 5
    endloop
  endfacet
  facet normal 0 0 1
    outer loop
      vertex 38.3317 94.6391 5
      vertex 36.7795 91.4743 5
      vertex 38.8823 91.3699 5
    endloop
  endfacet
  facet normal 0 0 1
    outer loop
      vertex 43.4678 98.2468 5
      vertex 41.3602 96.8654 5
      vertex 43.4678 95.4746 5
    endloop
  endfacet
  facet normal 0 0 1
    outer loop
      vertex 42.5983 103.623 5
      vertex 43.4678 99.2009 5
      vertex 43.4678 103.562 5
    endloop
  endfacet
  facet normal 0 0 1
    outer loop
      vertex 41.6988 103.804 5
      vertex 43.4678 99.2009 5
      vertex 42.5983 103.623 5
    endloop
  endfacet
  facet normal 0 0 1
    outer loop
      vertex 38.3317 99.0917 5
      vertex 43.4678 99.2009 5
      vertex 41.6988 103.804 5
    endloop
  endfacet
  facet normal 0 0 1
    outer loop
      vertex 38.3317 99.0917 5
      vertex 41.6988 103.804 5
      vertex 40.7692 104.106 5
    endloop
  endfacet
  facet normal 0 0 1
    outer loop
      vertex 37.5057 102.328 5
      vertex 40.7692 104.106 5
      vertex 39.7769 104.549 5
    endloop
  endfacet
  facet normal 0 0 1
    outer loop
      vertex 37.5057 102.328 5
      vertex 39.7769 104.549 5
      vertex 38.689 105.154 5
    endloop
  endfacet
  facet normal 0 0 1
    outer loop
      vertex 43.4678 99.2009 5
      vertex 38.3317 99.0917 5
      vertex 40.8191 97.3496 5
    endloop
  endfacet
  facet normal 0 0 1
    outer loop
      vertex 40.7692 104.106 5
      vertex 37.5057 102.328 5
      vertex 38.3317 99.0917 5
    endloop
  endfacet
  facet normal -0 0 1
    outer loop
      vertex 36.7795 102.328 5
      vertex 38.3317 99.0917 5
      vertex 37.5057 102.328 5
    endloop
  endfacet
  facet normal 0 0 1
    outer loop
      vertex 38.3317 99.0917 5
      vertex 36.7795 102.328 5
      vertex 38.3317 98.1376 5
    endloop
  endfacet
  facet normal 0 0 1
    outer loop
      vertex 37.5057 102.328 5
      vertex 38.689 105.154 5
      vertex 37.5057 105.921 5
    endloop
  endfacet
  facet normal 0 0 1
    outer loop
      vertex 45.4016 70.1794 5
      vertex 43.5063 70.7022 5
      vertex 43.5627 70.0303 5
    endloop
  endfacet
  facet normal 0 0 1
    outer loop
      vertex 43.4678 75.9785 5
      vertex 43.5627 80.5182 5
      vertex 43.4678 80.1699 5
    endloop
  endfacet
  facet normal 0 0 1
    outer loop
      vertex 43.5627 80.5182 5
      vertex 42.7416 80.1699 5
      vertex 43.4678 80.1699 5
    endloop
  endfacet
  facet normal 0 0 1
    outer loop
      vertex 42.7416 80.1699 5
      vertex 36.7795 78.5418 5
      vertex 42.7416 78.5418 5
    endloop
  endfacet
  facet normal 0 0 1
    outer loop
      vertex 36.4234 82.4692 5
      vertex 42.7416 80.1699 5
      vertex 43.5627 80.5182 5
    endloop
  endfacet
  facet normal 0 0 1
    outer loop
      vertex 36.4234 82.4692 5
      vertex 36.7795 77.7538 5
      vertex 36.7795 78.5418 5
    endloop
  endfacet
  facet normal 0 0 1
    outer loop
      vertex 36.7795 77.7538 5
      vertex 36.6798 69.9923 5
      vertex 36.7317 70.6133 5
    endloop
  endfacet
  facet normal 0 0 1
    outer loop
      vertex 36.7795 77.7538 5
      vertex 36.4234 82.4692 5
      vertex 36.6798 69.9923 5
    endloop
  endfacet
  facet normal 0 0 1
    outer loop
      vertex 42.7416 80.1699 5
      vertex 36.4234 82.4692 5
      vertex 36.7795 78.5418 5
    endloop
  endfacet
  facet normal 0 0 1
    outer loop
      vertex 48.9554 77.0793 5
      vertex 46.957 78.3515 5
      vertex 46.957 75.7977 5
    endloop
  endfacet
  facet normal 0 0 1
    outer loop
      vertex 47.8352 126.044 5
      vertex 47.5272 125.918 5
      vertex 47.8352 126.03 5
    endloop
  endfacet
  facet normal 0 0 1
    outer loop
      vertex 47.5224 126.234 5
      vertex 47.5272 125.918 5
      vertex 47.8352 126.044 5
    endloop
  endfacet
  facet normal 0 0 1
    outer loop
      vertex 47.5224 126.234 5
      vertex 47.2803 125.761 5
      vertex 47.5272 125.918 5
    endloop
  endfacet
  facet normal 0 0 1
    outer loop
      vertex 47.274 126.448 5
      vertex 47.2803 125.761 5
      vertex 47.5224 126.234 5
    endloop
  endfacet
  facet normal 0 0 1
    outer loop
      vertex 47.274 126.448 5
      vertex 47.0947 125.557 5
      vertex 47.2803 125.761 5
    endloop
  endfacet
  facet normal 0 0 1
    outer loop
      vertex 47.09 126.687 5
      vertex 47.0947 125.557 5
      vertex 47.274 126.448 5
    endloop
  endfacet
  facet normal 0 0 1
    outer loop
      vertex 47.09 126.687 5
      vertex 46.9655 125.304 5
      vertex 47.0947 125.557 5
    endloop
  endfacet
  facet normal 0 0 1
    outer loop
      vertex 46.9634 126.957 5
      vertex 46.9655 125.304 5
      vertex 47.09 126.687 5
    endloop
  endfacet
  facet normal 0 0 1
    outer loop
      vertex 46.9634 126.957 5
      vertex 46.8879 124.996 5
      vertex 46.9655 125.304 5
    endloop
  endfacet
  facet normal 0 0 1
    outer loop
      vertex 46.8874 127.261 5
      vertex 46.8879 124.996 5
      vertex 46.9634 126.957 5
    endloop
  endfacet
  facet normal 0 0 1
    outer loop
      vertex 46.8621 127.601 5
      vertex 46.8879 124.996 5
      vertex 46.8874 127.261 5
    endloop
  endfacet
  facet normal 0 0 1
    outer loop
      vertex 46.8879 124.996 5
      vertex 46.8621 127.601 5
      vertex 46.8621 124.634 5
    endloop
  endfacet
  facet normal 0 0 1
    outer loop
      vertex 47.8352 118.135 5
      vertex 47.5272 118.009 5
      vertex 47.8352 118.121 5
    endloop
  endfacet
  facet normal 0 0 1
    outer loop
      vertex 47.5224 118.325 5
      vertex 47.5272 118.009 5
      vertex 47.8352 118.135 5
    endloop
  endfacet
  facet normal 0 0 1
    outer loop
      vertex 47.5224 118.325 5
      vertex 47.2803 117.852 5
      vertex 47.5272 118.009 5
    endloop
  endfacet
  facet normal 0 0 1
    outer loop
      vertex 47.274 118.539 5
      vertex 47.2803 117.852 5
      vertex 47.5224 118.325 5
    endloop
  endfacet
  facet normal 0 0 1
    outer loop
      vertex 47.274 118.539 5
      vertex 47.0947 117.649 5
      vertex 47.2803 117.852 5
    endloop
  endfacet
  facet normal 0 0 1
    outer loop
      vertex 47.09 118.778 5
      vertex 47.0947 117.649 5
      vertex 47.274 118.539 5
    endloop
  endfacet
  facet normal 0 0 1
    outer loop
      vertex 47.09 118.778 5
      vertex 46.9655 117.395 5
      vertex 47.0947 117.649 5
    endloop
  endfacet
  facet normal 0 0 1
    outer loop
      vertex 46.9634 119.048 5
      vertex 46.9655 117.395 5
      vertex 47.09 118.778 5
    endloop
  endfacet
  facet normal 0 0 1
    outer loop
      vertex 46.9634 119.048 5
      vertex 46.8879 117.087 5
      vertex 46.9655 117.395 5
    endloop
  endfacet
  facet normal 0 0 1
    outer loop
      vertex 46.8874 119.352 5
      vertex 46.8879 117.087 5
      vertex 46.9634 119.048 5
    endloop
  endfacet
  facet normal 0 0 1
    outer loop
      vertex 36.7795 110.148 5
      vertex 46.8874 119.352 5
      vertex 46.8621 119.692 5
    endloop
  endfacet
  facet normal 0 0 1
    outer loop
      vertex 46.8874 119.352 5
      vertex 38.8823 110.043 5
      vertex 46.8879 117.087 5
    endloop
  endfacet
  facet normal 0 0 1
    outer loop
      vertex 43.4678 95.4746 5
      vertex 45.4048 97.5218 5
      vertex 43.4678 98.2468 5
    endloop
  endfacet
  facet normal 0 0 1
    outer loop
      vertex 45.4048 97.5218 5
      vertex 43.4678 95.4746 5
      vertex 45.4048 93.1024 5
    endloop
  endfacet
  facet normal -0 0 1
    outer loop
      vertex 43.4678 94.5537 5
      vertex 45.4048 93.1024 5
      vertex 43.4678 95.4746 5
    endloop
  endfacet
  facet normal 0 0 1
    outer loop
      vertex 45.4048 93.1024 5
      vertex 43.4678 94.5537 5
      vertex 45.4048 92.2415 5
    endloop
  endfacet
  facet normal 0 0 1
    outer loop
      vertex 38.8823 91.3699 5
      vertex 45.4048 92.2415 5
      vertex 43.4678 94.5537 5
    endloop
  endfacet
  facet normal 0 0 1
    outer loop
      vertex 43.4678 83.645 5
      vertex 45.4048 92.2415 5
      vertex 43.4678 88.0739 5
    endloop
  endfacet
  facet normal 0 0 1
    outer loop
      vertex 45.4048 92.2415 5
      vertex 43.4678 83.645 5
      vertex 43.5627 81.2873 5
    endloop
  endfacet
  facet normal -0 0 1
    outer loop
      vertex 42.865 83.645 5
      vertex 43.5627 81.2873 5
      vertex 43.4678 83.645 5
    endloop
  endfacet
  facet normal 0 0 1
    outer loop
      vertex 42.5092 83.8183 5
      vertex 43.5627 81.2873 5
      vertex 42.865 83.645 5
    endloop
  endfacet
  facet normal 0 0 1
    outer loop
      vertex 42.1825 84.0153 5
      vertex 43.5627 81.2873 5
      vertex 42.5092 83.8183 5
    endloop
  endfacet
  facet normal 0 0 1
    outer loop
      vertex 38.4314 83.683 5
      vertex 42.1825 84.0153 5
      vertex 41.8848 84.236 5
    endloop
  endfacet
  facet normal 0 0 1
    outer loop
      vertex 38.4314 83.683 5
      vertex 41.8848 84.236 5
      vertex 41.6105 84.4725 5
    endloop
  endfacet
  facet normal 0 0 1
    outer loop
      vertex 38.4314 83.683 5
      vertex 41.6105 84.4725 5
      vertex 41.3541 84.717 5
    endloop
  endfacet
  facet normal 0 0 1
    outer loop
      vertex 38.4314 83.683 5
      vertex 41.3541 84.717 5
      vertex 41.1157 84.9694 5
    endloop
  endfacet
  facet normal 0 0 1
    outer loop
      vertex 38.5121 84.5564 5
      vertex 41.1157 84.9694 5
      vertex 40.8918 85.2249 5
    endloop
  endfacet
  facet normal 0 0 1
    outer loop
      vertex 38.5121 84.5564 5
      vertex 40.8918 85.2249 5
      vertex 40.679 85.4789 5
    endloop
  endfacet
  facet normal 0 0 1
    outer loop
      vertex 38.5121 84.5564 5
      vertex 40.679 85.4789 5
      vertex 40.4773 85.7312 5
    endloop
  endfacet
  facet normal 0 0 1
    outer loop
      vertex 38.5121 84.5564 5
      vertex 40.4773 85.7312 5
      vertex 40.2811 85.9746 5
    endloop
  endfacet
  facet normal 0 0 1
    outer loop
      vertex 38.5121 84.5564 5
      vertex 40.2811 85.9746 5
      vertex 40.0849 86.2017 5
    endloop
  endfacet
  facet normal 0 0 1
    outer loop
      vertex 38.5121 84.5564 5
      vertex 40.0849 86.2017 5
      vertex 39.8887 86.4124 5
    endloop
  endfacet
  facet normal 0 0 1
    outer loop
      vertex 38.5121 84.5564 5
      vertex 39.8887 86.4124 5
      vertex 39.6893 86.602 5
    endloop
  endfacet
  facet normal 0 0 1
    outer loop
      vertex 38.5121 84.5564 5
      vertex 39.6893 86.602 5
      vertex 39.4836 86.7658 5
    endloop
  endfacet
  facet normal 0 0 1
    outer loop
      vertex 38.5121 84.5564 5
      vertex 39.4836 86.7658 5
      vertex 39.2716 86.9037 5
    endloop
  endfacet
  facet normal 0 0 1
    outer loop
      vertex 37.3823 85.8713 5
      vertex 39.2716 86.9037 5
      vertex 39.0469 87.0079 5
    endloop
  endfacet
  facet normal 0 0 1
    outer loop
      vertex 37.3823 85.8713 5
      vertex 39.0469 87.0079 5
      vertex 38.8032 87.0704 5
    endloop
  endfacet
  facet normal 0 0 1
    outer loop
      vertex 37.3823 85.8713 5
      vertex 38.8032 87.0704 5
      vertex 38.5406 87.0913 5
    endloop
  endfacet
  facet normal 0 0 1
    outer loop
      vertex 41.1157 84.9694 5
      vertex 38.5121 84.5564 5
      vertex 38.4314 83.683 5
    endloop
  endfacet
  facet normal 0 0 1
    outer loop
      vertex 42.1825 84.0153 5
      vertex 38.4314 83.683 5
      vertex 43.5627 81.2873 5
    endloop
  endfacet
  facet normal 0 0 1
    outer loop
      vertex 36.4234 83.2192 5
      vertex 38.4314 83.683 5
      vertex 37.933 83.8008 5
    endloop
  endfacet
  facet normal 0 0 1
    outer loop
      vertex 38.4314 83.683 5
      vertex 36.4234 83.2192 5
      vertex 43.5627 81.2873 5
    endloop
  endfacet
  facet normal 0 0 1
    outer loop
      vertex 37.5074 84.0279 5
      vertex 36.4234 83.2192 5
      vertex 37.933 83.8008 5
    endloop
  endfacet
  facet normal 0 0 1
    outer loop
      vertex 37.1545 84.3641 5
      vertex 36.4234 83.2192 5
      vertex 37.5074 84.0279 5
    endloop
  endfacet
  facet normal 0 0 1
    outer loop
      vertex 36.8908 84.7922 5
      vertex 36.4234 83.2192 5
      vertex 37.1545 84.3641 5
    endloop
  endfacet
  facet normal 0 0 1
    outer loop
      vertex 36.7325 85.2945 5
      vertex 36.4234 83.2192 5
      vertex 36.8908 84.7922 5
    endloop
  endfacet
  facet normal 0 0 1
    outer loop
      vertex 36.4234 83.2192 5
      vertex 36.7325 85.2945 5
      vertex 36.6798 85.8713 5
    endloop
  endfacet
  facet normal 0 0 1
    outer loop
      vertex 46.1738 71.2047 5
      vertex 43.337 71.2623 5
      vertex 45.6912 70.7609 5
    endloop
  endfacet
  facet normal 0 0 1
    outer loop
      vertex 45.6912 70.7609 5
      vertex 43.5063 70.7022 5
      vertex 45.4016 70.1794 5
    endloop
  endfacet
  facet normal 0 -0 1
    outer loop
      vertex 43.5063 70.7022 5
      vertex 45.6912 70.7609 5
      vertex 43.337 71.2623 5
    endloop
  endfacet
  facet normal 0 0 1
    outer loop
      vertex 42.6698 72.0377 5
      vertex 43.4678 75.9785 5
      vertex 42.7416 75.9785 5
    endloop
  endfacet
  facet normal 0 0 1
    outer loop
      vertex 43.4678 75.9785 5
      vertex 42.6698 72.0377 5
      vertex 43.0548 71.7106 5
    endloop
  endfacet
  facet normal 0 0 1
    outer loop
      vertex 39.558 70.5561 5
      vertex 37.4168 70.3633 5
      vertex 39.66 70.193 5
    endloop
  endfacet
  facet normal 0 -0 1
    outer loop
      vertex 37.4145 69.6302 5
      vertex 39.66 70.193 5
      vertex 37.3823 69.9828 5
    endloop
  endfacet
  facet normal 0 0 1
    outer loop
      vertex 37.4168 70.3633 5
      vertex 38.208 71.2009 5
      vertex 37.9256 71.0956 5
    endloop
  endfacet
  facet normal 0 0 1
    outer loop
      vertex 39.694 69.7597 5
      vertex 37.4145 69.6302 5
      vertex 38.1634 68.7336 5
    endloop
  endfacet
  facet normal 0 0 1
    outer loop
      vertex 37.5205 70.6758 5
      vertex 37.9256 71.0956 5
      vertex 37.6932 70.9203 5
    endloop
  endfacet
  facet normal 0 0 1
    outer loop
      vertex 39.694 69.7597 5
      vertex 38.1634 68.7336 5
      vertex 38.4884 68.6632 5
    endloop
  endfacet
  facet normal 0 0 1
    outer loop
      vertex 37.9256 71.0956 5
      vertex 37.5205 70.6758 5
      vertex 37.4168 70.3633 5
    endloop
  endfacet
  facet normal -0 -0 1
    outer loop
      vertex 37.511 69.3256 5
      vertex 38.1634 68.7336 5
      vertex 37.4145 69.6302 5
    endloop
  endfacet
  facet normal 0 0 1
    outer loop
      vertex 39.66 70.193 5
      vertex 37.4168 70.3633 5
      vertex 37.3823 69.9828 5
    endloop
  endfacet
  facet normal 0 0 1
    outer loop
      vertex 38.1634 68.7336 5
      vertex 37.511 69.3256 5
      vertex 37.8913 68.8689 5
    endloop
  endfacet
  facet normal 0 0 1
    outer loop
      vertex 37.8913 68.8689 5
      vertex 37.511 69.3256 5
      vertex 37.6719 69.069 5
    endloop
  endfacet
  facet normal 0 0 1
    outer loop
      vertex 37.416 86.2262 5
      vertex 38.5406 87.0913 5
      vertex 38.2009 87.0554 5
    endloop
  endfacet
  facet normal 0 0 1
    outer loop
      vertex 39.2716 86.9037 5
      vertex 37.3823 85.8713 5
      vertex 38.5121 84.5564 5
    endloop
  endfacet
  facet normal 0 0 1
    outer loop
      vertex 37.5173 86.5253 5
      vertex 38.2009 87.0554 5
      vertex 37.9161 86.9478 5
    endloop
  endfacet
  facet normal -0 -0 1
    outer loop
      vertex 37.4153 85.5287 5
      vertex 38.5121 84.5564 5
      vertex 37.3823 85.8713 5
    endloop
  endfacet
  facet normal 0 0 1
    outer loop
      vertex 37.5173 86.5253 5
      vertex 37.9161 86.9478 5
      vertex 37.6861 86.7684 5
    endloop
  endfacet
  facet normal 0 0 1
    outer loop
      vertex 38.5121 84.5564 5
      vertex 37.4153 85.5287 5
      vertex 38.1811 84.63 5
    endloop
  endfacet
  facet normal 0 0 1
    outer loop
      vertex 38.2009 87.0554 5
      vertex 37.5173 86.5253 5
      vertex 37.416 86.2262 5
    endloop
  endfacet
  facet normal -0 -0 1
    outer loop
      vertex 37.5142 85.2289 5
      vertex 38.1811 84.63 5
      vertex 37.4153 85.5287 5
    endloop
  endfacet
  facet normal 0 0 1
    outer loop
      vertex 38.5406 87.0913 5
      vertex 37.416 86.2262 5
      vertex 37.3823 85.8713 5
    endloop
  endfacet
  facet normal 0 0 1
    outer loop
      vertex 38.1811 84.63 5
      vertex 37.5142 85.2289 5
      vertex 37.9034 84.7684 5
    endloop
  endfacet
  facet normal 0 0 1
    outer loop
      vertex 37.9034 84.7684 5
      vertex 37.5142 85.2289 5
      vertex 37.679 84.9717 5
    endloop
  endfacet
  facet normal -0 0 1
    outer loop
      vertex 36.7795 90.601 5
      vertex 38.8823 89.6183 5
      vertex 38.8823 90.6959 5
    endloop
  endfacet
  facet normal 0 0 1
    outer loop
      vertex 38.8823 89.6183 5
      vertex 36.7795 90.601 5
      vertex 36.7795 89.7227 5
    endloop
  endfacet
  facet normal -0 0 1
    outer loop
      vertex 36.7795 109.274 5
      vertex 38.8823 108.292 5
      vertex 38.8823 109.369 5
    endloop
  endfacet
  facet normal 0 0 1
    outer loop
      vertex 38.8823 108.292 5
      vertex 36.7795 109.274 5
      vertex 36.7795 108.396 5
    endloop
  endfacet
  facet normal 0 0 1
    outer loop
      vertex 41.0997 104.83 5
      vertex 38.8823 107.623 5
      vertex 40.5158 105.041 5
    endloop
  endfacet
  facet normal 0 0 1
    outer loop
      vertex 40.5158 105.041 5
      vertex 38.8823 107.623 5
      vertex 39.9267 105.3 5
    endloop
  endfacet
  facet normal 0 0 1
    outer loop
      vertex 39.9267 105.3 5
      vertex 38.8823 107.623 5
      vertex 39.2595 105.648 5
    endloop
  endfacet
  facet normal 0 0 1
    outer loop
      vertex 38.8823 107.623 5
      vertex 38.4414 106.131 5
      vertex 39.2595 105.648 5
    endloop
  endfacet
  facet normal 0 0 1
    outer loop
      vertex 38.8823 107.623 5
      vertex 37.4725 106.747 5
      vertex 38.4414 106.131 5
    endloop
  endfacet
  facet normal -0 0 1
    outer loop
      vertex 36.7795 107.523 5
      vertex 37.4725 106.747 5
      vertex 38.8823 107.623 5
    endloop
  endfacet
  facet normal 0 0 1
    outer loop
      vertex 37.4725 106.747 5
      vertex 36.7795 107.523 5
      vertex 36.7795 106.747 5
    endloop
  endfacet
  facet normal 0 0 1
    outer loop
      vertex 39.7985 87.4771 5
      vertex 38.8823 88.949 5
      vertex 39.5421 87.6535 5
    endloop
  endfacet
  facet normal 0 0 1
    outer loop
      vertex 39.5421 87.6535 5
      vertex 38.8823 88.949 5
      vertex 39.2858 87.7914 5
    endloop
  endfacet
  facet normal 0 0 1
    outer loop
      vertex 39.2858 87.7914 5
      vertex 38.8823 88.949 5
      vertex 39.0289 87.8903 5
    endloop
  endfacet
  facet normal 0 0 1
    outer loop
      vertex 38.8823 88.949 5
      vertex 38.771 87.9496 5
      vertex 39.0289 87.8903 5
    endloop
  endfacet
  facet normal 0 0 1
    outer loop
      vertex 38.8823 88.949 5
      vertex 38.5121 87.9694 5
      vertex 38.771 87.9496 5
    endloop
  endfacet
  facet normal 0 0 1
    outer loop
      vertex 38.8823 88.949 5
      vertex 37.9712 87.909 5
      vertex 38.5121 87.9694 5
    endloop
  endfacet
  facet normal -0 0 1
    outer loop
      vertex 36.7795 88.8494 5
      vertex 37.9712 87.909 5
      vertex 38.8823 88.949 5
    endloop
  endfacet
  facet normal 0 0 1
    outer loop
      vertex 37.9712 87.909 5
      vertex 36.7795 88.8494 5
      vertex 37.5194 87.7278 5
    endloop
  endfacet
  facet normal 0 0 1
    outer loop
      vertex 37.5194 87.7278 5
      vertex 36.7795 88.8494 5
      vertex 37.1568 87.4259 5
    endloop
  endfacet
  facet normal 0 0 1
    outer loop
      vertex 36.7795 88.8494 5
      vertex 36.8918 87.0116 5
      vertex 37.1568 87.4259 5
    endloop
  endfacet
  facet normal 0 0 1
    outer loop
      vertex 36.8918 87.0116 5
      vertex 36.7795 88.8494 5
      vertex 36.7328 86.4934 5
    endloop
  endfacet
  facet normal 0 0 1
    outer loop
      vertex 38.6735 76.1731 5
      vertex 38.4504 72.1142 5
      vertex 38.851 72.0744 5
    endloop
  endfacet
  facet normal -0 0 1
    outer loop
      vertex 37.8665 76.1731 5
      vertex 38.4504 72.1142 5
      vertex 38.6735 76.1731 5
    endloop
  endfacet
  facet normal 0 0 1
    outer loop
      vertex 38.4504 72.1142 5
      vertex 37.8665 76.1731 5
      vertex 37.9343 72.0522 5
    endloop
  endfacet
  facet normal 0 0 1
    outer loop
      vertex 37.8665 76.1731 5
      vertex 37.4999 71.8663 5
      vertex 37.9343 72.0522 5
    endloop
  endfacet
  facet normal 0 0 1
    outer loop
      vertex 37.8665 76.1731 5
      vertex 37.1474 71.5564 5
      vertex 37.4999 71.8663 5
    endloop
  endfacet
  facet normal 0 0 1
    outer loop
      vertex 36.7795 77.7538 5
      vertex 37.1474 71.5564 5
      vertex 37.8665 76.1731 5
    endloop
  endfacet
  facet normal 0 0 1
    outer loop
      vertex 37.1474 71.5564 5
      vertex 36.7795 77.7538 5
      vertex 36.8876 71.1347 5
    endloop
  endfacet
  facet normal 0 0 1
    outer loop
      vertex 36.8876 71.1347 5
      vertex 36.7795 77.7538 5
      vertex 36.7317 70.6133 5
    endloop
  endfacet
  facet normal 0 0 1
    outer loop
      vertex 40.3301 96.8654 5
      vertex 38.3317 98.1376 5
      vertex 38.3317 95.5838 5
    endloop
  endfacet
  facet normal 0 0 1
    outer loop
      vertex 49.8099 63.8999 5
      vertex 51.4997 63.9996 5
      vertex 51.4238 64.4532 5
    endloop
  endfacet
  facet normal 0 0 1
    outer loop
      vertex 49.7811 64.257 5
      vertex 51.4238 64.4532 5
      vertex 51.1959 64.833 5
    endloop
  endfacet
  facet normal 0 0 1
    outer loop
      vertex 51.4997 63.9996 5
      vertex 49.8099 63.8999 5
      vertex 51.4069 63.4859 5
    endloop
  endfacet
  facet normal 0 0 1
    outer loop
      vertex 49.7811 64.257 5
      vertex 51.1959 64.833 5
      vertex 50.8162 65.1389 5
    endloop
  endfacet
  facet normal 0 0 1
    outer loop
      vertex 51.4069 63.4859 5
      vertex 49.8099 63.8999 5
      vertex 51.1284 63.1093 5
    endloop
  endfacet
  facet normal 0 0 1
    outer loop
      vertex 49.6949 64.594 5
      vertex 50.8162 65.1389 5
      vertex 50.2956 65.3651 5
    endloop
  endfacet
  facet normal -0 0 1
    outer loop
      vertex 47.2988 82.9786 5
      vertex 51.3669 82.784 5
      vertex 51.3669 84.4881 5
    endloop
  endfacet
  facet normal 0 0 1
    outer loop
      vertex 46.957 79.3056 5
      vertex 51.3669 82.784 5
      vertex 47.2988 82.9786 5
    endloop
  endfacet
  facet normal 0 -0 1
    outer loop
      vertex 47.2988 82.9786 5
      vertex 51.3669 84.4881 5
      vertex 46.2213 84.4881 5
    endloop
  endfacet
  facet normal 0 0 1
    outer loop
      vertex 52.0931 78.4607 5
      vertex 49.9855 77.0793 5
      vertex 52.0931 75.6885 5
    endloop
  endfacet
  facet normal -0 0 1
    outer loop
      vertex 51.3669 82.784 5
      vertex 52.0931 79.4148 5
      vertex 52.0931 82.784 5
    endloop
  endfacet
  facet normal 0 0 1
    outer loop
      vertex 52.0931 79.4148 5
      vertex 51.3669 82.784 5
      vertex 49.4444 77.5635 5
    endloop
  endfacet
  facet normal 0 0 1
    outer loop
      vertex 52.0931 89.0564 5
      vertex 51.3669 86.9755 5
      vertex 52.0931 86.9755 5
    endloop
  endfacet
  facet normal 0 0 1
    outer loop
      vertex 51.2237 89.1168 5
      vertex 51.3669 86.9755 5
      vertex 52.0931 89.0564 5
    endloop
  endfacet
  facet normal 0 0 1
    outer loop
      vertex 50.3241 89.298 5
      vertex 51.3669 86.9755 5
      vertex 51.2237 89.1168 5
    endloop
  endfacet
  facet normal 0 0 1
    outer loop
      vertex 49.3946 89.5999 5
      vertex 51.3669 86.9755 5
      vertex 50.3241 89.298 5
    endloop
  endfacet
  facet normal -0 0 1
    outer loop
      vertex 46.131 87.8222 5
      vertex 51.3669 86.9755 5
      vertex 49.3946 89.5999 5
    endloop
  endfacet
  facet normal 0 0 1
    outer loop
      vertex 46.131 87.8222 5
      vertex 49.3946 89.5999 5
      vertex 48.4022 90.0432 5
    endloop
  endfacet
  facet normal 0 0 1
    outer loop
      vertex 46.131 87.8222 5
      vertex 48.4022 90.0432 5
      vertex 47.3144 90.6484 5
    endloop
  endfacet
  facet normal 0 0 1
    outer loop
      vertex 46.131 87.8222 5
      vertex 47.3144 90.6484 5
      vertex 46.131 91.4156 5
    endloop
  endfacet
  facet normal 0 0 1
    outer loop
      vertex 51.3669 86.9755 5
      vertex 46.131 87.8222 5
      vertex 51.3669 85.3474 5
    endloop
  endfacet
  facet normal 0 0 1
    outer loop
      vertex 45.4048 85.3474 5
      vertex 46.131 87.8222 5
      vertex 45.4048 87.8222 5
    endloop
  endfacet
  facet normal 0 0 1
    outer loop
      vertex 46.131 87.8222 5
      vertex 45.4048 85.3474 5
      vertex 51.3669 85.3474 5
    endloop
  endfacet
  facet normal 0 0 1
    outer loop
      vertex 52.0931 94.3367 5
      vertex 51.4829 89.9722 5
      vertex 52.0931 89.9488 5
    endloop
  endfacet
  facet normal 0 0 1
    outer loop
      vertex 51.2237 94.3971 5
      vertex 51.4829 89.9722 5
      vertex 52.0931 94.3367 5
    endloop
  endfacet
  facet normal 0 0 1
    outer loop
      vertex 51.2237 94.3971 5
      vertex 50.8864 90.0427 5
      vertex 51.4829 89.9722 5
    endloop
  endfacet
  facet normal 0 0 1
    outer loop
      vertex 49.725 90.3243 5
      vertex 51.2237 94.3971 5
      vertex 50.3241 94.5782 5
    endloop
  endfacet
  facet normal 0 0 1
    outer loop
      vertex 51.2237 94.3971 5
      vertex 50.3036 90.16 5
      vertex 50.8864 90.0427 5
    endloop
  endfacet
  facet normal 0 0 1
    outer loop
      vertex 51.2237 94.3971 5
      vertex 49.725 90.3243 5
      vertex 50.3036 90.16 5
    endloop
  endfacet
  facet normal 0 0 1
    outer loop
      vertex 48.552 90.7937 5
      vertex 50.3241 94.5782 5
      vertex 49.3946 94.8802 5
    endloop
  endfacet
  facet normal 0 0 1
    outer loop
      vertex 50.3241 94.5782 5
      vertex 49.1411 90.5356 5
      vertex 49.725 90.3243 5
    endloop
  endfacet
  facet normal 0 0 1
    outer loop
      vertex 50.3241 94.5782 5
      vertex 48.552 90.7937 5
      vertex 49.1411 90.5356 5
    endloop
  endfacet
  facet normal 0 0 1
    outer loop
      vertex 47.0667 91.625 5
      vertex 49.3946 94.8802 5
      vertex 48.4022 95.3235 5
    endloop
  endfacet
  facet normal 0 0 1
    outer loop
      vertex 49.3946 94.8802 5
      vertex 47.8848 91.1424 5
      vertex 48.552 90.7937 5
    endloop
  endfacet
  facet normal 0 0 1
    outer loop
      vertex 46.131 93.1024 5
      vertex 48.4022 95.3235 5
      vertex 47.3144 95.9287 5
    endloop
  endfacet
  facet normal 0 0 1
    outer loop
      vertex 49.3946 94.8802 5
      vertex 47.0667 91.625 5
      vertex 47.8848 91.1424 5
    endloop
  endfacet
  facet normal 0 0 1
    outer loop
      vertex 46.131 93.1024 5
      vertex 47.3144 95.9287 5
      vertex 46.131 96.6958 5
    endloop
  endfacet
  facet normal 0 0 1
    outer loop
      vertex 48.4022 95.3235 5
      vertex 46.131 93.1024 5
      vertex 47.0667 91.625 5
    endloop
  endfacet
  facet normal 0 0 1
    outer loop
      vertex 46.131 93.1024 5
      vertex 46.0978 92.2415 5
      vertex 47.0667 91.625 5
    endloop
  endfacet
  facet normal -0 0 1
    outer loop
      vertex 45.4048 93.1024 5
      vertex 46.0978 92.2415 5
      vertex 46.131 93.1024 5
    endloop
  endfacet
  facet normal 0 0 1
    outer loop
      vertex 46.0978 92.2415 5
      vertex 45.4048 93.1024 5
      vertex 45.4048 92.2415 5
    endloop
  endfacet
  facet normal 0 0 1
    outer loop
      vertex 52.0931 98.772 5
      vertex 51.4829 95.2525 5
      vertex 52.0931 95.229 5
    endloop
  endfacet
  facet normal -0 0 1
    outer loop
      vertex 51.0535 98.772 5
      vertex 51.4829 95.2525 5
      vertex 52.0931 98.772 5
    endloop
  endfacet
  facet normal 0 0 1
    outer loop
      vertex 51.4829 95.2525 5
      vertex 51.0535 98.772 5
      vertex 50.8864 95.3229 5
    endloop
  endfacet
  facet normal -0 0 1
    outer loop
      vertex 51.9623 102.005 5
      vertex 52.0931 99.6976 5
      vertex 52.1316 102.565 5
    endloop
  endfacet
  facet normal -0 0 1
    outer loop
      vertex 51.6801 101.55 5
      vertex 52.0931 99.6976 5
      vertex 51.9623 102.005 5
    endloop
  endfacet
  facet normal -0 0 1
    outer loop
      vertex 51.294 101.214 5
      vertex 52.0931 99.6976 5
      vertex 51.6801 101.55 5
    endloop
  endfacet
  facet normal 0 0 1
    outer loop
      vertex 51.294 101.214 5
      vertex 51.0535 99.6976 5
      vertex 52.0931 99.6976 5
    endloop
  endfacet
  facet normal 0 0 1
    outer loop
      vertex 49.8236 100.986 5
      vertex 51.0535 98.772 5
      vertex 51.0535 99.6976 5
    endloop
  endfacet
  facet normal -0 0 1
    outer loop
      vertex 50.813 101.012 5
      vertex 51.0535 99.6976 5
      vertex 51.294 101.214 5
    endloop
  endfacet
  facet normal -0 0 1
    outer loop
      vertex 50.2371 100.945 5
      vertex 51.0535 99.6976 5
      vertex 50.813 101.012 5
    endloop
  endfacet
  facet normal 0 0 1
    outer loop
      vertex 51.0535 98.772 5
      vertex 50.3036 95.4403 5
      vertex 50.8864 95.3229 5
    endloop
  endfacet
  facet normal 0 0 1
    outer loop
      vertex 49.8236 100.986 5
      vertex 51.0535 99.6976 5
      vertex 50.2371 100.945 5
    endloop
  endfacet
  facet normal 0 0 1
    outer loop
      vertex 51.0535 98.772 5
      vertex 49.8236 100.986 5
      vertex 49.4565 101.111 5
    endloop
  endfacet
  facet normal 0 0 1
    outer loop
      vertex 51.0535 98.772 5
      vertex 49.725 95.6046 5
      vertex 50.3036 95.4403 5
    endloop
  endfacet
  facet normal 0 0 1
    outer loop
      vertex 47.0667 96.9053 5
      vertex 51.0535 98.772 5
      vertex 49.4565 101.111 5
    endloop
  endfacet
  facet normal 0 0 1
    outer loop
      vertex 51.0535 98.772 5
      vertex 49.1411 95.8158 5
      vertex 49.725 95.6046 5
    endloop
  endfacet
  facet normal -0 0 1
    outer loop
      vertex 47.7192 101.242 5
      vertex 49.4565 101.111 5
      vertex 49.1358 101.32 5
    endloop
  endfacet
  facet normal -0 0 1
    outer loop
      vertex 48.0203 101.417 5
      vertex 49.1358 101.32 5
      vertex 48.8774 101.593 5
    endloop
  endfacet
  facet normal -0 0 1
    outer loop
      vertex 48.2719 101.653 5
      vertex 48.8774 101.593 5
      vertex 48.697 101.912 5
    endloop
  endfacet
  facet normal -0 0 1
    outer loop
      vertex 48.457 101.94 5
      vertex 48.697 101.912 5
      vertex 48.5947 102.279 5
    endloop
  endfacet
  facet normal 0 0 1
    outer loop
      vertex 48.457 101.94 5
      vertex 48.5947 102.279 5
      vertex 48.5757 102.279 5
    endloop
  endfacet
  facet normal 0 0 1
    outer loop
      vertex 48.2719 101.653 5
      vertex 48.697 101.912 5
      vertex 48.457 101.94 5
    endloop
  endfacet
  facet normal 0 0 1
    outer loop
      vertex 48.8774 101.593 5
      vertex 48.2719 101.653 5
      vertex 48.0203 101.417 5
    endloop
  endfacet
  facet normal 0 0 1
    outer loop
      vertex 49.1358 101.32 5
      vertex 48.0203 101.417 5
      vertex 47.7192 101.242 5
    endloop
  endfacet
  facet normal 0 0 1
    outer loop
      vertex 51.0535 98.772 5
      vertex 48.552 96.074 5
      vertex 49.1411 95.8158 5
    endloop
  endfacet
  facet normal 0 0 1
    outer loop
      vertex 51.0535 98.772 5
      vertex 47.8848 96.4226 5
      vertex 48.552 96.074 5
    endloop
  endfacet
  facet normal 0 0 1
    outer loop
      vertex 49.4565 101.111 5
      vertex 47.7192 101.242 5
      vertex 47.0667 96.9053 5
    endloop
  endfacet
  facet normal 0 0 1
    outer loop
      vertex 47.0667 96.9053 5
      vertex 47.7192 101.242 5
      vertex 47.3853 101.136 5
    endloop
  endfacet
  facet normal 0 0 1
    outer loop
      vertex 51.0535 98.772 5
      vertex 47.0667 96.9053 5
      vertex 47.8848 96.4226 5
    endloop
  endfacet
  facet normal 0 0 1
    outer loop
      vertex 46.0978 97.5218 5
      vertex 47.3853 101.136 5
      vertex 47.0187 101.101 5
    endloop
  endfacet
  facet normal 0 0 1
    outer loop
      vertex 46.0978 97.5218 5
      vertex 47.0187 101.101 5
      vertex 46.5414 101.165 5
    endloop
  endfacet
  facet normal 0 0 1
    outer loop
      vertex 45.4048 97.5218 5
      vertex 46.5414 101.165 5
      vertex 46.1285 101.356 5
    endloop
  endfacet
  facet normal 0 0 1
    outer loop
      vertex 47.3853 101.136 5
      vertex 46.0978 97.5218 5
      vertex 47.0667 96.9053 5
    endloop
  endfacet
  facet normal 0 0 1
    outer loop
      vertex 43.4678 99.2009 5
      vertex 46.1285 101.356 5
      vertex 45.7798 101.673 5
    endloop
  endfacet
  facet normal 0 0 1
    outer loop
      vertex 43.4678 99.2009 5
      vertex 45.7798 101.673 5
      vertex 45.5161 102.098 5
    endloop
  endfacet
  facet normal 0 0 1
    outer loop
      vertex 46.5414 101.165 5
      vertex 45.4048 97.5218 5
      vertex 46.0978 97.5218 5
    endloop
  endfacet
  facet normal 0 0 1
    outer loop
      vertex 43.4678 99.2009 5
      vertex 45.5161 102.098 5
      vertex 43.4678 103.562 5
    endloop
  endfacet
  facet normal 0 0 1
    outer loop
      vertex 46.1285 101.356 5
      vertex 43.4678 99.2009 5
      vertex 45.4048 97.5218 5
    endloop
  endfacet
  facet normal 0 0 1
    outer loop
      vertex 45.4048 92.2415 5
      vertex 43.5627 81.2873 5
      vertex 45.4048 87.8222 5
    endloop
  endfacet
  facet normal 0 0 1
    outer loop
      vertex 45.4048 87.8222 5
      vertex 43.5627 81.2873 5
      vertex 45.4048 85.3474 5
    endloop
  endfacet
  facet normal 0 0 1
    outer loop
      vertex 45.4048 85.3474 5
      vertex 43.5627 81.2873 5
      vertex 45.4048 84.5594 5
    endloop
  endfacet
  facet normal 0 0 1
    outer loop
      vertex 45.3051 103.209 5
      vertex 43.4678 103.562 5
      vertex 45.3578 102.61 5
    endloop
  endfacet
  facet normal 0 0 1
    outer loop
      vertex 45.3578 102.61 5
      vertex 43.4678 103.562 5
      vertex 45.5161 102.098 5
    endloop
  endfacet
  facet normal 0 0 1
    outer loop
      vertex 45.3568 103.821 5
      vertex 43.4678 103.562 5
      vertex 45.3051 103.209 5
    endloop
  endfacet
  facet normal 0 0 1
    outer loop
      vertex 43.5627 80.5182 5
      vertex 45.4048 84.5594 5
      vertex 43.5627 81.2873 5
    endloop
  endfacet
  facet normal 0 0 1
    outer loop
      vertex 52.0931 117.366 5
      vertex 49.1169 115.244 5
      vertex 52.0931 115.244 5
    endloop
  endfacet
  facet normal -0 0 1
    outer loop
      vertex 48.8368 117.366 5
      vertex 49.1169 115.244 5
      vertex 52.0931 117.366 5
    endloop
  endfacet
  facet normal 0 0 1
    outer loop
      vertex 48.8368 117.366 5
      vertex 48.6485 115.28 5
      vertex 49.1169 115.244 5
    endloop
  endfacet
  facet normal 0 0 1
    outer loop
      vertex 48.2561 115.386 5
      vertex 48.8368 117.366 5
      vertex 48.3911 117.344 5
    endloop
  endfacet
  facet normal 0 0 1
    outer loop
      vertex 48.8368 117.366 5
      vertex 48.2561 115.386 5
      vertex 48.6485 115.28 5
    endloop
  endfacet
  facet normal 0 0 1
    outer loop
      vertex 47.5219 116.426 5
      vertex 48.3911 117.344 5
      vertex 48.0478 117.275 5
    endloop
  endfacet
  facet normal 0 0 1
    outer loop
      vertex 48.3911 117.344 5
      vertex 47.9397 115.562 5
      vertex 48.2561 115.386 5
    endloop
  endfacet
  facet normal 0 0 1
    outer loop
      vertex 47.5536 116.744 5
      vertex 48.0478 117.275 5
      vertex 47.8068 117.162 5
    endloop
  endfacet
  facet normal 0 -0 1
    outer loop
      vertex 47.5683 116.088 5
      vertex 48.3911 117.344 5
      vertex 47.5219 116.426 5
    endloop
  endfacet
  facet normal 0 0 1
    outer loop
      vertex 47.5536 116.744 5
      vertex 47.8068 117.162 5
      vertex 47.6485 116.99 5
    endloop
  endfacet
  facet normal 0 0 1
    outer loop
      vertex 48.3911 117.344 5
      vertex 47.7076 115.8 5
      vertex 47.9397 115.562 5
    endloop
  endfacet
  facet normal 0 0 1
    outer loop
      vertex 48.0478 117.275 5
      vertex 47.5536 116.744 5
      vertex 47.5219 116.426 5
    endloop
  endfacet
  facet normal 0 0 1
    outer loop
      vertex 48.3911 117.344 5
      vertex 47.5683 116.088 5
      vertex 47.7076 115.8 5
    endloop
  endfacet
  facet normal 0 0 1
    outer loop
      vertex 52.0931 120.333 5
      vertex 49.1169 118.211 5
      vertex 52.0931 118.211 5
    endloop
  endfacet
  facet normal -0 0 1
    outer loop
      vertex 48.8368 120.333 5
      vertex 49.1169 118.211 5
      vertex 52.0931 120.333 5
    endloop
  endfacet
  facet normal 0 0 1
    outer loop
      vertex 48.8368 120.333 5
      vertex 48.6461 118.246 5
      vertex 49.1169 118.211 5
    endloop
  endfacet
  facet normal 0 0 1
    outer loop
      vertex 48.2529 118.349 5
      vertex 48.8368 120.333 5
      vertex 48.3911 120.31 5
    endloop
  endfacet
  facet normal 0 0 1
    outer loop
      vertex 48.8368 120.333 5
      vertex 48.2529 118.349 5
      vertex 48.6461 118.246 5
    endloop
  endfacet
  facet normal 0 0 1
    outer loop
      vertex 47.5219 119.393 5
      vertex 48.3911 120.31 5
      vertex 48.0478 120.242 5
    endloop
  endfacet
  facet normal 0 0 1
    outer loop
      vertex 48.3911 120.31 5
      vertex 47.9373 118.522 5
      vertex 48.2529 118.349 5
    endloop
  endfacet
  facet normal 0 0 1
    outer loop
      vertex 47.5536 119.711 5
      vertex 48.0478 120.242 5
      vertex 47.8068 120.129 5
    endloop
  endfacet
  facet normal 0 0 1
    outer loop
      vertex 48.3911 120.31 5
      vertex 47.5219 119.393 5
      vertex 47.5681 119.047 5
    endloop
  endfacet
  facet normal 0 0 1
    outer loop
      vertex 47.5536 119.711 5
      vertex 47.8068 120.129 5
      vertex 47.6485 119.956 5
    endloop
  endfacet
  facet normal 0 0 1
    outer loop
      vertex 48.3911 120.31 5
      vertex 47.5681 119.047 5
      vertex 47.9373 118.522 5
    endloop
  endfacet
  facet normal 0 0 1
    outer loop
      vertex 48.0478 120.242 5
      vertex 47.5536 119.711 5
      vertex 47.5219 119.393 5
    endloop
  endfacet
  facet normal 0 0 1
    outer loop
      vertex 47.9373 118.522 5
      vertex 47.5681 119.047 5
      vertex 47.7065 118.757 5
    endloop
  endfacet
  facet normal 0 0 1
    outer loop
      vertex 52.0931 122.304 5
      vertex 48.6706 121.178 5
      vertex 52.0931 121.178 5
    endloop
  endfacet
  facet normal -0 0 1
    outer loop
      vertex 48.0536 122.304 5
      vertex 48.6706 121.178 5
      vertex 52.0931 122.304 5
    endloop
  endfacet
  facet normal 0 0 1
    outer loop
      vertex 48.6706 121.178 5
      vertex 48.0536 122.304 5
      vertex 48.0883 121.139 5
    endloop
  endfacet
  facet normal -0 0 1
    outer loop
      vertex 47.533 122.3 5
      vertex 48.0883 121.139 5
      vertex 48.0536 122.304 5
    endloop
  endfacet
  facet normal 0 0 1
    outer loop
      vertex 48.0883 121.139 5
      vertex 47.533 122.3 5
      vertex 47.6263 121.021 5
    endloop
  endfacet
  facet normal -0 0 1
    outer loop
      vertex 47.1675 122.291 5
      vertex 47.6263 121.021 5
      vertex 47.533 122.3 5
    endloop
  endfacet
  facet normal -0 0 1
    outer loop
      vertex 46.957 122.275 5
      vertex 47.6263 121.021 5
      vertex 47.1675 122.291 5
    endloop
  endfacet
  facet normal 0 0 1
    outer loop
      vertex 47.6263 121.021 5
      vertex 46.957 122.275 5
      vertex 47.2845 120.824 5
    endloop
  endfacet
  facet normal 0 0 1
    outer loop
      vertex 47.2845 120.824 5
      vertex 46.957 122.275 5
      vertex 47.0499 120.541 5
    endloop
  endfacet
  facet normal 0 0 1
    outer loop
      vertex 47.0499 120.541 5
      vertex 46.957 122.275 5
      vertex 46.909 120.164 5
    endloop
  endfacet
  facet normal 0 0 1
    outer loop
      vertex 52.0931 125.275 5
      vertex 49.1169 123.153 5
      vertex 52.0931 123.153 5
    endloop
  endfacet
  facet normal -0 0 1
    outer loop
      vertex 48.8368 125.275 5
      vertex 49.1169 123.153 5
      vertex 52.0931 125.275 5
    endloop
  endfacet
  facet normal 0 0 1
    outer loop
      vertex 48.8368 125.275 5
      vertex 48.6485 123.189 5
      vertex 49.1169 123.153 5
    endloop
  endfacet
  facet normal 0 0 1
    outer loop
      vertex 48.2561 123.295 5
      vertex 48.8368 125.275 5
      vertex 48.3911 125.252 5
    endloop
  endfacet
  facet normal 0 0 1
    outer loop
      vertex 48.8368 125.275 5
      vertex 48.2561 123.295 5
      vertex 48.6485 123.189 5
    endloop
  endfacet
  facet normal 0 0 1
    outer loop
      vertex 47.5219 124.335 5
      vertex 48.3911 125.252 5
      vertex 48.0478 125.184 5
    endloop
  endfacet
  facet normal 0 0 1
    outer loop
      vertex 48.3911 125.252 5
      vertex 47.9397 123.471 5
      vertex 48.2561 123.295 5
    endloop
  endfacet
  facet normal 0 0 1
    outer loop
      vertex 47.5536 124.653 5
      vertex 48.0478 125.184 5
      vertex 47.8068 125.071 5
    endloop
  endfacet
  facet normal 0 -0 1
    outer loop
      vertex 47.5683 123.997 5
      vertex 48.3911 125.252 5
      vertex 47.5219 124.335 5
    endloop
  endfacet
  facet normal 0 0 1
    outer loop
      vertex 47.5536 124.653 5
      vertex 47.8068 125.071 5
      vertex 47.6485 124.899 5
    endloop
  endfacet
  facet normal 0 0 1
    outer loop
      vertex 48.3911 125.252 5
      vertex 47.7076 123.709 5
      vertex 47.9397 123.471 5
    endloop
  endfacet
  facet normal 0 0 1
    outer loop
      vertex 48.0478 125.184 5
      vertex 47.5536 124.653 5
      vertex 47.5219 124.335 5
    endloop
  endfacet
  facet normal 0 0 1
    outer loop
      vertex 48.3911 125.252 5
      vertex 47.5683 123.997 5
      vertex 47.7076 123.709 5
    endloop
  endfacet
  facet normal 0 0 1
    outer loop
      vertex 52.0931 128.242 5
      vertex 49.1169 126.12 5
      vertex 52.0931 126.12 5
    endloop
  endfacet
  facet normal -0 0 1
    outer loop
      vertex 48.8368 128.242 5
      vertex 49.1169 126.12 5
      vertex 52.0931 128.242 5
    endloop
  endfacet
  facet normal 0 0 1
    outer loop
      vertex 48.8368 128.242 5
      vertex 48.6461 126.155 5
      vertex 49.1169 126.12 5
    endloop
  endfacet
  facet normal 0 0 1
    outer loop
      vertex 48.2529 126.258 5
      vertex 48.8368 128.242 5
      vertex 48.3911 128.219 5
    endloop
  endfacet
  facet normal 0 0 1
    outer loop
      vertex 48.8368 128.242 5
      vertex 48.2529 126.258 5
      vertex 48.6461 126.155 5
    endloop
  endfacet
  facet normal 0 0 1
    outer loop
      vertex 47.5219 127.302 5
      vertex 48.3911 128.219 5
      vertex 48.0478 128.151 5
    endloop
  endfacet
  facet normal 0 0 1
    outer loop
      vertex 48.3911 128.219 5
      vertex 47.9373 126.431 5
      vertex 48.2529 126.258 5
    endloop
  endfacet
  facet normal 0 0 1
    outer loop
      vertex 47.5536 127.62 5
      vertex 48.0478 128.151 5
      vertex 47.8068 128.038 5
    endloop
  endfacet
  facet normal 0 0 1
    outer loop
      vertex 48.3911 128.219 5
      vertex 47.5219 127.302 5
      vertex 47.5681 126.956 5
    endloop
  endfacet
  facet normal 0 0 1
    outer loop
      vertex 47.5536 127.62 5
      vertex 47.8068 128.038 5
      vertex 47.6485 127.865 5
    endloop
  endfacet
  facet normal 0 0 1
    outer loop
      vertex 48.3911 128.219 5
      vertex 47.5681 126.956 5
      vertex 47.9373 126.431 5
    endloop
  endfacet
  facet normal 0 0 1
    outer loop
      vertex 48.0478 128.151 5
      vertex 47.5536 127.62 5
      vertex 47.5219 127.302 5
    endloop
  endfacet
  facet normal 0 0 1
    outer loop
      vertex 47.9373 126.431 5
      vertex 47.5681 126.956 5
      vertex 47.7065 126.666 5
    endloop
  endfacet
  facet normal -0 0 1
    outer loop
      vertex 52.1316 55.5844 5
      vertex 52.188 50.9673 5
      vertex 52.188 56.2476 5
    endloop
  endfacet
  facet normal 0 0 1
    outer loop
      vertex 52.1316 55.5844 5
      vertex 52.1306 51.6445 5
      vertex 52.188 50.9673 5
    endloop
  endfacet
  facet normal -0 0 1
    outer loop
      vertex 51.9623 55.025 5
      vertex 52.1306 51.6445 5
      vertex 52.1316 55.5844 5
    endloop
  endfacet
  facet normal 0 0 1
    outer loop
      vertex 51.9623 55.025 5
      vertex 51.9581 52.2078 5
      vertex 52.1306 51.6445 5
    endloop
  endfacet
  facet normal -0 0 1
    outer loop
      vertex 51.6801 54.5695 5
      vertex 51.9581 52.2078 5
      vertex 51.9623 55.025 5
    endloop
  endfacet
  facet normal 0 0 1
    outer loop
      vertex 51.6801 54.5695 5
      vertex 51.6707 52.6572 5
      vertex 51.9581 52.2078 5
    endloop
  endfacet
  facet normal -0 0 1
    outer loop
      vertex 51.294 54.2333 5
      vertex 51.6707 52.6572 5
      vertex 51.6801 54.5695 5
    endloop
  endfacet
  facet normal 0 0 1
    outer loop
      vertex 51.294 54.2333 5
      vertex 51.2804 52.9842 5
      vertex 51.6707 52.6572 5
    endloop
  endfacet
  facet normal -0 0 1
    outer loop
      vertex 50.813 54.0316 5
      vertex 51.2804 52.9842 5
      vertex 51.294 54.2333 5
    endloop
  endfacet
  facet normal 0 0 1
    outer loop
      vertex 50.813 54.0316 5
      vertex 50.7993 53.1804 5
      vertex 51.2804 52.9842 5
    endloop
  endfacet
  facet normal -0 0 1
    outer loop
      vertex 50.2371 53.9643 5
      vertex 50.7993 53.1804 5
      vertex 50.813 54.0316 5
    endloop
  endfacet
  facet normal 0 0 1
    outer loop
      vertex 50.2371 53.9643 5
      vertex 50.2276 53.2458 5
      vertex 50.7993 53.1804 5
    endloop
  endfacet
  facet normal 0 0 1
    outer loop
      vertex 49.8236 54.006 5
      vertex 50.2276 53.2458 5
      vertex 50.2371 53.9643 5
    endloop
  endfacet
  facet normal 0 0 1
    outer loop
      vertex 49.8236 54.006 5
      vertex 49.8123 53.2062 5
      vertex 50.2276 53.2458 5
    endloop
  endfacet
  facet normal 0 0 1
    outer loop
      vertex 49.4565 54.131 5
      vertex 49.8123 53.2062 5
      vertex 49.8236 54.006 5
    endloop
  endfacet
  facet normal 0 0 1
    outer loop
      vertex 49.4565 54.131 5
      vertex 49.446 53.0876 5
      vertex 49.8123 53.2062 5
    endloop
  endfacet
  facet normal 0 0 1
    outer loop
      vertex 49.1358 54.3393 5
      vertex 49.446 53.0876 5
      vertex 49.4565 54.131 5
    endloop
  endfacet
  facet normal 0 0 1
    outer loop
      vertex 49.1358 54.3393 5
      vertex 49.1287 52.8898 5
      vertex 49.446 53.0876 5
    endloop
  endfacet
  facet normal -0 0 1
    outer loop
      vertex 48.0203 54.4366 5
      vertex 49.1358 54.3393 5
      vertex 48.8774 54.6126 5
    endloop
  endfacet
  facet normal 0 0 1
    outer loop
      vertex 49.1358 54.3393 5
      vertex 48.0203 54.4366 5
      vertex 49.1287 52.8898 5
    endloop
  endfacet
  facet normal -0 0 1
    outer loop
      vertex 48.2719 54.6727 5
      vertex 48.8774 54.6126 5
      vertex 48.697 54.9322 5
    endloop
  endfacet
  facet normal 0 0 1
    outer loop
      vertex 48.0203 54.4366 5
      vertex 48.8774 54.6126 5
      vertex 48.2719 54.6727 5
    endloop
  endfacet
  facet normal -0 0 1
    outer loop
      vertex 48.457 54.9599 5
      vertex 48.697 54.9322 5
      vertex 48.5947 55.2982 5
    endloop
  endfacet
  facet normal 0 0 1
    outer loop
      vertex 48.2719 54.6727 5
      vertex 48.697 54.9322 5
      vertex 48.457 54.9599 5
    endloop
  endfacet
  facet normal 0 0 1
    outer loop
      vertex 48.457 54.9599 5
      vertex 48.5947 55.2982 5
      vertex 48.5757 55.2982 5
    endloop
  endfacet
  facet normal 0 -0 1
    outer loop
      vertex 48.0299 52.7616 5
      vertex 49.1287 52.8898 5
      vertex 48.0203 54.4366 5
    endloop
  endfacet
  facet normal 0 0 1
    outer loop
      vertex 48.5852 51.893 5
      vertex 48.4581 52.2342 5
      vertex 48.5662 51.893 5
    endloop
  endfacet
  facet normal 0 0 1
    outer loop
      vertex 48.692 52.2885 5
      vertex 48.4581 52.2342 5
      vertex 48.5852 51.893 5
    endloop
  endfacet
  facet normal 0 0 1
    outer loop
      vertex 48.692 52.2885 5
      vertex 48.2793 52.5238 5
      vertex 48.4581 52.2342 5
    endloop
  endfacet
  facet normal 0 0 1
    outer loop
      vertex 48.8731 52.6208 5
      vertex 48.2793 52.5238 5
      vertex 48.692 52.2885 5
    endloop
  endfacet
  facet normal 0 0 1
    outer loop
      vertex 48.8731 52.6208 5
      vertex 48.0299 52.7616 5
      vertex 48.2793 52.5238 5
    endloop
  endfacet
  facet normal 0 0 1
    outer loop
      vertex 49.1287 52.8898 5
      vertex 48.0299 52.7616 5
      vertex 48.8731 52.6208 5
    endloop
  endfacet
  facet normal 0 0 1
    outer loop
      vertex 48.0203 54.4366 5
      vertex 47.7286 52.9383 5
      vertex 48.0299 52.7616 5
    endloop
  endfacet
  facet normal -0 0 1
    outer loop
      vertex 47.7192 54.2613 5
      vertex 47.7286 52.9383 5
      vertex 48.0203 54.4366 5
    endloop
  endfacet
  facet normal 0 0 1
    outer loop
      vertex 47.7192 54.2613 5
      vertex 47.3948 53.0443 5
      vertex 47.7286 52.9383 5
    endloop
  endfacet
  facet normal -0 0 1
    outer loop
      vertex 47.3853 54.1561 5
      vertex 47.3948 53.0443 5
      vertex 47.7192 54.2613 5
    endloop
  endfacet
  facet normal 0 0 1
    outer loop
      vertex 47.3853 54.1561 5
      vertex 47.0282 53.0797 5
      vertex 47.3948 53.0443 5
    endloop
  endfacet
  facet normal -0 0 1
    outer loop
      vertex 47.0187 54.121 5
      vertex 47.0282 53.0797 5
      vertex 47.3853 54.1561 5
    endloop
  endfacet
  facet normal 0 0 1
    outer loop
      vertex 46.5414 54.1845 5
      vertex 47.0282 53.0797 5
      vertex 47.0187 54.121 5
    endloop
  endfacet
  facet normal 0 0 1
    outer loop
      vertex 46.5414 54.1845 5
      vertex 46.5361 53.0161 5
      vertex 47.0282 53.0797 5
    endloop
  endfacet
  facet normal 0 0 1
    outer loop
      vertex 46.1285 54.3752 5
      vertex 46.5361 53.0161 5
      vertex 46.5414 54.1845 5
    endloop
  endfacet
  facet normal 0 0 1
    outer loop
      vertex 46.1285 54.3752 5
      vertex 46.1168 52.8254 5
      vertex 46.5361 53.0161 5
    endloop
  endfacet
  facet normal 0 0 1
    outer loop
      vertex 45.7798 54.693 5
      vertex 46.1168 52.8254 5
      vertex 46.1285 54.3752 5
    endloop
  endfacet
  facet normal 0 0 1
    outer loop
      vertex 45.7798 54.693 5
      vertex 45.7703 52.5077 5
      vertex 46.1168 52.8254 5
    endloop
  endfacet
  facet normal 0 0 1
    outer loop
      vertex 45.5161 55.1178 5
      vertex 45.7703 52.5077 5
      vertex 45.7798 54.693 5
    endloop
  endfacet
  facet normal 0 0 1
    outer loop
      vertex 45.5161 55.1178 5
      vertex 45.5119 52.0802 5
      vertex 45.7703 52.5077 5
    endloop
  endfacet
  facet normal 0 0 1
    outer loop
      vertex 45.3578 55.6297 5
      vertex 45.5119 52.0802 5
      vertex 45.5161 55.1178 5
    endloop
  endfacet
  facet normal 0 0 1
    outer loop
      vertex 45.3578 55.6297 5
      vertex 45.3568 51.5604 5
      vertex 45.5119 52.0802 5
    endloop
  endfacet
  facet normal 0 0 1
    outer loop
      vertex 37.4873 68.1489 5
      vertex 45.3578 55.6297 5
      vertex 45.3051 56.2286 5
    endloop
  endfacet
  facet normal 0 0 1
    outer loop
      vertex 45.3578 55.6297 5
      vertex 37.4873 68.1489 5
      vertex 45.3568 51.5604 5
    endloop
  endfacet
  facet normal 0 0 1
    outer loop
      vertex 52.0931 60.6354 5
      vertex 52.188 63.9853 5
      vertex 52.1514 63.4977 5
    endloop
  endfacet
  facet normal 0 0 1
    outer loop
      vertex 52.188 63.9853 5
      vertex 52.0931 60.6354 5
      vertex 52.188 56.2476 5
    endloop
  endfacet
  facet normal -0 0 1
    outer loop
      vertex 52.0931 59.7098 5
      vertex 52.188 56.2476 5
      vertex 52.0931 60.6354 5
    endloop
  endfacet
  facet normal -0 0 1
    outer loop
      vertex 52.0414 63.0792 5
      vertex 52.0931 60.6354 5
      vertex 52.1514 63.4977 5
    endloop
  endfacet
  facet normal -0 0 1
    outer loop
      vertex 51.8581 62.7298 5
      vertex 52.0931 60.6354 5
      vertex 52.0414 63.0792 5
    endloop
  endfacet
  facet normal -0 0 1
    outer loop
      vertex 51.5931 62.4447 5
      vertex 52.0931 60.6354 5
      vertex 51.8581 62.7298 5
    endloop
  endfacet
  facet normal -0 0 1
    outer loop
      vertex 51.2379 62.2193 5
      vertex 52.0931 60.6354 5
      vertex 51.5931 62.4447 5
    endloop
  endfacet
  facet normal 0 0 1
    outer loop
      vertex 51.2379 62.2193 5
      vertex 51.0535 60.6354 5
      vertex 52.0931 60.6354 5
    endloop
  endfacet
  facet normal 0 0 1
    outer loop
      vertex 49.8123 58.4865 5
      vertex 51.0535 59.7098 5
      vertex 51.0535 60.6354 5
    endloop
  endfacet
  facet normal -0 0 1
    outer loop
      vertex 50.7925 62.0534 5
      vertex 51.0535 60.6354 5
      vertex 51.2379 62.2193 5
    endloop
  endfacet
  facet normal 0 0 1
    outer loop
      vertex 48.7366 62.1562 5
      vertex 51.0535 60.6354 5
      vertex 50.7925 62.0534 5
    endloop
  endfacet
  facet normal -0 0 1
    outer loop
      vertex 49.5356 62.8577 5
      vertex 50.7925 62.0534 5
      vertex 50.6643 62.8698 5
    endloop
  endfacet
  facet normal 0 0 1
    outer loop
      vertex 51.4238 64.4532 5
      vertex 49.7811 64.257 5
      vertex 49.8099 63.8999 5
    endloop
  endfacet
  facet normal 0 0 1
    outer loop
      vertex 49.5356 62.8577 5
      vertex 50.6643 62.8698 5
      vertex 49.7413 63.3387 5
    endloop
  endfacet
  facet normal 0 0 1
    outer loop
      vertex 50.7925 62.0534 5
      vertex 49.5356 62.8577 5
      vertex 49.1928 62.4568 5
    endloop
  endfacet
  facet normal 0 0 1
    outer loop
      vertex 50.6643 62.8698 5
      vertex 49.8099 63.8999 5
      vertex 49.7413 63.3387 5
    endloop
  endfacet
  facet normal 0 0 1
    outer loop
      vertex 51.1284 63.1093 5
      vertex 49.8099 63.8999 5
      vertex 50.6643 62.8698 5
    endloop
  endfacet
  facet normal 0 0 1
    outer loop
      vertex 50.8162 65.1389 5
      vertex 49.6949 64.594 5
      vertex 49.7811 64.257 5
    endloop
  endfacet
  facet normal 0 0 1
    outer loop
      vertex 49.5512 64.911 5
      vertex 50.2956 65.3651 5
      vertex 49.6453 65.5059 5
    endloop
  endfacet
  facet normal 0 0 1
    outer loop
      vertex 50.2956 65.3651 5
      vertex 49.5512 64.911 5
      vertex 49.6949 64.594 5
    endloop
  endfacet
  facet normal 0 0 1
    outer loop
      vertex 49.6453 65.5059 5
      vertex 49.36 65.1879 5
      vertex 49.5512 64.911 5
    endloop
  endfacet
  facet normal 0 0 1
    outer loop
      vertex 49.6453 65.5059 5
      vertex 49.1313 65.4047 5
      vertex 49.36 65.1879 5
    endloop
  endfacet
  facet normal 0 -0 1
    outer loop
      vertex 49.1313 65.4047 5
      vertex 49.6453 65.5059 5
      vertex 48.8652 65.5613 5
    endloop
  endfacet
  facet normal -0 0 1
    outer loop
      vertex 52.0905 68.7266 5
      vertex 52.188 63.9853 5
      vertex 52.188 69.4318 5
    endloop
  endfacet
  facet normal 0 0 1
    outer loop
      vertex 52.0905 68.7266 5
      vertex 52.0852 64.7013 5
      vertex 52.188 63.9853 5
    endloop
  endfacet
  facet normal -0 0 1
    outer loop
      vertex 51.7977 68.1491 5
      vertex 52.0852 64.7013 5
      vertex 52.0905 68.7266 5
    endloop
  endfacet
  facet normal 0 0 1
    outer loop
      vertex 51.7977 68.1491 5
      vertex 51.7767 65.2986 5
      vertex 52.0852 64.7013 5
    endloop
  endfacet
  facet normal -0 0 1
    outer loop
      vertex 51.3099 67.6992 5
      vertex 51.7767 65.2986 5
      vertex 51.7977 68.1491 5
    endloop
  endfacet
  facet normal 0 0 1
    outer loop
      vertex 51.3099 67.6992 5
      vertex 51.2624 65.7773 5
      vertex 51.7767 65.2986 5
    endloop
  endfacet
  facet normal -0 0 1
    outer loop
      vertex 50.6348 67.3774 5
      vertex 51.2624 65.7773 5
      vertex 51.3099 67.6992 5
    endloop
  endfacet
  facet normal 0 0 1
    outer loop
      vertex 50.6348 67.3774 5
      vertex 50.5567 66.1267 5
      vertex 51.2624 65.7773 5
    endloop
  endfacet
  facet normal -0 0 1
    outer loop
      vertex 49.7803 67.1844 5
      vertex 50.5567 66.1267 5
      vertex 50.6348 67.3774 5
    endloop
  endfacet
  facet normal 0 0 1
    outer loop
      vertex 49.7803 67.1844 5
      vertex 49.6738 66.3364 5
      vertex 50.5567 66.1267 5
    endloop
  endfacet
  facet normal -0 0 1
    outer loop
      vertex 48.7466 67.12 5
      vertex 49.6738 66.3364 5
      vertex 49.7803 67.1844 5
    endloop
  endfacet
  facet normal 0 0 1
    outer loop
      vertex 48.7466 67.12 5
      vertex 48.6136 66.4063 5
      vertex 49.6738 66.3364 5
    endloop
  endfacet
  facet normal 0 0 1
    outer loop
      vertex 47.6938 67.1825 5
      vertex 48.6136 66.4063 5
      vertex 48.7466 67.12 5
    endloop
  endfacet
  facet normal 0 0 1
    outer loop
      vertex 47.6938 67.1825 5
      vertex 47.6015 66.3425 5
      vertex 48.6136 66.4063 5
    endloop
  endfacet
  facet normal 0 0 1
    outer loop
      vertex 46.8331 67.37 5
      vertex 47.6015 66.3425 5
      vertex 47.6938 67.1825 5
    endloop
  endfacet
  facet normal 0 0 1
    outer loop
      vertex 46.8331 67.37 5
      vertex 46.774 66.151 5
      vertex 47.6015 66.3425 5
    endloop
  endfacet
  facet normal 0 0 1
    outer loop
      vertex 46.1643 67.6826 5
      vertex 46.774 66.151 5
      vertex 46.8331 67.37 5
    endloop
  endfacet
  facet normal 0 0 1
    outer loop
      vertex 46.1643 67.6826 5
      vertex 46.1311 65.8319 5
      vertex 46.774 66.151 5
    endloop
  endfacet
  facet normal 0 0 1
    outer loop
      vertex 45.687 68.1301 5
      vertex 46.1311 65.8319 5
      vertex 46.1643 67.6826 5
    endloop
  endfacet
  facet normal 0 0 1
    outer loop
      vertex 45.687 68.1301 5
      vertex 45.6722 65.3888 5
      vertex 46.1311 65.8319 5
    endloop
  endfacet
  facet normal -0 0 1
    outer loop
      vertex 43.1046 68.4092 5
      vertex 45.687 68.1301 5
      vertex 45.4006 68.7227 5
    endloop
  endfacet
  facet normal 0 0 1
    outer loop
      vertex 42.7505 68.0603 5
      vertex 45.687 68.1301 5
      vertex 43.1046 68.4092 5
    endloop
  endfacet
  facet normal -0 0 1
    outer loop
      vertex 43.5118 69.3987 5
      vertex 45.4006 68.7227 5
      vertex 45.3051 69.4603 5
    endloop
  endfacet
  facet normal 0 0 1
    outer loop
      vertex 45.687 68.1301 5
      vertex 42.7505 68.0603 5
      vertex 45.6722 65.3888 5
    endloop
  endfacet
  facet normal 0 0 1
    outer loop
      vertex 52.0931 95.229 5
      vertex 88.9 177.8 5
      vertex 52.0931 98.772 5
    endloop
  endfacet
  facet normal 0 0 1
    outer loop
      vertex 52.0931 98.772 5
      vertex 52.1316 102.565 5
      vertex 52.0931 99.6976 5
    endloop
  endfacet
  facet normal 0 0 1
    outer loop
      vertex 52.0931 94.3367 5
      vertex 88.9 177.8 5
      vertex 52.0931 95.229 5
    endloop
  endfacet
  facet normal 0 0 1
    outer loop
      vertex 52.0931 89.9488 5
      vertex 88.9 177.8 5
      vertex 52.0931 94.3367 5
    endloop
  endfacet
  facet normal 0 0 1
    outer loop
      vertex 88.9 177.8 5
      vertex 52.0931 89.9488 5
      vertex 88.9 0 5
    endloop
  endfacet
  facet normal -0 0 1
    outer loop
      vertex 52.0931 89.0564 5
      vertex 88.9 0 5
      vertex 52.0931 89.9488 5
    endloop
  endfacet
  facet normal -0 0 1
    outer loop
      vertex 52.0931 86.9755 5
      vertex 88.9 0 5
      vertex 52.0931 89.0564 5
    endloop
  endfacet
  facet normal -0 0 1
    outer loop
      vertex 52.0931 82.784 5
      vertex 88.9 0 5
      vertex 52.0931 86.9755 5
    endloop
  endfacet
  facet normal -0 0 1
    outer loop
      vertex 52.0931 79.4148 5
      vertex 88.9 0 5
      vertex 52.0931 82.784 5
    endloop
  endfacet
  facet normal -0 0 1
    outer loop
      vertex 52.0931 78.4607 5
      vertex 88.9 0 5
      vertex 52.0931 79.4148 5
    endloop
  endfacet
  facet normal -0 0 1
    outer loop
      vertex 52.0931 75.6885 5
      vertex 88.9 0 5
      vertex 52.0931 78.4607 5
    endloop
  endfacet
  facet normal -0 0 1
    outer loop
      vertex 52.0931 74.7676 5
      vertex 88.9 0 5
      vertex 52.0931 75.6885 5
    endloop
  endfacet
  facet normal 0 0 1
    outer loop
      vertex 88.9 0 5
      vertex 52.0931 74.7676 5
      vertex 52.188 69.4318 5
    endloop
  endfacet
  facet normal 0 0 1
    outer loop
      vertex 52.0931 74.7676 5
      vertex 52.0899 70.1383 5
      vertex 52.188 69.4318 5
    endloop
  endfacet
  facet normal 0 0 1
    outer loop
      vertex 52.0931 74.7676 5
      vertex 51.7956 70.7197 5
      vertex 52.0899 70.1383 5
    endloop
  endfacet
  facet normal 0 0 1
    outer loop
      vertex 52.0931 74.7676 5
      vertex 51.3051 71.1762 5
      vertex 51.7956 70.7197 5
    endloop
  endfacet
  facet normal 0 0 1
    outer loop
      vertex 52.0931 74.7676 5
      vertex 50.6284 71.5045 5
      vertex 51.3051 71.1762 5
    endloop
  endfacet
  facet normal 0 0 1
    outer loop
      vertex 52.0931 74.7676 5
      vertex 49.7756 71.7015 5
      vertex 50.6284 71.5045 5
    endloop
  endfacet
  facet normal 0 0 1
    outer loop
      vertex 49.4538 76.5952 5
      vertex 49.7756 71.7015 5
      vertex 52.0931 74.7676 5
    endloop
  endfacet
  facet normal 0 0 1
    outer loop
      vertex 49.4538 76.5952 5
      vertex 48.7466 71.7672 5
      vertex 49.7756 71.7015 5
    endloop
  endfacet
  facet normal -0 0 1
    outer loop
      vertex 46.957 74.853 5
      vertex 48.7466 71.7672 5
      vertex 49.4538 76.5952 5
    endloop
  endfacet
  facet normal 0 0 1
    outer loop
      vertex 48.7466 71.7672 5
      vertex 46.957 74.853 5
      vertex 47.7033 71.7047 5
    endloop
  endfacet
  facet normal 0 0 1
    outer loop
      vertex 47.7033 71.7047 5
      vertex 46.957 74.853 5
      vertex 46.8457 71.5172 5
    endloop
  endfacet
  facet normal 0 0 1
    outer loop
      vertex 52.188 108.494 5
      vertex 52.1306 103.905 5
      vertex 52.188 103.228 5
    endloop
  endfacet
  facet normal -0 0 1
    outer loop
      vertex 52.0905 107.789 5
      vertex 52.1306 103.905 5
      vertex 52.188 108.494 5
    endloop
  endfacet
  facet normal 0 0 1
    outer loop
      vertex 52.0905 107.789 5
      vertex 51.9581 104.468 5
      vertex 52.1306 103.905 5
    endloop
  endfacet
  facet normal -0 0 1
    outer loop
      vertex 51.7977 107.211 5
      vertex 51.9581 104.468 5
      vertex 52.0905 107.789 5
    endloop
  endfacet
  facet normal 0 0 1
    outer loop
      vertex 51.7977 107.211 5
      vertex 51.6707 104.918 5
      vertex 51.9581 104.468 5
    endloop
  endfacet
  facet normal -0 0 1
    outer loop
      vertex 51.3099 106.761 5
      vertex 51.6707 104.918 5
      vertex 51.7977 107.211 5
    endloop
  endfacet
  facet normal 0 0 1
    outer loop
      vertex 51.3099 106.761 5
      vertex 51.2804 105.245 5
      vertex 51.6707 104.918 5
    endloop
  endfacet
  facet normal 0 0 1
    outer loop
      vertex 51.3099 106.761 5
      vertex 50.7993 105.441 5
      vertex 51.2804 105.245 5
    endloop
  endfacet
  facet normal -0 0 1
    outer loop
      vertex 50.6348 106.44 5
      vertex 50.7993 105.441 5
      vertex 51.3099 106.761 5
    endloop
  endfacet
  facet normal 0 0 1
    outer loop
      vertex 50.6348 106.44 5
      vertex 50.2276 105.506 5
      vertex 50.7993 105.441 5
    endloop
  endfacet
  facet normal -0 0 1
    outer loop
      vertex 49.7803 106.247 5
      vertex 50.2276 105.506 5
      vertex 50.6348 106.44 5
    endloop
  endfacet
  facet normal 0 0 1
    outer loop
      vertex 50.2276 105.506 5
      vertex 49.7803 106.247 5
      vertex 49.8123 105.467 5
    endloop
  endfacet
  facet normal 0 0 1
    outer loop
      vertex 49.7803 106.247 5
      vertex 49.446 105.348 5
      vertex 49.8123 105.467 5
    endloop
  endfacet
  facet normal -0 0 1
    outer loop
      vertex 48.7466 106.182 5
      vertex 49.446 105.348 5
      vertex 49.7803 106.247 5
    endloop
  endfacet
  facet normal 0 0 1
    outer loop
      vertex 49.446 105.348 5
      vertex 48.7466 106.182 5
      vertex 49.1287 105.15 5
    endloop
  endfacet
  facet normal 0 0 1
    outer loop
      vertex 48.0299 105.022 5
      vertex 49.1287 105.15 5
      vertex 48.7466 106.182 5
    endloop
  endfacet
  facet normal 0 0 1
    outer loop
      vertex 49.1287 105.15 5
      vertex 48.0299 105.022 5
      vertex 48.8731 104.881 5
    endloop
  endfacet
  facet normal 0 0 1
    outer loop
      vertex 48.8731 104.881 5
      vertex 48.2793 104.784 5
      vertex 48.692 104.549 5
    endloop
  endfacet
  facet normal 0 0 1
    outer loop
      vertex 48.692 104.549 5
      vertex 48.4581 104.495 5
      vertex 48.5852 104.154 5
    endloop
  endfacet
  facet normal 0 0 1
    outer loop
      vertex 48.5852 104.154 5
      vertex 48.4581 104.495 5
      vertex 48.5662 104.154 5
    endloop
  endfacet
  facet normal 0 0 1
    outer loop
      vertex 48.692 104.549 5
      vertex 48.2793 104.784 5
      vertex 48.4581 104.495 5
    endloop
  endfacet
  facet normal 0 0 1
    outer loop
      vertex 48.8731 104.881 5
      vertex 48.0299 105.022 5
      vertex 48.2793 104.784 5
    endloop
  endfacet
  facet normal 0 0 1
    outer loop
      vertex 48.7466 106.182 5
      vertex 47.7286 105.199 5
      vertex 48.0299 105.022 5
    endloop
  endfacet
  facet normal 0 0 1
    outer loop
      vertex 47.6938 106.245 5
      vertex 47.7286 105.199 5
      vertex 48.7466 106.182 5
    endloop
  endfacet
  facet normal 0 0 1
    outer loop
      vertex 47.6938 106.245 5
      vertex 47.3948 105.305 5
      vertex 47.7286 105.199 5
    endloop
  endfacet
  facet normal 0 0 1
    outer loop
      vertex 47.6938 106.245 5
      vertex 47.0282 105.34 5
      vertex 47.3948 105.305 5
    endloop
  endfacet
  facet normal 0 0 1
    outer loop
      vertex 46.8331 106.432 5
      vertex 47.0282 105.34 5
      vertex 47.6938 106.245 5
    endloop
  endfacet
  facet normal 0 0 1
    outer loop
      vertex 46.8331 106.432 5
      vertex 46.5361 105.277 5
      vertex 47.0282 105.34 5
    endloop
  endfacet
  facet normal 0 0 1
    outer loop
      vertex 46.1643 106.745 5
      vertex 46.5361 105.277 5
      vertex 46.8331 106.432 5
    endloop
  endfacet
  facet normal 0 0 1
    outer loop
      vertex 46.1643 106.745 5
      vertex 46.1168 105.086 5
      vertex 46.5361 105.277 5
    endloop
  endfacet
  facet normal 0 0 1
    outer loop
      vertex 46.1643 106.745 5
      vertex 45.7703 104.768 5
      vertex 46.1168 105.086 5
    endloop
  endfacet
  facet normal 0 0 1
    outer loop
      vertex 45.687 107.192 5
      vertex 45.7703 104.768 5
      vertex 46.1643 106.745 5
    endloop
  endfacet
  facet normal 0 0 1
    outer loop
      vertex 43.4678 104.455 5
      vertex 45.7703 104.768 5
      vertex 45.687 107.192 5
    endloop
  endfacet
  facet normal 0 0 1
    outer loop
      vertex 43.4678 104.455 5
      vertex 45.687 107.192 5
      vertex 45.4006 107.785 5
    endloop
  endfacet
  facet normal 0 0 1
    outer loop
      vertex 45.7703 104.768 5
      vertex 43.4678 104.455 5
      vertex 45.5119 104.341 5
    endloop
  endfacet
  facet normal 0 0 1
    outer loop
      vertex 41.6783 104.666 5
      vertex 45.4006 107.785 5
      vertex 45.3051 108.522 5
    endloop
  endfacet
  facet normal 0 0 1
    outer loop
      vertex 45.5119 104.341 5
      vertex 43.4678 104.455 5
      vertex 45.3568 103.821 5
    endloop
  endfacet
  facet normal 0 0 1
    outer loop
      vertex 52.188 103.228 5
      vertex 88.9 177.8 5
      vertex 52.188 108.494 5
    endloop
  endfacet
  facet normal 0 0 1
    outer loop
      vertex 52.0931 128.242 5
      vertex 88.9 177.8 5
      vertex 52.0931 129.087 5
    endloop
  endfacet
  facet normal 0 0 1
    outer loop
      vertex 88.9 177.8 5
      vertex 48.6706 129.087 5
      vertex 52.0931 129.087 5
    endloop
  endfacet
  facet normal 0 0 1
    outer loop
      vertex 88.9 177.8 5
      vertex 48.0883 129.048 5
      vertex 48.6706 129.087 5
    endloop
  endfacet
  facet normal -0 0 1
    outer loop
      vertex 0 177.8 5
      vertex 48.0883 129.048 5
      vertex 88.9 177.8 5
    endloop
  endfacet
  facet normal 0 0 1
    outer loop
      vertex 48.0883 129.048 5
      vertex 0 177.8 5
      vertex 47.6263 128.93 5
    endloop
  endfacet
  facet normal 0 0 1
    outer loop
      vertex 36.7795 110.148 5
      vertex 46.8621 124.634 5
      vertex 46.8621 127.601 5
    endloop
  endfacet
  facet normal 0 0 1
    outer loop
      vertex 46.8621 124.634 5
      vertex 36.7795 110.148 5
      vertex 46.8621 119.692 5
    endloop
  endfacet
  facet normal 0 0 1
    outer loop
      vertex 46.8874 119.352 5
      vertex 36.7795 110.148 5
      vertex 38.8823 110.043 5
    endloop
  endfacet
  facet normal 0 0 1
    outer loop
      vertex 46.8621 116.725 5
      vertex 46.1738 110.267 5
      vertex 46.8457 110.579 5
    endloop
  endfacet
  facet normal 0 0 1
    outer loop
      vertex 46.8621 116.725 5
      vertex 38.8823 110.043 5
      vertex 46.1738 110.267 5
    endloop
  endfacet
  facet normal 0 0 1
    outer loop
      vertex 46.1738 110.267 5
      vertex 38.8823 110.043 5
      vertex 45.6912 109.823 5
    endloop
  endfacet
  facet normal 0 0 1
    outer loop
      vertex 45.6912 109.823 5
      vertex 38.8823 110.043 5
      vertex 45.4016 109.242 5
    endloop
  endfacet
  facet normal 0 0 1
    outer loop
      vertex 43.4678 103.562 5
      vertex 45.3568 103.821 5
      vertex 43.4678 104.455 5
    endloop
  endfacet
  facet normal 0 0 1
    outer loop
      vertex 43.4678 75.9785 5
      vertex 45.4048 84.5594 5
      vertex 43.5627 80.5182 5
    endloop
  endfacet
  facet normal -0 -0 1
    outer loop
      vertex 43.337 71.2623 5
      vertex 46.1738 71.2047 5
      vertex 43.0548 71.7106 5
    endloop
  endfacet
  facet normal 0 0 1
    outer loop
      vertex 45.4016 70.1794 5
      vertex 43.5627 70.0303 5
      vertex 45.3051 69.4603 5
    endloop
  endfacet
  facet normal 0 0 1
    outer loop
      vertex 43.5118 69.3987 5
      vertex 45.3051 69.4603 5
      vertex 43.5627 70.0303 5
    endloop
  endfacet
  facet normal -0 0 1
    outer loop
      vertex 43.4678 98.2468 5
      vertex 45.4048 97.5218 5
      vertex 43.4678 99.2009 5
    endloop
  endfacet
  facet normal -0 0 1
    outer loop
      vertex 38.8823 109.369 5
      vertex 45.4016 109.242 5
      vertex 38.8823 110.043 5
    endloop
  endfacet
  facet normal 0 0 1
    outer loop
      vertex 36.7795 110.148 5
      vertex 46.8621 127.601 5
      vertex 46.909 128.073 5
    endloop
  endfacet
  facet normal 0 0 1
    outer loop
      vertex 45.4016 109.242 5
      vertex 38.8823 109.369 5
      vertex 45.3051 108.522 5
    endloop
  endfacet
  facet normal 0 0 1
    outer loop
      vertex 45.4006 107.785 5
      vertex 42.8576 104.478 5
      vertex 43.4678 104.455 5
    endloop
  endfacet
  facet normal 0 0 1
    outer loop
      vertex 45.4006 107.785 5
      vertex 42.2611 104.548 5
      vertex 42.8576 104.478 5
    endloop
  endfacet
  facet normal 0 0 1
    outer loop
      vertex 45.4006 107.785 5
      vertex 41.6783 104.666 5
      vertex 42.2611 104.548 5
    endloop
  endfacet
  facet normal 0 0 1
    outer loop
      vertex 45.3051 108.522 5
      vertex 41.0997 104.83 5
      vertex 41.6783 104.666 5
    endloop
  endfacet
  facet normal 0 0 1
    outer loop
      vertex 38.8823 108.292 5
      vertex 45.3051 108.522 5
      vertex 38.8823 109.369 5
    endloop
  endfacet
  facet normal 0 0 1
    outer loop
      vertex 38.8823 107.623 5
      vertex 45.3051 108.522 5
      vertex 38.8823 108.292 5
    endloop
  endfacet
  facet normal 0 0 1
    outer loop
      vertex 45.3051 108.522 5
      vertex 38.8823 107.623 5
      vertex 41.0997 104.83 5
    endloop
  endfacet
  facet normal 0 0 1
    outer loop
      vertex 0 177.8 5
      vertex 46.909 128.073 5
      vertex 47.0499 128.45 5
    endloop
  endfacet
  facet normal 0 0 1
    outer loop
      vertex 46.8879 117.087 5
      vertex 38.8823 110.043 5
      vertex 46.8621 116.725 5
    endloop
  endfacet
  facet normal 0 0 1
    outer loop
      vertex 0 177.8 5
      vertex 36.7795 109.274 5
      vertex 36.7795 110.148 5
    endloop
  endfacet
  facet normal 0 0 1
    outer loop
      vertex 36.7795 109.274 5
      vertex 0 177.8 5
      vertex 36.7795 108.396 5
    endloop
  endfacet
  facet normal 0 0 1
    outer loop
      vertex 36.7795 108.396 5
      vertex 0 177.8 5
      vertex 36.7795 107.523 5
    endloop
  endfacet
  facet normal 0 0 1
    outer loop
      vertex 36.7795 107.523 5
      vertex 0 177.8 5
      vertex 36.7795 106.747 5
    endloop
  endfacet
  facet normal 0 0 1
    outer loop
      vertex 36.7795 106.747 5
      vertex 0 177.8 5
      vertex 36.7795 102.328 5
    endloop
  endfacet
  facet normal 0 0 1
    outer loop
      vertex 36.7795 102.328 5
      vertex 0 177.8 5
      vertex 36.7795 91.4743 5
    endloop
  endfacet
  facet normal 0 -0 1
    outer loop
      vertex 36.4234 83.2192 5
      vertex 36.7795 91.4743 5
      vertex 0 177.8 5
    endloop
  endfacet
  facet normal 0 0 1
    outer loop
      vertex 36.7795 91.4743 5
      vertex 36.4234 83.2192 5
      vertex 36.7795 90.601 5
    endloop
  endfacet
  facet normal 0 0 1
    outer loop
      vertex 36.7795 90.601 5
      vertex 36.4234 83.2192 5
      vertex 36.7795 89.7227 5
    endloop
  endfacet
  facet normal 0 0 1
    outer loop
      vertex 36.7795 89.7227 5
      vertex 36.4234 83.2192 5
      vertex 36.7795 88.8494 5
    endloop
  endfacet
  facet normal 0 0 1
    outer loop
      vertex 36.7795 88.8494 5
      vertex 36.6798 85.8713 5
      vertex 36.7328 86.4934 5
    endloop
  endfacet
  facet normal 0 0 1
    outer loop
      vertex 0 0 5
      vertex 36.4234 83.2192 5
      vertex 0 177.8 5
    endloop
  endfacet
  facet normal 0 0 1
    outer loop
      vertex 36.7795 88.8494 5
      vertex 36.4234 83.2192 5
      vertex 36.6798 85.8713 5
    endloop
  endfacet
  facet normal 0 0 1
    outer loop
      vertex 46.909 128.073 5
      vertex 0 177.8 5
      vertex 36.7795 110.148 5
    endloop
  endfacet
  facet normal 0 0 1
    outer loop
      vertex 47.2845 128.733 5
      vertex 0 177.8 5
      vertex 47.0499 128.45 5
    endloop
  endfacet
  facet normal 0 0 1
    outer loop
      vertex 47.6263 128.93 5
      vertex 0 177.8 5
      vertex 47.2845 128.733 5
    endloop
  endfacet
  facet normal 0 0 1
    outer loop
      vertex 52.0931 98.772 5
      vertex 52.188 103.228 5
      vertex 52.1316 102.565 5
    endloop
  endfacet
  facet normal -0 0 1
    outer loop
      vertex 52.188 103.228 5
      vertex 52.0931 98.772 5
      vertex 88.9 177.8 5
    endloop
  endfacet
  facet normal -0 0 1
    outer loop
      vertex 52.188 63.9853 5
      vertex 88.9 0 5
      vertex 52.188 69.4318 5
    endloop
  endfacet
  facet normal -0 0 1
    outer loop
      vertex 52.188 56.2476 5
      vertex 88.9 0 5
      vertex 52.188 63.9853 5
    endloop
  endfacet
  facet normal -0 0 1
    outer loop
      vertex 52.188 50.9673 5
      vertex 88.9 0 5
      vertex 52.188 56.2476 5
    endloop
  endfacet
  facet normal -0 0 1
    outer loop
      vertex 52.1316 50.3041 5
      vertex 88.9 0 5
      vertex 52.188 50.9673 5
    endloop
  endfacet
  facet normal -0 0 1
    outer loop
      vertex 51.9623 49.7447 5
      vertex 88.9 0 5
      vertex 52.1316 50.3041 5
    endloop
  endfacet
  facet normal -0 0 1
    outer loop
      vertex 51.6801 49.2893 5
      vertex 88.9 0 5
      vertex 51.9623 49.7447 5
    endloop
  endfacet
  facet normal -0 0 1
    outer loop
      vertex 51.294 48.953 5
      vertex 88.9 0 5
      vertex 51.6801 49.2893 5
    endloop
  endfacet
  facet normal -0 0 1
    outer loop
      vertex 50.813 48.7513 5
      vertex 88.9 0 5
      vertex 51.294 48.953 5
    endloop
  endfacet
  facet normal -0 0 1
    outer loop
      vertex 50.2371 48.684 5
      vertex 88.9 0 5
      vertex 50.813 48.7513 5
    endloop
  endfacet
  facet normal 0 0 1
    outer loop
      vertex 47.0187 48.8407 5
      vertex 50.2371 48.684 5
      vertex 49.8236 48.7257 5
    endloop
  endfacet
  facet normal 0 0 1
    outer loop
      vertex 47.3853 48.8758 5
      vertex 49.8236 48.7257 5
      vertex 49.4565 48.8507 5
    endloop
  endfacet
  facet normal -0 0 1
    outer loop
      vertex 47.7192 48.981 5
      vertex 49.4565 48.8507 5
      vertex 49.1358 49.059 5
    endloop
  endfacet
  facet normal -0 0 1
    outer loop
      vertex 48.0203 49.1563 5
      vertex 49.1358 49.059 5
      vertex 48.8774 49.3323 5
    endloop
  endfacet
  facet normal 0 0 1
    outer loop
      vertex 48.457 49.6796 5
      vertex 48.5947 50.018 5
      vertex 48.5757 50.018 5
    endloop
  endfacet
  facet normal 0 0 1
    outer loop
      vertex 48.5947 50.018 5
      vertex 48.457 49.6796 5
      vertex 48.697 49.6519 5
    endloop
  endfacet
  facet normal 0 0 1
    outer loop
      vertex 48.2719 49.3924 5
      vertex 48.697 49.6519 5
      vertex 48.457 49.6796 5
    endloop
  endfacet
  facet normal 0 0 1
    outer loop
      vertex 48.697 49.6519 5
      vertex 48.2719 49.3924 5
      vertex 48.8774 49.3323 5
    endloop
  endfacet
  facet normal 0 0 1
    outer loop
      vertex 48.0203 49.1563 5
      vertex 48.8774 49.3323 5
      vertex 48.2719 49.3924 5
    endloop
  endfacet
  facet normal 0 0 1
    outer loop
      vertex 49.1358 49.059 5
      vertex 48.0203 49.1563 5
      vertex 47.7192 48.981 5
    endloop
  endfacet
  facet normal 0 0 1
    outer loop
      vertex 49.4565 48.8507 5
      vertex 47.7192 48.981 5
      vertex 47.3853 48.8758 5
    endloop
  endfacet
  facet normal 0 0 1
    outer loop
      vertex 49.8236 48.7257 5
      vertex 47.3853 48.8758 5
      vertex 47.0187 48.8407 5
    endloop
  endfacet
  facet normal 0 0 1
    outer loop
      vertex 50.2371 48.684 5
      vertex 47.0187 48.8407 5
      vertex 88.9 0 5
    endloop
  endfacet
  facet normal 0 0 1
    outer loop
      vertex 0 0 5
      vertex 47.0187 48.8407 5
      vertex 46.5414 48.9043 5
    endloop
  endfacet
  facet normal 0 0 1
    outer loop
      vertex 0 0 5
      vertex 46.5414 48.9043 5
      vertex 46.1285 49.0949 5
    endloop
  endfacet
  facet normal 0 0 1
    outer loop
      vertex 0 0 5
      vertex 46.1285 49.0949 5
      vertex 45.7798 49.4127 5
    endloop
  endfacet
  facet normal 0 0 1
    outer loop
      vertex 45.4006 68.7227 5
      vertex 43.5118 69.3987 5
      vertex 43.3591 68.8583 5
    endloop
  endfacet
  facet normal 0 0 1
    outer loop
      vertex 45.4006 68.7227 5
      vertex 43.3591 68.8583 5
      vertex 43.1046 68.4092 5
    endloop
  endfacet
  facet normal 0 0 1
    outer loop
      vertex 45.6722 65.3888 5
      vertex 42.7505 68.0603 5
      vertex 45.3969 64.8255 5
    endloop
  endfacet
  facet normal -0 0 1
    outer loop
      vertex 42.2987 67.8206 5
      vertex 45.3969 64.8255 5
      vertex 42.7505 68.0603 5
    endloop
  endfacet
  facet normal -0 0 1
    outer loop
      vertex 41.7494 67.69 5
      vertex 45.3969 64.8255 5
      vertex 42.2987 67.8206 5
    endloop
  endfacet
  facet normal 0 0 1
    outer loop
      vertex 45.3969 64.8255 5
      vertex 41.7494 67.69 5
      vertex 45.3051 64.142 5
    endloop
  endfacet
  facet normal 0 0 1
    outer loop
      vertex 38.4219 67.804 5
      vertex 45.3051 64.142 5
      vertex 41.7494 67.69 5
    endloop
  endfacet
  facet normal 0 0 1
    outer loop
      vertex 45.3051 64.142 5
      vertex 38.4219 67.804 5
      vertex 45.3051 56.2286 5
    endloop
  endfacet
  facet normal 0 0 1
    outer loop
      vertex 37.9145 67.9219 5
      vertex 45.3051 56.2286 5
      vertex 38.4219 67.804 5
    endloop
  endfacet
  facet normal 0 0 1
    outer loop
      vertex 40.7407 70.9915 5
      vertex 41.5928 71.4116 5
      vertex 41.2555 71.3649 5
    endloop
  endfacet
  facet normal 0 0 1
    outer loop
      vertex 42.7236 69.2966 5
      vertex 40.4346 69.7787 5
      vertex 42.328 68.8109 5
    endloop
  endfacet
  facet normal 0 0 1
    outer loop
      vertex 40.7407 70.9915 5
      vertex 41.2555 71.3649 5
      vertex 40.9715 71.2249 5
    endloop
  endfacet
  facet normal -0 0 1
    outer loop
      vertex 40.4346 69.2945 5
      vertex 41.6687 68.573 5
      vertex 40.4346 69.7787 5
    endloop
  endfacet
  facet normal 0 0 1
    outer loop
      vertex 41.5928 71.4116 5
      vertex 40.7407 70.9915 5
      vertex 40.5707 70.6701 5
    endloop
  endfacet
  facet normal 0 0 1
    outer loop
      vertex 42.8201 70.4298 5
      vertex 40.5707 70.6701 5
      vertex 40.4686 70.2658 5
    endloop
  endfacet
  facet normal 0 0 1
    outer loop
      vertex 42.328 68.8109 5
      vertex 40.4346 69.7787 5
      vertex 41.6687 68.573 5
    endloop
  endfacet
  facet normal 0 0 1
    outer loop
      vertex 41.6687 68.573 5
      vertex 40.4346 69.2945 5
      vertex 41.7494 67.69 5
    endloop
  endfacet
  facet normal -0 0 1
    outer loop
      vertex 38.4219 67.804 5
      vertex 41.7494 67.69 5
      vertex 40.4346 69.2945 5
    endloop
  endfacet
  facet normal 0 0 1
    outer loop
      vertex 38.4219 67.804 5
      vertex 40.4346 69.2945 5
      vertex 39.694 69.2945 5
    endloop
  endfacet
  facet normal 0 0 1
    outer loop
      vertex 37.4168 70.3633 5
      vertex 39.558 70.5561 5
      vertex 38.5406 71.236 5
    endloop
  endfacet
  facet normal 0 0 1
    outer loop
      vertex 38.5406 71.236 5
      vertex 39.558 70.5561 5
      vertex 39.3879 70.8491 5
    endloop
  endfacet
  facet normal 0 0 1
    outer loop
      vertex 38.8752 71.193 5
      vertex 39.3879 70.8491 5
      vertex 39.1576 71.064 5
    endloop
  endfacet
  facet normal 0 0 1
    outer loop
      vertex 39.694 69.7597 5
      vertex 38.4884 68.6632 5
      vertex 39.694 69.2945 5
    endloop
  endfacet
  facet normal 0 0 1
    outer loop
      vertex 39.3879 70.8491 5
      vertex 38.8752 71.193 5
      vertex 38.5406 71.236 5
    endloop
  endfacet
  facet normal 0 0 1
    outer loop
      vertex 39.694 69.2945 5
      vertex 38.4884 68.6632 5
      vertex 38.4219 67.804 5
    endloop
  endfacet
  facet normal 0 0 1
    outer loop
      vertex 37.4168 70.3633 5
      vertex 38.5406 71.236 5
      vertex 38.208 71.2009 5
    endloop
  endfacet
  facet normal 0 0 1
    outer loop
      vertex 37.4873 68.1489 5
      vertex 45.3051 56.2286 5
      vertex 37.9145 67.9219 5
    endloop
  endfacet
  facet normal 0 0 1
    outer loop
      vertex 45.3568 51.5604 5
      vertex 37.4873 68.1489 5
      vertex 45.3051 50.9483 5
    endloop
  endfacet
  facet normal 0 0 1
    outer loop
      vertex 37.1402 68.4852 5
      vertex 45.3051 50.9483 5
      vertex 37.4873 68.1489 5
    endloop
  endfacet
  facet normal 0 0 1
    outer loop
      vertex 45.3051 50.9483 5
      vertex 37.1402 68.4852 5
      vertex 45.3578 50.3494 5
    endloop
  endfacet
  facet normal 0 0 1
    outer loop
      vertex 0 0 5
      vertex 45.3578 50.3494 5
      vertex 37.1402 68.4852 5
    endloop
  endfacet
  facet normal 0 0 1
    outer loop
      vertex 0 0 5
      vertex 37.1402 68.4852 5
      vertex 36.8844 68.9132 5
    endloop
  endfacet
  facet normal 0 0 1
    outer loop
      vertex 36.4234 83.2192 5
      vertex 0 0 5
      vertex 36.4234 82.4692 5
    endloop
  endfacet
  facet normal 0 0 1
    outer loop
      vertex 36.4234 82.4692 5
      vertex 0 0 5
      vertex 36.6798 69.9923 5
    endloop
  endfacet
  facet normal 0 0 1
    outer loop
      vertex 36.6798 69.9923 5
      vertex 0 0 5
      vertex 36.7309 69.4156 5
    endloop
  endfacet
  facet normal 0 0 1
    outer loop
      vertex 47.0187 48.8407 5
      vertex 0 0 5
      vertex 88.9 0 5
    endloop
  endfacet
  facet normal 0 0 1
    outer loop
      vertex 45.5161 49.8375 5
      vertex 0 0 5
      vertex 45.7798 49.4127 5
    endloop
  endfacet
  facet normal 0 0 1
    outer loop
      vertex 45.3578 50.3494 5
      vertex 0 0 5
      vertex 45.5161 49.8375 5
    endloop
  endfacet
  facet normal 0 0 1
    outer loop
      vertex 36.7309 69.4156 5
      vertex 0 0 5
      vertex 36.8844 68.9132 5
    endloop
  endfacet
  facet normal 0 0 1
    outer loop
      vertex 52.0931 126.12 5
      vertex 88.9 177.8 5
      vertex 52.0931 128.242 5
    endloop
  endfacet
  facet normal 0 0 1
    outer loop
      vertex 52.0931 125.275 5
      vertex 88.9 177.8 5
      vertex 52.0931 126.12 5
    endloop
  endfacet
  facet normal 0 0 1
    outer loop
      vertex 52.0931 123.153 5
      vertex 88.9 177.8 5
      vertex 52.0931 125.275 5
    endloop
  endfacet
  facet normal 0 0 1
    outer loop
      vertex 52.0931 122.304 5
      vertex 88.9 177.8 5
      vertex 52.0931 123.153 5
    endloop
  endfacet
  facet normal 0 0 1
    outer loop
      vertex 52.0931 121.178 5
      vertex 88.9 177.8 5
      vertex 52.0931 122.304 5
    endloop
  endfacet
  facet normal 0 0 1
    outer loop
      vertex 52.0931 120.333 5
      vertex 88.9 177.8 5
      vertex 52.0931 121.178 5
    endloop
  endfacet
  facet normal 0 0 1
    outer loop
      vertex 52.0931 118.211 5
      vertex 88.9 177.8 5
      vertex 52.0931 120.333 5
    endloop
  endfacet
  facet normal 0 0 1
    outer loop
      vertex 52.0931 117.366 5
      vertex 88.9 177.8 5
      vertex 52.0931 118.211 5
    endloop
  endfacet
  facet normal 0 0 1
    outer loop
      vertex 52.0931 115.244 5
      vertex 88.9 177.8 5
      vertex 52.0931 117.366 5
    endloop
  endfacet
  facet normal 0 0 1
    outer loop
      vertex 52.0931 114.395 5
      vertex 88.9 177.8 5
      vertex 52.0931 115.244 5
    endloop
  endfacet
  facet normal 0 0 1
    outer loop
      vertex 88.9 177.8 5
      vertex 52.0931 114.395 5
      vertex 52.188 108.494 5
    endloop
  endfacet
  facet normal 0 0 1
    outer loop
      vertex 52.0931 114.395 5
      vertex 52.0899 109.2 5
      vertex 52.188 108.494 5
    endloop
  endfacet
  facet normal 0 0 1
    outer loop
      vertex 52.0931 114.395 5
      vertex 51.7956 109.782 5
      vertex 52.0899 109.2 5
    endloop
  endfacet
  facet normal 0 0 1
    outer loop
      vertex 52.0931 114.395 5
      vertex 51.3051 110.238 5
      vertex 51.7956 109.782 5
    endloop
  endfacet
  facet normal 0 0 1
    outer loop
      vertex 52.0931 114.395 5
      vertex 50.6284 110.567 5
      vertex 51.3051 110.238 5
    endloop
  endfacet
  facet normal 0 0 1
    outer loop
      vertex 52.0931 114.395 5
      vertex 49.7756 110.764 5
      vertex 50.6284 110.567 5
    endloop
  endfacet
  facet normal -0 0 1
    outer loop
      vertex 48.0536 114.395 5
      vertex 49.7756 110.764 5
      vertex 52.0931 114.395 5
    endloop
  endfacet
  facet normal 0 0 1
    outer loop
      vertex 49.7756 110.764 5
      vertex 48.0536 114.395 5
      vertex 48.7466 110.829 5
    endloop
  endfacet
  facet normal 0 0 1
    outer loop
      vertex 48.0536 114.395 5
      vertex 47.7033 110.767 5
      vertex 48.7466 110.829 5
    endloop
  endfacet
  facet normal -0 0 1
    outer loop
      vertex 47.533 114.391 5
      vertex 47.7033 110.767 5
      vertex 48.0536 114.395 5
    endloop
  endfacet
  facet normal -0 0 1
    outer loop
      vertex 47.1675 114.382 5
      vertex 47.7033 110.767 5
      vertex 47.533 114.391 5
    endloop
  endfacet
  facet normal -0 0 1
    outer loop
      vertex 46.957 114.366 5
      vertex 47.7033 110.767 5
      vertex 47.1675 114.382 5
    endloop
  endfacet
  facet normal 0 0 1
    outer loop
      vertex 46.8621 116.725 5
      vertex 46.957 114.366 5
      vertex 46.8858 116.401 5
    endloop
  endfacet
  facet normal 0 0 1
    outer loop
      vertex 46.957 114.366 5
      vertex 46.8457 110.579 5
      vertex 47.7033 110.767 5
    endloop
  endfacet
  facet normal 0 0 1
    outer loop
      vertex 46.8457 110.579 5
      vertex 46.957 114.366 5
      vertex 46.8621 116.725 5
    endloop
  endfacet
  facet normal 0 0 1
    outer loop
      vertex 52.188 56.2476 5
      vertex 52.0931 59.7098 5
      vertex 52.1306 56.9248 5
    endloop
  endfacet
  facet normal 0 0 1
    outer loop
      vertex 52.0931 59.7098 5
      vertex 51.9581 57.4881 5
      vertex 52.1306 56.9248 5
    endloop
  endfacet
  facet normal 0 0 1
    outer loop
      vertex 52.0931 59.7098 5
      vertex 51.6707 57.9375 5
      vertex 51.9581 57.4881 5
    endloop
  endfacet
  facet normal 0 0 1
    outer loop
      vertex 52.0931 59.7098 5
      vertex 51.2804 58.2645 5
      vertex 51.6707 57.9375 5
    endloop
  endfacet
  facet normal -0 0 1
    outer loop
      vertex 51.0535 59.7098 5
      vertex 51.2804 58.2645 5
      vertex 52.0931 59.7098 5
    endloop
  endfacet
  facet normal 0 0 1
    outer loop
      vertex 51.2804 58.2645 5
      vertex 51.0535 59.7098 5
      vertex 50.7993 58.4607 5
    endloop
  endfacet
  facet normal 0 0 1
    outer loop
      vertex 47.8352 115.225 5
      vertex 47.6118 115.205 5
      vertex 47.8352 115.211 5
    endloop
  endfacet
  facet normal 0 0 1
    outer loop
      vertex 47.5082 115.418 5
      vertex 47.6118 115.205 5
      vertex 47.8352 115.225 5
    endloop
  endfacet
  facet normal 0 0 1
    outer loop
      vertex 47.5082 115.418 5
      vertex 47.4417 115.2 5
      vertex 47.6118 115.205 5
    endloop
  endfacet
  facet normal 0 0 1
    outer loop
      vertex 47.5082 115.418 5
      vertex 47.3249 115.195 5
      vertex 47.4417 115.2 5
    endloop
  endfacet
  facet normal 0 0 1
    outer loop
      vertex 47.255 115.628 5
      vertex 47.3249 115.195 5
      vertex 47.5082 115.418 5
    endloop
  endfacet
  facet normal 0 0 1
    outer loop
      vertex 47.255 115.628 5
      vertex 47.2382 115.19 5
      vertex 47.3249 115.195 5
    endloop
  endfacet
  facet normal 0 0 1
    outer loop
      vertex 47.255 115.628 5
      vertex 47.1583 115.186 5
      vertex 47.2382 115.19 5
    endloop
  endfacet
  facet normal 0 0 1
    outer loop
      vertex 47.255 115.628 5
      vertex 47.0852 115.183 5
      vertex 47.1583 115.186 5
    endloop
  endfacet
  facet normal 0 0 1
    outer loop
      vertex 46.957 115.173 5
      vertex 47.255 115.628 5
      vertex 47.0757 115.857 5
    endloop
  endfacet
  facet normal 0 0 1
    outer loop
      vertex 47.255 115.628 5
      vertex 47.0245 115.179 5
      vertex 47.0852 115.183 5
    endloop
  endfacet
  facet normal 0 0 1
    outer loop
      vertex 47.255 115.628 5
      vertex 46.9818 115.176 5
      vertex 47.0245 115.179 5
    endloop
  endfacet
  facet normal 0 0 1
    outer loop
      vertex 46.957 115.173 5
      vertex 47.0757 115.857 5
      vertex 46.9571 116.111 5
    endloop
  endfacet
  facet normal 0 0 1
    outer loop
      vertex 47.255 115.628 5
      vertex 46.957 115.173 5
      vertex 46.9818 115.176 5
    endloop
  endfacet
  facet normal 0 0 1
    outer loop
      vertex 46.957 115.173 5
      vertex 46.8858 116.401 5
      vertex 46.957 114.366 5
    endloop
  endfacet
  facet normal 0 0 1
    outer loop
      vertex 46.8858 116.401 5
      vertex 46.957 115.173 5
      vertex 46.9571 116.111 5
    endloop
  endfacet
  facet normal 0 0 1
    outer loop
      vertex 47.8352 123.134 5
      vertex 47.6118 123.114 5
      vertex 47.8352 123.12 5
    endloop
  endfacet
  facet normal 0 0 1
    outer loop
      vertex 47.5082 123.327 5
      vertex 47.6118 123.114 5
      vertex 47.8352 123.134 5
    endloop
  endfacet
  facet normal 0 0 1
    outer loop
      vertex 47.5082 123.327 5
      vertex 47.4417 123.108 5
      vertex 47.6118 123.114 5
    endloop
  endfacet
  facet normal 0 0 1
    outer loop
      vertex 47.5082 123.327 5
      vertex 47.3249 123.103 5
      vertex 47.4417 123.108 5
    endloop
  endfacet
  facet normal 0 0 1
    outer loop
      vertex 47.255 123.537 5
      vertex 47.3249 123.103 5
      vertex 47.5082 123.327 5
    endloop
  endfacet
  facet normal 0 0 1
    outer loop
      vertex 47.255 123.537 5
      vertex 47.2382 123.099 5
      vertex 47.3249 123.103 5
    endloop
  endfacet
  facet normal 0 0 1
    outer loop
      vertex 47.255 123.537 5
      vertex 47.1583 123.095 5
      vertex 47.2382 123.099 5
    endloop
  endfacet
  facet normal 0 0 1
    outer loop
      vertex 47.255 123.537 5
      vertex 47.0852 123.092 5
      vertex 47.1583 123.095 5
    endloop
  endfacet
  facet normal 0 0 1
    outer loop
      vertex 46.957 123.082 5
      vertex 47.255 123.537 5
      vertex 47.0757 123.766 5
    endloop
  endfacet
  facet normal 0 0 1
    outer loop
      vertex 47.255 123.537 5
      vertex 47.0245 123.088 5
      vertex 47.0852 123.092 5
    endloop
  endfacet
  facet normal 0 0 1
    outer loop
      vertex 47.255 123.537 5
      vertex 46.9818 123.085 5
      vertex 47.0245 123.088 5
    endloop
  endfacet
  facet normal 0 0 1
    outer loop
      vertex 46.957 123.082 5
      vertex 47.0757 123.766 5
      vertex 46.9571 124.02 5
    endloop
  endfacet
  facet normal 0 0 1
    outer loop
      vertex 47.255 123.537 5
      vertex 46.957 123.082 5
      vertex 46.9818 123.085 5
    endloop
  endfacet
  facet normal 0 0 1
    outer loop
      vertex 46.8858 124.31 5
      vertex 46.957 122.275 5
      vertex 46.957 123.082 5
    endloop
  endfacet
  facet normal 0 0 1
    outer loop
      vertex 46.8858 124.31 5
      vertex 46.957 123.082 5
      vertex 46.9571 124.02 5
    endloop
  endfacet
  facet normal 0 0 1
    outer loop
      vertex 46.957 122.275 5
      vertex 46.8858 124.31 5
      vertex 46.8621 119.692 5
    endloop
  endfacet
  facet normal 0 0 1
    outer loop
      vertex 46.8621 119.692 5
      vertex 46.8858 124.31 5
      vertex 46.8621 124.634 5
    endloop
  endfacet
  facet normal 0 0 1
    outer loop
      vertex 46.957 122.275 5
      vertex 46.8621 119.692 5
      vertex 46.909 120.164 5
    endloop
  endfacet
  facet normal -0 0 1
    outer loop
      vertex 48.7366 62.1562 5
      vertex 50.7925 62.0534 5
      vertex 49.1928 62.4568 5
    endloop
  endfacet
  facet normal 0 0 1
    outer loop
      vertex 51.0535 59.7098 5
      vertex 50.2276 58.5261 5
      vertex 50.7993 58.4607 5
    endloop
  endfacet
  facet normal 0 0 1
    outer loop
      vertex 51.0535 60.6354 5
      vertex 48.7366 62.1562 5
      vertex 49.8123 58.4865 5
    endloop
  endfacet
  facet normal 0 0 1
    outer loop
      vertex 51.0535 59.7098 5
      vertex 49.8123 58.4865 5
      vertex 50.2276 58.5261 5
    endloop
  endfacet
  facet normal -0 0 1
    outer loop
      vertex 48.1907 61.9758 5
      vertex 49.8123 58.4865 5
      vertex 48.7366 62.1562 5
    endloop
  endfacet
  facet normal 0 0 1
    outer loop
      vertex 49.8123 58.4865 5
      vertex 48.1907 61.9758 5
      vertex 49.446 58.3679 5
    endloop
  endfacet
  facet normal 0 0 1
    outer loop
      vertex 47.7286 58.2186 5
      vertex 49.446 58.3679 5
      vertex 48.1907 61.9758 5
    endloop
  endfacet
  facet normal 0 0 1
    outer loop
      vertex 49.446 58.3679 5
      vertex 47.7286 58.2186 5
      vertex 49.1287 58.1701 5
    endloop
  endfacet
  facet normal 0 -0 1
    outer loop
      vertex 48.2793 57.804 5
      vertex 48.8731 57.9011 5
      vertex 48.0299 58.0419 5
    endloop
  endfacet
  facet normal 0 0 1
    outer loop
      vertex 48.692 57.5688 5
      vertex 48.4581 57.5145 5
      vertex 48.5852 57.1733 5
    endloop
  endfacet
  facet normal 0 0 1
    outer loop
      vertex 48.5852 57.1733 5
      vertex 48.4581 57.5145 5
      vertex 48.5662 57.1733 5
    endloop
  endfacet
  facet normal 0 0 1
    outer loop
      vertex 48.692 57.5688 5
      vertex 48.2793 57.804 5
      vertex 48.4581 57.5145 5
    endloop
  endfacet
  facet normal 0 -0 1
    outer loop
      vertex 48.0299 58.0419 5
      vertex 49.1287 58.1701 5
      vertex 47.7286 58.2186 5
    endloop
  endfacet
  facet normal 0 0 1
    outer loop
      vertex 48.8731 57.9011 5
      vertex 48.2793 57.804 5
      vertex 48.692 57.5688 5
    endloop
  endfacet
  facet normal 0 0 1
    outer loop
      vertex 49.1287 58.1701 5
      vertex 48.0299 58.0419 5
      vertex 48.8731 57.9011 5
    endloop
  endfacet
  facet normal 0 0 1
    outer loop
      vertex 47.3948 58.3246 5
      vertex 48.1907 61.9758 5
      vertex 47.5551 61.9157 5
    endloop
  endfacet
  facet normal 0 0 1
    outer loop
      vertex 48.1907 61.9758 5
      vertex 47.3948 58.3246 5
      vertex 47.7286 58.2186 5
    endloop
  endfacet
  facet normal 0 0 1
    outer loop
      vertex 47.5551 61.9157 5
      vertex 47.0282 58.36 5
      vertex 47.3948 58.3246 5
    endloop
  endfacet
  facet normal 0 0 1
    outer loop
      vertex 46.9056 61.9811 5
      vertex 47.0282 58.36 5
      vertex 47.5551 61.9157 5
    endloop
  endfacet
  facet normal 0 0 1
    outer loop
      vertex 46.9056 61.9811 5
      vertex 46.5361 58.2964 5
      vertex 47.0282 58.36 5
    endloop
  endfacet
  facet normal 0 0 1
    outer loop
      vertex 46.3558 62.1773 5
      vertex 46.5361 58.2964 5
      vertex 46.9056 61.9811 5
    endloop
  endfacet
  facet normal 0 0 1
    outer loop
      vertex 46.3558 62.1773 5
      vertex 46.1168 58.1057 5
      vertex 46.5361 58.2964 5
    endloop
  endfacet
  facet normal 0 0 1
    outer loop
      vertex 45.9056 62.5043 5
      vertex 46.1168 58.1057 5
      vertex 46.3558 62.1773 5
    endloop
  endfacet
  facet normal 0 0 1
    outer loop
      vertex 45.9056 62.5043 5
      vertex 45.7703 57.7879 5
      vertex 46.1168 58.1057 5
    endloop
  endfacet
  facet normal 0 0 1
    outer loop
      vertex 45.572 62.9479 5
      vertex 45.7703 57.7879 5
      vertex 45.9056 62.5043 5
    endloop
  endfacet
  facet normal 0 0 1
    outer loop
      vertex 45.572 62.9479 5
      vertex 45.5119 57.3605 5
      vertex 45.7703 57.7879 5
    endloop
  endfacet
  facet normal 0 0 1
    outer loop
      vertex 45.3718 63.4938 5
      vertex 45.5119 57.3605 5
      vertex 45.572 62.9479 5
    endloop
  endfacet
  facet normal 0 0 1
    outer loop
      vertex 45.3718 63.4938 5
      vertex 45.3568 56.8407 5
      vertex 45.5119 57.3605 5
    endloop
  endfacet
  facet normal 0 0 1
    outer loop
      vertex 45.3051 64.142 5
      vertex 45.3568 56.8407 5
      vertex 45.3718 63.4938 5
    endloop
  endfacet
  facet normal 0 0 1
    outer loop
      vertex 45.3568 56.8407 5
      vertex 45.3051 64.142 5
      vertex 45.3051 56.2286 5
    endloop
  endfacet
  facet normal 0 0 1
    outer loop
      vertex 51.3669 82.784 5
      vertex 46.957 79.3056 5
      vertex 49.4444 77.5635 5
    endloop
  endfacet
  facet normal 0 0 1
    outer loop
      vertex 46.4918 82.9786 5
      vertex 43.4678 75.9785 5
      vertex 46.957 79.3056 5
    endloop
  endfacet
  facet normal 0 0 1
    outer loop
      vertex 46.957 79.3056 5
      vertex 43.4678 75.9785 5
      vertex 46.957 78.3515 5
    endloop
  endfacet
  facet normal 0 0 1
    outer loop
      vertex 43.4678 75.9785 5
      vertex 46.957 74.853 5
      vertex 46.957 75.7977 5
    endloop
  endfacet
  facet normal -0 0 1
    outer loop
      vertex 46.4918 82.9786 5
      vertex 46.957 79.3056 5
      vertex 47.2988 82.9786 5
    endloop
  endfacet
  facet normal 0 0 1
    outer loop
      vertex 43.4678 75.9785 5
      vertex 46.4918 82.9786 5
      vertex 45.4048 84.5594 5
    endloop
  endfacet
  facet normal 0 0 1
    outer loop
      vertex 46.957 74.853 5
      vertex 46.1738 71.2047 5
      vertex 46.8457 71.5172 5
    endloop
  endfacet
  facet normal 0 0 1
    outer loop
      vertex 43.0548 71.7106 5
      vertex 46.957 74.853 5
      vertex 43.4678 75.9785 5
    endloop
  endfacet
  facet normal -0 0 1
    outer loop
      vertex 43.4678 75.9785 5
      vertex 46.957 75.7977 5
      vertex 46.957 78.3515 5
    endloop
  endfacet
  facet normal 0 0 1
    outer loop
      vertex 46.957 74.853 5
      vertex 43.0548 71.7106 5
      vertex 46.1738 71.2047 5
    endloop
  endfacet
  facet normal 0 0 1
    outer loop
      vertex 47.0757 52.192 5
      vertex 48.2529 50.9578 5
      vertex 48.2221 51.3278 5
    endloop
  endfacet
  facet normal 0 0 1
    outer loop
      vertex 47.452 52.1569 5
      vertex 48.2221 51.3278 5
      vertex 48.1295 51.634 5
    endloop
  endfacet
  facet normal 0 0 1
    outer loop
      vertex 48.2529 50.9578 5
      vertex 47.0757 52.192 5
      vertex 45.9412 50.9483 5
    endloop
  endfacet
  facet normal 0 0 1
    outer loop
      vertex 47.7519 52.0517 5
      vertex 48.1295 51.634 5
      vertex 47.9752 51.8763 5
    endloop
  endfacet
  facet normal 0 0 1
    outer loop
      vertex 48.2221 51.3278 5
      vertex 47.452 52.1569 5
      vertex 47.0757 52.192 5
    endloop
  endfacet
  facet normal 0 0 1
    outer loop
      vertex 48.1295 51.634 5
      vertex 47.7519 52.0517 5
      vertex 47.452 52.1569 5
    endloop
  endfacet
  facet normal 0 -0 1
    outer loop
      vertex 47.0757 49.7142 5
      vertex 48.2194 50.5921 5
      vertex 45.9412 50.9483 5
    endloop
  endfacet
  facet normal 0 -0 1
    outer loop
      vertex 47.4283 49.7503 5
      vertex 48.2194 50.5921 5
      vertex 47.0757 49.7142 5
    endloop
  endfacet
  facet normal 0 0 1
    outer loop
      vertex 48.119 50.2859 5
      vertex 47.4283 49.7503 5
      vertex 47.9515 50.0393 5
    endloop
  endfacet
  facet normal 0 0 1
    outer loop
      vertex 48.2529 50.9578 5
      vertex 45.9412 50.9483 5
      vertex 48.2194 50.5921 5
    endloop
  endfacet
  facet normal 0 0 1
    outer loop
      vertex 47.9515 50.0393 5
      vertex 47.4283 49.7503 5
      vertex 47.7202 49.8587 5
    endloop
  endfacet
  facet normal 0 0 1
    outer loop
      vertex 48.2194 50.5921 5
      vertex 47.4283 49.7503 5
      vertex 48.119 50.2859 5
    endloop
  endfacet
  facet normal -0 -0 1
    outer loop
      vertex 45.9728 50.5783 5
      vertex 47.0757 49.7142 5
      vertex 45.9412 50.9483 5
    endloop
  endfacet
  facet normal 0 0 1
    outer loop
      vertex 46.0672 51.6393 5
      vertex 47.0757 52.192 5
      vertex 46.4454 52.0538 5
    endloop
  endfacet
  facet normal 0 0 1
    outer loop
      vertex 47.0757 49.7142 5
      vertex 45.9728 50.5783 5
      vertex 46.7302 49.7492 5
    endloop
  endfacet
  facet normal -0 -0 1
    outer loop
      vertex 46.0678 50.2722 5
      vertex 46.7302 49.7492 5
      vertex 45.9728 50.5783 5
    endloop
  endfacet
  facet normal 0 0 1
    outer loop
      vertex 47.0757 52.192 5
      vertex 46.0672 51.6393 5
      vertex 45.9412 50.9483 5
    endloop
  endfacet
  facet normal 0 0 1
    outer loop
      vertex 46.7302 49.7492 5
      vertex 46.0678 50.2722 5
      vertex 46.447 49.8544 5
    endloop
  endfacet
  facet normal 0 0 1
    outer loop
      vertex 46.447 49.8544 5
      vertex 46.0678 50.2722 5
      vertex 46.226 50.0298 5
    endloop
  endfacet
  facet normal 0 0 1
    outer loop
      vertex 47.0757 104.453 5
      vertex 48.2529 103.218 5
      vertex 48.2221 103.588 5
    endloop
  endfacet
  facet normal 0 0 1
    outer loop
      vertex 47.452 104.418 5
      vertex 48.2221 103.588 5
      vertex 48.1295 103.895 5
    endloop
  endfacet
  facet normal 0 0 1
    outer loop
      vertex 48.2529 103.218 5
      vertex 47.0757 104.453 5
      vertex 45.9412 103.209 5
    endloop
  endfacet
  facet normal 0 0 1
    outer loop
      vertex 47.7519 104.312 5
      vertex 48.1295 103.895 5
      vertex 47.9752 104.137 5
    endloop
  endfacet
  facet normal 0 0 1
    outer loop
      vertex 48.2221 103.588 5
      vertex 47.452 104.418 5
      vertex 47.0757 104.453 5
    endloop
  endfacet
  facet normal 0 0 1
    outer loop
      vertex 48.1295 103.895 5
      vertex 47.7519 104.312 5
      vertex 47.452 104.418 5
    endloop
  endfacet
  facet normal 0 -0 1
    outer loop
      vertex 47.0757 101.975 5
      vertex 48.2194 102.853 5
      vertex 45.9412 103.209 5
    endloop
  endfacet
  facet normal 0 -0 1
    outer loop
      vertex 47.4283 102.011 5
      vertex 48.2194 102.853 5
      vertex 47.0757 101.975 5
    endloop
  endfacet
  facet normal 0 0 1
    outer loop
      vertex 48.119 102.546 5
      vertex 47.4283 102.011 5
      vertex 47.9515 102.3 5
    endloop
  endfacet
  facet normal 0 0 1
    outer loop
      vertex 48.2529 103.218 5
      vertex 45.9412 103.209 5
      vertex 48.2194 102.853 5
    endloop
  endfacet
  facet normal 0 0 1
    outer loop
      vertex 47.9515 102.3 5
      vertex 47.4283 102.011 5
      vertex 47.7202 102.119 5
    endloop
  endfacet
  facet normal 0 0 1
    outer loop
      vertex 48.2194 102.853 5
      vertex 47.4283 102.011 5
      vertex 48.119 102.546 5
    endloop
  endfacet
  facet normal -0 -0 1
    outer loop
      vertex 45.9728 102.839 5
      vertex 47.0757 101.975 5
      vertex 45.9412 103.209 5
    endloop
  endfacet
  facet normal 0 0 1
    outer loop
      vertex 46.0672 103.9 5
      vertex 47.0757 104.453 5
      vertex 46.4454 104.314 5
    endloop
  endfacet
  facet normal 0 0 1
    outer loop
      vertex 47.0757 101.975 5
      vertex 45.9728 102.839 5
      vertex 46.7302 102.01 5
    endloop
  endfacet
  facet normal -0 -0 1
    outer loop
      vertex 46.0678 102.533 5
      vertex 46.7302 102.01 5
      vertex 45.9728 102.839 5
    endloop
  endfacet
  facet normal 0 0 1
    outer loop
      vertex 47.0757 104.453 5
      vertex 46.0672 103.9 5
      vertex 45.9412 103.209 5
    endloop
  endfacet
  facet normal 0 0 1
    outer loop
      vertex 46.7302 102.01 5
      vertex 46.0678 102.533 5
      vertex 46.447 102.115 5
    endloop
  endfacet
  facet normal 0 0 1
    outer loop
      vertex 46.447 102.115 5
      vertex 46.0678 102.533 5
      vertex 46.226 102.29 5
    endloop
  endfacet
  facet normal 0 0 1
    outer loop
      vertex 47.0757 57.4723 5
      vertex 48.2529 56.2381 5
      vertex 48.2221 56.6081 5
    endloop
  endfacet
  facet normal 0 0 1
    outer loop
      vertex 47.452 57.4372 5
      vertex 48.2221 56.6081 5
      vertex 48.1295 56.9143 5
    endloop
  endfacet
  facet normal 0 0 1
    outer loop
      vertex 48.2529 56.2381 5
      vertex 47.0757 57.4723 5
      vertex 45.9412 56.2286 5
    endloop
  endfacet
  facet normal 0 0 1
    outer loop
      vertex 47.7519 57.332 5
      vertex 48.1295 56.9143 5
      vertex 47.9752 57.1566 5
    endloop
  endfacet
  facet normal 0 0 1
    outer loop
      vertex 48.2221 56.6081 5
      vertex 47.452 57.4372 5
      vertex 47.0757 57.4723 5
    endloop
  endfacet
  facet normal 0 0 1
    outer loop
      vertex 48.1295 56.9143 5
      vertex 47.7519 57.332 5
      vertex 47.452 57.4372 5
    endloop
  endfacet
  facet normal 0 -0 1
    outer loop
      vertex 47.0757 54.9944 5
      vertex 48.2194 55.8724 5
      vertex 45.9412 56.2286 5
    endloop
  endfacet
  facet normal 0 -0 1
    outer loop
      vertex 47.4283 55.0306 5
      vertex 48.2194 55.8724 5
      vertex 47.0757 54.9944 5
    endloop
  endfacet
  facet normal 0 0 1
    outer loop
      vertex 48.119 55.5662 5
      vertex 47.4283 55.0306 5
      vertex 47.9515 55.3196 5
    endloop
  endfacet
  facet normal 0 0 1
    outer loop
      vertex 48.2529 56.2381 5
      vertex 45.9412 56.2286 5
      vertex 48.2194 55.8724 5
    endloop
  endfacet
  facet normal 0 0 1
    outer loop
      vertex 47.9515 55.3196 5
      vertex 47.4283 55.0306 5
      vertex 47.7202 55.139 5
    endloop
  endfacet
  facet normal 0 0 1
    outer loop
      vertex 48.2194 55.8724 5
      vertex 47.4283 55.0306 5
      vertex 48.119 55.5662 5
    endloop
  endfacet
  facet normal -0 -0 1
    outer loop
      vertex 45.9728 55.8586 5
      vertex 47.0757 54.9944 5
      vertex 45.9412 56.2286 5
    endloop
  endfacet
  facet normal 0 0 1
    outer loop
      vertex 46.0672 56.9195 5
      vertex 47.0757 57.4723 5
      vertex 46.4454 57.3341 5
    endloop
  endfacet
  facet normal 0 0 1
    outer loop
      vertex 47.0757 54.9944 5
      vertex 45.9728 55.8586 5
      vertex 46.7302 55.0295 5
    endloop
  endfacet
  facet normal -0 -0 1
    outer loop
      vertex 46.0678 55.5525 5
      vertex 46.7302 55.0295 5
      vertex 45.9728 55.8586 5
    endloop
  endfacet
  facet normal 0 0 1
    outer loop
      vertex 47.0757 57.4723 5
      vertex 46.0672 56.9195 5
      vertex 45.9412 56.2286 5
    endloop
  endfacet
  facet normal 0 0 1
    outer loop
      vertex 46.7302 55.0295 5
      vertex 46.0678 55.5525 5
      vertex 46.447 55.1347 5
    endloop
  endfacet
  facet normal 0 0 1
    outer loop
      vertex 46.447 55.1347 5
      vertex 46.0678 55.5525 5
      vertex 46.226 55.3101 5
    endloop
  endfacet
  facet normal 0 0 1
    outer loop
      vertex 50.8162 109.609 5
      vertex 51.4903 108.503 5
      vertex 51.4154 108.962 5
    endloop
  endfacet
  facet normal 0 0 1
    outer loop
      vertex 51.4903 108.503 5
      vertex 50.8305 107.395 5
      vertex 51.417 108.043 5
    endloop
  endfacet
  facet normal 0 0 1
    outer loop
      vertex 50.8162 109.609 5
      vertex 51.4154 108.962 5
      vertex 51.1907 109.33 5
    endloop
  endfacet
  facet normal 0 0 1
    outer loop
      vertex 51.417 108.043 5
      vertex 50.8305 107.395 5
      vertex 51.197 107.673 5
    endloop
  endfacet
  facet normal 0 0 1
    outer loop
      vertex 51.4903 108.503 5
      vertex 50.8162 109.609 5
      vertex 50.8305 107.395 5
    endloop
  endfacet
  facet normal 0 0 1
    outer loop
      vertex 50.8162 109.609 5
      vertex 50.3057 107.201 5
      vertex 50.8305 107.395 5
    endloop
  endfacet
  facet normal 0 0 1
    outer loop
      vertex 50.2867 109.805 5
      vertex 50.3057 107.201 5
      vertex 50.8162 109.609 5
    endloop
  endfacet
  facet normal 0 0 1
    outer loop
      vertex 50.2867 109.805 5
      vertex 49.611 107.085 5
      vertex 50.3057 107.201 5
    endloop
  endfacet
  facet normal 0 0 1
    outer loop
      vertex 49.5968 109.922 5
      vertex 49.611 107.085 5
      vertex 50.2867 109.805 5
    endloop
  endfacet
  facet normal 0 0 1
    outer loop
      vertex 48.7466 109.961 5
      vertex 49.611 107.085 5
      vertex 49.5968 109.922 5
    endloop
  endfacet
  facet normal 0 0 1
    outer loop
      vertex 48.7466 109.961 5
      vertex 48.7466 107.046 5
      vertex 49.611 107.085 5
    endloop
  endfacet
  facet normal -0 0 1
    outer loop
      vertex 47.87 109.924 5
      vertex 48.7466 107.046 5
      vertex 48.7466 109.961 5
    endloop
  endfacet
  facet normal 0 0 1
    outer loop
      vertex 47.87 109.924 5
      vertex 47.8605 107.084 5
      vertex 48.7466 107.046 5
    endloop
  endfacet
  facet normal -0 0 1
    outer loop
      vertex 47.1706 109.812 5
      vertex 47.8605 107.084 5
      vertex 47.87 109.924 5
    endloop
  endfacet
  facet normal 0 0 1
    outer loop
      vertex 47.1706 109.812 5
      vertex 47.158 107.199 5
      vertex 47.8605 107.084 5
    endloop
  endfacet
  facet normal -0 0 1
    outer loop
      vertex 46.6485 109.626 5
      vertex 47.158 107.199 5
      vertex 47.1706 109.812 5
    endloop
  endfacet
  facet normal 0 0 1
    outer loop
      vertex 46.6485 109.626 5
      vertex 46.639 107.39 5
      vertex 47.158 107.199 5
    endloop
  endfacet
  facet normal 0 0 1
    outer loop
      vertex 46.0704 108.987 5
      vertex 46.6485 109.626 5
      vertex 46.2872 109.355 5
    endloop
  endfacet
  facet normal 0 0 1
    outer loop
      vertex 46.6485 109.626 5
      vertex 45.9982 108.522 5
      vertex 46.639 107.39 5
    endloop
  endfacet
  facet normal 0 0 1
    outer loop
      vertex 46.6485 109.626 5
      vertex 46.0704 108.987 5
      vertex 45.9982 108.522 5
    endloop
  endfacet
  facet normal -0 -0 1
    outer loop
      vertex 46.0694 108.046 5
      vertex 46.639 107.39 5
      vertex 45.9982 108.522 5
    endloop
  endfacet
  facet normal 0 0 1
    outer loop
      vertex 46.639 107.39 5
      vertex 46.0694 108.046 5
      vertex 46.283 107.669 5
    endloop
  endfacet
  facet normal 0 0 1
    outer loop
      vertex 50.8162 70.5473 5
      vertex 51.4903 69.4412 5
      vertex 51.4154 69.8996 5
    endloop
  endfacet
  facet normal 0 0 1
    outer loop
      vertex 51.4903 69.4412 5
      vertex 50.8305 68.3329 5
      vertex 51.417 68.9805 5
    endloop
  endfacet
  facet normal 0 0 1
    outer loop
      vertex 50.8162 70.5473 5
      vertex 51.4154 69.8996 5
      vertex 51.1907 70.2683 5
    endloop
  endfacet
  facet normal 0 0 1
    outer loop
      vertex 51.417 68.9805 5
      vertex 50.8305 68.3329 5
      vertex 51.197 68.6111 5
    endloop
  endfacet
  facet normal 0 0 1
    outer loop
      vertex 51.4903 69.4412 5
      vertex 50.8162 70.5473 5
      vertex 50.8305 68.3329 5
    endloop
  endfacet
  facet normal 0 0 1
    outer loop
      vertex 50.8162 70.5473 5
      vertex 50.3057 68.139 5
      vertex 50.8305 68.3329 5
    endloop
  endfacet
  facet normal 0 0 1
    outer loop
      vertex 50.2867 70.7425 5
      vertex 50.3057 68.139 5
      vertex 50.8162 70.5473 5
    endloop
  endfacet
  facet normal 0 0 1
    outer loop
      vertex 50.2867 70.7425 5
      vertex 49.611 68.0227 5
      vertex 50.3057 68.139 5
    endloop
  endfacet
  facet normal 0 0 1
    outer loop
      vertex 49.5968 70.8596 5
      vertex 49.611 68.0227 5
      vertex 50.2867 70.7425 5
    endloop
  endfacet
  facet normal 0 0 1
    outer loop
      vertex 48.7466 70.8986 5
      vertex 49.611 68.0227 5
      vertex 49.5968 70.8596 5
    endloop
  endfacet
  facet normal 0 0 1
    outer loop
      vertex 48.7466 70.8986 5
      vertex 48.7466 67.984 5
      vertex 49.611 68.0227 5
    endloop
  endfacet
  facet normal -0 0 1
    outer loop
      vertex 47.87 70.8614 5
      vertex 48.7466 67.984 5
      vertex 48.7466 70.8986 5
    endloop
  endfacet
  facet normal 0 0 1
    outer loop
      vertex 47.87 70.8614 5
      vertex 47.8605 68.0222 5
      vertex 48.7466 67.984 5
    endloop
  endfacet
  facet normal -0 0 1
    outer loop
      vertex 47.1706 70.7498 5
      vertex 47.8605 68.0222 5
      vertex 47.87 70.8614 5
    endloop
  endfacet
  facet normal 0 0 1
    outer loop
      vertex 47.1706 70.7498 5
      vertex 47.158 68.1369 5
      vertex 47.8605 68.0222 5
    endloop
  endfacet
  facet normal -0 0 1
    outer loop
      vertex 46.6485 70.5639 5
      vertex 47.158 68.1369 5
      vertex 47.1706 70.7498 5
    endloop
  endfacet
  facet normal 0 0 1
    outer loop
      vertex 46.6485 70.5639 5
      vertex 46.639 68.3281 5
      vertex 47.158 68.1369 5
    endloop
  endfacet
  facet normal 0 0 1
    outer loop
      vertex 46.0704 69.9247 5
      vertex 46.6485 70.5639 5
      vertex 46.2872 70.2925 5
    endloop
  endfacet
  facet normal 0 0 1
    outer loop
      vertex 46.6485 70.5639 5
      vertex 45.9982 69.4603 5
      vertex 46.639 68.3281 5
    endloop
  endfacet
  facet normal 0 0 1
    outer loop
      vertex 46.6485 70.5639 5
      vertex 46.0704 69.9247 5
      vertex 45.9982 69.4603 5
    endloop
  endfacet
  facet normal -0 -0 1
    outer loop
      vertex 46.0694 68.9843 5
      vertex 46.639 68.3281 5
      vertex 45.9982 69.4603 5
    endloop
  endfacet
  facet normal 0 0 1
    outer loop
      vertex 46.639 68.3281 5
      vertex 46.0694 68.9843 5
      vertex 46.283 68.6069 5
    endloop
  endfacet
  facet normal 0 0 1
    outer loop
      vertex 48.3937 62.9426 5
      vertex 49.1358 64.104 5
      vertex 49.1171 64.3451 5
    endloop
  endfacet
  facet normal 0 0 1
    outer loop
      vertex 48.0084 62.824 5
      vertex 49.1171 64.3451 5
      vertex 49.0609 64.5745 5
    endloop
  endfacet
  facet normal 0 0 1
    outer loop
      vertex 48.0409 65.4555 5
      vertex 49.0609 64.5745 5
      vertex 48.9673 64.7923 5
    endloop
  endfacet
  facet normal 0 0 1
    outer loop
      vertex 49.1358 64.104 5
      vertex 48.3937 62.9426 5
      vertex 49.0886 63.7269 5
    endloop
  endfacet
  facet normal 0 0 1
    outer loop
      vertex 48.0409 65.4555 5
      vertex 48.9673 64.7923 5
      vertex 48.8394 64.9893 5
    endloop
  endfacet
  facet normal 0 0 1
    outer loop
      vertex 49.0886 63.7269 5
      vertex 48.711 63.1404 5
      vertex 48.947 63.4057 5
    endloop
  endfacet
  facet normal 0 0 1
    outer loop
      vertex 48.4902 65.2931 5
      vertex 48.8394 64.9893 5
      vertex 48.6804 65.1562 5
    endloop
  endfacet
  facet normal 0 0 1
    outer loop
      vertex 48.275 65.3946 5
      vertex 48.8394 64.9893 5
      vertex 48.4902 65.2931 5
    endloop
  endfacet
  facet normal 0 0 1
    outer loop
      vertex 49.0886 63.7269 5
      vertex 48.3937 62.9426 5
      vertex 48.711 63.1404 5
    endloop
  endfacet
  facet normal 0 0 1
    outer loop
      vertex 48.0409 65.4555 5
      vertex 48.8394 64.9893 5
      vertex 48.275 65.3946 5
    endloop
  endfacet
  facet normal 0 0 1
    outer loop
      vertex 48.0084 62.824 5
      vertex 49.0609 64.5745 5
      vertex 48.0409 65.4555 5
    endloop
  endfacet
  facet normal 0 0 1
    outer loop
      vertex 49.1171 64.3451 5
      vertex 48.0084 62.824 5
      vertex 48.3937 62.9426 5
    endloop
  endfacet
  facet normal 0 0 1
    outer loop
      vertex 47.7877 65.4758 5
      vertex 48.0084 62.824 5
      vertex 48.0409 65.4555 5
    endloop
  endfacet
  facet normal 0 0 1
    outer loop
      vertex 47.7877 65.4758 5
      vertex 47.5551 62.7844 5
      vertex 48.0084 62.824 5
    endloop
  endfacet
  facet normal -0 0 1
    outer loop
      vertex 47.2848 65.4347 5
      vertex 47.5551 62.7844 5
      vertex 47.7877 65.4758 5
    endloop
  endfacet
  facet normal 0 0 1
    outer loop
      vertex 47.2848 65.4347 5
      vertex 47.1102 62.824 5
      vertex 47.5551 62.7844 5
    endloop
  endfacet
  facet normal -0 0 1
    outer loop
      vertex 46.8521 65.3113 5
      vertex 47.1102 62.824 5
      vertex 47.2848 65.4347 5
    endloop
  endfacet
  facet normal 0 0 1
    outer loop
      vertex 46.8521 65.3113 5
      vertex 46.7313 62.9426 5
      vertex 47.1102 62.824 5
    endloop
  endfacet
  facet normal -0 0 1
    outer loop
      vertex 46.4895 65.1056 5
      vertex 46.7313 62.9426 5
      vertex 46.8521 65.3113 5
    endloop
  endfacet
  facet normal -0 0 1
    outer loop
      vertex 45.9982 64.1135 5
      vertex 46.7313 62.9426 5
      vertex 46.4895 65.1056 5
    endloop
  endfacet
  facet normal 0 0 1
    outer loop
      vertex 45.9982 64.1135 5
      vertex 46.4895 65.1056 5
      vertex 46.2165 64.8308 5
    endloop
  endfacet
  facet normal 0 0 1
    outer loop
      vertex 46.7313 62.9426 5
      vertex 45.9982 64.1135 5
      vertex 46.4183 63.1404 5
    endloop
  endfacet
  facet normal 0 0 1
    outer loop
      vertex 45.9982 64.1135 5
      vertex 46.2165 64.8308 5
      vertex 46.0528 64.5001 5
    endloop
  endfacet
  facet normal -0 -0 1
    outer loop
      vertex 46.0448 63.7311 5
      vertex 46.4183 63.1404 5
      vertex 45.9982 64.1135 5
    endloop
  endfacet
  facet normal 0 0 1
    outer loop
      vertex 46.4183 63.1404 5
      vertex 46.0448 63.7311 5
      vertex 46.1849 63.4068 5
    endloop
  endfacet
  facet normal 0 0 1
    outer loop
      vertex 50.5902 52.3202 5
      vertex 51.5101 51.4024 5
      vertex 51.3985 51.7489 5
    endloop
  endfacet
  facet normal 0 0 1
    outer loop
      vertex 51.5101 51.4024 5
      vertex 50.5902 52.3202 5
      vertex 51.5473 50.9768 5
    endloop
  endfacet
  facet normal 0 0 1
    outer loop
      vertex 50.9454 52.2062 5
      vertex 51.3985 51.7489 5
      vertex 51.2126 52.0163 5
    endloop
  endfacet
  facet normal 0 0 1
    outer loop
      vertex 51.3985 51.7489 5
      vertex 50.9454 52.2062 5
      vertex 50.5902 52.3202 5
    endloop
  endfacet
  facet normal 0 0 1
    outer loop
      vertex 50.1469 52.3581 5
      vertex 51.5473 50.9768 5
      vertex 50.5902 52.3202 5
    endloop
  endfacet
  facet normal 0 -0 1
    outer loop
      vertex 50.1659 49.5669 5
      vertex 51.5473 50.9768 5
      vertex 48.8937 50.9483 5
    endloop
  endfacet
  facet normal 0 0 1
    outer loop
      vertex 51.3938 50.1936 5
      vertex 50.1659 49.5669 5
      vertex 50.9333 49.7236 5
    endloop
  endfacet
  facet normal 0 0 1
    outer loop
      vertex 51.5473 50.9768 5
      vertex 50.1469 52.3581 5
      vertex 48.8937 50.9483 5
    endloop
  endfacet
  facet normal 0 0 1
    outer loop
      vertex 51.5473 50.9768 5
      vertex 50.1659 49.5669 5
      vertex 51.3938 50.1936 5
    endloop
  endfacet
  facet normal 0 0 1
    outer loop
      vertex 48.9288 51.3613 5
      vertex 50.1469 52.3581 5
      vertex 49.7663 52.317 5
    endloop
  endfacet
  facet normal -0 -0 1
    outer loop
      vertex 48.9314 50.5464 5
      vertex 50.1659 49.5669 5
      vertex 48.8937 50.9483 5
    endloop
  endfacet
  facet normal 0 0 1
    outer loop
      vertex 49.034 51.7078 5
      vertex 49.7663 52.317 5
      vertex 49.4538 52.1936 5
    endloop
  endfacet
  facet normal 0 0 1
    outer loop
      vertex 50.1659 49.5669 5
      vertex 48.9314 50.5464 5
      vertex 49.7985 49.6076 5
    endloop
  endfacet
  facet normal 0 0 1
    outer loop
      vertex 49.034 51.7078 5
      vertex 49.4538 52.1936 5
      vertex 49.2094 51.9878 5
    endloop
  endfacet
  facet normal -0 -0 1
    outer loop
      vertex 49.0446 50.2078 5
      vertex 49.7985 49.6076 5
      vertex 48.9314 50.5464 5
    endloop
  endfacet
  facet normal 0 0 1
    outer loop
      vertex 49.7663 52.317 5
      vertex 49.034 51.7078 5
      vertex 48.9288 51.3613 5
    endloop
  endfacet
  facet normal 0 0 1
    outer loop
      vertex 49.7985 49.6076 5
      vertex 49.0446 50.2078 5
      vertex 49.4876 49.7294 5
    endloop
  endfacet
  facet normal 0 0 1
    outer loop
      vertex 50.1469 52.3581 5
      vertex 48.9288 51.3613 5
      vertex 48.8937 50.9483 5
    endloop
  endfacet
  facet normal 0 0 1
    outer loop
      vertex 49.4876 49.7294 5
      vertex 49.0446 50.2078 5
      vertex 49.2331 49.9325 5
    endloop
  endfacet
  facet normal 0 0 1
    outer loop
      vertex 50.5902 104.581 5
      vertex 51.5101 103.663 5
      vertex 51.3985 104.01 5
    endloop
  endfacet
  facet normal 0 0 1
    outer loop
      vertex 51.5101 103.663 5
      vertex 50.5902 104.581 5
      vertex 51.5473 103.237 5
    endloop
  endfacet
  facet normal 0 0 1
    outer loop
      vertex 50.9454 104.467 5
      vertex 51.3985 104.01 5
      vertex 51.2126 104.277 5
    endloop
  endfacet
  facet normal 0 0 1
    outer loop
      vertex 51.3985 104.01 5
      vertex 50.9454 104.467 5
      vertex 50.5902 104.581 5
    endloop
  endfacet
  facet normal 0 0 1
    outer loop
      vertex 50.1469 104.619 5
      vertex 51.5473 103.237 5
      vertex 50.5902 104.581 5
    endloop
  endfacet
  facet normal 0 -0 1
    outer loop
      vertex 50.1659 101.828 5
      vertex 51.5473 103.237 5
      vertex 48.8937 103.209 5
    endloop
  endfacet
  facet normal 0 0 1
    outer loop
      vertex 51.3938 102.454 5
      vertex 50.1659 101.828 5
      vertex 50.9333 101.984 5
    endloop
  endfacet
  facet normal 0 0 1
    outer loop
      vertex 51.5473 103.237 5
      vertex 50.1469 104.619 5
      vertex 48.8937 103.209 5
    endloop
  endfacet
  facet normal 0 0 1
    outer loop
      vertex 51.5473 103.237 5
      vertex 50.1659 101.828 5
      vertex 51.3938 102.454 5
    endloop
  endfacet
  facet normal 0 0 1
    outer loop
      vertex 48.9288 103.622 5
      vertex 50.1469 104.619 5
      vertex 49.7663 104.578 5
    endloop
  endfacet
  facet normal -0 -0 1
    outer loop
      vertex 48.9314 102.807 5
      vertex 50.1659 101.828 5
      vertex 48.8937 103.209 5
    endloop
  endfacet
  facet normal 0 0 1
    outer loop
      vertex 49.034 103.968 5
      vertex 49.7663 104.578 5
      vertex 49.4538 104.454 5
    endloop
  endfacet
  facet normal 0 0 1
    outer loop
      vertex 50.1659 101.828 5
      vertex 48.9314 102.807 5
      vertex 49.7985 101.868 5
    endloop
  endfacet
  facet normal 0 0 1
    outer loop
      vertex 49.034 103.968 5
      vertex 49.4538 104.454 5
      vertex 49.2094 104.248 5
    endloop
  endfacet
  facet normal -0 -0 1
    outer loop
      vertex 49.0446 102.468 5
      vertex 49.7985 101.868 5
      vertex 48.9314 102.807 5
    endloop
  endfacet
  facet normal 0 0 1
    outer loop
      vertex 49.7663 104.578 5
      vertex 49.034 103.968 5
      vertex 48.9288 103.622 5
    endloop
  endfacet
  facet normal 0 0 1
    outer loop
      vertex 49.7985 101.868 5
      vertex 49.0446 102.468 5
      vertex 49.4876 101.99 5
    endloop
  endfacet
  facet normal 0 0 1
    outer loop
      vertex 50.1469 104.619 5
      vertex 48.9288 103.622 5
      vertex 48.8937 103.209 5
    endloop
  endfacet
  facet normal 0 0 1
    outer loop
      vertex 49.4876 101.99 5
      vertex 49.0446 102.468 5
      vertex 49.2331 102.193 5
    endloop
  endfacet
  facet normal 0 0 1
    outer loop
      vertex 50.5902 57.6004 5
      vertex 51.5101 56.6827 5
      vertex 51.3985 57.0292 5
    endloop
  endfacet
  facet normal 0 0 1
    outer loop
      vertex 51.5101 56.6827 5
      vertex 50.5902 57.6004 5
      vertex 51.5473 56.2571 5
    endloop
  endfacet
  facet normal 0 0 1
    outer loop
      vertex 50.9454 57.4865 5
      vertex 51.3985 57.0292 5
      vertex 51.2126 57.2966 5
    endloop
  endfacet
  facet normal 0 0 1
    outer loop
      vertex 51.3985 57.0292 5
      vertex 50.9454 57.4865 5
      vertex 50.5902 57.6004 5
    endloop
  endfacet
  facet normal 0 0 1
    outer loop
      vertex 50.1469 57.6384 5
      vertex 51.5473 56.2571 5
      vertex 50.5902 57.6004 5
    endloop
  endfacet
  facet normal 0 -0 1
    outer loop
      vertex 50.1659 54.8472 5
      vertex 51.5473 56.2571 5
      vertex 48.8937 56.2286 5
    endloop
  endfacet
  facet normal 0 0 1
    outer loop
      vertex 51.3938 55.4738 5
      vertex 50.1659 54.8472 5
      vertex 50.9333 55.0039 5
    endloop
  endfacet
  facet normal 0 0 1
    outer loop
      vertex 51.5473 56.2571 5
      vertex 50.1469 57.6384 5
      vertex 48.8937 56.2286 5
    endloop
  endfacet
  facet normal 0 0 1
    outer loop
      vertex 51.5473 56.2571 5
      vertex 50.1659 54.8472 5
      vertex 51.3938 55.4738 5
    endloop
  endfacet
  facet normal 0 0 1
    outer loop
      vertex 48.9288 56.6416 5
      vertex 50.1469 57.6384 5
      vertex 49.7663 57.5973 5
    endloop
  endfacet
  facet normal -0 -0 1
    outer loop
      vertex 48.9314 55.8267 5
      vertex 50.1659 54.8472 5
      vertex 48.8937 56.2286 5
    endloop
  endfacet
  facet normal 0 0 1
    outer loop
      vertex 49.034 56.9881 5
      vertex 49.7663 57.5973 5
      vertex 49.4538 57.4738 5
    endloop
  endfacet
  facet normal 0 0 1
    outer loop
      vertex 50.1659 54.8472 5
      vertex 48.9314 55.8267 5
      vertex 49.7985 54.8879 5
    endloop
  endfacet
  facet normal 0 0 1
    outer loop
      vertex 49.034 56.9881 5
      vertex 49.4538 57.4738 5
      vertex 49.2094 57.2681 5
    endloop
  endfacet
  facet normal -0 -0 1
    outer loop
      vertex 49.0446 55.4881 5
      vertex 49.7985 54.8879 5
      vertex 48.9314 55.8267 5
    endloop
  endfacet
  facet normal 0 0 1
    outer loop
      vertex 49.7663 57.5973 5
      vertex 49.034 56.9881 5
      vertex 48.9288 56.6416 5
    endloop
  endfacet
  facet normal 0 0 1
    outer loop
      vertex 49.7985 54.8879 5
      vertex 49.0446 55.4881 5
      vertex 49.4876 55.0097 5
    endloop
  endfacet
  facet normal 0 0 1
    outer loop
      vertex 50.1469 57.6384 5
      vertex 48.9288 56.6416 5
      vertex 48.8937 56.2286 5
    endloop
  endfacet
  facet normal 0 0 1
    outer loop
      vertex 49.4876 55.0097 5
      vertex 49.0446 55.4881 5
      vertex 49.2331 55.2128 5
    endloop
  endfacet
  facet normal 0 0 -1
    outer loop
      vertex 0 0 0
      vertex 88.9 177.8 0
      vertex 88.9 0 0
    endloop
  endfacet
  facet normal -0 0 -1
    outer loop
      vertex 88.9 177.8 0
      vertex 0 0 0
      vertex 0 177.8 0
    endloop
  endfacet
  facet normal -1 0 0
    outer loop
      vertex 0 0 0
      vertex 0 177.8 5
      vertex 0 177.8 0
    endloop
  endfacet
  facet normal -1 -0 0
    outer loop
      vertex 0 177.8 5
      vertex 0 0 0
      vertex 0 0 5
    endloop
  endfacet
  facet normal 0 1 -0
    outer loop
      vertex 88.9 177.8 0
      vertex 0 177.8 5
      vertex 88.9 177.8 5
    endloop
  endfacet
  facet normal 0 1 0
    outer loop
      vertex 0 177.8 5
      vertex 88.9 177.8 0
      vertex 0 177.8 0
    endloop
  endfacet
  facet normal 0 -1 0
    outer loop
      vertex 0 0 0
      vertex 88.9 0 5
      vertex 0 0 5
    endloop
  endfacet
  facet normal 0 -1 -0
    outer loop
      vertex 88.9 0 5
      vertex 0 0 0
      vertex 88.9 0 0
    endloop
  endfacet
endsolid OpenSCAD_Model
