solid OpenSCAD_Model
  facet normal -0 0 1
    outer loop
      vertex 38.0192 46.1266 4.2
      vertex 36.8373 38.9873 4.2
      vertex 38.7692 46.1266 4.2
    endloop
  endfacet
  facet normal 0 -0 1
    outer loop
      vertex 36.8373 38.9873 4.2
      vertex 38.0192 46.1266 4.2
      vertex 36.0682 38.9873 4.2
    endloop
  endfacet
  facet normal 0 0 1
    outer loop
      vertex 33.2325 44.9541 4.2
      vertex 34.0918 45.7705 4.2
      vertex 33.3038 45.7705 4.2
    endloop
  endfacet
  facet normal -0 0 1
    outer loop
      vertex 34.0918 39.8084 4.2
      vertex 35.7199 39.0822 4.2
      vertex 35.7199 39.8084 4.2
    endloop
  endfacet
  facet normal 0 0 1
    outer loop
      vertex 34.0918 45.7705 4.2
      vertex 33.2325 44.9541 4.2
      vertex 34.0918 39.8084 4.2
    endloop
  endfacet
  facet normal 0 0 1
    outer loop
      vertex 33.2325 39.8084 4.2
      vertex 34.0918 39.8084 4.2
      vertex 33.2325 44.9541 4.2
    endloop
  endfacet
  facet normal -0 0 1
    outer loop
      vertex 33.2325 39.8084 4.2
      vertex 35.7199 39.0822 4.2
      vertex 34.0918 39.8084 4.2
    endloop
  endfacet
  facet normal 0 0 1
    outer loop
      vertex 31.5285 39.0822 4.2
      vertex 33.2325 39.8084 4.2
      vertex 31.5285 39.8084 4.2
    endloop
  endfacet
  facet normal 0 0 1
    outer loop
      vertex 33.2325 39.8084 4.2
      vertex 31.5285 39.0822 4.2
      vertex 35.7199 39.0822 4.2
    endloop
  endfacet
  facet normal 0 0 1
    outer loop
      vertex 31.7231 44.6835 4.2
      vertex 33.2325 44.9541 4.2
      vertex 33.3038 45.7705 4.2
    endloop
  endfacet
  facet normal 0 0 1
    outer loop
      vertex 33.2325 44.9541 4.2
      vertex 31.7231 44.6835 4.2
      vertex 31.7231 43.8765 4.2
    endloop
  endfacet
  facet normal -0 0 1
    outer loop
      vertex 26.7509 44.342 4.2
      vertex 27.6642 44.0996 4.2
      vertex 27.6022 44.6157 4.2
    endloop
  endfacet
  facet normal 0 0 1
    outer loop
      vertex 27.6642 44.0996 4.2
      vertex 26.786 44.0094 4.2
      vertex 27.6244 43.699 4.2
    endloop
  endfacet
  facet normal -0 0 1
    outer loop
      vertex 26.6456 44.6244 4.2
      vertex 27.6022 44.6157 4.2
      vertex 27.4163 45.0501 4.2
    endloop
  endfacet
  facet normal 0 0 1
    outer loop
      vertex 26.743 43.6748 4.2
      vertex 27.6244 43.699 4.2
      vertex 26.786 44.0094 4.2
    endloop
  endfacet
  facet normal 0 0 1
    outer loop
      vertex 26.6456 44.6244 4.2
      vertex 27.4163 45.0501 4.2
      vertex 27.1064 45.4026 4.2
    endloop
  endfacet
  facet normal 0 0 1
    outer loop
      vertex 27.6244 43.699 4.2
      vertex 26.743 43.6748 4.2
      vertex 27.5049 43.3517 4.2
    endloop
  endfacet
  facet normal 0 0 1
    outer loop
      vertex 27.5049 43.3517 4.2
      vertex 26.743 43.6748 4.2
      vertex 27.3058 43.0577 4.2
    endloop
  endfacet
  facet normal 0 0 1
    outer loop
      vertex 27.6642 44.0996 4.2
      vertex 26.7509 44.342 4.2
      vertex 26.786 44.0094 4.2
    endloop
  endfacet
  facet normal 0 0 1
    outer loop
      vertex 26.4703 44.8568 4.2
      vertex 27.1064 45.4026 4.2
      vertex 26.6847 45.6624 4.2
    endloop
  endfacet
  facet normal 0 0 1
    outer loop
      vertex 27.6022 44.6157 4.2
      vertex 26.6456 44.6244 4.2
      vertex 26.7509 44.342 4.2
    endloop
  endfacet
  facet normal 0 0 1
    outer loop
      vertex 27.1064 45.4026 4.2
      vertex 26.4703 44.8568 4.2
      vertex 26.6456 44.6244 4.2
    endloop
  endfacet
  facet normal 0 0 1
    outer loop
      vertex 26.6847 45.6624 4.2
      vertex 26.2258 45.0295 4.2
      vertex 26.4703 44.8568 4.2
    endloop
  endfacet
  facet normal 0 0 1
    outer loop
      vertex 26.1633 45.8183 4.2
      vertex 26.2258 45.0295 4.2
      vertex 26.6847 45.6624 4.2
    endloop
  endfacet
  facet normal 0 0 1
    outer loop
      vertex 26.1633 45.8183 4.2
      vertex 25.9133 45.1332 4.2
      vertex 26.2258 45.0295 4.2
    endloop
  endfacet
  facet normal 0 0 1
    outer loop
      vertex 25.5423 45.8702 4.2
      vertex 25.9133 45.1332 4.2
      vertex 26.1633 45.8183 4.2
    endloop
  endfacet
  facet normal 0 0 1
    outer loop
      vertex 25.5423 45.8702 4.2
      vertex 25.5328 45.1677 4.2
      vertex 25.9133 45.1332 4.2
    endloop
  endfacet
  facet normal 0 0 1
    outer loop
      vertex 25.5423 45.8702 4.2
      vertex 25.1802 45.1355 4.2
      vertex 25.5328 45.1677 4.2
    endloop
  endfacet
  facet normal -0 0 1
    outer loop
      vertex 24.9655 45.8191 4.2
      vertex 25.1802 45.1355 4.2
      vertex 25.5423 45.8702 4.2
    endloop
  endfacet
  facet normal 0 0 1
    outer loop
      vertex 24.9655 45.8191 4.2
      vertex 24.8756 45.039 4.2
      vertex 25.1802 45.1355 4.2
    endloop
  endfacet
  facet normal -0 0 1
    outer loop
      vertex 24.4632 45.6656 4.2
      vertex 24.8756 45.039 4.2
      vertex 24.9655 45.8191 4.2
    endloop
  endfacet
  facet normal 0 0 1
    outer loop
      vertex 24.8756 45.039 4.2
      vertex 24.4632 45.6656 4.2
      vertex 24.619 44.8781 4.2
    endloop
  endfacet
  facet normal -0 0 1
    outer loop
      vertex 24.0352 45.4098 4.2
      vertex 24.619 44.8781 4.2
      vertex 24.4632 45.6656 4.2
    endloop
  endfacet
  facet normal 0 0 1
    outer loop
      vertex 24.619 44.8781 4.2
      vertex 24.0352 45.4098 4.2
      vertex 24.4189 44.6587 4.2
    endloop
  endfacet
  facet normal -0 0 1
    outer loop
      vertex 23.6989 45.0627 4.2
      vertex 24.4189 44.6587 4.2
      vertex 24.0352 45.4098 4.2
    endloop
  endfacet
  facet normal 0 0 1
    outer loop
      vertex 24.4189 44.6587 4.2
      vertex 23.6989 45.0627 4.2
      vertex 24.2836 44.3866 4.2
    endloop
  endfacet
  facet normal -0 0 1
    outer loop
      vertex 23.4719 44.6355 4.2
      vertex 24.2836 44.3866 4.2
      vertex 23.6989 45.0627 4.2
    endloop
  endfacet
  facet normal 0 0 1
    outer loop
      vertex 24.2836 44.3866 4.2
      vertex 23.4719 44.6355 4.2
      vertex 24.2132 44.0616 4.2
    endloop
  endfacet
  facet normal 0 0 1
    outer loop
      vertex 24.2132 44.0616 4.2
      vertex 23.4719 44.6355 4.2
      vertex 23.354 44.1281 4.2
    endloop
  endfacet
  facet normal -0 0 1
    outer loop
      vertex 26.614 43.3924 4.2
      vertex 27.3058 43.0577 4.2
      vertex 26.743 43.6748 4.2
    endloop
  endfacet
  facet normal 0 0 1
    outer loop
      vertex 27.3058 43.0577 4.2
      vertex 26.614 43.3924 4.2
      vertex 27.0307 42.819 4.2
    endloop
  endfacet
  facet normal -0 0 1
    outer loop
      vertex 26.3991 43.1621 4.2
      vertex 27.0307 42.819 4.2
      vertex 26.614 43.3924 4.2
    endloop
  endfacet
  facet normal 0 0 1
    outer loop
      vertex 27.0307 42.819 4.2
      vertex 26.3991 43.1621 4.2
      vertex 26.6834 42.6378 4.2
    endloop
  endfacet
  facet normal 0 0 1
    outer loop
      vertex 26.3991 43.1621 4.2
      vertex 26.2638 42.5141 4.2
      vertex 26.6834 42.6378 4.2
    endloop
  endfacet
  facet normal 0 0 1
    outer loop
      vertex 25.743 42.89 4.2
      vertex 26.2638 42.4952 4.2
      vertex 26.2638 42.5141 4.2
    endloop
  endfacet
  facet normal -0 0 1
    outer loop
      vertex 26.1061 42.992 4.2
      vertex 26.2638 42.5141 4.2
      vertex 26.3991 43.1621 4.2
    endloop
  endfacet
  facet normal -0 0 1
    outer loop
      vertex 25.743 42.89 4.2
      vertex 26.2638 42.5141 4.2
      vertex 26.1061 42.992 4.2
    endloop
  endfacet
  facet normal 0 0 1
    outer loop
      vertex 26.2638 42.4952 4.2
      vertex 25.8158 42.0814 4.2
      vertex 26.2201 41.9793 4.2
    endloop
  endfacet
  facet normal 0 0 1
    outer loop
      vertex 26.2638 42.4952 4.2
      vertex 25.743 42.89 4.2
      vertex 25.8158 42.0814 4.2
    endloop
  endfacet
  facet normal 0 0 1
    outer loop
      vertex 25.743 42.89 4.2
      vertex 25.3287 42.1154 4.2
      vertex 25.8158 42.0814 4.2
    endloop
  endfacet
  facet normal -0 0 1
    outer loop
      vertex 25.3097 42.8559 4.2
      vertex 25.3287 42.1154 4.2
      vertex 25.743 42.89 4.2
    endloop
  endfacet
  facet normal 0 0 1
    outer loop
      vertex 24.8445 42.1154 4.2
      vertex 25.3097 42.8559 4.2
      vertex 24.8445 42.8559 4.2
    endloop
  endfacet
  facet normal 0 0 1
    outer loop
      vertex 25.3097 42.8559 4.2
      vertex 24.8445 42.1154 4.2
      vertex 25.3287 42.1154 4.2
    endloop
  endfacet
  facet normal 0 0 1
    outer loop
      vertex 27.8028 41.3317 4.2
      vertex 26.9149 41.2945 4.2
      vertex 26.9616 40.9572 4.2
    endloop
  endfacet
  facet normal 0 0 1
    outer loop
      vertex 27.4315 41.992 4.2
      vertex 26.7749 41.5785 4.2
      vertex 26.9149 41.2945 4.2
    endloop
  endfacet
  facet normal 0 0 1
    outer loop
      vertex 26.5415 41.8093 4.2
      vertex 27.1161 42.2357 4.2
      vertex 26.7269 42.4034 4.2
    endloop
  endfacet
  facet normal 0 0 1
    outer loop
      vertex 27.1161 42.2357 4.2
      vertex 26.5415 41.8093 4.2
      vertex 26.7749 41.5785 4.2
    endloop
  endfacet
  facet normal 0 0 1
    outer loop
      vertex 26.2201 41.9793 4.2
      vertex 26.7269 42.4034 4.2
      vertex 26.2638 42.4952 4.2
    endloop
  endfacet
  facet normal 0 0 1
    outer loop
      vertex 26.7269 42.4034 4.2
      vertex 26.2201 41.9793 4.2
      vertex 26.5415 41.8093 4.2
    endloop
  endfacet
  facet normal -0 0 1
    outer loop
      vertex 26.9616 40.9572 4.2
      vertex 27.8493 40.9287 4.2
      vertex 27.8028 41.3317 4.2
    endloop
  endfacet
  facet normal 0 0 1
    outer loop
      vertex 26.9149 41.2945 4.2
      vertex 27.8028 41.3317 4.2
      vertex 27.6636 41.6861 4.2
    endloop
  endfacet
  facet normal 0 0 1
    outer loop
      vertex 26.9207 40.5738 4.2
      vertex 27.8493 40.9287 4.2
      vertex 26.9616 40.9572 4.2
    endloop
  endfacet
  facet normal 0 0 1
    outer loop
      vertex 26.9149 41.2945 4.2
      vertex 27.6636 41.6861 4.2
      vertex 27.4315 41.992 4.2
    endloop
  endfacet
  facet normal 0 0 1
    outer loop
      vertex 27.8493 40.9287 4.2
      vertex 26.9207 40.5738 4.2
      vertex 27.7838 40.3581 4.2
    endloop
  endfacet
  facet normal 0 0 1
    outer loop
      vertex 26.7749 41.5785 4.2
      vertex 27.4315 41.992 4.2
      vertex 27.1161 42.2357 4.2
    endloop
  endfacet
  facet normal 0 0 1
    outer loop
      vertex 27.7838 40.3581 4.2
      vertex 26.9207 40.5738 4.2
      vertex 27.5877 39.8802 4.2
    endloop
  endfacet
  facet normal -0 0 1
    outer loop
      vertex 26.7981 40.2589 4.2
      vertex 27.5877 39.8802 4.2
      vertex 26.9207 40.5738 4.2
    endloop
  endfacet
  facet normal 0 0 1
    outer loop
      vertex 27.5877 39.8802 4.2
      vertex 26.7981 40.2589 4.2
      vertex 27.2606 39.4952 4.2
    endloop
  endfacet
  facet normal -0 0 1
    outer loop
      vertex 26.5937 40.0126 4.2
      vertex 27.2606 39.4952 4.2
      vertex 26.7981 40.2589 4.2
    endloop
  endfacet
  facet normal 0 0 1
    outer loop
      vertex 27.2606 39.4952 4.2
      vertex 26.5937 40.0126 4.2
      vertex 26.8123 39.213 4.2
    endloop
  endfacet
  facet normal -0 0 1
    outer loop
      vertex 26.3176 39.8359 4.2
      vertex 26.8123 39.213 4.2
      vertex 26.5937 40.0126 4.2
    endloop
  endfacet
  facet normal 0 0 1
    outer loop
      vertex 26.3176 39.8359 4.2
      vertex 26.2522 39.0437 4.2
      vertex 26.8123 39.213 4.2
    endloop
  endfacet
  facet normal -0 0 1
    outer loop
      vertex 25.9798 39.7299 4.2
      vertex 26.2522 39.0437 4.2
      vertex 26.3176 39.8359 4.2
    endloop
  endfacet
  facet normal 0 0 1
    outer loop
      vertex 25.5803 38.9873 4.2
      vertex 25.9798 39.7299 4.2
      vertex 25.5803 39.6946 4.2
    endloop
  endfacet
  facet normal 0 0 1
    outer loop
      vertex 25.9798 39.7299 4.2
      vertex 25.5803 38.9873 4.2
      vertex 26.2522 39.0437 4.2
    endloop
  endfacet
  facet normal 0 0 1
    outer loop
      vertex 25.5803 39.6946 4.2
      vertex 24.9487 39.0382 4.2
      vertex 25.5803 38.9873 4.2
    endloop
  endfacet
  facet normal 0 0 1
    outer loop
      vertex 24.8466 39.8264 4.2
      vertex 24.9487 39.0382 4.2
      vertex 25.5803 39.6946 4.2
    endloop
  endfacet
  facet normal 0 0 1
    outer loop
      vertex 24.8466 39.8264 4.2
      vertex 24.4083 39.1909 4.2
      vertex 24.9487 39.0382 4.2
    endloop
  endfacet
  facet normal 0 0 1
    outer loop
      vertex 23.9592 39.4454 4.2
      vertex 24.8466 39.8264 4.2
      vertex 24.3609 40.222 4.2
    endloop
  endfacet
  facet normal -0 0 1
    outer loop
      vertex 23.3706 40.2513 4.2
      vertex 24.3609 40.222 4.2
      vertex 24.123 40.8813 4.2
    endloop
  endfacet
  facet normal 0 0 1
    outer loop
      vertex 24.8466 39.8264 4.2
      vertex 23.9592 39.4454 4.2
      vertex 24.4083 39.1909 4.2
    endloop
  endfacet
  facet normal 0 0 1
    outer loop
      vertex 24.3609 40.222 4.2
      vertex 23.6103 39.7995 4.2
      vertex 23.9592 39.4454 4.2
    endloop
  endfacet
  facet normal 0 0 1
    outer loop
      vertex 24.3609 40.222 4.2
      vertex 23.3706 40.2513 4.2
      vertex 23.6103 39.7995 4.2
    endloop
  endfacet
  facet normal 0 -0 1
    outer loop
      vertex 23.3706 40.2513 4.2
      vertex 24.123 40.8813 4.2
      vertex 23.24 40.8006 4.2
    endloop
  endfacet
  facet normal -0 0 1
    outer loop
      vertex 42.6054 44.3491 4.2
      vertex 43.5194 44.0379 4.2
      vertex 43.459 44.5788 4.2
    endloop
  endfacet
  facet normal 0 0 1
    outer loop
      vertex 43.5194 44.0379 4.2
      vertex 42.6413 44.0094 4.2
      vertex 43.4996 43.779 4.2
    endloop
  endfacet
  facet normal 0 0 1
    outer loop
      vertex 42.6204 43.7468 4.2
      vertex 43.4996 43.779 4.2
      vertex 42.6413 44.0094 4.2
    endloop
  endfacet
  facet normal 0 0 1
    outer loop
      vertex 42.6054 44.3491 4.2
      vertex 43.459 44.5788 4.2
      vertex 43.2778 45.0306 4.2
    endloop
  endfacet
  facet normal 0 0 1
    outer loop
      vertex 43.4996 43.779 4.2
      vertex 42.6204 43.7468 4.2
      vertex 43.4403 43.521 4.2
    endloop
  endfacet
  facet normal 0 0 1
    outer loop
      vertex 43.4403 43.521 4.2
      vertex 42.6204 43.7468 4.2
      vertex 43.3414 43.2642 4.2
    endloop
  endfacet
  facet normal 0 0 1
    outer loop
      vertex 42.4978 44.6339 4.2
      vertex 43.2778 45.0306 4.2
      vertex 42.9759 45.3932 4.2
    endloop
  endfacet
  facet normal -0 0 1
    outer loop
      vertex 42.5579 43.5031 4.2
      vertex 43.3414 43.2642 4.2
      vertex 42.6204 43.7468 4.2
    endloop
  endfacet
  facet normal 0 0 1
    outer loop
      vertex 43.3414 43.2642 4.2
      vertex 42.5579 43.5031 4.2
      vertex 43.2035 43.0079 4.2
    endloop
  endfacet
  facet normal 0 0 1
    outer loop
      vertex 43.5194 44.0379 4.2
      vertex 42.6054 44.3491 4.2
      vertex 42.6413 44.0094 4.2
    endloop
  endfacet
  facet normal 0 0 1
    outer loop
      vertex 42.3184 44.8639 4.2
      vertex 42.9759 45.3932 4.2
      vertex 42.5616 45.6582 4.2
    endloop
  endfacet
  facet normal 0 0 1
    outer loop
      vertex 43.2778 45.0306 4.2
      vertex 42.4978 44.6339 4.2
      vertex 42.6054 44.3491 4.2
    endloop
  endfacet
  facet normal 0 0 1
    outer loop
      vertex 42.9759 45.3932 4.2
      vertex 42.3184 44.8639 4.2
      vertex 42.4978 44.6339 4.2
    endloop
  endfacet
  facet normal 0 0 1
    outer loop
      vertex 42.5616 45.6582 4.2
      vertex 42.0753 45.0327 4.2
      vertex 42.3184 44.8639 4.2
    endloop
  endfacet
  facet normal 0 0 1
    outer loop
      vertex 42.0434 45.8172 4.2
      vertex 42.0753 45.0327 4.2
      vertex 42.5616 45.6582 4.2
    endloop
  endfacet
  facet normal 0 0 1
    outer loop
      vertex 42.0434 45.8172 4.2
      vertex 41.7762 45.1339 4.2
      vertex 42.0753 45.0327 4.2
    endloop
  endfacet
  facet normal 0 0 1
    outer loop
      vertex 41.4213 45.8702 4.2
      vertex 41.7762 45.1339 4.2
      vertex 42.0434 45.8172 4.2
    endloop
  endfacet
  facet normal 0 0 1
    outer loop
      vertex 41.4213 45.8702 4.2
      vertex 41.4213 45.1677 4.2
      vertex 41.7762 45.1339 4.2
    endloop
  endfacet
  facet normal 0 0 1
    outer loop
      vertex 41.4213 45.8702 4.2
      vertex 41.0787 45.1347 4.2
      vertex 41.4213 45.1677 4.2
    endloop
  endfacet
  facet normal -0 0 1
    outer loop
      vertex 40.8445 45.8175 4.2
      vertex 41.0787 45.1347 4.2
      vertex 41.4213 45.8702 4.2
    endloop
  endfacet
  facet normal 0 0 1
    outer loop
      vertex 40.8445 45.8175 4.2
      vertex 40.7789 45.0358 4.2
      vertex 41.0787 45.1347 4.2
    endloop
  endfacet
  facet normal -0 0 1
    outer loop
      vertex 40.3422 45.6592 4.2
      vertex 40.7789 45.0358 4.2
      vertex 40.8445 45.8175 4.2
    endloop
  endfacet
  facet normal 0 0 1
    outer loop
      vertex 40.7789 45.0358 4.2
      vertex 40.3422 45.6592 4.2
      vertex 40.5217 44.871 4.2
    endloop
  endfacet
  facet normal -0 0 1
    outer loop
      vertex 39.9141 45.3955 4.2
      vertex 40.5217 44.871 4.2
      vertex 40.3422 45.6592 4.2
    endloop
  endfacet
  facet normal 0 0 1
    outer loop
      vertex 40.5217 44.871 4.2
      vertex 39.9141 45.3955 4.2
      vertex 40.3184 44.6466 4.2
    endloop
  endfacet
  facet normal -0 0 1
    outer loop
      vertex 39.5779 45.0426 4.2
      vertex 40.3184 44.6466 4.2
      vertex 39.9141 45.3955 4.2
    endloop
  endfacet
  facet normal 0 0 1
    outer loop
      vertex 40.3184 44.6466 4.2
      vertex 39.5779 45.0426 4.2
      vertex 40.18 44.3689 4.2
    endloop
  endfacet
  facet normal -0 0 1
    outer loop
      vertex 39.3508 44.617 4.2
      vertex 40.18 44.3689 4.2
      vertex 39.5779 45.0426 4.2
    endloop
  endfacet
  facet normal 0 0 1
    outer loop
      vertex 40.18 44.3689 4.2
      vertex 39.3508 44.617 4.2
      vertex 40.1064 44.0379 4.2
    endloop
  endfacet
  facet normal 0 0 1
    outer loop
      vertex 40.1064 44.0379 4.2
      vertex 39.3508 44.617 4.2
      vertex 39.233 44.1186 4.2
    endloop
  endfacet
  facet normal -0 0 1
    outer loop
      vertex 42.4537 43.2784 4.2
      vertex 43.2035 43.0079 4.2
      vertex 42.5579 43.5031 4.2
    endloop
  endfacet
  facet normal 0 0 1
    outer loop
      vertex 43.2035 43.0079 4.2
      vertex 42.4537 43.2784 4.2
      vertex 43.0271 42.7515 4.2
    endloop
  endfacet
  facet normal -0 0 1
    outer loop
      vertex 42.3158 43.0664 4.2
      vertex 43.0271 42.7515 4.2
      vertex 42.4537 43.2784 4.2
    endloop
  endfacet
  facet normal 0 0 1
    outer loop
      vertex 43.0271 42.7515 4.2
      vertex 42.3158 43.0664 4.2
      vertex 42.8121 42.4952 4.2
    endloop
  endfacet
  facet normal -0 0 1
    outer loop
      vertex 42.152 42.8607 4.2
      vertex 42.8121 42.4952 4.2
      vertex 42.3158 43.0664 4.2
    endloop
  endfacet
  facet normal 0 0 1
    outer loop
      vertex 42.8121 42.4952 4.2
      vertex 42.152 42.8607 4.2
      vertex 42.5068 42.1919 4.2
    endloop
  endfacet
  facet normal -0 0 1
    outer loop
      vertex 41.9624 42.6613 4.2
      vertex 42.5068 42.1919 4.2
      vertex 42.152 42.8607 4.2
    endloop
  endfacet
  facet normal -0 0 1
    outer loop
      vertex 41.7517 42.4651 4.2
      vertex 42.5068 42.1919 4.2
      vertex 41.9624 42.6613 4.2
    endloop
  endfacet
  facet normal 0 0 1
    outer loop
      vertex 42.5068 42.1919 4.2
      vertex 41.7517 42.4651 4.2
      vertex 42.059 41.7947 4.2
    endloop
  endfacet
  facet normal -0 0 1
    outer loop
      vertex 41.5246 42.2689 4.2
      vertex 42.059 41.7947 4.2
      vertex 41.7517 42.4651 4.2
    endloop
  endfacet
  facet normal -0 0 1
    outer loop
      vertex 41.2812 42.0727 4.2
      vertex 42.059 41.7947 4.2
      vertex 41.5246 42.2689 4.2
    endloop
  endfacet
  facet normal 0 0 1
    outer loop
      vertex 42.059 41.7947 4.2
      vertex 41.2812 42.0727 4.2
      vertex 41.4688 41.3037 4.2
    endloop
  endfacet
  facet normal -0 0 1
    outer loop
      vertex 41.0289 41.871 4.2
      vertex 41.4688 41.3037 4.2
      vertex 41.2812 42.0727 4.2
    endloop
  endfacet
  facet normal -0 0 1
    outer loop
      vertex 40.7749 41.6582 4.2
      vertex 41.4688 41.3037 4.2
      vertex 41.0289 41.871 4.2
    endloop
  endfacet
  facet normal 0 0 1
    outer loop
      vertex 41.4688 41.3037 4.2
      vertex 40.7749 41.6582 4.2
      vertex 41.1296 41.016 4.2
    endloop
  endfacet
  facet normal -0 0 1
    outer loop
      vertex 40.5194 41.4343 4.2
      vertex 41.1296 41.016 4.2
      vertex 40.7749 41.6582 4.2
    endloop
  endfacet
  facet normal 0 0 1
    outer loop
      vertex 41.1296 41.016 4.2
      vertex 40.5194 41.4343 4.2
      vertex 40.84 40.7478 4.2
    endloop
  endfacet
  facet normal -0 0 1
    outer loop
      vertex 40.267 41.1959 4.2
      vertex 40.84 40.7478 4.2
      vertex 40.5194 41.4343 4.2
    endloop
  endfacet
  facet normal 0 0 1
    outer loop
      vertex 40.84 40.7478 4.2
      vertex 40.267 41.1959 4.2
      vertex 40.6001 40.4991 4.2
    endloop
  endfacet
  facet normal -0 0 1
    outer loop
      vertex 40.0225 40.9395 4.2
      vertex 40.6001 40.4991 4.2
      vertex 40.267 41.1959 4.2
    endloop
  endfacet
  facet normal 0 0 1
    outer loop
      vertex 40.6001 40.4991 4.2
      vertex 40.0225 40.9395 4.2
      vertex 40.4049 40.2631 4.2
    endloop
  endfacet
  facet normal -0 0 1
    outer loop
      vertex 39.786 40.6652 4.2
      vertex 40.4049 40.2631 4.2
      vertex 40.0225 40.9395 4.2
    endloop
  endfacet
  facet normal 0 0 1
    outer loop
      vertex 40.4049 40.2631 4.2
      vertex 39.786 40.6652 4.2
      vertex 40.2499 40.0329 4.2
    endloop
  endfacet
  facet normal -0 0 1
    outer loop
      vertex 40.1349 39.8084 4.2
      vertex 43.6239 39.0822 4.2
      vertex 43.6239 39.8084 4.2
    endloop
  endfacet
  facet normal -0 0 1
    outer loop
      vertex 39.5653 40.3675 4.2
      vertex 40.2499 40.0329 4.2
      vertex 39.786 40.6652 4.2
    endloop
  endfacet
  facet normal 0 0 1
    outer loop
      vertex 40.2499 40.0329 4.2
      vertex 39.5653 40.3675 4.2
      vertex 40.1349 39.8084 4.2
    endloop
  endfacet
  facet normal -0 0 1
    outer loop
      vertex 39.3683 40.0408 4.2
      vertex 40.1349 39.8084 4.2
      vertex 39.5653 40.3675 4.2
    endloop
  endfacet
  facet normal 0 0 1
    outer loop
      vertex 39.195 39.685 4.2
      vertex 40.1349 39.8084 4.2
      vertex 39.3683 40.0408 4.2
    endloop
  endfacet
  facet normal 0 0 1
    outer loop
      vertex 39.195 39.0822 4.2
      vertex 40.1349 39.8084 4.2
      vertex 39.195 39.685 4.2
    endloop
  endfacet
  facet normal 0 0 1
    outer loop
      vertex 40.1349 39.8084 4.2
      vertex 39.195 39.0822 4.2
      vertex 43.6239 39.0822 4.2
    endloop
  endfacet
  facet normal -0 0 1
    outer loop
      vertex 53.6876 44.2183 4.2
      vertex 52.8996 41.7309 4.2
      vertex 54.6417 44.2183 4.2
    endloop
  endfacet
  facet normal 0 -0 1
    outer loop
      vertex 52.8996 41.7309 4.2
      vertex 53.6876 44.2183 4.2
      vertex 52.4154 42.2199 4.2
    endloop
  endfacet
  facet normal 0 0 1
    outer loop
      vertex 52.8996 41.7309 4.2
      vertex 53.7968 39.0822 4.2
      vertex 54.7509 39.0822 4.2
    endloop
  endfacet
  facet normal 0 0 1
    outer loop
      vertex 51.9313 41.7215 4.2
      vertex 52.8996 41.7309 4.2
      vertex 52.4154 42.2199 4.2
    endloop
  endfacet
  facet normal 0 0 1
    outer loop
      vertex 52.8996 41.7309 4.2
      vertex 52.4154 41.1898 4.2
      vertex 53.7968 39.0822 4.2
    endloop
  endfacet
  facet normal 0 0 1
    outer loop
      vertex 52.8996 41.7309 4.2
      vertex 51.9313 41.7215 4.2
      vertex 52.4154 41.1898 4.2
    endloop
  endfacet
  facet normal 0 0 1
    outer loop
      vertex 51.1338 44.2183 4.2
      vertex 51.9313 41.7215 4.2
      vertex 52.4154 42.2199 4.2
    endloop
  endfacet
  facet normal 0 0 1
    outer loop
      vertex 51.9313 41.7215 4.2
      vertex 51.1338 44.2183 4.2
      vertex 50.1891 44.2183 4.2
    endloop
  endfacet
  facet normal 0 0 1
    outer loop
      vertex 51.9313 41.7215 4.2
      vertex 51.0246 39.0822 4.2
      vertex 52.4154 41.1898 4.2
    endloop
  endfacet
  facet normal 0 -0 1
    outer loop
      vertex 51.0246 39.0822 4.2
      vertex 51.9313 41.7215 4.2
      vertex 50.1037 39.0822 4.2
    endloop
  endfacet
  facet normal 0 0 1
    outer loop
      vertex 45.2727 45.7705 4.2
      vertex 44.499 43.6677 4.2
      vertex 45.1683 43.6677 4.2
    endloop
  endfacet
  facet normal 0 -0 1
    outer loop
      vertex 44.499 43.6677 4.2
      vertex 45.2727 45.7705 4.2
      vertex 44.3994 45.7705 4.2
    endloop
  endfacet
  facet normal 0 0 1
    outer loop
      vertex 65.6979 45.7705 4.2
      vertex 64.9194 43.6677 4.2
      vertex 65.5934 43.6677 4.2
    endloop
  endfacet
  facet normal 0 -0 1
    outer loop
      vertex 64.9194 43.6677 4.2
      vertex 65.6979 45.7705 4.2
      vertex 64.8245 45.7705 4.2
    endloop
  endfacet
  facet normal 0 0 1
    outer loop
      vertex 47.0243 45.7705 4.2
      vertex 46.2459 43.6677 4.2
      vertex 46.9199 43.6677 4.2
    endloop
  endfacet
  facet normal 0 -0 1
    outer loop
      vertex 46.2459 43.6677 4.2
      vertex 47.0243 45.7705 4.2
      vertex 46.151 45.7705 4.2
    endloop
  endfacet
  facet normal -0 0 1
    outer loop
      vertex 61.2607 44.342 4.2
      vertex 62.174 44.0996 4.2
      vertex 62.112 44.6157 4.2
    endloop
  endfacet
  facet normal 0 0 1
    outer loop
      vertex 62.174 44.0996 4.2
      vertex 61.2957 44.0094 4.2
      vertex 62.1341 43.699 4.2
    endloop
  endfacet
  facet normal -0 0 1
    outer loop
      vertex 61.1554 44.6244 4.2
      vertex 62.112 44.6157 4.2
      vertex 61.9261 45.0501 4.2
    endloop
  endfacet
  facet normal 0 0 1
    outer loop
      vertex 61.2528 43.6748 4.2
      vertex 62.1341 43.699 4.2
      vertex 61.2957 44.0094 4.2
    endloop
  endfacet
  facet normal 0 0 1
    outer loop
      vertex 61.1554 44.6244 4.2
      vertex 61.9261 45.0501 4.2
      vertex 61.6162 45.4026 4.2
    endloop
  endfacet
  facet normal 0 0 1
    outer loop
      vertex 62.1341 43.699 4.2
      vertex 61.2528 43.6748 4.2
      vertex 62.0147 43.3517 4.2
    endloop
  endfacet
  facet normal 0 0 1
    outer loop
      vertex 62.0147 43.3517 4.2
      vertex 61.2528 43.6748 4.2
      vertex 61.8156 43.0577 4.2
    endloop
  endfacet
  facet normal 0 0 1
    outer loop
      vertex 62.174 44.0996 4.2
      vertex 61.2607 44.342 4.2
      vertex 61.2957 44.0094 4.2
    endloop
  endfacet
  facet normal 0 0 1
    outer loop
      vertex 60.98 44.8568 4.2
      vertex 61.6162 45.4026 4.2
      vertex 61.1945 45.6624 4.2
    endloop
  endfacet
  facet normal 0 0 1
    outer loop
      vertex 62.112 44.6157 4.2
      vertex 61.1554 44.6244 4.2
      vertex 61.2607 44.342 4.2
    endloop
  endfacet
  facet normal 0 0 1
    outer loop
      vertex 61.6162 45.4026 4.2
      vertex 60.98 44.8568 4.2
      vertex 61.1554 44.6244 4.2
    endloop
  endfacet
  facet normal 0 0 1
    outer loop
      vertex 61.1945 45.6624 4.2
      vertex 60.7356 45.0295 4.2
      vertex 60.98 44.8568 4.2
    endloop
  endfacet
  facet normal 0 0 1
    outer loop
      vertex 60.6731 45.8183 4.2
      vertex 60.7356 45.0295 4.2
      vertex 61.1945 45.6624 4.2
    endloop
  endfacet
  facet normal 0 0 1
    outer loop
      vertex 60.6731 45.8183 4.2
      vertex 60.4231 45.1332 4.2
      vertex 60.7356 45.0295 4.2
    endloop
  endfacet
  facet normal 0 0 1
    outer loop
      vertex 60.0521 45.8702 4.2
      vertex 60.4231 45.1332 4.2
      vertex 60.6731 45.8183 4.2
    endloop
  endfacet
  facet normal 0 0 1
    outer loop
      vertex 60.0521 45.8702 4.2
      vertex 60.0426 45.1677 4.2
      vertex 60.4231 45.1332 4.2
    endloop
  endfacet
  facet normal 0 0 1
    outer loop
      vertex 60.0521 45.8702 4.2
      vertex 59.69 45.1355 4.2
      vertex 60.0426 45.1677 4.2
    endloop
  endfacet
  facet normal -0 0 1
    outer loop
      vertex 59.4753 45.8191 4.2
      vertex 59.69 45.1355 4.2
      vertex 60.0521 45.8702 4.2
    endloop
  endfacet
  facet normal 0 0 1
    outer loop
      vertex 59.4753 45.8191 4.2
      vertex 59.3854 45.039 4.2
      vertex 59.69 45.1355 4.2
    endloop
  endfacet
  facet normal -0 0 1
    outer loop
      vertex 58.973 45.6656 4.2
      vertex 59.3854 45.039 4.2
      vertex 59.4753 45.8191 4.2
    endloop
  endfacet
  facet normal 0 0 1
    outer loop
      vertex 59.3854 45.039 4.2
      vertex 58.973 45.6656 4.2
      vertex 59.1288 44.8781 4.2
    endloop
  endfacet
  facet normal -0 0 1
    outer loop
      vertex 58.5449 45.4098 4.2
      vertex 59.1288 44.8781 4.2
      vertex 58.973 45.6656 4.2
    endloop
  endfacet
  facet normal 0 0 1
    outer loop
      vertex 59.1288 44.8781 4.2
      vertex 58.5449 45.4098 4.2
      vertex 58.9287 44.6587 4.2
    endloop
  endfacet
  facet normal -0 0 1
    outer loop
      vertex 58.2087 45.0627 4.2
      vertex 58.9287 44.6587 4.2
      vertex 58.5449 45.4098 4.2
    endloop
  endfacet
  facet normal 0 0 1
    outer loop
      vertex 58.9287 44.6587 4.2
      vertex 58.2087 45.0627 4.2
      vertex 58.7934 44.3866 4.2
    endloop
  endfacet
  facet normal -0 0 1
    outer loop
      vertex 57.9816 44.6355 4.2
      vertex 58.7934 44.3866 4.2
      vertex 58.2087 45.0627 4.2
    endloop
  endfacet
  facet normal 0 0 1
    outer loop
      vertex 58.7934 44.3866 4.2
      vertex 57.9816 44.6355 4.2
      vertex 58.723 44.0616 4.2
    endloop
  endfacet
  facet normal 0 0 1
    outer loop
      vertex 58.723 44.0616 4.2
      vertex 57.9816 44.6355 4.2
      vertex 57.8638 44.1281 4.2
    endloop
  endfacet
  facet normal -0 0 1
    outer loop
      vertex 61.1238 43.3924 4.2
      vertex 61.8156 43.0577 4.2
      vertex 61.2528 43.6748 4.2
    endloop
  endfacet
  facet normal 0 0 1
    outer loop
      vertex 61.8156 43.0577 4.2
      vertex 61.1238 43.3924 4.2
      vertex 61.5405 42.819 4.2
    endloop
  endfacet
  facet normal -0 0 1
    outer loop
      vertex 60.9088 43.1621 4.2
      vertex 61.5405 42.819 4.2
      vertex 61.1238 43.3924 4.2
    endloop
  endfacet
  facet normal 0 0 1
    outer loop
      vertex 61.5405 42.819 4.2
      vertex 60.9088 43.1621 4.2
      vertex 61.1932 42.6378 4.2
    endloop
  endfacet
  facet normal 0 0 1
    outer loop
      vertex 60.9088 43.1621 4.2
      vertex 60.7736 42.5141 4.2
      vertex 61.1932 42.6378 4.2
    endloop
  endfacet
  facet normal 0 0 1
    outer loop
      vertex 60.2528 42.89 4.2
      vertex 60.7736 42.4952 4.2
      vertex 60.7736 42.5141 4.2
    endloop
  endfacet
  facet normal -0 0 1
    outer loop
      vertex 60.6159 42.992 4.2
      vertex 60.7736 42.5141 4.2
      vertex 60.9088 43.1621 4.2
    endloop
  endfacet
  facet normal -0 0 1
    outer loop
      vertex 60.2528 42.89 4.2
      vertex 60.7736 42.5141 4.2
      vertex 60.6159 42.992 4.2
    endloop
  endfacet
  facet normal 0 0 1
    outer loop
      vertex 60.7736 42.4952 4.2
      vertex 60.3256 42.0814 4.2
      vertex 60.7298 41.9793 4.2
    endloop
  endfacet
  facet normal 0 0 1
    outer loop
      vertex 60.7736 42.4952 4.2
      vertex 60.2528 42.89 4.2
      vertex 60.3256 42.0814 4.2
    endloop
  endfacet
  facet normal 0 0 1
    outer loop
      vertex 60.2528 42.89 4.2
      vertex 59.8385 42.1154 4.2
      vertex 60.3256 42.0814 4.2
    endloop
  endfacet
  facet normal -0 0 1
    outer loop
      vertex 59.8195 42.8559 4.2
      vertex 59.8385 42.1154 4.2
      vertex 60.2528 42.89 4.2
    endloop
  endfacet
  facet normal 0 0 1
    outer loop
      vertex 59.3543 42.1154 4.2
      vertex 59.8195 42.8559 4.2
      vertex 59.3543 42.8559 4.2
    endloop
  endfacet
  facet normal 0 0 1
    outer loop
      vertex 59.8195 42.8559 4.2
      vertex 59.3543 42.1154 4.2
      vertex 59.8385 42.1154 4.2
    endloop
  endfacet
  facet normal 0 0 1
    outer loop
      vertex 62.3126 41.3317 4.2
      vertex 61.4247 41.2945 4.2
      vertex 61.4714 40.9572 4.2
    endloop
  endfacet
  facet normal 0 0 1
    outer loop
      vertex 61.9413 41.992 4.2
      vertex 61.2847 41.5785 4.2
      vertex 61.4247 41.2945 4.2
    endloop
  endfacet
  facet normal 0 0 1
    outer loop
      vertex 61.0513 41.8093 4.2
      vertex 61.6259 42.2357 4.2
      vertex 61.2367 42.4034 4.2
    endloop
  endfacet
  facet normal 0 0 1
    outer loop
      vertex 61.6259 42.2357 4.2
      vertex 61.0513 41.8093 4.2
      vertex 61.2847 41.5785 4.2
    endloop
  endfacet
  facet normal 0 0 1
    outer loop
      vertex 60.7298 41.9793 4.2
      vertex 61.2367 42.4034 4.2
      vertex 60.7736 42.4952 4.2
    endloop
  endfacet
  facet normal 0 0 1
    outer loop
      vertex 61.2367 42.4034 4.2
      vertex 60.7298 41.9793 4.2
      vertex 61.0513 41.8093 4.2
    endloop
  endfacet
  facet normal -0 0 1
    outer loop
      vertex 61.4714 40.9572 4.2
      vertex 62.359 40.9287 4.2
      vertex 62.3126 41.3317 4.2
    endloop
  endfacet
  facet normal 0 0 1
    outer loop
      vertex 61.4247 41.2945 4.2
      vertex 62.3126 41.3317 4.2
      vertex 62.1734 41.6861 4.2
    endloop
  endfacet
  facet normal 0 0 1
    outer loop
      vertex 61.4305 40.5738 4.2
      vertex 62.359 40.9287 4.2
      vertex 61.4714 40.9572 4.2
    endloop
  endfacet
  facet normal 0 0 1
    outer loop
      vertex 61.4247 41.2945 4.2
      vertex 62.1734 41.6861 4.2
      vertex 61.9413 41.992 4.2
    endloop
  endfacet
  facet normal 0 0 1
    outer loop
      vertex 62.359 40.9287 4.2
      vertex 61.4305 40.5738 4.2
      vertex 62.2936 40.3581 4.2
    endloop
  endfacet
  facet normal 0 0 1
    outer loop
      vertex 61.2847 41.5785 4.2
      vertex 61.9413 41.992 4.2
      vertex 61.6259 42.2357 4.2
    endloop
  endfacet
  facet normal 0 0 1
    outer loop
      vertex 62.2936 40.3581 4.2
      vertex 61.4305 40.5738 4.2
      vertex 62.0974 39.8802 4.2
    endloop
  endfacet
  facet normal -0 0 1
    outer loop
      vertex 61.3078 40.2589 4.2
      vertex 62.0974 39.8802 4.2
      vertex 61.4305 40.5738 4.2
    endloop
  endfacet
  facet normal 0 0 1
    outer loop
      vertex 62.0974 39.8802 4.2
      vertex 61.3078 40.2589 4.2
      vertex 61.7704 39.4952 4.2
    endloop
  endfacet
  facet normal -0 0 1
    outer loop
      vertex 61.1034 40.0126 4.2
      vertex 61.7704 39.4952 4.2
      vertex 61.3078 40.2589 4.2
    endloop
  endfacet
  facet normal 0 0 1
    outer loop
      vertex 61.7704 39.4952 4.2
      vertex 61.1034 40.0126 4.2
      vertex 61.3221 39.213 4.2
    endloop
  endfacet
  facet normal -0 0 1
    outer loop
      vertex 60.8274 39.8359 4.2
      vertex 61.3221 39.213 4.2
      vertex 61.1034 40.0126 4.2
    endloop
  endfacet
  facet normal 0 0 1
    outer loop
      vertex 60.8274 39.8359 4.2
      vertex 60.762 39.0437 4.2
      vertex 61.3221 39.213 4.2
    endloop
  endfacet
  facet normal -0 0 1
    outer loop
      vertex 60.4896 39.7299 4.2
      vertex 60.762 39.0437 4.2
      vertex 60.8274 39.8359 4.2
    endloop
  endfacet
  facet normal 0 0 1
    outer loop
      vertex 60.0901 38.9873 4.2
      vertex 60.4896 39.7299 4.2
      vertex 60.0901 39.6946 4.2
    endloop
  endfacet
  facet normal 0 0 1
    outer loop
      vertex 60.4896 39.7299 4.2
      vertex 60.0901 38.9873 4.2
      vertex 60.762 39.0437 4.2
    endloop
  endfacet
  facet normal 0 0 1
    outer loop
      vertex 60.0901 39.6946 4.2
      vertex 59.4585 39.0382 4.2
      vertex 60.0901 38.9873 4.2
    endloop
  endfacet
  facet normal 0 0 1
    outer loop
      vertex 59.3564 39.8264 4.2
      vertex 59.4585 39.0382 4.2
      vertex 60.0901 39.6946 4.2
    endloop
  endfacet
  facet normal 0 0 1
    outer loop
      vertex 59.3564 39.8264 4.2
      vertex 58.9181 39.1909 4.2
      vertex 59.4585 39.0382 4.2
    endloop
  endfacet
  facet normal 0 0 1
    outer loop
      vertex 58.469 39.4454 4.2
      vertex 59.3564 39.8264 4.2
      vertex 58.8707 40.222 4.2
    endloop
  endfacet
  facet normal -0 0 1
    outer loop
      vertex 57.8804 40.2513 4.2
      vertex 58.8707 40.222 4.2
      vertex 58.6328 40.8813 4.2
    endloop
  endfacet
  facet normal 0 0 1
    outer loop
      vertex 59.3564 39.8264 4.2
      vertex 58.469 39.4454 4.2
      vertex 58.9181 39.1909 4.2
    endloop
  endfacet
  facet normal 0 0 1
    outer loop
      vertex 58.8707 40.222 4.2
      vertex 58.1201 39.7995 4.2
      vertex 58.469 39.4454 4.2
    endloop
  endfacet
  facet normal 0 0 1
    outer loop
      vertex 58.8707 40.222 4.2
      vertex 57.8804 40.2513 4.2
      vertex 58.1201 39.7995 4.2
    endloop
  endfacet
  facet normal 0 -0 1
    outer loop
      vertex 57.8804 40.2513 4.2
      vertex 58.6328 40.8813 4.2
      vertex 57.7498 40.8006 4.2
    endloop
  endfacet
  facet normal 0 0 1
    outer loop
      vertex 63.9463 45.7705 4.2
      vertex 63.1726 43.6677 4.2
      vertex 63.8418 43.6677 4.2
    endloop
  endfacet
  facet normal 0 -0 1
    outer loop
      vertex 63.1726 43.6677 4.2
      vertex 63.9463 45.7705 4.2
      vertex 63.0729 45.7705 4.2
    endloop
  endfacet
  facet normal 0 -1 0
    outer loop
      vertex 38.0192 46.1266 4.2
      vertex 38.7692 46.1266 5
      vertex 38.0192 46.1266 5
    endloop
  endfacet
  facet normal 0 -1 -0
    outer loop
      vertex 38.7692 46.1266 5
      vertex 38.0192 46.1266 4.2
      vertex 38.7692 46.1266 4.2
    endloop
  endfacet
  facet normal 0.964629 -0.26361 0
    outer loop
      vertex 36.0682 38.9873 5
      vertex 38.0192 46.1266 4.2
      vertex 38.0192 46.1266 5
    endloop
  endfacet
  facet normal 0.964629 -0.26361 0
    outer loop
      vertex 38.0192 46.1266 4.2
      vertex 36.0682 38.9873 5
      vertex 36.0682 38.9873 4.2
    endloop
  endfacet
  facet normal 0 1 -0
    outer loop
      vertex 36.8373 38.9873 4.2
      vertex 36.0682 38.9873 5
      vertex 36.8373 38.9873 5
    endloop
  endfacet
  facet normal 0 1 0
    outer loop
      vertex 36.0682 38.9873 5
      vertex 36.8373 38.9873 4.2
      vertex 36.0682 38.9873 4.2
    endloop
  endfacet
  facet normal -0.965283 0.261206 0
    outer loop
      vertex 36.8373 38.9873 4.2
      vertex 38.7692 46.1266 5
      vertex 38.7692 46.1266 4.2
    endloop
  endfacet
  facet normal -0.965283 0.261206 0
    outer loop
      vertex 38.7692 46.1266 5
      vertex 36.8373 38.9873 4.2
      vertex 36.8373 38.9873 5
    endloop
  endfacet
  facet normal -0.289339 0.957227 0
    outer loop
      vertex 26.8123 39.213 4.2
      vertex 26.2522 39.0437 5
      vertex 26.8123 39.213 5
    endloop
  endfacet
  facet normal -0.289339 0.957227 0
    outer loop
      vertex 26.2522 39.0437 5
      vertex 26.8123 39.213 4.2
      vertex 26.2522 39.0437 4.2
    endloop
  endfacet
  facet normal -0.532728 0.846286 0
    outer loop
      vertex 27.2606 39.4952 4.2
      vertex 26.8123 39.213 5
      vertex 27.2606 39.4952 5
    endloop
  endfacet
  facet normal -0.532728 0.846286 0
    outer loop
      vertex 26.8123 39.213 5
      vertex 27.2606 39.4952 4.2
      vertex 26.8123 39.213 4.2
    endloop
  endfacet
  facet normal -0.762086 0.647476 0
    outer loop
      vertex 27.2606 39.4952 4.2
      vertex 27.5877 39.8802 5
      vertex 27.5877 39.8802 4.2
    endloop
  endfacet
  facet normal -0.762086 0.647476 0
    outer loop
      vertex 27.5877 39.8802 5
      vertex 27.2606 39.4952 4.2
      vertex 27.2606 39.4952 5
    endloop
  endfacet
  facet normal -0.925142 0.37962 0
    outer loop
      vertex 27.5877 39.8802 4.2
      vertex 27.7838 40.3581 5
      vertex 27.7838 40.3581 4.2
    endloop
  endfacet
  facet normal -0.925142 0.37962 0
    outer loop
      vertex 27.7838 40.3581 5
      vertex 27.5877 39.8802 4.2
      vertex 27.5877 39.8802 5
    endloop
  endfacet
  facet normal -0.993476 0.114043 0
    outer loop
      vertex 27.7838 40.3581 4.2
      vertex 27.8493 40.9287 5
      vertex 27.8493 40.9287 4.2
    endloop
  endfacet
  facet normal -0.993476 0.114043 0
    outer loop
      vertex 27.8493 40.9287 5
      vertex 27.7838 40.3581 4.2
      vertex 27.7838 40.3581 5
    endloop
  endfacet
  facet normal -0.993409 -0.114624 0
    outer loop
      vertex 27.8493 40.9287 4.2
      vertex 27.8028 41.3317 5
      vertex 27.8028 41.3317 4.2
    endloop
  endfacet
  facet normal -0.993409 -0.114624 0
    outer loop
      vertex 27.8028 41.3317 5
      vertex 27.8493 40.9287 4.2
      vertex 27.8493 40.9287 5
    endloop
  endfacet
  facet normal -0.930777 -0.365587 0
    outer loop
      vertex 27.8028 41.3317 4.2
      vertex 27.6636 41.6861 5
      vertex 27.6636 41.6861 4.2
    endloop
  endfacet
  facet normal -0.930777 -0.365587 0
    outer loop
      vertex 27.6636 41.6861 5
      vertex 27.8028 41.3317 4.2
      vertex 27.8028 41.3317 5
    endloop
  endfacet
  facet normal -0.796644 -0.604449 0
    outer loop
      vertex 27.6636 41.6861 4.2
      vertex 27.4315 41.992 5
      vertex 27.4315 41.992 4.2
    endloop
  endfacet
  facet normal -0.796644 -0.604449 0
    outer loop
      vertex 27.4315 41.992 5
      vertex 27.6636 41.6861 4.2
      vertex 27.6636 41.6861 5
    endloop
  endfacet
  facet normal -0.611419 -0.791307 0
    outer loop
      vertex 27.1161 42.2357 4.2
      vertex 27.4315 41.992 5
      vertex 27.1161 42.2357 5
    endloop
  endfacet
  facet normal -0.611419 -0.791307 -0
    outer loop
      vertex 27.4315 41.992 5
      vertex 27.1161 42.2357 4.2
      vertex 27.4315 41.992 4.2
    endloop
  endfacet
  facet normal -0.395713 -0.918374 0
    outer loop
      vertex 26.7269 42.4034 4.2
      vertex 27.1161 42.2357 5
      vertex 26.7269 42.4034 5
    endloop
  endfacet
  facet normal -0.395713 -0.918374 -0
    outer loop
      vertex 27.1161 42.2357 5
      vertex 26.7269 42.4034 4.2
      vertex 27.1161 42.2357 4.2
    endloop
  endfacet
  facet normal -0.194446 -0.980913 0
    outer loop
      vertex 26.2638 42.4952 4.2
      vertex 26.7269 42.4034 5
      vertex 26.2638 42.4952 5
    endloop
  endfacet
  facet normal -0.194446 -0.980913 -0
    outer loop
      vertex 26.7269 42.4034 5
      vertex 26.2638 42.4952 4.2
      vertex 26.7269 42.4034 4.2
    endloop
  endfacet
  facet normal -1 0 0
    outer loop
      vertex 26.2638 42.4952 4.2
      vertex 26.2638 42.5141 5
      vertex 26.2638 42.5141 4.2
    endloop
  endfacet
  facet normal -1 -0 0
    outer loop
      vertex 26.2638 42.5141 5
      vertex 26.2638 42.4952 4.2
      vertex 26.2638 42.4952 5
    endloop
  endfacet
  facet normal -0.282773 0.959187 0
    outer loop
      vertex 26.6834 42.6378 4.2
      vertex 26.2638 42.5141 5
      vertex 26.6834 42.6378 5
    endloop
  endfacet
  facet normal -0.282773 0.959187 0
    outer loop
      vertex 26.2638 42.5141 5
      vertex 26.6834 42.6378 4.2
      vertex 26.2638 42.5141 4.2
    endloop
  endfacet
  facet normal -0.462566 0.886585 0
    outer loop
      vertex 27.0307 42.819 4.2
      vertex 26.6834 42.6378 5
      vertex 27.0307 42.819 5
    endloop
  endfacet
  facet normal -0.462566 0.886585 0
    outer loop
      vertex 26.6834 42.6378 5
      vertex 27.0307 42.819 4.2
      vertex 26.6834 42.6378 4.2
    endloop
  endfacet
  facet normal -0.655369 0.755308 0
    outer loop
      vertex 27.3058 43.0577 4.2
      vertex 27.0307 42.819 5
      vertex 27.3058 43.0577 5
    endloop
  endfacet
  facet normal -0.655369 0.755308 0
    outer loop
      vertex 27.0307 42.819 5
      vertex 27.3058 43.0577 4.2
      vertex 27.0307 42.819 4.2
    endloop
  endfacet
  facet normal -0.827999 0.56073 0
    outer loop
      vertex 27.3058 43.0577 4.2
      vertex 27.5049 43.3517 5
      vertex 27.5049 43.3517 4.2
    endloop
  endfacet
  facet normal -0.827999 0.56073 0
    outer loop
      vertex 27.5049 43.3517 5
      vertex 27.3058 43.0577 4.2
      vertex 27.3058 43.0577 5
    endloop
  endfacet
  facet normal -0.94559 0.325361 0
    outer loop
      vertex 27.5049 43.3517 4.2
      vertex 27.6244 43.699 5
      vertex 27.6244 43.699 4.2
    endloop
  endfacet
  facet normal -0.94559 0.325361 0
    outer loop
      vertex 27.6244 43.699 5
      vertex 27.5049 43.3517 4.2
      vertex 27.5049 43.3517 5
    endloop
  endfacet
  facet normal -0.995101 0.0988642 0
    outer loop
      vertex 27.6244 43.699 4.2
      vertex 27.6642 44.0996 5
      vertex 27.6642 44.0996 4.2
    endloop
  endfacet
  facet normal -0.995101 0.0988642 0
    outer loop
      vertex 27.6642 44.0996 5
      vertex 27.6244 43.699 4.2
      vertex 27.6244 43.699 5
    endloop
  endfacet
  facet normal -0.992861 -0.119274 0
    outer loop
      vertex 27.6642 44.0996 4.2
      vertex 27.6022 44.6157 5
      vertex 27.6022 44.6157 4.2
    endloop
  endfacet
  facet normal -0.992861 -0.119274 0
    outer loop
      vertex 27.6022 44.6157 5
      vertex 27.6642 44.0996 4.2
      vertex 27.6642 44.0996 5
    endloop
  endfacet
  facet normal -0.919353 -0.393434 0
    outer loop
      vertex 27.6022 44.6157 4.2
      vertex 27.4163 45.0501 5
      vertex 27.4163 45.0501 4.2
    endloop
  endfacet
  facet normal -0.919353 -0.393434 0
    outer loop
      vertex 27.4163 45.0501 5
      vertex 27.6022 44.6157 4.2
      vertex 27.6022 44.6157 5
    endloop
  endfacet
  facet normal -0.75103 -0.660268 0
    outer loop
      vertex 27.4163 45.0501 4.2
      vertex 27.1064 45.4026 5
      vertex 27.1064 45.4026 4.2
    endloop
  endfacet
  facet normal -0.75103 -0.660268 0
    outer loop
      vertex 27.1064 45.4026 5
      vertex 27.4163 45.0501 4.2
      vertex 27.4163 45.0501 5
    endloop
  endfacet
  facet normal -0.524525 -0.851395 0
    outer loop
      vertex 26.6847 45.6624 4.2
      vertex 27.1064 45.4026 5
      vertex 26.6847 45.6624 5
    endloop
  endfacet
  facet normal -0.524525 -0.851395 -0
    outer loop
      vertex 27.1064 45.4026 5
      vertex 26.6847 45.6624 4.2
      vertex 27.1064 45.4026 4.2
    endloop
  endfacet
  facet normal -0.286471 -0.958089 0
    outer loop
      vertex 26.1633 45.8183 4.2
      vertex 26.6847 45.6624 5
      vertex 26.1633 45.8183 5
    endloop
  endfacet
  facet normal -0.286471 -0.958089 -0
    outer loop
      vertex 26.6847 45.6624 5
      vertex 26.1633 45.8183 4.2
      vertex 26.6847 45.6624 4.2
    endloop
  endfacet
  facet normal -0.0832845 -0.996526 0
    outer loop
      vertex 25.5423 45.8702 4.2
      vertex 26.1633 45.8183 5
      vertex 25.5423 45.8702 5
    endloop
  endfacet
  facet normal -0.0832845 -0.996526 -0
    outer loop
      vertex 26.1633 45.8183 5
      vertex 25.5423 45.8702 4.2
      vertex 26.1633 45.8183 4.2
    endloop
  endfacet
  facet normal 0.0882466 -0.996099 0
    outer loop
      vertex 24.9655 45.8191 4.2
      vertex 25.5423 45.8702 5
      vertex 24.9655 45.8191 5
    endloop
  endfacet
  facet normal 0.0882466 -0.996099 0
    outer loop
      vertex 25.5423 45.8702 5
      vertex 24.9655 45.8191 4.2
      vertex 25.5423 45.8702 4.2
    endloop
  endfacet
  facet normal 0.292252 -0.956341 0
    outer loop
      vertex 24.4632 45.6656 4.2
      vertex 24.9655 45.8191 5
      vertex 24.4632 45.6656 5
    endloop
  endfacet
  facet normal 0.292252 -0.956341 0
    outer loop
      vertex 24.9655 45.8191 5
      vertex 24.4632 45.6656 4.2
      vertex 24.9655 45.8191 4.2
    endloop
  endfacet
  facet normal 0.51302 -0.858376 0
    outer loop
      vertex 24.0352 45.4098 4.2
      vertex 24.4632 45.6656 5
      vertex 24.0352 45.4098 5
    endloop
  endfacet
  facet normal 0.51302 -0.858376 0
    outer loop
      vertex 24.4632 45.6656 5
      vertex 24.0352 45.4098 4.2
      vertex 24.4632 45.6656 4.2
    endloop
  endfacet
  facet normal 0.718192 -0.695845 0
    outer loop
      vertex 23.6989 45.0627 5
      vertex 24.0352 45.4098 4.2
      vertex 24.0352 45.4098 5
    endloop
  endfacet
  facet normal 0.718192 -0.695845 0
    outer loop
      vertex 24.0352 45.4098 4.2
      vertex 23.6989 45.0627 5
      vertex 23.6989 45.0627 4.2
    endloop
  endfacet
  facet normal 0.883073 -0.469236 0
    outer loop
      vertex 23.4719 44.6355 5
      vertex 23.6989 45.0627 4.2
      vertex 23.6989 45.0627 5
    endloop
  endfacet
  facet normal 0.883073 -0.469236 0
    outer loop
      vertex 23.6989 45.0627 4.2
      vertex 23.4719 44.6355 5
      vertex 23.4719 44.6355 4.2
    endloop
  endfacet
  facet normal 0.97405 -0.226331 0
    outer loop
      vertex 23.354 44.1281 5
      vertex 23.4719 44.6355 4.2
      vertex 23.4719 44.6355 5
    endloop
  endfacet
  facet normal 0.97405 -0.226331 0
    outer loop
      vertex 23.4719 44.6355 4.2
      vertex 23.354 44.1281 5
      vertex 23.354 44.1281 4.2
    endloop
  endfacet
  facet normal 0.0771668 0.997018 -0
    outer loop
      vertex 24.2132 44.0616 4.2
      vertex 23.354 44.1281 5
      vertex 24.2132 44.0616 5
    endloop
  endfacet
  facet normal 0.0771668 0.997018 0
    outer loop
      vertex 23.354 44.1281 5
      vertex 24.2132 44.0616 4.2
      vertex 23.354 44.1281 4.2
    endloop
  endfacet
  facet normal -0.977334 0.211705 0
    outer loop
      vertex 24.2132 44.0616 4.2
      vertex 24.2836 44.3866 5
      vertex 24.2836 44.3866 4.2
    endloop
  endfacet
  facet normal -0.977334 0.211705 0
    outer loop
      vertex 24.2836 44.3866 5
      vertex 24.2132 44.0616 4.2
      vertex 24.2132 44.0616 5
    endloop
  endfacet
  facet normal -0.895412 0.445238 0
    outer loop
      vertex 24.2836 44.3866 4.2
      vertex 24.4189 44.6587 5
      vertex 24.4189 44.6587 4.2
    endloop
  endfacet
  facet normal -0.895412 0.445238 0
    outer loop
      vertex 24.4189 44.6587 5
      vertex 24.2836 44.3866 4.2
      vertex 24.2836 44.3866 5
    endloop
  endfacet
  facet normal -0.738857 0.673862 0
    outer loop
      vertex 24.4189 44.6587 4.2
      vertex 24.619 44.8781 5
      vertex 24.619 44.8781 4.2
    endloop
  endfacet
  facet normal -0.738857 0.673862 0
    outer loop
      vertex 24.619 44.8781 5
      vertex 24.4189 44.6587 4.2
      vertex 24.4189 44.6587 5
    endloop
  endfacet
  facet normal -0.531245 0.847218 0
    outer loop
      vertex 24.8756 45.039 4.2
      vertex 24.619 44.8781 5
      vertex 24.8756 45.039 5
    endloop
  endfacet
  facet normal -0.531245 0.847218 0
    outer loop
      vertex 24.619 44.8781 5
      vertex 24.8756 45.039 4.2
      vertex 24.619 44.8781 4.2
    endloop
  endfacet
  facet normal -0.302015 0.953303 0
    outer loop
      vertex 25.1802 45.1355 4.2
      vertex 24.8756 45.039 5
      vertex 25.1802 45.1355 5
    endloop
  endfacet
  facet normal -0.302015 0.953303 0
    outer loop
      vertex 24.8756 45.039 5
      vertex 25.1802 45.1355 4.2
      vertex 24.8756 45.039 4.2
    endloop
  endfacet
  facet normal -0.0909432 0.995856 0
    outer loop
      vertex 25.5328 45.1677 4.2
      vertex 25.1802 45.1355 5
      vertex 25.5328 45.1677 5
    endloop
  endfacet
  facet normal -0.0909432 0.995856 0
    outer loop
      vertex 25.1802 45.1355 5
      vertex 25.5328 45.1677 4.2
      vertex 25.1802 45.1355 4.2
    endloop
  endfacet
  facet normal 0.0902997 0.995915 -0
    outer loop
      vertex 25.9133 45.1332 4.2
      vertex 25.5328 45.1677 5
      vertex 25.9133 45.1332 5
    endloop
  endfacet
  facet normal 0.0902997 0.995915 0
    outer loop
      vertex 25.5328 45.1677 5
      vertex 25.9133 45.1332 4.2
      vertex 25.5328 45.1677 4.2
    endloop
  endfacet
  facet normal 0.314952 0.949108 -0
    outer loop
      vertex 26.2258 45.0295 4.2
      vertex 25.9133 45.1332 5
      vertex 26.2258 45.0295 5
    endloop
  endfacet
  facet normal 0.314952 0.949108 0
    outer loop
      vertex 25.9133 45.1332 5
      vertex 26.2258 45.0295 4.2
      vertex 25.9133 45.1332 4.2
    endloop
  endfacet
  facet normal 0.576932 0.816792 -0
    outer loop
      vertex 26.4703 44.8568 4.2
      vertex 26.2258 45.0295 5
      vertex 26.4703 44.8568 5
    endloop
  endfacet
  facet normal 0.576932 0.816792 0
    outer loop
      vertex 26.2258 45.0295 5
      vertex 26.4703 44.8568 4.2
      vertex 26.2258 45.0295 4.2
    endloop
  endfacet
  facet normal 0.798348 0.602196 0
    outer loop
      vertex 26.6456 44.6244 5
      vertex 26.4703 44.8568 4.2
      vertex 26.4703 44.8568 5
    endloop
  endfacet
  facet normal 0.798348 0.602196 0
    outer loop
      vertex 26.4703 44.8568 4.2
      vertex 26.6456 44.6244 5
      vertex 26.6456 44.6244 4.2
    endloop
  endfacet
  facet normal 0.936982 0.349378 0
    outer loop
      vertex 26.7509 44.342 5
      vertex 26.6456 44.6244 4.2
      vertex 26.6456 44.6244 5
    endloop
  endfacet
  facet normal 0.936982 0.349378 0
    outer loop
      vertex 26.6456 44.6244 4.2
      vertex 26.7509 44.342 5
      vertex 26.7509 44.342 4.2
    endloop
  endfacet
  facet normal 0.994478 0.104949 0
    outer loop
      vertex 26.786 44.0094 5
      vertex 26.7509 44.342 4.2
      vertex 26.7509 44.342 5
    endloop
  endfacet
  facet normal 0.994478 0.104949 0
    outer loop
      vertex 26.7509 44.342 4.2
      vertex 26.786 44.0094 5
      vertex 26.786 44.0094 4.2
    endloop
  endfacet
  facet normal 0.991843 -0.127463 0
    outer loop
      vertex 26.743 43.6748 5
      vertex 26.786 44.0094 4.2
      vertex 26.786 44.0094 5
    endloop
  endfacet
  facet normal 0.991843 -0.127463 0
    outer loop
      vertex 26.786 44.0094 4.2
      vertex 26.743 43.6748 5
      vertex 26.743 43.6748 4.2
    endloop
  endfacet
  facet normal 0.909593 -0.415501 0
    outer loop
      vertex 26.614 43.3924 5
      vertex 26.743 43.6748 4.2
      vertex 26.743 43.6748 5
    endloop
  endfacet
  facet normal 0.909593 -0.415501 0
    outer loop
      vertex 26.743 43.6748 4.2
      vertex 26.614 43.3924 5
      vertex 26.614 43.3924 4.2
    endloop
  endfacet
  facet normal 0.731129 -0.682239 0
    outer loop
      vertex 26.3991 43.1621 5
      vertex 26.614 43.3924 4.2
      vertex 26.614 43.3924 5
    endloop
  endfacet
  facet normal 0.731129 -0.682239 0
    outer loop
      vertex 26.614 43.3924 4.2
      vertex 26.3991 43.1621 5
      vertex 26.3991 43.1621 4.2
    endloop
  endfacet
  facet normal 0.502071 -0.864826 0
    outer loop
      vertex 26.1061 42.992 4.2
      vertex 26.3991 43.1621 5
      vertex 26.1061 42.992 5
    endloop
  endfacet
  facet normal 0.502071 -0.864826 0
    outer loop
      vertex 26.3991 43.1621 5
      vertex 26.1061 42.992 4.2
      vertex 26.3991 43.1621 4.2
    endloop
  endfacet
  facet normal 0.270446 -0.962735 0
    outer loop
      vertex 25.743 42.89 4.2
      vertex 26.1061 42.992 5
      vertex 25.743 42.89 5
    endloop
  endfacet
  facet normal 0.270446 -0.962735 0
    outer loop
      vertex 26.1061 42.992 5
      vertex 25.743 42.89 4.2
      vertex 26.1061 42.992 4.2
    endloop
  endfacet
  facet normal 0.0784558 -0.996918 0
    outer loop
      vertex 25.3097 42.8559 4.2
      vertex 25.743 42.89 5
      vertex 25.3097 42.8559 5
    endloop
  endfacet
  facet normal 0.0784558 -0.996918 0
    outer loop
      vertex 25.743 42.89 5
      vertex 25.3097 42.8559 4.2
      vertex 25.743 42.89 4.2
    endloop
  endfacet
  facet normal 0 -1 0
    outer loop
      vertex 24.8445 42.8559 4.2
      vertex 25.3097 42.8559 5
      vertex 24.8445 42.8559 5
    endloop
  endfacet
  facet normal 0 -1 -0
    outer loop
      vertex 25.3097 42.8559 5
      vertex 24.8445 42.8559 4.2
      vertex 25.3097 42.8559 4.2
    endloop
  endfacet
  facet normal 1 -0 0
    outer loop
      vertex 24.8445 42.1154 5
      vertex 24.8445 42.8559 4.2
      vertex 24.8445 42.8559 5
    endloop
  endfacet
  facet normal 1 0 0
    outer loop
      vertex 24.8445 42.8559 4.2
      vertex 24.8445 42.1154 5
      vertex 24.8445 42.1154 4.2
    endloop
  endfacet
  facet normal 0 1 -0
    outer loop
      vertex 25.3287 42.1154 4.2
      vertex 24.8445 42.1154 5
      vertex 25.3287 42.1154 5
    endloop
  endfacet
  facet normal 0 1 0
    outer loop
      vertex 24.8445 42.1154 5
      vertex 25.3287 42.1154 4.2
      vertex 24.8445 42.1154 4.2
    endloop
  endfacet
  facet normal 0.0696314 0.997573 -0
    outer loop
      vertex 25.8158 42.0814 4.2
      vertex 25.3287 42.1154 5
      vertex 25.8158 42.0814 5
    endloop
  endfacet
  facet normal 0.0696314 0.997573 0
    outer loop
      vertex 25.3287 42.1154 5
      vertex 25.8158 42.0814 4.2
      vertex 25.3287 42.1154 4.2
    endloop
  endfacet
  facet normal 0.244848 0.969561 -0
    outer loop
      vertex 26.2201 41.9793 4.2
      vertex 25.8158 42.0814 5
      vertex 26.2201 41.9793 5
    endloop
  endfacet
  facet normal 0.244848 0.969561 0
    outer loop
      vertex 25.8158 42.0814 5
      vertex 26.2201 41.9793 4.2
      vertex 25.8158 42.0814 4.2
    endloop
  endfacet
  facet normal 0.467559 0.883962 -0
    outer loop
      vertex 26.5415 41.8093 4.2
      vertex 26.2201 41.9793 5
      vertex 26.5415 41.8093 5
    endloop
  endfacet
  facet normal 0.467559 0.883962 0
    outer loop
      vertex 26.2201 41.9793 5
      vertex 26.5415 41.8093 4.2
      vertex 26.2201 41.9793 4.2
    endloop
  endfacet
  facet normal 0.703135 0.711056 -0
    outer loop
      vertex 26.7749 41.5785 4.2
      vertex 26.5415 41.8093 5
      vertex 26.7749 41.5785 5
    endloop
  endfacet
  facet normal 0.703135 0.711056 0
    outer loop
      vertex 26.5415 41.8093 5
      vertex 26.7749 41.5785 4.2
      vertex 26.5415 41.8093 4.2
    endloop
  endfacet
  facet normal 0.89694 0.442153 0
    outer loop
      vertex 26.9149 41.2945 5
      vertex 26.7749 41.5785 4.2
      vertex 26.7749 41.5785 5
    endloop
  endfacet
  facet normal 0.89694 0.442153 0
    outer loop
      vertex 26.7749 41.5785 4.2
      vertex 26.9149 41.2945 5
      vertex 26.9149 41.2945 4.2
    endloop
  endfacet
  facet normal 0.990551 0.137144 0
    outer loop
      vertex 26.9616 40.9572 5
      vertex 26.9149 41.2945 4.2
      vertex 26.9149 41.2945 5
    endloop
  endfacet
  facet normal 0.990551 0.137144 0
    outer loop
      vertex 26.9149 41.2945 4.2
      vertex 26.9616 40.9572 5
      vertex 26.9616 40.9572 4.2
    endloop
  endfacet
  facet normal 0.994358 -0.106075 0
    outer loop
      vertex 26.9207 40.5738 5
      vertex 26.9616 40.9572 4.2
      vertex 26.9616 40.9572 5
    endloop
  endfacet
  facet normal 0.994358 -0.106075 0
    outer loop
      vertex 26.9616 40.9572 4.2
      vertex 26.9207 40.5738 5
      vertex 26.9207 40.5738 4.2
    endloop
  endfacet
  facet normal 0.931866 -0.362803 0
    outer loop
      vertex 26.7981 40.2589 5
      vertex 26.9207 40.5738 4.2
      vertex 26.9207 40.5738 5
    endloop
  endfacet
  facet normal 0.931866 -0.362803 0
    outer loop
      vertex 26.9207 40.5738 4.2
      vertex 26.7981 40.2589 5
      vertex 26.7981 40.2589 4.2
    endloop
  endfacet
  facet normal 0.769526 -0.638616 0
    outer loop
      vertex 26.5937 40.0126 5
      vertex 26.7981 40.2589 4.2
      vertex 26.7981 40.2589 5
    endloop
  endfacet
  facet normal 0.769526 -0.638616 0
    outer loop
      vertex 26.7981 40.2589 4.2
      vertex 26.5937 40.0126 5
      vertex 26.5937 40.0126 4.2
    endloop
  endfacet
  facet normal 0.539045 -0.842277 0
    outer loop
      vertex 26.3176 39.8359 4.2
      vertex 26.5937 40.0126 5
      vertex 26.3176 39.8359 5
    endloop
  endfacet
  facet normal 0.539045 -0.842277 0
    outer loop
      vertex 26.5937 40.0126 5
      vertex 26.3176 39.8359 4.2
      vertex 26.5937 40.0126 4.2
    endloop
  endfacet
  facet normal 0.299401 -0.954128 0
    outer loop
      vertex 25.9798 39.7299 4.2
      vertex 26.3176 39.8359 5
      vertex 25.9798 39.7299 5
    endloop
  endfacet
  facet normal 0.299401 -0.954128 0
    outer loop
      vertex 26.3176 39.8359 5
      vertex 25.9798 39.7299 4.2
      vertex 26.3176 39.8359 4.2
    endloop
  endfacet
  facet normal 0.0880175 -0.996119 0
    outer loop
      vertex 25.5803 39.6946 4.2
      vertex 25.9798 39.7299 5
      vertex 25.5803 39.6946 5
    endloop
  endfacet
  facet normal 0.0880175 -0.996119 0
    outer loop
      vertex 25.9798 39.7299 5
      vertex 25.5803 39.6946 4.2
      vertex 25.9798 39.7299 4.2
    endloop
  endfacet
  facet normal -0.176807 -0.984245 0
    outer loop
      vertex 24.8466 39.8264 4.2
      vertex 25.5803 39.6946 5
      vertex 24.8466 39.8264 5
    endloop
  endfacet
  facet normal -0.176807 -0.984245 -0
    outer loop
      vertex 25.5803 39.6946 5
      vertex 24.8466 39.8264 4.2
      vertex 25.5803 39.6946 4.2
    endloop
  endfacet
  facet normal -0.631524 -0.775357 0
    outer loop
      vertex 24.3609 40.222 4.2
      vertex 24.8466 39.8264 5
      vertex 24.3609 40.222 5
    endloop
  endfacet
  facet normal -0.631524 -0.775357 -0
    outer loop
      vertex 24.8466 39.8264 5
      vertex 24.3609 40.222 4.2
      vertex 24.8466 39.8264 4.2
    endloop
  endfacet
  facet normal -0.940636 -0.339417 0
    outer loop
      vertex 24.3609 40.222 4.2
      vertex 24.123 40.8813 5
      vertex 24.123 40.8813 4.2
    endloop
  endfacet
  facet normal -0.940636 -0.339417 0
    outer loop
      vertex 24.123 40.8813 5
      vertex 24.3609 40.222 4.2
      vertex 24.3609 40.222 5
    endloop
  endfacet
  facet normal 0.0910137 -0.99585 0
    outer loop
      vertex 23.24 40.8006 4.2
      vertex 24.123 40.8813 5
      vertex 23.24 40.8006 5
    endloop
  endfacet
  facet normal 0.0910137 -0.99585 0
    outer loop
      vertex 24.123 40.8813 5
      vertex 23.24 40.8006 4.2
      vertex 24.123 40.8813 4.2
    endloop
  endfacet
  facet normal 0.97288 0.231309 0
    outer loop
      vertex 23.3706 40.2513 5
      vertex 23.24 40.8006 4.2
      vertex 23.24 40.8006 5
    endloop
  endfacet
  facet normal 0.97288 0.231309 0
    outer loop
      vertex 23.24 40.8006 4.2
      vertex 23.3706 40.2513 5
      vertex 23.3706 40.2513 4.2
    endloop
  endfacet
  facet normal 0.883374 0.468669 0
    outer loop
      vertex 23.6103 39.7995 5
      vertex 23.3706 40.2513 4.2
      vertex 23.3706 40.2513 5
    endloop
  endfacet
  facet normal 0.883374 0.468669 0
    outer loop
      vertex 23.3706 40.2513 4.2
      vertex 23.6103 39.7995 5
      vertex 23.6103 39.7995 4.2
    endloop
  endfacet
  facet normal 0.712318 0.701857 0
    outer loop
      vertex 23.9592 39.4454 5
      vertex 23.6103 39.7995 4.2
      vertex 23.6103 39.7995 5
    endloop
  endfacet
  facet normal 0.712318 0.701857 0
    outer loop
      vertex 23.6103 39.7995 4.2
      vertex 23.9592 39.4454 5
      vertex 23.9592 39.4454 4.2
    endloop
  endfacet
  facet normal 0.493027 0.870014 -0
    outer loop
      vertex 24.4083 39.1909 4.2
      vertex 23.9592 39.4454 5
      vertex 24.4083 39.1909 5
    endloop
  endfacet
  facet normal 0.493027 0.870014 0
    outer loop
      vertex 23.9592 39.4454 5
      vertex 24.4083 39.1909 4.2
      vertex 23.9592 39.4454 4.2
    endloop
  endfacet
  facet normal 0.271921 0.96232 -0
    outer loop
      vertex 24.9487 39.0382 4.2
      vertex 24.4083 39.1909 5
      vertex 24.9487 39.0382 5
    endloop
  endfacet
  facet normal 0.271921 0.96232 0
    outer loop
      vertex 24.4083 39.1909 5
      vertex 24.9487 39.0382 4.2
      vertex 24.4083 39.1909 4.2
    endloop
  endfacet
  facet normal 0.0803286 0.996768 -0
    outer loop
      vertex 25.5803 38.9873 4.2
      vertex 24.9487 39.0382 5
      vertex 25.5803 38.9873 5
    endloop
  endfacet
  facet normal 0.0803286 0.996768 0
    outer loop
      vertex 24.9487 39.0382 5
      vertex 25.5803 38.9873 4.2
      vertex 24.9487 39.0382 4.2
    endloop
  endfacet
  facet normal -0.0836469 0.996495 0
    outer loop
      vertex 26.2522 39.0437 4.2
      vertex 25.5803 38.9873 5
      vertex 26.2522 39.0437 5
    endloop
  endfacet
  facet normal -0.0836469 0.996495 0
    outer loop
      vertex 25.5803 38.9873 5
      vertex 26.2522 39.0437 4.2
      vertex 25.5803 38.9873 4.2
    endloop
  endfacet
  facet normal 0 -1 0
    outer loop
      vertex 40.1349 39.8084 4.2
      vertex 43.6239 39.8084 5
      vertex 40.1349 39.8084 5
    endloop
  endfacet
  facet normal 0 -1 -0
    outer loop
      vertex 43.6239 39.8084 5
      vertex 40.1349 39.8084 4.2
      vertex 43.6239 39.8084 4.2
    endloop
  endfacet
  facet normal -0.890024 0.455914 0
    outer loop
      vertex 40.1349 39.8084 4.2
      vertex 40.2499 40.0329 5
      vertex 40.2499 40.0329 4.2
    endloop
  endfacet
  facet normal -0.890024 0.455914 0
    outer loop
      vertex 40.2499 40.0329 5
      vertex 40.1349 39.8084 4.2
      vertex 40.1349 39.8084 5
    endloop
  endfacet
  facet normal -0.829491 0.558519 0
    outer loop
      vertex 40.2499 40.0329 4.2
      vertex 40.4049 40.2631 5
      vertex 40.4049 40.2631 4.2
    endloop
  endfacet
  facet normal -0.829491 0.558519 0
    outer loop
      vertex 40.4049 40.2631 5
      vertex 40.2499 40.0329 4.2
      vertex 40.2499 40.0329 5
    endloop
  endfacet
  facet normal -0.770571 0.637354 0
    outer loop
      vertex 40.4049 40.2631 4.2
      vertex 40.6001 40.4991 5
      vertex 40.6001 40.4991 4.2
    endloop
  endfacet
  facet normal -0.770571 0.637354 0
    outer loop
      vertex 40.6001 40.4991 5
      vertex 40.4049 40.2631 4.2
      vertex 40.4049 40.2631 5
    endloop
  endfacet
  facet normal -0.719726 0.694259 0
    outer loop
      vertex 40.6001 40.4991 4.2
      vertex 40.84 40.7478 5
      vertex 40.84 40.7478 4.2
    endloop
  endfacet
  facet normal -0.719726 0.694259 0
    outer loop
      vertex 40.84 40.7478 5
      vertex 40.6001 40.4991 4.2
      vertex 40.6001 40.4991 5
    endloop
  endfacet
  facet normal -0.679479 0.733695 0
    outer loop
      vertex 41.1296 41.016 4.2
      vertex 40.84 40.7478 5
      vertex 41.1296 41.016 5
    endloop
  endfacet
  facet normal -0.679479 0.733695 0
    outer loop
      vertex 40.84 40.7478 5
      vertex 41.1296 41.016 4.2
      vertex 40.84 40.7478 4.2
    endloop
  endfacet
  facet normal -0.646839 0.762627 0
    outer loop
      vertex 41.4688 41.3037 4.2
      vertex 41.1296 41.016 5
      vertex 41.4688 41.3037 5
    endloop
  endfacet
  facet normal -0.646839 0.762627 0
    outer loop
      vertex 41.1296 41.016 5
      vertex 41.4688 41.3037 4.2
      vertex 41.1296 41.016 4.2
    endloop
  endfacet
  facet normal -0.639544 0.768755 0
    outer loop
      vertex 42.059 41.7947 4.2
      vertex 41.4688 41.3037 5
      vertex 42.059 41.7947 5
    endloop
  endfacet
  facet normal -0.639544 0.768755 0
    outer loop
      vertex 41.4688 41.3037 5
      vertex 42.059 41.7947 4.2
      vertex 41.4688 41.3037 4.2
    endloop
  endfacet
  facet normal -0.663575 0.748109 0
    outer loop
      vertex 42.5068 42.1919 4.2
      vertex 42.059 41.7947 5
      vertex 42.5068 42.1919 5
    endloop
  endfacet
  facet normal -0.663575 0.748109 0
    outer loop
      vertex 42.059 41.7947 5
      vertex 42.5068 42.1919 4.2
      vertex 42.059 41.7947 4.2
    endloop
  endfacet
  facet normal -0.704779 0.709427 0
    outer loop
      vertex 42.8121 42.4952 4.2
      vertex 42.5068 42.1919 5
      vertex 42.8121 42.4952 5
    endloop
  endfacet
  facet normal -0.704779 0.709427 0
    outer loop
      vertex 42.5068 42.1919 5
      vertex 42.8121 42.4952 4.2
      vertex 42.5068 42.1919 4.2
    endloop
  endfacet
  facet normal -0.766135 0.64268 0
    outer loop
      vertex 42.8121 42.4952 4.2
      vertex 43.0271 42.7515 5
      vertex 43.0271 42.7515 4.2
    endloop
  endfacet
  facet normal -0.766135 0.64268 0
    outer loop
      vertex 43.0271 42.7515 5
      vertex 42.8121 42.4952 4.2
      vertex 42.8121 42.4952 5
    endloop
  endfacet
  facet normal -0.823854 0.566802 0
    outer loop
      vertex 43.0271 42.7515 4.2
      vertex 43.2035 43.0079 5
      vertex 43.2035 43.0079 4.2
    endloop
  endfacet
  facet normal -0.823854 0.566802 0
    outer loop
      vertex 43.2035 43.0079 5
      vertex 43.0271 42.7515 4.2
      vertex 43.0271 42.7515 5
    endloop
  endfacet
  facet normal -0.880626 0.473813 0
    outer loop
      vertex 43.2035 43.0079 4.2
      vertex 43.3414 43.2642 5
      vertex 43.3414 43.2642 4.2
    endloop
  endfacet
  facet normal -0.880626 0.473813 0
    outer loop
      vertex 43.3414 43.2642 5
      vertex 43.2035 43.0079 4.2
      vertex 43.2035 43.0079 5
    endloop
  endfacet
  facet normal -0.933186 0.359393 0
    outer loop
      vertex 43.3414 43.2642 4.2
      vertex 43.4403 43.521 5
      vertex 43.4403 43.521 4.2
    endloop
  endfacet
  facet normal -0.933186 0.359393 0
    outer loop
      vertex 43.4403 43.521 5
      vertex 43.3414 43.2642 4.2
      vertex 43.3414 43.2642 5
    endloop
  endfacet
  facet normal -0.974588 0.224004 0
    outer loop
      vertex 43.4403 43.521 4.2
      vertex 43.4996 43.779 5
      vertex 43.4996 43.779 4.2
    endloop
  endfacet
  facet normal -0.974588 0.224004 0
    outer loop
      vertex 43.4996 43.779 5
      vertex 43.4403 43.521 4.2
      vertex 43.4403 43.521 5
    endloop
  endfacet
  facet normal -0.997088 0.0762547 0
    outer loop
      vertex 43.4996 43.779 4.2
      vertex 43.5194 44.0379 5
      vertex 43.5194 44.0379 4.2
    endloop
  endfacet
  facet normal -0.997088 0.0762547 0
    outer loop
      vertex 43.5194 44.0379 5
      vertex 43.4996 43.779 4.2
      vertex 43.4996 43.779 5
    endloop
  endfacet
  facet normal -0.993823 -0.110976 0
    outer loop
      vertex 43.5194 44.0379 4.2
      vertex 43.459 44.5788 5
      vertex 43.459 44.5788 4.2
    endloop
  endfacet
  facet normal -0.993823 -0.110976 0
    outer loop
      vertex 43.459 44.5788 5
      vertex 43.5194 44.0379 4.2
      vertex 43.5194 44.0379 5
    endloop
  endfacet
  facet normal -0.928136 -0.372241 0
    outer loop
      vertex 43.459 44.5788 4.2
      vertex 43.2778 45.0306 5
      vertex 43.2778 45.0306 4.2
    endloop
  endfacet
  facet normal -0.928136 -0.372241 0
    outer loop
      vertex 43.2778 45.0306 5
      vertex 43.459 44.5788 4.2
      vertex 43.459 44.5788 5
    endloop
  endfacet
  facet normal -0.768499 -0.639851 0
    outer loop
      vertex 43.2778 45.0306 4.2
      vertex 42.9759 45.3932 5
      vertex 42.9759 45.3932 4.2
    endloop
  endfacet
  facet normal -0.768499 -0.639851 0
    outer loop
      vertex 42.9759 45.3932 5
      vertex 43.2778 45.0306 4.2
      vertex 43.2778 45.0306 5
    endloop
  endfacet
  facet normal -0.538834 -0.842412 0
    outer loop
      vertex 42.5616 45.6582 4.2
      vertex 42.9759 45.3932 5
      vertex 42.5616 45.6582 5
    endloop
  endfacet
  facet normal -0.538834 -0.842412 -0
    outer loop
      vertex 42.9759 45.3932 5
      vertex 42.5616 45.6582 4.2
      vertex 42.9759 45.3932 4.2
    endloop
  endfacet
  facet normal -0.293334 -0.95601 0
    outer loop
      vertex 42.0434 45.8172 4.2
      vertex 42.5616 45.6582 5
      vertex 42.0434 45.8172 5
    endloop
  endfacet
  facet normal -0.293334 -0.95601 -0
    outer loop
      vertex 42.5616 45.6582 5
      vertex 42.0434 45.8172 4.2
      vertex 42.5616 45.6582 4.2
    endloop
  endfacet
  facet normal -0.0848878 -0.996391 0
    outer loop
      vertex 41.4213 45.8702 4.2
      vertex 42.0434 45.8172 5
      vertex 41.4213 45.8702 5
    endloop
  endfacet
  facet normal -0.0848878 -0.996391 -0
    outer loop
      vertex 42.0434 45.8172 5
      vertex 41.4213 45.8702 4.2
      vertex 42.0434 45.8172 4.2
    endloop
  endfacet
  facet normal 0.0909872 -0.995852 0
    outer loop
      vertex 40.8445 45.8175 4.2
      vertex 41.4213 45.8702 5
      vertex 40.8445 45.8175 5
    endloop
  endfacet
  facet normal 0.0909872 -0.995852 0
    outer loop
      vertex 41.4213 45.8702 5
      vertex 40.8445 45.8175 4.2
      vertex 41.4213 45.8702 4.2
    endloop
  endfacet
  facet normal 0.300577 -0.953758 0
    outer loop
      vertex 40.3422 45.6592 4.2
      vertex 40.8445 45.8175 5
      vertex 40.3422 45.6592 5
    endloop
  endfacet
  facet normal 0.300577 -0.953758 0
    outer loop
      vertex 40.8445 45.8175 5
      vertex 40.3422 45.6592 4.2
      vertex 40.8445 45.8175 4.2
    endloop
  endfacet
  facet normal 0.524464 -0.851433 0
    outer loop
      vertex 39.9141 45.3955 4.2
      vertex 40.3422 45.6592 5
      vertex 39.9141 45.3955 5
    endloop
  endfacet
  facet normal 0.524464 -0.851433 0
    outer loop
      vertex 40.3422 45.6592 5
      vertex 39.9141 45.3955 4.2
      vertex 40.3422 45.6592 4.2
    endloop
  endfacet
  facet normal 0.724031 -0.689768 0
    outer loop
      vertex 39.5779 45.0426 5
      vertex 39.9141 45.3955 4.2
      vertex 39.9141 45.3955 5
    endloop
  endfacet
  facet normal 0.724031 -0.689768 0
    outer loop
      vertex 39.9141 45.3955 4.2
      vertex 39.5779 45.0426 5
      vertex 39.5779 45.0426 4.2
    endloop
  endfacet
  facet normal 0.882255 -0.470771 0
    outer loop
      vertex 39.3508 44.617 5
      vertex 39.5779 45.0426 4.2
      vertex 39.5779 45.0426 5
    endloop
  endfacet
  facet normal 0.882255 -0.470771 0
    outer loop
      vertex 39.5779 45.0426 4.2
      vertex 39.3508 44.617 5
      vertex 39.3508 44.617 4.2
    endloop
  endfacet
  facet normal 0.973186 -0.230019 0
    outer loop
      vertex 39.233 44.1186 5
      vertex 39.3508 44.617 4.2
      vertex 39.3508 44.617 5
    endloop
  endfacet
  facet normal 0.973186 -0.230019 0
    outer loop
      vertex 39.3508 44.617 4.2
      vertex 39.233 44.1186 5
      vertex 39.233 44.1186 4.2
    endloop
  endfacet
  facet normal 0.0920056 0.995758 -0
    outer loop
      vertex 40.1064 44.0379 4.2
      vertex 39.233 44.1186 5
      vertex 40.1064 44.0379 5
    endloop
  endfacet
  facet normal 0.0920056 0.995758 0
    outer loop
      vertex 39.233 44.1186 5
      vertex 40.1064 44.0379 4.2
      vertex 39.233 44.1186 4.2
    endloop
  endfacet
  facet normal -0.976159 0.217055 0
    outer loop
      vertex 40.1064 44.0379 4.2
      vertex 40.18 44.3689 5
      vertex 40.18 44.3689 4.2
    endloop
  endfacet
  facet normal -0.976159 0.217055 0
    outer loop
      vertex 40.18 44.3689 5
      vertex 40.1064 44.0379 4.2
      vertex 40.1064 44.0379 5
    endloop
  endfacet
  facet normal -0.895007 0.446053 0
    outer loop
      vertex 40.18 44.3689 4.2
      vertex 40.3184 44.6466 5
      vertex 40.3184 44.6466 4.2
    endloop
  endfacet
  facet normal -0.895007 0.446053 0
    outer loop
      vertex 40.3184 44.6466 5
      vertex 40.18 44.3689 4.2
      vertex 40.18 44.3689 5
    endloop
  endfacet
  facet normal -0.74109 0.671406 0
    outer loop
      vertex 40.3184 44.6466 4.2
      vertex 40.5217 44.871 5
      vertex 40.5217 44.871 4.2
    endloop
  endfacet
  facet normal -0.74109 0.671406 0
    outer loop
      vertex 40.5217 44.871 5
      vertex 40.3184 44.6466 4.2
      vertex 40.3184 44.6466 5
    endloop
  endfacet
  facet normal -0.5395 0.841986 0
    outer loop
      vertex 40.7789 45.0358 4.2
      vertex 40.5217 44.871 5
      vertex 40.7789 45.0358 5
    endloop
  endfacet
  facet normal -0.5395 0.841986 0
    outer loop
      vertex 40.5217 44.871 5
      vertex 40.7789 45.0358 4.2
      vertex 40.5217 44.871 4.2
    endloop
  endfacet
  facet normal -0.31328 0.949661 0
    outer loop
      vertex 41.0787 45.1347 4.2
      vertex 40.7789 45.0358 5
      vertex 41.0787 45.1347 5
    endloop
  endfacet
  facet normal -0.31328 0.949661 0
    outer loop
      vertex 40.7789 45.0358 5
      vertex 41.0787 45.1347 4.2
      vertex 40.7789 45.0358 4.2
    endloop
  endfacet
  facet normal -0.0958785 0.995393 0
    outer loop
      vertex 41.4213 45.1677 4.2
      vertex 41.0787 45.1347 5
      vertex 41.4213 45.1677 5
    endloop
  endfacet
  facet normal -0.0958785 0.995393 0
    outer loop
      vertex 41.0787 45.1347 5
      vertex 41.4213 45.1677 4.2
      vertex 41.0787 45.1347 4.2
    endloop
  endfacet
  facet normal 0.0948091 0.995495 -0
    outer loop
      vertex 41.7762 45.1339 4.2
      vertex 41.4213 45.1677 5
      vertex 41.7762 45.1339 5
    endloop
  endfacet
  facet normal 0.0948091 0.995495 0
    outer loop
      vertex 41.4213 45.1677 5
      vertex 41.7762 45.1339 4.2
      vertex 41.4213 45.1677 4.2
    endloop
  endfacet
  facet normal 0.3205 0.947249 -0
    outer loop
      vertex 42.0753 45.0327 4.2
      vertex 41.7762 45.1339 5
      vertex 42.0753 45.0327 5
    endloop
  endfacet
  facet normal 0.3205 0.947249 0
    outer loop
      vertex 41.7762 45.1339 5
      vertex 42.0753 45.0327 4.2
      vertex 41.7762 45.1339 4.2
    endloop
  endfacet
  facet normal 0.570351 0.821401 -0
    outer loop
      vertex 42.3184 44.8639 4.2
      vertex 42.0753 45.0327 5
      vertex 42.3184 44.8639 5
    endloop
  endfacet
  facet normal 0.570351 0.821401 0
    outer loop
      vertex 42.0753 45.0327 5
      vertex 42.3184 44.8639 4.2
      vertex 42.0753 45.0327 4.2
    endloop
  endfacet
  facet normal 0.788502 0.615032 0
    outer loop
      vertex 42.4978 44.6339 5
      vertex 42.3184 44.8639 4.2
      vertex 42.3184 44.8639 5
    endloop
  endfacet
  facet normal 0.788502 0.615032 0
    outer loop
      vertex 42.3184 44.8639 4.2
      vertex 42.4978 44.6339 5
      vertex 42.4978 44.6339 4.2
    endloop
  endfacet
  facet normal 0.935462 0.353426 0
    outer loop
      vertex 42.6054 44.3491 5
      vertex 42.4978 44.6339 4.2
      vertex 42.4978 44.6339 5
    endloop
  endfacet
  facet normal 0.935462 0.353426 0
    outer loop
      vertex 42.4978 44.6339 4.2
      vertex 42.6054 44.3491 5
      vertex 42.6054 44.3491 4.2
    endloop
  endfacet
  facet normal 0.994462 0.105096 0
    outer loop
      vertex 42.6413 44.0094 5
      vertex 42.6054 44.3491 4.2
      vertex 42.6054 44.3491 5
    endloop
  endfacet
  facet normal 0.994462 0.105096 0
    outer loop
      vertex 42.6054 44.3491 4.2
      vertex 42.6413 44.0094 5
      vertex 42.6413 44.0094 4.2
    endloop
  endfacet
  facet normal 0.996848 -0.0793378 0
    outer loop
      vertex 42.6204 43.7468 5
      vertex 42.6413 44.0094 4.2
      vertex 42.6413 44.0094 5
    endloop
  endfacet
  facet normal 0.996848 -0.0793378 0
    outer loop
      vertex 42.6413 44.0094 4.2
      vertex 42.6204 43.7468 5
      vertex 42.6204 43.7468 4.2
    endloop
  endfacet
  facet normal 0.968652 -0.248423 0
    outer loop
      vertex 42.5579 43.5031 5
      vertex 42.6204 43.7468 4.2
      vertex 42.6204 43.7468 5
    endloop
  endfacet
  facet normal 0.968652 -0.248423 0
    outer loop
      vertex 42.6204 43.7468 4.2
      vertex 42.5579 43.5031 5
      vertex 42.5579 43.5031 4.2
    endloop
  endfacet
  facet normal 0.907202 -0.420696 0
    outer loop
      vertex 42.4537 43.2784 5
      vertex 42.5579 43.5031 4.2
      vertex 42.5579 43.5031 5
    endloop
  endfacet
  facet normal 0.907202 -0.420696 0
    outer loop
      vertex 42.5579 43.5031 4.2
      vertex 42.4537 43.2784 5
      vertex 42.4537 43.2784 4.2
    endloop
  endfacet
  facet normal 0.838263 -0.545266 0
    outer loop
      vertex 42.3158 43.0664 5
      vertex 42.4537 43.2784 4.2
      vertex 42.4537 43.2784 5
    endloop
  endfacet
  facet normal 0.838263 -0.545266 0
    outer loop
      vertex 42.4537 43.2784 4.2
      vertex 42.3158 43.0664 5
      vertex 42.3158 43.0664 4.2
    endloop
  endfacet
  facet normal 0.782277 -0.622931 0
    outer loop
      vertex 42.152 42.8607 5
      vertex 42.3158 43.0664 4.2
      vertex 42.3158 43.0664 5
    endloop
  endfacet
  facet normal 0.782277 -0.622931 0
    outer loop
      vertex 42.3158 43.0664 4.2
      vertex 42.152 42.8607 5
      vertex 42.152 42.8607 4.2
    endloop
  endfacet
  facet normal 0.724691 -0.689074 0
    outer loop
      vertex 41.9624 42.6613 5
      vertex 42.152 42.8607 4.2
      vertex 42.152 42.8607 5
    endloop
  endfacet
  facet normal 0.724691 -0.689074 0
    outer loop
      vertex 42.152 42.8607 4.2
      vertex 41.9624 42.6613 5
      vertex 41.9624 42.6613 4.2
    endloop
  endfacet
  facet normal 0.681476 -0.73184 0
    outer loop
      vertex 41.7517 42.4651 4.2
      vertex 41.9624 42.6613 5
      vertex 41.7517 42.4651 5
    endloop
  endfacet
  facet normal 0.681476 -0.73184 0
    outer loop
      vertex 41.9624 42.6613 5
      vertex 41.7517 42.4651 4.2
      vertex 41.9624 42.6613 4.2
    endloop
  endfacet
  facet normal 0.65375 -0.756711 0
    outer loop
      vertex 41.5246 42.2689 4.2
      vertex 41.7517 42.4651 5
      vertex 41.5246 42.2689 5
    endloop
  endfacet
  facet normal 0.65375 -0.756711 0
    outer loop
      vertex 41.7517 42.4651 5
      vertex 41.5246 42.2689 4.2
      vertex 41.7517 42.4651 4.2
    endloop
  endfacet
  facet normal 0.627577 -0.778554 0
    outer loop
      vertex 41.2812 42.0727 4.2
      vertex 41.5246 42.2689 5
      vertex 41.2812 42.0727 5
    endloop
  endfacet
  facet normal 0.627577 -0.778554 0
    outer loop
      vertex 41.5246 42.2689 5
      vertex 41.2812 42.0727 4.2
      vertex 41.5246 42.2689 4.2
    endloop
  endfacet
  facet normal 0.624431 -0.78108 0
    outer loop
      vertex 41.0289 41.871 4.2
      vertex 41.2812 42.0727 5
      vertex 41.0289 41.871 5
    endloop
  endfacet
  facet normal 0.624431 -0.78108 0
    outer loop
      vertex 41.2812 42.0727 5
      vertex 41.0289 41.871 4.2
      vertex 41.2812 42.0727 4.2
    endloop
  endfacet
  facet normal 0.642201 -0.766537 0
    outer loop
      vertex 40.7749 41.6582 4.2
      vertex 41.0289 41.871 5
      vertex 40.7749 41.6582 5
    endloop
  endfacet
  facet normal 0.642201 -0.766537 0
    outer loop
      vertex 41.0289 41.871 5
      vertex 40.7749 41.6582 4.2
      vertex 41.0289 41.871 4.2
    endloop
  endfacet
  facet normal 0.659067 -0.752084 0
    outer loop
      vertex 40.5194 41.4343 4.2
      vertex 40.7749 41.6582 5
      vertex 40.5194 41.4343 5
    endloop
  endfacet
  facet normal 0.659067 -0.752084 0
    outer loop
      vertex 40.7749 41.6582 5
      vertex 40.5194 41.4343 4.2
      vertex 40.7749 41.6582 4.2
    endloop
  endfacet
  facet normal 0.686657 -0.726981 0
    outer loop
      vertex 40.267 41.1959 4.2
      vertex 40.5194 41.4343 5
      vertex 40.267 41.1959 5
    endloop
  endfacet
  facet normal 0.686657 -0.726981 0
    outer loop
      vertex 40.5194 41.4343 5
      vertex 40.267 41.1959 4.2
      vertex 40.5194 41.4343 4.2
    endloop
  endfacet
  facet normal 0.723701 -0.690113 0
    outer loop
      vertex 40.0225 40.9395 5
      vertex 40.267 41.1959 4.2
      vertex 40.267 41.1959 5
    endloop
  endfacet
  facet normal 0.723701 -0.690113 0
    outer loop
      vertex 40.267 41.1959 4.2
      vertex 40.0225 40.9395 5
      vertex 40.0225 40.9395 4.2
    endloop
  endfacet
  facet normal 0.757363 -0.652994 0
    outer loop
      vertex 39.786 40.6652 5
      vertex 40.0225 40.9395 4.2
      vertex 40.0225 40.9395 5
    endloop
  endfacet
  facet normal 0.757363 -0.652994 0
    outer loop
      vertex 40.0225 40.9395 4.2
      vertex 39.786 40.6652 5
      vertex 39.786 40.6652 4.2
    endloop
  endfacet
  facet normal 0.803323 -0.595544 0
    outer loop
      vertex 39.5653 40.3675 5
      vertex 39.786 40.6652 4.2
      vertex 39.786 40.6652 5
    endloop
  endfacet
  facet normal 0.803323 -0.595544 0
    outer loop
      vertex 39.786 40.6652 4.2
      vertex 39.5653 40.3675 5
      vertex 39.5653 40.3675 4.2
    endloop
  endfacet
  facet normal 0.856358 -0.516383 0
    outer loop
      vertex 39.3683 40.0408 5
      vertex 39.5653 40.3675 4.2
      vertex 39.5653 40.3675 5
    endloop
  endfacet
  facet normal 0.856358 -0.516383 0
    outer loop
      vertex 39.5653 40.3675 4.2
      vertex 39.3683 40.0408 5
      vertex 39.3683 40.0408 4.2
    endloop
  endfacet
  facet normal 0.899028 -0.437891 0
    outer loop
      vertex 39.195 39.685 5
      vertex 39.3683 40.0408 4.2
      vertex 39.3683 40.0408 5
    endloop
  endfacet
  facet normal 0.899028 -0.437891 0
    outer loop
      vertex 39.3683 40.0408 4.2
      vertex 39.195 39.685 5
      vertex 39.195 39.685 4.2
    endloop
  endfacet
  facet normal 1 -0 0
    outer loop
      vertex 39.195 39.0822 5
      vertex 39.195 39.685 4.2
      vertex 39.195 39.685 5
    endloop
  endfacet
  facet normal 1 0 0
    outer loop
      vertex 39.195 39.685 4.2
      vertex 39.195 39.0822 5
      vertex 39.195 39.0822 4.2
    endloop
  endfacet
  facet normal 0 1 -0
    outer loop
      vertex 43.6239 39.0822 4.2
      vertex 39.195 39.0822 5
      vertex 43.6239 39.0822 5
    endloop
  endfacet
  facet normal 0 1 0
    outer loop
      vertex 39.195 39.0822 5
      vertex 43.6239 39.0822 4.2
      vertex 39.195 39.0822 4.2
    endloop
  endfacet
  facet normal -1 0 0
    outer loop
      vertex 43.6239 39.0822 4.2
      vertex 43.6239 39.8084 5
      vertex 43.6239 39.8084 4.2
    endloop
  endfacet
  facet normal -1 -0 0
    outer loop
      vertex 43.6239 39.8084 5
      vertex 43.6239 39.0822 4.2
      vertex 43.6239 39.0822 5
    endloop
  endfacet
  facet normal -0.289339 0.957227 0
    outer loop
      vertex 61.3221 39.213 4.2
      vertex 60.762 39.0437 5
      vertex 61.3221 39.213 5
    endloop
  endfacet
  facet normal -0.289339 0.957227 0
    outer loop
      vertex 60.762 39.0437 5
      vertex 61.3221 39.213 4.2
      vertex 60.762 39.0437 4.2
    endloop
  endfacet
  facet normal -0.532728 0.846286 0
    outer loop
      vertex 61.7704 39.4952 4.2
      vertex 61.3221 39.213 5
      vertex 61.7704 39.4952 5
    endloop
  endfacet
  facet normal -0.532728 0.846286 0
    outer loop
      vertex 61.3221 39.213 5
      vertex 61.7704 39.4952 4.2
      vertex 61.3221 39.213 4.2
    endloop
  endfacet
  facet normal -0.762183 0.647361 0
    outer loop
      vertex 61.7704 39.4952 4.2
      vertex 62.0974 39.8802 5
      vertex 62.0974 39.8802 4.2
    endloop
  endfacet
  facet normal -0.762183 0.647361 0
    outer loop
      vertex 62.0974 39.8802 5
      vertex 61.7704 39.4952 4.2
      vertex 61.7704 39.4952 5
    endloop
  endfacet
  facet normal -0.925074 0.379786 0
    outer loop
      vertex 62.0974 39.8802 4.2
      vertex 62.2936 40.3581 5
      vertex 62.2936 40.3581 4.2
    endloop
  endfacet
  facet normal -0.925074 0.379786 0
    outer loop
      vertex 62.2936 40.3581 5
      vertex 62.0974 39.8802 4.2
      vertex 62.0974 39.8802 5
    endloop
  endfacet
  facet normal -0.993496 0.113871 0
    outer loop
      vertex 62.2936 40.3581 4.2
      vertex 62.359 40.9287 5
      vertex 62.359 40.9287 4.2
    endloop
  endfacet
  facet normal -0.993496 0.113871 0
    outer loop
      vertex 62.359 40.9287 5
      vertex 62.2936 40.3581 4.2
      vertex 62.2936 40.3581 5
    endloop
  endfacet
  facet normal -0.993437 -0.114381 0
    outer loop
      vertex 62.359 40.9287 4.2
      vertex 62.3126 41.3317 5
      vertex 62.3126 41.3317 4.2
    endloop
  endfacet
  facet normal -0.993437 -0.114381 0
    outer loop
      vertex 62.3126 41.3317 5
      vertex 62.359 40.9287 4.2
      vertex 62.359 40.9287 5
    endloop
  endfacet
  facet normal -0.930777 -0.365587 0
    outer loop
      vertex 62.3126 41.3317 4.2
      vertex 62.1734 41.6861 5
      vertex 62.1734 41.6861 4.2
    endloop
  endfacet
  facet normal -0.930777 -0.365587 0
    outer loop
      vertex 62.1734 41.6861 5
      vertex 62.3126 41.3317 4.2
      vertex 62.3126 41.3317 5
    endloop
  endfacet
  facet normal -0.796644 -0.604449 0
    outer loop
      vertex 62.1734 41.6861 4.2
      vertex 61.9413 41.992 5
      vertex 61.9413 41.992 4.2
    endloop
  endfacet
  facet normal -0.796644 -0.604449 0
    outer loop
      vertex 61.9413 41.992 5
      vertex 62.1734 41.6861 4.2
      vertex 62.1734 41.6861 5
    endloop
  endfacet
  facet normal -0.611419 -0.791307 0
    outer loop
      vertex 61.6259 42.2357 4.2
      vertex 61.9413 41.992 5
      vertex 61.6259 42.2357 5
    endloop
  endfacet
  facet normal -0.611419 -0.791307 -0
    outer loop
      vertex 61.9413 41.992 5
      vertex 61.6259 42.2357 4.2
      vertex 61.9413 41.992 4.2
    endloop
  endfacet
  facet normal -0.395713 -0.918374 0
    outer loop
      vertex 61.2367 42.4034 4.2
      vertex 61.6259 42.2357 5
      vertex 61.2367 42.4034 5
    endloop
  endfacet
  facet normal -0.395713 -0.918374 -0
    outer loop
      vertex 61.6259 42.2357 5
      vertex 61.2367 42.4034 4.2
      vertex 61.6259 42.2357 4.2
    endloop
  endfacet
  facet normal -0.194446 -0.980913 0
    outer loop
      vertex 60.7736 42.4952 4.2
      vertex 61.2367 42.4034 5
      vertex 60.7736 42.4952 5
    endloop
  endfacet
  facet normal -0.194446 -0.980913 -0
    outer loop
      vertex 61.2367 42.4034 5
      vertex 60.7736 42.4952 4.2
      vertex 61.2367 42.4034 4.2
    endloop
  endfacet
  facet normal -1 0 0
    outer loop
      vertex 60.7736 42.4952 4.2
      vertex 60.7736 42.5141 5
      vertex 60.7736 42.5141 4.2
    endloop
  endfacet
  facet normal -1 -0 0
    outer loop
      vertex 60.7736 42.5141 5
      vertex 60.7736 42.4952 4.2
      vertex 60.7736 42.4952 5
    endloop
  endfacet
  facet normal -0.282773 0.959187 0
    outer loop
      vertex 61.1932 42.6378 4.2
      vertex 60.7736 42.5141 5
      vertex 61.1932 42.6378 5
    endloop
  endfacet
  facet normal -0.282773 0.959187 0
    outer loop
      vertex 60.7736 42.5141 5
      vertex 61.1932 42.6378 4.2
      vertex 60.7736 42.5141 4.2
    endloop
  endfacet
  facet normal -0.462566 0.886585 0
    outer loop
      vertex 61.5405 42.819 4.2
      vertex 61.1932 42.6378 5
      vertex 61.5405 42.819 5
    endloop
  endfacet
  facet normal -0.462566 0.886585 0
    outer loop
      vertex 61.1932 42.6378 5
      vertex 61.5405 42.819 4.2
      vertex 61.1932 42.6378 4.2
    endloop
  endfacet
  facet normal -0.655369 0.755308 0
    outer loop
      vertex 61.8156 43.0577 4.2
      vertex 61.5405 42.819 5
      vertex 61.8156 43.0577 5
    endloop
  endfacet
  facet normal -0.655369 0.755308 0
    outer loop
      vertex 61.5405 42.819 5
      vertex 61.8156 43.0577 4.2
      vertex 61.5405 42.819 4.2
    endloop
  endfacet
  facet normal -0.827999 0.56073 0
    outer loop
      vertex 61.8156 43.0577 4.2
      vertex 62.0147 43.3517 5
      vertex 62.0147 43.3517 4.2
    endloop
  endfacet
  facet normal -0.827999 0.56073 0
    outer loop
      vertex 62.0147 43.3517 5
      vertex 61.8156 43.0577 4.2
      vertex 61.8156 43.0577 5
    endloop
  endfacet
  facet normal -0.945674 0.325118 0
    outer loop
      vertex 62.0147 43.3517 4.2
      vertex 62.1341 43.699 5
      vertex 62.1341 43.699 4.2
    endloop
  endfacet
  facet normal -0.945674 0.325118 0
    outer loop
      vertex 62.1341 43.699 5
      vertex 62.0147 43.3517 4.2
      vertex 62.0147 43.3517 5
    endloop
  endfacet
  facet normal -0.995076 0.0991102 0
    outer loop
      vertex 62.1341 43.699 4.2
      vertex 62.174 44.0996 5
      vertex 62.174 44.0996 4.2
    endloop
  endfacet
  facet normal -0.995076 0.0991102 0
    outer loop
      vertex 62.174 44.0996 5
      vertex 62.1341 43.699 4.2
      vertex 62.1341 43.699 5
    endloop
  endfacet
  facet normal -0.992861 -0.119274 0
    outer loop
      vertex 62.174 44.0996 4.2
      vertex 62.112 44.6157 5
      vertex 62.112 44.6157 4.2
    endloop
  endfacet
  facet normal -0.992861 -0.119274 0
    outer loop
      vertex 62.112 44.6157 5
      vertex 62.174 44.0996 4.2
      vertex 62.174 44.0996 5
    endloop
  endfacet
  facet normal -0.919353 -0.393434 0
    outer loop
      vertex 62.112 44.6157 4.2
      vertex 61.9261 45.0501 5
      vertex 61.9261 45.0501 4.2
    endloop
  endfacet
  facet normal -0.919353 -0.393434 0
    outer loop
      vertex 61.9261 45.0501 5
      vertex 62.112 44.6157 4.2
      vertex 62.112 44.6157 5
    endloop
  endfacet
  facet normal -0.75103 -0.660268 0
    outer loop
      vertex 61.9261 45.0501 4.2
      vertex 61.6162 45.4026 5
      vertex 61.6162 45.4026 4.2
    endloop
  endfacet
  facet normal -0.75103 -0.660268 0
    outer loop
      vertex 61.6162 45.4026 5
      vertex 61.9261 45.0501 4.2
      vertex 61.9261 45.0501 5
    endloop
  endfacet
  facet normal -0.524525 -0.851395 0
    outer loop
      vertex 61.1945 45.6624 4.2
      vertex 61.6162 45.4026 5
      vertex 61.1945 45.6624 5
    endloop
  endfacet
  facet normal -0.524525 -0.851395 -0
    outer loop
      vertex 61.6162 45.4026 5
      vertex 61.1945 45.6624 4.2
      vertex 61.6162 45.4026 4.2
    endloop
  endfacet
  facet normal -0.286471 -0.958089 0
    outer loop
      vertex 60.6731 45.8183 4.2
      vertex 61.1945 45.6624 5
      vertex 60.6731 45.8183 5
    endloop
  endfacet
  facet normal -0.286471 -0.958089 -0
    outer loop
      vertex 61.1945 45.6624 5
      vertex 60.6731 45.8183 4.2
      vertex 61.1945 45.6624 4.2
    endloop
  endfacet
  facet normal -0.0832845 -0.996526 0
    outer loop
      vertex 60.0521 45.8702 4.2
      vertex 60.6731 45.8183 5
      vertex 60.0521 45.8702 5
    endloop
  endfacet
  facet normal -0.0832845 -0.996526 -0
    outer loop
      vertex 60.6731 45.8183 5
      vertex 60.0521 45.8702 4.2
      vertex 60.6731 45.8183 4.2
    endloop
  endfacet
  facet normal 0.0882466 -0.996099 0
    outer loop
      vertex 59.4753 45.8191 4.2
      vertex 60.0521 45.8702 5
      vertex 59.4753 45.8191 5
    endloop
  endfacet
  facet normal 0.0882466 -0.996099 0
    outer loop
      vertex 60.0521 45.8702 5
      vertex 59.4753 45.8191 4.2
      vertex 60.0521 45.8702 4.2
    endloop
  endfacet
  facet normal 0.292252 -0.956341 0
    outer loop
      vertex 58.973 45.6656 4.2
      vertex 59.4753 45.8191 5
      vertex 58.973 45.6656 5
    endloop
  endfacet
  facet normal 0.292252 -0.956341 0
    outer loop
      vertex 59.4753 45.8191 5
      vertex 58.973 45.6656 4.2
      vertex 59.4753 45.8191 4.2
    endloop
  endfacet
  facet normal 0.512932 -0.858429 0
    outer loop
      vertex 58.5449 45.4098 4.2
      vertex 58.973 45.6656 5
      vertex 58.5449 45.4098 5
    endloop
  endfacet
  facet normal 0.512932 -0.858429 0
    outer loop
      vertex 58.973 45.6656 5
      vertex 58.5449 45.4098 4.2
      vertex 58.973 45.6656 4.2
    endloop
  endfacet
  facet normal 0.718295 -0.695739 0
    outer loop
      vertex 58.2087 45.0627 5
      vertex 58.5449 45.4098 4.2
      vertex 58.5449 45.4098 5
    endloop
  endfacet
  facet normal 0.718295 -0.695739 0
    outer loop
      vertex 58.5449 45.4098 4.2
      vertex 58.2087 45.0627 5
      vertex 58.2087 45.0627 4.2
    endloop
  endfacet
  facet normal 0.882987 -0.469397 0
    outer loop
      vertex 57.9816 44.6355 5
      vertex 58.2087 45.0627 4.2
      vertex 58.2087 45.0627 5
    endloop
  endfacet
  facet normal 0.882987 -0.469397 0
    outer loop
      vertex 58.2087 45.0627 4.2
      vertex 57.9816 44.6355 5
      vertex 57.9816 44.6355 4.2
    endloop
  endfacet
  facet normal 0.974093 -0.226149 0
    outer loop
      vertex 57.8638 44.1281 5
      vertex 57.9816 44.6355 4.2
      vertex 57.9816 44.6355 5
    endloop
  endfacet
  facet normal 0.974093 -0.226149 0
    outer loop
      vertex 57.9816 44.6355 4.2
      vertex 57.8638 44.1281 5
      vertex 57.8638 44.1281 4.2
    endloop
  endfacet
  facet normal 0.0771668 0.997018 -0
    outer loop
      vertex 58.723 44.0616 4.2
      vertex 57.8638 44.1281 5
      vertex 58.723 44.0616 5
    endloop
  endfacet
  facet normal 0.0771668 0.997018 0
    outer loop
      vertex 57.8638 44.1281 5
      vertex 58.723 44.0616 4.2
      vertex 57.8638 44.1281 4.2
    endloop
  endfacet
  facet normal -0.977334 0.211705 0
    outer loop
      vertex 58.723 44.0616 4.2
      vertex 58.7934 44.3866 5
      vertex 58.7934 44.3866 4.2
    endloop
  endfacet
  facet normal -0.977334 0.211705 0
    outer loop
      vertex 58.7934 44.3866 5
      vertex 58.723 44.0616 4.2
      vertex 58.723 44.0616 5
    endloop
  endfacet
  facet normal -0.895412 0.445238 0
    outer loop
      vertex 58.7934 44.3866 4.2
      vertex 58.9287 44.6587 5
      vertex 58.9287 44.6587 4.2
    endloop
  endfacet
  facet normal -0.895412 0.445238 0
    outer loop
      vertex 58.9287 44.6587 5
      vertex 58.7934 44.3866 4.2
      vertex 58.7934 44.3866 5
    endloop
  endfacet
  facet normal -0.738857 0.673862 0
    outer loop
      vertex 58.9287 44.6587 4.2
      vertex 59.1288 44.8781 5
      vertex 59.1288 44.8781 4.2
    endloop
  endfacet
  facet normal -0.738857 0.673862 0
    outer loop
      vertex 59.1288 44.8781 5
      vertex 58.9287 44.6587 4.2
      vertex 58.9287 44.6587 5
    endloop
  endfacet
  facet normal -0.531245 0.847218 0
    outer loop
      vertex 59.3854 45.039 4.2
      vertex 59.1288 44.8781 5
      vertex 59.3854 45.039 5
    endloop
  endfacet
  facet normal -0.531245 0.847218 0
    outer loop
      vertex 59.1288 44.8781 5
      vertex 59.3854 45.039 4.2
      vertex 59.1288 44.8781 4.2
    endloop
  endfacet
  facet normal -0.302015 0.953303 0
    outer loop
      vertex 59.69 45.1355 4.2
      vertex 59.3854 45.039 5
      vertex 59.69 45.1355 5
    endloop
  endfacet
  facet normal -0.302015 0.953303 0
    outer loop
      vertex 59.3854 45.039 5
      vertex 59.69 45.1355 4.2
      vertex 59.3854 45.039 4.2
    endloop
  endfacet
  facet normal -0.0909432 0.995856 0
    outer loop
      vertex 60.0426 45.1677 4.2
      vertex 59.69 45.1355 5
      vertex 60.0426 45.1677 5
    endloop
  endfacet
  facet normal -0.0909432 0.995856 0
    outer loop
      vertex 59.69 45.1355 5
      vertex 60.0426 45.1677 4.2
      vertex 59.69 45.1355 4.2
    endloop
  endfacet
  facet normal 0.0902997 0.995915 -0
    outer loop
      vertex 60.4231 45.1332 4.2
      vertex 60.0426 45.1677 5
      vertex 60.4231 45.1332 5
    endloop
  endfacet
  facet normal 0.0902997 0.995915 0
    outer loop
      vertex 60.0426 45.1677 5
      vertex 60.4231 45.1332 4.2
      vertex 60.0426 45.1677 4.2
    endloop
  endfacet
  facet normal 0.314952 0.949108 -0
    outer loop
      vertex 60.7356 45.0295 4.2
      vertex 60.4231 45.1332 5
      vertex 60.7356 45.0295 5
    endloop
  endfacet
  facet normal 0.314952 0.949108 0
    outer loop
      vertex 60.4231 45.1332 5
      vertex 60.7356 45.0295 4.2
      vertex 60.4231 45.1332 4.2
    endloop
  endfacet
  facet normal 0.57709 0.816681 -0
    outer loop
      vertex 60.98 44.8568 4.2
      vertex 60.7356 45.0295 5
      vertex 60.98 44.8568 5
    endloop
  endfacet
  facet normal 0.57709 0.816681 0
    outer loop
      vertex 60.7356 45.0295 5
      vertex 60.98 44.8568 4.2
      vertex 60.7356 45.0295 4.2
    endloop
  endfacet
  facet normal 0.798183 0.602415 0
    outer loop
      vertex 61.1554 44.6244 5
      vertex 60.98 44.8568 4.2
      vertex 60.98 44.8568 5
    endloop
  endfacet
  facet normal 0.798183 0.602415 0
    outer loop
      vertex 60.98 44.8568 4.2
      vertex 61.1554 44.6244 5
      vertex 61.1554 44.6244 4.2
    endloop
  endfacet
  facet normal 0.936982 0.349378 0
    outer loop
      vertex 61.2607 44.342 5
      vertex 61.1554 44.6244 4.2
      vertex 61.1554 44.6244 5
    endloop
  endfacet
  facet normal 0.936982 0.349378 0
    outer loop
      vertex 61.1554 44.6244 4.2
      vertex 61.2607 44.342 5
      vertex 61.2607 44.342 4.2
    endloop
  endfacet
  facet normal 0.994509 0.104654 0
    outer loop
      vertex 61.2957 44.0094 5
      vertex 61.2607 44.342 4.2
      vertex 61.2607 44.342 5
    endloop
  endfacet
  facet normal 0.994509 0.104654 0
    outer loop
      vertex 61.2607 44.342 4.2
      vertex 61.2957 44.0094 5
      vertex 61.2957 44.0094 4.2
    endloop
  endfacet
  facet normal 0.991881 -0.127172 0
    outer loop
      vertex 61.2528 43.6748 5
      vertex 61.2957 44.0094 4.2
      vertex 61.2957 44.0094 5
    endloop
  endfacet
  facet normal 0.991881 -0.127172 0
    outer loop
      vertex 61.2957 44.0094 4.2
      vertex 61.2528 43.6748 5
      vertex 61.2528 43.6748 4.2
    endloop
  endfacet
  facet normal 0.909593 -0.415501 0
    outer loop
      vertex 61.1238 43.3924 5
      vertex 61.2528 43.6748 4.2
      vertex 61.2528 43.6748 5
    endloop
  endfacet
  facet normal 0.909593 -0.415501 0
    outer loop
      vertex 61.2528 43.6748 4.2
      vertex 61.1238 43.3924 5
      vertex 61.1238 43.3924 4.2
    endloop
  endfacet
  facet normal 0.730971 -0.682409 0
    outer loop
      vertex 60.9088 43.1621 5
      vertex 61.1238 43.3924 4.2
      vertex 61.1238 43.3924 5
    endloop
  endfacet
  facet normal 0.730971 -0.682409 0
    outer loop
      vertex 61.1238 43.3924 4.2
      vertex 60.9088 43.1621 5
      vertex 60.9088 43.1621 4.2
    endloop
  endfacet
  facet normal 0.5022 -0.864752 0
    outer loop
      vertex 60.6159 42.992 4.2
      vertex 60.9088 43.1621 5
      vertex 60.6159 42.992 5
    endloop
  endfacet
  facet normal 0.5022 -0.864752 0
    outer loop
      vertex 60.9088 43.1621 5
      vertex 60.6159 42.992 4.2
      vertex 60.9088 43.1621 4.2
    endloop
  endfacet
  facet normal 0.270446 -0.962735 0
    outer loop
      vertex 60.2528 42.89 4.2
      vertex 60.6159 42.992 5
      vertex 60.2528 42.89 5
    endloop
  endfacet
  facet normal 0.270446 -0.962735 0
    outer loop
      vertex 60.6159 42.992 5
      vertex 60.2528 42.89 4.2
      vertex 60.6159 42.992 4.2
    endloop
  endfacet
  facet normal 0.0784558 -0.996918 0
    outer loop
      vertex 59.8195 42.8559 4.2
      vertex 60.2528 42.89 5
      vertex 59.8195 42.8559 5
    endloop
  endfacet
  facet normal 0.0784558 -0.996918 0
    outer loop
      vertex 60.2528 42.89 5
      vertex 59.8195 42.8559 4.2
      vertex 60.2528 42.89 4.2
    endloop
  endfacet
  facet normal 0 -1 0
    outer loop
      vertex 59.3543 42.8559 4.2
      vertex 59.8195 42.8559 5
      vertex 59.3543 42.8559 5
    endloop
  endfacet
  facet normal 0 -1 -0
    outer loop
      vertex 59.8195 42.8559 5
      vertex 59.3543 42.8559 4.2
      vertex 59.8195 42.8559 4.2
    endloop
  endfacet
  facet normal 1 -0 0
    outer loop
      vertex 59.3543 42.1154 5
      vertex 59.3543 42.8559 4.2
      vertex 59.3543 42.8559 5
    endloop
  endfacet
  facet normal 1 0 0
    outer loop
      vertex 59.3543 42.8559 4.2
      vertex 59.3543 42.1154 5
      vertex 59.3543 42.1154 4.2
    endloop
  endfacet
  facet normal 0 1 -0
    outer loop
      vertex 59.8385 42.1154 4.2
      vertex 59.3543 42.1154 5
      vertex 59.8385 42.1154 5
    endloop
  endfacet
  facet normal 0 1 0
    outer loop
      vertex 59.3543 42.1154 5
      vertex 59.8385 42.1154 4.2
      vertex 59.3543 42.1154 4.2
    endloop
  endfacet
  facet normal 0.0696314 0.997573 -0
    outer loop
      vertex 60.3256 42.0814 4.2
      vertex 59.8385 42.1154 5
      vertex 60.3256 42.0814 5
    endloop
  endfacet
  facet normal 0.0696314 0.997573 0
    outer loop
      vertex 59.8385 42.1154 5
      vertex 60.3256 42.0814 4.2
      vertex 59.8385 42.1154 4.2
    endloop
  endfacet
  facet normal 0.244905 0.969547 -0
    outer loop
      vertex 60.7298 41.9793 4.2
      vertex 60.3256 42.0814 5
      vertex 60.7298 41.9793 5
    endloop
  endfacet
  facet normal 0.244905 0.969547 0
    outer loop
      vertex 60.3256 42.0814 5
      vertex 60.7298 41.9793 4.2
      vertex 60.3256 42.0814 4.2
    endloop
  endfacet
  facet normal 0.467445 0.884022 -0
    outer loop
      vertex 61.0513 41.8093 4.2
      vertex 60.7298 41.9793 5
      vertex 61.0513 41.8093 5
    endloop
  endfacet
  facet normal 0.467445 0.884022 0
    outer loop
      vertex 60.7298 41.9793 5
      vertex 61.0513 41.8093 4.2
      vertex 60.7298 41.9793 4.2
    endloop
  endfacet
  facet normal 0.703135 0.711056 -0
    outer loop
      vertex 61.2847 41.5785 4.2
      vertex 61.0513 41.8093 5
      vertex 61.2847 41.5785 5
    endloop
  endfacet
  facet normal 0.703135 0.711056 0
    outer loop
      vertex 61.0513 41.8093 5
      vertex 61.2847 41.5785 4.2
      vertex 61.0513 41.8093 4.2
    endloop
  endfacet
  facet normal 0.89694 0.442153 0
    outer loop
      vertex 61.4247 41.2945 5
      vertex 61.2847 41.5785 4.2
      vertex 61.2847 41.5785 5
    endloop
  endfacet
  facet normal 0.89694 0.442153 0
    outer loop
      vertex 61.2847 41.5785 4.2
      vertex 61.4247 41.2945 5
      vertex 61.4247 41.2945 4.2
    endloop
  endfacet
  facet normal 0.990551 0.137144 0
    outer loop
      vertex 61.4714 40.9572 5
      vertex 61.4247 41.2945 4.2
      vertex 61.4247 41.2945 5
    endloop
  endfacet
  facet normal 0.990551 0.137144 0
    outer loop
      vertex 61.4247 41.2945 4.2
      vertex 61.4714 40.9572 5
      vertex 61.4714 40.9572 4.2
    endloop
  endfacet
  facet normal 0.994358 -0.106075 0
    outer loop
      vertex 61.4305 40.5738 5
      vertex 61.4714 40.9572 4.2
      vertex 61.4714 40.9572 5
    endloop
  endfacet
  facet normal 0.994358 -0.106075 0
    outer loop
      vertex 61.4714 40.9572 4.2
      vertex 61.4305 40.5738 5
      vertex 61.4305 40.5738 4.2
    endloop
  endfacet
  facet normal 0.931766 -0.36306 0
    outer loop
      vertex 61.3078 40.2589 5
      vertex 61.4305 40.5738 4.2
      vertex 61.4305 40.5738 5
    endloop
  endfacet
  facet normal 0.931766 -0.36306 0
    outer loop
      vertex 61.4305 40.5738 4.2
      vertex 61.3078 40.2589 5
      vertex 61.3078 40.2589 4.2
    endloop
  endfacet
  facet normal 0.769526 -0.638616 0
    outer loop
      vertex 61.1034 40.0126 5
      vertex 61.3078 40.2589 4.2
      vertex 61.3078 40.2589 5
    endloop
  endfacet
  facet normal 0.769526 -0.638616 0
    outer loop
      vertex 61.3078 40.2589 4.2
      vertex 61.1034 40.0126 5
      vertex 61.1034 40.0126 4.2
    endloop
  endfacet
  facet normal 0.539184 -0.842188 0
    outer loop
      vertex 60.8274 39.8359 4.2
      vertex 61.1034 40.0126 5
      vertex 60.8274 39.8359 5
    endloop
  endfacet
  facet normal 0.539184 -0.842188 0
    outer loop
      vertex 61.1034 40.0126 5
      vertex 60.8274 39.8359 4.2
      vertex 61.1034 40.0126 4.2
    endloop
  endfacet
  facet normal 0.299401 -0.954128 0
    outer loop
      vertex 60.4896 39.7299 4.2
      vertex 60.8274 39.8359 5
      vertex 60.4896 39.7299 5
    endloop
  endfacet
  facet normal 0.299401 -0.954128 0
    outer loop
      vertex 60.8274 39.8359 5
      vertex 60.4896 39.7299 4.2
      vertex 60.8274 39.8359 4.2
    endloop
  endfacet
  facet normal 0.0880175 -0.996119 0
    outer loop
      vertex 60.0901 39.6946 4.2
      vertex 60.4896 39.7299 5
      vertex 60.0901 39.6946 5
    endloop
  endfacet
  facet normal 0.0880175 -0.996119 0
    outer loop
      vertex 60.4896 39.7299 5
      vertex 60.0901 39.6946 4.2
      vertex 60.4896 39.7299 4.2
    endloop
  endfacet
  facet normal -0.176807 -0.984245 0
    outer loop
      vertex 59.3564 39.8264 4.2
      vertex 60.0901 39.6946 5
      vertex 59.3564 39.8264 5
    endloop
  endfacet
  facet normal -0.176807 -0.984245 -0
    outer loop
      vertex 60.0901 39.6946 5
      vertex 59.3564 39.8264 4.2
      vertex 60.0901 39.6946 4.2
    endloop
  endfacet
  facet normal -0.631524 -0.775357 0
    outer loop
      vertex 58.8707 40.222 4.2
      vertex 59.3564 39.8264 5
      vertex 58.8707 40.222 5
    endloop
  endfacet
  facet normal -0.631524 -0.775357 -0
    outer loop
      vertex 59.3564 39.8264 5
      vertex 58.8707 40.222 4.2
      vertex 59.3564 39.8264 4.2
    endloop
  endfacet
  facet normal -0.940636 -0.339417 0
    outer loop
      vertex 58.8707 40.222 4.2
      vertex 58.6328 40.8813 5
      vertex 58.6328 40.8813 4.2
    endloop
  endfacet
  facet normal -0.940636 -0.339417 0
    outer loop
      vertex 58.6328 40.8813 5
      vertex 58.8707 40.222 4.2
      vertex 58.8707 40.222 5
    endloop
  endfacet
  facet normal 0.0910137 -0.99585 0
    outer loop
      vertex 57.7498 40.8006 4.2
      vertex 58.6328 40.8813 5
      vertex 57.7498 40.8006 5
    endloop
  endfacet
  facet normal 0.0910137 -0.99585 0
    outer loop
      vertex 58.6328 40.8813 5
      vertex 57.7498 40.8006 4.2
      vertex 58.6328 40.8813 4.2
    endloop
  endfacet
  facet normal 0.97288 0.231309 0
    outer loop
      vertex 57.8804 40.2513 5
      vertex 57.7498 40.8006 4.2
      vertex 57.7498 40.8006 5
    endloop
  endfacet
  facet normal 0.97288 0.231309 0
    outer loop
      vertex 57.7498 40.8006 4.2
      vertex 57.8804 40.2513 5
      vertex 57.8804 40.2513 4.2
    endloop
  endfacet
  facet normal 0.883374 0.468669 0
    outer loop
      vertex 58.1201 39.7995 5
      vertex 57.8804 40.2513 4.2
      vertex 57.8804 40.2513 5
    endloop
  endfacet
  facet normal 0.883374 0.468669 0
    outer loop
      vertex 57.8804 40.2513 4.2
      vertex 58.1201 39.7995 5
      vertex 58.1201 39.7995 4.2
    endloop
  endfacet
  facet normal 0.712318 0.701857 0
    outer loop
      vertex 58.469 39.4454 5
      vertex 58.1201 39.7995 4.2
      vertex 58.1201 39.7995 5
    endloop
  endfacet
  facet normal 0.712318 0.701857 0
    outer loop
      vertex 58.1201 39.7995 4.2
      vertex 58.469 39.4454 5
      vertex 58.469 39.4454 4.2
    endloop
  endfacet
  facet normal 0.493027 0.870014 -0
    outer loop
      vertex 58.9181 39.1909 4.2
      vertex 58.469 39.4454 5
      vertex 58.9181 39.1909 5
    endloop
  endfacet
  facet normal 0.493027 0.870014 0
    outer loop
      vertex 58.469 39.4454 5
      vertex 58.9181 39.1909 4.2
      vertex 58.469 39.4454 4.2
    endloop
  endfacet
  facet normal 0.271921 0.96232 -0
    outer loop
      vertex 59.4585 39.0382 4.2
      vertex 58.9181 39.1909 5
      vertex 59.4585 39.0382 5
    endloop
  endfacet
  facet normal 0.271921 0.96232 0
    outer loop
      vertex 58.9181 39.1909 5
      vertex 59.4585 39.0382 4.2
      vertex 58.9181 39.1909 4.2
    endloop
  endfacet
  facet normal 0.0803286 0.996768 -0
    outer loop
      vertex 60.0901 38.9873 4.2
      vertex 59.4585 39.0382 5
      vertex 60.0901 38.9873 5
    endloop
  endfacet
  facet normal 0.0803286 0.996768 0
    outer loop
      vertex 59.4585 39.0382 5
      vertex 60.0901 38.9873 4.2
      vertex 59.4585 39.0382 4.2
    endloop
  endfacet
  facet normal -0.0836469 0.996495 0
    outer loop
      vertex 60.762 39.0437 4.2
      vertex 60.0901 38.9873 5
      vertex 60.762 39.0437 5
    endloop
  endfacet
  facet normal -0.0836469 0.996495 0
    outer loop
      vertex 60.0901 38.9873 5
      vertex 60.762 39.0437 4.2
      vertex 60.0901 38.9873 4.2
    endloop
  endfacet
  facet normal 0 -1 0
    outer loop
      vertex 34.0918 39.8084 4.2
      vertex 35.7199 39.8084 5
      vertex 34.0918 39.8084 5
    endloop
  endfacet
  facet normal 0 -1 -0
    outer loop
      vertex 35.7199 39.8084 5
      vertex 34.0918 39.8084 4.2
      vertex 35.7199 39.8084 4.2
    endloop
  endfacet
  facet normal -1 0 0
    outer loop
      vertex 34.0918 39.8084 4.2
      vertex 34.0918 45.7705 5
      vertex 34.0918 45.7705 4.2
    endloop
  endfacet
  facet normal -1 -0 0
    outer loop
      vertex 34.0918 45.7705 5
      vertex 34.0918 39.8084 4.2
      vertex 34.0918 39.8084 5
    endloop
  endfacet
  facet normal 0 -1 0
    outer loop
      vertex 33.3038 45.7705 4.2
      vertex 34.0918 45.7705 5
      vertex 33.3038 45.7705 5
    endloop
  endfacet
  facet normal 0 -1 -0
    outer loop
      vertex 34.0918 45.7705 5
      vertex 33.3038 45.7705 4.2
      vertex 34.0918 45.7705 4.2
    endloop
  endfacet
  facet normal 0.566624 -0.823977 0
    outer loop
      vertex 31.7231 44.6835 4.2
      vertex 33.3038 45.7705 5
      vertex 31.7231 44.6835 5
    endloop
  endfacet
  facet normal 0.566624 -0.823977 0
    outer loop
      vertex 33.3038 45.7705 5
      vertex 31.7231 44.6835 4.2
      vertex 33.3038 45.7705 4.2
    endloop
  endfacet
  facet normal 1 -0 0
    outer loop
      vertex 31.7231 43.8765 5
      vertex 31.7231 44.6835 4.2
      vertex 31.7231 44.6835 5
    endloop
  endfacet
  facet normal 1 0 0
    outer loop
      vertex 31.7231 44.6835 4.2
      vertex 31.7231 43.8765 5
      vertex 31.7231 43.8765 4.2
    endloop
  endfacet
  facet normal -0.581044 0.813872 0
    outer loop
      vertex 33.2325 44.9541 4.2
      vertex 31.7231 43.8765 5
      vertex 33.2325 44.9541 5
    endloop
  endfacet
  facet normal -0.581044 0.813872 0
    outer loop
      vertex 31.7231 43.8765 5
      vertex 33.2325 44.9541 4.2
      vertex 31.7231 43.8765 4.2
    endloop
  endfacet
  facet normal 1 -0 0
    outer loop
      vertex 33.2325 39.8084 5
      vertex 33.2325 44.9541 4.2
      vertex 33.2325 44.9541 5
    endloop
  endfacet
  facet normal 1 0 0
    outer loop
      vertex 33.2325 44.9541 4.2
      vertex 33.2325 39.8084 5
      vertex 33.2325 39.8084 4.2
    endloop
  endfacet
  facet normal 0 -1 0
    outer loop
      vertex 31.5285 39.8084 4.2
      vertex 33.2325 39.8084 5
      vertex 31.5285 39.8084 5
    endloop
  endfacet
  facet normal 0 -1 -0
    outer loop
      vertex 33.2325 39.8084 5
      vertex 31.5285 39.8084 4.2
      vertex 33.2325 39.8084 4.2
    endloop
  endfacet
  facet normal 1 -0 0
    outer loop
      vertex 31.5285 39.0822 5
      vertex 31.5285 39.8084 4.2
      vertex 31.5285 39.8084 5
    endloop
  endfacet
  facet normal 1 0 0
    outer loop
      vertex 31.5285 39.8084 4.2
      vertex 31.5285 39.0822 5
      vertex 31.5285 39.0822 4.2
    endloop
  endfacet
  facet normal 0 1 -0
    outer loop
      vertex 35.7199 39.0822 4.2
      vertex 31.5285 39.0822 5
      vertex 35.7199 39.0822 5
    endloop
  endfacet
  facet normal 0 1 0
    outer loop
      vertex 31.5285 39.0822 5
      vertex 35.7199 39.0822 4.2
      vertex 31.5285 39.0822 4.2
    endloop
  endfacet
  facet normal -1 0 0
    outer loop
      vertex 35.7199 39.0822 4.2
      vertex 35.7199 39.8084 5
      vertex 35.7199 39.8084 4.2
    endloop
  endfacet
  facet normal -1 -0 0
    outer loop
      vertex 35.7199 39.8084 5
      vertex 35.7199 39.0822 4.2
      vertex 35.7199 39.0822 5
    endloop
  endfacet
  facet normal 0 -1 0
    outer loop
      vertex 46.151 45.7705 4.2
      vertex 47.0243 45.7705 5
      vertex 46.151 45.7705 5
    endloop
  endfacet
  facet normal 0 -1 -0
    outer loop
      vertex 47.0243 45.7705 5
      vertex 46.151 45.7705 4.2
      vertex 47.0243 45.7705 4.2
    endloop
  endfacet
  facet normal 0.998983 0.0450844 0
    outer loop
      vertex 46.2459 43.6677 5
      vertex 46.151 45.7705 4.2
      vertex 46.151 45.7705 5
    endloop
  endfacet
  facet normal 0.998983 0.0450844 0
    outer loop
      vertex 46.151 45.7705 4.2
      vertex 46.2459 43.6677 5
      vertex 46.2459 43.6677 4.2
    endloop
  endfacet
  facet normal 0 1 -0
    outer loop
      vertex 46.9199 43.6677 4.2
      vertex 46.2459 43.6677 5
      vertex 46.9199 43.6677 5
    endloop
  endfacet
  facet normal 0 1 0
    outer loop
      vertex 46.2459 43.6677 5
      vertex 46.9199 43.6677 4.2
      vertex 46.2459 43.6677 4.2
    endloop
  endfacet
  facet normal -0.99877 0.049587 0
    outer loop
      vertex 46.9199 43.6677 4.2
      vertex 47.0243 45.7705 5
      vertex 47.0243 45.7705 4.2
    endloop
  endfacet
  facet normal -0.99877 0.049587 0
    outer loop
      vertex 47.0243 45.7705 5
      vertex 46.9199 43.6677 4.2
      vertex 46.9199 43.6677 5
    endloop
  endfacet
  facet normal 0 -1 0
    outer loop
      vertex 44.3994 45.7705 4.2
      vertex 45.2727 45.7705 5
      vertex 44.3994 45.7705 5
    endloop
  endfacet
  facet normal 0 -1 -0
    outer loop
      vertex 45.2727 45.7705 5
      vertex 44.3994 45.7705 4.2
      vertex 45.2727 45.7705 4.2
    endloop
  endfacet
  facet normal 0.99888 0.0473124 0
    outer loop
      vertex 44.499 43.6677 5
      vertex 44.3994 45.7705 4.2
      vertex 44.3994 45.7705 5
    endloop
  endfacet
  facet normal 0.99888 0.0473124 0
    outer loop
      vertex 44.3994 45.7705 4.2
      vertex 44.499 43.6677 5
      vertex 44.499 43.6677 4.2
    endloop
  endfacet
  facet normal 0 1 -0
    outer loop
      vertex 45.1683 43.6677 4.2
      vertex 44.499 43.6677 5
      vertex 45.1683 43.6677 5
    endloop
  endfacet
  facet normal 0 1 0
    outer loop
      vertex 44.499 43.6677 5
      vertex 45.1683 43.6677 4.2
      vertex 44.499 43.6677 4.2
    endloop
  endfacet
  facet normal -0.99877 0.049587 0
    outer loop
      vertex 45.1683 43.6677 4.2
      vertex 45.2727 45.7705 5
      vertex 45.2727 45.7705 4.2
    endloop
  endfacet
  facet normal -0.99877 0.049587 0
    outer loop
      vertex 45.2727 45.7705 5
      vertex 45.1683 43.6677 4.2
      vertex 45.1683 43.6677 5
    endloop
  endfacet
  facet normal 0 -1 0
    outer loop
      vertex 64.8245 45.7705 4.2
      vertex 65.6979 45.7705 5
      vertex 64.8245 45.7705 5
    endloop
  endfacet
  facet normal 0 -1 -0
    outer loop
      vertex 65.6979 45.7705 5
      vertex 64.8245 45.7705 4.2
      vertex 65.6979 45.7705 4.2
    endloop
  endfacet
  facet normal 0.998983 0.0450844 0
    outer loop
      vertex 64.9194 43.6677 5
      vertex 64.8245 45.7705 4.2
      vertex 64.8245 45.7705 5
    endloop
  endfacet
  facet normal 0.998983 0.0450844 0
    outer loop
      vertex 64.8245 45.7705 4.2
      vertex 64.9194 43.6677 5
      vertex 64.9194 43.6677 4.2
    endloop
  endfacet
  facet normal 0 1 -0
    outer loop
      vertex 65.5934 43.6677 4.2
      vertex 64.9194 43.6677 5
      vertex 65.5934 43.6677 5
    endloop
  endfacet
  facet normal 0 1 0
    outer loop
      vertex 64.9194 43.6677 5
      vertex 65.5934 43.6677 4.2
      vertex 64.9194 43.6677 4.2
    endloop
  endfacet
  facet normal -0.998767 0.0496344 0
    outer loop
      vertex 65.5934 43.6677 4.2
      vertex 65.6979 45.7705 5
      vertex 65.6979 45.7705 4.2
    endloop
  endfacet
  facet normal -0.998767 0.0496344 0
    outer loop
      vertex 65.6979 45.7705 5
      vertex 65.5934 43.6677 4.2
      vertex 65.5934 43.6677 5
    endloop
  endfacet
  facet normal 0 -1 0
    outer loop
      vertex 63.0729 45.7705 4.2
      vertex 63.9463 45.7705 5
      vertex 63.0729 45.7705 5
    endloop
  endfacet
  facet normal 0 -1 -0
    outer loop
      vertex 63.9463 45.7705 5
      vertex 63.0729 45.7705 4.2
      vertex 63.9463 45.7705 4.2
    endloop
  endfacet
  facet normal 0.998878 0.0473598 0
    outer loop
      vertex 63.1726 43.6677 5
      vertex 63.0729 45.7705 4.2
      vertex 63.0729 45.7705 5
    endloop
  endfacet
  facet normal 0.998878 0.0473598 0
    outer loop
      vertex 63.0729 45.7705 4.2
      vertex 63.1726 43.6677 5
      vertex 63.1726 43.6677 4.2
    endloop
  endfacet
  facet normal 0 1 -0
    outer loop
      vertex 63.8418 43.6677 4.2
      vertex 63.1726 43.6677 5
      vertex 63.8418 43.6677 5
    endloop
  endfacet
  facet normal 0 1 0
    outer loop
      vertex 63.1726 43.6677 5
      vertex 63.8418 43.6677 4.2
      vertex 63.1726 43.6677 4.2
    endloop
  endfacet
  facet normal -0.998767 0.0496344 0
    outer loop
      vertex 63.8418 43.6677 4.2
      vertex 63.9463 45.7705 5
      vertex 63.9463 45.7705 4.2
    endloop
  endfacet
  facet normal -0.998767 0.0496344 0
    outer loop
      vertex 63.9463 45.7705 5
      vertex 63.8418 43.6677 4.2
      vertex 63.8418 43.6677 5
    endloop
  endfacet
  facet normal 0.836359 0.548181 0
    outer loop
      vertex 53.7968 39.0822 5
      vertex 52.4154 41.1898 4.2
      vertex 52.4154 41.1898 5
    endloop
  endfacet
  facet normal 0.836359 0.548181 0
    outer loop
      vertex 52.4154 41.1898 4.2
      vertex 53.7968 39.0822 5
      vertex 53.7968 39.0822 4.2
    endloop
  endfacet
  facet normal 0 1 -0
    outer loop
      vertex 54.7509 39.0822 4.2
      vertex 53.7968 39.0822 5
      vertex 54.7509 39.0822 5
    endloop
  endfacet
  facet normal 0 1 0
    outer loop
      vertex 53.7968 39.0822 5
      vertex 54.7509 39.0822 4.2
      vertex 53.7968 39.0822 4.2
    endloop
  endfacet
  facet normal -0.819637 -0.572883 0
    outer loop
      vertex 54.7509 39.0822 4.2
      vertex 52.8996 41.7309 5
      vertex 52.8996 41.7309 4.2
    endloop
  endfacet
  facet normal -0.819637 -0.572883 0
    outer loop
      vertex 52.8996 41.7309 5
      vertex 54.7509 39.0822 4.2
      vertex 54.7509 39.0822 5
    endloop
  endfacet
  facet normal -0.81909 0.573666 0
    outer loop
      vertex 52.8996 41.7309 4.2
      vertex 54.6417 44.2183 5
      vertex 54.6417 44.2183 4.2
    endloop
  endfacet
  facet normal -0.81909 0.573666 0
    outer loop
      vertex 54.6417 44.2183 5
      vertex 52.8996 41.7309 4.2
      vertex 52.8996 41.7309 5
    endloop
  endfacet
  facet normal 0 -1 0
    outer loop
      vertex 53.6876 44.2183 4.2
      vertex 54.6417 44.2183 5
      vertex 53.6876 44.2183 5
    endloop
  endfacet
  facet normal 0 -1 -0
    outer loop
      vertex 54.6417 44.2183 5
      vertex 53.6876 44.2183 4.2
      vertex 54.6417 44.2183 4.2
    endloop
  endfacet
  facet normal 0.843568 -0.537023 0
    outer loop
      vertex 52.4154 42.2199 5
      vertex 53.6876 44.2183 4.2
      vertex 53.6876 44.2183 5
    endloop
  endfacet
  facet normal 0.843568 -0.537023 0
    outer loop
      vertex 53.6876 44.2183 4.2
      vertex 52.4154 42.2199 5
      vertex 52.4154 42.2199 4.2
    endloop
  endfacet
  facet normal -0.841769 -0.539838 0
    outer loop
      vertex 52.4154 42.2199 4.2
      vertex 51.1338 44.2183 5
      vertex 51.1338 44.2183 4.2
    endloop
  endfacet
  facet normal -0.841769 -0.539838 0
    outer loop
      vertex 51.1338 44.2183 5
      vertex 52.4154 42.2199 4.2
      vertex 52.4154 42.2199 5
    endloop
  endfacet
  facet normal 0 -1 0
    outer loop
      vertex 50.1891 44.2183 4.2
      vertex 51.1338 44.2183 5
      vertex 50.1891 44.2183 5
    endloop
  endfacet
  facet normal 0 -1 -0
    outer loop
      vertex 51.1338 44.2183 5
      vertex 50.1891 44.2183 4.2
      vertex 51.1338 44.2183 4.2
    endloop
  endfacet
  facet normal 0.820089 0.572236 0
    outer loop
      vertex 51.9313 41.7215 5
      vertex 50.1891 44.2183 4.2
      vertex 50.1891 44.2183 5
    endloop
  endfacet
  facet normal 0.820089 0.572236 0
    outer loop
      vertex 50.1891 44.2183 4.2
      vertex 51.9313 41.7215 5
      vertex 51.9313 41.7215 4.2
    endloop
  endfacet
  facet normal 0.822135 -0.569293 0
    outer loop
      vertex 50.1037 39.0822 5
      vertex 51.9313 41.7215 4.2
      vertex 51.9313 41.7215 5
    endloop
  endfacet
  facet normal 0.822135 -0.569293 0
    outer loop
      vertex 51.9313 41.7215 4.2
      vertex 50.1037 39.0822 5
      vertex 50.1037 39.0822 4.2
    endloop
  endfacet
  facet normal 0 1 -0
    outer loop
      vertex 51.0246 39.0822 4.2
      vertex 50.1037 39.0822 5
      vertex 51.0246 39.0822 5
    endloop
  endfacet
  facet normal 0 1 0
    outer loop
      vertex 50.1037 39.0822 5
      vertex 51.0246 39.0822 4.2
      vertex 50.1037 39.0822 4.2
    endloop
  endfacet
  facet normal -0.834649 0.550783 0
    outer loop
      vertex 51.0246 39.0822 4.2
      vertex 52.4154 41.1898 5
      vertex 52.4154 41.1898 4.2
    endloop
  endfacet
  facet normal -0.834649 0.550783 0
    outer loop
      vertex 52.4154 41.1898 5
      vertex 51.0246 39.0822 4.2
      vertex 51.0246 39.0822 5
    endloop
  endfacet
  facet normal 0 0 1
    outer loop
      vertex 10.3822 35.4743 4.2
      vertex 11.2698 35.5218 4.2
      vertex 11.2063 36.0139 4.2
    endloop
  endfacet
  facet normal 0 0 1
    outer loop
      vertex 11.2698 35.5218 4.2
      vertex 10.3822 35.4743 4.2
      vertex 11.2345 35.1552 4.2
    endloop
  endfacet
  facet normal -0 0 1
    outer loop
      vertex 10.244 36.1046 4.2
      vertex 11.2063 36.0139 4.2
      vertex 11.0156 36.4332 4.2
    endloop
  endfacet
  facet normal 0 0 1
    outer loop
      vertex 10.3471 35.098 4.2
      vertex 11.2345 35.1552 4.2
      vertex 10.3822 35.4743 4.2
    endloop
  endfacet
  facet normal 0 0 1
    outer loop
      vertex 11.2345 35.1552 4.2
      vertex 10.3471 35.098 4.2
      vertex 11.1285 34.8214 4.2
    endloop
  endfacet
  facet normal 0 0 1
    outer loop
      vertex 10.244 36.1046 4.2
      vertex 11.0156 36.4332 4.2
      vertex 10.6978 36.7797 4.2
    endloop
  endfacet
  facet normal 0 0 1
    outer loop
      vertex 11.1285 34.8214 4.2
      vertex 10.3471 35.098 4.2
      vertex 10.9518 34.5201 4.2
    endloop
  endfacet
  facet normal -0 0 1
    outer loop
      vertex 10.2419 34.7981 4.2
      vertex 10.9518 34.5201 4.2
      vertex 10.3471 35.098 4.2
    endloop
  endfacet
  facet normal 0 0 1
    outer loop
      vertex 9.82941 36.4828 4.2
      vertex 10.6978 36.7797 4.2
      vertex 10.2703 37.0381 4.2
    endloop
  endfacet
  facet normal 0 0 1
    outer loop
      vertex 11.2063 36.0139 4.2
      vertex 10.244 36.1046 4.2
      vertex 10.3822 35.4743 4.2
    endloop
  endfacet
  facet normal 0 0 1
    outer loop
      vertex 10.6978 36.7797 4.2
      vertex 9.82941 36.4828 4.2
      vertex 10.244 36.1046 4.2
    endloop
  endfacet
  facet normal 0 0 1
    outer loop
      vertex 9.75055 37.1932 4.2
      vertex 9.82941 36.4828 4.2
      vertex 10.2703 37.0381 4.2
    endloop
  endfacet
  facet normal 0 0 1
    outer loop
      vertex 9.13848 36.6088 4.2
      vertex 9.75055 37.1932 4.2
      vertex 9.13848 37.2449 4.2
    endloop
  endfacet
  facet normal 0 0 1
    outer loop
      vertex 9.75055 37.1932 4.2
      vertex 9.13848 36.6088 4.2
      vertex 9.82941 36.4828 4.2
    endloop
  endfacet
  facet normal 0 0 1
    outer loop
      vertex 9.13848 37.2449 4.2
      vertex 8.76848 36.5772 4.2
      vertex 9.13848 36.6088 4.2
    endloop
  endfacet
  facet normal -0 0 1
    outer loop
      vertex 8.53957 37.1922 4.2
      vertex 8.76848 36.5772 4.2
      vertex 9.13848 37.2449 4.2
    endloop
  endfacet
  facet normal 0 0 1
    outer loop
      vertex 8.53957 37.1922 4.2
      vertex 8.4623 36.4822 4.2
      vertex 8.76848 36.5772 4.2
    endloop
  endfacet
  facet normal -0 0 1
    outer loop
      vertex 8.02768 37.0339 4.2
      vertex 8.4623 36.4822 4.2
      vertex 8.53957 37.1922 4.2
    endloop
  endfacet
  facet normal 0 0 1
    outer loop
      vertex 8.4623 36.4822 4.2
      vertex 8.02768 37.0339 4.2
      vertex 8.21993 36.324 4.2
    endloop
  endfacet
  facet normal -0 0 1
    outer loop
      vertex 7.60282 36.7702 4.2
      vertex 8.21993 36.324 4.2
      vertex 8.02768 37.0339 4.2
    endloop
  endfacet
  facet normal 0 0 1
    outer loop
      vertex 8.21993 36.324 4.2
      vertex 7.60282 36.7702 4.2
      vertex 8.04457 36.103 4.2
    endloop
  endfacet
  facet normal -0 0 1
    outer loop
      vertex 7.28505 36.4215 4.2
      vertex 8.04457 36.103 4.2
      vertex 7.60282 36.7702 4.2
    endloop
  endfacet
  facet normal 0 0 1
    outer loop
      vertex 8.04457 36.103 4.2
      vertex 7.28505 36.4215 4.2
      vertex 7.93936 35.8198 4.2
    endloop
  endfacet
  facet normal -0 0 1
    outer loop
      vertex 7.09439 36.0086 4.2
      vertex 7.93936 35.8198 4.2
      vertex 7.28505 36.4215 4.2
    endloop
  endfacet
  facet normal 0 -0 1
    outer loop
      vertex 7.06591 35.1647 4.2
      vertex 7.9043 35.4743 4.2
      vertex 7.03084 35.5313 4.2
    endloop
  endfacet
  facet normal 0 -0 1
    outer loop
      vertex 7.17111 34.8308 4.2
      vertex 7.9043 35.4743 4.2
      vertex 7.06591 35.1647 4.2
    endloop
  endfacet
  facet normal 0 0 1
    outer loop
      vertex 7.03084 35.5313 4.2
      vertex 7.93936 35.8198 4.2
      vertex 7.09439 36.0086 4.2
    endloop
  endfacet
  facet normal 0 -0 1
    outer loop
      vertex 7.58252 34.2781 4.2
      vertex 7.9043 35.4743 4.2
      vertex 7.34647 34.5297 4.2
    endloop
  endfacet
  facet normal 0 0 1
    outer loop
      vertex 7.93936 35.8198 4.2
      vertex 7.03084 35.5313 4.2
      vertex 7.9043 35.4743 4.2
    endloop
  endfacet
  facet normal 0 0 1
    outer loop
      vertex 7.9043 35.4743 4.2
      vertex 7.58252 34.2781 4.2
      vertex 7.86972 34.093 4.2
    endloop
  endfacet
  facet normal 0 0 1
    outer loop
      vertex 7.9043 35.4743 4.2
      vertex 7.17111 34.8308 4.2
      vertex 7.34647 34.5297 4.2
    endloop
  endfacet
  facet normal 0 0 1
    outer loop
      vertex 10.9518 34.5201 4.2
      vertex 10.2419 34.7981 4.2
      vertex 10.7139 34.2707 4.2
    endloop
  endfacet
  facet normal -0 0 1
    outer loop
      vertex 10.0665 34.5748 4.2
      vertex 10.7139 34.2707 4.2
      vertex 10.2419 34.7981 4.2
    endloop
  endfacet
  facet normal 0 0 1
    outer loop
      vertex 10.7139 34.2707 4.2
      vertex 10.0665 34.5748 4.2
      vertex 10.4243 34.0919 4.2
    endloop
  endfacet
  facet normal -0 0 1
    outer loop
      vertex 9.82413 34.4205 4.2
      vertex 10.0831 33.9838 4.2
      vertex 10.0665 34.5748 4.2
    endloop
  endfacet
  facet normal 0 0 1
    outer loop
      vertex 10.4243 34.0919 4.2
      vertex 10.0665 34.5748 4.2
      vertex 10.0831 33.9838 4.2
    endloop
  endfacet
  facet normal 0 0 1
    outer loop
      vertex 11.3964 32.7377 4.2
      vertex 10.5071 32.7837 4.2
      vertex 10.5483 32.4031 4.2
    endloop
  endfacet
  facet normal 0 0 1
    outer loop
      vertex 10.178 33.3406 4.2
      vertex 10.8109 33.6769 4.2
      vertex 10.4787 33.858 4.2
    endloop
  endfacet
  facet normal 0 0 1
    outer loop
      vertex 11.0799 33.4213 4.2
      vertex 10.3837 33.0962 4.2
      vertex 10.5071 32.7837 4.2
    endloop
  endfacet
  facet normal 0 0 1
    outer loop
      vertex 10.8109 33.6769 4.2
      vertex 10.178 33.3406 4.2
      vertex 10.3837 33.0962 4.2
    endloop
  endfacet
  facet normal 0 0 1
    outer loop
      vertex 10.0831 33.9648 4.2
      vertex 10.178 33.3406 4.2
      vertex 10.4787 33.858 4.2
    endloop
  endfacet
  facet normal 0 0 1
    outer loop
      vertex 10.0831 33.9648 4.2
      vertex 9.89792 33.516 4.2
      vertex 10.178 33.3406 4.2
    endloop
  endfacet
  facet normal -0 0 1
    outer loop
      vertex 9.51798 34.3279 4.2
      vertex 10.0831 33.9838 4.2
      vertex 9.82413 34.4205 4.2
    endloop
  endfacet
  facet normal 0 -0 1
    outer loop
      vertex 9.55142 33.6212 4.2
      vertex 10.0831 33.9838 4.2
      vertex 9.51798 34.3279 4.2
    endloop
  endfacet
  facet normal 0 0 1
    outer loop
      vertex 10.0831 33.9648 4.2
      vertex 9.55142 33.6212 4.2
      vertex 9.89792 33.516 4.2
    endloop
  endfacet
  facet normal 0 0 1
    outer loop
      vertex 10.0831 33.9838 4.2
      vertex 9.55142 33.6212 4.2
      vertex 10.0831 33.9648 4.2
    endloop
  endfacet
  facet normal 0 0 1
    outer loop
      vertex 9.13848 33.6563 4.2
      vertex 9.51798 34.3279 4.2
      vertex 9.148 34.2971 4.2
    endloop
  endfacet
  facet normal 0 0 1
    outer loop
      vertex 9.51798 34.3279 4.2
      vertex 9.13848 33.6563 4.2
      vertex 9.55142 33.6212 4.2
    endloop
  endfacet
  facet normal 0 0 1
    outer loop
      vertex 8.7822 34.3306 4.2
      vertex 9.13848 33.6563 4.2
      vertex 9.148 34.2971 4.2
    endloop
  endfacet
  facet normal 0 0 1
    outer loop
      vertex 8.7822 34.3306 4.2
      vertex 8.73658 33.6186 4.2
      vertex 9.13848 33.6563 4.2
    endloop
  endfacet
  facet normal 0 0 1
    outer loop
      vertex 8.2081 33.9743 4.2
      vertex 8.7822 34.3306 4.2
      vertex 8.47602 34.431 4.2
    endloop
  endfacet
  facet normal 0 0 1
    outer loop
      vertex 8.7822 34.3306 4.2
      vertex 8.2081 33.9743 4.2
      vertex 8.73658 33.6186 4.2
    endloop
  endfacet
  facet normal 0 0 1
    outer loop
      vertex 8.2081 33.9743 4.2
      vertex 8.47602 34.431 4.2
      vertex 8.22945 34.5985 4.2
    endloop
  endfacet
  facet normal 0 0 1
    outer loop
      vertex 8.73658 33.6186 4.2
      vertex 8.2081 33.9743 4.2
      vertex 8.2081 33.9553 4.2
    endloop
  endfacet
  facet normal 0 0 1
    outer loop
      vertex 8.73658 33.6186 4.2
      vertex 8.2081 33.9553 4.2
      vertex 8.39797 33.5054 4.2
    endloop
  endfacet
  facet normal 0 0 1
    outer loop
      vertex 8.2081 33.9553 4.2
      vertex 8.12264 33.3169 4.2
      vertex 8.39797 33.5054 4.2
    endloop
  endfacet
  facet normal -0 0 1
    outer loop
      vertex 7.84206 33.853 4.2
      vertex 8.12264 33.3169 4.2
      vertex 8.2081 33.9553 4.2
    endloop
  endfacet
  facet normal -0 0 1
    outer loop
      vertex 7.52242 33.6726 4.2
      vertex 8.12264 33.3169 4.2
      vertex 7.84206 33.853 4.2
    endloop
  endfacet
  facet normal 0 0 1
    outer loop
      vertex 8.12264 33.3169 4.2
      vertex 7.52242 33.6726 4.2
      vertex 7.91956 33.0624 4.2
    endloop
  endfacet
  facet normal -0 0 1
    outer loop
      vertex 7.24916 33.4142 4.2
      vertex 7.91956 33.0624 4.2
      vertex 7.52242 33.6726 4.2
    endloop
  endfacet
  facet normal 0 0 1
    outer loop
      vertex 7.91956 33.0624 4.2
      vertex 7.24916 33.4142 4.2
      vertex 7.7977 32.7515 4.2
    endloop
  endfacet
  facet normal -0 0 1
    outer loop
      vertex 10.5483 32.4031 4.2
      vertex 11.4359 32.3224 4.2
      vertex 11.3964 32.7377 4.2
    endloop
  endfacet
  facet normal -0 0 1
    outer loop
      vertex 10.5071 32.7837 4.2
      vertex 11.3964 32.7377 4.2
      vertex 11.2777 33.104 4.2
    endloop
  endfacet
  facet normal 0 0 1
    outer loop
      vertex 10.5103 31.9598 4.2
      vertex 11.4359 32.3224 4.2
      vertex 10.5483 32.4031 4.2
    endloop
  endfacet
  facet normal 0 0 1
    outer loop
      vertex 10.5071 32.7837 4.2
      vertex 11.2777 33.104 4.2
      vertex 11.0799 33.4213 4.2
    endloop
  endfacet
  facet normal 0 0 1
    outer loop
      vertex 11.4359 32.3224 4.2
      vertex 10.5103 31.9598 4.2
      vertex 11.3705 31.7507 4.2
    endloop
  endfacet
  facet normal 0 0 1
    outer loop
      vertex 10.3837 33.0962 4.2
      vertex 11.0799 33.4213 4.2
      vertex 10.8109 33.6769 4.2
    endloop
  endfacet
  facet normal 0 0 1
    outer loop
      vertex 11.3705 31.7507 4.2
      vertex 10.5103 31.9598 4.2
      vertex 11.1743 31.2696 4.2
    endloop
  endfacet
  facet normal -0 0 1
    outer loop
      vertex 10.3963 31.6046 4.2
      vertex 11.1743 31.2696 4.2
      vertex 10.5103 31.9598 4.2
    endloop
  endfacet
  facet normal 0 0 1
    outer loop
      vertex 11.1743 31.2696 4.2
      vertex 10.3963 31.6046 4.2
      vertex 10.8473 30.8793 4.2
    endloop
  endfacet
  facet normal -0 0 1
    outer loop
      vertex 10.2065 31.3374 4.2
      vertex 10.8473 30.8793 4.2
      vertex 10.3963 31.6046 4.2
    endloop
  endfacet
  facet normal 0 0 1
    outer loop
      vertex 10.8473 30.8793 4.2
      vertex 10.2065 31.3374 4.2
      vertex 10.398 30.5919 4.2
    endloop
  endfacet
  facet normal -0 0 1
    outer loop
      vertex 9.93907 31.1515 4.2
      vertex 10.398 30.5919 4.2
      vertex 10.2065 31.3374 4.2
    endloop
  endfacet
  facet normal 0 0 1
    outer loop
      vertex 9.93907 31.1515 4.2
      vertex 9.83467 30.4194 4.2
      vertex 10.398 30.5919 4.2
    endloop
  endfacet
  facet normal -0 0 1
    outer loop
      vertex 9.59258 31.0399 4.2
      vertex 9.83467 30.4194 4.2
      vertex 9.93907 31.1515 4.2
    endloop
  endfacet
  facet normal 0 0 1
    outer loop
      vertex 9.15744 30.362 4.2
      vertex 9.59258 31.0399 4.2
      vertex 9.16696 31.0027 4.2
    endloop
  endfacet
  facet normal 0 0 1
    outer loop
      vertex 9.59258 31.0399 4.2
      vertex 9.15744 30.362 4.2
      vertex 9.83467 30.4194 4.2
    endloop
  endfacet
  facet normal 0 0 1
    outer loop
      vertex 9.16696 31.0027 4.2
      vertex 8.49422 30.4184 4.2
      vertex 9.15744 30.362 4.2
    endloop
  endfacet
  facet normal 0 0 1
    outer loop
      vertex 8.3837 31.1562 4.2
      vertex 8.49422 30.4184 4.2
      vertex 9.16696 31.0027 4.2
    endloop
  endfacet
  facet normal 0 0 1
    outer loop
      vertex 8.3837 31.1562 4.2
      vertex 7.93486 30.5877 4.2
      vertex 8.49422 30.4184 4.2
    endloop
  endfacet
  facet normal 0 0 1
    outer loop
      vertex 7.4794 30.8699 4.2
      vertex 8.3837 31.1562 4.2
      vertex 7.91374 31.6167 4.2
    endloop
  endfacet
  facet normal -0 0 1
    outer loop
      vertex 6.94142 31.737 4.2
      vertex 7.91374 31.6167 4.2
      vertex 7.7571 32.3841 4.2
    endloop
  endfacet
  facet normal -0 0 1
    outer loop
      vertex 7.04085 33.0935 4.2
      vertex 7.7977 32.7515 4.2
      vertex 7.24916 33.4142 4.2
    endloop
  endfacet
  facet normal 0 -0 1
    outer loop
      vertex 6.94142 31.737 4.2
      vertex 7.7571 32.3841 4.2
      vertex 6.87418 32.3129 4.2
    endloop
  endfacet
  facet normal 0 0 1
    outer loop
      vertex 6.91585 32.7264 4.2
      vertex 7.7977 32.7515 4.2
      vertex 7.04085 33.0935 4.2
    endloop
  endfacet
  facet normal 0 0 1
    outer loop
      vertex 7.91374 31.6167 4.2
      vertex 6.94142 31.737 4.2
      vertex 7.14316 31.256 4.2
    endloop
  endfacet
  facet normal 0 0 1
    outer loop
      vertex 7.7977 32.7515 4.2
      vertex 6.91585 32.7264 4.2
      vertex 7.7571 32.3841 4.2
    endloop
  endfacet
  facet normal 0 0 1
    outer loop
      vertex 8.3837 31.1562 4.2
      vertex 7.4794 30.8699 4.2
      vertex 7.93486 30.5877 4.2
    endloop
  endfacet
  facet normal 0 0 1
    outer loop
      vertex 7.7571 32.3841 4.2
      vertex 6.91585 32.7264 4.2
      vertex 6.87418 32.3129 4.2
    endloop
  endfacet
  facet normal 0 0 1
    outer loop
      vertex 7.91374 31.6167 4.2
      vertex 7.14316 31.256 4.2
      vertex 7.4794 30.8699 4.2
    endloop
  endfacet
  facet normal 0 0 1
    outer loop
      vertex 7.86972 34.093 4.2
      vertex 8.22945 34.5985 4.2
      vertex 8.04882 34.8298 4.2
    endloop
  endfacet
  facet normal 0 0 1
    outer loop
      vertex 7.86972 34.093 4.2
      vertex 8.04882 34.8298 4.2
      vertex 7.94043 35.1217 4.2
    endloop
  endfacet
  facet normal 0 0 1
    outer loop
      vertex 8.22945 34.5985 4.2
      vertex 7.86972 34.093 4.2
      vertex 8.2081 33.9743 4.2
    endloop
  endfacet
  facet normal 0 0 1
    outer loop
      vertex 7.86972 34.093 4.2
      vertex 7.94043 35.1217 4.2
      vertex 7.9043 35.4743 4.2
    endloop
  endfacet
  facet normal -0 0 1
    outer loop
      vertex 62.8334 34.68 4.2
      vertex 63.7392 33.8034 4.2
      vertex 63.6767 34.8467 4.2
    endloop
  endfacet
  facet normal -0 0 1
    outer loop
      vertex 62.7219 35.3794 4.2
      vertex 63.6767 34.8467 4.2
      vertex 63.4892 35.7043 4.2
    endloop
  endfacet
  facet normal 0 0 1
    outer loop
      vertex 62.8316 32.9532 4.2
      vertex 63.7392 33.8034 4.2
      vertex 62.8706 33.8034 4.2
    endloop
  endfacet
  facet normal -0 0 1
    outer loop
      vertex 62.5359 35.9015 4.2
      vertex 63.4892 35.7043 4.2
      vertex 63.1767 36.3762 4.2
    endloop
  endfacet
  facet normal 0 0 1
    outer loop
      vertex 63.7392 33.8034 4.2
      vertex 62.8316 32.9532 4.2
      vertex 63.6736 32.7744 4.2
    endloop
  endfacet
  facet normal 0 0 1
    outer loop
      vertex 62.7145 32.2633 4.2
      vertex 63.6736 32.7744 4.2
      vertex 62.8316 32.9532 4.2
    endloop
  endfacet
  facet normal 0 0 1
    outer loop
      vertex 63.7392 33.8034 4.2
      vertex 62.8334 34.68 4.2
      vertex 62.8706 33.8034 4.2
    endloop
  endfacet
  facet normal 0 0 1
    outer loop
      vertex 62.2646 36.2628 4.2
      vertex 63.1767 36.3762 4.2
      vertex 62.7329 36.8588 4.2
    endloop
  endfacet
  facet normal 0 0 1
    outer loop
      vertex 63.6767 34.8467 4.2
      vertex 62.7219 35.3794 4.2
      vertex 62.8334 34.68 4.2
    endloop
  endfacet
  facet normal 0 0 1
    outer loop
      vertex 63.4892 35.7043 4.2
      vertex 62.5359 35.9015 4.2
      vertex 62.7219 35.3794 4.2
    endloop
  endfacet
  facet normal 0 0 1
    outer loop
      vertex 63.1767 36.3762 4.2
      vertex 62.2646 36.2628 4.2
      vertex 62.5359 35.9015 4.2
    endloop
  endfacet
  facet normal 0 0 1
    outer loop
      vertex 62.1514 37.1484 4.2
      vertex 62.2646 36.2628 4.2
      vertex 62.7329 36.8588 4.2
    endloop
  endfacet
  facet normal 0 0 1
    outer loop
      vertex 62.1514 37.1484 4.2
      vertex 61.8967 36.4796 4.2
      vertex 62.2646 36.2628 4.2
    endloop
  endfacet
  facet normal 0 0 1
    outer loop
      vertex 61.4323 37.2449 4.2
      vertex 61.8967 36.4796 4.2
      vertex 62.1514 37.1484 4.2
    endloop
  endfacet
  facet normal 0 0 1
    outer loop
      vertex 61.4323 37.2449 4.2
      vertex 61.4323 36.5518 4.2
      vertex 61.8967 36.4796 4.2
    endloop
  endfacet
  facet normal 0 0 1
    outer loop
      vertex 61.4323 37.2449 4.2
      vertex 60.9563 36.4806 4.2
      vertex 61.4323 36.5518 4.2
    endloop
  endfacet
  facet normal -0 0 1
    outer loop
      vertex 60.6947 37.1494 4.2
      vertex 60.9563 36.4806 4.2
      vertex 61.4323 37.2449 4.2
    endloop
  endfacet
  facet normal 0 0 1
    outer loop
      vertex 60.6947 37.1494 4.2
      vertex 60.5789 36.267 4.2
      vertex 60.9563 36.4806 4.2
    endloop
  endfacet
  facet normal -0 0 1
    outer loop
      vertex 60.1021 36.863 4.2
      vertex 60.5789 36.267 4.2
      vertex 60.6947 37.1494 4.2
    endloop
  endfacet
  facet normal -0 0 1
    outer loop
      vertex 59.6546 36.3857 4.2
      vertex 60.5789 36.267 4.2
      vertex 60.1021 36.863 4.2
    endloop
  endfacet
  facet normal 0 0 1
    outer loop
      vertex 60.5789 36.267 4.2
      vertex 59.6546 36.3857 4.2
      vertex 60.3001 35.911 4.2
    endloop
  endfacet
  facet normal 0 0 1
    outer loop
      vertex 59.3421 35.7169 4.2
      vertex 60.3001 35.911 4.2
      vertex 59.6546 36.3857 4.2
    endloop
  endfacet
  facet normal 0 0 1
    outer loop
      vertex 59.0921 33.8034 4.2
      vertex 59.956 33.8034 4.2
      vertex 59.9943 34.6895 4.2
    endloop
  endfacet
  facet normal 0 0 1
    outer loop
      vertex 60.3001 35.911 4.2
      vertex 59.3421 35.7169 4.2
      vertex 60.109 35.392 4.2
    endloop
  endfacet
  facet normal 0 0 1
    outer loop
      vertex 59.1546 34.8562 4.2
      vertex 60.109 35.392 4.2
      vertex 59.3421 35.7169 4.2
    endloop
  endfacet
  facet normal 0 0 1
    outer loop
      vertex 59.956 33.8034 4.2
      vertex 59.0921 33.8034 4.2
      vertex 59.1564 32.7697 4.2
    endloop
  endfacet
  facet normal 0 0 1
    outer loop
      vertex 60.109 35.392 4.2
      vertex 59.1546 34.8562 4.2
      vertex 59.9943 34.6895 4.2
    endloop
  endfacet
  facet normal 0 0 1
    outer loop
      vertex 59.956 33.8034 4.2
      vertex 59.1564 32.7697 4.2
      vertex 59.3495 31.9152 4.2
    endloop
  endfacet
  facet normal 0 0 1
    outer loop
      vertex 59.9943 34.6895 4.2
      vertex 59.1546 34.8562 4.2
      vertex 59.0921 33.8034 4.2
    endloop
  endfacet
  facet normal 0 0 1
    outer loop
      vertex 59.956 33.8034 4.2
      vertex 59.3495 31.9152 4.2
      vertex 59.6712 31.2401 4.2
    endloop
  endfacet
  facet normal 0 0 1
    outer loop
      vertex 63.6736 32.7744 4.2
      vertex 62.7145 32.2633 4.2
      vertex 63.4766 31.9216 4.2
    endloop
  endfacet
  facet normal 0 0 1
    outer loop
      vertex 62.5193 31.7338 4.2
      vertex 63.4766 31.9216 4.2
      vertex 62.7145 32.2633 4.2
    endloop
  endfacet
  facet normal 0 0 1
    outer loop
      vertex 63.4766 31.9216 4.2
      vertex 62.5193 31.7338 4.2
      vertex 63.1482 31.2449 4.2
    endloop
  endfacet
  facet normal -0 0 1
    outer loop
      vertex 62.2403 31.3593 4.2
      vertex 63.1482 31.2449 4.2
      vertex 62.5193 31.7338 4.2
    endloop
  endfacet
  facet normal 0 0 1
    outer loop
      vertex 63.1482 31.2449 4.2
      vertex 62.2403 31.3593 4.2
      vertex 62.6918 30.7544 4.2
    endloop
  endfacet
  facet normal -0 0 1
    outer loop
      vertex 61.8716 31.1346 4.2
      vertex 62.6918 30.7544 4.2
      vertex 62.2403 31.3593 4.2
    endloop
  endfacet
  facet normal 0 0 1
    outer loop
      vertex 62.6918 30.7544 4.2
      vertex 61.8716 31.1346 4.2
      vertex 62.1103 30.4601 4.2
    endloop
  endfacet
  facet normal 0 0 1
    outer loop
      vertex 61.4038 30.362 4.2
      vertex 61.8716 31.1346 4.2
      vertex 61.4133 31.0597 4.2
    endloop
  endfacet
  facet normal 0 0 1
    outer loop
      vertex 61.8716 31.1346 4.2
      vertex 61.4038 30.362 4.2
      vertex 62.1103 30.4601 4.2
    endloop
  endfacet
  facet normal 0 0 1
    outer loop
      vertex 60.9526 31.133 4.2
      vertex 61.4038 30.362 4.2
      vertex 61.4133 31.0597 4.2
    endloop
  endfacet
  facet normal 0 0 1
    outer loop
      vertex 60.9526 31.133 4.2
      vertex 60.6986 30.4595 4.2
      vertex 61.4038 30.362 4.2
    endloop
  endfacet
  facet normal 0 0 1
    outer loop
      vertex 60.5831 31.353 4.2
      vertex 60.6986 30.4595 4.2
      vertex 60.9526 31.133 4.2
    endloop
  endfacet
  facet normal 0 0 1
    outer loop
      vertex 59.6712 31.2401 4.2
      vertex 60.5831 31.353 4.2
      vertex 60.3049 31.7195 4.2
    endloop
  endfacet
  facet normal 0 0 1
    outer loop
      vertex 60.5831 31.353 4.2
      vertex 60.1211 30.7523 4.2
      vertex 60.6986 30.4595 4.2
    endloop
  endfacet
  facet normal 0 0 1
    outer loop
      vertex 59.6712 31.2401 4.2
      vertex 60.3049 31.7195 4.2
      vertex 60.1111 32.2443 4.2
    endloop
  endfacet
  facet normal 0 0 1
    outer loop
      vertex 59.6712 31.2401 4.2
      vertex 60.1111 32.2443 4.2
      vertex 59.9948 32.939 4.2
    endloop
  endfacet
  facet normal 0 0 1
    outer loop
      vertex 60.5831 31.353 4.2
      vertex 59.6712 31.2401 4.2
      vertex 60.1211 30.7523 4.2
    endloop
  endfacet
  facet normal 0 0 1
    outer loop
      vertex 59.6712 31.2401 4.2
      vertex 59.9948 32.939 4.2
      vertex 59.956 33.8034 4.2
    endloop
  endfacet
  facet normal 0 0 1
    outer loop
      vertex 15.6624 35.4743 4.2
      vertex 16.5501 35.5218 4.2
      vertex 16.4866 36.0139 4.2
    endloop
  endfacet
  facet normal 0 0 1
    outer loop
      vertex 16.5501 35.5218 4.2
      vertex 15.6624 35.4743 4.2
      vertex 16.5148 35.1552 4.2
    endloop
  endfacet
  facet normal -0 0 1
    outer loop
      vertex 15.5242 36.1046 4.2
      vertex 16.4866 36.0139 4.2
      vertex 16.2959 36.4332 4.2
    endloop
  endfacet
  facet normal 0 0 1
    outer loop
      vertex 15.6274 35.098 4.2
      vertex 16.5148 35.1552 4.2
      vertex 15.6624 35.4743 4.2
    endloop
  endfacet
  facet normal 0 0 1
    outer loop
      vertex 16.5148 35.1552 4.2
      vertex 15.6274 35.098 4.2
      vertex 16.4087 34.8214 4.2
    endloop
  endfacet
  facet normal 0 0 1
    outer loop
      vertex 15.5242 36.1046 4.2
      vertex 16.2959 36.4332 4.2
      vertex 15.9781 36.7797 4.2
    endloop
  endfacet
  facet normal 0 0 1
    outer loop
      vertex 16.4087 34.8214 4.2
      vertex 15.6274 35.098 4.2
      vertex 16.232 34.5201 4.2
    endloop
  endfacet
  facet normal -0 0 1
    outer loop
      vertex 15.5221 34.7981 4.2
      vertex 16.232 34.5201 4.2
      vertex 15.6274 35.098 4.2
    endloop
  endfacet
  facet normal 0 0 1
    outer loop
      vertex 15.1097 36.4828 4.2
      vertex 15.9781 36.7797 4.2
      vertex 15.5506 37.0381 4.2
    endloop
  endfacet
  facet normal 0 0 1
    outer loop
      vertex 16.4866 36.0139 4.2
      vertex 15.5242 36.1046 4.2
      vertex 15.6624 35.4743 4.2
    endloop
  endfacet
  facet normal 0 0 1
    outer loop
      vertex 15.9781 36.7797 4.2
      vertex 15.1097 36.4828 4.2
      vertex 15.5242 36.1046 4.2
    endloop
  endfacet
  facet normal 0 0 1
    outer loop
      vertex 15.0308 37.1932 4.2
      vertex 15.1097 36.4828 4.2
      vertex 15.5506 37.0381 4.2
    endloop
  endfacet
  facet normal 0 0 1
    outer loop
      vertex 14.4187 36.6088 4.2
      vertex 15.0308 37.1932 4.2
      vertex 14.4187 37.2449 4.2
    endloop
  endfacet
  facet normal 0 0 1
    outer loop
      vertex 15.0308 37.1932 4.2
      vertex 14.4187 36.6088 4.2
      vertex 15.1097 36.4828 4.2
    endloop
  endfacet
  facet normal 0 0 1
    outer loop
      vertex 14.4187 37.2449 4.2
      vertex 14.0488 36.5772 4.2
      vertex 14.4187 36.6088 4.2
    endloop
  endfacet
  facet normal -0 0 1
    outer loop
      vertex 13.8198 37.1922 4.2
      vertex 14.0488 36.5772 4.2
      vertex 14.4187 37.2449 4.2
    endloop
  endfacet
  facet normal 0 0 1
    outer loop
      vertex 13.8198 37.1922 4.2
      vertex 13.7426 36.4822 4.2
      vertex 14.0488 36.5772 4.2
    endloop
  endfacet
  facet normal -0 0 1
    outer loop
      vertex 13.308 37.0339 4.2
      vertex 13.7426 36.4822 4.2
      vertex 13.8198 37.1922 4.2
    endloop
  endfacet
  facet normal 0 0 1
    outer loop
      vertex 13.7426 36.4822 4.2
      vertex 13.308 37.0339 4.2
      vertex 13.5002 36.324 4.2
    endloop
  endfacet
  facet normal -0 0 1
    outer loop
      vertex 12.8831 36.7702 4.2
      vertex 13.5002 36.324 4.2
      vertex 13.308 37.0339 4.2
    endloop
  endfacet
  facet normal 0 0 1
    outer loop
      vertex 13.5002 36.324 4.2
      vertex 12.8831 36.7702 4.2
      vertex 13.3249 36.103 4.2
    endloop
  endfacet
  facet normal -0 0 1
    outer loop
      vertex 12.5653 36.4215 4.2
      vertex 13.3249 36.103 4.2
      vertex 12.8831 36.7702 4.2
    endloop
  endfacet
  facet normal 0 0 1
    outer loop
      vertex 13.3249 36.103 4.2
      vertex 12.5653 36.4215 4.2
      vertex 13.2197 35.8198 4.2
    endloop
  endfacet
  facet normal -0 0 1
    outer loop
      vertex 12.3747 36.0086 4.2
      vertex 13.2197 35.8198 4.2
      vertex 12.5653 36.4215 4.2
    endloop
  endfacet
  facet normal 0 -0 1
    outer loop
      vertex 12.3462 35.1647 4.2
      vertex 13.1846 35.4743 4.2
      vertex 12.3111 35.5313 4.2
    endloop
  endfacet
  facet normal 0 -0 1
    outer loop
      vertex 12.4514 34.8308 4.2
      vertex 13.1846 35.4743 4.2
      vertex 12.3462 35.1647 4.2
    endloop
  endfacet
  facet normal 0 0 1
    outer loop
      vertex 12.3111 35.5313 4.2
      vertex 13.2197 35.8198 4.2
      vertex 12.3747 36.0086 4.2
    endloop
  endfacet
  facet normal 0 -0 1
    outer loop
      vertex 12.8628 34.2781 4.2
      vertex 13.1846 35.4743 4.2
      vertex 12.6268 34.5297 4.2
    endloop
  endfacet
  facet normal 0 0 1
    outer loop
      vertex 13.2197 35.8198 4.2
      vertex 12.3111 35.5313 4.2
      vertex 13.1846 35.4743 4.2
    endloop
  endfacet
  facet normal 0 0 1
    outer loop
      vertex 13.1846 35.4743 4.2
      vertex 12.8628 34.2781 4.2
      vertex 13.15 34.093 4.2
    endloop
  endfacet
  facet normal 0 0 1
    outer loop
      vertex 13.1846 35.4743 4.2
      vertex 12.4514 34.8308 4.2
      vertex 12.6268 34.5297 4.2
    endloop
  endfacet
  facet normal 0 0 1
    outer loop
      vertex 16.232 34.5201 4.2
      vertex 15.5221 34.7981 4.2
      vertex 15.9942 34.2707 4.2
    endloop
  endfacet
  facet normal -0 0 1
    outer loop
      vertex 15.3467 34.5748 4.2
      vertex 15.9942 34.2707 4.2
      vertex 15.5221 34.7981 4.2
    endloop
  endfacet
  facet normal 0 0 1
    outer loop
      vertex 15.9942 34.2707 4.2
      vertex 15.3467 34.5748 4.2
      vertex 15.7046 34.0919 4.2
    endloop
  endfacet
  facet normal -0 0 1
    outer loop
      vertex 15.1044 34.4205 4.2
      vertex 15.3634 33.9838 4.2
      vertex 15.3467 34.5748 4.2
    endloop
  endfacet
  facet normal 0 0 1
    outer loop
      vertex 15.7046 34.0919 4.2
      vertex 15.3467 34.5748 4.2
      vertex 15.3634 33.9838 4.2
    endloop
  endfacet
  facet normal 0 0 1
    outer loop
      vertex 16.6767 32.7377 4.2
      vertex 15.7874 32.7837 4.2
      vertex 15.8286 32.4031 4.2
    endloop
  endfacet
  facet normal 0 0 1
    outer loop
      vertex 15.4583 33.3406 4.2
      vertex 16.0912 33.6769 4.2
      vertex 15.7589 33.858 4.2
    endloop
  endfacet
  facet normal 0 0 1
    outer loop
      vertex 16.3602 33.4213 4.2
      vertex 15.664 33.0962 4.2
      vertex 15.7874 32.7837 4.2
    endloop
  endfacet
  facet normal 0 0 1
    outer loop
      vertex 16.0912 33.6769 4.2
      vertex 15.4583 33.3406 4.2
      vertex 15.664 33.0962 4.2
    endloop
  endfacet
  facet normal 0 0 1
    outer loop
      vertex 15.3634 33.9648 4.2
      vertex 15.4583 33.3406 4.2
      vertex 15.7589 33.858 4.2
    endloop
  endfacet
  facet normal 0 0 1
    outer loop
      vertex 15.3634 33.9648 4.2
      vertex 15.1782 33.516 4.2
      vertex 15.4583 33.3406 4.2
    endloop
  endfacet
  facet normal -0 0 1
    outer loop
      vertex 14.7983 34.3279 4.2
      vertex 15.3634 33.9838 4.2
      vertex 15.1044 34.4205 4.2
    endloop
  endfacet
  facet normal 0 -0 1
    outer loop
      vertex 14.8317 33.6212 4.2
      vertex 15.3634 33.9838 4.2
      vertex 14.7983 34.3279 4.2
    endloop
  endfacet
  facet normal 0 0 1
    outer loop
      vertex 15.3634 33.9648 4.2
      vertex 14.8317 33.6212 4.2
      vertex 15.1782 33.516 4.2
    endloop
  endfacet
  facet normal 0 0 1
    outer loop
      vertex 15.3634 33.9838 4.2
      vertex 14.8317 33.6212 4.2
      vertex 15.3634 33.9648 4.2
    endloop
  endfacet
  facet normal 0 0 1
    outer loop
      vertex 14.4187 33.6563 4.2
      vertex 14.7983 34.3279 4.2
      vertex 14.4283 34.2971 4.2
    endloop
  endfacet
  facet normal 0 0 1
    outer loop
      vertex 14.7983 34.3279 4.2
      vertex 14.4187 33.6563 4.2
      vertex 14.8317 33.6212 4.2
    endloop
  endfacet
  facet normal 0 0 1
    outer loop
      vertex 14.0625 34.3306 4.2
      vertex 14.4187 33.6563 4.2
      vertex 14.4283 34.2971 4.2
    endloop
  endfacet
  facet normal 0 0 1
    outer loop
      vertex 14.0625 34.3306 4.2
      vertex 14.0169 33.6186 4.2
      vertex 14.4187 33.6563 4.2
    endloop
  endfacet
  facet normal 0 0 1
    outer loop
      vertex 13.4884 33.9743 4.2
      vertex 14.0625 34.3306 4.2
      vertex 13.7563 34.431 4.2
    endloop
  endfacet
  facet normal 0 0 1
    outer loop
      vertex 14.0625 34.3306 4.2
      vertex 13.4884 33.9743 4.2
      vertex 14.0169 33.6186 4.2
    endloop
  endfacet
  facet normal 0 0 1
    outer loop
      vertex 13.4884 33.9743 4.2
      vertex 13.7563 34.431 4.2
      vertex 13.5097 34.5985 4.2
    endloop
  endfacet
  facet normal 0 0 1
    outer loop
      vertex 14.0169 33.6186 4.2
      vertex 13.4884 33.9743 4.2
      vertex 13.4884 33.9553 4.2
    endloop
  endfacet
  facet normal 0 0 1
    outer loop
      vertex 14.0169 33.6186 4.2
      vertex 13.4884 33.9553 4.2
      vertex 13.6782 33.5054 4.2
    endloop
  endfacet
  facet normal 0 0 1
    outer loop
      vertex 13.4884 33.9553 4.2
      vertex 13.4029 33.3169 4.2
      vertex 13.6782 33.5054 4.2
    endloop
  endfacet
  facet normal -0 0 1
    outer loop
      vertex 13.1223 33.853 4.2
      vertex 13.4029 33.3169 4.2
      vertex 13.4884 33.9553 4.2
    endloop
  endfacet
  facet normal -0 0 1
    outer loop
      vertex 12.8027 33.6726 4.2
      vertex 13.4029 33.3169 4.2
      vertex 13.1223 33.853 4.2
    endloop
  endfacet
  facet normal 0 0 1
    outer loop
      vertex 13.4029 33.3169 4.2
      vertex 12.8027 33.6726 4.2
      vertex 13.1998 33.0624 4.2
    endloop
  endfacet
  facet normal -0 0 1
    outer loop
      vertex 12.5295 33.4142 4.2
      vertex 13.1998 33.0624 4.2
      vertex 12.8027 33.6726 4.2
    endloop
  endfacet
  facet normal 0 0 1
    outer loop
      vertex 13.1998 33.0624 4.2
      vertex 12.5295 33.4142 4.2
      vertex 13.078 32.7515 4.2
    endloop
  endfacet
  facet normal -0 0 1
    outer loop
      vertex 15.8286 32.4031 4.2
      vertex 16.7162 32.3224 4.2
      vertex 16.6767 32.7377 4.2
    endloop
  endfacet
  facet normal -0 0 1
    outer loop
      vertex 15.7874 32.7837 4.2
      vertex 16.6767 32.7377 4.2
      vertex 16.558 33.104 4.2
    endloop
  endfacet
  facet normal 0 0 1
    outer loop
      vertex 15.7906 31.9598 4.2
      vertex 16.7162 32.3224 4.2
      vertex 15.8286 32.4031 4.2
    endloop
  endfacet
  facet normal 0 0 1
    outer loop
      vertex 15.7874 32.7837 4.2
      vertex 16.558 33.104 4.2
      vertex 16.3602 33.4213 4.2
    endloop
  endfacet
  facet normal 0 0 1
    outer loop
      vertex 16.7162 32.3224 4.2
      vertex 15.7906 31.9598 4.2
      vertex 16.6508 31.7507 4.2
    endloop
  endfacet
  facet normal 0 0 1
    outer loop
      vertex 15.664 33.0962 4.2
      vertex 16.3602 33.4213 4.2
      vertex 16.0912 33.6769 4.2
    endloop
  endfacet
  facet normal 0 0 1
    outer loop
      vertex 16.6508 31.7507 4.2
      vertex 15.7906 31.9598 4.2
      vertex 16.4546 31.2696 4.2
    endloop
  endfacet
  facet normal -0 0 1
    outer loop
      vertex 15.6766 31.6046 4.2
      vertex 16.4546 31.2696 4.2
      vertex 15.7906 31.9598 4.2
    endloop
  endfacet
  facet normal 0 0 1
    outer loop
      vertex 16.4546 31.2696 4.2
      vertex 15.6766 31.6046 4.2
      vertex 16.1276 30.8793 4.2
    endloop
  endfacet
  facet normal -0 0 1
    outer loop
      vertex 15.4867 31.3374 4.2
      vertex 16.1276 30.8793 4.2
      vertex 15.6766 31.6046 4.2
    endloop
  endfacet
  facet normal 0 0 1
    outer loop
      vertex 16.1276 30.8793 4.2
      vertex 15.4867 31.3374 4.2
      vertex 15.6783 30.5919 4.2
    endloop
  endfacet
  facet normal -0 0 1
    outer loop
      vertex 15.2194 31.1515 4.2
      vertex 15.6783 30.5919 4.2
      vertex 15.4867 31.3374 4.2
    endloop
  endfacet
  facet normal 0 0 1
    outer loop
      vertex 15.2194 31.1515 4.2
      vertex 15.115 30.4194 4.2
      vertex 15.6783 30.5919 4.2
    endloop
  endfacet
  facet normal -0 0 1
    outer loop
      vertex 14.8729 31.0399 4.2
      vertex 15.115 30.4194 4.2
      vertex 15.2194 31.1515 4.2
    endloop
  endfacet
  facet normal 0 0 1
    outer loop
      vertex 14.4377 30.362 4.2
      vertex 14.8729 31.0399 4.2
      vertex 14.4472 31.0027 4.2
    endloop
  endfacet
  facet normal 0 0 1
    outer loop
      vertex 14.8729 31.0399 4.2
      vertex 14.4377 30.362 4.2
      vertex 15.115 30.4194 4.2
    endloop
  endfacet
  facet normal 0 0 1
    outer loop
      vertex 14.4472 31.0027 4.2
      vertex 13.7745 30.4184 4.2
      vertex 14.4377 30.362 4.2
    endloop
  endfacet
  facet normal 0 0 1
    outer loop
      vertex 13.664 31.1562 4.2
      vertex 13.7745 30.4184 4.2
      vertex 14.4472 31.0027 4.2
    endloop
  endfacet
  facet normal 0 0 1
    outer loop
      vertex 13.664 31.1562 4.2
      vertex 13.2152 30.5877 4.2
      vertex 13.7745 30.4184 4.2
    endloop
  endfacet
  facet normal 0 0 1
    outer loop
      vertex 12.7597 30.8699 4.2
      vertex 13.664 31.1562 4.2
      vertex 13.194 31.6167 4.2
    endloop
  endfacet
  facet normal -0 0 1
    outer loop
      vertex 12.2217 31.737 4.2
      vertex 13.194 31.6167 4.2
      vertex 13.0374 32.3841 4.2
    endloop
  endfacet
  facet normal -0 0 1
    outer loop
      vertex 12.3211 33.0935 4.2
      vertex 13.078 32.7515 4.2
      vertex 12.5295 33.4142 4.2
    endloop
  endfacet
  facet normal 0 -0 1
    outer loop
      vertex 12.2217 31.737 4.2
      vertex 13.0374 32.3841 4.2
      vertex 12.1545 32.3129 4.2
    endloop
  endfacet
  facet normal 0 0 1
    outer loop
      vertex 12.1961 32.7264 4.2
      vertex 13.078 32.7515 4.2
      vertex 12.3211 33.0935 4.2
    endloop
  endfacet
  facet normal 0 0 1
    outer loop
      vertex 13.194 31.6167 4.2
      vertex 12.2217 31.737 4.2
      vertex 12.4234 31.256 4.2
    endloop
  endfacet
  facet normal 0 0 1
    outer loop
      vertex 13.078 32.7515 4.2
      vertex 12.1961 32.7264 4.2
      vertex 13.0374 32.3841 4.2
    endloop
  endfacet
  facet normal 0 0 1
    outer loop
      vertex 13.664 31.1562 4.2
      vertex 12.7597 30.8699 4.2
      vertex 13.2152 30.5877 4.2
    endloop
  endfacet
  facet normal 0 0 1
    outer loop
      vertex 13.0374 32.3841 4.2
      vertex 12.1961 32.7264 4.2
      vertex 12.1545 32.3129 4.2
    endloop
  endfacet
  facet normal 0 0 1
    outer loop
      vertex 13.194 31.6167 4.2
      vertex 12.4234 31.256 4.2
      vertex 12.7597 30.8699 4.2
    endloop
  endfacet
  facet normal 0 0 1
    outer loop
      vertex 13.15 34.093 4.2
      vertex 13.5097 34.5985 4.2
      vertex 13.3291 34.8298 4.2
    endloop
  endfacet
  facet normal 0 0 1
    outer loop
      vertex 13.15 34.093 4.2
      vertex 13.3291 34.8298 4.2
      vertex 13.2207 35.1217 4.2
    endloop
  endfacet
  facet normal 0 0 1
    outer loop
      vertex 13.5097 34.5985 4.2
      vertex 13.15 34.093 4.2
      vertex 13.4884 33.9743 4.2
    endloop
  endfacet
  facet normal 0 0 1
    outer loop
      vertex 13.15 34.093 4.2
      vertex 13.2207 35.1217 4.2
      vertex 13.1846 35.4743 4.2
    endloop
  endfacet
  facet normal -0 0 1
    outer loop
      vertex 57.3314 35.7238 4.2
      vertex 58.2454 35.4126 4.2
      vertex 58.185 35.9535 4.2
    endloop
  endfacet
  facet normal 0 0 1
    outer loop
      vertex 58.2454 35.4126 4.2
      vertex 57.3672 35.3841 4.2
      vertex 58.2256 35.1536 4.2
    endloop
  endfacet
  facet normal 0 0 1
    outer loop
      vertex 57.3464 35.1215 4.2
      vertex 58.2256 35.1536 4.2
      vertex 57.3672 35.3841 4.2
    endloop
  endfacet
  facet normal 0 0 1
    outer loop
      vertex 57.3314 35.7238 4.2
      vertex 58.185 35.9535 4.2
      vertex 58.0038 36.4053 4.2
    endloop
  endfacet
  facet normal 0 0 1
    outer loop
      vertex 58.2256 35.1536 4.2
      vertex 57.3464 35.1215 4.2
      vertex 58.1663 34.8957 4.2
    endloop
  endfacet
  facet normal 0 0 1
    outer loop
      vertex 58.1663 34.8957 4.2
      vertex 57.3464 35.1215 4.2
      vertex 58.0674 34.6389 4.2
    endloop
  endfacet
  facet normal 0 0 1
    outer loop
      vertex 57.2237 36.0086 4.2
      vertex 58.0038 36.4053 4.2
      vertex 57.7018 36.7679 4.2
    endloop
  endfacet
  facet normal -0 0 1
    outer loop
      vertex 57.2839 34.8778 4.2
      vertex 58.0674 34.6389 4.2
      vertex 57.3464 35.1215 4.2
    endloop
  endfacet
  facet normal 0 0 1
    outer loop
      vertex 58.0674 34.6389 4.2
      vertex 57.2839 34.8778 4.2
      vertex 57.9294 34.3825 4.2
    endloop
  endfacet
  facet normal 0 0 1
    outer loop
      vertex 58.2454 35.4126 4.2
      vertex 57.3314 35.7238 4.2
      vertex 57.3672 35.3841 4.2
    endloop
  endfacet
  facet normal 0 0 1
    outer loop
      vertex 57.0444 36.2386 4.2
      vertex 57.7018 36.7679 4.2
      vertex 57.2876 37.0329 4.2
    endloop
  endfacet
  facet normal 0 0 1
    outer loop
      vertex 58.0038 36.4053 4.2
      vertex 57.2237 36.0086 4.2
      vertex 57.3314 35.7238 4.2
    endloop
  endfacet
  facet normal 0 0 1
    outer loop
      vertex 57.7018 36.7679 4.2
      vertex 57.0444 36.2386 4.2
      vertex 57.2237 36.0086 4.2
    endloop
  endfacet
  facet normal 0 0 1
    outer loop
      vertex 57.2876 37.0329 4.2
      vertex 56.8013 36.4074 4.2
      vertex 57.0444 36.2386 4.2
    endloop
  endfacet
  facet normal 0 0 1
    outer loop
      vertex 56.7694 37.1919 4.2
      vertex 56.8013 36.4074 4.2
      vertex 57.2876 37.0329 4.2
    endloop
  endfacet
  facet normal 0 0 1
    outer loop
      vertex 56.7694 37.1919 4.2
      vertex 56.5022 36.5086 4.2
      vertex 56.8013 36.4074 4.2
    endloop
  endfacet
  facet normal 0 0 1
    outer loop
      vertex 56.1473 37.2449 4.2
      vertex 56.5022 36.5086 4.2
      vertex 56.7694 37.1919 4.2
    endloop
  endfacet
  facet normal 0 0 1
    outer loop
      vertex 56.1473 37.2449 4.2
      vertex 56.1473 36.5424 4.2
      vertex 56.5022 36.5086 4.2
    endloop
  endfacet
  facet normal 0 0 1
    outer loop
      vertex 56.1473 37.2449 4.2
      vertex 55.8047 36.5094 4.2
      vertex 56.1473 36.5424 4.2
    endloop
  endfacet
  facet normal -0 0 1
    outer loop
      vertex 55.5705 37.1922 4.2
      vertex 55.8047 36.5094 4.2
      vertex 56.1473 37.2449 4.2
    endloop
  endfacet
  facet normal 0 0 1
    outer loop
      vertex 55.5705 37.1922 4.2
      vertex 55.5048 36.4105 4.2
      vertex 55.8047 36.5094 4.2
    endloop
  endfacet
  facet normal -0 0 1
    outer loop
      vertex 55.0681 37.0339 4.2
      vertex 55.5048 36.4105 4.2
      vertex 55.5705 37.1922 4.2
    endloop
  endfacet
  facet normal 0 0 1
    outer loop
      vertex 55.5048 36.4105 4.2
      vertex 55.0681 37.0339 4.2
      vertex 55.2477 36.2457 4.2
    endloop
  endfacet
  facet normal -0 0 1
    outer loop
      vertex 54.6401 36.7702 4.2
      vertex 55.2477 36.2457 4.2
      vertex 55.0681 37.0339 4.2
    endloop
  endfacet
  facet normal 0 0 1
    outer loop
      vertex 55.2477 36.2457 4.2
      vertex 54.6401 36.7702 4.2
      vertex 55.0444 36.0212 4.2
    endloop
  endfacet
  facet normal -0 0 1
    outer loop
      vertex 54.3039 36.4173 4.2
      vertex 55.0444 36.0212 4.2
      vertex 54.6401 36.7702 4.2
    endloop
  endfacet
  facet normal 0 0 1
    outer loop
      vertex 55.0444 36.0212 4.2
      vertex 54.3039 36.4173 4.2
      vertex 54.9059 35.7436 4.2
    endloop
  endfacet
  facet normal -0 0 1
    outer loop
      vertex 54.0768 35.9917 4.2
      vertex 54.9059 35.7436 4.2
      vertex 54.3039 36.4173 4.2
    endloop
  endfacet
  facet normal 0 0 1
    outer loop
      vertex 54.9059 35.7436 4.2
      vertex 54.0768 35.9917 4.2
      vertex 54.8324 35.4126 4.2
    endloop
  endfacet
  facet normal 0 0 1
    outer loop
      vertex 54.8324 35.4126 4.2
      vertex 54.0768 35.9917 4.2
      vertex 53.9589 35.4933 4.2
    endloop
  endfacet
  facet normal -0 0 1
    outer loop
      vertex 57.1797 34.6531 4.2
      vertex 57.9294 34.3825 4.2
      vertex 57.2839 34.8778 4.2
    endloop
  endfacet
  facet normal 0 0 1
    outer loop
      vertex 57.9294 34.3825 4.2
      vertex 57.1797 34.6531 4.2
      vertex 57.753 34.1262 4.2
    endloop
  endfacet
  facet normal -0 0 1
    outer loop
      vertex 57.0418 34.4411 4.2
      vertex 57.753 34.1262 4.2
      vertex 57.1797 34.6531 4.2
    endloop
  endfacet
  facet normal 0 0 1
    outer loop
      vertex 57.753 34.1262 4.2
      vertex 57.0418 34.4411 4.2
      vertex 57.5381 33.8699 4.2
    endloop
  endfacet
  facet normal -0 0 1
    outer loop
      vertex 56.878 34.2354 4.2
      vertex 57.5381 33.8699 4.2
      vertex 57.0418 34.4411 4.2
    endloop
  endfacet
  facet normal 0 0 1
    outer loop
      vertex 57.5381 33.8699 4.2
      vertex 56.878 34.2354 4.2
      vertex 57.2327 33.5666 4.2
    endloop
  endfacet
  facet normal -0 0 1
    outer loop
      vertex 56.6884 34.036 4.2
      vertex 57.2327 33.5666 4.2
      vertex 56.878 34.2354 4.2
    endloop
  endfacet
  facet normal -0 0 1
    outer loop
      vertex 56.4777 33.8398 4.2
      vertex 57.2327 33.5666 4.2
      vertex 56.6884 34.036 4.2
    endloop
  endfacet
  facet normal 0 0 1
    outer loop
      vertex 57.2327 33.5666 4.2
      vertex 56.4777 33.8398 4.2
      vertex 56.7849 33.1694 4.2
    endloop
  endfacet
  facet normal -0 0 1
    outer loop
      vertex 56.2506 33.6436 4.2
      vertex 56.7849 33.1694 4.2
      vertex 56.4777 33.8398 4.2
    endloop
  endfacet
  facet normal -0 0 1
    outer loop
      vertex 56.0072 33.4474 4.2
      vertex 56.7849 33.1694 4.2
      vertex 56.2506 33.6436 4.2
    endloop
  endfacet
  facet normal 0 0 1
    outer loop
      vertex 56.7849 33.1694 4.2
      vertex 56.0072 33.4474 4.2
      vertex 56.1947 32.6784 4.2
    endloop
  endfacet
  facet normal -0 0 1
    outer loop
      vertex 55.7548 33.2457 4.2
      vertex 56.1947 32.6784 4.2
      vertex 56.0072 33.4474 4.2
    endloop
  endfacet
  facet normal -0 0 1
    outer loop
      vertex 55.5009 33.0329 4.2
      vertex 56.1947 32.6784 4.2
      vertex 55.7548 33.2457 4.2
    endloop
  endfacet
  facet normal 0 0 1
    outer loop
      vertex 56.1947 32.6784 4.2
      vertex 55.5009 33.0329 4.2
      vertex 55.8556 32.3907 4.2
    endloop
  endfacet
  facet normal -0 0 1
    outer loop
      vertex 55.2453 32.809 4.2
      vertex 55.8556 32.3907 4.2
      vertex 55.5009 33.0329 4.2
    endloop
  endfacet
  facet normal 0 0 1
    outer loop
      vertex 55.8556 32.3907 4.2
      vertex 55.2453 32.809 4.2
      vertex 55.566 32.1225 4.2
    endloop
  endfacet
  facet normal -0 0 1
    outer loop
      vertex 54.993 32.5706 4.2
      vertex 55.566 32.1225 4.2
      vertex 55.2453 32.809 4.2
    endloop
  endfacet
  facet normal 0 0 1
    outer loop
      vertex 55.566 32.1225 4.2
      vertex 54.993 32.5706 4.2
      vertex 55.326 31.8738 4.2
    endloop
  endfacet
  facet normal -0 0 1
    outer loop
      vertex 54.7485 32.3142 4.2
      vertex 55.326 31.8738 4.2
      vertex 54.993 32.5706 4.2
    endloop
  endfacet
  facet normal 0 0 1
    outer loop
      vertex 55.326 31.8738 4.2
      vertex 54.7485 32.3142 4.2
      vertex 55.1309 31.6378 4.2
    endloop
  endfacet
  facet normal -0 0 1
    outer loop
      vertex 54.5119 32.0399 4.2
      vertex 55.1309 31.6378 4.2
      vertex 54.7485 32.3142 4.2
    endloop
  endfacet
  facet normal 0 0 1
    outer loop
      vertex 55.1309 31.6378 4.2
      vertex 54.5119 32.0399 4.2
      vertex 54.9758 31.4076 4.2
    endloop
  endfacet
  facet normal -0 0 1
    outer loop
      vertex 54.8609 31.1831 4.2
      vertex 58.3498 30.4569 4.2
      vertex 58.3498 31.1831 4.2
    endloop
  endfacet
  facet normal -0 0 1
    outer loop
      vertex 54.2912 31.7422 4.2
      vertex 54.9758 31.4076 4.2
      vertex 54.5119 32.0399 4.2
    endloop
  endfacet
  facet normal 0 0 1
    outer loop
      vertex 54.9758 31.4076 4.2
      vertex 54.2912 31.7422 4.2
      vertex 54.8609 31.1831 4.2
    endloop
  endfacet
  facet normal -0 0 1
    outer loop
      vertex 54.0942 31.4155 4.2
      vertex 54.8609 31.1831 4.2
      vertex 54.2912 31.7422 4.2
    endloop
  endfacet
  facet normal 0 0 1
    outer loop
      vertex 53.921 31.0597 4.2
      vertex 54.8609 31.1831 4.2
      vertex 54.0942 31.4155 4.2
    endloop
  endfacet
  facet normal 0 0 1
    outer loop
      vertex 53.921 30.4569 4.2
      vertex 54.8609 31.1831 4.2
      vertex 53.921 31.0597 4.2
    endloop
  endfacet
  facet normal 0 0 1
    outer loop
      vertex 54.8609 31.1831 4.2
      vertex 53.921 30.4569 4.2
      vertex 58.3498 30.4569 4.2
    endloop
  endfacet
  facet normal 0 0 1
    outer loop
      vertex 49.9211 36.6394 4.2
      vertex 49.4918 35.7354 4.2
      vertex 50.3083 35.8826 4.2
    endloop
  endfacet
  facet normal 0 0 1
    outer loop
      vertex 49.2576 36.189 4.2
      vertex 49.9211 36.6394 4.2
      vertex 49.285 37.0935 4.2
    endloop
  endfacet
  facet normal 0 0 1
    outer loop
      vertex 49.9211 36.6394 4.2
      vertex 49.2576 36.189 4.2
      vertex 49.4918 35.7354 4.2
    endloop
  endfacet
  facet normal 0 0 1
    outer loop
      vertex 49.285 37.0935 4.2
      vertex 48.8905 36.4611 4.2
      vertex 49.2576 36.189 4.2
    endloop
  endfacet
  facet normal 0 0 1
    outer loop
      vertex 48.4 37.2449 4.2
      vertex 48.8905 36.4611 4.2
      vertex 49.285 37.0935 4.2
    endloop
  endfacet
  facet normal 0 0 1
    outer loop
      vertex 48.4 37.2449 4.2
      vertex 48.3905 36.5518 4.2
      vertex 48.8905 36.4611 4.2
    endloop
  endfacet
  facet normal 0 0 1
    outer loop
      vertex 48.4 37.2449 4.2
      vertex 47.9398 36.4761 4.2
      vertex 48.3905 36.5518 4.2
    endloop
  endfacet
  facet normal -0 0 1
    outer loop
      vertex 47.6927 37.1415 4.2
      vertex 47.9398 36.4761 4.2
      vertex 48.4 37.2449 4.2
    endloop
  endfacet
  facet normal 0 0 1
    outer loop
      vertex 47.6927 37.1415 4.2
      vertex 47.5624 36.2491 4.2
      vertex 47.9398 36.4761 4.2
    endloop
  endfacet
  facet normal -0 0 1
    outer loop
      vertex 47.1025 36.8314 4.2
      vertex 47.5624 36.2491 4.2
      vertex 47.6927 37.1415 4.2
    endloop
  endfacet
  facet normal -0 0 1
    outer loop
      vertex 46.6294 36.3145 4.2
      vertex 47.5624 36.2491 4.2
      vertex 47.1025 36.8314 4.2
    endloop
  endfacet
  facet normal 0 0 1
    outer loop
      vertex 47.5624 36.2491 4.2
      vertex 46.6294 36.3145 4.2
      vertex 47.2584 35.8707 4.2
    endloop
  endfacet
  facet normal 0 0 1
    outer loop
      vertex 46.284 35.6046 4.2
      vertex 47.2584 35.8707 4.2
      vertex 46.6294 36.3145 4.2
    endloop
  endfacet
  facet normal 0 0 1
    outer loop
      vertex 47.0355 35.3488 4.2
      vertex 46.284 35.6046 4.2
      vertex 46.9018 34.6913 4.2
    endloop
  endfacet
  facet normal 0 0 1
    outer loop
      vertex 47.2584 35.8707 4.2
      vertex 46.284 35.6046 4.2
      vertex 47.0355 35.3488 4.2
    endloop
  endfacet
  facet normal -0 0 1
    outer loop
      vertex 49.5852 33.0545 4.2
      vertex 50.4934 32.6452 4.2
      vertex 50.433 33.2528 4.2
    endloop
  endfacet
  facet normal 0 0 1
    outer loop
      vertex 49.5852 33.0545 4.2
      vertex 50.433 33.2528 4.2
      vertex 50.2518 33.7718 4.2
    endloop
  endfacet
  facet normal 0 0 1
    outer loop
      vertex 50.4934 32.6452 4.2
      vertex 49.6247 32.6072 4.2
      vertex 50.4295 31.9891 4.2
    endloop
  endfacet
  facet normal 0 0 1
    outer loop
      vertex 49.4665 33.4279 4.2
      vertex 50.2518 33.7718 4.2
      vertex 49.9498 34.2021 4.2
    endloop
  endfacet
  facet normal -0 0 1
    outer loop
      vertex 49.5857 32.1576 4.2
      vertex 50.4295 31.9891 4.2
      vertex 49.6247 32.6072 4.2
    endloop
  endfacet
  facet normal 0 0 1
    outer loop
      vertex 50.4295 31.9891 4.2
      vertex 49.5857 32.1576 4.2
      vertex 50.2381 31.4321 4.2
    endloop
  endfacet
  facet normal 0 0 1
    outer loop
      vertex 50.4934 32.6452 4.2
      vertex 49.5852 33.0545 4.2
      vertex 49.6247 32.6072 4.2
    endloop
  endfacet
  facet normal 0 0 1
    outer loop
      vertex 49.2687 33.7274 4.2
      vertex 49.9498 34.2021 4.2
      vertex 49.545 34.5239 4.2
    endloop
  endfacet
  facet normal 0 0 1
    outer loop
      vertex 50.2518 33.7718 4.2
      vertex 49.4665 33.4279 4.2
      vertex 49.5852 33.0545 4.2
    endloop
  endfacet
  facet normal 0 0 1
    outer loop
      vertex 49.9498 34.2021 4.2
      vertex 49.2687 33.7274 4.2
      vertex 49.4665 33.4279 4.2
    endloop
  endfacet
  facet normal 0 0 1
    outer loop
      vertex 49.0002 33.9463 4.2
      vertex 49.545 34.5239 4.2
      vertex 49.0553 34.7169 4.2
    endloop
  endfacet
  facet normal 0 0 1
    outer loop
      vertex 49.545 34.5239 4.2
      vertex 49.0002 33.9463 4.2
      vertex 49.2687 33.7274 4.2
    endloop
  endfacet
  facet normal 0 0 1
    outer loop
      vertex 49.0553 34.7169 4.2
      vertex 48.6695 34.0777 4.2
      vertex 49.0002 33.9463 4.2
    endloop
  endfacet
  facet normal 0 0 1
    outer loop
      vertex 48.4807 34.7813 4.2
      vertex 48.6695 34.0777 4.2
      vertex 49.0553 34.7169 4.2
    endloop
  endfacet
  facet normal 0 0 1
    outer loop
      vertex 48.4807 34.7813 4.2
      vertex 48.2766 34.1214 4.2
      vertex 48.6695 34.0777 4.2
    endloop
  endfacet
  facet normal -0 0 1
    outer loop
      vertex 48.1305 34.7562 4.2
      vertex 48.2766 34.1214 4.2
      vertex 48.4807 34.7813 4.2
    endloop
  endfacet
  facet normal 0 0 1
    outer loop
      vertex 48.1305 34.7562 4.2
      vertex 47.9034 34.0827 4.2
      vertex 48.2766 34.1214 4.2
    endloop
  endfacet
  facet normal -0 0 1
    outer loop
      vertex 47.8077 34.6811 4.2
      vertex 47.9034 34.0827 4.2
      vertex 48.1305 34.7562 4.2
    endloop
  endfacet
  facet normal -0 0 1
    outer loop
      vertex 47.5123 34.5558 4.2
      vertex 47.9034 34.0827 4.2
      vertex 47.8077 34.6811 4.2
    endloop
  endfacet
  facet normal 0 0 1
    outer loop
      vertex 47.9034 34.0827 4.2
      vertex 47.5123 34.5558 4.2
      vertex 47.5814 33.9664 4.2
    endloop
  endfacet
  facet normal -0 0 1
    outer loop
      vertex 47.2518 34.3825 4.2
      vertex 47.5814 33.9664 4.2
      vertex 47.5123 34.5558 4.2
    endloop
  endfacet
  facet normal -0 0 1
    outer loop
      vertex 47.0334 34.1634 4.2
      vertex 47.5814 33.9664 4.2
      vertex 47.2518 34.3825 4.2
    endloop
  endfacet
  facet normal 0 0 1
    outer loop
      vertex 47.5814 33.9664 4.2
      vertex 47.0334 34.1634 4.2
      vertex 47.3106 33.7726 4.2
    endloop
  endfacet
  facet normal -0 0 1
    outer loop
      vertex 46.8573 33.8983 4.2
      vertex 47.3106 33.7726 4.2
      vertex 47.0334 34.1634 4.2
    endloop
  endfacet
  facet normal 0 0 1
    outer loop
      vertex 47.3106 33.7726 4.2
      vertex 46.8573 33.8983 4.2
      vertex 47.1062 33.5107 4.2
    endloop
  endfacet
  facet normal 0 0 1
    outer loop
      vertex 47.1062 33.5107 4.2
      vertex 46.8573 33.8983 4.2
      vertex 46.9836 33.1903 4.2
    endloop
  endfacet
  facet normal -0 0 1
    outer loop
      vertex 46.0076 33.6468 4.2
      vertex 46.9836 33.1903 4.2
      vertex 46.8573 33.8983 4.2
    endloop
  endfacet
  facet normal -0 0 1
    outer loop
      vertex 49.4686 31.777 4.2
      vertex 50.2381 31.4321 4.2
      vertex 49.5857 32.1576 4.2
    endloop
  endfacet
  facet normal 0 0 1
    outer loop
      vertex 50.2381 31.4321 4.2
      vertex 49.4686 31.777 4.2
      vertex 49.919 30.9743 4.2
    endloop
  endfacet
  facet normal -0 0 1
    outer loop
      vertex 49.2734 31.4656 4.2
      vertex 49.919 30.9743 4.2
      vertex 49.4686 31.777 4.2
    endloop
  endfacet
  facet normal 0 0 1
    outer loop
      vertex 49.919 30.9743 4.2
      vertex 49.2734 31.4656 4.2
      vertex 49.4876 30.6341 4.2
    endloop
  endfacet
  facet normal -0 0 1
    outer loop
      vertex 49.0097 31.2349 4.2
      vertex 49.4876 30.6341 4.2
      vertex 49.2734 31.4656 4.2
    endloop
  endfacet
  facet normal 0 0 1
    outer loop
      vertex 49.0097 31.2349 4.2
      vertex 48.9591 30.43 4.2
      vertex 49.4876 30.6341 4.2
    endloop
  endfacet
  facet normal -0 0 1
    outer loop
      vertex 48.6869 31.0964 4.2
      vertex 48.9591 30.43 4.2
      vertex 49.0097 31.2349 4.2
    endloop
  endfacet
  facet normal 0 0 1
    outer loop
      vertex 48.6869 31.0964 4.2
      vertex 48.3336 30.362 4.2
      vertex 48.9591 30.43 4.2
    endloop
  endfacet
  facet normal -0 0 1
    outer loop
      vertex 48.3051 31.0503 4.2
      vertex 48.3336 30.362 4.2
      vertex 48.6869 31.0964 4.2
    endloop
  endfacet
  facet normal 0 0 1
    outer loop
      vertex 47.9303 31.1051 4.2
      vertex 48.3336 30.362 4.2
      vertex 48.3051 31.0503 4.2
    endloop
  endfacet
  facet normal 0 0 1
    outer loop
      vertex 47.9303 31.1051 4.2
      vertex 47.6395 30.4553 4.2
      vertex 48.3336 30.362 4.2
    endloop
  endfacet
  facet normal 0 0 1
    outer loop
      vertex 47.6036 31.2697 4.2
      vertex 47.6395 30.4553 4.2
      vertex 47.9303 31.1051 4.2
    endloop
  endfacet
  facet normal 0 0 1
    outer loop
      vertex 47.0635 30.7354 4.2
      vertex 47.6036 31.2697 4.2
      vertex 47.3248 31.5439 4.2
    endloop
  endfacet
  facet normal 0 0 1
    outer loop
      vertex 46.6057 31.2021 4.2
      vertex 47.3248 31.5439 4.2
      vertex 47.1126 31.9042 4.2
    endloop
  endfacet
  facet normal 0 0 1
    outer loop
      vertex 47.6036 31.2697 4.2
      vertex 47.0635 30.7354 4.2
      vertex 47.6395 30.4553 4.2
    endloop
  endfacet
  facet normal 0 0 1
    outer loop
      vertex 46.2734 31.8472 4.2
      vertex 47.1126 31.9042 4.2
      vertex 46.9852 32.3266 4.2
    endloop
  endfacet
  facet normal -0 0 1
    outer loop
      vertex 46.0741 32.6621 4.2
      vertex 46.9852 32.3266 4.2
      vertex 46.9427 32.8113 4.2
    endloop
  endfacet
  facet normal 0 -0 1
    outer loop
      vertex 46.0741 32.6621 4.2
      vertex 46.9836 33.1903 4.2
      vertex 46.0076 33.6468 4.2
    endloop
  endfacet
  facet normal -0 0 1
    outer loop
      vertex 46.0767 34.7153 4.2
      vertex 46.9018 34.6913 4.2
      vertex 46.284 35.6046 4.2
    endloop
  endfacet
  facet normal 0 0 1
    outer loop
      vertex 46.9836 33.1903 4.2
      vertex 46.0741 32.6621 4.2
      vertex 46.9427 32.8113 4.2
    endloop
  endfacet
  facet normal 0 0 1
    outer loop
      vertex 46.9018 34.6913 4.2
      vertex 46.0767 34.7153 4.2
      vertex 46.8573 33.8983 4.2
    endloop
  endfacet
  facet normal 0 0 1
    outer loop
      vertex 46.9852 32.3266 4.2
      vertex 46.0741 32.6621 4.2
      vertex 46.2734 31.8472 4.2
    endloop
  endfacet
  facet normal 0 0 1
    outer loop
      vertex 46.8573 33.8983 4.2
      vertex 46.0767 34.7153 4.2
      vertex 46.0076 33.6468 4.2
    endloop
  endfacet
  facet normal 0 0 1
    outer loop
      vertex 47.1126 31.9042 4.2
      vertex 46.2734 31.8472 4.2
      vertex 46.6057 31.2021 4.2
    endloop
  endfacet
  facet normal 0 0 1
    outer loop
      vertex 47.3248 31.5439 4.2
      vertex 46.6057 31.2021 4.2
      vertex 47.0635 30.7354 4.2
    endloop
  endfacet
  facet normal -0 0 1
    outer loop
      vertex 29.0515 34.68 4.2
      vertex 29.9573 33.8034 4.2
      vertex 29.8948 34.8467 4.2
    endloop
  endfacet
  facet normal -0 0 1
    outer loop
      vertex 28.94 35.3794 4.2
      vertex 29.8948 34.8467 4.2
      vertex 29.7073 35.7043 4.2
    endloop
  endfacet
  facet normal 0 0 1
    outer loop
      vertex 29.0497 32.9532 4.2
      vertex 29.9573 33.8034 4.2
      vertex 29.0887 33.8034 4.2
    endloop
  endfacet
  facet normal -0 0 1
    outer loop
      vertex 28.754 35.9015 4.2
      vertex 29.7073 35.7043 4.2
      vertex 29.3948 36.3762 4.2
    endloop
  endfacet
  facet normal 0 0 1
    outer loop
      vertex 29.9573 33.8034 4.2
      vertex 29.0497 32.9532 4.2
      vertex 29.8917 32.7744 4.2
    endloop
  endfacet
  facet normal 0 0 1
    outer loop
      vertex 28.9326 32.2633 4.2
      vertex 29.8917 32.7744 4.2
      vertex 29.0497 32.9532 4.2
    endloop
  endfacet
  facet normal 0 0 1
    outer loop
      vertex 29.9573 33.8034 4.2
      vertex 29.0515 34.68 4.2
      vertex 29.0887 33.8034 4.2
    endloop
  endfacet
  facet normal 0 0 1
    outer loop
      vertex 28.4827 36.2628 4.2
      vertex 29.3948 36.3762 4.2
      vertex 28.951 36.8588 4.2
    endloop
  endfacet
  facet normal 0 0 1
    outer loop
      vertex 29.8948 34.8467 4.2
      vertex 28.94 35.3794 4.2
      vertex 29.0515 34.68 4.2
    endloop
  endfacet
  facet normal 0 0 1
    outer loop
      vertex 29.7073 35.7043 4.2
      vertex 28.754 35.9015 4.2
      vertex 28.94 35.3794 4.2
    endloop
  endfacet
  facet normal 0 0 1
    outer loop
      vertex 29.3948 36.3762 4.2
      vertex 28.4827 36.2628 4.2
      vertex 28.754 35.9015 4.2
    endloop
  endfacet
  facet normal 0 0 1
    outer loop
      vertex 28.3696 37.1484 4.2
      vertex 28.4827 36.2628 4.2
      vertex 28.951 36.8588 4.2
    endloop
  endfacet
  facet normal 0 0 1
    outer loop
      vertex 28.3696 37.1484 4.2
      vertex 28.1148 36.4796 4.2
      vertex 28.4827 36.2628 4.2
    endloop
  endfacet
  facet normal 0 0 1
    outer loop
      vertex 27.6504 37.2449 4.2
      vertex 28.1148 36.4796 4.2
      vertex 28.3696 37.1484 4.2
    endloop
  endfacet
  facet normal 0 0 1
    outer loop
      vertex 27.6504 37.2449 4.2
      vertex 27.6504 36.5518 4.2
      vertex 28.1148 36.4796 4.2
    endloop
  endfacet
  facet normal 0 0 1
    outer loop
      vertex 27.6504 37.2449 4.2
      vertex 27.1744 36.4806 4.2
      vertex 27.6504 36.5518 4.2
    endloop
  endfacet
  facet normal -0 0 1
    outer loop
      vertex 26.9128 37.1494 4.2
      vertex 27.1744 36.4806 4.2
      vertex 27.6504 37.2449 4.2
    endloop
  endfacet
  facet normal 0 0 1
    outer loop
      vertex 26.9128 37.1494 4.2
      vertex 26.797 36.267 4.2
      vertex 27.1744 36.4806 4.2
    endloop
  endfacet
  facet normal -0 0 1
    outer loop
      vertex 26.3202 36.863 4.2
      vertex 26.797 36.267 4.2
      vertex 26.9128 37.1494 4.2
    endloop
  endfacet
  facet normal -0 0 1
    outer loop
      vertex 25.8727 36.3857 4.2
      vertex 26.797 36.267 4.2
      vertex 26.3202 36.863 4.2
    endloop
  endfacet
  facet normal 0 0 1
    outer loop
      vertex 26.797 36.267 4.2
      vertex 25.8727 36.3857 4.2
      vertex 26.5182 35.911 4.2
    endloop
  endfacet
  facet normal 0 0 1
    outer loop
      vertex 25.5602 35.7169 4.2
      vertex 26.5182 35.911 4.2
      vertex 25.8727 36.3857 4.2
    endloop
  endfacet
  facet normal 0 0 1
    outer loop
      vertex 25.3102 33.8034 4.2
      vertex 26.1741 33.8034 4.2
      vertex 26.2124 34.6895 4.2
    endloop
  endfacet
  facet normal 0 0 1
    outer loop
      vertex 26.5182 35.911 4.2
      vertex 25.5602 35.7169 4.2
      vertex 26.3271 35.392 4.2
    endloop
  endfacet
  facet normal 0 0 1
    outer loop
      vertex 25.3727 34.8562 4.2
      vertex 26.3271 35.392 4.2
      vertex 25.5602 35.7169 4.2
    endloop
  endfacet
  facet normal 0 0 1
    outer loop
      vertex 26.1741 33.8034 4.2
      vertex 25.3102 33.8034 4.2
      vertex 25.3745 32.7697 4.2
    endloop
  endfacet
  facet normal 0 0 1
    outer loop
      vertex 26.3271 35.392 4.2
      vertex 25.3727 34.8562 4.2
      vertex 26.2124 34.6895 4.2
    endloop
  endfacet
  facet normal 0 0 1
    outer loop
      vertex 26.1741 33.8034 4.2
      vertex 25.3745 32.7697 4.2
      vertex 25.5676 31.9152 4.2
    endloop
  endfacet
  facet normal 0 0 1
    outer loop
      vertex 26.2124 34.6895 4.2
      vertex 25.3727 34.8562 4.2
      vertex 25.3102 33.8034 4.2
    endloop
  endfacet
  facet normal 0 0 1
    outer loop
      vertex 26.1741 33.8034 4.2
      vertex 25.5676 31.9152 4.2
      vertex 25.8893 31.2401 4.2
    endloop
  endfacet
  facet normal 0 0 1
    outer loop
      vertex 29.8917 32.7744 4.2
      vertex 28.9326 32.2633 4.2
      vertex 29.6947 31.9216 4.2
    endloop
  endfacet
  facet normal 0 0 1
    outer loop
      vertex 28.7374 31.7338 4.2
      vertex 29.6947 31.9216 4.2
      vertex 28.9326 32.2633 4.2
    endloop
  endfacet
  facet normal 0 0 1
    outer loop
      vertex 29.6947 31.9216 4.2
      vertex 28.7374 31.7338 4.2
      vertex 29.3663 31.2449 4.2
    endloop
  endfacet
  facet normal -0 0 1
    outer loop
      vertex 28.4584 31.3593 4.2
      vertex 29.3663 31.2449 4.2
      vertex 28.7374 31.7338 4.2
    endloop
  endfacet
  facet normal 0 0 1
    outer loop
      vertex 29.3663 31.2449 4.2
      vertex 28.4584 31.3593 4.2
      vertex 28.9099 30.7544 4.2
    endloop
  endfacet
  facet normal -0 0 1
    outer loop
      vertex 28.0898 31.1346 4.2
      vertex 28.9099 30.7544 4.2
      vertex 28.4584 31.3593 4.2
    endloop
  endfacet
  facet normal 0 0 1
    outer loop
      vertex 28.9099 30.7544 4.2
      vertex 28.0898 31.1346 4.2
      vertex 28.3284 30.4601 4.2
    endloop
  endfacet
  facet normal 0 0 1
    outer loop
      vertex 27.6219 30.362 4.2
      vertex 28.0898 31.1346 4.2
      vertex 27.6314 31.0597 4.2
    endloop
  endfacet
  facet normal 0 0 1
    outer loop
      vertex 28.0898 31.1346 4.2
      vertex 27.6219 30.362 4.2
      vertex 28.3284 30.4601 4.2
    endloop
  endfacet
  facet normal 0 0 1
    outer loop
      vertex 27.1707 31.133 4.2
      vertex 27.6219 30.362 4.2
      vertex 27.6314 31.0597 4.2
    endloop
  endfacet
  facet normal 0 0 1
    outer loop
      vertex 27.1707 31.133 4.2
      vertex 26.9167 30.4595 4.2
      vertex 27.6219 30.362 4.2
    endloop
  endfacet
  facet normal 0 0 1
    outer loop
      vertex 26.8012 31.353 4.2
      vertex 26.9167 30.4595 4.2
      vertex 27.1707 31.133 4.2
    endloop
  endfacet
  facet normal 0 0 1
    outer loop
      vertex 25.8893 31.2401 4.2
      vertex 26.8012 31.353 4.2
      vertex 26.523 31.7195 4.2
    endloop
  endfacet
  facet normal 0 0 1
    outer loop
      vertex 26.8012 31.353 4.2
      vertex 26.3392 30.7523 4.2
      vertex 26.9167 30.4595 4.2
    endloop
  endfacet
  facet normal 0 0 1
    outer loop
      vertex 25.8893 31.2401 4.2
      vertex 26.523 31.7195 4.2
      vertex 26.3292 32.2443 4.2
    endloop
  endfacet
  facet normal 0 0 1
    outer loop
      vertex 25.8893 31.2401 4.2
      vertex 26.3292 32.2443 4.2
      vertex 26.2129 32.939 4.2
    endloop
  endfacet
  facet normal 0 0 1
    outer loop
      vertex 26.8012 31.353 4.2
      vertex 25.8893 31.2401 4.2
      vertex 26.3392 30.7523 4.2
    endloop
  endfacet
  facet normal 0 0 1
    outer loop
      vertex 25.8893 31.2401 4.2
      vertex 26.2129 32.939 4.2
      vertex 26.1741 33.8034 4.2
    endloop
  endfacet
  facet normal -0 0 1
    outer loop
      vertex 17.9 31.4965 4.2
      vertex 18.8256 30.4569 4.2
      vertex 18.8256 31.4965 4.2
    endloop
  endfacet
  facet normal 0 0 1
    outer loop
      vertex 18.8256 30.4569 4.2
      vertex 17.9 31.4965 4.2
      vertex 17.9 30.4569 4.2
    endloop
  endfacet
  facet normal -0 0 1
    outer loop
      vertex 23.6457 34.5091 4.2
      vertex 24.5964 33.9364 4.2
      vertex 24.5326 34.9485 4.2
    endloop
  endfacet
  facet normal -0 0 1
    outer loop
      vertex 23.6248 35.2652 4.2
      vertex 24.5326 34.9485 4.2
      vertex 24.3411 35.776 4.2
    endloop
  endfacet
  facet normal 0 0 1
    outer loop
      vertex 24.5964 33.9364 4.2
      vertex 23.6457 34.5091 4.2
      vertex 23.5848 34.275 4.2
    endloop
  endfacet
  facet normal 0 0 1
    outer loop
      vertex 23.5014 35.6979 4.2
      vertex 24.3411 35.776 4.2
      vertex 24.022 36.4189 4.2
    endloop
  endfacet
  facet normal -0 0 1
    outer loop
      vertex 23.6961 32.9047 4.2
      vertex 24.5265 32.8762 4.2
      vertex 23.7515 33.6848 4.2
    endloop
  endfacet
  facet normal 0 0 1
    outer loop
      vertex 24.5265 32.8762 4.2
      vertex 23.6961 32.9047 4.2
      vertex 24.3169 31.9933 4.2
    endloop
  endfacet
  facet normal 0 0 1
    outer loop
      vertex 24.5326 34.9485 4.2
      vertex 23.666 34.7623 4.2
      vertex 23.6457 34.5091 4.2
    endloop
  endfacet
  facet normal 0 0 1
    outer loop
      vertex 24.5326 34.9485 4.2
      vertex 23.6248 35.2652 4.2
      vertex 23.666 34.7623 4.2
    endloop
  endfacet
  facet normal 0 0 1
    outer loop
      vertex 23.2957 36.0605 4.2
      vertex 24.022 36.4189 4.2
      vertex 23.579 36.8778 4.2
    endloop
  endfacet
  facet normal 0 0 1
    outer loop
      vertex 24.3411 35.776 4.2
      vertex 23.5014 35.6979 4.2
      vertex 23.6248 35.2652 4.2
    endloop
  endfacet
  facet normal 0 0 1
    outer loop
      vertex 24.022 36.4189 4.2
      vertex 23.2957 36.0605 4.2
      vertex 23.5014 35.6979 4.2
    endloop
  endfacet
  facet normal 0 0 1
    outer loop
      vertex 23.579 36.8778 4.2
      vertex 23.021 36.3335 4.2
      vertex 23.2957 36.0605 4.2
    endloop
  endfacet
  facet normal 0 0 1
    outer loop
      vertex 23.0157 37.1531 4.2
      vertex 23.021 36.3335 4.2
      vertex 23.579 36.8778 4.2
    endloop
  endfacet
  facet normal 0 0 1
    outer loop
      vertex 23.0157 37.1531 4.2
      vertex 22.6903 36.4972 4.2
      vertex 23.021 36.3335 4.2
    endloop
  endfacet
  facet normal 0 0 1
    outer loop
      vertex 22.3321 37.2449 4.2
      vertex 22.6903 36.4972 4.2
      vertex 23.0157 37.1531 4.2
    endloop
  endfacet
  facet normal 0 0 1
    outer loop
      vertex 22.3321 37.2449 4.2
      vertex 22.3036 36.5518 4.2
      vertex 22.6903 36.4972 4.2
    endloop
  endfacet
  facet normal 0 0 1
    outer loop
      vertex 22.3321 37.2449 4.2
      vertex 21.9213 36.5051 4.2
      vertex 22.3036 36.5518 4.2
    endloop
  endfacet
  facet normal -0 0 1
    outer loop
      vertex 21.6839 37.1782 4.2
      vertex 21.9213 36.5051 4.2
      vertex 22.3321 37.2449 4.2
    endloop
  endfacet
  facet normal 0 0 1
    outer loop
      vertex 21.6839 37.1782 4.2
      vertex 21.5969 36.3651 4.2
      vertex 21.9213 36.5051 4.2
    endloop
  endfacet
  facet normal -0 0 1
    outer loop
      vertex 21.1381 36.978 4.2
      vertex 21.5969 36.3651 4.2
      vertex 21.6839 37.1782 4.2
    endloop
  endfacet
  facet normal 0 0 1
    outer loop
      vertex 21.5969 36.3651 4.2
      vertex 21.1381 36.978 4.2
      vertex 21.3306 36.1317 4.2
    endloop
  endfacet
  facet normal -0 0 1
    outer loop
      vertex 20.6945 36.6444 4.2
      vertex 21.3306 36.1317 4.2
      vertex 21.1381 36.978 4.2
    endloop
  endfacet
  facet normal 0 0 1
    outer loop
      vertex 21.3306 36.1317 4.2
      vertex 20.6945 36.6444 4.2
      vertex 21.1328 35.8187 4.2
    endloop
  endfacet
  facet normal -0 0 1
    outer loop
      vertex 20.3675 36.1942 4.2
      vertex 21.1328 35.8187 4.2
      vertex 20.6945 36.6444 4.2
    endloop
  endfacet
  facet normal 0 0 1
    outer loop
      vertex 20.1713 35.6444 4.2
      vertex 21.1328 35.8187 4.2
      vertex 20.3675 36.1942 4.2
    endloop
  endfacet
  facet normal -0 0 1
    outer loop
      vertex 23.5553 32.2544 4.2
      vertex 24.3169 31.9933 4.2
      vertex 23.6961 32.9047 4.2
    endloop
  endfacet
  facet normal 0 0 1
    outer loop
      vertex 23.329 31.7338 4.2
      vertex 24.3169 31.9933 4.2
      vertex 23.5553 32.2544 4.2
    endloop
  endfacet
  facet normal 0 0 1
    outer loop
      vertex 24.3169 31.9933 4.2
      vertex 23.329 31.7338 4.2
      vertex 23.9674 31.2876 4.2
    endloop
  endfacet
  facet normal -0 0 1
    outer loop
      vertex 23.0231 31.3541 4.2
      vertex 23.9674 31.2876 4.2
      vertex 23.329 31.7338 4.2
    endloop
  endfacet
  facet normal 0 0 1
    outer loop
      vertex 23.9674 31.2876 4.2
      vertex 23.0231 31.3541 4.2
      vertex 23.4888 30.7733 4.2
    endloop
  endfacet
  facet normal 0 0 1
    outer loop
      vertex 23.0231 31.3541 4.2
      vertex 22.8915 30.4648 4.2
      vertex 23.4888 30.7733 4.2
    endloop
  endfacet
  facet normal -0 0 1
    outer loop
      vertex 22.6433 31.1262 4.2
      vertex 22.8915 30.4648 4.2
      vertex 23.0231 31.3541 4.2
    endloop
  endfacet
  facet normal 0 0 1
    outer loop
      vertex 22.1755 30.362 4.2
      vertex 22.6433 31.1262 4.2
      vertex 22.1897 31.0503 4.2
    endloop
  endfacet
  facet normal 0 0 1
    outer loop
      vertex 22.6433 31.1262 4.2
      vertex 22.1755 30.362 4.2
      vertex 22.8915 30.4648 4.2
    endloop
  endfacet
  facet normal 0 0 1
    outer loop
      vertex 22.1897 31.0503 4.2
      vertex 21.6879 30.3986 4.2
      vertex 22.1755 30.362 4.2
    endloop
  endfacet
  facet normal 0 0 1
    outer loop
      vertex 21.676 31.1431 4.2
      vertex 21.6879 30.3986 4.2
      vertex 22.1897 31.0503 4.2
    endloop
  endfacet
  facet normal 0 0 1
    outer loop
      vertex 20.92 30.6919 4.2
      vertex 21.676 31.1431 4.2
      vertex 21.2994 31.4216 4.2
    endloop
  endfacet
  facet normal 0 0 1
    outer loop
      vertex 21.676 31.1431 4.2
      vertex 21.2694 30.5086 4.2
      vertex 21.6879 30.3986 4.2
    endloop
  endfacet
  facet normal 0 0 1
    outer loop
      vertex 20.4094 31.3121 4.2
      vertex 21.2994 31.4216 4.2
      vertex 21.06 31.8857 4.2
    endloop
  endfacet
  facet normal 0 0 1
    outer loop
      vertex 21.676 31.1431 4.2
      vertex 20.92 30.6919 4.2
      vertex 21.2694 30.5086 4.2
    endloop
  endfacet
  facet normal 0 0 1
    outer loop
      vertex 21.2994 31.4216 4.2
      vertex 20.6349 30.9569 4.2
      vertex 20.92 30.6919 4.2
    endloop
  endfacet
  facet normal 0 0 1
    outer loop
      vertex 21.2994 31.4216 4.2
      vertex 20.4094 31.3121 4.2
      vertex 20.6349 30.9569 4.2
    endloop
  endfacet
  facet normal 0 -0 1
    outer loop
      vertex 20.4094 31.3121 4.2
      vertex 21.06 31.8857 4.2
      vertex 20.2435 31.7575 4.2
    endloop
  endfacet
  facet normal 0 0 1
    outer loop
      vertex 24.5964 33.9364 4.2
      vertex 23.7515 33.6848 4.2
      vertex 24.5265 32.8762 4.2
    endloop
  endfacet
  facet normal 0 0 1
    outer loop
      vertex 24.5964 33.9364 4.2
      vertex 23.5848 34.275 4.2
      vertex 23.7515 33.6848 4.2
    endloop
  endfacet
  facet normal -0 0 1
    outer loop
      vertex 23.4832 34.0598 4.2
      vertex 23.7515 33.6848 4.2
      vertex 23.5848 34.275 4.2
    endloop
  endfacet
  facet normal -0 0 1
    outer loop
      vertex 23.3464 33.8696 4.2
      vertex 23.7515 33.6848 4.2
      vertex 23.4832 34.0598 4.2
    endloop
  endfacet
  facet normal 0 0 1
    outer loop
      vertex 23.7515 33.6848 4.2
      vertex 23.3464 33.8696 4.2
      vertex 23.5948 33.4187 4.2
    endloop
  endfacet
  facet normal -0 0 1
    outer loop
      vertex 23.1794 33.7106 4.2
      vertex 23.5948 33.4187 4.2
      vertex 23.3464 33.8696 4.2
    endloop
  endfacet
  facet normal 0 0 1
    outer loop
      vertex 23.5948 33.4187 4.2
      vertex 23.1794 33.7106 4.2
      vertex 23.3781 33.19 4.2
    endloop
  endfacet
  facet normal -0 0 1
    outer loop
      vertex 22.9824 33.5827 4.2
      vertex 23.3781 33.19 4.2
      vertex 23.1794 33.7106 4.2
    endloop
  endfacet
  facet normal 0 0 1
    outer loop
      vertex 23.3781 33.19 4.2
      vertex 22.9824 33.5827 4.2
      vertex 23.1012 32.9988 4.2
    endloop
  endfacet
  facet normal -0 0 1
    outer loop
      vertex 22.7646 33.4891 4.2
      vertex 23.1012 32.9988 4.2
      vertex 22.9824 33.5827 4.2
    endloop
  endfacet
  facet normal 0 0 1
    outer loop
      vertex 23.1012 32.9988 4.2
      vertex 22.7646 33.4891 4.2
      vertex 22.7842 32.8551 4.2
    endloop
  endfacet
  facet normal -0 0 1
    outer loop
      vertex 22.5352 33.4329 4.2
      vertex 22.7842 32.8551 4.2
      vertex 22.7646 33.4891 4.2
    endloop
  endfacet
  facet normal 0 0 1
    outer loop
      vertex 22.5352 33.4329 4.2
      vertex 22.4471 32.7689 4.2
      vertex 22.7842 32.8551 4.2
    endloop
  endfacet
  facet normal -0 0 1
    outer loop
      vertex 22.2942 33.4142 4.2
      vertex 22.4471 32.7689 4.2
      vertex 22.5352 33.4329 4.2
    endloop
  endfacet
  facet normal 0 0 1
    outer loop
      vertex 22.2942 33.4142 4.2
      vertex 22.0901 32.7401 4.2
      vertex 22.4471 32.7689 4.2
    endloop
  endfacet
  facet normal 0 0 1
    outer loop
      vertex 21.9171 33.4614 4.2
      vertex 22.0901 32.7401 4.2
      vertex 22.2942 33.4142 4.2
    endloop
  endfacet
  facet normal 0 0 1
    outer loop
      vertex 21.5289 32.8087 4.2
      vertex 21.9171 33.4614 4.2
      vertex 21.5959 33.603 4.2
    endloop
  endfacet
  facet normal 0 0 1
    outer loop
      vertex 21.9171 33.4614 4.2
      vertex 21.5289 32.8087 4.2
      vertex 22.0901 32.7401 4.2
    endloop
  endfacet
  facet normal 0 0 1
    outer loop
      vertex 21.0478 33.0144 4.2
      vertex 21.5959 33.603 4.2
      vertex 21.3306 33.839 4.2
    endloop
  endfacet
  facet normal 0 0 1
    outer loop
      vertex 20.6469 33.3572 4.2
      vertex 21.3306 33.839 4.2
      vertex 21.1328 34.1563 4.2
    endloop
  endfacet
  facet normal 0 0 1
    outer loop
      vertex 21.5959 33.603 4.2
      vertex 21.0478 33.0144 4.2
      vertex 21.5289 32.8087 4.2
    endloop
  endfacet
  facet normal 0 0 1
    outer loop
      vertex 20.3463 33.8134 4.2
      vertex 21.1328 34.1563 4.2
      vertex 21.0141 34.5416 4.2
    endloop
  endfacet
  facet normal -0 0 1
    outer loop
      vertex 20.1059 34.9949 4.2
      vertex 21.0141 34.5416 4.2
      vertex 20.9746 34.9949 4.2
    endloop
  endfacet
  facet normal 0 0 1
    outer loop
      vertex 21.1328 35.8187 4.2
      vertex 20.1713 35.6444 4.2
      vertex 21.0141 35.4398 4.2
    endloop
  endfacet
  facet normal 0 0 1
    outer loop
      vertex 21.0141 34.5416 4.2
      vertex 20.1059 34.9949 4.2
      vertex 20.166 34.3593 4.2
    endloop
  endfacet
  facet normal 0 0 1
    outer loop
      vertex 20.1059 34.9949 4.2
      vertex 21.0141 35.4398 4.2
      vertex 20.1713 35.6444 4.2
    endloop
  endfacet
  facet normal 0 0 1
    outer loop
      vertex 21.0141 34.5416 4.2
      vertex 20.166 34.3593 4.2
      vertex 20.3463 33.8134 4.2
    endloop
  endfacet
  facet normal 0 0 1
    outer loop
      vertex 21.0141 35.4398 4.2
      vertex 20.1059 34.9949 4.2
      vertex 20.9746 34.9949 4.2
    endloop
  endfacet
  facet normal 0 0 1
    outer loop
      vertex 21.1328 34.1563 4.2
      vertex 20.3463 33.8134 4.2
      vertex 20.6469 33.3572 4.2
    endloop
  endfacet
  facet normal 0 0 1
    outer loop
      vertex 21.3306 33.839 4.2
      vertex 20.6469 33.3572 4.2
      vertex 21.0478 33.0144 4.2
    endloop
  endfacet
  facet normal 0 0 1
    outer loop
      vertex 44.3254 36.419 4.2
      vertex 45.1514 36.4522 4.2
      vertex 45.1514 37.1452 4.2
    endloop
  endfacet
  facet normal 0 0 1
    outer loop
      vertex 45.1514 36.4522 4.2
      vertex 44.3254 36.419 4.2
      vertex 44.5348 35.4833 4.2
    endloop
  endfacet
  facet normal -0 0 1
    outer loop
      vertex 40.732 37.1452 4.2
      vertex 44.3254 36.419 4.2
      vertex 45.1514 37.1452 4.2
    endloop
  endfacet
  facet normal 0 0 1
    outer loop
      vertex 44.3254 36.419 4.2
      vertex 40.732 37.1452 4.2
      vertex 40.732 36.419 4.2
    endloop
  endfacet
  facet normal 0 0 1
    outer loop
      vertex 43.5583 35.2356 4.2
      vertex 44.5348 35.4833 4.2
      vertex 44.3254 36.419 4.2
    endloop
  endfacet
  facet normal 0 0 1
    outer loop
      vertex 44.5348 35.4833 4.2
      vertex 43.5583 35.2356 4.2
      vertex 44.0522 34.6652 4.2
    endloop
  endfacet
  facet normal 0 0 1
    outer loop
      vertex 42.9531 34.1478 4.2
      vertex 44.0522 34.6652 4.2
      vertex 43.5583 35.2356 4.2
    endloop
  endfacet
  facet normal 0 0 1
    outer loop
      vertex 44.0522 34.6652 4.2
      vertex 42.9531 34.1478 4.2
      vertex 43.7036 33.998 4.2
    endloop
  endfacet
  facet normal 0 0 1
    outer loop
      vertex 43.7036 33.998 4.2
      vertex 42.9531 34.1478 4.2
      vertex 43.4454 33.4089 4.2
    endloop
  endfacet
  facet normal 0 0 1
    outer loop
      vertex 42.5098 33.1554 4.2
      vertex 43.4454 33.4089 4.2
      vertex 42.9531 34.1478 4.2
    endloop
  endfacet
  facet normal 0 0 1
    outer loop
      vertex 43.4454 33.4089 4.2
      vertex 42.5098 33.1554 4.2
      vertex 43.2342 32.825 4.2
    endloop
  endfacet
  facet normal 0 0 1
    outer loop
      vertex 43.2342 32.825 4.2
      vertex 42.5098 33.1554 4.2
      vertex 43.0699 32.2464 4.2
    endloop
  endfacet
  facet normal 0 0 1
    outer loop
      vertex 42.2078 32.2259 4.2
      vertex 43.0699 32.2464 4.2
      vertex 42.5098 33.1554 4.2
    endloop
  endfacet
  facet normal 0 0 1
    outer loop
      vertex 43.0699 32.2464 4.2
      vertex 42.2078 32.2259 4.2
      vertex 42.9525 31.6636 4.2
    endloop
  endfacet
  facet normal 0 0 1
    outer loop
      vertex 42.0267 31.3263 4.2
      vertex 42.9525 31.6636 4.2
      vertex 42.2078 32.2259 4.2
    endloop
  endfacet
  facet normal 0 0 1
    outer loop
      vertex 42.9525 31.6636 4.2
      vertex 42.0267 31.3263 4.2
      vertex 42.8821 31.0671 4.2
    endloop
  endfacet
  facet normal 0 0 1
    outer loop
      vertex 41.9663 30.4569 4.2
      vertex 42.8821 31.0671 4.2
      vertex 42.0267 31.3263 4.2
    endloop
  endfacet
  facet normal 0 0 1
    outer loop
      vertex 42.8821 31.0671 4.2
      vertex 41.9663 30.4569 4.2
      vertex 42.8586 30.4569 4.2
    endloop
  endfacet
  facet normal 0 0 1
    outer loop
      vertex 68.121 34.7148 4.2
      vertex 67.3013 35.017 4.2
      vertex 67.3045 34.4964 4.2
    endloop
  endfacet
  facet normal 0 0 1
    outer loop
      vertex 68.0862 35.5682 4.2
      vertex 67.2919 35.3825 4.2
      vertex 67.3013 35.017 4.2
    endloop
  endfacet
  facet normal 0 0 1
    outer loop
      vertex 68.0862 35.5682 4.2
      vertex 67.2761 35.593 4.2
      vertex 67.2919 35.3825 4.2
    endloop
  endfacet
  facet normal 0 0 1
    outer loop
      vertex 71.1556 33.9039 4.2
      vertex 70.2534 34.1589 4.2
      vertex 70.276 33.7132 4.2
    endloop
  endfacet
  facet normal 0 0 1
    outer loop
      vertex 70.5584 35.4553 4.2
      vertex 70.1853 34.5022 4.2
      vertex 70.2534 34.1589 4.2
    endloop
  endfacet
  facet normal 0 0 1
    outer loop
      vertex 70.5584 35.4553 4.2
      vertex 70.0719 34.7432 4.2
      vertex 70.1853 34.5022 4.2
    endloop
  endfacet
  facet normal 0 0 1
    outer loop
      vertex 69.8995 34.9015 4.2
      vertex 70.305 35.5845 4.2
      vertex 69.9973 35.6621 4.2
    endloop
  endfacet
  facet normal 0 0 1
    outer loop
      vertex 70.5584 35.4553 4.2
      vertex 69.8995 34.9015 4.2
      vertex 70.0719 34.7432 4.2
    endloop
  endfacet
  facet normal 0 0 1
    outer loop
      vertex 69.9973 35.6621 4.2
      vertex 69.6542 34.9964 4.2
      vertex 69.8995 34.9015 4.2
    endloop
  endfacet
  facet normal 0 0 1
    outer loop
      vertex 69.6352 35.6879 4.2
      vertex 69.6542 34.9964 4.2
      vertex 69.9973 35.6621 4.2
    endloop
  endfacet
  facet normal 0 0 1
    outer loop
      vertex 69.6352 35.6879 4.2
      vertex 69.3362 35.0281 4.2
      vertex 69.6542 34.9964 4.2
    endloop
  endfacet
  facet normal -0 0 1
    outer loop
      vertex 69.3109 35.6642 4.2
      vertex 69.3362 35.0281 4.2
      vertex 69.6352 35.6879 4.2
    endloop
  endfacet
  facet normal -0 0 1
    outer loop
      vertex 69.0213 35.5929 4.2
      vertex 69.3362 35.0281 4.2
      vertex 69.3109 35.6642 4.2
    endloop
  endfacet
  facet normal 0 0 1
    outer loop
      vertex 69.0213 35.5929 4.2
      vertex 68.9976 34.9817 4.2
      vertex 69.3362 35.0281 4.2
    endloop
  endfacet
  facet normal -0 0 1
    outer loop
      vertex 68.7666 35.4743 4.2
      vertex 68.9976 34.9817 4.2
      vertex 69.0213 35.5929 4.2
    endloop
  endfacet
  facet normal -0 0 1
    outer loop
      vertex 68.5382 35.295 4.2
      vertex 68.9976 34.9817 4.2
      vertex 68.7666 35.4743 4.2
    endloop
  endfacet
  facet normal 0 0 1
    outer loop
      vertex 68.9976 34.9817 4.2
      vertex 68.5382 35.295 4.2
      vertex 68.7096 34.8424 4.2
    endloop
  endfacet
  facet normal -0 0 1
    outer loop
      vertex 68.3277 35.0418 4.2
      vertex 68.7096 34.8424 4.2
      vertex 68.5382 35.295 4.2
    endloop
  endfacet
  facet normal 0 0 1
    outer loop
      vertex 68.7096 34.8424 4.2
      vertex 68.3277 35.0418 4.2
      vertex 68.4722 34.6103 4.2
    endloop
  endfacet
  facet normal -0 0 1
    outer loop
      vertex 68.1352 34.7148 4.2
      vertex 68.4722 34.6103 4.2
      vertex 68.3277 35.0418 4.2
    endloop
  endfacet
  facet normal 0 0 1
    outer loop
      vertex 68.4722 34.6103 4.2
      vertex 68.1352 34.7148 4.2
      vertex 68.2955 34.2939 4.2
    endloop
  endfacet
  facet normal -0 0 1
    outer loop
      vertex 68.121 34.7148 4.2
      vertex 68.2955 34.2939 4.2
      vertex 68.1352 34.7148 4.2
    endloop
  endfacet
  facet normal -0 0 1
    outer loop
      vertex 67.3045 34.4964 4.2
      vertex 68.2955 34.2939 4.2
      vertex 68.121 34.7148 4.2
    endloop
  endfacet
  facet normal 0 0 1
    outer loop
      vertex 68.2955 34.2939 4.2
      vertex 67.3045 34.4964 4.2
      vertex 68.1895 33.9015 4.2
    endloop
  endfacet
  facet normal 0 0 1
    outer loop
      vertex 68.1895 33.9015 4.2
      vertex 67.3045 34.4964 4.2
      vertex 68.1542 33.4331 4.2
    endloop
  endfacet
  facet normal 0 0 1
    outer loop
      vertex 67.3013 35.017 4.2
      vertex 68.121 34.7148 4.2
      vertex 68.1149 34.9382 4.2
    endloop
  endfacet
  facet normal -0 0 1
    outer loop
      vertex 67.3013 35.017 4.2
      vertex 68.1149 34.9382 4.2
      vertex 68.1094 35.1083 4.2
    endloop
  endfacet
  facet normal 0 0 1
    outer loop
      vertex 67.3013 35.017 4.2
      vertex 68.1094 35.1083 4.2
      vertex 68.1044 35.2251 4.2
    endloop
  endfacet
  facet normal 0 0 1
    outer loop
      vertex 67.3013 35.017 4.2
      vertex 68.1044 35.2251 4.2
      vertex 68.0999 35.3118 4.2
    endloop
  endfacet
  facet normal 0 0 1
    outer loop
      vertex 67.3013 35.017 4.2
      vertex 68.0999 35.3118 4.2
      vertex 68.0959 35.3917 4.2
    endloop
  endfacet
  facet normal 0 0 1
    outer loop
      vertex 67.3013 35.017 4.2
      vertex 68.0959 35.3917 4.2
      vertex 68.0925 35.4648 4.2
    endloop
  endfacet
  facet normal 0 0 1
    outer loop
      vertex 67.3013 35.017 4.2
      vertex 68.0925 35.4648 4.2
      vertex 68.0893 35.5255 4.2
    endloop
  endfacet
  facet normal -0 0 1
    outer loop
      vertex 67.2761 35.593 4.2
      vertex 68.0862 35.5682 4.2
      vertex 68.083 35.593 4.2
    endloop
  endfacet
  facet normal 0 0 1
    outer loop
      vertex 68.0862 35.5682 4.2
      vertex 67.3013 35.017 4.2
      vertex 68.0893 35.5255 4.2
    endloop
  endfacet
  facet normal 0 0 1
    outer loop
      vertex 67.3045 30.4569 4.2
      vertex 68.1542 33.4331 4.2
      vertex 67.3045 34.4964 4.2
    endloop
  endfacet
  facet normal 0 0 1
    outer loop
      vertex 68.1542 33.4331 4.2
      vertex 67.3045 30.4569 4.2
      vertex 68.1542 30.4569 4.2
    endloop
  endfacet
  facet normal 0 0 1
    outer loop
      vertex 74.0878 33.8794 4.2
      vertex 73.2202 34.1589 4.2
      vertex 73.2429 33.7132 4.2
    endloop
  endfacet
  facet normal 0 0 1
    outer loop
      vertex 73.7341 35.2654 4.2
      vertex 73.1521 34.5022 4.2
      vertex 73.2202 34.1589 4.2
    endloop
  endfacet
  facet normal 0 0 1
    outer loop
      vertex 72.8663 34.9015 4.2
      vertex 73.4512 35.5001 4.2
      vertex 73.0738 35.641 4.2
    endloop
  endfacet
  facet normal 0 0 1
    outer loop
      vertex 73.7341 35.2654 4.2
      vertex 73.0387 34.7432 4.2
      vertex 73.1521 34.5022 4.2
    endloop
  endfacet
  facet normal 0 0 1
    outer loop
      vertex 73.4512 35.5001 4.2
      vertex 72.8663 34.9015 4.2
      vertex 73.0387 34.7432 4.2
    endloop
  endfacet
  facet normal 0 0 1
    outer loop
      vertex 73.0738 35.641 4.2
      vertex 72.621 34.9964 4.2
      vertex 72.8663 34.9015 4.2
    endloop
  endfacet
  facet normal 0 0 1
    outer loop
      vertex 72.602 35.6879 4.2
      vertex 72.621 34.9964 4.2
      vertex 73.0738 35.641 4.2
    endloop
  endfacet
  facet normal 0 0 1
    outer loop
      vertex 72.602 35.6879 4.2
      vertex 72.303 35.0281 4.2
      vertex 72.621 34.9964 4.2
    endloop
  endfacet
  facet normal -0 0 1
    outer loop
      vertex 72.2621 35.6626 4.2
      vertex 72.303 35.0281 4.2
      vertex 72.602 35.6879 4.2
    endloop
  endfacet
  facet normal -0 0 1
    outer loop
      vertex 71.9575 35.5866 4.2
      vertex 72.303 35.0281 4.2
      vertex 72.2621 35.6626 4.2
    endloop
  endfacet
  facet normal 0 0 1
    outer loop
      vertex 71.9575 35.5866 4.2
      vertex 71.9572 34.9819 4.2
      vertex 72.303 35.0281 4.2
    endloop
  endfacet
  facet normal -0 0 1
    outer loop
      vertex 71.6882 35.46 4.2
      vertex 71.9572 34.9819 4.2
      vertex 71.9575 35.5866 4.2
    endloop
  endfacet
  facet normal -0 0 1
    outer loop
      vertex 71.4491 35.276 4.2
      vertex 71.9572 34.9819 4.2
      vertex 71.6882 35.46 4.2
    endloop
  endfacet
  facet normal 0 0 1
    outer loop
      vertex 71.9572 34.9819 4.2
      vertex 71.4491 35.276 4.2
      vertex 71.6669 34.8435 4.2
    endloop
  endfacet
  facet normal -0 0 1
    outer loop
      vertex 71.2347 35.0276 4.2
      vertex 71.6669 34.8435 4.2
      vertex 71.4491 35.276 4.2
    endloop
  endfacet
  facet normal 0 0 1
    outer loop
      vertex 71.6669 34.8435 4.2
      vertex 71.2347 35.0276 4.2
      vertex 71.4319 34.6127 4.2
    endloop
  endfacet
  facet normal -0 0 1
    outer loop
      vertex 71.0451 34.7148 4.2
      vertex 71.4319 34.6127 4.2
      vertex 71.2347 35.0276 4.2
    endloop
  endfacet
  facet normal 0 0 1
    outer loop
      vertex 71.4319 34.6127 4.2
      vertex 71.0451 34.7148 4.2
      vertex 71.2592 34.2971 4.2
    endloop
  endfacet
  facet normal -0 0 1
    outer loop
      vertex 71.0308 34.7148 4.2
      vertex 71.2592 34.2971 4.2
      vertex 71.0451 34.7148 4.2
    endloop
  endfacet
  facet normal 0 0 1
    outer loop
      vertex 70.2534 34.1589 4.2
      vertex 71.2592 34.2971 4.2
      vertex 71.0308 34.7148 4.2
    endloop
  endfacet
  facet normal 0 0 1
    outer loop
      vertex 71.2592 34.2971 4.2
      vertex 70.2534 34.1589 4.2
      vertex 71.1556 33.9039 4.2
    endloop
  endfacet
  facet normal 0 0 1
    outer loop
      vertex 71.1556 33.9039 4.2
      vertex 70.276 33.7132 4.2
      vertex 71.121 33.4331 4.2
    endloop
  endfacet
  facet normal 0 0 1
    outer loop
      vertex 70.2534 34.1589 4.2
      vertex 71.0308 34.7148 4.2
      vertex 70.9192 35.0228 4.2
    endloop
  endfacet
  facet normal 0 0 1
    outer loop
      vertex 70.2534 34.1589 4.2
      vertex 70.9192 35.0228 4.2
      vertex 70.7618 35.2697 4.2
    endloop
  endfacet
  facet normal 0 0 1
    outer loop
      vertex 70.2534 34.1589 4.2
      vertex 70.7618 35.2697 4.2
      vertex 70.5584 35.4553 4.2
    endloop
  endfacet
  facet normal 0 0 1
    outer loop
      vertex 69.8995 34.9015 4.2
      vertex 70.5584 35.4553 4.2
      vertex 70.305 35.5845 4.2
    endloop
  endfacet
  facet normal 0 0 1
    outer loop
      vertex 70.276 30.4569 4.2
      vertex 71.121 33.4331 4.2
      vertex 70.276 33.7132 4.2
    endloop
  endfacet
  facet normal 0 0 1
    outer loop
      vertex 71.121 33.4331 4.2
      vertex 70.276 30.4569 4.2
      vertex 71.121 30.4569 4.2
    endloop
  endfacet
  facet normal -0 0 1
    outer loop
      vertex 73.2202 34.1589 4.2
      vertex 74.0878 33.8794 4.2
      vertex 74.0485 34.4617 4.2
    endloop
  endfacet
  facet normal 0 0 1
    outer loop
      vertex 73.2202 34.1589 4.2
      vertex 74.0485 34.4617 4.2
      vertex 73.9306 34.9237 4.2
    endloop
  endfacet
  facet normal 0 0 1
    outer loop
      vertex 73.2202 34.1589 4.2
      vertex 73.9306 34.9237 4.2
      vertex 73.7341 35.2654 4.2
    endloop
  endfacet
  facet normal 0 0 1
    outer loop
      vertex 73.0387 34.7432 4.2
      vertex 73.7341 35.2654 4.2
      vertex 73.4512 35.5001 4.2
    endloop
  endfacet
  facet normal 0 0 1
    outer loop
      vertex 74.0878 33.8794 4.2
      vertex 73.2429 33.7132 4.2
      vertex 74.0878 30.4569 4.2
    endloop
  endfacet
  facet normal 0 0 1
    outer loop
      vertex 74.0878 30.4569 4.2
      vertex 73.2429 33.7132 4.2
      vertex 73.2429 30.4569 4.2
    endloop
  endfacet
  facet normal 0 0 1
    outer loop
      vertex 76.0299 34.7148 4.2
      vertex 75.2102 35.017 4.2
      vertex 75.2134 34.4964 4.2
    endloop
  endfacet
  facet normal 0 0 1
    outer loop
      vertex 75.9982 35.5255 4.2
      vertex 75.2008 35.3825 4.2
      vertex 75.2102 35.017 4.2
    endloop
  endfacet
  facet normal 0 -0 1
    outer loop
      vertex 75.2008 35.3825 4.2
      vertex 75.9919 35.593 4.2
      vertex 75.185 35.593 4.2
    endloop
  endfacet
  facet normal 0 0 1
    outer loop
      vertex 79.0645 33.9039 4.2
      vertex 78.1623 34.1589 4.2
      vertex 78.185 33.7132 4.2
    endloop
  endfacet
  facet normal 0 0 1
    outer loop
      vertex 78.4673 35.4553 4.2
      vertex 78.0942 34.5022 4.2
      vertex 78.1623 34.1589 4.2
    endloop
  endfacet
  facet normal 0 0 1
    outer loop
      vertex 78.4673 35.4553 4.2
      vertex 77.9808 34.7432 4.2
      vertex 78.0942 34.5022 4.2
    endloop
  endfacet
  facet normal 0 0 1
    outer loop
      vertex 77.8084 34.9015 4.2
      vertex 78.2139 35.5845 4.2
      vertex 77.9062 35.6621 4.2
    endloop
  endfacet
  facet normal 0 0 1
    outer loop
      vertex 78.4673 35.4553 4.2
      vertex 77.8084 34.9015 4.2
      vertex 77.9808 34.7432 4.2
    endloop
  endfacet
  facet normal 0 0 1
    outer loop
      vertex 77.9062 35.6621 4.2
      vertex 77.5631 34.9964 4.2
      vertex 77.8084 34.9015 4.2
    endloop
  endfacet
  facet normal 0 0 1
    outer loop
      vertex 77.5441 35.6879 4.2
      vertex 77.5631 34.9964 4.2
      vertex 77.9062 35.6621 4.2
    endloop
  endfacet
  facet normal 0 0 1
    outer loop
      vertex 77.5441 35.6879 4.2
      vertex 77.2451 35.0281 4.2
      vertex 77.5631 34.9964 4.2
    endloop
  endfacet
  facet normal -0 0 1
    outer loop
      vertex 77.2198 35.6642 4.2
      vertex 77.2451 35.0281 4.2
      vertex 77.5441 35.6879 4.2
    endloop
  endfacet
  facet normal -0 0 1
    outer loop
      vertex 76.9302 35.5929 4.2
      vertex 77.2451 35.0281 4.2
      vertex 77.2198 35.6642 4.2
    endloop
  endfacet
  facet normal 0 0 1
    outer loop
      vertex 76.9302 35.5929 4.2
      vertex 76.9065 34.9817 4.2
      vertex 77.2451 35.0281 4.2
    endloop
  endfacet
  facet normal -0 0 1
    outer loop
      vertex 76.6755 35.4743 4.2
      vertex 76.9065 34.9817 4.2
      vertex 76.9302 35.5929 4.2
    endloop
  endfacet
  facet normal -0 0 1
    outer loop
      vertex 76.4471 35.295 4.2
      vertex 76.9065 34.9817 4.2
      vertex 76.6755 35.4743 4.2
    endloop
  endfacet
  facet normal 0 0 1
    outer loop
      vertex 76.9065 34.9817 4.2
      vertex 76.4471 35.295 4.2
      vertex 76.6185 34.8424 4.2
    endloop
  endfacet
  facet normal -0 0 1
    outer loop
      vertex 76.2367 35.0418 4.2
      vertex 76.6185 34.8424 4.2
      vertex 76.4471 35.295 4.2
    endloop
  endfacet
  facet normal 0 0 1
    outer loop
      vertex 76.6185 34.8424 4.2
      vertex 76.2367 35.0418 4.2
      vertex 76.3811 34.6103 4.2
    endloop
  endfacet
  facet normal -0 0 1
    outer loop
      vertex 76.0441 34.7148 4.2
      vertex 76.3811 34.6103 4.2
      vertex 76.2367 35.0418 4.2
    endloop
  endfacet
  facet normal 0 0 1
    outer loop
      vertex 76.3811 34.6103 4.2
      vertex 76.0441 34.7148 4.2
      vertex 76.2045 34.2939 4.2
    endloop
  endfacet
  facet normal -0 0 1
    outer loop
      vertex 76.0299 34.7148 4.2
      vertex 76.2045 34.2939 4.2
      vertex 76.0441 34.7148 4.2
    endloop
  endfacet
  facet normal -0 0 1
    outer loop
      vertex 75.2134 34.4964 4.2
      vertex 76.2045 34.2939 4.2
      vertex 76.0299 34.7148 4.2
    endloop
  endfacet
  facet normal 0 0 1
    outer loop
      vertex 76.2045 34.2939 4.2
      vertex 75.2134 34.4964 4.2
      vertex 76.0984 33.9015 4.2
    endloop
  endfacet
  facet normal 0 0 1
    outer loop
      vertex 76.0984 33.9015 4.2
      vertex 75.2134 34.4964 4.2
      vertex 76.0631 33.4331 4.2
    endloop
  endfacet
  facet normal 0 0 1
    outer loop
      vertex 75.2102 35.017 4.2
      vertex 76.0299 34.7148 4.2
      vertex 76.0238 34.9382 4.2
    endloop
  endfacet
  facet normal -0 0 1
    outer loop
      vertex 75.2102 35.017 4.2
      vertex 76.0238 34.9382 4.2
      vertex 76.0183 35.1083 4.2
    endloop
  endfacet
  facet normal 0 0 1
    outer loop
      vertex 75.2102 35.017 4.2
      vertex 76.0183 35.1083 4.2
      vertex 76.0133 35.2251 4.2
    endloop
  endfacet
  facet normal 0 0 1
    outer loop
      vertex 75.2102 35.017 4.2
      vertex 76.0133 35.2251 4.2
      vertex 76.0088 35.3118 4.2
    endloop
  endfacet
  facet normal 0 0 1
    outer loop
      vertex 75.2102 35.017 4.2
      vertex 76.0088 35.3118 4.2
      vertex 76.0048 35.3917 4.2
    endloop
  endfacet
  facet normal 0 0 1
    outer loop
      vertex 75.2102 35.017 4.2
      vertex 76.0048 35.3917 4.2
      vertex 76.0014 35.4648 4.2
    endloop
  endfacet
  facet normal 0 0 1
    outer loop
      vertex 75.2102 35.017 4.2
      vertex 76.0014 35.4648 4.2
      vertex 75.9982 35.5255 4.2
    endloop
  endfacet
  facet normal 0 0 1
    outer loop
      vertex 75.2008 35.3825 4.2
      vertex 75.9951 35.5682 4.2
      vertex 75.9919 35.593 4.2
    endloop
  endfacet
  facet normal 0 0 1
    outer loop
      vertex 75.9951 35.5682 4.2
      vertex 75.2008 35.3825 4.2
      vertex 75.9982 35.5255 4.2
    endloop
  endfacet
  facet normal 0 0 1
    outer loop
      vertex 75.2134 30.4569 4.2
      vertex 76.0631 33.4331 4.2
      vertex 75.2134 34.4964 4.2
    endloop
  endfacet
  facet normal 0 0 1
    outer loop
      vertex 76.0631 33.4331 4.2
      vertex 75.2134 30.4569 4.2
      vertex 76.0631 30.4569 4.2
    endloop
  endfacet
  facet normal 0 0 1
    outer loop
      vertex 81.9967 33.8794 4.2
      vertex 81.1291 34.1589 4.2
      vertex 81.1518 33.7132 4.2
    endloop
  endfacet
  facet normal 0 0 1
    outer loop
      vertex 81.643 35.2654 4.2
      vertex 81.0611 34.5022 4.2
      vertex 81.1291 34.1589 4.2
    endloop
  endfacet
  facet normal 0 0 1
    outer loop
      vertex 80.7752 34.9015 4.2
      vertex 81.3601 35.5001 4.2
      vertex 80.9827 35.641 4.2
    endloop
  endfacet
  facet normal 0 0 1
    outer loop
      vertex 81.643 35.2654 4.2
      vertex 80.9476 34.7432 4.2
      vertex 81.0611 34.5022 4.2
    endloop
  endfacet
  facet normal 0 0 1
    outer loop
      vertex 81.3601 35.5001 4.2
      vertex 80.7752 34.9015 4.2
      vertex 80.9476 34.7432 4.2
    endloop
  endfacet
  facet normal 0 0 1
    outer loop
      vertex 80.9827 35.641 4.2
      vertex 80.5299 34.9964 4.2
      vertex 80.7752 34.9015 4.2
    endloop
  endfacet
  facet normal 0 0 1
    outer loop
      vertex 80.5109 35.6879 4.2
      vertex 80.5299 34.9964 4.2
      vertex 80.9827 35.641 4.2
    endloop
  endfacet
  facet normal 0 0 1
    outer loop
      vertex 80.5109 35.6879 4.2
      vertex 80.2119 35.0281 4.2
      vertex 80.5299 34.9964 4.2
    endloop
  endfacet
  facet normal -0 0 1
    outer loop
      vertex 80.171 35.6626 4.2
      vertex 80.2119 35.0281 4.2
      vertex 80.5109 35.6879 4.2
    endloop
  endfacet
  facet normal -0 0 1
    outer loop
      vertex 79.8664 35.5866 4.2
      vertex 80.2119 35.0281 4.2
      vertex 80.171 35.6626 4.2
    endloop
  endfacet
  facet normal 0 0 1
    outer loop
      vertex 79.8664 35.5866 4.2
      vertex 79.8661 34.9819 4.2
      vertex 80.2119 35.0281 4.2
    endloop
  endfacet
  facet normal -0 0 1
    outer loop
      vertex 79.5971 35.46 4.2
      vertex 79.8661 34.9819 4.2
      vertex 79.8664 35.5866 4.2
    endloop
  endfacet
  facet normal -0 0 1
    outer loop
      vertex 79.358 35.276 4.2
      vertex 79.8661 34.9819 4.2
      vertex 79.5971 35.46 4.2
    endloop
  endfacet
  facet normal 0 0 1
    outer loop
      vertex 79.8661 34.9819 4.2
      vertex 79.358 35.276 4.2
      vertex 79.5758 34.8435 4.2
    endloop
  endfacet
  facet normal -0 0 1
    outer loop
      vertex 79.1436 35.0276 4.2
      vertex 79.5758 34.8435 4.2
      vertex 79.358 35.276 4.2
    endloop
  endfacet
  facet normal 0 0 1
    outer loop
      vertex 79.5758 34.8435 4.2
      vertex 79.1436 35.0276 4.2
      vertex 79.3408 34.6127 4.2
    endloop
  endfacet
  facet normal -0 0 1
    outer loop
      vertex 78.954 34.7148 4.2
      vertex 79.3408 34.6127 4.2
      vertex 79.1436 35.0276 4.2
    endloop
  endfacet
  facet normal 0 0 1
    outer loop
      vertex 79.3408 34.6127 4.2
      vertex 78.954 34.7148 4.2
      vertex 79.1681 34.2971 4.2
    endloop
  endfacet
  facet normal -0 0 1
    outer loop
      vertex 78.9397 34.7148 4.2
      vertex 79.1681 34.2971 4.2
      vertex 78.954 34.7148 4.2
    endloop
  endfacet
  facet normal 0 0 1
    outer loop
      vertex 78.1623 34.1589 4.2
      vertex 79.1681 34.2971 4.2
      vertex 78.9397 34.7148 4.2
    endloop
  endfacet
  facet normal 0 0 1
    outer loop
      vertex 79.1681 34.2971 4.2
      vertex 78.1623 34.1589 4.2
      vertex 79.0645 33.9039 4.2
    endloop
  endfacet
  facet normal 0 0 1
    outer loop
      vertex 79.0645 33.9039 4.2
      vertex 78.185 33.7132 4.2
      vertex 79.0299 33.4331 4.2
    endloop
  endfacet
  facet normal 0 0 1
    outer loop
      vertex 78.1623 34.1589 4.2
      vertex 78.9397 34.7148 4.2
      vertex 78.8281 35.0228 4.2
    endloop
  endfacet
  facet normal 0 0 1
    outer loop
      vertex 78.1623 34.1589 4.2
      vertex 78.8281 35.0228 4.2
      vertex 78.6707 35.2697 4.2
    endloop
  endfacet
  facet normal 0 0 1
    outer loop
      vertex 78.1623 34.1589 4.2
      vertex 78.6707 35.2697 4.2
      vertex 78.4673 35.4553 4.2
    endloop
  endfacet
  facet normal 0 0 1
    outer loop
      vertex 77.8084 34.9015 4.2
      vertex 78.4673 35.4553 4.2
      vertex 78.2139 35.5845 4.2
    endloop
  endfacet
  facet normal 0 0 1
    outer loop
      vertex 78.185 30.4569 4.2
      vertex 79.0299 33.4331 4.2
      vertex 78.185 33.7132 4.2
    endloop
  endfacet
  facet normal 0 0 1
    outer loop
      vertex 79.0299 33.4331 4.2
      vertex 78.185 30.4569 4.2
      vertex 79.0299 30.4569 4.2
    endloop
  endfacet
  facet normal -0 0 1
    outer loop
      vertex 81.1291 34.1589 4.2
      vertex 81.9967 33.8794 4.2
      vertex 81.9574 34.4617 4.2
    endloop
  endfacet
  facet normal 0 0 1
    outer loop
      vertex 81.1291 34.1589 4.2
      vertex 81.9574 34.4617 4.2
      vertex 81.8395 34.9237 4.2
    endloop
  endfacet
  facet normal 0 0 1
    outer loop
      vertex 81.1291 34.1589 4.2
      vertex 81.8395 34.9237 4.2
      vertex 81.643 35.2654 4.2
    endloop
  endfacet
  facet normal 0 0 1
    outer loop
      vertex 80.9476 34.7432 4.2
      vertex 81.643 35.2654 4.2
      vertex 81.3601 35.5001 4.2
    endloop
  endfacet
  facet normal 0 0 1
    outer loop
      vertex 81.9967 33.8794 4.2
      vertex 81.1518 33.7132 4.2
      vertex 81.9967 30.4569 4.2
    endloop
  endfacet
  facet normal 0 0 1
    outer loop
      vertex 81.9967 30.4569 4.2
      vertex 81.1518 33.7132 4.2
      vertex 81.1518 30.4569 4.2
    endloop
  endfacet
  facet normal -0 0 1
    outer loop
      vertex 36.5416 35.593 4.2
      vertex 35.7536 33.1056 4.2
      vertex 37.4957 35.593 4.2
    endloop
  endfacet
  facet normal 0 -0 1
    outer loop
      vertex 35.7536 33.1056 4.2
      vertex 36.5416 35.593 4.2
      vertex 35.2694 33.5946 4.2
    endloop
  endfacet
  facet normal 0 0 1
    outer loop
      vertex 35.7536 33.1056 4.2
      vertex 36.6508 30.4569 4.2
      vertex 37.6049 30.4569 4.2
    endloop
  endfacet
  facet normal 0 0 1
    outer loop
      vertex 34.7853 33.0962 4.2
      vertex 35.7536 33.1056 4.2
      vertex 35.2694 33.5946 4.2
    endloop
  endfacet
  facet normal 0 0 1
    outer loop
      vertex 35.7536 33.1056 4.2
      vertex 35.2694 32.5645 4.2
      vertex 36.6508 30.4569 4.2
    endloop
  endfacet
  facet normal 0 0 1
    outer loop
      vertex 35.7536 33.1056 4.2
      vertex 34.7853 33.0962 4.2
      vertex 35.2694 32.5645 4.2
    endloop
  endfacet
  facet normal 0 0 1
    outer loop
      vertex 33.9878 35.593 4.2
      vertex 34.7853 33.0962 4.2
      vertex 35.2694 33.5946 4.2
    endloop
  endfacet
  facet normal 0 0 1
    outer loop
      vertex 34.7853 33.0962 4.2
      vertex 33.9878 35.593 4.2
      vertex 33.0432 35.593 4.2
    endloop
  endfacet
  facet normal 0 0 1
    outer loop
      vertex 34.7853 33.0962 4.2
      vertex 33.8786 30.4569 4.2
      vertex 35.2694 32.5645 4.2
    endloop
  endfacet
  facet normal 0 -0 1
    outer loop
      vertex 33.8786 30.4569 4.2
      vertex 34.7853 33.0962 4.2
      vertex 32.9578 30.4569 4.2
    endloop
  endfacet
  facet normal -0 0 1
    outer loop
      vertex 51.6819 31.4965 4.2
      vertex 52.6075 30.4569 4.2
      vertex 52.6075 31.4965 4.2
    endloop
  endfacet
  facet normal 0 0 1
    outer loop
      vertex 52.6075 30.4569 4.2
      vertex 51.6819 31.4965 4.2
      vertex 51.6819 30.4569 4.2
    endloop
  endfacet
  facet normal -0.292795 0.956175 0
    outer loop
      vertex 10.398 30.5919 4.2
      vertex 9.83467 30.4194 5
      vertex 10.398 30.5919 5
    endloop
  endfacet
  facet normal -0.292795 0.956175 0
    outer loop
      vertex 9.83467 30.4194 5
      vertex 10.398 30.5919 4.2
      vertex 9.83467 30.4194 4.2
    endloop
  endfacet
  facet normal -0.538852 0.842401 0
    outer loop
      vertex 10.8473 30.8793 4.2
      vertex 10.398 30.5919 5
      vertex 10.8473 30.8793 5
    endloop
  endfacet
  facet normal -0.538852 0.842401 0
    outer loop
      vertex 10.398 30.5919 5
      vertex 10.8473 30.8793 4.2
      vertex 10.398 30.5919 4.2
    endloop
  endfacet
  facet normal -0.766528 0.642211 0
    outer loop
      vertex 10.8473 30.8793 4.2
      vertex 11.1743 31.2696 5
      vertex 11.1743 31.2696 4.2
    endloop
  endfacet
  facet normal -0.766528 0.642211 0
    outer loop
      vertex 11.1743 31.2696 5
      vertex 10.8473 30.8793 4.2
      vertex 10.8473 30.8793 5
    endloop
  endfacet
  facet normal -0.92596 0.377621 0
    outer loop
      vertex 11.1743 31.2696 4.2
      vertex 11.3705 31.7507 5
      vertex 11.3705 31.7507 4.2
    endloop
  endfacet
  facet normal -0.92596 0.377621 0
    outer loop
      vertex 11.3705 31.7507 5
      vertex 11.1743 31.2696 4.2
      vertex 11.1743 31.2696 5
    endloop
  endfacet
  facet normal -0.99352 0.113654 0
    outer loop
      vertex 11.3705 31.7507 4.2
      vertex 11.4359 32.3224 5
      vertex 11.4359 32.3224 4.2
    endloop
  endfacet
  facet normal -0.99352 0.113654 0
    outer loop
      vertex 11.4359 32.3224 5
      vertex 11.3705 31.7507 4.2
      vertex 11.3705 31.7507 5
    endloop
  endfacet
  facet normal -0.995507 -0.0946847 0
    outer loop
      vertex 11.4359 32.3224 4.2
      vertex 11.3964 32.7377 5
      vertex 11.3964 32.7377 4.2
    endloop
  endfacet
  facet normal -0.995507 -0.0946847 0
    outer loop
      vertex 11.3964 32.7377 5
      vertex 11.4359 32.3224 4.2
      vertex 11.4359 32.3224 5
    endloop
  endfacet
  facet normal -0.951299 -0.30827 0
    outer loop
      vertex 11.3964 32.7377 4.2
      vertex 11.2777 33.104 5
      vertex 11.2777 33.104 4.2
    endloop
  endfacet
  facet normal -0.951299 -0.30827 0
    outer loop
      vertex 11.2777 33.104 5
      vertex 11.3964 32.7377 4.2
      vertex 11.3964 32.7377 5
    endloop
  endfacet
  facet normal -0.848614 -0.529013 0
    outer loop
      vertex 11.2777 33.104 4.2
      vertex 11.0799 33.4213 5
      vertex 11.0799 33.4213 4.2
    endloop
  endfacet
  facet normal -0.848614 -0.529013 0
    outer loop
      vertex 11.0799 33.4213 5
      vertex 11.2777 33.104 4.2
      vertex 11.2777 33.104 5
    endloop
  endfacet
  facet normal -0.68882 -0.724932 0
    outer loop
      vertex 10.8109 33.6769 4.2
      vertex 11.0799 33.4213 5
      vertex 10.8109 33.6769 5
    endloop
  endfacet
  facet normal -0.68882 -0.724932 -0
    outer loop
      vertex 11.0799 33.4213 5
      vertex 10.8109 33.6769 4.2
      vertex 11.0799 33.4213 4.2
    endloop
  endfacet
  facet normal -0.478648 -0.878007 0
    outer loop
      vertex 10.4787 33.858 4.2
      vertex 10.8109 33.6769 5
      vertex 10.4787 33.858 5
    endloop
  endfacet
  facet normal -0.478648 -0.878007 -0
    outer loop
      vertex 10.8109 33.6769 5
      vertex 10.4787 33.858 4.2
      vertex 10.8109 33.6769 4.2
    endloop
  endfacet
  facet normal -0.260639 -0.965436 0
    outer loop
      vertex 10.0831 33.9648 4.2
      vertex 10.4787 33.858 5
      vertex 10.0831 33.9648 5
    endloop
  endfacet
  facet normal -0.260639 -0.965436 -0
    outer loop
      vertex 10.4787 33.858 5
      vertex 10.0831 33.9648 4.2
      vertex 10.4787 33.858 4.2
    endloop
  endfacet
  facet normal -1 0 0
    outer loop
      vertex 10.0831 33.9648 4.2
      vertex 10.0831 33.9838 5
      vertex 10.0831 33.9838 4.2
    endloop
  endfacet
  facet normal -1 -0 0
    outer loop
      vertex 10.0831 33.9838 5
      vertex 10.0831 33.9648 4.2
      vertex 10.0831 33.9648 5
    endloop
  endfacet
  facet normal -0.302027 0.953299 0
    outer loop
      vertex 10.4243 34.0919 4.2
      vertex 10.0831 33.9838 5
      vertex 10.4243 34.0919 5
    endloop
  endfacet
  facet normal -0.302027 0.953299 0
    outer loop
      vertex 10.0831 33.9838 5
      vertex 10.4243 34.0919 4.2
      vertex 10.0831 33.9838 4.2
    endloop
  endfacet
  facet normal -0.525343 0.850891 0
    outer loop
      vertex 10.7139 34.2707 4.2
      vertex 10.4243 34.0919 5
      vertex 10.7139 34.2707 5
    endloop
  endfacet
  facet normal -0.525343 0.850891 0
    outer loop
      vertex 10.4243 34.0919 5
      vertex 10.7139 34.2707 4.2
      vertex 10.4243 34.0919 4.2
    endloop
  endfacet
  facet normal -0.723593 0.690227 0
    outer loop
      vertex 10.7139 34.2707 4.2
      vertex 10.9518 34.5201 5
      vertex 10.9518 34.5201 4.2
    endloop
  endfacet
  facet normal -0.723593 0.690227 0
    outer loop
      vertex 10.9518 34.5201 5
      vertex 10.7139 34.2707 4.2
      vertex 10.7139 34.2707 5
    endloop
  endfacet
  facet normal -0.862603 0.505881 0
    outer loop
      vertex 10.9518 34.5201 4.2
      vertex 11.1285 34.8214 5
      vertex 11.1285 34.8214 4.2
    endloop
  endfacet
  facet normal -0.862603 0.505881 0
    outer loop
      vertex 11.1285 34.8214 5
      vertex 10.9518 34.5201 4.2
      vertex 10.9518 34.5201 5
    endloop
  endfacet
  facet normal -0.953098 0.302661 0
    outer loop
      vertex 11.1285 34.8214 4.2
      vertex 11.2345 35.1552 5
      vertex 11.2345 35.1552 4.2
    endloop
  endfacet
  facet normal -0.953098 0.302661 0
    outer loop
      vertex 11.2345 35.1552 5
      vertex 11.1285 34.8214 4.2
      vertex 11.1285 34.8214 5
    endloop
  endfacet
  facet normal -0.995396 0.0958469 0
    outer loop
      vertex 11.2345 35.1552 4.2
      vertex 11.2698 35.5218 5
      vertex 11.2698 35.5218 4.2
    endloop
  endfacet
  facet normal -0.995396 0.0958469 0
    outer loop
      vertex 11.2698 35.5218 5
      vertex 11.2345 35.1552 4.2
      vertex 11.2345 35.1552 5
    endloop
  endfacet
  facet normal -0.991777 -0.127978 0
    outer loop
      vertex 11.2698 35.5218 4.2
      vertex 11.2063 36.0139 5
      vertex 11.2063 36.0139 4.2
    endloop
  endfacet
  facet normal -0.991777 -0.127978 0
    outer loop
      vertex 11.2063 36.0139 5
      vertex 11.2698 35.5218 4.2
      vertex 11.2698 35.5218 5
    endloop
  endfacet
  facet normal -0.910277 -0.413999 0
    outer loop
      vertex 11.2063 36.0139 4.2
      vertex 11.0156 36.4332 5
      vertex 11.0156 36.4332 4.2
    endloop
  endfacet
  facet normal -0.910277 -0.413999 0
    outer loop
      vertex 11.0156 36.4332 5
      vertex 11.2063 36.0139 4.2
      vertex 11.2063 36.0139 5
    endloop
  endfacet
  facet normal -0.736969 -0.675927 0
    outer loop
      vertex 11.0156 36.4332 4.2
      vertex 10.6978 36.7797 5
      vertex 10.6978 36.7797 4.2
    endloop
  endfacet
  facet normal -0.736969 -0.675927 0
    outer loop
      vertex 10.6978 36.7797 5
      vertex 11.0156 36.4332 4.2
      vertex 11.0156 36.4332 5
    endloop
  endfacet
  facet normal -0.51729 -0.85581 0
    outer loop
      vertex 10.2703 37.0381 4.2
      vertex 10.6978 36.7797 5
      vertex 10.2703 37.0381 5
    endloop
  endfacet
  facet normal -0.51729 -0.85581 -0
    outer loop
      vertex 10.6978 36.7797 5
      vertex 10.2703 37.0381 4.2
      vertex 10.6978 36.7797 4.2
    endloop
  endfacet
  facet normal -0.285952 -0.958244 0
    outer loop
      vertex 9.75055 37.1932 4.2
      vertex 10.2703 37.0381 5
      vertex 9.75055 37.1932 5
    endloop
  endfacet
  facet normal -0.285952 -0.958244 -0
    outer loop
      vertex 10.2703 37.0381 5
      vertex 9.75055 37.1932 4.2
      vertex 10.2703 37.0381 4.2
    endloop
  endfacet
  facet normal -0.0841677 -0.996452 0
    outer loop
      vertex 9.13848 37.2449 4.2
      vertex 9.75055 37.1932 5
      vertex 9.13848 37.2449 5
    endloop
  endfacet
  facet normal -0.0841677 -0.996452 -0
    outer loop
      vertex 9.75055 37.1932 5
      vertex 9.13848 37.2449 4.2
      vertex 9.75055 37.1932 4.2
    endloop
  endfacet
  facet normal 0.0876545 -0.996151 0
    outer loop
      vertex 8.53957 37.1922 4.2
      vertex 9.13848 37.2449 5
      vertex 8.53957 37.1922 5
    endloop
  endfacet
  facet normal 0.0876545 -0.996151 0
    outer loop
      vertex 9.13848 37.2449 5
      vertex 8.53957 37.1922 4.2
      vertex 9.13848 37.2449 4.2
    endloop
  endfacet
  facet normal 0.295442 -0.955361 0
    outer loop
      vertex 8.02768 37.0339 4.2
      vertex 8.53957 37.1922 5
      vertex 8.02768 37.0339 5
    endloop
  endfacet
  facet normal 0.295442 -0.955361 0
    outer loop
      vertex 8.53957 37.1922 5
      vertex 8.02768 37.0339 4.2
      vertex 8.53957 37.1922 4.2
    endloop
  endfacet
  facet normal 0.527354 -0.849646 0
    outer loop
      vertex 7.60282 36.7702 4.2
      vertex 8.02768 37.0339 5
      vertex 7.60282 36.7702 5
    endloop
  endfacet
  facet normal 0.527354 -0.849646 0
    outer loop
      vertex 8.02768 37.0339 5
      vertex 7.60282 36.7702 4.2
      vertex 8.02768 37.0339 4.2
    endloop
  endfacet
  facet normal 0.739127 -0.673566 0
    outer loop
      vertex 7.28505 36.4215 5
      vertex 7.60282 36.7702 4.2
      vertex 7.60282 36.7702 5
    endloop
  endfacet
  facet normal 0.739127 -0.673566 0
    outer loop
      vertex 7.60282 36.7702 4.2
      vertex 7.28505 36.4215 5
      vertex 7.28505 36.4215 4.2
    endloop
  endfacet
  facet normal 0.907883 -0.419223 0
    outer loop
      vertex 7.09439 36.0086 5
      vertex 7.28505 36.4215 4.2
      vertex 7.28505 36.4215 5
    endloop
  endfacet
  facet normal 0.907883 -0.419223 0
    outer loop
      vertex 7.28505 36.4215 4.2
      vertex 7.09439 36.0086 5
      vertex 7.09439 36.0086 4.2
    endloop
  endfacet
  facet normal 0.991252 -0.13198 0
    outer loop
      vertex 7.03084 35.5313 5
      vertex 7.09439 36.0086 4.2
      vertex 7.09439 36.0086 5
    endloop
  endfacet
  facet normal 0.991252 -0.13198 0
    outer loop
      vertex 7.09439 36.0086 4.2
      vertex 7.03084 35.5313 5
      vertex 7.03084 35.5313 4.2
    endloop
  endfacet
  facet normal 0.995455 0.0952281 0
    outer loop
      vertex 7.06591 35.1647 5
      vertex 7.03084 35.5313 4.2
      vertex 7.03084 35.5313 5
    endloop
  endfacet
  facet normal 0.995455 0.0952281 0
    outer loop
      vertex 7.03084 35.5313 4.2
      vertex 7.06591 35.1647 5
      vertex 7.06591 35.1647 4.2
    endloop
  endfacet
  facet normal 0.953781 0.300502 0
    outer loop
      vertex 7.17111 34.8308 5
      vertex 7.06591 35.1647 4.2
      vertex 7.06591 35.1647 5
    endloop
  endfacet
  facet normal 0.953781 0.300502 0
    outer loop
      vertex 7.06591 35.1647 4.2
      vertex 7.17111 34.8308 5
      vertex 7.17111 34.8308 4.2
    endloop
  endfacet
  facet normal 0.864131 0.503268 0
    outer loop
      vertex 7.34647 34.5297 5
      vertex 7.17111 34.8308 4.2
      vertex 7.17111 34.8308 5
    endloop
  endfacet
  facet normal 0.864131 0.503268 0
    outer loop
      vertex 7.17111 34.8308 4.2
      vertex 7.34647 34.5297 5
      vertex 7.34647 34.5297 4.2
    endloop
  endfacet
  facet normal 0.729284 0.684211 0
    outer loop
      vertex 7.58252 34.2781 5
      vertex 7.34647 34.5297 4.2
      vertex 7.34647 34.5297 5
    endloop
  endfacet
  facet normal 0.729284 0.684211 0
    outer loop
      vertex 7.34647 34.5297 4.2
      vertex 7.58252 34.2781 5
      vertex 7.58252 34.2781 4.2
    endloop
  endfacet
  facet normal 0.541734 0.84055 -0
    outer loop
      vertex 7.86972 34.093 4.2
      vertex 7.58252 34.2781 5
      vertex 7.86972 34.093 5
    endloop
  endfacet
  facet normal 0.541734 0.84055 0
    outer loop
      vertex 7.58252 34.2781 5
      vertex 7.86972 34.093 4.2
      vertex 7.58252 34.2781 4.2
    endloop
  endfacet
  facet normal 0.331014 0.943626 -0
    outer loop
      vertex 8.2081 33.9743 4.2
      vertex 7.86972 34.093 5
      vertex 8.2081 33.9743 5
    endloop
  endfacet
  facet normal 0.331014 0.943626 0
    outer loop
      vertex 7.86972 34.093 5
      vertex 8.2081 33.9743 4.2
      vertex 7.86972 34.093 4.2
    endloop
  endfacet
  facet normal 1 -0 0
    outer loop
      vertex 8.2081 33.9553 5
      vertex 8.2081 33.9743 4.2
      vertex 8.2081 33.9743 5
    endloop
  endfacet
  facet normal 1 0 0
    outer loop
      vertex 8.2081 33.9743 4.2
      vertex 8.2081 33.9553 5
      vertex 8.2081 33.9553 4.2
    endloop
  endfacet
  facet normal 0.269163 -0.963095 0
    outer loop
      vertex 7.84206 33.853 4.2
      vertex 8.2081 33.9553 5
      vertex 7.84206 33.853 5
    endloop
  endfacet
  facet normal 0.269163 -0.963095 0
    outer loop
      vertex 8.2081 33.9553 5
      vertex 7.84206 33.853 4.2
      vertex 8.2081 33.9553 4.2
    endloop
  endfacet
  facet normal 0.491508 -0.870873 0
    outer loop
      vertex 7.52242 33.6726 4.2
      vertex 7.84206 33.853 5
      vertex 7.52242 33.6726 5
    endloop
  endfacet
  facet normal 0.491508 -0.870873 0
    outer loop
      vertex 7.84206 33.853 5
      vertex 7.52242 33.6726 4.2
      vertex 7.84206 33.853 4.2
    endloop
  endfacet
  facet normal 0.687075 -0.726587 0
    outer loop
      vertex 7.24916 33.4142 4.2
      vertex 7.52242 33.6726 5
      vertex 7.24916 33.4142 5
    endloop
  endfacet
  facet normal 0.687075 -0.726587 0
    outer loop
      vertex 7.52242 33.6726 5
      vertex 7.24916 33.4142 4.2
      vertex 7.52242 33.6726 4.2
    endloop
  endfacet
  facet normal 0.838617 -0.544722 0
    outer loop
      vertex 7.04085 33.0935 5
      vertex 7.24916 33.4142 4.2
      vertex 7.24916 33.4142 5
    endloop
  endfacet
  facet normal 0.838617 -0.544722 0
    outer loop
      vertex 7.24916 33.4142 4.2
      vertex 7.04085 33.0935 5
      vertex 7.04085 33.0935 4.2
    endloop
  endfacet
  facet normal 0.946626 -0.322333 0
    outer loop
      vertex 6.91585 32.7264 5
      vertex 7.04085 33.0935 4.2
      vertex 7.04085 33.0935 5
    endloop
  endfacet
  facet normal 0.946626 -0.322333 0
    outer loop
      vertex 7.04085 33.0935 4.2
      vertex 6.91585 32.7264 5
      vertex 6.91585 32.7264 4.2
    endloop
  endfacet
  facet normal 0.994961 -0.100266 0
    outer loop
      vertex 6.87418 32.3129 5
      vertex 6.91585 32.7264 4.2
      vertex 6.91585 32.7264 5
    endloop
  endfacet
  facet normal 0.994961 -0.100266 0
    outer loop
      vertex 6.91585 32.7264 4.2
      vertex 6.87418 32.3129 5
      vertex 6.87418 32.3129 4.2
    endloop
  endfacet
  facet normal 0.993253 0.115969 0
    outer loop
      vertex 6.94142 31.737 5
      vertex 6.87418 32.3129 4.2
      vertex 6.87418 32.3129 5
    endloop
  endfacet
  facet normal 0.993253 0.115969 0
    outer loop
      vertex 6.87418 32.3129 4.2
      vertex 6.94142 31.737 5
      vertex 6.94142 31.737 4.2
    endloop
  endfacet
  facet normal 0.922174 0.386776 0
    outer loop
      vertex 7.14316 31.256 5
      vertex 6.94142 31.737 4.2
      vertex 6.94142 31.737 5
    endloop
  endfacet
  facet normal 0.922174 0.386776 0
    outer loop
      vertex 6.94142 31.737 4.2
      vertex 7.14316 31.256 5
      vertex 7.14316 31.256 4.2
    endloop
  endfacet
  facet normal 0.754121 0.656736 0
    outer loop
      vertex 7.4794 30.8699 5
      vertex 7.14316 31.256 4.2
      vertex 7.14316 31.256 5
    endloop
  endfacet
  facet normal 0.754121 0.656736 0
    outer loop
      vertex 7.14316 31.256 4.2
      vertex 7.4794 30.8699 5
      vertex 7.4794 30.8699 4.2
    endloop
  endfacet
  facet normal 0.52669 0.850057 -0
    outer loop
      vertex 7.93486 30.5877 4.2
      vertex 7.4794 30.8699 5
      vertex 7.93486 30.5877 5
    endloop
  endfacet
  facet normal 0.52669 0.850057 0
    outer loop
      vertex 7.4794 30.8699 5
      vertex 7.93486 30.5877 4.2
      vertex 7.4794 30.8699 4.2
    endloop
  endfacet
  facet normal 0.289689 0.957121 -0
    outer loop
      vertex 8.49422 30.4184 4.2
      vertex 7.93486 30.5877 5
      vertex 8.49422 30.4184 5
    endloop
  endfacet
  facet normal 0.289689 0.957121 0
    outer loop
      vertex 7.93486 30.5877 5
      vertex 8.49422 30.4184 4.2
      vertex 7.93486 30.5877 4.2
    endloop
  endfacet
  facet normal 0.0847338 0.996404 -0
    outer loop
      vertex 9.15744 30.362 4.2
      vertex 8.49422 30.4184 5
      vertex 9.15744 30.362 5
    endloop
  endfacet
  facet normal 0.0847338 0.996404 0
    outer loop
      vertex 8.49422 30.4184 5
      vertex 9.15744 30.362 4.2
      vertex 8.49422 30.4184 4.2
    endloop
  endfacet
  facet normal -0.0844542 0.996427 0
    outer loop
      vertex 9.83467 30.4194 4.2
      vertex 9.15744 30.362 5
      vertex 9.83467 30.4194 5
    endloop
  endfacet
  facet normal -0.0844542 0.996427 0
    outer loop
      vertex 9.15744 30.362 5
      vertex 9.83467 30.4194 4.2
      vertex 9.15744 30.362 4.2
    endloop
  endfacet
  facet normal -0.311587 -0.950217 0
    outer loop
      vertex 8.47602 34.431 4.2
      vertex 8.7822 34.3306 5
      vertex 8.47602 34.431 5
    endloop
  endfacet
  facet normal -0.311587 -0.950217 -0
    outer loop
      vertex 8.7822 34.3306 5
      vertex 8.47602 34.431 4.2
      vertex 8.7822 34.3306 4.2
    endloop
  endfacet
  facet normal -0.561925 -0.827188 0
    outer loop
      vertex 8.22945 34.5985 4.2
      vertex 8.47602 34.431 5
      vertex 8.22945 34.5985 5
    endloop
  endfacet
  facet normal -0.561925 -0.827188 -0
    outer loop
      vertex 8.47602 34.431 5
      vertex 8.22945 34.5985 4.2
      vertex 8.47602 34.431 4.2
    endloop
  endfacet
  facet normal -0.788145 -0.615489 0
    outer loop
      vertex 8.22945 34.5985 4.2
      vertex 8.04882 34.8298 5
      vertex 8.04882 34.8298 4.2
    endloop
  endfacet
  facet normal -0.788145 -0.615489 0
    outer loop
      vertex 8.04882 34.8298 5
      vertex 8.22945 34.5985 4.2
      vertex 8.22945 34.5985 5
    endloop
  endfacet
  facet normal -0.937457 -0.348102 0
    outer loop
      vertex 8.04882 34.8298 4.2
      vertex 7.94043 35.1217 5
      vertex 7.94043 35.1217 4.2
    endloop
  endfacet
  facet normal -0.937457 -0.348102 0
    outer loop
      vertex 7.94043 35.1217 5
      vertex 8.04882 34.8298 4.2
      vertex 8.04882 34.8298 5
    endloop
  endfacet
  facet normal -0.994791 -0.101934 0
    outer loop
      vertex 7.94043 35.1217 4.2
      vertex 7.9043 35.4743 5
      vertex 7.9043 35.4743 4.2
    endloop
  endfacet
  facet normal -0.994791 -0.101934 0
    outer loop
      vertex 7.9043 35.4743 5
      vertex 7.94043 35.1217 4.2
      vertex 7.94043 35.1217 5
    endloop
  endfacet
  facet normal -0.994891 0.100958 0
    outer loop
      vertex 7.9043 35.4743 4.2
      vertex 7.93936 35.8198 5
      vertex 7.93936 35.8198 4.2
    endloop
  endfacet
  facet normal -0.994891 0.100958 0
    outer loop
      vertex 7.93936 35.8198 5
      vertex 7.9043 35.4743 4.2
      vertex 7.9043 35.4743 5
    endloop
  endfacet
  facet normal -0.937402 0.348249 0
    outer loop
      vertex 7.93936 35.8198 4.2
      vertex 8.04457 36.103 5
      vertex 8.04457 36.103 4.2
    endloop
  endfacet
  facet normal -0.937402 0.348249 0
    outer loop
      vertex 8.04457 36.103 5
      vertex 7.93936 35.8198 4.2
      vertex 7.93936 35.8198 5
    endloop
  endfacet
  facet normal -0.783352 0.621578 0
    outer loop
      vertex 8.04457 36.103 4.2
      vertex 8.21993 36.324 5
      vertex 8.21993 36.324 4.2
    endloop
  endfacet
  facet normal -0.783352 0.621578 0
    outer loop
      vertex 8.21993 36.324 5
      vertex 8.04457 36.103 4.2
      vertex 8.04457 36.103 5
    endloop
  endfacet
  facet normal -0.546589 0.837401 0
    outer loop
      vertex 8.4623 36.4822 4.2
      vertex 8.21993 36.324 5
      vertex 8.4623 36.4822 5
    endloop
  endfacet
  facet normal -0.546589 0.837401 0
    outer loop
      vertex 8.21993 36.324 5
      vertex 8.4623 36.4822 4.2
      vertex 8.21993 36.324 4.2
    endloop
  endfacet
  facet normal -0.296338 0.955083 0
    outer loop
      vertex 8.76848 36.5772 4.2
      vertex 8.4623 36.4822 5
      vertex 8.76848 36.5772 5
    endloop
  endfacet
  facet normal -0.296338 0.955083 0
    outer loop
      vertex 8.4623 36.4822 5
      vertex 8.76848 36.5772 4.2
      vertex 8.4623 36.4822 4.2
    endloop
  endfacet
  facet normal -0.0850956 0.996373 0
    outer loop
      vertex 9.13848 36.6088 4.2
      vertex 8.76848 36.5772 5
      vertex 9.13848 36.6088 5
    endloop
  endfacet
  facet normal -0.0850956 0.996373 0
    outer loop
      vertex 8.76848 36.5772 5
      vertex 9.13848 36.6088 4.2
      vertex 8.76848 36.5772 4.2
    endloop
  endfacet
  facet normal 0.179404 0.983775 -0
    outer loop
      vertex 9.82941 36.4828 4.2
      vertex 9.13848 36.6088 5
      vertex 9.82941 36.4828 5
    endloop
  endfacet
  facet normal 0.179404 0.983775 0
    outer loop
      vertex 9.13848 36.6088 5
      vertex 9.82941 36.4828 4.2
      vertex 9.13848 36.6088 4.2
    endloop
  endfacet
  facet normal 0.67394 0.738786 -0
    outer loop
      vertex 10.244 36.1046 4.2
      vertex 9.82941 36.4828 5
      vertex 10.244 36.1046 5
    endloop
  endfacet
  facet normal 0.67394 0.738786 0
    outer loop
      vertex 9.82941 36.4828 5
      vertex 10.244 36.1046 4.2
      vertex 9.82941 36.4828 4.2
    endloop
  endfacet
  facet normal 0.976796 0.214173 0
    outer loop
      vertex 10.3822 35.4743 5
      vertex 10.244 36.1046 4.2
      vertex 10.244 36.1046 5
    endloop
  endfacet
  facet normal 0.976796 0.214173 0
    outer loop
      vertex 10.244 36.1046 4.2
      vertex 10.3822 35.4743 5
      vertex 10.3822 35.4743 4.2
    endloop
  endfacet
  facet normal 0.995678 -0.0928735 0
    outer loop
      vertex 10.3471 35.098 5
      vertex 10.3822 35.4743 4.2
      vertex 10.3822 35.4743 5
    endloop
  endfacet
  facet normal 0.995678 -0.0928735 0
    outer loop
      vertex 10.3822 35.4743 4.2
      vertex 10.3471 35.098 5
      vertex 10.3471 35.098 4.2
    endloop
  endfacet
  facet normal 0.943628 -0.331009 0
    outer loop
      vertex 10.2419 34.7981 5
      vertex 10.3471 35.098 4.2
      vertex 10.3471 35.098 5
    endloop
  endfacet
  facet normal 0.943628 -0.331009 0
    outer loop
      vertex 10.3471 35.098 4.2
      vertex 10.2419 34.7981 5
      vertex 10.2419 34.7981 4.2
    endloop
  endfacet
  facet normal 0.786404 -0.617713 0
    outer loop
      vertex 10.0665 34.5748 5
      vertex 10.2419 34.7981 4.2
      vertex 10.2419 34.7981 5
    endloop
  endfacet
  facet normal 0.786404 -0.617713 0
    outer loop
      vertex 10.2419 34.7981 4.2
      vertex 10.0665 34.5748 5
      vertex 10.0665 34.5748 4.2
    endloop
  endfacet
  facet normal 0.537035 -0.84356 0
    outer loop
      vertex 9.82413 34.4205 4.2
      vertex 10.0665 34.5748 5
      vertex 9.82413 34.4205 5
    endloop
  endfacet
  facet normal 0.537035 -0.84356 0
    outer loop
      vertex 10.0665 34.5748 5
      vertex 9.82413 34.4205 4.2
      vertex 10.0665 34.5748 4.2
    endloop
  endfacet
  facet normal 0.289513 -0.957174 0
    outer loop
      vertex 9.51798 34.3279 4.2
      vertex 9.82413 34.4205 5
      vertex 9.51798 34.3279 5
    endloop
  endfacet
  facet normal 0.289513 -0.957174 0
    outer loop
      vertex 9.82413 34.4205 5
      vertex 9.51798 34.3279 4.2
      vertex 9.82413 34.4205 4.2
    endloop
  endfacet
  facet normal 0.0829608 -0.996553 0
    outer loop
      vertex 9.148 34.2971 4.2
      vertex 9.51798 34.3279 5
      vertex 9.148 34.2971 5
    endloop
  endfacet
  facet normal 0.0829608 -0.996553 0
    outer loop
      vertex 9.51798 34.3279 5
      vertex 9.148 34.2971 4.2
      vertex 9.51798 34.3279 4.2
    endloop
  endfacet
  facet normal -0.0911985 -0.995833 0
    outer loop
      vertex 8.7822 34.3306 4.2
      vertex 9.148 34.2971 5
      vertex 8.7822 34.3306 5
    endloop
  endfacet
  facet normal -0.0911985 -0.995833 -0
    outer loop
      vertex 9.148 34.2971 5
      vertex 8.7822 34.3306 4.2
      vertex 9.148 34.2971 4.2
    endloop
  endfacet
  facet normal -0.699881 -0.714259 0
    outer loop
      vertex 7.91374 31.6167 4.2
      vertex 8.3837 31.1562 5
      vertex 7.91374 31.6167 5
    endloop
  endfacet
  facet normal -0.699881 -0.714259 -0
    outer loop
      vertex 8.3837 31.1562 5
      vertex 7.91374 31.6167 4.2
      vertex 8.3837 31.1562 4.2
    endloop
  endfacet
  facet normal -0.979797 -0.199994 0
    outer loop
      vertex 7.91374 31.6167 4.2
      vertex 7.7571 32.3841 5
      vertex 7.7571 32.3841 4.2
    endloop
  endfacet
  facet normal -0.979797 -0.199994 0
    outer loop
      vertex 7.7571 32.3841 5
      vertex 7.91374 31.6167 4.2
      vertex 7.91374 31.6167 5
    endloop
  endfacet
  facet normal -0.99395 0.109838 0
    outer loop
      vertex 7.7571 32.3841 4.2
      vertex 7.7977 32.7515 5
      vertex 7.7977 32.7515 4.2
    endloop
  endfacet
  facet normal -0.99395 0.109838 0
    outer loop
      vertex 7.7977 32.7515 5
      vertex 7.7571 32.3841 4.2
      vertex 7.7571 32.3841 5
    endloop
  endfacet
  facet normal -0.931036 0.364928 0
    outer loop
      vertex 7.7977 32.7515 4.2
      vertex 7.91956 33.0624 5
      vertex 7.91956 33.0624 4.2
    endloop
  endfacet
  facet normal -0.931036 0.364928 0
    outer loop
      vertex 7.91956 33.0624 5
      vertex 7.7977 32.7515 4.2
      vertex 7.7977 32.7515 5
    endloop
  endfacet
  facet normal -0.781647 0.623721 0
    outer loop
      vertex 7.91956 33.0624 4.2
      vertex 8.12264 33.3169 5
      vertex 8.12264 33.3169 4.2
    endloop
  endfacet
  facet normal -0.781647 0.623721 0
    outer loop
      vertex 8.12264 33.3169 5
      vertex 7.91956 33.0624 4.2
      vertex 7.91956 33.0624 5
    endloop
  endfacet
  facet normal -0.564921 0.825145 0
    outer loop
      vertex 8.39797 33.5054 4.2
      vertex 8.12264 33.3169 5
      vertex 8.39797 33.5054 5
    endloop
  endfacet
  facet normal -0.564921 0.825145 0
    outer loop
      vertex 8.12264 33.3169 5
      vertex 8.39797 33.5054 4.2
      vertex 8.12264 33.3169 4.2
    endloop
  endfacet
  facet normal -0.31706 0.948406 0
    outer loop
      vertex 8.73658 33.6186 4.2
      vertex 8.39797 33.5054 5
      vertex 8.73658 33.6186 5
    endloop
  endfacet
  facet normal -0.31706 0.948406 0
    outer loop
      vertex 8.39797 33.5054 5
      vertex 8.73658 33.6186 4.2
      vertex 8.39797 33.5054 4.2
    endloop
  endfacet
  facet normal -0.0933944 0.995629 0
    outer loop
      vertex 9.13848 33.6563 4.2
      vertex 8.73658 33.6186 5
      vertex 9.13848 33.6563 5
    endloop
  endfacet
  facet normal -0.0933944 0.995629 0
    outer loop
      vertex 8.73658 33.6186 5
      vertex 9.13848 33.6563 4.2
      vertex 8.73658 33.6186 4.2
    endloop
  endfacet
  facet normal 0.0846948 0.996407 -0
    outer loop
      vertex 9.55142 33.6212 4.2
      vertex 9.13848 33.6563 5
      vertex 9.55142 33.6212 5
    endloop
  endfacet
  facet normal 0.0846948 0.996407 0
    outer loop
      vertex 9.13848 33.6563 5
      vertex 9.55142 33.6212 4.2
      vertex 9.13848 33.6563 4.2
    endloop
  endfacet
  facet normal 0.290513 0.956871 -0
    outer loop
      vertex 9.89792 33.516 4.2
      vertex 9.55142 33.6212 5
      vertex 9.89792 33.516 5
    endloop
  endfacet
  facet normal 0.290513 0.956871 0
    outer loop
      vertex 9.55142 33.6212 5
      vertex 9.89792 33.516 4.2
      vertex 9.55142 33.6212 4.2
    endloop
  endfacet
  facet normal 0.53076 0.847522 -0
    outer loop
      vertex 10.178 33.3406 4.2
      vertex 9.89792 33.516 5
      vertex 10.178 33.3406 5
    endloop
  endfacet
  facet normal 0.53076 0.847522 0
    outer loop
      vertex 9.89792 33.516 5
      vertex 10.178 33.3406 4.2
      vertex 9.89792 33.516 4.2
    endloop
  endfacet
  facet normal 0.765082 0.643933 0
    outer loop
      vertex 10.3837 33.0962 5
      vertex 10.178 33.3406 4.2
      vertex 10.178 33.3406 5
    endloop
  endfacet
  facet normal 0.765082 0.643933 0
    outer loop
      vertex 10.178 33.3406 4.2
      vertex 10.3837 33.0962 5
      vertex 10.3837 33.0962 4.2
    endloop
  endfacet
  facet normal 0.93011 0.367282 0
    outer loop
      vertex 10.5071 32.7837 5
      vertex 10.3837 33.0962 4.2
      vertex 10.3837 33.0962 5
    endloop
  endfacet
  facet normal 0.93011 0.367282 0
    outer loop
      vertex 10.3837 33.0962 4.2
      vertex 10.5071 32.7837 5
      vertex 10.5071 32.7837 4.2
    endloop
  endfacet
  facet normal 0.994192 0.107621 0
    outer loop
      vertex 10.5483 32.4031 5
      vertex 10.5071 32.7837 4.2
      vertex 10.5071 32.7837 5
    endloop
  endfacet
  facet normal 0.994192 0.107621 0
    outer loop
      vertex 10.5071 32.7837 4.2
      vertex 10.5483 32.4031 5
      vertex 10.5483 32.4031 4.2
    endloop
  endfacet
  facet normal 0.996346 -0.0854075 0
    outer loop
      vertex 10.5103 31.9598 5
      vertex 10.5483 32.4031 4.2
      vertex 10.5483 32.4031 5
    endloop
  endfacet
  facet normal 0.996346 -0.0854075 0
    outer loop
      vertex 10.5483 32.4031 4.2
      vertex 10.5103 31.9598 5
      vertex 10.5103 31.9598 4.2
    endloop
  endfacet
  facet normal 0.952162 -0.305593 0
    outer loop
      vertex 10.3963 31.6046 5
      vertex 10.5103 31.9598 4.2
      vertex 10.5103 31.9598 5
    endloop
  endfacet
  facet normal 0.952162 -0.305593 0
    outer loop
      vertex 10.5103 31.9598 4.2
      vertex 10.3963 31.6046 5
      vertex 10.3963 31.6046 4.2
    endloop
  endfacet
  facet normal 0.815256 -0.5791 0
    outer loop
      vertex 10.2065 31.3374 5
      vertex 10.3963 31.6046 4.2
      vertex 10.3963 31.6046 5
    endloop
  endfacet
  facet normal 0.815256 -0.5791 0
    outer loop
      vertex 10.3963 31.6046 4.2
      vertex 10.2065 31.3374 5
      vertex 10.2065 31.3374 4.2
    endloop
  endfacet
  facet normal 0.570778 -0.821104 0
    outer loop
      vertex 9.93907 31.1515 4.2
      vertex 10.2065 31.3374 5
      vertex 9.93907 31.1515 5
    endloop
  endfacet
  facet normal 0.570778 -0.821104 0
    outer loop
      vertex 10.2065 31.3374 5
      vertex 9.93907 31.1515 4.2
      vertex 10.2065 31.3374 4.2
    endloop
  endfacet
  facet normal 0.306577 -0.951846 0
    outer loop
      vertex 9.59258 31.0399 4.2
      vertex 9.93907 31.1515 5
      vertex 9.59258 31.0399 5
    endloop
  endfacet
  facet normal 0.306577 -0.951846 0
    outer loop
      vertex 9.93907 31.1515 5
      vertex 9.59258 31.0399 4.2
      vertex 9.93907 31.1515 4.2
    endloop
  endfacet
  facet normal 0.08707 -0.996202 0
    outer loop
      vertex 9.16696 31.0027 4.2
      vertex 9.59258 31.0399 5
      vertex 9.16696 31.0027 5
    endloop
  endfacet
  facet normal 0.08707 -0.996202 0
    outer loop
      vertex 9.59258 31.0399 5
      vertex 9.16696 31.0027 4.2
      vertex 9.59258 31.0399 4.2
    endloop
  endfacet
  facet normal -0.192317 -0.981333 0
    outer loop
      vertex 8.3837 31.1562 4.2
      vertex 9.16696 31.0027 5
      vertex 8.3837 31.1562 5
    endloop
  endfacet
  facet normal -0.192317 -0.981333 -0
    outer loop
      vertex 9.16696 31.0027 5
      vertex 8.3837 31.1562 4.2
      vertex 9.16696 31.0027 4.2
    endloop
  endfacet
  facet normal -0.451566 0.892238 0
    outer loop
      vertex 62.6918 30.7544 4.2
      vertex 62.1103 30.4601 5
      vertex 62.6918 30.7544 5
    endloop
  endfacet
  facet normal -0.451566 0.892238 0
    outer loop
      vertex 62.1103 30.4601 5
      vertex 62.6918 30.7544 4.2
      vertex 62.1103 30.4601 4.2
    endloop
  endfacet
  facet normal -0.732097 0.681201 0
    outer loop
      vertex 62.6918 30.7544 4.2
      vertex 63.1482 31.2449 5
      vertex 63.1482 31.2449 4.2
    endloop
  endfacet
  facet normal -0.732097 0.681201 0
    outer loop
      vertex 63.1482 31.2449 5
      vertex 62.6918 30.7544 4.2
      vertex 62.6918 30.7544 5
    endloop
  endfacet
  facet normal -0.899656 0.4366 0
    outer loop
      vertex 63.1482 31.2449 4.2
      vertex 63.4766 31.9216 5
      vertex 63.4766 31.9216 4.2
    endloop
  endfacet
  facet normal -0.899656 0.4366 0
    outer loop
      vertex 63.4766 31.9216 5
      vertex 63.1482 31.2449 4.2
      vertex 63.1482 31.2449 5
    endloop
  endfacet
  facet normal -0.974341 0.225076 0
    outer loop
      vertex 63.4766 31.9216 4.2
      vertex 63.6736 32.7744 5
      vertex 63.6736 32.7744 4.2
    endloop
  endfacet
  facet normal -0.974341 0.225076 0
    outer loop
      vertex 63.6736 32.7744 5
      vertex 63.4766 31.9216 4.2
      vertex 63.4766 31.9216 5
    endloop
  endfacet
  facet normal -0.997974 0.0636221 0
    outer loop
      vertex 63.6736 32.7744 4.2
      vertex 63.7392 33.8034 5
      vertex 63.7392 33.8034 4.2
    endloop
  endfacet
  facet normal -0.997974 0.0636221 0
    outer loop
      vertex 63.7392 33.8034 5
      vertex 63.6736 32.7744 4.2
      vertex 63.6736 32.7744 5
    endloop
  endfacet
  facet normal -0.99821 -0.0597989 0
    outer loop
      vertex 63.7392 33.8034 4.2
      vertex 63.6767 34.8467 5
      vertex 63.6767 34.8467 4.2
    endloop
  endfacet
  facet normal -0.99821 -0.0597989 0
    outer loop
      vertex 63.6767 34.8467 5
      vertex 63.7392 33.8034 4.2
      vertex 63.7392 33.8034 5
    endloop
  endfacet
  facet normal -0.976924 -0.213588 0
    outer loop
      vertex 63.6767 34.8467 4.2
      vertex 63.4892 35.7043 5
      vertex 63.4892 35.7043 4.2
    endloop
  endfacet
  facet normal -0.976924 -0.213588 0
    outer loop
      vertex 63.4892 35.7043 5
      vertex 63.6767 34.8467 4.2
      vertex 63.6767 34.8467 5
    endloop
  endfacet
  facet normal -0.906727 -0.421718 0
    outer loop
      vertex 63.4892 35.7043 4.2
      vertex 63.1767 36.3762 5
      vertex 63.1767 36.3762 4.2
    endloop
  endfacet
  facet normal -0.906727 -0.421718 0
    outer loop
      vertex 63.1767 36.3762 5
      vertex 63.4892 35.7043 4.2
      vertex 63.4892 35.7043 5
    endloop
  endfacet
  facet normal -0.736077 -0.676898 0
    outer loop
      vertex 63.1767 36.3762 4.2
      vertex 62.7329 36.8588 5
      vertex 62.7329 36.8588 4.2
    endloop
  endfacet
  facet normal -0.736077 -0.676898 0
    outer loop
      vertex 62.7329 36.8588 5
      vertex 63.1767 36.3762 4.2
      vertex 63.1767 36.3762 5
    endloop
  endfacet
  facet normal -0.445797 -0.895134 0
    outer loop
      vertex 62.1514 37.1484 4.2
      vertex 62.7329 36.8588 5
      vertex 62.1514 37.1484 5
    endloop
  endfacet
  facet normal -0.445797 -0.895134 -0
    outer loop
      vertex 62.7329 36.8588 5
      vertex 62.1514 37.1484 4.2
      vertex 62.7329 36.8588 4.2
    endloop
  endfacet
  facet normal -0.133003 -0.991116 0
    outer loop
      vertex 61.4323 37.2449 4.2
      vertex 62.1514 37.1484 5
      vertex 61.4323 37.2449 5
    endloop
  endfacet
  facet normal -0.133003 -0.991116 -0
    outer loop
      vertex 62.1514 37.1484 5
      vertex 61.4323 37.2449 4.2
      vertex 62.1514 37.1484 4.2
    endloop
  endfacet
  facet normal 0.128402 -0.991722 0
    outer loop
      vertex 60.6947 37.1494 4.2
      vertex 61.4323 37.2449 5
      vertex 60.6947 37.1494 5
    endloop
  endfacet
  facet normal 0.128402 -0.991722 0
    outer loop
      vertex 61.4323 37.2449 5
      vertex 60.6947 37.1494 4.2
      vertex 61.4323 37.2449 4.2
    endloop
  endfacet
  facet normal 0.43514 -0.900363 0
    outer loop
      vertex 60.1021 36.863 4.2
      vertex 60.6947 37.1494 5
      vertex 60.1021 36.863 5
    endloop
  endfacet
  facet normal 0.43514 -0.900363 0
    outer loop
      vertex 60.6947 37.1494 5
      vertex 60.1021 36.863 4.2
      vertex 60.6947 37.1494 4.2
    endloop
  endfacet
  facet normal 0.729513 -0.683967 0
    outer loop
      vertex 59.6546 36.3857 5
      vertex 60.1021 36.863 4.2
      vertex 60.1021 36.863 5
    endloop
  endfacet
  facet normal 0.729513 -0.683967 0
    outer loop
      vertex 60.1021 36.863 4.2
      vertex 59.6546 36.3857 5
      vertex 59.6546 36.3857 4.2
    endloop
  endfacet
  facet normal 0.905979 -0.423323 0
    outer loop
      vertex 59.3421 35.7169 5
      vertex 59.6546 36.3857 4.2
      vertex 59.6546 36.3857 5
    endloop
  endfacet
  facet normal 0.905979 -0.423323 0
    outer loop
      vertex 59.6546 36.3857 4.2
      vertex 59.3421 35.7169 5
      vertex 59.3421 35.7169 4.2
    endloop
  endfacet
  facet normal 0.977084 -0.212854 0
    outer loop
      vertex 59.1546 34.8562 5
      vertex 59.3421 35.7169 4.2
      vertex 59.3421 35.7169 5
    endloop
  endfacet
  facet normal 0.977084 -0.212854 0
    outer loop
      vertex 59.3421 35.7169 4.2
      vertex 59.1546 34.8562 5
      vertex 59.1546 34.8562 4.2
    endloop
  endfacet
  facet normal 0.998243 -0.0592612 0
    outer loop
      vertex 59.0921 33.8034 5
      vertex 59.1546 34.8562 4.2
      vertex 59.1546 34.8562 5
    endloop
  endfacet
  facet normal 0.998243 -0.0592612 0
    outer loop
      vertex 59.1546 34.8562 4.2
      vertex 59.0921 33.8034 5
      vertex 59.0921 33.8034 4.2
    endloop
  endfacet
  facet normal 0.998071 0.0620837 0
    outer loop
      vertex 59.1564 32.7697 5
      vertex 59.0921 33.8034 4.2
      vertex 59.0921 33.8034 5
    endloop
  endfacet
  facet normal 0.998071 0.0620837 0
    outer loop
      vertex 59.0921 33.8034 4.2
      vertex 59.1564 32.7697 5
      vertex 59.1564 32.7697 4.2
    endloop
  endfacet
  facet normal 0.975405 0.220422 0
    outer loop
      vertex 59.3495 31.9152 5
      vertex 59.1564 32.7697 4.2
      vertex 59.1564 32.7697 5
    endloop
  endfacet
  facet normal 0.975405 0.220422 0
    outer loop
      vertex 59.1564 32.7697 4.2
      vertex 59.3495 31.9152 5
      vertex 59.3495 31.9152 4.2
    endloop
  endfacet
  facet normal 0.902744 0.430178 0
    outer loop
      vertex 59.6712 31.2401 5
      vertex 59.3495 31.9152 4.2
      vertex 59.3495 31.9152 5
    endloop
  endfacet
  facet normal 0.902744 0.430178 0
    outer loop
      vertex 59.3495 31.9152 4.2
      vertex 59.6712 31.2401 5
      vertex 59.6712 31.2401 4.2
    endloop
  endfacet
  facet normal 0.735086 0.677973 0
    outer loop
      vertex 60.1211 30.7523 5
      vertex 59.6712 31.2401 4.2
      vertex 59.6712 31.2401 5
    endloop
  endfacet
  facet normal 0.735086 0.677973 0
    outer loop
      vertex 59.6712 31.2401 4.2
      vertex 60.1211 30.7523 5
      vertex 60.1211 30.7523 4.2
    endloop
  endfacet
  facet normal 0.452211 0.891911 -0
    outer loop
      vertex 60.6986 30.4595 4.2
      vertex 60.1211 30.7523 5
      vertex 60.6986 30.4595 5
    endloop
  endfacet
  facet normal 0.452211 0.891911 0
    outer loop
      vertex 60.1211 30.7523 5
      vertex 60.6986 30.4595 4.2
      vertex 60.1211 30.7523 4.2
    endloop
  endfacet
  facet normal 0.136956 0.990577 -0
    outer loop
      vertex 61.4038 30.362 4.2
      vertex 60.6986 30.4595 5
      vertex 61.4038 30.362 5
    endloop
  endfacet
  facet normal 0.136956 0.990577 0
    outer loop
      vertex 60.6986 30.4595 5
      vertex 61.4038 30.362 4.2
      vertex 60.6986 30.4595 4.2
    endloop
  endfacet
  facet normal -0.137534 0.990497 0
    outer loop
      vertex 62.1103 30.4601 4.2
      vertex 61.4038 30.362 5
      vertex 62.1103 30.4601 5
    endloop
  endfacet
  facet normal -0.137534 0.990497 0
    outer loop
      vertex 61.4038 30.362 5
      vertex 62.1103 30.4601 4.2
      vertex 61.4038 30.362 4.2
    endloop
  endfacet
  facet normal -0.511586 -0.859232 0
    outer loop
      vertex 60.5831 31.353 4.2
      vertex 60.9526 31.133 5
      vertex 60.5831 31.353 5
    endloop
  endfacet
  facet normal -0.511586 -0.859232 -0
    outer loop
      vertex 60.9526 31.133 5
      vertex 60.5831 31.353 4.2
      vertex 60.9526 31.133 4.2
    endloop
  endfacet
  facet normal -0.796518 -0.604615 0
    outer loop
      vertex 60.5831 31.353 4.2
      vertex 60.3049 31.7195 5
      vertex 60.3049 31.7195 4.2
    endloop
  endfacet
  facet normal -0.796518 -0.604615 0
    outer loop
      vertex 60.3049 31.7195 5
      vertex 60.5831 31.353 4.2
      vertex 60.5831 31.353 5
    endloop
  endfacet
  facet normal -0.93808 -0.346418 0
    outer loop
      vertex 60.3049 31.7195 4.2
      vertex 60.1111 32.2443 5
      vertex 60.1111 32.2443 4.2
    endloop
  endfacet
  facet normal -0.93808 -0.346418 0
    outer loop
      vertex 60.1111 32.2443 5
      vertex 60.3049 31.7195 4.2
      vertex 60.3049 31.7195 5
    endloop
  endfacet
  facet normal -0.986275 -0.165113 0
    outer loop
      vertex 60.1111 32.2443 4.2
      vertex 59.9948 32.939 5
      vertex 59.9948 32.939 4.2
    endloop
  endfacet
  facet normal -0.986275 -0.165113 0
    outer loop
      vertex 59.9948 32.939 5
      vertex 60.1111 32.2443 4.2
      vertex 60.1111 32.2443 5
    endloop
  endfacet
  facet normal -0.998994 -0.0448415 0
    outer loop
      vertex 59.9948 32.939 4.2
      vertex 59.956 33.8034 5
      vertex 59.956 33.8034 4.2
    endloop
  endfacet
  facet normal -0.998994 -0.0448415 0
    outer loop
      vertex 59.956 33.8034 5
      vertex 59.9948 32.939 4.2
      vertex 59.9948 32.939 5
    endloop
  endfacet
  facet normal -0.999067 0.0431828 0
    outer loop
      vertex 59.956 33.8034 4.2
      vertex 59.9943 34.6895 5
      vertex 59.9943 34.6895 4.2
    endloop
  endfacet
  facet normal -0.999067 0.0431828 0
    outer loop
      vertex 59.9943 34.6895 5
      vertex 59.956 33.8034 4.2
      vertex 59.956 33.8034 5
    endloop
  endfacet
  facet normal -0.986932 0.16114 0
    outer loop
      vertex 59.9943 34.6895 4.2
      vertex 60.109 35.392 5
      vertex 60.109 35.392 4.2
    endloop
  endfacet
  facet normal -0.986932 0.16114 0
    outer loop
      vertex 60.109 35.392 5
      vertex 59.9943 34.6895 4.2
      vertex 59.9943 34.6895 5
    endloop
  endfacet
  facet normal -0.938408 0.345529 0
    outer loop
      vertex 60.109 35.392 4.2
      vertex 60.3001 35.911 5
      vertex 60.3001 35.911 4.2
    endloop
  endfacet
  facet normal -0.938408 0.345529 0
    outer loop
      vertex 60.3001 35.911 5
      vertex 60.109 35.392 4.2
      vertex 60.109 35.392 5
    endloop
  endfacet
  facet normal -0.7873 0.616571 0
    outer loop
      vertex 60.3001 35.911 4.2
      vertex 60.5789 36.267 5
      vertex 60.5789 36.267 4.2
    endloop
  endfacet
  facet normal -0.7873 0.616571 0
    outer loop
      vertex 60.5789 36.267 5
      vertex 60.3001 35.911 4.2
      vertex 60.3001 35.911 5
    endloop
  endfacet
  facet normal -0.492559 0.870279 0
    outer loop
      vertex 60.9563 36.4806 4.2
      vertex 60.5789 36.267 5
      vertex 60.9563 36.4806 5
    endloop
  endfacet
  facet normal -0.492559 0.870279 0
    outer loop
      vertex 60.5789 36.267 5
      vertex 60.9563 36.4806 4.2
      vertex 60.5789 36.267 4.2
    endloop
  endfacet
  facet normal -0.147934 0.988997 0
    outer loop
      vertex 61.4323 36.5518 4.2
      vertex 60.9563 36.4806 5
      vertex 61.4323 36.5518 5
    endloop
  endfacet
  facet normal -0.147934 0.988997 0
    outer loop
      vertex 60.9563 36.4806 5
      vertex 61.4323 36.5518 4.2
      vertex 60.9563 36.4806 4.2
    endloop
  endfacet
  facet normal 0.153624 0.988129 -0
    outer loop
      vertex 61.8967 36.4796 4.2
      vertex 61.4323 36.5518 5
      vertex 61.8967 36.4796 5
    endloop
  endfacet
  facet normal 0.153624 0.988129 0
    outer loop
      vertex 61.4323 36.5518 5
      vertex 61.8967 36.4796 4.2
      vertex 61.4323 36.5518 4.2
    endloop
  endfacet
  facet normal 0.507695 0.861537 -0
    outer loop
      vertex 62.2646 36.2628 4.2
      vertex 61.8967 36.4796 5
      vertex 62.2646 36.2628 5
    endloop
  endfacet
  facet normal 0.507695 0.861537 0
    outer loop
      vertex 61.8967 36.4796 5
      vertex 62.2646 36.2628 4.2
      vertex 61.8967 36.4796 4.2
    endloop
  endfacet
  facet normal 0.799655 0.60046 0
    outer loop
      vertex 62.5359 35.9015 5
      vertex 62.2646 36.2628 4.2
      vertex 62.2646 36.2628 5
    endloop
  endfacet
  facet normal 0.799655 0.60046 0
    outer loop
      vertex 62.2646 36.2628 4.2
      vertex 62.5359 35.9015 5
      vertex 62.5359 35.9015 4.2
    endloop
  endfacet
  facet normal 0.942007 0.335593 0
    outer loop
      vertex 62.7219 35.3794 5
      vertex 62.5359 35.9015 4.2
      vertex 62.5359 35.9015 5
    endloop
  endfacet
  facet normal 0.942007 0.335593 0
    outer loop
      vertex 62.5359 35.9015 4.2
      vertex 62.7219 35.3794 5
      vertex 62.7219 35.3794 4.2
    endloop
  endfacet
  facet normal 0.987529 0.157434 0
    outer loop
      vertex 62.8334 34.68 5
      vertex 62.7219 35.3794 4.2
      vertex 62.7219 35.3794 5
    endloop
  endfacet
  facet normal 0.987529 0.157434 0
    outer loop
      vertex 62.7219 35.3794 4.2
      vertex 62.8334 34.68 5
      vertex 62.8334 34.68 4.2
    endloop
  endfacet
  facet normal 0.999101 0.0423985 0
    outer loop
      vertex 62.8706 33.8034 5
      vertex 62.8334 34.68 4.2
      vertex 62.8334 34.68 5
    endloop
  endfacet
  facet normal 0.999101 0.0423985 0
    outer loop
      vertex 62.8334 34.68 4.2
      vertex 62.8706 33.8034 5
      vertex 62.8706 33.8034 4.2
    endloop
  endfacet
  facet normal 0.99895 -0.0458234 0
    outer loop
      vertex 62.8316 32.9532 5
      vertex 62.8706 33.8034 4.2
      vertex 62.8706 33.8034 5
    endloop
  endfacet
  facet normal 0.99895 -0.0458234 0
    outer loop
      vertex 62.8706 33.8034 4.2
      vertex 62.8316 32.9532 5
      vertex 62.8316 32.9532 4.2
    endloop
  endfacet
  facet normal 0.985899 -0.167341 0
    outer loop
      vertex 62.7145 32.2633 5
      vertex 62.8316 32.9532 4.2
      vertex 62.8316 32.9532 5
    endloop
  endfacet
  facet normal 0.985899 -0.167341 0
    outer loop
      vertex 62.8316 32.9532 4.2
      vertex 62.7145 32.2633 5
      vertex 62.7145 32.2633 4.2
    endloop
  endfacet
  facet normal 0.938274 -0.345894 0
    outer loop
      vertex 62.5193 31.7338 5
      vertex 62.7145 32.2633 4.2
      vertex 62.7145 32.2633 5
    endloop
  endfacet
  facet normal 0.938274 -0.345894 0
    outer loop
      vertex 62.7145 32.2633 4.2
      vertex 62.5193 31.7338 5
      vertex 62.5193 31.7338 4.2
    endloop
  endfacet
  facet normal 0.801923 -0.597427 0
    outer loop
      vertex 62.2403 31.3593 5
      vertex 62.5193 31.7338 4.2
      vertex 62.5193 31.7338 5
    endloop
  endfacet
  facet normal 0.801923 -0.597427 0
    outer loop
      vertex 62.5193 31.7338 4.2
      vertex 62.2403 31.3593 5
      vertex 62.2403 31.3593 4.2
    endloop
  endfacet
  facet normal 0.52041 -0.853917 0
    outer loop
      vertex 61.8716 31.1346 4.2
      vertex 62.2403 31.3593 5
      vertex 61.8716 31.1346 5
    endloop
  endfacet
  facet normal 0.52041 -0.853917 0
    outer loop
      vertex 62.2403 31.3593 5
      vertex 61.8716 31.1346 4.2
      vertex 62.2403 31.3593 4.2
    endloop
  endfacet
  facet normal 0.16129 -0.986907 0
    outer loop
      vertex 61.4133 31.0597 4.2
      vertex 61.8716 31.1346 5
      vertex 61.4133 31.0597 5
    endloop
  endfacet
  facet normal 0.16129 -0.986907 0
    outer loop
      vertex 61.8716 31.1346 5
      vertex 61.4133 31.0597 4.2
      vertex 61.8716 31.1346 4.2
    endloop
  endfacet
  facet normal -0.157129 -0.987578 0
    outer loop
      vertex 60.9526 31.133 4.2
      vertex 61.4133 31.0597 5
      vertex 60.9526 31.133 5
    endloop
  endfacet
  facet normal -0.157129 -0.987578 -0
    outer loop
      vertex 61.4133 31.0597 5
      vertex 60.9526 31.133 4.2
      vertex 61.4133 31.0597 4.2
    endloop
  endfacet
  facet normal -0.292809 0.956171 0
    outer loop
      vertex 15.6783 30.5919 4.2
      vertex 15.115 30.4194 5
      vertex 15.6783 30.5919 5
    endloop
  endfacet
  facet normal -0.292809 0.956171 0
    outer loop
      vertex 15.115 30.4194 5
      vertex 15.6783 30.5919 4.2
      vertex 15.115 30.4194 4.2
    endloop
  endfacet
  facet normal -0.538852 0.842401 0
    outer loop
      vertex 16.1276 30.8793 4.2
      vertex 15.6783 30.5919 5
      vertex 16.1276 30.8793 5
    endloop
  endfacet
  facet normal -0.538852 0.842401 0
    outer loop
      vertex 15.6783 30.5919 5
      vertex 16.1276 30.8793 4.2
      vertex 15.6783 30.5919 4.2
    endloop
  endfacet
  facet normal -0.766528 0.642211 0
    outer loop
      vertex 16.1276 30.8793 4.2
      vertex 16.4546 31.2696 5
      vertex 16.4546 31.2696 4.2
    endloop
  endfacet
  facet normal -0.766528 0.642211 0
    outer loop
      vertex 16.4546 31.2696 5
      vertex 16.1276 30.8793 4.2
      vertex 16.1276 30.8793 5
    endloop
  endfacet
  facet normal -0.92596 0.377621 0
    outer loop
      vertex 16.4546 31.2696 4.2
      vertex 16.6508 31.7507 5
      vertex 16.6508 31.7507 4.2
    endloop
  endfacet
  facet normal -0.92596 0.377621 0
    outer loop
      vertex 16.6508 31.7507 5
      vertex 16.4546 31.2696 4.2
      vertex 16.4546 31.2696 5
    endloop
  endfacet
  facet normal -0.99352 0.113654 0
    outer loop
      vertex 16.6508 31.7507 4.2
      vertex 16.7162 32.3224 5
      vertex 16.7162 32.3224 4.2
    endloop
  endfacet
  facet normal -0.99352 0.113654 0
    outer loop
      vertex 16.7162 32.3224 5
      vertex 16.6508 31.7507 4.2
      vertex 16.6508 31.7507 5
    endloop
  endfacet
  facet normal -0.995507 -0.0946847 0
    outer loop
      vertex 16.7162 32.3224 4.2
      vertex 16.6767 32.7377 5
      vertex 16.6767 32.7377 4.2
    endloop
  endfacet
  facet normal -0.995507 -0.0946847 0
    outer loop
      vertex 16.6767 32.7377 5
      vertex 16.7162 32.3224 4.2
      vertex 16.7162 32.3224 5
    endloop
  endfacet
  facet normal -0.951299 -0.30827 0
    outer loop
      vertex 16.6767 32.7377 4.2
      vertex 16.558 33.104 5
      vertex 16.558 33.104 4.2
    endloop
  endfacet
  facet normal -0.951299 -0.30827 0
    outer loop
      vertex 16.558 33.104 5
      vertex 16.6767 32.7377 4.2
      vertex 16.6767 32.7377 5
    endloop
  endfacet
  facet normal -0.848614 -0.529013 0
    outer loop
      vertex 16.558 33.104 4.2
      vertex 16.3602 33.4213 5
      vertex 16.3602 33.4213 4.2
    endloop
  endfacet
  facet normal -0.848614 -0.529013 0
    outer loop
      vertex 16.3602 33.4213 5
      vertex 16.558 33.104 4.2
      vertex 16.558 33.104 5
    endloop
  endfacet
  facet normal -0.68882 -0.724932 0
    outer loop
      vertex 16.0912 33.6769 4.2
      vertex 16.3602 33.4213 5
      vertex 16.0912 33.6769 5
    endloop
  endfacet
  facet normal -0.68882 -0.724932 -0
    outer loop
      vertex 16.3602 33.4213 5
      vertex 16.0912 33.6769 4.2
      vertex 16.3602 33.4213 4.2
    endloop
  endfacet
  facet normal -0.478537 -0.878067 0
    outer loop
      vertex 15.7589 33.858 4.2
      vertex 16.0912 33.6769 5
      vertex 15.7589 33.858 5
    endloop
  endfacet
  facet normal -0.478537 -0.878067 -0
    outer loop
      vertex 16.0912 33.6769 5
      vertex 15.7589 33.858 4.2
      vertex 16.0912 33.6769 4.2
    endloop
  endfacet
  facet normal -0.2607 -0.96542 0
    outer loop
      vertex 15.3634 33.9648 4.2
      vertex 15.7589 33.858 5
      vertex 15.3634 33.9648 5
    endloop
  endfacet
  facet normal -0.2607 -0.96542 -0
    outer loop
      vertex 15.7589 33.858 5
      vertex 15.3634 33.9648 4.2
      vertex 15.7589 33.858 4.2
    endloop
  endfacet
  facet normal -1 0 0
    outer loop
      vertex 15.3634 33.9648 4.2
      vertex 15.3634 33.9838 5
      vertex 15.3634 33.9838 4.2
    endloop
  endfacet
  facet normal -1 -0 0
    outer loop
      vertex 15.3634 33.9838 5
      vertex 15.3634 33.9648 4.2
      vertex 15.3634 33.9648 5
    endloop
  endfacet
  facet normal -0.302027 0.953299 0
    outer loop
      vertex 15.7046 34.0919 4.2
      vertex 15.3634 33.9838 5
      vertex 15.7046 34.0919 5
    endloop
  endfacet
  facet normal -0.302027 0.953299 0
    outer loop
      vertex 15.3634 33.9838 5
      vertex 15.7046 34.0919 4.2
      vertex 15.3634 33.9838 4.2
    endloop
  endfacet
  facet normal -0.525343 0.850891 0
    outer loop
      vertex 15.9942 34.2707 4.2
      vertex 15.7046 34.0919 5
      vertex 15.9942 34.2707 5
    endloop
  endfacet
  facet normal -0.525343 0.850891 0
    outer loop
      vertex 15.7046 34.0919 5
      vertex 15.9942 34.2707 4.2
      vertex 15.7046 34.0919 4.2
    endloop
  endfacet
  facet normal -0.723738 0.690075 0
    outer loop
      vertex 15.9942 34.2707 4.2
      vertex 16.232 34.5201 5
      vertex 16.232 34.5201 4.2
    endloop
  endfacet
  facet normal -0.723738 0.690075 0
    outer loop
      vertex 16.232 34.5201 5
      vertex 15.9942 34.2707 4.2
      vertex 15.9942 34.2707 5
    endloop
  endfacet
  facet normal -0.862603 0.505881 0
    outer loop
      vertex 16.232 34.5201 4.2
      vertex 16.4087 34.8214 5
      vertex 16.4087 34.8214 4.2
    endloop
  endfacet
  facet normal -0.862603 0.505881 0
    outer loop
      vertex 16.4087 34.8214 5
      vertex 16.232 34.5201 4.2
      vertex 16.232 34.5201 5
    endloop
  endfacet
  facet normal -0.953016 0.302921 0
    outer loop
      vertex 16.4087 34.8214 4.2
      vertex 16.5148 35.1552 5
      vertex 16.5148 35.1552 4.2
    endloop
  endfacet
  facet normal -0.953016 0.302921 0
    outer loop
      vertex 16.5148 35.1552 5
      vertex 16.4087 34.8214 4.2
      vertex 16.4087 34.8214 5
    endloop
  endfacet
  facet normal -0.995396 0.0958469 0
    outer loop
      vertex 16.5148 35.1552 4.2
      vertex 16.5501 35.5218 5
      vertex 16.5501 35.5218 4.2
    endloop
  endfacet
  facet normal -0.995396 0.0958469 0
    outer loop
      vertex 16.5501 35.5218 5
      vertex 16.5148 35.1552 4.2
      vertex 16.5148 35.1552 5
    endloop
  endfacet
  facet normal -0.991777 -0.127978 0
    outer loop
      vertex 16.5501 35.5218 4.2
      vertex 16.4866 36.0139 5
      vertex 16.4866 36.0139 4.2
    endloop
  endfacet
  facet normal -0.991777 -0.127978 0
    outer loop
      vertex 16.4866 36.0139 5
      vertex 16.5501 35.5218 4.2
      vertex 16.5501 35.5218 5
    endloop
  endfacet
  facet normal -0.910277 -0.413999 0
    outer loop
      vertex 16.4866 36.0139 4.2
      vertex 16.2959 36.4332 5
      vertex 16.2959 36.4332 4.2
    endloop
  endfacet
  facet normal -0.910277 -0.413999 0
    outer loop
      vertex 16.2959 36.4332 5
      vertex 16.4866 36.0139 4.2
      vertex 16.4866 36.0139 5
    endloop
  endfacet
  facet normal -0.736969 -0.675927 0
    outer loop
      vertex 16.2959 36.4332 4.2
      vertex 15.9781 36.7797 5
      vertex 15.9781 36.7797 4.2
    endloop
  endfacet
  facet normal -0.736969 -0.675927 0
    outer loop
      vertex 15.9781 36.7797 5
      vertex 16.2959 36.4332 4.2
      vertex 16.2959 36.4332 5
    endloop
  endfacet
  facet normal -0.51729 -0.85581 0
    outer loop
      vertex 15.5506 37.0381 4.2
      vertex 15.9781 36.7797 5
      vertex 15.5506 37.0381 5
    endloop
  endfacet
  facet normal -0.51729 -0.85581 -0
    outer loop
      vertex 15.9781 36.7797 5
      vertex 15.5506 37.0381 4.2
      vertex 15.9781 36.7797 4.2
    endloop
  endfacet
  facet normal -0.285927 -0.958251 0
    outer loop
      vertex 15.0308 37.1932 4.2
      vertex 15.5506 37.0381 5
      vertex 15.0308 37.1932 5
    endloop
  endfacet
  facet normal -0.285927 -0.958251 -0
    outer loop
      vertex 15.5506 37.0381 5
      vertex 15.0308 37.1932 4.2
      vertex 15.5506 37.0381 4.2
    endloop
  endfacet
  facet normal -0.0841636 -0.996452 0
    outer loop
      vertex 14.4187 37.2449 4.2
      vertex 15.0308 37.1932 5
      vertex 14.4187 37.2449 5
    endloop
  endfacet
  facet normal -0.0841636 -0.996452 -0
    outer loop
      vertex 15.0308 37.1932 5
      vertex 14.4187 37.2449 4.2
      vertex 15.0308 37.1932 4.2
    endloop
  endfacet
  facet normal 0.0876559 -0.996151 0
    outer loop
      vertex 13.8198 37.1922 4.2
      vertex 14.4187 37.2449 5
      vertex 13.8198 37.1922 5
    endloop
  endfacet
  facet normal 0.0876559 -0.996151 0
    outer loop
      vertex 14.4187 37.2449 5
      vertex 13.8198 37.1922 4.2
      vertex 14.4187 37.2449 4.2
    endloop
  endfacet
  facet normal 0.295489 -0.955346 0
    outer loop
      vertex 13.308 37.0339 4.2
      vertex 13.8198 37.1922 5
      vertex 13.308 37.0339 5
    endloop
  endfacet
  facet normal 0.295489 -0.955346 0
    outer loop
      vertex 13.8198 37.1922 5
      vertex 13.308 37.0339 4.2
      vertex 13.8198 37.1922 4.2
    endloop
  endfacet
  facet normal 0.527318 -0.849668 0
    outer loop
      vertex 12.8831 36.7702 4.2
      vertex 13.308 37.0339 5
      vertex 12.8831 36.7702 5
    endloop
  endfacet
  facet normal 0.527318 -0.849668 0
    outer loop
      vertex 13.308 37.0339 5
      vertex 12.8831 36.7702 4.2
      vertex 13.308 37.0339 4.2
    endloop
  endfacet
  facet normal 0.739095 -0.673601 0
    outer loop
      vertex 12.5653 36.4215 5
      vertex 12.8831 36.7702 4.2
      vertex 12.8831 36.7702 5
    endloop
  endfacet
  facet normal 0.739095 -0.673601 0
    outer loop
      vertex 12.8831 36.7702 4.2
      vertex 12.5653 36.4215 5
      vertex 12.5653 36.4215 4.2
    endloop
  endfacet
  facet normal 0.907934 -0.419114 0
    outer loop
      vertex 12.3747 36.0086 5
      vertex 12.5653 36.4215 4.2
      vertex 12.5653 36.4215 5
    endloop
  endfacet
  facet normal 0.907934 -0.419114 0
    outer loop
      vertex 12.5653 36.4215 4.2
      vertex 12.3747 36.0086 5
      vertex 12.3747 36.0086 4.2
    endloop
  endfacet
  facet normal 0.991239 -0.132082 0
    outer loop
      vertex 12.3111 35.5313 5
      vertex 12.3747 36.0086 4.2
      vertex 12.3747 36.0086 5
    endloop
  endfacet
  facet normal 0.991239 -0.132082 0
    outer loop
      vertex 12.3747 36.0086 4.2
      vertex 12.3111 35.5313 5
      vertex 12.3111 35.5313 4.2
    endloop
  endfacet
  facet normal 0.995448 0.0953088 0
    outer loop
      vertex 12.3462 35.1647 5
      vertex 12.3111 35.5313 4.2
      vertex 12.3111 35.5313 5
    endloop
  endfacet
  facet normal 0.995448 0.0953088 0
    outer loop
      vertex 12.3111 35.5313 4.2
      vertex 12.3462 35.1647 5
      vertex 12.3462 35.1647 4.2
    endloop
  endfacet
  facet normal 0.953781 0.300502 0
    outer loop
      vertex 12.4514 34.8308 5
      vertex 12.3462 35.1647 4.2
      vertex 12.3462 35.1647 5
    endloop
  endfacet
  facet normal 0.953781 0.300502 0
    outer loop
      vertex 12.3462 35.1647 4.2
      vertex 12.4514 34.8308 5
      vertex 12.4514 34.8308 4.2
    endloop
  endfacet
  facet normal 0.864081 0.503353 0
    outer loop
      vertex 12.6268 34.5297 5
      vertex 12.4514 34.8308 4.2
      vertex 12.4514 34.8308 5
    endloop
  endfacet
  facet normal 0.864081 0.503353 0
    outer loop
      vertex 12.4514 34.8308 4.2
      vertex 12.6268 34.5297 5
      vertex 12.6268 34.5297 4.2
    endloop
  endfacet
  facet normal 0.729356 0.684134 0
    outer loop
      vertex 12.8628 34.2781 5
      vertex 12.6268 34.5297 4.2
      vertex 12.6268 34.5297 5
    endloop
  endfacet
  facet normal 0.729356 0.684134 0
    outer loop
      vertex 12.6268 34.5297 4.2
      vertex 12.8628 34.2781 5
      vertex 12.8628 34.2781 4.2
    endloop
  endfacet
  facet normal 0.541734 0.84055 -0
    outer loop
      vertex 13.15 34.093 4.2
      vertex 12.8628 34.2781 5
      vertex 13.15 34.093 5
    endloop
  endfacet
  facet normal 0.541734 0.84055 0
    outer loop
      vertex 12.8628 34.2781 5
      vertex 13.15 34.093 4.2
      vertex 12.8628 34.2781 4.2
    endloop
  endfacet
  facet normal 0.330996 0.943632 -0
    outer loop
      vertex 13.4884 33.9743 4.2
      vertex 13.15 34.093 5
      vertex 13.4884 33.9743 5
    endloop
  endfacet
  facet normal 0.330996 0.943632 0
    outer loop
      vertex 13.15 34.093 5
      vertex 13.4884 33.9743 4.2
      vertex 13.15 34.093 4.2
    endloop
  endfacet
  facet normal 1 -0 0
    outer loop
      vertex 13.4884 33.9553 5
      vertex 13.4884 33.9743 4.2
      vertex 13.4884 33.9743 5
    endloop
  endfacet
  facet normal 1 0 0
    outer loop
      vertex 13.4884 33.9743 4.2
      vertex 13.4884 33.9553 5
      vertex 13.4884 33.9553 4.2
    endloop
  endfacet
  facet normal 0.269122 -0.963106 0
    outer loop
      vertex 13.1223 33.853 4.2
      vertex 13.4884 33.9553 5
      vertex 13.1223 33.853 5
    endloop
  endfacet
  facet normal 0.269122 -0.963106 0
    outer loop
      vertex 13.4884 33.9553 5
      vertex 13.1223 33.853 4.2
      vertex 13.4884 33.9553 4.2
    endloop
  endfacet
  facet normal 0.491554 -0.870847 0
    outer loop
      vertex 12.8027 33.6726 4.2
      vertex 13.1223 33.853 5
      vertex 12.8027 33.6726 5
    endloop
  endfacet
  facet normal 0.491554 -0.870847 0
    outer loop
      vertex 13.1223 33.853 5
      vertex 12.8027 33.6726 4.2
      vertex 13.1223 33.853 4.2
    endloop
  endfacet
  facet normal 0.687154 -0.726511 0
    outer loop
      vertex 12.5295 33.4142 4.2
      vertex 12.8027 33.6726 5
      vertex 12.5295 33.4142 5
    endloop
  endfacet
  facet normal 0.687154 -0.726511 0
    outer loop
      vertex 12.8027 33.6726 5
      vertex 12.5295 33.4142 4.2
      vertex 12.8027 33.6726 4.2
    endloop
  endfacet
  facet normal 0.838509 -0.544887 0
    outer loop
      vertex 12.3211 33.0935 5
      vertex 12.5295 33.4142 4.2
      vertex 12.5295 33.4142 5
    endloop
  endfacet
  facet normal 0.838509 -0.544887 0
    outer loop
      vertex 12.5295 33.4142 4.2
      vertex 12.3211 33.0935 5
      vertex 12.3211 33.0935 4.2
    endloop
  endfacet
  facet normal 0.946626 -0.322333 0
    outer loop
      vertex 12.1961 32.7264 5
      vertex 12.3211 33.0935 4.2
      vertex 12.3211 33.0935 5
    endloop
  endfacet
  facet normal 0.946626 -0.322333 0
    outer loop
      vertex 12.3211 33.0935 4.2
      vertex 12.1961 32.7264 5
      vertex 12.1961 32.7264 4.2
    endloop
  endfacet
  facet normal 0.994977 -0.100099 0
    outer loop
      vertex 12.1545 32.3129 5
      vertex 12.1961 32.7264 4.2
      vertex 12.1961 32.7264 5
    endloop
  endfacet
  facet normal 0.994977 -0.100099 0
    outer loop
      vertex 12.1961 32.7264 4.2
      vertex 12.1545 32.3129 5
      vertex 12.1545 32.3129 4.2
    endloop
  endfacet
  facet normal 0.993261 0.115901 0
    outer loop
      vertex 12.2217 31.737 5
      vertex 12.1545 32.3129 4.2
      vertex 12.1545 32.3129 5
    endloop
  endfacet
  facet normal 0.993261 0.115901 0
    outer loop
      vertex 12.1545 32.3129 4.2
      vertex 12.2217 31.737 5
      vertex 12.2217 31.737 4.2
    endloop
  endfacet
  facet normal 0.922201 0.386711 0
    outer loop
      vertex 12.4234 31.256 5
      vertex 12.2217 31.737 4.2
      vertex 12.2217 31.737 5
    endloop
  endfacet
  facet normal 0.922201 0.386711 0
    outer loop
      vertex 12.2217 31.737 4.2
      vertex 12.4234 31.256 5
      vertex 12.4234 31.256 4.2
    endloop
  endfacet
  facet normal 0.754063 0.656802 0
    outer loop
      vertex 12.7597 30.8699 5
      vertex 12.4234 31.256 4.2
      vertex 12.4234 31.256 5
    endloop
  endfacet
  facet normal 0.754063 0.656802 0
    outer loop
      vertex 12.4234 31.256 4.2
      vertex 12.7597 30.8699 5
      vertex 12.7597 30.8699 4.2
    endloop
  endfacet
  facet normal 0.526657 0.850078 -0
    outer loop
      vertex 13.2152 30.5877 4.2
      vertex 12.7597 30.8699 5
      vertex 13.2152 30.5877 5
    endloop
  endfacet
  facet normal 0.526657 0.850078 0
    outer loop
      vertex 12.7597 30.8699 5
      vertex 13.2152 30.5877 4.2
      vertex 12.7597 30.8699 4.2
    endloop
  endfacet
  facet normal 0.289718 0.957112 -0
    outer loop
      vertex 13.7745 30.4184 4.2
      vertex 13.2152 30.5877 5
      vertex 13.7745 30.4184 5
    endloop
  endfacet
  facet normal 0.289718 0.957112 0
    outer loop
      vertex 13.2152 30.5877 5
      vertex 13.7745 30.4184 4.2
      vertex 13.2152 30.5877 4.2
    endloop
  endfacet
  facet normal 0.0847364 0.996403 -0
    outer loop
      vertex 14.4377 30.362 4.2
      vertex 13.7745 30.4184 5
      vertex 14.4377 30.362 5
    endloop
  endfacet
  facet normal 0.0847364 0.996403 0
    outer loop
      vertex 13.7745 30.4184 5
      vertex 14.4377 30.362 4.2
      vertex 13.7745 30.4184 4.2
    endloop
  endfacet
  facet normal -0.0844456 0.996428 0
    outer loop
      vertex 15.115 30.4194 4.2
      vertex 14.4377 30.362 5
      vertex 15.115 30.4194 5
    endloop
  endfacet
  facet normal -0.0844456 0.996428 0
    outer loop
      vertex 14.4377 30.362 5
      vertex 15.115 30.4194 4.2
      vertex 14.4377 30.362 4.2
    endloop
  endfacet
  facet normal -0.311569 -0.950224 0
    outer loop
      vertex 13.7563 34.431 4.2
      vertex 14.0625 34.3306 5
      vertex 13.7563 34.431 5
    endloop
  endfacet
  facet normal -0.311569 -0.950224 -0
    outer loop
      vertex 14.0625 34.3306 5
      vertex 13.7563 34.431 4.2
      vertex 14.0625 34.3306 4.2
    endloop
  endfacet
  facet normal -0.561879 -0.82722 0
    outer loop
      vertex 13.5097 34.5985 4.2
      vertex 13.7563 34.431 5
      vertex 13.5097 34.5985 5
    endloop
  endfacet
  facet normal -0.561879 -0.82722 -0
    outer loop
      vertex 13.7563 34.431 5
      vertex 13.5097 34.5985 4.2
      vertex 13.7563 34.431 4.2
    endloop
  endfacet
  facet normal -0.788195 -0.615426 0
    outer loop
      vertex 13.5097 34.5985 4.2
      vertex 13.3291 34.8298 5
      vertex 13.3291 34.8298 4.2
    endloop
  endfacet
  facet normal -0.788195 -0.615426 0
    outer loop
      vertex 13.3291 34.8298 5
      vertex 13.5097 34.5985 4.2
      vertex 13.5097 34.5985 5
    endloop
  endfacet
  facet normal -0.937446 -0.34813 0
    outer loop
      vertex 13.3291 34.8298 4.2
      vertex 13.2207 35.1217 5
      vertex 13.2207 35.1217 4.2
    endloop
  endfacet
  facet normal -0.937446 -0.34813 0
    outer loop
      vertex 13.2207 35.1217 5
      vertex 13.3291 34.8298 4.2
      vertex 13.3291 34.8298 5
    endloop
  endfacet
  facet normal -0.9948 -0.10185 0
    outer loop
      vertex 13.2207 35.1217 4.2
      vertex 13.1846 35.4743 5
      vertex 13.1846 35.4743 4.2
    endloop
  endfacet
  facet normal -0.9948 -0.10185 0
    outer loop
      vertex 13.1846 35.4743 5
      vertex 13.2207 35.1217 4.2
      vertex 13.2207 35.1217 5
    endloop
  endfacet
  facet normal -0.994879 0.101072 0
    outer loop
      vertex 13.1846 35.4743 4.2
      vertex 13.2197 35.8198 5
      vertex 13.2197 35.8198 4.2
    endloop
  endfacet
  facet normal -0.994879 0.101072 0
    outer loop
      vertex 13.2197 35.8198 5
      vertex 13.1846 35.4743 4.2
      vertex 13.1846 35.4743 5
    endloop
  endfacet
  facet normal -0.937413 0.34822 0
    outer loop
      vertex 13.2197 35.8198 4.2
      vertex 13.3249 36.103 5
      vertex 13.3249 36.103 4.2
    endloop
  endfacet
  facet normal -0.937413 0.34822 0
    outer loop
      vertex 13.3249 36.103 5
      vertex 13.2197 35.8198 4.2
      vertex 13.2197 35.8198 5
    endloop
  endfacet
  facet normal -0.783456 0.621447 0
    outer loop
      vertex 13.3249 36.103 4.2
      vertex 13.5002 36.324 5
      vertex 13.5002 36.324 4.2
    endloop
  endfacet
  facet normal -0.783456 0.621447 0
    outer loop
      vertex 13.5002 36.324 5
      vertex 13.3249 36.103 4.2
      vertex 13.3249 36.103 5
    endloop
  endfacet
  facet normal -0.546542 0.837432 0
    outer loop
      vertex 13.7426 36.4822 4.2
      vertex 13.5002 36.324 5
      vertex 13.7426 36.4822 5
    endloop
  endfacet
  facet normal -0.546542 0.837432 0
    outer loop
      vertex 13.5002 36.324 5
      vertex 13.7426 36.4822 4.2
      vertex 13.5002 36.324 4.2
    endloop
  endfacet
  facet normal -0.296321 0.955088 0
    outer loop
      vertex 14.0488 36.5772 4.2
      vertex 13.7426 36.4822 5
      vertex 14.0488 36.5772 5
    endloop
  endfacet
  facet normal -0.296321 0.955088 0
    outer loop
      vertex 13.7426 36.4822 5
      vertex 14.0488 36.5772 4.2
      vertex 13.7426 36.4822 4.2
    endloop
  endfacet
  facet normal -0.0851185 0.996371 0
    outer loop
      vertex 14.4187 36.6088 4.2
      vertex 14.0488 36.5772 5
      vertex 14.4187 36.6088 5
    endloop
  endfacet
  facet normal -0.0851185 0.996371 0
    outer loop
      vertex 14.0488 36.5772 5
      vertex 14.4187 36.6088 4.2
      vertex 14.0488 36.5772 4.2
    endloop
  endfacet
  facet normal 0.179387 0.983779 -0
    outer loop
      vertex 15.1097 36.4828 4.2
      vertex 14.4187 36.6088 5
      vertex 15.1097 36.4828 5
    endloop
  endfacet
  facet normal 0.179387 0.983779 0
    outer loop
      vertex 14.4187 36.6088 5
      vertex 15.1097 36.4828 4.2
      vertex 14.4187 36.6088 4.2
    endloop
  endfacet
  facet normal 0.67402 0.738713 -0
    outer loop
      vertex 15.5242 36.1046 4.2
      vertex 15.1097 36.4828 5
      vertex 15.5242 36.1046 5
    endloop
  endfacet
  facet normal 0.67402 0.738713 0
    outer loop
      vertex 15.1097 36.4828 5
      vertex 15.5242 36.1046 4.2
      vertex 15.1097 36.4828 4.2
    endloop
  endfacet
  facet normal 0.976796 0.214173 0
    outer loop
      vertex 15.6624 35.4743 5
      vertex 15.5242 36.1046 4.2
      vertex 15.5242 36.1046 5
    endloop
  endfacet
  facet normal 0.976796 0.214173 0
    outer loop
      vertex 15.5242 36.1046 4.2
      vertex 15.6624 35.4743 5
      vertex 15.6624 35.4743 4.2
    endloop
  endfacet
  facet normal 0.995702 -0.0926112 0
    outer loop
      vertex 15.6274 35.098 5
      vertex 15.6624 35.4743 4.2
      vertex 15.6624 35.4743 5
    endloop
  endfacet
  facet normal 0.995702 -0.0926112 0
    outer loop
      vertex 15.6624 35.4743 4.2
      vertex 15.6274 35.098 5
      vertex 15.6274 35.098 4.2
    endloop
  endfacet
  facet normal 0.943529 -0.331289 0
    outer loop
      vertex 15.5221 34.7981 5
      vertex 15.6274 35.098 4.2
      vertex 15.6274 35.098 5
    endloop
  endfacet
  facet normal 0.943529 -0.331289 0
    outer loop
      vertex 15.6274 35.098 4.2
      vertex 15.5221 34.7981 5
      vertex 15.5221 34.7981 4.2
    endloop
  endfacet
  facet normal 0.786404 -0.617713 0
    outer loop
      vertex 15.3467 34.5748 5
      vertex 15.5221 34.7981 4.2
      vertex 15.5221 34.7981 5
    endloop
  endfacet
  facet normal 0.786404 -0.617713 0
    outer loop
      vertex 15.5221 34.7981 4.2
      vertex 15.3467 34.5748 5
      vertex 15.3467 34.5748 4.2
    endloop
  endfacet
  facet normal 0.537146 -0.843489 0
    outer loop
      vertex 15.1044 34.4205 4.2
      vertex 15.3467 34.5748 5
      vertex 15.1044 34.4205 5
    endloop
  endfacet
  facet normal 0.537146 -0.843489 0
    outer loop
      vertex 15.3467 34.5748 5
      vertex 15.1044 34.4205 4.2
      vertex 15.3467 34.5748 4.2
    endloop
  endfacet
  facet normal 0.289556 -0.957161 0
    outer loop
      vertex 14.7983 34.3279 4.2
      vertex 15.1044 34.4205 5
      vertex 14.7983 34.3279 5
    endloop
  endfacet
  facet normal 0.289556 -0.957161 0
    outer loop
      vertex 15.1044 34.4205 5
      vertex 14.7983 34.3279 4.2
      vertex 15.1044 34.4205 4.2
    endloop
  endfacet
  facet normal 0.0829563 -0.996553 0
    outer loop
      vertex 14.4283 34.2971 4.2
      vertex 14.7983 34.3279 5
      vertex 14.4283 34.2971 5
    endloop
  endfacet
  facet normal 0.0829563 -0.996553 0
    outer loop
      vertex 14.7983 34.3279 5
      vertex 14.4283 34.2971 4.2
      vertex 14.7983 34.3279 4.2
    endloop
  endfacet
  facet normal -0.0911985 -0.995833 0
    outer loop
      vertex 14.0625 34.3306 4.2
      vertex 14.4283 34.2971 5
      vertex 14.0625 34.3306 5
    endloop
  endfacet
  facet normal -0.0911985 -0.995833 -0
    outer loop
      vertex 14.4283 34.2971 5
      vertex 14.0625 34.3306 4.2
      vertex 14.4283 34.2971 4.2
    endloop
  endfacet
  facet normal -0.699851 -0.714289 0
    outer loop
      vertex 13.194 31.6167 4.2
      vertex 13.664 31.1562 5
      vertex 13.194 31.6167 5
    endloop
  endfacet
  facet normal -0.699851 -0.714289 -0
    outer loop
      vertex 13.664 31.1562 5
      vertex 13.194 31.6167 4.2
      vertex 13.664 31.1562 4.2
    endloop
  endfacet
  facet normal -0.979807 -0.199945 0
    outer loop
      vertex 13.194 31.6167 4.2
      vertex 13.0374 32.3841 5
      vertex 13.0374 32.3841 4.2
    endloop
  endfacet
  facet normal -0.979807 -0.199945 0
    outer loop
      vertex 13.0374 32.3841 5
      vertex 13.194 31.6167 4.2
      vertex 13.194 31.6167 5
    endloop
  endfacet
  facet normal -0.99395 0.109838 0
    outer loop
      vertex 13.0374 32.3841 4.2
      vertex 13.078 32.7515 5
      vertex 13.078 32.7515 4.2
    endloop
  endfacet
  facet normal -0.99395 0.109838 0
    outer loop
      vertex 13.078 32.7515 5
      vertex 13.0374 32.3841 4.2
      vertex 13.0374 32.3841 5
    endloop
  endfacet
  facet normal -0.931097 0.364772 0
    outer loop
      vertex 13.078 32.7515 4.2
      vertex 13.1998 33.0624 5
      vertex 13.1998 33.0624 4.2
    endloop
  endfacet
  facet normal -0.931097 0.364772 0
    outer loop
      vertex 13.1998 33.0624 5
      vertex 13.078 32.7515 4.2
      vertex 13.078 32.7515 5
    endloop
  endfacet
  facet normal -0.781617 0.623758 0
    outer loop
      vertex 13.1998 33.0624 4.2
      vertex 13.4029 33.3169 5
      vertex 13.4029 33.3169 4.2
    endloop
  endfacet
  facet normal -0.781617 0.623758 0
    outer loop
      vertex 13.4029 33.3169 5
      vertex 13.1998 33.0624 4.2
      vertex 13.1998 33.0624 5
    endloop
  endfacet
  facet normal -0.564963 0.825116 0
    outer loop
      vertex 13.6782 33.5054 4.2
      vertex 13.4029 33.3169 5
      vertex 13.6782 33.5054 5
    endloop
  endfacet
  facet normal -0.564963 0.825116 0
    outer loop
      vertex 13.4029 33.3169 5
      vertex 13.6782 33.5054 4.2
      vertex 13.4029 33.3169 4.2
    endloop
  endfacet
  facet normal -0.316984 0.948431 0
    outer loop
      vertex 14.0169 33.6186 4.2
      vertex 13.6782 33.5054 5
      vertex 14.0169 33.6186 5
    endloop
  endfacet
  facet normal -0.316984 0.948431 0
    outer loop
      vertex 13.6782 33.5054 5
      vertex 14.0169 33.6186 4.2
      vertex 13.6782 33.5054 4.2
    endloop
  endfacet
  facet normal -0.0934175 0.995627 0
    outer loop
      vertex 14.4187 33.6563 4.2
      vertex 14.0169 33.6186 5
      vertex 14.4187 33.6563 5
    endloop
  endfacet
  facet normal -0.0934175 0.995627 0
    outer loop
      vertex 14.0169 33.6186 5
      vertex 14.4187 33.6563 4.2
      vertex 14.0169 33.6186 4.2
    endloop
  endfacet
  facet normal 0.0846826 0.996408 -0
    outer loop
      vertex 14.8317 33.6212 4.2
      vertex 14.4187 33.6563 5
      vertex 14.8317 33.6212 5
    endloop
  endfacet
  facet normal 0.0846826 0.996408 0
    outer loop
      vertex 14.4187 33.6563 5
      vertex 14.8317 33.6212 4.2
      vertex 14.4187 33.6563 4.2
    endloop
  endfacet
  facet normal 0.290513 0.956871 -0
    outer loop
      vertex 15.1782 33.516 4.2
      vertex 14.8317 33.6212 5
      vertex 15.1782 33.516 5
    endloop
  endfacet
  facet normal 0.290513 0.956871 0
    outer loop
      vertex 14.8317 33.6212 5
      vertex 15.1782 33.516 4.2
      vertex 14.8317 33.6212 4.2
    endloop
  endfacet
  facet normal 0.530733 0.847539 -0
    outer loop
      vertex 15.4583 33.3406 4.2
      vertex 15.1782 33.516 5
      vertex 15.4583 33.3406 5
    endloop
  endfacet
  facet normal 0.530733 0.847539 0
    outer loop
      vertex 15.1782 33.516 5
      vertex 15.4583 33.3406 4.2
      vertex 15.1782 33.516 4.2
    endloop
  endfacet
  facet normal 0.765082 0.643933 0
    outer loop
      vertex 15.664 33.0962 5
      vertex 15.4583 33.3406 4.2
      vertex 15.4583 33.3406 5
    endloop
  endfacet
  facet normal 0.765082 0.643933 0
    outer loop
      vertex 15.4583 33.3406 4.2
      vertex 15.664 33.0962 5
      vertex 15.664 33.0962 4.2
    endloop
  endfacet
  facet normal 0.93011 0.367282 0
    outer loop
      vertex 15.7874 32.7837 5
      vertex 15.664 33.0962 4.2
      vertex 15.664 33.0962 5
    endloop
  endfacet
  facet normal 0.93011 0.367282 0
    outer loop
      vertex 15.664 33.0962 4.2
      vertex 15.7874 32.7837 5
      vertex 15.7874 32.7837 4.2
    endloop
  endfacet
  facet normal 0.994192 0.107621 0
    outer loop
      vertex 15.8286 32.4031 5
      vertex 15.7874 32.7837 4.2
      vertex 15.7874 32.7837 5
    endloop
  endfacet
  facet normal 0.994192 0.107621 0
    outer loop
      vertex 15.7874 32.7837 4.2
      vertex 15.8286 32.4031 5
      vertex 15.8286 32.4031 4.2
    endloop
  endfacet
  facet normal 0.996346 -0.0854075 0
    outer loop
      vertex 15.7906 31.9598 5
      vertex 15.8286 32.4031 4.2
      vertex 15.8286 32.4031 5
    endloop
  endfacet
  facet normal 0.996346 -0.0854075 0
    outer loop
      vertex 15.8286 32.4031 4.2
      vertex 15.7906 31.9598 5
      vertex 15.7906 31.9598 4.2
    endloop
  endfacet
  facet normal 0.952162 -0.305593 0
    outer loop
      vertex 15.6766 31.6046 5
      vertex 15.7906 31.9598 4.2
      vertex 15.7906 31.9598 5
    endloop
  endfacet
  facet normal 0.952162 -0.305593 0
    outer loop
      vertex 15.7906 31.9598 4.2
      vertex 15.6766 31.6046 5
      vertex 15.6766 31.6046 4.2
    endloop
  endfacet
  facet normal 0.815112 -0.579303 0
    outer loop
      vertex 15.4867 31.3374 5
      vertex 15.6766 31.6046 4.2
      vertex 15.6766 31.6046 5
    endloop
  endfacet
  facet normal 0.815112 -0.579303 0
    outer loop
      vertex 15.6766 31.6046 4.2
      vertex 15.4867 31.3374 5
      vertex 15.4867 31.3374 4.2
    endloop
  endfacet
  facet normal 0.570965 -0.820974 0
    outer loop
      vertex 15.2194 31.1515 4.2
      vertex 15.4867 31.3374 5
      vertex 15.2194 31.1515 5
    endloop
  endfacet
  facet normal 0.570965 -0.820974 0
    outer loop
      vertex 15.4867 31.3374 5
      vertex 15.2194 31.1515 4.2
      vertex 15.4867 31.3374 4.2
    endloop
  endfacet
  facet normal 0.306569 -0.951848 0
    outer loop
      vertex 14.8729 31.0399 4.2
      vertex 15.2194 31.1515 5
      vertex 14.8729 31.0399 5
    endloop
  endfacet
  facet normal 0.306569 -0.951848 0
    outer loop
      vertex 15.2194 31.1515 5
      vertex 14.8729 31.0399 4.2
      vertex 15.2194 31.1515 4.2
    endloop
  endfacet
  facet normal 0.0870537 -0.996204 0
    outer loop
      vertex 14.4472 31.0027 4.2
      vertex 14.8729 31.0399 5
      vertex 14.4472 31.0027 5
    endloop
  endfacet
  facet normal 0.0870537 -0.996204 0
    outer loop
      vertex 14.8729 31.0399 5
      vertex 14.4472 31.0027 4.2
      vertex 14.8729 31.0399 4.2
    endloop
  endfacet
  facet normal -0.192332 -0.98133 0
    outer loop
      vertex 13.664 31.1562 4.2
      vertex 14.4472 31.0027 5
      vertex 13.664 31.1562 5
    endloop
  endfacet
  facet normal -0.192332 -0.98133 -0
    outer loop
      vertex 14.4472 31.0027 5
      vertex 13.664 31.1562 4.2
      vertex 14.4472 31.0027 4.2
    endloop
  endfacet
  facet normal 0 -1 0
    outer loop
      vertex 54.8609 31.1831 4.2
      vertex 58.3498 31.1831 5
      vertex 54.8609 31.1831 5
    endloop
  endfacet
  facet normal 0 -1 -0
    outer loop
      vertex 58.3498 31.1831 5
      vertex 54.8609 31.1831 4.2
      vertex 58.3498 31.1831 4.2
    endloop
  endfacet
  facet normal -0.890185 0.4556 0
    outer loop
      vertex 54.8609 31.1831 4.2
      vertex 54.9758 31.4076 5
      vertex 54.9758 31.4076 4.2
    endloop
  endfacet
  facet normal -0.890185 0.4556 0
    outer loop
      vertex 54.9758 31.4076 5
      vertex 54.8609 31.1831 4.2
      vertex 54.8609 31.1831 5
    endloop
  endfacet
  facet normal -0.829324 0.558767 0
    outer loop
      vertex 54.9758 31.4076 4.2
      vertex 55.1309 31.6378 5
      vertex 55.1309 31.6378 4.2
    endloop
  endfacet
  facet normal -0.829324 0.558767 0
    outer loop
      vertex 55.1309 31.6378 5
      vertex 54.9758 31.4076 4.2
      vertex 54.9758 31.4076 5
    endloop
  endfacet
  facet normal -0.770732 0.63716 0
    outer loop
      vertex 55.1309 31.6378 4.2
      vertex 55.326 31.8738 5
      vertex 55.326 31.8738 4.2
    endloop
  endfacet
  facet normal -0.770732 0.63716 0
    outer loop
      vertex 55.326 31.8738 5
      vertex 55.1309 31.6378 4.2
      vertex 55.1309 31.6378 5
    endloop
  endfacet
  facet normal -0.719581 0.694409 0
    outer loop
      vertex 55.326 31.8738 4.2
      vertex 55.566 32.1225 5
      vertex 55.566 32.1225 4.2
    endloop
  endfacet
  facet normal -0.719581 0.694409 0
    outer loop
      vertex 55.566 32.1225 5
      vertex 55.326 31.8738 4.2
      vertex 55.326 31.8738 5
    endloop
  endfacet
  facet normal -0.679479 0.733695 0
    outer loop
      vertex 55.8556 32.3907 4.2
      vertex 55.566 32.1225 5
      vertex 55.8556 32.3907 5
    endloop
  endfacet
  facet normal -0.679479 0.733695 0
    outer loop
      vertex 55.566 32.1225 5
      vertex 55.8556 32.3907 4.2
      vertex 55.566 32.1225 4.2
    endloop
  endfacet
  facet normal -0.64695 0.762533 0
    outer loop
      vertex 56.1947 32.6784 4.2
      vertex 55.8556 32.3907 5
      vertex 56.1947 32.6784 5
    endloop
  endfacet
  facet normal -0.64695 0.762533 0
    outer loop
      vertex 55.8556 32.3907 5
      vertex 56.1947 32.6784 4.2
      vertex 55.8556 32.3907 4.2
    endloop
  endfacet
  facet normal -0.639544 0.768755 0
    outer loop
      vertex 56.7849 33.1694 4.2
      vertex 56.1947 32.6784 5
      vertex 56.7849 33.1694 5
    endloop
  endfacet
  facet normal -0.639544 0.768755 0
    outer loop
      vertex 56.1947 32.6784 5
      vertex 56.7849 33.1694 4.2
      vertex 56.1947 32.6784 4.2
    endloop
  endfacet
  facet normal -0.663575 0.748109 0
    outer loop
      vertex 57.2327 33.5666 4.2
      vertex 56.7849 33.1694 5
      vertex 57.2327 33.5666 5
    endloop
  endfacet
  facet normal -0.663575 0.748109 0
    outer loop
      vertex 56.7849 33.1694 5
      vertex 57.2327 33.5666 4.2
      vertex 56.7849 33.1694 4.2
    endloop
  endfacet
  facet normal -0.704663 0.709542 0
    outer loop
      vertex 57.5381 33.8699 4.2
      vertex 57.2327 33.5666 5
      vertex 57.5381 33.8699 5
    endloop
  endfacet
  facet normal -0.704663 0.709542 0
    outer loop
      vertex 57.2327 33.5666 5
      vertex 57.5381 33.8699 4.2
      vertex 57.2327 33.5666 4.2
    endloop
  endfacet
  facet normal -0.766282 0.642505 0
    outer loop
      vertex 57.5381 33.8699 4.2
      vertex 57.753 34.1262 5
      vertex 57.753 34.1262 4.2
    endloop
  endfacet
  facet normal -0.766282 0.642505 0
    outer loop
      vertex 57.753 34.1262 5
      vertex 57.5381 33.8699 4.2
      vertex 57.5381 33.8699 5
    endloop
  endfacet
  facet normal -0.823751 0.566952 0
    outer loop
      vertex 57.753 34.1262 4.2
      vertex 57.9294 34.3825 5
      vertex 57.9294 34.3825 4.2
    endloop
  endfacet
  facet normal -0.823751 0.566952 0
    outer loop
      vertex 57.9294 34.3825 5
      vertex 57.753 34.1262 4.2
      vertex 57.753 34.1262 5
    endloop
  endfacet
  facet normal -0.880559 0.473936 0
    outer loop
      vertex 57.9294 34.3825 4.2
      vertex 58.0674 34.6389 5
      vertex 58.0674 34.6389 4.2
    endloop
  endfacet
  facet normal -0.880559 0.473936 0
    outer loop
      vertex 58.0674 34.6389 5
      vertex 57.9294 34.3825 4.2
      vertex 57.9294 34.3825 5
    endloop
  endfacet
  facet normal -0.933186 0.359393 0
    outer loop
      vertex 58.0674 34.6389 4.2
      vertex 58.1663 34.8957 5
      vertex 58.1663 34.8957 4.2
    endloop
  endfacet
  facet normal -0.933186 0.359393 0
    outer loop
      vertex 58.1663 34.8957 5
      vertex 58.0674 34.6389 4.2
      vertex 58.0674 34.6389 5
    endloop
  endfacet
  facet normal -0.974569 0.224087 0
    outer loop
      vertex 58.1663 34.8957 4.2
      vertex 58.2256 35.1536 5
      vertex 58.2256 35.1536 4.2
    endloop
  endfacet
  facet normal -0.974569 0.224087 0
    outer loop
      vertex 58.2256 35.1536 5
      vertex 58.1663 34.8957 4.2
      vertex 58.1663 34.8957 5
    endloop
  endfacet
  facet normal -0.997091 0.0762255 0
    outer loop
      vertex 58.2256 35.1536 4.2
      vertex 58.2454 35.4126 5
      vertex 58.2454 35.4126 4.2
    endloop
  endfacet
  facet normal -0.997091 0.0762255 0
    outer loop
      vertex 58.2454 35.4126 5
      vertex 58.2256 35.1536 4.2
      vertex 58.2256 35.1536 5
    endloop
  endfacet
  facet normal -0.993823 -0.110976 0
    outer loop
      vertex 58.2454 35.4126 4.2
      vertex 58.185 35.9535 5
      vertex 58.185 35.9535 4.2
    endloop
  endfacet
  facet normal -0.993823 -0.110976 0
    outer loop
      vertex 58.185 35.9535 5
      vertex 58.2454 35.4126 4.2
      vertex 58.2454 35.4126 5
    endloop
  endfacet
  facet normal -0.928136 -0.372241 0
    outer loop
      vertex 58.185 35.9535 4.2
      vertex 58.0038 36.4053 5
      vertex 58.0038 36.4053 4.2
    endloop
  endfacet
  facet normal -0.928136 -0.372241 0
    outer loop
      vertex 58.0038 36.4053 5
      vertex 58.185 35.9535 4.2
      vertex 58.185 35.9535 5
    endloop
  endfacet
  facet normal -0.768395 -0.639976 0
    outer loop
      vertex 58.0038 36.4053 4.2
      vertex 57.7018 36.7679 5
      vertex 57.7018 36.7679 4.2
    endloop
  endfacet
  facet normal -0.768395 -0.639976 0
    outer loop
      vertex 57.7018 36.7679 5
      vertex 58.0038 36.4053 4.2
      vertex 58.0038 36.4053 5
    endloop
  endfacet
  facet normal -0.538927 -0.842353 0
    outer loop
      vertex 57.2876 37.0329 4.2
      vertex 57.7018 36.7679 5
      vertex 57.2876 37.0329 5
    endloop
  endfacet
  facet normal -0.538927 -0.842353 -0
    outer loop
      vertex 57.7018 36.7679 5
      vertex 57.2876 37.0329 4.2
      vertex 57.7018 36.7679 4.2
    endloop
  endfacet
  facet normal -0.293334 -0.95601 0
    outer loop
      vertex 56.7694 37.1919 4.2
      vertex 57.2876 37.0329 5
      vertex 56.7694 37.1919 5
    endloop
  endfacet
  facet normal -0.293334 -0.95601 -0
    outer loop
      vertex 57.2876 37.0329 5
      vertex 56.7694 37.1919 4.2
      vertex 57.2876 37.0329 4.2
    endloop
  endfacet
  facet normal -0.0848878 -0.996391 0
    outer loop
      vertex 56.1473 37.2449 4.2
      vertex 56.7694 37.1919 5
      vertex 56.1473 37.2449 5
    endloop
  endfacet
  facet normal -0.0848878 -0.996391 -0
    outer loop
      vertex 56.7694 37.1919 5
      vertex 56.1473 37.2449 4.2
      vertex 56.7694 37.1919 4.2
    endloop
  endfacet
  facet normal 0.0909872 -0.995852 0
    outer loop
      vertex 55.5705 37.1922 4.2
      vertex 56.1473 37.2449 5
      vertex 55.5705 37.1922 5
    endloop
  endfacet
  facet normal 0.0909872 -0.995852 0
    outer loop
      vertex 56.1473 37.2449 5
      vertex 55.5705 37.1922 4.2
      vertex 56.1473 37.2449 4.2
    endloop
  endfacet
  facet normal 0.300523 -0.953775 0
    outer loop
      vertex 55.0681 37.0339 4.2
      vertex 55.5705 37.1922 5
      vertex 55.0681 37.0339 5
    endloop
  endfacet
  facet normal 0.300523 -0.953775 0
    outer loop
      vertex 55.5705 37.1922 5
      vertex 55.0681 37.0339 4.2
      vertex 55.5705 37.1922 4.2
    endloop
  endfacet
  facet normal 0.524552 -0.851378 0
    outer loop
      vertex 54.6401 36.7702 4.2
      vertex 55.0681 37.0339 5
      vertex 54.6401 36.7702 5
    endloop
  endfacet
  facet normal 0.524552 -0.851378 0
    outer loop
      vertex 55.0681 37.0339 5
      vertex 54.6401 36.7702 4.2
      vertex 55.0681 37.0339 4.2
    endloop
  endfacet
  facet normal 0.724031 -0.689768 0
    outer loop
      vertex 54.3039 36.4173 5
      vertex 54.6401 36.7702 4.2
      vertex 54.6401 36.7702 5
    endloop
  endfacet
  facet normal 0.724031 -0.689768 0
    outer loop
      vertex 54.6401 36.7702 4.2
      vertex 54.3039 36.4173 5
      vertex 54.3039 36.4173 4.2
    endloop
  endfacet
  facet normal 0.882255 -0.470771 0
    outer loop
      vertex 54.0768 35.9917 5
      vertex 54.3039 36.4173 4.2
      vertex 54.3039 36.4173 5
    endloop
  endfacet
  facet normal 0.882255 -0.470771 0
    outer loop
      vertex 54.3039 36.4173 4.2
      vertex 54.0768 35.9917 5
      vertex 54.0768 35.9917 4.2
    endloop
  endfacet
  facet normal 0.973142 -0.230204 0
    outer loop
      vertex 53.9589 35.4933 5
      vertex 54.0768 35.9917 4.2
      vertex 54.0768 35.9917 5
    endloop
  endfacet
  facet normal 0.973142 -0.230204 0
    outer loop
      vertex 54.0768 35.9917 4.2
      vertex 53.9589 35.4933 5
      vertex 53.9589 35.4933 4.2
    endloop
  endfacet
  facet normal 0.0919952 0.995759 -0
    outer loop
      vertex 54.8324 35.4126 4.2
      vertex 53.9589 35.4933 5
      vertex 54.8324 35.4126 5
    endloop
  endfacet
  facet normal 0.0919952 0.995759 0
    outer loop
      vertex 53.9589 35.4933 5
      vertex 54.8324 35.4126 4.2
      vertex 53.9589 35.4933 4.2
    endloop
  endfacet
  facet normal -0.976222 0.216774 0
    outer loop
      vertex 54.8324 35.4126 4.2
      vertex 54.9059 35.7436 5
      vertex 54.9059 35.7436 4.2
    endloop
  endfacet
  facet normal -0.976222 0.216774 0
    outer loop
      vertex 54.9059 35.7436 5
      vertex 54.8324 35.4126 4.2
      vertex 54.8324 35.4126 5
    endloop
  endfacet
  facet normal -0.894814 0.44644 0
    outer loop
      vertex 54.9059 35.7436 4.2
      vertex 55.0444 36.0212 5
      vertex 55.0444 36.0212 4.2
    endloop
  endfacet
  facet normal -0.894814 0.44644 0
    outer loop
      vertex 55.0444 36.0212 5
      vertex 54.9059 35.7436 4.2
      vertex 54.9059 35.7436 5
    endloop
  endfacet
  facet normal -0.741238 0.671242 0
    outer loop
      vertex 55.0444 36.0212 4.2
      vertex 55.2477 36.2457 5
      vertex 55.2477 36.2457 4.2
    endloop
  endfacet
  facet normal -0.741238 0.671242 0
    outer loop
      vertex 55.2477 36.2457 5
      vertex 55.0444 36.0212 4.2
      vertex 55.0444 36.0212 5
    endloop
  endfacet
  facet normal -0.539648 0.841891 0
    outer loop
      vertex 55.5048 36.4105 4.2
      vertex 55.2477 36.2457 5
      vertex 55.5048 36.4105 5
    endloop
  endfacet
  facet normal -0.539648 0.841891 0
    outer loop
      vertex 55.2477 36.2457 5
      vertex 55.5048 36.4105 4.2
      vertex 55.2477 36.2457 4.2
    endloop
  endfacet
  facet normal -0.313186 0.949692 0
    outer loop
      vertex 55.8047 36.5094 4.2
      vertex 55.5048 36.4105 5
      vertex 55.8047 36.5094 5
    endloop
  endfacet
  facet normal -0.313186 0.949692 0
    outer loop
      vertex 55.5048 36.4105 5
      vertex 55.8047 36.5094 4.2
      vertex 55.5048 36.4105 4.2
    endloop
  endfacet
  facet normal -0.0958785 0.995393 0
    outer loop
      vertex 56.1473 36.5424 4.2
      vertex 55.8047 36.5094 5
      vertex 56.1473 36.5424 5
    endloop
  endfacet
  facet normal -0.0958785 0.995393 0
    outer loop
      vertex 55.8047 36.5094 5
      vertex 56.1473 36.5424 4.2
      vertex 55.8047 36.5094 4.2
    endloop
  endfacet
  facet normal 0.0948091 0.995495 -0
    outer loop
      vertex 56.5022 36.5086 4.2
      vertex 56.1473 36.5424 5
      vertex 56.5022 36.5086 5
    endloop
  endfacet
  facet normal 0.0948091 0.995495 0
    outer loop
      vertex 56.1473 36.5424 5
      vertex 56.5022 36.5086 4.2
      vertex 56.1473 36.5424 4.2
    endloop
  endfacet
  facet normal 0.3205 0.947249 -0
    outer loop
      vertex 56.8013 36.4074 4.2
      vertex 56.5022 36.5086 5
      vertex 56.8013 36.4074 5
    endloop
  endfacet
  facet normal 0.3205 0.947249 0
    outer loop
      vertex 56.5022 36.5086 5
      vertex 56.8013 36.4074 4.2
      vertex 56.5022 36.5086 4.2
    endloop
  endfacet
  facet normal 0.570351 0.821401 -0
    outer loop
      vertex 57.0444 36.2386 4.2
      vertex 56.8013 36.4074 5
      vertex 57.0444 36.2386 5
    endloop
  endfacet
  facet normal 0.570351 0.821401 0
    outer loop
      vertex 56.8013 36.4074 5
      vertex 57.0444 36.2386 4.2
      vertex 56.8013 36.4074 4.2
    endloop
  endfacet
  facet normal 0.788669 0.614819 0
    outer loop
      vertex 57.2237 36.0086 5
      vertex 57.0444 36.2386 4.2
      vertex 57.0444 36.2386 5
    endloop
  endfacet
  facet normal 0.788669 0.614819 0
    outer loop
      vertex 57.0444 36.2386 4.2
      vertex 57.2237 36.0086 5
      vertex 57.2237 36.0086 4.2
    endloop
  endfacet
  facet normal 0.935354 0.353714 0
    outer loop
      vertex 57.3314 35.7238 5
      vertex 57.2237 36.0086 4.2
      vertex 57.2237 36.0086 5
    endloop
  endfacet
  facet normal 0.935354 0.353714 0
    outer loop
      vertex 57.2237 36.0086 4.2
      vertex 57.3314 35.7238 5
      vertex 57.3314 35.7238 4.2
    endloop
  endfacet
  facet normal 0.994493 0.104807 0
    outer loop
      vertex 57.3672 35.3841 5
      vertex 57.3314 35.7238 4.2
      vertex 57.3314 35.7238 5
    endloop
  endfacet
  facet normal 0.994493 0.104807 0
    outer loop
      vertex 57.3314 35.7238 4.2
      vertex 57.3672 35.3841 5
      vertex 57.3672 35.3841 4.2
    endloop
  endfacet
  facet normal 0.996878 -0.0789606 0
    outer loop
      vertex 57.3464 35.1215 5
      vertex 57.3672 35.3841 4.2
      vertex 57.3672 35.3841 5
    endloop
  endfacet
  facet normal 0.996878 -0.0789606 0
    outer loop
      vertex 57.3672 35.3841 4.2
      vertex 57.3464 35.1215 5
      vertex 57.3464 35.1215 4.2
    endloop
  endfacet
  facet normal 0.968652 -0.248423 0
    outer loop
      vertex 57.2839 34.8778 5
      vertex 57.3464 35.1215 4.2
      vertex 57.3464 35.1215 5
    endloop
  endfacet
  facet normal 0.968652 -0.248423 0
    outer loop
      vertex 57.3464 35.1215 4.2
      vertex 57.2839 34.8778 5
      vertex 57.2839 34.8778 4.2
    endloop
  endfacet
  facet normal 0.907202 -0.420696 0
    outer loop
      vertex 57.1797 34.6531 5
      vertex 57.2839 34.8778 4.2
      vertex 57.2839 34.8778 5
    endloop
  endfacet
  facet normal 0.907202 -0.420696 0
    outer loop
      vertex 57.2839 34.8778 4.2
      vertex 57.1797 34.6531 5
      vertex 57.1797 34.6531 4.2
    endloop
  endfacet
  facet normal 0.838263 -0.545266 0
    outer loop
      vertex 57.0418 34.4411 5
      vertex 57.1797 34.6531 4.2
      vertex 57.1797 34.6531 5
    endloop
  endfacet
  facet normal 0.838263 -0.545266 0
    outer loop
      vertex 57.1797 34.6531 4.2
      vertex 57.0418 34.4411 5
      vertex 57.0418 34.4411 4.2
    endloop
  endfacet
  facet normal 0.782277 -0.622931 0
    outer loop
      vertex 56.878 34.2354 5
      vertex 57.0418 34.4411 4.2
      vertex 57.0418 34.4411 5
    endloop
  endfacet
  facet normal 0.782277 -0.622931 0
    outer loop
      vertex 57.0418 34.4411 4.2
      vertex 56.878 34.2354 5
      vertex 56.878 34.2354 4.2
    endloop
  endfacet
  facet normal 0.724691 -0.689074 0
    outer loop
      vertex 56.6884 34.036 5
      vertex 56.878 34.2354 4.2
      vertex 56.878 34.2354 5
    endloop
  endfacet
  facet normal 0.724691 -0.689074 0
    outer loop
      vertex 56.878 34.2354 4.2
      vertex 56.6884 34.036 5
      vertex 56.6884 34.036 4.2
    endloop
  endfacet
  facet normal 0.681476 -0.73184 0
    outer loop
      vertex 56.4777 33.8398 4.2
      vertex 56.6884 34.036 5
      vertex 56.4777 33.8398 5
    endloop
  endfacet
  facet normal 0.681476 -0.73184 0
    outer loop
      vertex 56.6884 34.036 5
      vertex 56.4777 33.8398 4.2
      vertex 56.6884 34.036 4.2
    endloop
  endfacet
  facet normal 0.65375 -0.756711 0
    outer loop
      vertex 56.2506 33.6436 4.2
      vertex 56.4777 33.8398 5
      vertex 56.2506 33.6436 5
    endloop
  endfacet
  facet normal 0.65375 -0.756711 0
    outer loop
      vertex 56.4777 33.8398 5
      vertex 56.2506 33.6436 4.2
      vertex 56.4777 33.8398 4.2
    endloop
  endfacet
  facet normal 0.627577 -0.778554 0
    outer loop
      vertex 56.0072 33.4474 4.2
      vertex 56.2506 33.6436 5
      vertex 56.0072 33.4474 5
    endloop
  endfacet
  facet normal 0.627577 -0.778554 0
    outer loop
      vertex 56.2506 33.6436 5
      vertex 56.0072 33.4474 4.2
      vertex 56.2506 33.6436 4.2
    endloop
  endfacet
  facet normal 0.62428 -0.781201 0
    outer loop
      vertex 55.7548 33.2457 4.2
      vertex 56.0072 33.4474 5
      vertex 55.7548 33.2457 5
    endloop
  endfacet
  facet normal 0.62428 -0.781201 0
    outer loop
      vertex 56.0072 33.4474 5
      vertex 55.7548 33.2457 4.2
      vertex 56.0072 33.4474 4.2
    endloop
  endfacet
  facet normal 0.642349 -0.766412 0
    outer loop
      vertex 55.5009 33.0329 4.2
      vertex 55.7548 33.2457 5
      vertex 55.5009 33.0329 5
    endloop
  endfacet
  facet normal 0.642349 -0.766412 0
    outer loop
      vertex 55.7548 33.2457 5
      vertex 55.5009 33.0329 4.2
      vertex 55.7548 33.2457 4.2
    endloop
  endfacet
  facet normal 0.658921 -0.752212 0
    outer loop
      vertex 55.2453 32.809 4.2
      vertex 55.5009 33.0329 5
      vertex 55.2453 32.809 5
    endloop
  endfacet
  facet normal 0.658921 -0.752212 0
    outer loop
      vertex 55.5009 33.0329 5
      vertex 55.2453 32.809 4.2
      vertex 55.5009 33.0329 4.2
    endloop
  endfacet
  facet normal 0.686801 -0.726845 0
    outer loop
      vertex 54.993 32.5706 4.2
      vertex 55.2453 32.809 5
      vertex 54.993 32.5706 5
    endloop
  endfacet
  facet normal 0.686801 -0.726845 0
    outer loop
      vertex 55.2453 32.809 5
      vertex 54.993 32.5706 4.2
      vertex 55.2453 32.809 4.2
    endloop
  endfacet
  facet normal 0.723701 -0.690113 0
    outer loop
      vertex 54.7485 32.3142 5
      vertex 54.993 32.5706 4.2
      vertex 54.993 32.5706 5
    endloop
  endfacet
  facet normal 0.723701 -0.690113 0
    outer loop
      vertex 54.993 32.5706 4.2
      vertex 54.7485 32.3142 5
      vertex 54.7485 32.3142 4.2
    endloop
  endfacet
  facet normal 0.757226 -0.653153 0
    outer loop
      vertex 54.5119 32.0399 5
      vertex 54.7485 32.3142 4.2
      vertex 54.7485 32.3142 5
    endloop
  endfacet
  facet normal 0.757226 -0.653153 0
    outer loop
      vertex 54.7485 32.3142 4.2
      vertex 54.5119 32.0399 5
      vertex 54.5119 32.0399 4.2
    endloop
  endfacet
  facet normal 0.803323 -0.595544 0
    outer loop
      vertex 54.2912 31.7422 5
      vertex 54.5119 32.0399 4.2
      vertex 54.5119 32.0399 5
    endloop
  endfacet
  facet normal 0.803323 -0.595544 0
    outer loop
      vertex 54.5119 32.0399 4.2
      vertex 54.2912 31.7422 5
      vertex 54.2912 31.7422 4.2
    endloop
  endfacet
  facet normal 0.856358 -0.516383 0
    outer loop
      vertex 54.0942 31.4155 5
      vertex 54.2912 31.7422 4.2
      vertex 54.2912 31.7422 5
    endloop
  endfacet
  facet normal 0.856358 -0.516383 0
    outer loop
      vertex 54.2912 31.7422 4.2
      vertex 54.0942 31.4155 5
      vertex 54.0942 31.4155 4.2
    endloop
  endfacet
  facet normal 0.899128 -0.437687 0
    outer loop
      vertex 53.921 31.0597 5
      vertex 54.0942 31.4155 4.2
      vertex 54.0942 31.4155 5
    endloop
  endfacet
  facet normal 0.899128 -0.437687 0
    outer loop
      vertex 54.0942 31.4155 4.2
      vertex 53.921 31.0597 5
      vertex 53.921 31.0597 4.2
    endloop
  endfacet
  facet normal 1 -0 0
    outer loop
      vertex 53.921 30.4569 5
      vertex 53.921 31.0597 4.2
      vertex 53.921 31.0597 5
    endloop
  endfacet
  facet normal 1 0 0
    outer loop
      vertex 53.921 31.0597 4.2
      vertex 53.921 30.4569 5
      vertex 53.921 30.4569 4.2
    endloop
  endfacet
  facet normal 0 1 -0
    outer loop
      vertex 58.3498 30.4569 4.2
      vertex 53.921 30.4569 5
      vertex 58.3498 30.4569 5
    endloop
  endfacet
  facet normal 0 1 0
    outer loop
      vertex 53.921 30.4569 5
      vertex 58.3498 30.4569 4.2
      vertex 53.921 30.4569 4.2
    endloop
  endfacet
  facet normal -1 0 0
    outer loop
      vertex 58.3498 30.4569 4.2
      vertex 58.3498 31.1831 5
      vertex 58.3498 31.1831 4.2
    endloop
  endfacet
  facet normal -1 -0 0
    outer loop
      vertex 58.3498 31.1831 5
      vertex 58.3498 30.4569 4.2
      vertex 58.3498 30.4569 5
    endloop
  endfacet
  facet normal -0.360256 0.932853 0
    outer loop
      vertex 49.4876 30.6341 4.2
      vertex 48.9591 30.43 5
      vertex 49.4876 30.6341 5
    endloop
  endfacet
  facet normal -0.360256 0.932853 0
    outer loop
      vertex 48.9591 30.43 5
      vertex 49.4876 30.6341 4.2
      vertex 48.9591 30.43 4.2
    endloop
  endfacet
  facet normal -0.619219 0.785218 0
    outer loop
      vertex 49.919 30.9743 4.2
      vertex 49.4876 30.6341 5
      vertex 49.919 30.9743 5
    endloop
  endfacet
  facet normal -0.619219 0.785218 0
    outer loop
      vertex 49.4876 30.6341 5
      vertex 49.919 30.9743 4.2
      vertex 49.4876 30.6341 4.2
    endloop
  endfacet
  facet normal -0.820375 0.571826 0
    outer loop
      vertex 49.919 30.9743 4.2
      vertex 50.2381 31.4321 5
      vertex 50.2381 31.4321 4.2
    endloop
  endfacet
  facet normal -0.820375 0.571826 0
    outer loop
      vertex 50.2381 31.4321 5
      vertex 49.919 30.9743 4.2
      vertex 49.919 30.9743 5
    endloop
  endfacet
  facet normal -0.945722 0.324975 0
    outer loop
      vertex 50.2381 31.4321 4.2
      vertex 50.4295 31.9891 5
      vertex 50.4295 31.9891 4.2
    endloop
  endfacet
  facet normal -0.945722 0.324975 0
    outer loop
      vertex 50.4295 31.9891 5
      vertex 50.2381 31.4321 4.2
      vertex 50.2381 31.4321 5
    endloop
  endfacet
  facet normal -0.995291 0.096935 0
    outer loop
      vertex 50.4295 31.9891 4.2
      vertex 50.4934 32.6452 5
      vertex 50.4934 32.6452 4.2
    endloop
  endfacet
  facet normal -0.995291 0.096935 0
    outer loop
      vertex 50.4934 32.6452 5
      vertex 50.4295 31.9891 4.2
      vertex 50.4295 31.9891 5
    endloop
  endfacet
  facet normal -0.995095 -0.09892 0
    outer loop
      vertex 50.4934 32.6452 4.2
      vertex 50.433 33.2528 5
      vertex 50.433 33.2528 4.2
    endloop
  endfacet
  facet normal -0.995095 -0.09892 0
    outer loop
      vertex 50.433 33.2528 5
      vertex 50.4934 32.6452 4.2
      vertex 50.4934 32.6452 5
    endloop
  endfacet
  facet normal -0.944113 -0.329621 0
    outer loop
      vertex 50.433 33.2528 4.2
      vertex 50.2518 33.7718 5
      vertex 50.2518 33.7718 4.2
    endloop
  endfacet
  facet normal -0.944113 -0.329621 0
    outer loop
      vertex 50.2518 33.7718 5
      vertex 50.433 33.2528 4.2
      vertex 50.433 33.2528 5
    endloop
  endfacet
  facet normal -0.818525 -0.57447 0
    outer loop
      vertex 50.2518 33.7718 4.2
      vertex 49.9498 34.2021 5
      vertex 49.9498 34.2021 4.2
    endloop
  endfacet
  facet normal -0.818525 -0.57447 0
    outer loop
      vertex 49.9498 34.2021 5
      vertex 50.2518 33.7718 4.2
      vertex 50.2518 33.7718 5
    endloop
  endfacet
  facet normal -0.622287 -0.782789 0
    outer loop
      vertex 49.545 34.5239 4.2
      vertex 49.9498 34.2021 5
      vertex 49.545 34.5239 5
    endloop
  endfacet
  facet normal -0.622287 -0.782789 -0
    outer loop
      vertex 49.9498 34.2021 5
      vertex 49.545 34.5239 4.2
      vertex 49.9498 34.2021 4.2
    endloop
  endfacet
  facet normal -0.366669 -0.930351 0
    outer loop
      vertex 49.0553 34.7169 4.2
      vertex 49.545 34.5239 5
      vertex 49.0553 34.7169 5
    endloop
  endfacet
  facet normal -0.366669 -0.930351 -0
    outer loop
      vertex 49.545 34.5239 5
      vertex 49.0553 34.7169 4.2
      vertex 49.545 34.5239 4.2
    endloop
  endfacet
  facet normal -0.111381 -0.993778 0
    outer loop
      vertex 48.4807 34.7813 4.2
      vertex 49.0553 34.7169 5
      vertex 48.4807 34.7813 5
    endloop
  endfacet
  facet normal -0.111381 -0.993778 -0
    outer loop
      vertex 49.0553 34.7169 5
      vertex 48.4807 34.7813 4.2
      vertex 49.0553 34.7169 4.2
    endloop
  endfacet
  facet normal 0.0714899 -0.997441 0
    outer loop
      vertex 48.1305 34.7562 4.2
      vertex 48.4807 34.7813 5
      vertex 48.1305 34.7562 5
    endloop
  endfacet
  facet normal 0.0714899 -0.997441 0
    outer loop
      vertex 48.4807 34.7813 5
      vertex 48.1305 34.7562 4.2
      vertex 48.4807 34.7813 4.2
    endloop
  endfacet
  facet normal 0.2266 -0.973988 0
    outer loop
      vertex 47.8077 34.6811 4.2
      vertex 48.1305 34.7562 5
      vertex 47.8077 34.6811 5
    endloop
  endfacet
  facet normal 0.2266 -0.973988 0
    outer loop
      vertex 48.1305 34.7562 5
      vertex 47.8077 34.6811 4.2
      vertex 48.1305 34.7562 4.2
    endloop
  endfacet
  facet normal 0.390494 -0.920606 0
    outer loop
      vertex 47.5123 34.5558 4.2
      vertex 47.8077 34.6811 5
      vertex 47.5123 34.5558 5
    endloop
  endfacet
  facet normal 0.390494 -0.920606 0
    outer loop
      vertex 47.8077 34.6811 5
      vertex 47.5123 34.5558 4.2
      vertex 47.8077 34.6811 4.2
    endloop
  endfacet
  facet normal 0.553889 -0.832591 0
    outer loop
      vertex 47.2518 34.3825 4.2
      vertex 47.5123 34.5558 5
      vertex 47.2518 34.3825 5
    endloop
  endfacet
  facet normal 0.553889 -0.832591 0
    outer loop
      vertex 47.5123 34.5558 5
      vertex 47.2518 34.3825 4.2
      vertex 47.5123 34.5558 4.2
    endloop
  endfacet
  facet normal 0.708237 -0.705975 0
    outer loop
      vertex 47.0334 34.1634 5
      vertex 47.2518 34.3825 4.2
      vertex 47.2518 34.3825 5
    endloop
  endfacet
  facet normal 0.708237 -0.705975 0
    outer loop
      vertex 47.2518 34.3825 4.2
      vertex 47.0334 34.1634 5
      vertex 47.0334 34.1634 4.2
    endloop
  endfacet
  facet normal 0.832968 -0.553322 0
    outer loop
      vertex 46.8573 33.8983 5
      vertex 47.0334 34.1634 4.2
      vertex 47.0334 34.1634 5
    endloop
  endfacet
  facet normal 0.832968 -0.553322 0
    outer loop
      vertex 47.0334 34.1634 4.2
      vertex 46.8573 33.8983 5
      vertex 46.8573 33.8983 4.2
    endloop
  endfacet
  facet normal -0.998429 0.0560279 0
    outer loop
      vertex 46.8573 33.8983 4.2
      vertex 46.9018 34.6913 5
      vertex 46.9018 34.6913 4.2
    endloop
  endfacet
  facet normal -0.998429 0.0560279 0
    outer loop
      vertex 46.9018 34.6913 5
      vertex 46.8573 33.8983 4.2
      vertex 46.8573 33.8983 5
    endloop
  endfacet
  facet normal -0.979945 0.199268 0
    outer loop
      vertex 46.9018 34.6913 4.2
      vertex 47.0355 35.3488 5
      vertex 47.0355 35.3488 4.2
    endloop
  endfacet
  facet normal -0.979945 0.199268 0
    outer loop
      vertex 47.0355 35.3488 5
      vertex 46.9018 34.6913 4.2
      vertex 46.9018 34.6913 5
    endloop
  endfacet
  facet normal -0.919636 0.392771 0
    outer loop
      vertex 47.0355 35.3488 4.2
      vertex 47.2584 35.8707 5
      vertex 47.2584 35.8707 4.2
    endloop
  endfacet
  facet normal -0.919636 0.392771 0
    outer loop
      vertex 47.2584 35.8707 5
      vertex 47.0355 35.3488 4.2
      vertex 47.0355 35.3488 5
    endloop
  endfacet
  facet normal -0.779581 0.626302 0
    outer loop
      vertex 47.2584 35.8707 4.2
      vertex 47.5624 36.2491 5
      vertex 47.5624 36.2491 4.2
    endloop
  endfacet
  facet normal -0.779581 0.626302 0
    outer loop
      vertex 47.5624 36.2491 5
      vertex 47.2584 35.8707 4.2
      vertex 47.2584 35.8707 5
    endloop
  endfacet
  facet normal -0.51543 0.856931 0
    outer loop
      vertex 47.9398 36.4761 4.2
      vertex 47.5624 36.2491 5
      vertex 47.9398 36.4761 5
    endloop
  endfacet
  facet normal -0.51543 0.856931 0
    outer loop
      vertex 47.5624 36.2491 5
      vertex 47.9398 36.4761 4.2
      vertex 47.5624 36.2491 4.2
    endloop
  endfacet
  facet normal -0.165641 0.986186 0
    outer loop
      vertex 48.3905 36.5518 4.2
      vertex 47.9398 36.4761 5
      vertex 48.3905 36.5518 5
    endloop
  endfacet
  facet normal -0.165641 0.986186 0
    outer loop
      vertex 47.9398 36.4761 5
      vertex 48.3905 36.5518 4.2
      vertex 47.9398 36.4761 4.2
    endloop
  endfacet
  facet normal 0.178487 0.983942 -0
    outer loop
      vertex 48.8905 36.4611 4.2
      vertex 48.3905 36.5518 5
      vertex 48.8905 36.4611 5
    endloop
  endfacet
  facet normal 0.178487 0.983942 0
    outer loop
      vertex 48.3905 36.5518 5
      vertex 48.8905 36.4611 4.2
      vertex 48.3905 36.5518 4.2
    endloop
  endfacet
  facet normal 0.595474 0.803375 -0
    outer loop
      vertex 49.2576 36.189 4.2
      vertex 48.8905 36.4611 5
      vertex 49.2576 36.189 5
    endloop
  endfacet
  facet normal 0.595474 0.803375 0
    outer loop
      vertex 48.8905 36.4611 5
      vertex 49.2576 36.189 4.2
      vertex 48.8905 36.4611 4.2
    endloop
  endfacet
  facet normal 0.888554 0.458773 0
    outer loop
      vertex 49.4918 35.7354 5
      vertex 49.2576 36.189 4.2
      vertex 49.2576 36.189 5
    endloop
  endfacet
  facet normal 0.888554 0.458773 0
    outer loop
      vertex 49.2576 36.189 4.2
      vertex 49.4918 35.7354 5
      vertex 49.4918 35.7354 4.2
    endloop
  endfacet
  facet normal -0.177422 0.984135 0
    outer loop
      vertex 50.3083 35.8826 4.2
      vertex 49.4918 35.7354 5
      vertex 50.3083 35.8826 5
    endloop
  endfacet
  facet normal -0.177422 0.984135 0
    outer loop
      vertex 49.4918 35.7354 5
      vertex 50.3083 35.8826 4.2
      vertex 49.4918 35.7354 4.2
    endloop
  endfacet
  facet normal -0.890248 -0.455476 0
    outer loop
      vertex 50.3083 35.8826 4.2
      vertex 49.9211 36.6394 5
      vertex 49.9211 36.6394 4.2
    endloop
  endfacet
  facet normal -0.890248 -0.455476 0
    outer loop
      vertex 49.9211 36.6394 5
      vertex 50.3083 35.8826 4.2
      vertex 50.3083 35.8826 5
    endloop
  endfacet
  facet normal -0.58102 -0.813889 0
    outer loop
      vertex 49.285 37.0935 4.2
      vertex 49.9211 36.6394 5
      vertex 49.285 37.0935 5
    endloop
  endfacet
  facet normal -0.58102 -0.813889 -0
    outer loop
      vertex 49.9211 36.6394 5
      vertex 49.285 37.0935 4.2
      vertex 49.9211 36.6394 4.2
    endloop
  endfacet
  facet normal -0.168624 -0.98568 0
    outer loop
      vertex 48.4 37.2449 4.2
      vertex 49.285 37.0935 5
      vertex 48.4 37.2449 5
    endloop
  endfacet
  facet normal -0.168624 -0.98568 -0
    outer loop
      vertex 49.285 37.0935 5
      vertex 48.4 37.2449 4.2
      vertex 49.285 37.0935 4.2
    endloop
  endfacet
  facet normal 0.144652 -0.989483 0
    outer loop
      vertex 47.6927 37.1415 4.2
      vertex 48.4 37.2449 5
      vertex 47.6927 37.1415 5
    endloop
  endfacet
  facet normal 0.144652 -0.989483 0
    outer loop
      vertex 48.4 37.2449 5
      vertex 47.6927 37.1415 4.2
      vertex 48.4 37.2449 4.2
    endloop
  endfacet
  facet normal 0.465122 -0.885247 0
    outer loop
      vertex 47.1025 36.8314 4.2
      vertex 47.6927 37.1415 5
      vertex 47.1025 36.8314 5
    endloop
  endfacet
  facet normal 0.465122 -0.885247 0
    outer loop
      vertex 47.6927 37.1415 5
      vertex 47.1025 36.8314 4.2
      vertex 47.6927 37.1415 4.2
    endloop
  endfacet
  facet normal 0.737669 -0.675162 0
    outer loop
      vertex 46.6294 36.3145 5
      vertex 47.1025 36.8314 4.2
      vertex 47.1025 36.8314 5
    endloop
  endfacet
  facet normal 0.737669 -0.675162 0
    outer loop
      vertex 47.1025 36.8314 4.2
      vertex 46.6294 36.3145 5
      vertex 46.6294 36.3145 4.2
    endloop
  endfacet
  facet normal 0.899214 -0.43751 0
    outer loop
      vertex 46.284 35.6046 5
      vertex 46.6294 36.3145 4.2
      vertex 46.6294 36.3145 5
    endloop
  endfacet
  facet normal 0.899214 -0.43751 0
    outer loop
      vertex 46.6294 36.3145 4.2
      vertex 46.284 35.6046 5
      vertex 46.284 35.6046 4.2
    endloop
  endfacet
  facet normal 0.97389 -0.227018 0
    outer loop
      vertex 46.0767 34.7153 5
      vertex 46.284 35.6046 4.2
      vertex 46.284 35.6046 5
    endloop
  endfacet
  facet normal 0.97389 -0.227018 0
    outer loop
      vertex 46.284 35.6046 4.2
      vertex 46.0767 34.7153 5
      vertex 46.0767 34.7153 4.2
    endloop
  endfacet
  facet normal 0.997915 -0.0645353 0
    outer loop
      vertex 46.0076 33.6468 5
      vertex 46.0767 34.7153 4.2
      vertex 46.0767 34.7153 5
    endloop
  endfacet
  facet normal 0.997915 -0.0645353 0
    outer loop
      vertex 46.0767 34.7153 4.2
      vertex 46.0076 33.6468 5
      vertex 46.0076 33.6468 4.2
    endloop
  endfacet
  facet normal 0.997727 0.0673798 0
    outer loop
      vertex 46.0741 32.6621 5
      vertex 46.0076 33.6468 4.2
      vertex 46.0076 33.6468 5
    endloop
  endfacet
  facet normal 0.997727 0.0673798 0
    outer loop
      vertex 46.0076 33.6468 4.2
      vertex 46.0741 32.6621 5
      vertex 46.0741 32.6621 4.2
    endloop
  endfacet
  facet normal 0.971371 0.237568 0
    outer loop
      vertex 46.2734 31.8472 5
      vertex 46.0741 32.6621 4.2
      vertex 46.0741 32.6621 5
    endloop
  endfacet
  facet normal 0.971371 0.237568 0
    outer loop
      vertex 46.0741 32.6621 4.2
      vertex 46.2734 31.8472 5
      vertex 46.2734 31.8472 4.2
    endloop
  endfacet
  facet normal 0.888988 0.45793 0
    outer loop
      vertex 46.6057 31.2021 5
      vertex 46.2734 31.8472 4.2
      vertex 46.2734 31.8472 5
    endloop
  endfacet
  facet normal 0.888988 0.45793 0
    outer loop
      vertex 46.2734 31.8472 4.2
      vertex 46.6057 31.2021 5
      vertex 46.6057 31.2021 4.2
    endloop
  endfacet
  facet normal 0.713881 0.700267 0
    outer loop
      vertex 47.0635 30.7354 5
      vertex 46.6057 31.2021 4.2
      vertex 46.6057 31.2021 5
    endloop
  endfacet
  facet normal 0.713881 0.700267 0
    outer loop
      vertex 46.6057 31.2021 4.2
      vertex 47.0635 30.7354 5
      vertex 47.0635 30.7354 4.2
    endloop
  endfacet
  facet normal 0.437319 0.899306 -0
    outer loop
      vertex 47.6395 30.4553 4.2
      vertex 47.0635 30.7354 5
      vertex 47.6395 30.4553 5
    endloop
  endfacet
  facet normal 0.437319 0.899306 0
    outer loop
      vertex 47.0635 30.7354 5
      vertex 47.6395 30.4553 4.2
      vertex 47.0635 30.7354 4.2
    endloop
  endfacet
  facet normal 0.133221 0.991086 -0
    outer loop
      vertex 48.3336 30.362 4.2
      vertex 47.6395 30.4553 5
      vertex 48.3336 30.362 5
    endloop
  endfacet
  facet normal 0.133221 0.991086 0
    outer loop
      vertex 47.6395 30.4553 5
      vertex 48.3336 30.362 4.2
      vertex 47.6395 30.4553 4.2
    endloop
  endfacet
  facet normal -0.108076 0.994143 0
    outer loop
      vertex 48.9591 30.43 4.2
      vertex 48.3336 30.362 5
      vertex 48.9591 30.43 5
    endloop
  endfacet
  facet normal -0.108076 0.994143 0
    outer loop
      vertex 48.3336 30.362 5
      vertex 48.9591 30.43 4.2
      vertex 48.3336 30.362 4.2
    endloop
  endfacet
  facet normal -0.449945 -0.893056 0
    outer loop
      vertex 47.6036 31.2697 4.2
      vertex 47.9303 31.1051 5
      vertex 47.6036 31.2697 5
    endloop
  endfacet
  facet normal -0.449945 -0.893056 -0
    outer loop
      vertex 47.9303 31.1051 5
      vertex 47.6036 31.2697 4.2
      vertex 47.9303 31.1051 4.2
    endloop
  endfacet
  facet normal -0.701201 -0.712964 0
    outer loop
      vertex 47.3248 31.5439 4.2
      vertex 47.6036 31.2697 5
      vertex 47.3248 31.5439 5
    endloop
  endfacet
  facet normal -0.701201 -0.712964 -0
    outer loop
      vertex 47.6036 31.2697 5
      vertex 47.3248 31.5439 4.2
      vertex 47.6036 31.2697 4.2
    endloop
  endfacet
  facet normal -0.861664 -0.50748 0
    outer loop
      vertex 47.3248 31.5439 4.2
      vertex 47.1126 31.9042 5
      vertex 47.1126 31.9042 4.2
    endloop
  endfacet
  facet normal -0.861664 -0.50748 0
    outer loop
      vertex 47.1126 31.9042 5
      vertex 47.3248 31.5439 4.2
      vertex 47.3248 31.5439 5
    endloop
  endfacet
  facet normal -0.957401 -0.288762 0
    outer loop
      vertex 47.1126 31.9042 4.2
      vertex 46.9852 32.3266 5
      vertex 46.9852 32.3266 4.2
    endloop
  endfacet
  facet normal -0.957401 -0.288762 0
    outer loop
      vertex 46.9852 32.3266 5
      vertex 47.1126 31.9042 4.2
      vertex 47.1126 31.9042 5
    endloop
  endfacet
  facet normal -0.996178 -0.087348 0
    outer loop
      vertex 46.9852 32.3266 4.2
      vertex 46.9427 32.8113 5
      vertex 46.9427 32.8113 4.2
    endloop
  endfacet
  facet normal -0.996178 -0.087348 0
    outer loop
      vertex 46.9427 32.8113 5
      vertex 46.9852 32.3266 4.2
      vertex 46.9852 32.3266 5
    endloop
  endfacet
  facet normal -0.994227 0.107293 0
    outer loop
      vertex 46.9427 32.8113 4.2
      vertex 46.9836 33.1903 5
      vertex 46.9836 33.1903 4.2
    endloop
  endfacet
  facet normal -0.994227 0.107293 0
    outer loop
      vertex 46.9836 33.1903 5
      vertex 46.9427 32.8113 4.2
      vertex 46.9427 32.8113 5
    endloop
  endfacet
  facet normal -0.93396 0.357377 0
    outer loop
      vertex 46.9836 33.1903 4.2
      vertex 47.1062 33.5107 5
      vertex 47.1062 33.5107 4.2
    endloop
  endfacet
  facet normal -0.93396 0.357377 0
    outer loop
      vertex 47.1062 33.5107 5
      vertex 46.9836 33.1903 4.2
      vertex 46.9836 33.1903 5
    endloop
  endfacet
  facet normal -0.78833 0.615253 0
    outer loop
      vertex 47.1062 33.5107 4.2
      vertex 47.3106 33.7726 5
      vertex 47.3106 33.7726 4.2
    endloop
  endfacet
  facet normal -0.78833 0.615253 0
    outer loop
      vertex 47.3106 33.7726 5
      vertex 47.1062 33.5107 4.2
      vertex 47.1062 33.5107 5
    endloop
  endfacet
  facet normal -0.581977 0.813206 0
    outer loop
      vertex 47.5814 33.9664 4.2
      vertex 47.3106 33.7726 5
      vertex 47.5814 33.9664 5
    endloop
  endfacet
  facet normal -0.581977 0.813206 0
    outer loop
      vertex 47.3106 33.7726 5
      vertex 47.5814 33.9664 4.2
      vertex 47.3106 33.7726 4.2
    endloop
  endfacet
  facet normal -0.339702 0.940533 0
    outer loop
      vertex 47.9034 34.0827 4.2
      vertex 47.5814 33.9664 5
      vertex 47.9034 34.0827 5
    endloop
  endfacet
  facet normal -0.339702 0.940533 0
    outer loop
      vertex 47.5814 33.9664 5
      vertex 47.9034 34.0827 4.2
      vertex 47.5814 33.9664 4.2
    endloop
  endfacet
  facet normal -0.103145 0.994666 0
    outer loop
      vertex 48.2766 34.1214 4.2
      vertex 47.9034 34.0827 5
      vertex 48.2766 34.1214 5
    endloop
  endfacet
  facet normal -0.103145 0.994666 0
    outer loop
      vertex 47.9034 34.0827 5
      vertex 48.2766 34.1214 4.2
      vertex 47.9034 34.0827 4.2
    endloop
  endfacet
  facet normal 0.110543 0.993871 -0
    outer loop
      vertex 48.6695 34.0777 4.2
      vertex 48.2766 34.1214 5
      vertex 48.6695 34.0777 5
    endloop
  endfacet
  facet normal 0.110543 0.993871 0
    outer loop
      vertex 48.2766 34.1214 5
      vertex 48.6695 34.0777 4.2
      vertex 48.2766 34.1214 4.2
    endloop
  endfacet
  facet normal 0.369258 0.929327 -0
    outer loop
      vertex 49.0002 33.9463 4.2
      vertex 48.6695 34.0777 5
      vertex 49.0002 33.9463 5
    endloop
  endfacet
  facet normal 0.369258 0.929327 0
    outer loop
      vertex 48.6695 34.0777 5
      vertex 49.0002 33.9463 4.2
      vertex 48.6695 34.0777 4.2
    endloop
  endfacet
  facet normal 0.631885 0.775062 -0
    outer loop
      vertex 49.2687 33.7274 4.2
      vertex 49.0002 33.9463 5
      vertex 49.2687 33.7274 5
    endloop
  endfacet
  facet normal 0.631885 0.775062 0
    outer loop
      vertex 49.0002 33.9463 5
      vertex 49.2687 33.7274 4.2
      vertex 49.0002 33.9463 4.2
    endloop
  endfacet
  facet normal 0.834443 0.551094 0
    outer loop
      vertex 49.4665 33.4279 5
      vertex 49.2687 33.7274 4.2
      vertex 49.2687 33.7274 5
    endloop
  endfacet
  facet normal 0.834443 0.551094 0
    outer loop
      vertex 49.2687 33.7274 4.2
      vertex 49.4665 33.4279 5
      vertex 49.4665 33.4279 4.2
    endloop
  endfacet
  facet normal 0.953006 0.302951 0
    outer loop
      vertex 49.5852 33.0545 5
      vertex 49.4665 33.4279 4.2
      vertex 49.4665 33.4279 5
    endloop
  endfacet
  facet normal 0.953006 0.302951 0
    outer loop
      vertex 49.4665 33.4279 4.2
      vertex 49.5852 33.0545 5
      vertex 49.5852 33.0545 4.2
    endloop
  endfacet
  facet normal 0.996124 0.0879653 0
    outer loop
      vertex 49.6247 32.6072 5
      vertex 49.5852 33.0545 4.2
      vertex 49.5852 33.0545 5
    endloop
  endfacet
  facet normal 0.996124 0.0879653 0
    outer loop
      vertex 49.5852 33.0545 4.2
      vertex 49.6247 32.6072 5
      vertex 49.6247 32.6072 4.2
    endloop
  endfacet
  facet normal 0.996259 -0.0864193 0
    outer loop
      vertex 49.5857 32.1576 5
      vertex 49.6247 32.6072 4.2
      vertex 49.6247 32.6072 5
    endloop
  endfacet
  facet normal 0.996259 -0.0864193 0
    outer loop
      vertex 49.6247 32.6072 4.2
      vertex 49.5857 32.1576 5
      vertex 49.5857 32.1576 4.2
    endloop
  endfacet
  facet normal 0.955784 -0.294068 0
    outer loop
      vertex 49.4686 31.777 5
      vertex 49.5857 32.1576 4.2
      vertex 49.5857 32.1576 5
    endloop
  endfacet
  facet normal 0.955784 -0.294068 0
    outer loop
      vertex 49.5857 32.1576 4.2
      vertex 49.4686 31.777 5
      vertex 49.4686 31.777 4.2
    endloop
  endfacet
  facet normal 0.847294 -0.531124 0
    outer loop
      vertex 49.2734 31.4656 5
      vertex 49.4686 31.777 4.2
      vertex 49.4686 31.777 5
    endloop
  endfacet
  facet normal 0.847294 -0.531124 0
    outer loop
      vertex 49.4686 31.777 4.2
      vertex 49.2734 31.4656 5
      vertex 49.2734 31.4656 4.2
    endloop
  endfacet
  facet normal 0.658444 -0.75263 0
    outer loop
      vertex 49.0097 31.2349 4.2
      vertex 49.2734 31.4656 5
      vertex 49.0097 31.2349 5
    endloop
  endfacet
  facet normal 0.658444 -0.75263 0
    outer loop
      vertex 49.2734 31.4656 5
      vertex 49.0097 31.2349 4.2
      vertex 49.2734 31.4656 4.2
    endloop
  endfacet
  facet normal 0.394297 -0.918983 0
    outer loop
      vertex 48.6869 31.0964 4.2
      vertex 49.0097 31.2349 5
      vertex 48.6869 31.0964 5
    endloop
  endfacet
  facet normal 0.394297 -0.918983 0
    outer loop
      vertex 49.0097 31.2349 5
      vertex 48.6869 31.0964 4.2
      vertex 49.0097 31.2349 4.2
    endloop
  endfacet
  facet normal 0.119873 -0.992789 0
    outer loop
      vertex 48.3051 31.0503 4.2
      vertex 48.6869 31.0964 5
      vertex 48.3051 31.0503 5
    endloop
  endfacet
  facet normal 0.119873 -0.992789 0
    outer loop
      vertex 48.6869 31.0964 5
      vertex 48.3051 31.0503 4.2
      vertex 48.6869 31.0964 4.2
    endloop
  endfacet
  facet normal -0.144673 -0.98948 0
    outer loop
      vertex 47.9303 31.1051 4.2
      vertex 48.3051 31.0503 5
      vertex 47.9303 31.1051 5
    endloop
  endfacet
  facet normal -0.144673 -0.98948 -0
    outer loop
      vertex 48.3051 31.0503 5
      vertex 47.9303 31.1051 4.2
      vertex 48.3051 31.0503 4.2
    endloop
  endfacet
  facet normal -0.451566 0.892238 0
    outer loop
      vertex 28.9099 30.7544 4.2
      vertex 28.3284 30.4601 5
      vertex 28.9099 30.7544 5
    endloop
  endfacet
  facet normal -0.451566 0.892238 0
    outer loop
      vertex 28.3284 30.4601 5
      vertex 28.9099 30.7544 4.2
      vertex 28.3284 30.4601 4.2
    endloop
  endfacet
  facet normal -0.732097 0.681201 0
    outer loop
      vertex 28.9099 30.7544 4.2
      vertex 29.3663 31.2449 5
      vertex 29.3663 31.2449 4.2
    endloop
  endfacet
  facet normal -0.732097 0.681201 0
    outer loop
      vertex 29.3663 31.2449 5
      vertex 28.9099 30.7544 4.2
      vertex 28.9099 30.7544 5
    endloop
  endfacet
  facet normal -0.899656 0.4366 0
    outer loop
      vertex 29.3663 31.2449 4.2
      vertex 29.6947 31.9216 5
      vertex 29.6947 31.9216 4.2
    endloop
  endfacet
  facet normal -0.899656 0.4366 0
    outer loop
      vertex 29.6947 31.9216 5
      vertex 29.3663 31.2449 4.2
      vertex 29.3663 31.2449 5
    endloop
  endfacet
  facet normal -0.974341 0.225076 0
    outer loop
      vertex 29.6947 31.9216 4.2
      vertex 29.8917 32.7744 5
      vertex 29.8917 32.7744 4.2
    endloop
  endfacet
  facet normal -0.974341 0.225076 0
    outer loop
      vertex 29.8917 32.7744 5
      vertex 29.6947 31.9216 4.2
      vertex 29.6947 31.9216 5
    endloop
  endfacet
  facet normal -0.997974 0.0636221 0
    outer loop
      vertex 29.8917 32.7744 4.2
      vertex 29.9573 33.8034 5
      vertex 29.9573 33.8034 4.2
    endloop
  endfacet
  facet normal -0.997974 0.0636221 0
    outer loop
      vertex 29.9573 33.8034 5
      vertex 29.8917 32.7744 4.2
      vertex 29.8917 32.7744 5
    endloop
  endfacet
  facet normal -0.99821 -0.0597989 0
    outer loop
      vertex 29.9573 33.8034 4.2
      vertex 29.8948 34.8467 5
      vertex 29.8948 34.8467 4.2
    endloop
  endfacet
  facet normal -0.99821 -0.0597989 0
    outer loop
      vertex 29.8948 34.8467 5
      vertex 29.9573 33.8034 4.2
      vertex 29.9573 33.8034 5
    endloop
  endfacet
  facet normal -0.976924 -0.213588 0
    outer loop
      vertex 29.8948 34.8467 4.2
      vertex 29.7073 35.7043 5
      vertex 29.7073 35.7043 4.2
    endloop
  endfacet
  facet normal -0.976924 -0.213588 0
    outer loop
      vertex 29.7073 35.7043 5
      vertex 29.8948 34.8467 4.2
      vertex 29.8948 34.8467 5
    endloop
  endfacet
  facet normal -0.906727 -0.421718 0
    outer loop
      vertex 29.7073 35.7043 4.2
      vertex 29.3948 36.3762 5
      vertex 29.3948 36.3762 4.2
    endloop
  endfacet
  facet normal -0.906727 -0.421718 0
    outer loop
      vertex 29.3948 36.3762 5
      vertex 29.7073 35.7043 4.2
      vertex 29.7073 35.7043 5
    endloop
  endfacet
  facet normal -0.736077 -0.676898 0
    outer loop
      vertex 29.3948 36.3762 4.2
      vertex 28.951 36.8588 5
      vertex 28.951 36.8588 4.2
    endloop
  endfacet
  facet normal -0.736077 -0.676898 0
    outer loop
      vertex 28.951 36.8588 5
      vertex 29.3948 36.3762 4.2
      vertex 29.3948 36.3762 5
    endloop
  endfacet
  facet normal -0.445858 -0.895104 0
    outer loop
      vertex 28.3696 37.1484 4.2
      vertex 28.951 36.8588 5
      vertex 28.3696 37.1484 5
    endloop
  endfacet
  facet normal -0.445858 -0.895104 -0
    outer loop
      vertex 28.951 36.8588 5
      vertex 28.3696 37.1484 4.2
      vertex 28.951 36.8588 4.2
    endloop
  endfacet
  facet normal -0.132985 -0.991118 0
    outer loop
      vertex 27.6504 37.2449 4.2
      vertex 28.3696 37.1484 5
      vertex 27.6504 37.2449 5
    endloop
  endfacet
  facet normal -0.132985 -0.991118 -0
    outer loop
      vertex 28.3696 37.1484 5
      vertex 27.6504 37.2449 4.2
      vertex 28.3696 37.1484 4.2
    endloop
  endfacet
  facet normal 0.128402 -0.991722 0
    outer loop
      vertex 26.9128 37.1494 4.2
      vertex 27.6504 37.2449 5
      vertex 26.9128 37.1494 5
    endloop
  endfacet
  facet normal 0.128402 -0.991722 0
    outer loop
      vertex 27.6504 37.2449 5
      vertex 26.9128 37.1494 4.2
      vertex 27.6504 37.2449 4.2
    endloop
  endfacet
  facet normal 0.43514 -0.900363 0
    outer loop
      vertex 26.3202 36.863 4.2
      vertex 26.9128 37.1494 5
      vertex 26.3202 36.863 5
    endloop
  endfacet
  facet normal 0.43514 -0.900363 0
    outer loop
      vertex 26.9128 37.1494 5
      vertex 26.3202 36.863 4.2
      vertex 26.9128 37.1494 4.2
    endloop
  endfacet
  facet normal 0.729513 -0.683967 0
    outer loop
      vertex 25.8727 36.3857 5
      vertex 26.3202 36.863 4.2
      vertex 26.3202 36.863 5
    endloop
  endfacet
  facet normal 0.729513 -0.683967 0
    outer loop
      vertex 26.3202 36.863 4.2
      vertex 25.8727 36.3857 5
      vertex 25.8727 36.3857 4.2
    endloop
  endfacet
  facet normal 0.905979 -0.423323 0
    outer loop
      vertex 25.5602 35.7169 5
      vertex 25.8727 36.3857 4.2
      vertex 25.8727 36.3857 5
    endloop
  endfacet
  facet normal 0.905979 -0.423323 0
    outer loop
      vertex 25.8727 36.3857 4.2
      vertex 25.5602 35.7169 5
      vertex 25.5602 35.7169 4.2
    endloop
  endfacet
  facet normal 0.977084 -0.212854 0
    outer loop
      vertex 25.3727 34.8562 5
      vertex 25.5602 35.7169 4.2
      vertex 25.5602 35.7169 5
    endloop
  endfacet
  facet normal 0.977084 -0.212854 0
    outer loop
      vertex 25.5602 35.7169 4.2
      vertex 25.3727 34.8562 5
      vertex 25.3727 34.8562 4.2
    endloop
  endfacet
  facet normal 0.998243 -0.0592612 0
    outer loop
      vertex 25.3102 33.8034 5
      vertex 25.3727 34.8562 4.2
      vertex 25.3727 34.8562 5
    endloop
  endfacet
  facet normal 0.998243 -0.0592612 0
    outer loop
      vertex 25.3727 34.8562 4.2
      vertex 25.3102 33.8034 5
      vertex 25.3102 33.8034 4.2
    endloop
  endfacet
  facet normal 0.998071 0.0620837 0
    outer loop
      vertex 25.3745 32.7697 5
      vertex 25.3102 33.8034 4.2
      vertex 25.3102 33.8034 5
    endloop
  endfacet
  facet normal 0.998071 0.0620837 0
    outer loop
      vertex 25.3102 33.8034 4.2
      vertex 25.3745 32.7697 5
      vertex 25.3745 32.7697 4.2
    endloop
  endfacet
  facet normal 0.975405 0.220422 0
    outer loop
      vertex 25.5676 31.9152 5
      vertex 25.3745 32.7697 4.2
      vertex 25.3745 32.7697 5
    endloop
  endfacet
  facet normal 0.975405 0.220422 0
    outer loop
      vertex 25.3745 32.7697 4.2
      vertex 25.5676 31.9152 5
      vertex 25.5676 31.9152 4.2
    endloop
  endfacet
  facet normal 0.902744 0.430178 0
    outer loop
      vertex 25.8893 31.2401 5
      vertex 25.5676 31.9152 4.2
      vertex 25.5676 31.9152 5
    endloop
  endfacet
  facet normal 0.902744 0.430178 0
    outer loop
      vertex 25.5676 31.9152 4.2
      vertex 25.8893 31.2401 5
      vertex 25.8893 31.2401 4.2
    endloop
  endfacet
  facet normal 0.735086 0.677973 0
    outer loop
      vertex 26.3392 30.7523 5
      vertex 25.8893 31.2401 4.2
      vertex 25.8893 31.2401 5
    endloop
  endfacet
  facet normal 0.735086 0.677973 0
    outer loop
      vertex 25.8893 31.2401 4.2
      vertex 26.3392 30.7523 5
      vertex 26.3392 30.7523 4.2
    endloop
  endfacet
  facet normal 0.452211 0.891911 -0
    outer loop
      vertex 26.9167 30.4595 4.2
      vertex 26.3392 30.7523 5
      vertex 26.9167 30.4595 5
    endloop
  endfacet
  facet normal 0.452211 0.891911 0
    outer loop
      vertex 26.3392 30.7523 5
      vertex 26.9167 30.4595 4.2
      vertex 26.3392 30.7523 4.2
    endloop
  endfacet
  facet normal 0.136956 0.990577 -0
    outer loop
      vertex 27.6219 30.362 4.2
      vertex 26.9167 30.4595 5
      vertex 27.6219 30.362 5
    endloop
  endfacet
  facet normal 0.136956 0.990577 0
    outer loop
      vertex 26.9167 30.4595 5
      vertex 27.6219 30.362 4.2
      vertex 26.9167 30.4595 4.2
    endloop
  endfacet
  facet normal -0.137534 0.990497 0
    outer loop
      vertex 28.3284 30.4601 4.2
      vertex 27.6219 30.362 5
      vertex 28.3284 30.4601 5
    endloop
  endfacet
  facet normal -0.137534 0.990497 0
    outer loop
      vertex 27.6219 30.362 5
      vertex 28.3284 30.4601 4.2
      vertex 27.6219 30.362 4.2
    endloop
  endfacet
  facet normal -0.511586 -0.859232 0
    outer loop
      vertex 26.8012 31.353 4.2
      vertex 27.1707 31.133 5
      vertex 26.8012 31.353 5
    endloop
  endfacet
  facet normal -0.511586 -0.859232 -0
    outer loop
      vertex 27.1707 31.133 5
      vertex 26.8012 31.353 4.2
      vertex 27.1707 31.133 4.2
    endloop
  endfacet
  facet normal -0.796518 -0.604615 0
    outer loop
      vertex 26.8012 31.353 4.2
      vertex 26.523 31.7195 5
      vertex 26.523 31.7195 4.2
    endloop
  endfacet
  facet normal -0.796518 -0.604615 0
    outer loop
      vertex 26.523 31.7195 5
      vertex 26.8012 31.353 4.2
      vertex 26.8012 31.353 5
    endloop
  endfacet
  facet normal -0.93808 -0.346418 0
    outer loop
      vertex 26.523 31.7195 4.2
      vertex 26.3292 32.2443 5
      vertex 26.3292 32.2443 4.2
    endloop
  endfacet
  facet normal -0.93808 -0.346418 0
    outer loop
      vertex 26.3292 32.2443 5
      vertex 26.523 31.7195 4.2
      vertex 26.523 31.7195 5
    endloop
  endfacet
  facet normal -0.986275 -0.165113 0
    outer loop
      vertex 26.3292 32.2443 4.2
      vertex 26.2129 32.939 5
      vertex 26.2129 32.939 4.2
    endloop
  endfacet
  facet normal -0.986275 -0.165113 0
    outer loop
      vertex 26.2129 32.939 5
      vertex 26.3292 32.2443 4.2
      vertex 26.3292 32.2443 5
    endloop
  endfacet
  facet normal -0.998994 -0.0448415 0
    outer loop
      vertex 26.2129 32.939 4.2
      vertex 26.1741 33.8034 5
      vertex 26.1741 33.8034 4.2
    endloop
  endfacet
  facet normal -0.998994 -0.0448415 0
    outer loop
      vertex 26.1741 33.8034 5
      vertex 26.2129 32.939 4.2
      vertex 26.2129 32.939 5
    endloop
  endfacet
  facet normal -0.999067 0.0431828 0
    outer loop
      vertex 26.1741 33.8034 4.2
      vertex 26.2124 34.6895 5
      vertex 26.2124 34.6895 4.2
    endloop
  endfacet
  facet normal -0.999067 0.0431828 0
    outer loop
      vertex 26.2124 34.6895 5
      vertex 26.1741 33.8034 4.2
      vertex 26.1741 33.8034 5
    endloop
  endfacet
  facet normal -0.986932 0.16114 0
    outer loop
      vertex 26.2124 34.6895 4.2
      vertex 26.3271 35.392 5
      vertex 26.3271 35.392 4.2
    endloop
  endfacet
  facet normal -0.986932 0.16114 0
    outer loop
      vertex 26.3271 35.392 5
      vertex 26.2124 34.6895 4.2
      vertex 26.2124 34.6895 5
    endloop
  endfacet
  facet normal -0.938408 0.345529 0
    outer loop
      vertex 26.3271 35.392 4.2
      vertex 26.5182 35.911 5
      vertex 26.5182 35.911 4.2
    endloop
  endfacet
  facet normal -0.938408 0.345529 0
    outer loop
      vertex 26.5182 35.911 5
      vertex 26.3271 35.392 4.2
      vertex 26.3271 35.392 5
    endloop
  endfacet
  facet normal -0.7873 0.616571 0
    outer loop
      vertex 26.5182 35.911 4.2
      vertex 26.797 36.267 5
      vertex 26.797 36.267 4.2
    endloop
  endfacet
  facet normal -0.7873 0.616571 0
    outer loop
      vertex 26.797 36.267 5
      vertex 26.5182 35.911 4.2
      vertex 26.5182 35.911 5
    endloop
  endfacet
  facet normal -0.492559 0.870279 0
    outer loop
      vertex 27.1744 36.4806 4.2
      vertex 26.797 36.267 5
      vertex 27.1744 36.4806 5
    endloop
  endfacet
  facet normal -0.492559 0.870279 0
    outer loop
      vertex 26.797 36.267 5
      vertex 27.1744 36.4806 4.2
      vertex 26.797 36.267 4.2
    endloop
  endfacet
  facet normal -0.147934 0.988997 0
    outer loop
      vertex 27.6504 36.5518 4.2
      vertex 27.1744 36.4806 5
      vertex 27.6504 36.5518 5
    endloop
  endfacet
  facet normal -0.147934 0.988997 0
    outer loop
      vertex 27.1744 36.4806 5
      vertex 27.6504 36.5518 4.2
      vertex 27.1744 36.4806 4.2
    endloop
  endfacet
  facet normal 0.153624 0.988129 -0
    outer loop
      vertex 28.1148 36.4796 4.2
      vertex 27.6504 36.5518 5
      vertex 28.1148 36.4796 5
    endloop
  endfacet
  facet normal 0.153624 0.988129 0
    outer loop
      vertex 27.6504 36.5518 5
      vertex 28.1148 36.4796 4.2
      vertex 27.6504 36.5518 4.2
    endloop
  endfacet
  facet normal 0.507695 0.861537 -0
    outer loop
      vertex 28.4827 36.2628 4.2
      vertex 28.1148 36.4796 5
      vertex 28.4827 36.2628 5
    endloop
  endfacet
  facet normal 0.507695 0.861537 0
    outer loop
      vertex 28.1148 36.4796 5
      vertex 28.4827 36.2628 4.2
      vertex 28.1148 36.4796 4.2
    endloop
  endfacet
  facet normal 0.799655 0.60046 0
    outer loop
      vertex 28.754 35.9015 5
      vertex 28.4827 36.2628 4.2
      vertex 28.4827 36.2628 5
    endloop
  endfacet
  facet normal 0.799655 0.60046 0
    outer loop
      vertex 28.4827 36.2628 4.2
      vertex 28.754 35.9015 5
      vertex 28.754 35.9015 4.2
    endloop
  endfacet
  facet normal 0.942007 0.335593 0
    outer loop
      vertex 28.94 35.3794 5
      vertex 28.754 35.9015 4.2
      vertex 28.754 35.9015 5
    endloop
  endfacet
  facet normal 0.942007 0.335593 0
    outer loop
      vertex 28.754 35.9015 4.2
      vertex 28.94 35.3794 5
      vertex 28.94 35.3794 4.2
    endloop
  endfacet
  facet normal 0.987529 0.157434 0
    outer loop
      vertex 29.0515 34.68 5
      vertex 28.94 35.3794 4.2
      vertex 28.94 35.3794 5
    endloop
  endfacet
  facet normal 0.987529 0.157434 0
    outer loop
      vertex 28.94 35.3794 4.2
      vertex 29.0515 34.68 5
      vertex 29.0515 34.68 4.2
    endloop
  endfacet
  facet normal 0.999101 0.0423985 0
    outer loop
      vertex 29.0887 33.8034 5
      vertex 29.0515 34.68 4.2
      vertex 29.0515 34.68 5
    endloop
  endfacet
  facet normal 0.999101 0.0423985 0
    outer loop
      vertex 29.0515 34.68 4.2
      vertex 29.0887 33.8034 5
      vertex 29.0887 33.8034 4.2
    endloop
  endfacet
  facet normal 0.99895 -0.0458234 0
    outer loop
      vertex 29.0497 32.9532 5
      vertex 29.0887 33.8034 4.2
      vertex 29.0887 33.8034 5
    endloop
  endfacet
  facet normal 0.99895 -0.0458234 0
    outer loop
      vertex 29.0887 33.8034 4.2
      vertex 29.0497 32.9532 5
      vertex 29.0497 32.9532 4.2
    endloop
  endfacet
  facet normal 0.985899 -0.167341 0
    outer loop
      vertex 28.9326 32.2633 5
      vertex 29.0497 32.9532 4.2
      vertex 29.0497 32.9532 5
    endloop
  endfacet
  facet normal 0.985899 -0.167341 0
    outer loop
      vertex 29.0497 32.9532 4.2
      vertex 28.9326 32.2633 5
      vertex 28.9326 32.2633 4.2
    endloop
  endfacet
  facet normal 0.938274 -0.345894 0
    outer loop
      vertex 28.7374 31.7338 5
      vertex 28.9326 32.2633 4.2
      vertex 28.9326 32.2633 5
    endloop
  endfacet
  facet normal 0.938274 -0.345894 0
    outer loop
      vertex 28.9326 32.2633 4.2
      vertex 28.7374 31.7338 5
      vertex 28.7374 31.7338 4.2
    endloop
  endfacet
  facet normal 0.801923 -0.597427 0
    outer loop
      vertex 28.4584 31.3593 5
      vertex 28.7374 31.7338 4.2
      vertex 28.7374 31.7338 5
    endloop
  endfacet
  facet normal 0.801923 -0.597427 0
    outer loop
      vertex 28.7374 31.7338 4.2
      vertex 28.4584 31.3593 5
      vertex 28.4584 31.3593 4.2
    endloop
  endfacet
  facet normal 0.520513 -0.853854 0
    outer loop
      vertex 28.0898 31.1346 4.2
      vertex 28.4584 31.3593 5
      vertex 28.0898 31.1346 5
    endloop
  endfacet
  facet normal 0.520513 -0.853854 0
    outer loop
      vertex 28.4584 31.3593 5
      vertex 28.0898 31.1346 4.2
      vertex 28.4584 31.3593 4.2
    endloop
  endfacet
  facet normal 0.161256 -0.986913 0
    outer loop
      vertex 27.6314 31.0597 4.2
      vertex 28.0898 31.1346 5
      vertex 27.6314 31.0597 5
    endloop
  endfacet
  facet normal 0.161256 -0.986913 0
    outer loop
      vertex 28.0898 31.1346 5
      vertex 27.6314 31.0597 4.2
      vertex 28.0898 31.1346 4.2
    endloop
  endfacet
  facet normal -0.157129 -0.987578 0
    outer loop
      vertex 27.1707 31.133 4.2
      vertex 27.6314 31.0597 5
      vertex 27.1707 31.133 5
    endloop
  endfacet
  facet normal -0.157129 -0.987578 -0
    outer loop
      vertex 27.6314 31.0597 5
      vertex 27.1707 31.133 4.2
      vertex 27.6314 31.0597 4.2
    endloop
  endfacet
  facet normal -0.458897 0.88849 0
    outer loop
      vertex 23.4888 30.7733 4.2
      vertex 22.8915 30.4648 5
      vertex 23.4888 30.7733 5
    endloop
  endfacet
  facet normal -0.458897 0.88849 0
    outer loop
      vertex 22.8915 30.4648 5
      vertex 23.4888 30.7733 4.2
      vertex 22.8915 30.4648 4.2
    endloop
  endfacet
  facet normal -0.732058 0.681242 0
    outer loop
      vertex 23.4888 30.7733 4.2
      vertex 23.9674 31.2876 5
      vertex 23.9674 31.2876 4.2
    endloop
  endfacet
  facet normal -0.732058 0.681242 0
    outer loop
      vertex 23.9674 31.2876 5
      vertex 23.4888 30.7733 4.2
      vertex 23.4888 30.7733 5
    endloop
  endfacet
  facet normal -0.896122 0.443807 0
    outer loop
      vertex 23.9674 31.2876 4.2
      vertex 24.3169 31.9933 5
      vertex 24.3169 31.9933 4.2
    endloop
  endfacet
  facet normal -0.896122 0.443807 0
    outer loop
      vertex 24.3169 31.9933 5
      vertex 23.9674 31.2876 4.2
      vertex 23.9674 31.2876 5
    endloop
  endfacet
  facet normal -0.972959 0.23098 0
    outer loop
      vertex 24.3169 31.9933 4.2
      vertex 24.5265 32.8762 5
      vertex 24.5265 32.8762 4.2
    endloop
  endfacet
  facet normal -0.972959 0.23098 0
    outer loop
      vertex 24.5265 32.8762 5
      vertex 24.3169 31.9933 4.2
      vertex 24.3169 31.9933 5
    endloop
  endfacet
  facet normal -0.997834 0.0657881 0
    outer loop
      vertex 24.5265 32.8762 4.2
      vertex 24.5964 33.9364 5
      vertex 24.5964 33.9364 4.2
    endloop
  endfacet
  facet normal -0.997834 0.0657881 0
    outer loop
      vertex 24.5964 33.9364 5
      vertex 24.5265 32.8762 4.2
      vertex 24.5265 32.8762 5
    endloop
  endfacet
  facet normal -0.998019 -0.0629124 0
    outer loop
      vertex 24.5964 33.9364 4.2
      vertex 24.5326 34.9485 5
      vertex 24.5326 34.9485 4.2
    endloop
  endfacet
  facet normal -0.998019 -0.0629124 0
    outer loop
      vertex 24.5326 34.9485 5
      vertex 24.5964 33.9364 4.2
      vertex 24.5964 33.9364 5
    endloop
  endfacet
  facet normal -0.974252 -0.225461 0
    outer loop
      vertex 24.5326 34.9485 4.2
      vertex 24.3411 35.776 5
      vertex 24.3411 35.776 4.2
    endloop
  endfacet
  facet normal -0.974252 -0.225461 0
    outer loop
      vertex 24.3411 35.776 5
      vertex 24.5326 34.9485 4.2
      vertex 24.5326 34.9485 5
    endloop
  endfacet
  facet normal -0.895733 -0.444592 0
    outer loop
      vertex 24.3411 35.776 4.2
      vertex 24.022 36.4189 5
      vertex 24.022 36.4189 4.2
    endloop
  endfacet
  facet normal -0.895733 -0.444592 0
    outer loop
      vertex 24.022 36.4189 5
      vertex 24.3411 35.776 4.2
      vertex 24.3411 35.776 5
    endloop
  endfacet
  facet normal -0.719461 -0.694533 0
    outer loop
      vertex 24.022 36.4189 4.2
      vertex 23.579 36.8778 5
      vertex 23.579 36.8778 4.2
    endloop
  endfacet
  facet normal -0.719461 -0.694533 0
    outer loop
      vertex 23.579 36.8778 5
      vertex 24.022 36.4189 4.2
      vertex 24.022 36.4189 5
    endloop
  endfacet
  facet normal -0.439093 -0.898442 0
    outer loop
      vertex 23.0157 37.1531 4.2
      vertex 23.579 36.8778 5
      vertex 23.0157 37.1531 5
    endloop
  endfacet
  facet normal -0.439093 -0.898442 -0
    outer loop
      vertex 23.579 36.8778 5
      vertex 23.0157 37.1531 4.2
      vertex 23.579 36.8778 4.2
    endloop
  endfacet
  facet normal -0.133094 -0.991103 0
    outer loop
      vertex 22.3321 37.2449 4.2
      vertex 23.0157 37.1531 5
      vertex 22.3321 37.2449 5
    endloop
  endfacet
  facet normal -0.133094 -0.991103 -0
    outer loop
      vertex 23.0157 37.1531 5
      vertex 22.3321 37.2449 4.2
      vertex 23.0157 37.1531 4.2
    endloop
  endfacet
  facet normal 0.10236 -0.994747 0
    outer loop
      vertex 21.6839 37.1782 4.2
      vertex 22.3321 37.2449 5
      vertex 21.6839 37.1782 5
    endloop
  endfacet
  facet normal 0.10236 -0.994747 0
    outer loop
      vertex 22.3321 37.2449 5
      vertex 21.6839 37.1782 4.2
      vertex 22.3321 37.2449 4.2
    endloop
  endfacet
  facet normal 0.344366 -0.938836 0
    outer loop
      vertex 21.1381 36.978 4.2
      vertex 21.6839 37.1782 5
      vertex 21.1381 36.978 5
    endloop
  endfacet
  facet normal 0.344366 -0.938836 0
    outer loop
      vertex 21.6839 37.1782 5
      vertex 21.1381 36.978 4.2
      vertex 21.6839 37.1782 4.2
    endloop
  endfacet
  facet normal 0.601037 -0.799221 0
    outer loop
      vertex 20.6945 36.6444 4.2
      vertex 21.1381 36.978 5
      vertex 20.6945 36.6444 5
    endloop
  endfacet
  facet normal 0.601037 -0.799221 0
    outer loop
      vertex 21.1381 36.978 5
      vertex 20.6945 36.6444 4.2
      vertex 21.1381 36.978 4.2
    endloop
  endfacet
  facet normal 0.809093 -0.58768 0
    outer loop
      vertex 20.3675 36.1942 5
      vertex 20.6945 36.6444 4.2
      vertex 20.6945 36.6444 5
    endloop
  endfacet
  facet normal 0.809093 -0.58768 0
    outer loop
      vertex 20.6945 36.6444 4.2
      vertex 20.3675 36.1942 5
      vertex 20.3675 36.1942 4.2
    endloop
  endfacet
  facet normal 0.941827 -0.336098 0
    outer loop
      vertex 20.1713 35.6444 5
      vertex 20.3675 36.1942 4.2
      vertex 20.3675 36.1942 5
    endloop
  endfacet
  facet normal 0.941827 -0.336098 0
    outer loop
      vertex 20.3675 36.1942 4.2
      vertex 20.1713 35.6444 5
      vertex 20.1713 35.6444 4.2
    endloop
  endfacet
  facet normal 0.994969 -0.100186 0
    outer loop
      vertex 20.1059 34.9949 5
      vertex 20.1713 35.6444 4.2
      vertex 20.1713 35.6444 5
    endloop
  endfacet
  facet normal 0.994969 -0.100186 0
    outer loop
      vertex 20.1713 35.6444 4.2
      vertex 20.1059 34.9949 5
      vertex 20.1059 34.9949 4.2
    endloop
  endfacet
  facet normal 0.995559 0.0941364 0
    outer loop
      vertex 20.166 34.3593 5
      vertex 20.1059 34.9949 4.2
      vertex 20.1059 34.9949 5
    endloop
  endfacet
  facet normal 0.995559 0.0941364 0
    outer loop
      vertex 20.1059 34.9949 4.2
      vertex 20.166 34.3593 5
      vertex 20.166 34.3593 4.2
    endloop
  endfacet
  facet normal 0.949549 0.313617 0
    outer loop
      vertex 20.3463 33.8134 5
      vertex 20.166 34.3593 4.2
      vertex 20.166 34.3593 5
    endloop
  endfacet
  facet normal 0.949549 0.313617 0
    outer loop
      vertex 20.166 34.3593 4.2
      vertex 20.3463 33.8134 5
      vertex 20.3463 33.8134 4.2
    endloop
  endfacet
  facet normal 0.835023 0.550215 0
    outer loop
      vertex 20.6469 33.3572 5
      vertex 20.3463 33.8134 4.2
      vertex 20.3463 33.8134 5
    endloop
  endfacet
  facet normal 0.835023 0.550215 0
    outer loop
      vertex 20.3463 33.8134 4.2
      vertex 20.6469 33.3572 5
      vertex 20.6469 33.3572 4.2
    endloop
  endfacet
  facet normal 0.649885 0.760032 -0
    outer loop
      vertex 21.0478 33.0144 4.2
      vertex 20.6469 33.3572 5
      vertex 21.0478 33.0144 5
    endloop
  endfacet
  facet normal 0.649885 0.760032 0
    outer loop
      vertex 20.6469 33.3572 5
      vertex 21.0478 33.0144 4.2
      vertex 20.6469 33.3572 4.2
    endloop
  endfacet
  facet normal 0.393135 0.919481 -0
    outer loop
      vertex 21.5289 32.8087 4.2
      vertex 21.0478 33.0144 5
      vertex 21.5289 32.8087 5
    endloop
  endfacet
  facet normal 0.393135 0.919481 0
    outer loop
      vertex 21.0478 33.0144 5
      vertex 21.5289 32.8087 4.2
      vertex 21.0478 33.0144 4.2
    endloop
  endfacet
  facet normal 0.121335 0.992612 -0
    outer loop
      vertex 22.0901 32.7401 4.2
      vertex 21.5289 32.8087 5
      vertex 22.0901 32.7401 5
    endloop
  endfacet
  facet normal 0.121335 0.992612 0
    outer loop
      vertex 21.5289 32.8087 5
      vertex 22.0901 32.7401 4.2
      vertex 21.5289 32.8087 4.2
    endloop
  endfacet
  facet normal -0.080411 0.996762 0
    outer loop
      vertex 22.4471 32.7689 4.2
      vertex 22.0901 32.7401 5
      vertex 22.4471 32.7689 5
    endloop
  endfacet
  facet normal -0.080411 0.996762 0
    outer loop
      vertex 22.0901 32.7401 5
      vertex 22.4471 32.7689 4.2
      vertex 22.0901 32.7401 4.2
    endloop
  endfacet
  facet normal -0.247739 0.968827 0
    outer loop
      vertex 22.7842 32.8551 4.2
      vertex 22.4471 32.7689 5
      vertex 22.7842 32.8551 5
    endloop
  endfacet
  facet normal -0.247739 0.968827 0
    outer loop
      vertex 22.4471 32.7689 5
      vertex 22.7842 32.8551 4.2
      vertex 22.4471 32.7689 4.2
    endloop
  endfacet
  facet normal -0.412872 0.910789 0
    outer loop
      vertex 23.1012 32.9988 4.2
      vertex 22.7842 32.8551 5
      vertex 23.1012 32.9988 5
    endloop
  endfacet
  facet normal -0.412872 0.910789 0
    outer loop
      vertex 22.7842 32.8551 5
      vertex 23.1012 32.9988 4.2
      vertex 22.7842 32.8551 4.2
    endloop
  endfacet
  facet normal -0.568205 0.822887 0
    outer loop
      vertex 23.3781 33.19 4.2
      vertex 23.1012 32.9988 5
      vertex 23.3781 33.19 5
    endloop
  endfacet
  facet normal -0.568205 0.822887 0
    outer loop
      vertex 23.1012 32.9988 5
      vertex 23.3781 33.19 4.2
      vertex 23.1012 32.9988 4.2
    endloop
  endfacet
  facet normal -0.725894 0.687806 0
    outer loop
      vertex 23.3781 33.19 4.2
      vertex 23.5948 33.4187 5
      vertex 23.5948 33.4187 4.2
    endloop
  endfacet
  facet normal -0.725894 0.687806 0
    outer loop
      vertex 23.5948 33.4187 5
      vertex 23.3781 33.19 4.2
      vertex 23.3781 33.19 5
    endloop
  endfacet
  facet normal -0.861693 0.50743 0
    outer loop
      vertex 23.5948 33.4187 4.2
      vertex 23.7515 33.6848 5
      vertex 23.7515 33.6848 4.2
    endloop
  endfacet
  facet normal -0.861693 0.50743 0
    outer loop
      vertex 23.7515 33.6848 5
      vertex 23.5948 33.4187 4.2
      vertex 23.5948 33.4187 5
    endloop
  endfacet
  facet normal 0.997488 -0.0708381 0
    outer loop
      vertex 23.6961 32.9047 5
      vertex 23.7515 33.6848 4.2
      vertex 23.7515 33.6848 5
    endloop
  endfacet
  facet normal 0.997488 -0.0708381 0
    outer loop
      vertex 23.7515 33.6848 4.2
      vertex 23.6961 32.9047 5
      vertex 23.6961 32.9047 4.2
    endloop
  endfacet
  facet normal 0.977354 -0.211612 0
    outer loop
      vertex 23.5553 32.2544 5
      vertex 23.6961 32.9047 4.2
      vertex 23.6961 32.9047 5
    endloop
  endfacet
  facet normal 0.977354 -0.211612 0
    outer loop
      vertex 23.6961 32.9047 4.2
      vertex 23.5553 32.2544 5
      vertex 23.5553 32.2544 4.2
    endloop
  endfacet
  facet normal 0.917101 -0.398655 0
    outer loop
      vertex 23.329 31.7338 5
      vertex 23.5553 32.2544 4.2
      vertex 23.5553 32.2544 5
    endloop
  endfacet
  facet normal 0.917101 -0.398655 0
    outer loop
      vertex 23.5553 32.2544 4.2
      vertex 23.329 31.7338 5
      vertex 23.329 31.7338 4.2
    endloop
  endfacet
  facet normal 0.778723 -0.627368 0
    outer loop
      vertex 23.0231 31.3541 5
      vertex 23.329 31.7338 4.2
      vertex 23.329 31.7338 5
    endloop
  endfacet
  facet normal 0.778723 -0.627368 0
    outer loop
      vertex 23.329 31.7338 4.2
      vertex 23.0231 31.3541 5
      vertex 23.0231 31.3541 4.2
    endloop
  endfacet
  facet normal 0.514529 -0.857473 0
    outer loop
      vertex 22.6433 31.1262 4.2
      vertex 23.0231 31.3541 5
      vertex 22.6433 31.1262 5
    endloop
  endfacet
  facet normal 0.514529 -0.857473 0
    outer loop
      vertex 23.0231 31.3541 5
      vertex 22.6433 31.1262 4.2
      vertex 23.0231 31.3541 4.2
    endloop
  endfacet
  facet normal 0.165034 -0.986288 0
    outer loop
      vertex 22.1897 31.0503 4.2
      vertex 22.6433 31.1262 5
      vertex 22.1897 31.0503 5
    endloop
  endfacet
  facet normal 0.165034 -0.986288 0
    outer loop
      vertex 22.6433 31.1262 5
      vertex 22.1897 31.0503 4.2
      vertex 22.6433 31.1262 4.2
    endloop
  endfacet
  facet normal -0.177773 -0.984072 0
    outer loop
      vertex 21.676 31.1431 4.2
      vertex 22.1897 31.0503 5
      vertex 21.676 31.1431 5
    endloop
  endfacet
  facet normal -0.177773 -0.984072 -0
    outer loop
      vertex 22.1897 31.0503 5
      vertex 21.676 31.1431 4.2
      vertex 22.1897 31.0503 4.2
    endloop
  endfacet
  facet normal -0.594589 -0.80403 0
    outer loop
      vertex 21.2994 31.4216 4.2
      vertex 21.676 31.1431 5
      vertex 21.2994 31.4216 5
    endloop
  endfacet
  facet normal -0.594589 -0.80403 -0
    outer loop
      vertex 21.676 31.1431 5
      vertex 21.2994 31.4216 4.2
      vertex 21.676 31.1431 4.2
    endloop
  endfacet
  facet normal -0.888726 -0.458438 0
    outer loop
      vertex 21.2994 31.4216 4.2
      vertex 21.06 31.8857 5
      vertex 21.06 31.8857 4.2
    endloop
  endfacet
  facet normal -0.888726 -0.458438 0
    outer loop
      vertex 21.06 31.8857 5
      vertex 21.2994 31.4216 4.2
      vertex 21.2994 31.4216 5
    endloop
  endfacet
  facet normal 0.155111 -0.987897 0
    outer loop
      vertex 20.2435 31.7575 4.2
      vertex 21.06 31.8857 5
      vertex 20.2435 31.7575 5
    endloop
  endfacet
  facet normal 0.155111 -0.987897 0
    outer loop
      vertex 21.06 31.8857 5
      vertex 20.2435 31.7575 4.2
      vertex 21.06 31.8857 4.2
    endloop
  endfacet
  facet normal 0.937105 0.349047 0
    outer loop
      vertex 20.4094 31.3121 5
      vertex 20.2435 31.7575 4.2
      vertex 20.2435 31.7575 5
    endloop
  endfacet
  facet normal 0.937105 0.349047 0
    outer loop
      vertex 20.2435 31.7575 4.2
      vertex 20.4094 31.3121 5
      vertex 20.4094 31.3121 4.2
    endloop
  endfacet
  facet normal 0.844238 0.535968 0
    outer loop
      vertex 20.6349 30.9569 5
      vertex 20.4094 31.3121 4.2
      vertex 20.4094 31.3121 5
    endloop
  endfacet
  facet normal 0.844238 0.535968 0
    outer loop
      vertex 20.4094 31.3121 4.2
      vertex 20.6349 30.9569 5
      vertex 20.6349 30.9569 4.2
    endloop
  endfacet
  facet normal 0.680816 0.732455 -0
    outer loop
      vertex 20.92 30.6919 4.2
      vertex 20.6349 30.9569 5
      vertex 20.92 30.6919 5
    endloop
  endfacet
  facet normal 0.680816 0.732455 0
    outer loop
      vertex 20.6349 30.9569 5
      vertex 20.92 30.6919 4.2
      vertex 20.6349 30.9569 4.2
    endloop
  endfacet
  facet normal 0.464566 0.885539 -0
    outer loop
      vertex 21.2694 30.5086 4.2
      vertex 20.92 30.6919 5
      vertex 21.2694 30.5086 5
    endloop
  endfacet
  facet normal 0.464566 0.885539 0
    outer loop
      vertex 20.92 30.6919 5
      vertex 21.2694 30.5086 4.2
      vertex 20.92 30.6919 4.2
    endloop
  endfacet
  facet normal 0.254209 0.967149 -0
    outer loop
      vertex 21.6879 30.3986 4.2
      vertex 21.2694 30.5086 5
      vertex 21.6879 30.3986 5
    endloop
  endfacet
  facet normal 0.254209 0.967149 0
    outer loop
      vertex 21.2694 30.5086 5
      vertex 21.6879 30.3986 4.2
      vertex 21.2694 30.5086 4.2
    endloop
  endfacet
  facet normal 0.074851 0.997195 -0
    outer loop
      vertex 22.1755 30.362 4.2
      vertex 21.6879 30.3986 5
      vertex 22.1755 30.362 5
    endloop
  endfacet
  facet normal 0.074851 0.997195 0
    outer loop
      vertex 21.6879 30.3986 5
      vertex 22.1755 30.362 4.2
      vertex 21.6879 30.3986 4.2
    endloop
  endfacet
  facet normal -0.142118 0.98985 0
    outer loop
      vertex 22.8915 30.4648 4.2
      vertex 22.1755 30.362 5
      vertex 22.8915 30.4648 5
    endloop
  endfacet
  facet normal -0.142118 0.98985 0
    outer loop
      vertex 22.1755 30.362 5
      vertex 22.8915 30.4648 4.2
      vertex 22.1755 30.362 4.2
    endloop
  endfacet
  facet normal -0.403388 -0.915029 0
    outer loop
      vertex 21.5959 33.603 4.2
      vertex 21.9171 33.4614 5
      vertex 21.5959 33.603 5
    endloop
  endfacet
  facet normal -0.403388 -0.915029 -0
    outer loop
      vertex 21.9171 33.4614 5
      vertex 21.5959 33.603 4.2
      vertex 21.9171 33.4614 4.2
    endloop
  endfacet
  facet normal -0.664643 -0.747161 0
    outer loop
      vertex 21.3306 33.839 4.2
      vertex 21.5959 33.603 5
      vertex 21.3306 33.839 5
    endloop
  endfacet
  facet normal -0.664643 -0.747161 -0
    outer loop
      vertex 21.5959 33.603 5
      vertex 21.3306 33.839 4.2
      vertex 21.5959 33.603 4.2
    endloop
  endfacet
  facet normal -0.848614 -0.529013 0
    outer loop
      vertex 21.3306 33.839 4.2
      vertex 21.1328 34.1563 5
      vertex 21.1328 34.1563 4.2
    endloop
  endfacet
  facet normal -0.848614 -0.529013 0
    outer loop
      vertex 21.1328 34.1563 5
      vertex 21.3306 33.839 4.2
      vertex 21.3306 33.839 5
    endloop
  endfacet
  facet normal -0.955677 -0.294417 0
    outer loop
      vertex 21.1328 34.1563 4.2
      vertex 21.0141 34.5416 5
      vertex 21.0141 34.5416 4.2
    endloop
  endfacet
  facet normal -0.955677 -0.294417 0
    outer loop
      vertex 21.0141 34.5416 5
      vertex 21.1328 34.1563 4.2
      vertex 21.1328 34.1563 5
    endloop
  endfacet
  facet normal -0.996225 -0.0868098 0
    outer loop
      vertex 21.0141 34.5416 4.2
      vertex 20.9746 34.9949 5
      vertex 20.9746 34.9949 4.2
    endloop
  endfacet
  facet normal -0.996225 -0.0868098 0
    outer loop
      vertex 20.9746 34.9949 5
      vertex 21.0141 34.5416 4.2
      vertex 21.0141 34.5416 5
    endloop
  endfacet
  facet normal -0.996082 0.0884361 0
    outer loop
      vertex 20.9746 34.9949 4.2
      vertex 21.0141 35.4398 5
      vertex 21.0141 35.4398 4.2
    endloop
  endfacet
  facet normal -0.996082 0.0884361 0
    outer loop
      vertex 21.0141 35.4398 5
      vertex 20.9746 34.9949 4.2
      vertex 20.9746 34.9949 5
    endloop
  endfacet
  facet normal -0.954269 0.298949 0
    outer loop
      vertex 21.0141 35.4398 4.2
      vertex 21.1328 35.8187 5
      vertex 21.1328 35.8187 4.2
    endloop
  endfacet
  facet normal -0.954269 0.298949 0
    outer loop
      vertex 21.1328 35.8187 5
      vertex 21.0141 35.4398 4.2
      vertex 21.0141 35.4398 5
    endloop
  endfacet
  facet normal -0.845348 0.534217 0
    outer loop
      vertex 21.1328 35.8187 4.2
      vertex 21.3306 36.1317 5
      vertex 21.3306 36.1317 4.2
    endloop
  endfacet
  facet normal -0.845348 0.534217 0
    outer loop
      vertex 21.3306 36.1317 5
      vertex 21.1328 35.8187 4.2
      vertex 21.1328 35.8187 5
    endloop
  endfacet
  facet normal -0.659124 0.752034 0
    outer loop
      vertex 21.5969 36.3651 4.2
      vertex 21.3306 36.1317 5
      vertex 21.5969 36.3651 5
    endloop
  endfacet
  facet normal -0.659124 0.752034 0
    outer loop
      vertex 21.3306 36.1317 5
      vertex 21.5969 36.3651 4.2
      vertex 21.3306 36.1317 4.2
    endloop
  endfacet
  facet normal -0.396241 0.918147 0
    outer loop
      vertex 21.9213 36.5051 4.2
      vertex 21.5969 36.3651 5
      vertex 21.9213 36.5051 5
    endloop
  endfacet
  facet normal -0.396241 0.918147 0
    outer loop
      vertex 21.5969 36.3651 5
      vertex 21.9213 36.5051 4.2
      vertex 21.5969 36.3651 4.2
    endloop
  endfacet
  facet normal -0.121254 0.992622 0
    outer loop
      vertex 22.3036 36.5518 4.2
      vertex 21.9213 36.5051 5
      vertex 22.3036 36.5518 5
    endloop
  endfacet
  facet normal -0.121254 0.992622 0
    outer loop
      vertex 21.9213 36.5051 5
      vertex 22.3036 36.5518 4.2
      vertex 21.9213 36.5051 4.2
    endloop
  endfacet
  facet normal 0.139808 0.990179 -0
    outer loop
      vertex 22.6903 36.4972 4.2
      vertex 22.3036 36.5518 5
      vertex 22.6903 36.4972 5
    endloop
  endfacet
  facet normal 0.139808 0.990179 0
    outer loop
      vertex 22.3036 36.5518 5
      vertex 22.6903 36.4972 4.2
      vertex 22.3036 36.5518 4.2
    endloop
  endfacet
  facet normal 0.443633 0.896209 -0
    outer loop
      vertex 23.021 36.3335 4.2
      vertex 22.6903 36.4972 5
      vertex 23.021 36.3335 5
    endloop
  endfacet
  facet normal 0.443633 0.896209 0
    outer loop
      vertex 22.6903 36.4972 5
      vertex 23.021 36.3335 4.2
      vertex 22.6903 36.4972 4.2
    endloop
  endfacet
  facet normal 0.704909 0.709298 -0
    outer loop
      vertex 23.2957 36.0605 4.2
      vertex 23.021 36.3335 5
      vertex 23.2957 36.0605 5
    endloop
  endfacet
  facet normal 0.704909 0.709298 0
    outer loop
      vertex 23.021 36.3335 5
      vertex 23.2957 36.0605 4.2
      vertex 23.021 36.3335 4.2
    endloop
  endfacet
  facet normal 0.869789 0.493424 0
    outer loop
      vertex 23.5014 35.6979 5
      vertex 23.2957 36.0605 4.2
      vertex 23.2957 36.0605 5
    endloop
  endfacet
  facet normal 0.869789 0.493424 0
    outer loop
      vertex 23.2957 36.0605 4.2
      vertex 23.5014 35.6979 5
      vertex 23.5014 35.6979 4.2
    endloop
  endfacet
  facet normal 0.961658 0.274251 0
    outer loop
      vertex 23.6248 35.2652 5
      vertex 23.5014 35.6979 4.2
      vertex 23.5014 35.6979 5
    endloop
  endfacet
  facet normal 0.961658 0.274251 0
    outer loop
      vertex 23.5014 35.6979 4.2
      vertex 23.6248 35.2652 5
      vertex 23.6248 35.2652 4.2
    endloop
  endfacet
  facet normal 0.996661 0.0816513 0
    outer loop
      vertex 23.666 34.7623 5
      vertex 23.6248 35.2652 4.2
      vertex 23.6248 35.2652 5
    endloop
  endfacet
  facet normal 0.996661 0.0816513 0
    outer loop
      vertex 23.6248 35.2652 4.2
      vertex 23.666 34.7623 5
      vertex 23.666 34.7623 4.2
    endloop
  endfacet
  facet normal 0.996801 -0.0799173 0
    outer loop
      vertex 23.6457 34.5091 5
      vertex 23.666 34.7623 4.2
      vertex 23.666 34.7623 5
    endloop
  endfacet
  facet normal 0.996801 -0.0799173 0
    outer loop
      vertex 23.666 34.7623 4.2
      vertex 23.6457 34.5091 5
      vertex 23.6457 34.5091 4.2
    endloop
  endfacet
  facet normal 0.967788 -0.251766 0
    outer loop
      vertex 23.5848 34.275 5
      vertex 23.6457 34.5091 4.2
      vertex 23.6457 34.5091 5
    endloop
  endfacet
  facet normal 0.967788 -0.251766 0
    outer loop
      vertex 23.6457 34.5091 4.2
      vertex 23.5848 34.275 5
      vertex 23.5848 34.275 4.2
    endloop
  endfacet
  facet normal 0.904285 -0.42693 0
    outer loop
      vertex 23.4832 34.0598 5
      vertex 23.5848 34.275 4.2
      vertex 23.5848 34.275 5
    endloop
  endfacet
  facet normal 0.904285 -0.42693 0
    outer loop
      vertex 23.5848 34.275 4.2
      vertex 23.4832 34.0598 5
      vertex 23.4832 34.0598 4.2
    endloop
  endfacet
  facet normal 0.811826 -0.5839 0
    outer loop
      vertex 23.3464 33.8696 5
      vertex 23.4832 34.0598 4.2
      vertex 23.4832 34.0598 5
    endloop
  endfacet
  facet normal 0.811826 -0.5839 0
    outer loop
      vertex 23.4832 34.0598 4.2
      vertex 23.3464 33.8696 5
      vertex 23.3464 33.8696 4.2
    endloop
  endfacet
  facet normal 0.689547 -0.724241 0
    outer loop
      vertex 23.1794 33.7106 4.2
      vertex 23.3464 33.8696 5
      vertex 23.1794 33.7106 5
    endloop
  endfacet
  facet normal 0.689547 -0.724241 0
    outer loop
      vertex 23.3464 33.8696 5
      vertex 23.1794 33.7106 4.2
      vertex 23.3464 33.8696 4.2
    endloop
  endfacet
  facet normal 0.544539 -0.838735 0
    outer loop
      vertex 22.9824 33.5827 4.2
      vertex 23.1794 33.7106 5
      vertex 22.9824 33.5827 5
    endloop
  endfacet
  facet normal 0.544539 -0.838735 0
    outer loop
      vertex 23.1794 33.7106 5
      vertex 22.9824 33.5827 4.2
      vertex 23.1794 33.7106 4.2
    endloop
  endfacet
  facet normal 0.394835 -0.918752 0
    outer loop
      vertex 22.7646 33.4891 4.2
      vertex 22.9824 33.5827 5
      vertex 22.7646 33.4891 5
    endloop
  endfacet
  facet normal 0.394835 -0.918752 0
    outer loop
      vertex 22.9824 33.5827 5
      vertex 22.7646 33.4891 4.2
      vertex 22.9824 33.5827 4.2
    endloop
  endfacet
  facet normal 0.23795 -0.971277 0
    outer loop
      vertex 22.5352 33.4329 4.2
      vertex 22.7646 33.4891 5
      vertex 22.5352 33.4329 5
    endloop
  endfacet
  facet normal 0.23795 -0.971277 0
    outer loop
      vertex 22.7646 33.4891 5
      vertex 22.5352 33.4329 4.2
      vertex 22.7646 33.4891 4.2
    endloop
  endfacet
  facet normal 0.0773608 -0.997003 0
    outer loop
      vertex 22.2942 33.4142 4.2
      vertex 22.5352 33.4329 5
      vertex 22.2942 33.4142 5
    endloop
  endfacet
  facet normal 0.0773608 -0.997003 0
    outer loop
      vertex 22.5352 33.4329 5
      vertex 22.2942 33.4142 4.2
      vertex 22.5352 33.4329 4.2
    endloop
  endfacet
  facet normal -0.124197 -0.992258 0
    outer loop
      vertex 21.9171 33.4614 4.2
      vertex 22.2942 33.4142 5
      vertex 21.9171 33.4614 5
    endloop
  endfacet
  facet normal -0.124197 -0.992258 -0
    outer loop
      vertex 22.2942 33.4142 5
      vertex 21.9171 33.4614 4.2
      vertex 22.2942 33.4142 4.2
    endloop
  endfacet
  facet normal -0.993107 0.117208 0
    outer loop
      vertex 42.8821 31.0671 4.2
      vertex 42.9525 31.6636 5
      vertex 42.9525 31.6636 4.2
    endloop
  endfacet
  facet normal -0.993107 0.117208 0
    outer loop
      vertex 42.9525 31.6636 5
      vertex 42.8821 31.0671 4.2
      vertex 42.8821 31.0671 5
    endloop
  endfacet
  facet normal -0.980308 0.197475 0
    outer loop
      vertex 42.9525 31.6636 4.2
      vertex 43.0699 32.2464 5
      vertex 43.0699 32.2464 4.2
    endloop
  endfacet
  facet normal -0.980308 0.197475 0
    outer loop
      vertex 43.0699 32.2464 5
      vertex 42.9525 31.6636 4.2
      vertex 42.9525 31.6636 5
    endloop
  endfacet
  facet normal -0.961968 0.273162 0
    outer loop
      vertex 43.0699 32.2464 4.2
      vertex 43.2342 32.825 5
      vertex 43.2342 32.825 4.2
    endloop
  endfacet
  facet normal -0.961968 0.273162 0
    outer loop
      vertex 43.2342 32.825 5
      vertex 43.0699 32.2464 4.2
      vertex 43.0699 32.2464 5
    endloop
  endfacet
  facet normal -0.940375 0.340139 0
    outer loop
      vertex 43.2342 32.825 4.2
      vertex 43.4454 33.4089 5
      vertex 43.4454 33.4089 4.2
    endloop
  endfacet
  facet normal -0.940375 0.340139 0
    outer loop
      vertex 43.4454 33.4089 5
      vertex 43.2342 32.825 4.2
      vertex 43.2342 32.825 5
    endloop
  endfacet
  facet normal -0.91589 0.40143 0
    outer loop
      vertex 43.4454 33.4089 4.2
      vertex 43.7036 33.998 5
      vertex 43.7036 33.998 4.2
    endloop
  endfacet
  facet normal -0.91589 0.40143 0
    outer loop
      vertex 43.7036 33.998 5
      vertex 43.4454 33.4089 4.2
      vertex 43.4454 33.4089 5
    endloop
  endfacet
  facet normal -0.886315 0.463083 0
    outer loop
      vertex 43.7036 33.998 4.2
      vertex 44.0522 34.6652 5
      vertex 44.0522 34.6652 4.2
    endloop
  endfacet
  facet normal -0.886315 0.463083 0
    outer loop
      vertex 44.0522 34.6652 5
      vertex 43.7036 33.998 4.2
      vertex 43.7036 33.998 5
    endloop
  endfacet
  facet normal -0.861306 0.508087 0
    outer loop
      vertex 44.0522 34.6652 4.2
      vertex 44.5348 35.4833 5
      vertex 44.5348 35.4833 4.2
    endloop
  endfacet
  facet normal -0.861306 0.508087 0
    outer loop
      vertex 44.5348 35.4833 5
      vertex 44.0522 34.6652 4.2
      vertex 44.0522 34.6652 5
    endloop
  endfacet
  facet normal -0.843651 0.536892 0
    outer loop
      vertex 44.5348 35.4833 4.2
      vertex 45.1514 36.4522 5
      vertex 45.1514 36.4522 4.2
    endloop
  endfacet
  facet normal -0.843651 0.536892 0
    outer loop
      vertex 45.1514 36.4522 5
      vertex 44.5348 35.4833 4.2
      vertex 44.5348 35.4833 5
    endloop
  endfacet
  facet normal -1 0 0
    outer loop
      vertex 45.1514 36.4522 4.2
      vertex 45.1514 37.1452 5
      vertex 45.1514 37.1452 4.2
    endloop
  endfacet
  facet normal -1 -0 0
    outer loop
      vertex 45.1514 37.1452 5
      vertex 45.1514 36.4522 4.2
      vertex 45.1514 36.4522 5
    endloop
  endfacet
  facet normal 0 -1 0
    outer loop
      vertex 40.732 37.1452 4.2
      vertex 45.1514 37.1452 5
      vertex 40.732 37.1452 5
    endloop
  endfacet
  facet normal 0 -1 -0
    outer loop
      vertex 45.1514 37.1452 5
      vertex 40.732 37.1452 4.2
      vertex 45.1514 37.1452 4.2
    endloop
  endfacet
  facet normal 1 -0 0
    outer loop
      vertex 40.732 36.419 5
      vertex 40.732 37.1452 4.2
      vertex 40.732 37.1452 5
    endloop
  endfacet
  facet normal 1 0 0
    outer loop
      vertex 40.732 37.1452 4.2
      vertex 40.732 36.419 5
      vertex 40.732 36.419 4.2
    endloop
  endfacet
  facet normal 0 1 -0
    outer loop
      vertex 44.3254 36.419 4.2
      vertex 40.732 36.419 5
      vertex 44.3254 36.419 5
    endloop
  endfacet
  facet normal 0 1 0
    outer loop
      vertex 40.732 36.419 5
      vertex 44.3254 36.419 4.2
      vertex 40.732 36.419 4.2
    endloop
  endfacet
  facet normal 0.839127 -0.543936 0
    outer loop
      vertex 43.5583 35.2356 5
      vertex 44.3254 36.419 4.2
      vertex 44.3254 36.419 5
    endloop
  endfacet
  facet normal 0.839127 -0.543936 0
    outer loop
      vertex 44.3254 36.419 4.2
      vertex 43.5583 35.2356 5
      vertex 43.5583 35.2356 4.2
    endloop
  endfacet
  facet normal 0.873862 -0.486175 0
    outer loop
      vertex 42.9531 34.1478 5
      vertex 43.5583 35.2356 4.2
      vertex 43.5583 35.2356 5
    endloop
  endfacet
  facet normal 0.873862 -0.486175 0
    outer loop
      vertex 43.5583 35.2356 4.2
      vertex 42.9531 34.1478 5
      vertex 42.9531 34.1478 4.2
    endloop
  endfacet
  facet normal 0.913047 -0.407854 0
    outer loop
      vertex 42.5098 33.1554 5
      vertex 42.9531 34.1478 4.2
      vertex 42.9531 34.1478 5
    endloop
  endfacet
  facet normal 0.913047 -0.407854 0
    outer loop
      vertex 42.9531 34.1478 4.2
      vertex 42.5098 33.1554 5
      vertex 42.5098 33.1554 4.2
    endloop
  endfacet
  facet normal 0.95106 -0.309005 0
    outer loop
      vertex 42.2078 32.2259 5
      vertex 42.5098 33.1554 4.2
      vertex 42.5098 33.1554 5
    endloop
  endfacet
  facet normal 0.95106 -0.309005 0
    outer loop
      vertex 42.5098 33.1554 4.2
      vertex 42.2078 32.2259 5
      vertex 42.2078 32.2259 4.2
    endloop
  endfacet
  facet normal 0.980333 -0.197352 0
    outer loop
      vertex 42.0267 31.3263 5
      vertex 42.2078 32.2259 4.2
      vertex 42.2078 32.2259 5
    endloop
  endfacet
  facet normal 0.980333 -0.197352 0
    outer loop
      vertex 42.2078 32.2259 4.2
      vertex 42.0267 31.3263 5
      vertex 42.0267 31.3263 4.2
    endloop
  endfacet
  facet normal 0.997595 -0.0693061 0
    outer loop
      vertex 41.9663 30.4569 5
      vertex 42.0267 31.3263 4.2
      vertex 42.0267 31.3263 5
    endloop
  endfacet
  facet normal 0.997595 -0.0693061 0
    outer loop
      vertex 42.0267 31.3263 4.2
      vertex 41.9663 30.4569 5
      vertex 41.9663 30.4569 4.2
    endloop
  endfacet
  facet normal 0 1 -0
    outer loop
      vertex 42.8586 30.4569 4.2
      vertex 41.9663 30.4569 5
      vertex 42.8586 30.4569 5
    endloop
  endfacet
  facet normal 0 1 0
    outer loop
      vertex 41.9663 30.4569 5
      vertex 42.8586 30.4569 4.2
      vertex 41.9663 30.4569 4.2
    endloop
  endfacet
  facet normal -0.999259 0.0384834 0
    outer loop
      vertex 42.8586 30.4569 4.2
      vertex 42.8821 31.0671 5
      vertex 42.8821 31.0671 4.2
    endloop
  endfacet
  facet normal -0.999259 0.0384834 0
    outer loop
      vertex 42.8821 31.0671 5
      vertex 42.8586 30.4569 4.2
      vertex 42.8586 30.4569 5
    endloop
  endfacet
  facet normal -0.997172 0.0751498 0
    outer loop
      vertex 68.1542 33.4331 4.2
      vertex 68.1895 33.9015 5
      vertex 68.1895 33.9015 4.2
    endloop
  endfacet
  facet normal -0.997172 0.0751498 0
    outer loop
      vertex 68.1895 33.9015 5
      vertex 68.1542 33.4331 4.2
      vertex 68.1542 33.4331 5
    endloop
  endfacet
  facet normal -0.965397 0.260785 0
    outer loop
      vertex 68.1895 33.9015 4.2
      vertex 68.2955 34.2939 5
      vertex 68.2955 34.2939 4.2
    endloop
  endfacet
  facet normal -0.965397 0.260785 0
    outer loop
      vertex 68.2955 34.2939 5
      vertex 68.1895 33.9015 4.2
      vertex 68.1895 33.9015 5
    endloop
  endfacet
  facet normal -0.873075 0.487586 0
    outer loop
      vertex 68.2955 34.2939 4.2
      vertex 68.4722 34.6103 5
      vertex 68.4722 34.6103 4.2
    endloop
  endfacet
  facet normal -0.873075 0.487586 0
    outer loop
      vertex 68.4722 34.6103 5
      vertex 68.2955 34.2939 4.2
      vertex 68.2955 34.2939 5
    endloop
  endfacet
  facet normal -0.69908 0.715043 0
    outer loop
      vertex 68.7096 34.8424 4.2
      vertex 68.4722 34.6103 5
      vertex 68.7096 34.8424 5
    endloop
  endfacet
  facet normal -0.69908 0.715043 0
    outer loop
      vertex 68.4722 34.6103 5
      vertex 68.7096 34.8424 4.2
      vertex 68.4722 34.6103 4.2
    endloop
  endfacet
  facet normal -0.435422 0.900226 0
    outer loop
      vertex 68.9976 34.9817 4.2
      vertex 68.7096 34.8424 5
      vertex 68.9976 34.9817 5
    endloop
  endfacet
  facet normal -0.435422 0.900226 0
    outer loop
      vertex 68.7096 34.8424 5
      vertex 68.9976 34.9817 4.2
      vertex 68.7096 34.8424 4.2
    endloop
  endfacet
  facet normal -0.135766 0.990741 0
    outer loop
      vertex 69.3362 35.0281 4.2
      vertex 68.9976 34.9817 5
      vertex 69.3362 35.0281 5
    endloop
  endfacet
  facet normal -0.135766 0.990741 0
    outer loop
      vertex 68.9976 34.9817 5
      vertex 69.3362 35.0281 4.2
      vertex 68.9976 34.9817 4.2
    endloop
  endfacet
  facet normal 0.0991939 0.995068 -0
    outer loop
      vertex 69.6542 34.9964 4.2
      vertex 69.3362 35.0281 5
      vertex 69.6542 34.9964 5
    endloop
  endfacet
  facet normal 0.0991939 0.995068 0
    outer loop
      vertex 69.3362 35.0281 5
      vertex 69.6542 34.9964 4.2
      vertex 69.3362 35.0281 4.2
    endloop
  endfacet
  facet normal 0.360813 0.932638 -0
    outer loop
      vertex 69.8995 34.9015 4.2
      vertex 69.6542 34.9964 5
      vertex 69.8995 34.9015 5
    endloop
  endfacet
  facet normal 0.360813 0.932638 0
    outer loop
      vertex 69.6542 34.9964 5
      vertex 69.8995 34.9015 4.2
      vertex 69.6542 34.9964 4.2
    endloop
  endfacet
  facet normal 0.676344 0.736586 -0
    outer loop
      vertex 70.0719 34.7432 4.2
      vertex 69.8995 34.9015 5
      vertex 70.0719 34.7432 5
    endloop
  endfacet
  facet normal 0.676344 0.736586 0
    outer loop
      vertex 69.8995 34.9015 5
      vertex 70.0719 34.7432 4.2
      vertex 69.8995 34.9015 4.2
    endloop
  endfacet
  facet normal 0.904836 0.425761 0
    outer loop
      vertex 70.1853 34.5022 5
      vertex 70.0719 34.7432 4.2
      vertex 70.0719 34.7432 5
    endloop
  endfacet
  facet normal 0.904836 0.425761 0
    outer loop
      vertex 70.0719 34.7432 4.2
      vertex 70.1853 34.5022 5
      vertex 70.1853 34.5022 4.2
    endloop
  endfacet
  facet normal 0.980887 0.194577 0
    outer loop
      vertex 70.2534 34.1589 5
      vertex 70.1853 34.5022 4.2
      vertex 70.1853 34.5022 5
    endloop
  endfacet
  facet normal 0.980887 0.194577 0
    outer loop
      vertex 70.1853 34.5022 4.2
      vertex 70.2534 34.1589 5
      vertex 70.2534 34.1589 4.2
    endloop
  endfacet
  facet normal 0.998717 0.0506417 0
    outer loop
      vertex 70.276 33.7132 5
      vertex 70.2534 34.1589 4.2
      vertex 70.2534 34.1589 5
    endloop
  endfacet
  facet normal 0.998717 0.0506417 0
    outer loop
      vertex 70.2534 34.1589 4.2
      vertex 70.276 33.7132 5
      vertex 70.276 33.7132 4.2
    endloop
  endfacet
  facet normal 1 -0 0
    outer loop
      vertex 70.276 30.4569 5
      vertex 70.276 33.7132 4.2
      vertex 70.276 33.7132 5
    endloop
  endfacet
  facet normal 1 0 0
    outer loop
      vertex 70.276 33.7132 4.2
      vertex 70.276 30.4569 5
      vertex 70.276 30.4569 4.2
    endloop
  endfacet
  facet normal 0 1 -0
    outer loop
      vertex 71.121 30.4569 4.2
      vertex 70.276 30.4569 5
      vertex 71.121 30.4569 5
    endloop
  endfacet
  facet normal 0 1 0
    outer loop
      vertex 70.276 30.4569 5
      vertex 71.121 30.4569 4.2
      vertex 70.276 30.4569 4.2
    endloop
  endfacet
  facet normal -1 0 0
    outer loop
      vertex 71.121 30.4569 4.2
      vertex 71.121 33.4331 5
      vertex 71.121 33.4331 4.2
    endloop
  endfacet
  facet normal -1 -0 0
    outer loop
      vertex 71.121 33.4331 5
      vertex 71.121 30.4569 4.2
      vertex 71.121 30.4569 5
    endloop
  endfacet
  facet normal -0.99731 0.0732943 0
    outer loop
      vertex 71.121 33.4331 4.2
      vertex 71.1556 33.9039 5
      vertex 71.1556 33.9039 4.2
    endloop
  endfacet
  facet normal -0.99731 0.0732943 0
    outer loop
      vertex 71.1556 33.9039 5
      vertex 71.121 33.4331 4.2
      vertex 71.121 33.4331 5
    endloop
  endfacet
  facet normal -0.966998 0.254784 0
    outer loop
      vertex 71.1556 33.9039 4.2
      vertex 71.2592 34.2971 5
      vertex 71.2592 34.2971 4.2
    endloop
  endfacet
  facet normal -0.966998 0.254784 0
    outer loop
      vertex 71.2592 34.2971 5
      vertex 71.1556 33.9039 4.2
      vertex 71.1556 33.9039 5
    endloop
  endfacet
  facet normal -0.877247 0.48004 0
    outer loop
      vertex 71.2592 34.2971 4.2
      vertex 71.4319 34.6127 5
      vertex 71.4319 34.6127 4.2
    endloop
  endfacet
  facet normal -0.877247 0.48004 0
    outer loop
      vertex 71.4319 34.6127 5
      vertex 71.2592 34.2971 4.2
      vertex 71.2592 34.2971 5
    endloop
  endfacet
  facet normal -0.700702 0.713454 0
    outer loop
      vertex 71.6669 34.8435 4.2
      vertex 71.4319 34.6127 5
      vertex 71.6669 34.8435 5
    endloop
  endfacet
  facet normal -0.700702 0.713454 0
    outer loop
      vertex 71.4319 34.6127 5
      vertex 71.6669 34.8435 4.2
      vertex 71.4319 34.6127 4.2
    endloop
  endfacet
  facet normal -0.430344 0.902665 0
    outer loop
      vertex 71.9572 34.9819 4.2
      vertex 71.6669 34.8435 5
      vertex 71.9572 34.9819 5
    endloop
  endfacet
  facet normal -0.430344 0.902665 0
    outer loop
      vertex 71.6669 34.8435 5
      vertex 71.9572 34.9819 4.2
      vertex 71.6669 34.8435 4.2
    endloop
  endfacet
  facet normal -0.132427 0.991193 0
    outer loop
      vertex 72.303 35.0281 4.2
      vertex 71.9572 34.9819 5
      vertex 72.303 35.0281 5
    endloop
  endfacet
  facet normal -0.132427 0.991193 0
    outer loop
      vertex 71.9572 34.9819 5
      vertex 72.303 35.0281 4.2
      vertex 71.9572 34.9819 4.2
    endloop
  endfacet
  facet normal 0.0991939 0.995068 -0
    outer loop
      vertex 72.621 34.9964 4.2
      vertex 72.303 35.0281 5
      vertex 72.621 34.9964 5
    endloop
  endfacet
  facet normal 0.0991939 0.995068 0
    outer loop
      vertex 72.303 35.0281 5
      vertex 72.621 34.9964 4.2
      vertex 72.303 35.0281 4.2
    endloop
  endfacet
  facet normal 0.360813 0.932638 -0
    outer loop
      vertex 72.8663 34.9015 4.2
      vertex 72.621 34.9964 5
      vertex 72.8663 34.9015 5
    endloop
  endfacet
  facet normal 0.360813 0.932638 0
    outer loop
      vertex 72.621 34.9964 5
      vertex 72.8663 34.9015 4.2
      vertex 72.621 34.9964 4.2
    endloop
  endfacet
  facet normal 0.676344 0.736586 -0
    outer loop
      vertex 73.0387 34.7432 4.2
      vertex 72.8663 34.9015 5
      vertex 73.0387 34.7432 5
    endloop
  endfacet
  facet normal 0.676344 0.736586 0
    outer loop
      vertex 72.8663 34.9015 5
      vertex 73.0387 34.7432 4.2
      vertex 72.8663 34.9015 4.2
    endloop
  endfacet
  facet normal 0.904836 0.425761 0
    outer loop
      vertex 73.1521 34.5022 5
      vertex 73.0387 34.7432 4.2
      vertex 73.0387 34.7432 5
    endloop
  endfacet
  facet normal 0.904836 0.425761 0
    outer loop
      vertex 73.0387 34.7432 4.2
      vertex 73.1521 34.5022 5
      vertex 73.1521 34.5022 4.2
    endloop
  endfacet
  facet normal 0.980887 0.194577 0
    outer loop
      vertex 73.2202 34.1589 5
      vertex 73.1521 34.5022 4.2
      vertex 73.1521 34.5022 5
    endloop
  endfacet
  facet normal 0.980887 0.194577 0
    outer loop
      vertex 73.1521 34.5022 4.2
      vertex 73.2202 34.1589 5
      vertex 73.2202 34.1589 4.2
    endloop
  endfacet
  facet normal 0.998706 0.0508652 0
    outer loop
      vertex 73.2429 33.7132 5
      vertex 73.2202 34.1589 4.2
      vertex 73.2202 34.1589 5
    endloop
  endfacet
  facet normal 0.998706 0.0508652 0
    outer loop
      vertex 73.2202 34.1589 4.2
      vertex 73.2429 33.7132 5
      vertex 73.2429 33.7132 4.2
    endloop
  endfacet
  facet normal 1 -0 0
    outer loop
      vertex 73.2429 30.4569 5
      vertex 73.2429 33.7132 4.2
      vertex 73.2429 33.7132 5
    endloop
  endfacet
  facet normal 1 0 0
    outer loop
      vertex 73.2429 33.7132 4.2
      vertex 73.2429 30.4569 5
      vertex 73.2429 30.4569 4.2
    endloop
  endfacet
  facet normal 0 1 -0
    outer loop
      vertex 74.0878 30.4569 4.2
      vertex 73.2429 30.4569 5
      vertex 74.0878 30.4569 5
    endloop
  endfacet
  facet normal 0 1 0
    outer loop
      vertex 73.2429 30.4569 5
      vertex 74.0878 30.4569 4.2
      vertex 73.2429 30.4569 4.2
    endloop
  endfacet
  facet normal -1 0 0
    outer loop
      vertex 74.0878 30.4569 4.2
      vertex 74.0878 33.8794 5
      vertex 74.0878 33.8794 4.2
    endloop
  endfacet
  facet normal -1 -0 0
    outer loop
      vertex 74.0878 33.8794 5
      vertex 74.0878 30.4569 4.2
      vertex 74.0878 30.4569 5
    endloop
  endfacet
  facet normal -0.99773 -0.0673378 0
    outer loop
      vertex 74.0878 33.8794 4.2
      vertex 74.0485 34.4617 5
      vertex 74.0485 34.4617 4.2
    endloop
  endfacet
  facet normal -0.99773 -0.0673378 0
    outer loop
      vertex 74.0485 34.4617 5
      vertex 74.0878 33.8794 4.2
      vertex 74.0878 33.8794 5
    endloop
  endfacet
  facet normal -0.968947 -0.24727 0
    outer loop
      vertex 74.0485 34.4617 4.2
      vertex 73.9306 34.9237 5
      vertex 73.9306 34.9237 4.2
    endloop
  endfacet
  facet normal -0.968947 -0.24727 0
    outer loop
      vertex 73.9306 34.9237 5
      vertex 74.0485 34.4617 4.2
      vertex 74.0485 34.4617 5
    endloop
  endfacet
  facet normal -0.866882 -0.498514 0
    outer loop
      vertex 73.9306 34.9237 4.2
      vertex 73.7341 35.2654 5
      vertex 73.7341 35.2654 4.2
    endloop
  endfacet
  facet normal -0.866882 -0.498514 0
    outer loop
      vertex 73.7341 35.2654 5
      vertex 73.9306 34.9237 4.2
      vertex 73.9306 34.9237 5
    endloop
  endfacet
  facet normal -0.638497 -0.769624 0
    outer loop
      vertex 73.4512 35.5001 4.2
      vertex 73.7341 35.2654 5
      vertex 73.4512 35.5001 5
    endloop
  endfacet
  facet normal -0.638497 -0.769624 -0
    outer loop
      vertex 73.7341 35.2654 5
      vertex 73.4512 35.5001 4.2
      vertex 73.7341 35.2654 4.2
    endloop
  endfacet
  facet normal -0.349763 -0.936838 0
    outer loop
      vertex 73.0738 35.641 4.2
      vertex 73.4512 35.5001 5
      vertex 73.0738 35.641 5
    endloop
  endfacet
  facet normal -0.349763 -0.936838 -0
    outer loop
      vertex 73.4512 35.5001 5
      vertex 73.0738 35.641 4.2
      vertex 73.4512 35.5001 4.2
    endloop
  endfacet
  facet normal -0.098919 -0.995095 0
    outer loop
      vertex 72.602 35.6879 4.2
      vertex 73.0738 35.641 5
      vertex 72.602 35.6879 5
    endloop
  endfacet
  facet normal -0.098919 -0.995095 -0
    outer loop
      vertex 73.0738 35.641 5
      vertex 72.602 35.6879 4.2
      vertex 73.0738 35.641 4.2
    endloop
  endfacet
  facet normal 0.0742283 -0.997241 0
    outer loop
      vertex 72.2621 35.6626 4.2
      vertex 72.602 35.6879 5
      vertex 72.2621 35.6626 5
    endloop
  endfacet
  facet normal 0.0742283 -0.997241 0
    outer loop
      vertex 72.602 35.6879 5
      vertex 72.2621 35.6626 4.2
      vertex 72.602 35.6879 4.2
    endloop
  endfacet
  facet normal 0.242086 -0.970255 0
    outer loop
      vertex 71.9575 35.5866 4.2
      vertex 72.2621 35.6626 5
      vertex 71.9575 35.5866 5
    endloop
  endfacet
  facet normal 0.242086 -0.970255 0
    outer loop
      vertex 72.2621 35.6626 5
      vertex 71.9575 35.5866 4.2
      vertex 72.2621 35.6626 4.2
    endloop
  endfacet
  facet normal 0.425441 -0.904986 0
    outer loop
      vertex 71.6882 35.46 4.2
      vertex 71.9575 35.5866 5
      vertex 71.6882 35.46 5
    endloop
  endfacet
  facet normal 0.425441 -0.904986 0
    outer loop
      vertex 71.9575 35.5866 5
      vertex 71.6882 35.46 4.2
      vertex 71.9575 35.5866 4.2
    endloop
  endfacet
  facet normal 0.609871 -0.792501 0
    outer loop
      vertex 71.4491 35.276 4.2
      vertex 71.6882 35.46 5
      vertex 71.4491 35.276 5
    endloop
  endfacet
  facet normal 0.609871 -0.792501 0
    outer loop
      vertex 71.6882 35.46 5
      vertex 71.4491 35.276 4.2
      vertex 71.6882 35.46 4.2
    endloop
  endfacet
  facet normal 0.757015 -0.653398 0
    outer loop
      vertex 71.2347 35.0276 5
      vertex 71.4491 35.276 4.2
      vertex 71.4491 35.276 5
    endloop
  endfacet
  facet normal 0.757015 -0.653398 0
    outer loop
      vertex 71.4491 35.276 4.2
      vertex 71.2347 35.0276 5
      vertex 71.2347 35.0276 4.2
    endloop
  endfacet
  facet normal 0.855168 -0.51835 0
    outer loop
      vertex 71.0451 34.7148 5
      vertex 71.2347 35.0276 4.2
      vertex 71.2347 35.0276 5
    endloop
  endfacet
  facet normal 0.855168 -0.51835 0
    outer loop
      vertex 71.2347 35.0276 4.2
      vertex 71.0451 34.7148 5
      vertex 71.0451 34.7148 4.2
    endloop
  endfacet
  facet normal 0 -1 0
    outer loop
      vertex 71.0308 34.7148 4.2
      vertex 71.0451 34.7148 5
      vertex 71.0308 34.7148 5
    endloop
  endfacet
  facet normal 0 -1 -0
    outer loop
      vertex 71.0451 34.7148 5
      vertex 71.0308 34.7148 4.2
      vertex 71.0451 34.7148 4.2
    endloop
  endfacet
  facet normal -0.940185 -0.340664 0
    outer loop
      vertex 71.0308 34.7148 4.2
      vertex 70.9192 35.0228 5
      vertex 70.9192 35.0228 4.2
    endloop
  endfacet
  facet normal -0.940185 -0.340664 0
    outer loop
      vertex 70.9192 35.0228 5
      vertex 71.0308 34.7148 4.2
      vertex 71.0308 34.7148 5
    endloop
  endfacet
  facet normal -0.843225 -0.53756 0
    outer loop
      vertex 70.9192 35.0228 4.2
      vertex 70.7618 35.2697 5
      vertex 70.7618 35.2697 4.2
    endloop
  endfacet
  facet normal -0.843225 -0.53756 0
    outer loop
      vertex 70.7618 35.2697 5
      vertex 70.9192 35.0228 4.2
      vertex 70.9192 35.0228 5
    endloop
  endfacet
  facet normal -0.674045 -0.73869 0
    outer loop
      vertex 70.5584 35.4553 4.2
      vertex 70.7618 35.2697 5
      vertex 70.5584 35.4553 5
    endloop
  endfacet
  facet normal -0.674045 -0.73869 -0
    outer loop
      vertex 70.7618 35.2697 5
      vertex 70.5584 35.4553 4.2
      vertex 70.7618 35.2697 4.2
    endloop
  endfacet
  facet normal -0.454231 -0.890884 0
    outer loop
      vertex 70.305 35.5845 4.2
      vertex 70.5584 35.4553 5
      vertex 70.305 35.5845 5
    endloop
  endfacet
  facet normal -0.454231 -0.890884 -0
    outer loop
      vertex 70.5584 35.4553 5
      vertex 70.305 35.5845 4.2
      vertex 70.5584 35.4553 4.2
    endloop
  endfacet
  facet normal -0.244537 -0.96964 0
    outer loop
      vertex 69.9973 35.6621 4.2
      vertex 70.305 35.5845 5
      vertex 69.9973 35.6621 5
    endloop
  endfacet
  facet normal -0.244537 -0.96964 -0
    outer loop
      vertex 70.305 35.5845 5
      vertex 69.9973 35.6621 4.2
      vertex 70.305 35.5845 4.2
    endloop
  endfacet
  facet normal -0.0710709 -0.997471 0
    outer loop
      vertex 69.6352 35.6879 4.2
      vertex 69.9973 35.6621 5
      vertex 69.6352 35.6879 5
    endloop
  endfacet
  facet normal -0.0710709 -0.997471 -0
    outer loop
      vertex 69.9973 35.6621 5
      vertex 69.6352 35.6879 4.2
      vertex 69.9973 35.6621 4.2
    endloop
  endfacet
  facet normal 0.0728861 -0.99734 0
    outer loop
      vertex 69.3109 35.6642 4.2
      vertex 69.6352 35.6879 5
      vertex 69.3109 35.6642 5
    endloop
  endfacet
  facet normal 0.0728861 -0.99734 0
    outer loop
      vertex 69.6352 35.6879 5
      vertex 69.3109 35.6642 4.2
      vertex 69.6352 35.6879 4.2
    endloop
  endfacet
  facet normal 0.239063 -0.971004 0
    outer loop
      vertex 69.0213 35.5929 4.2
      vertex 69.3109 35.6642 5
      vertex 69.0213 35.5929 5
    endloop
  endfacet
  facet normal 0.239063 -0.971004 0
    outer loop
      vertex 69.3109 35.6642 5
      vertex 69.0213 35.5929 4.2
      vertex 69.3109 35.6642 4.2
    endloop
  endfacet
  facet normal 0.422125 -0.906537 0
    outer loop
      vertex 68.7666 35.4743 4.2
      vertex 69.0213 35.5929 5
      vertex 68.7666 35.4743 5
    endloop
  endfacet
  facet normal 0.422125 -0.906537 0
    outer loop
      vertex 69.0213 35.5929 5
      vertex 68.7666 35.4743 4.2
      vertex 69.0213 35.5929 4.2
    endloop
  endfacet
  facet normal 0.617487 -0.786581 0
    outer loop
      vertex 68.5382 35.295 4.2
      vertex 68.7666 35.4743 5
      vertex 68.5382 35.295 5
    endloop
  endfacet
  facet normal 0.617487 -0.786581 0
    outer loop
      vertex 68.7666 35.4743 5
      vertex 68.5382 35.295 4.2
      vertex 68.7666 35.4743 4.2
    endloop
  endfacet
  facet normal 0.768968 -0.639288 0
    outer loop
      vertex 68.3277 35.0418 5
      vertex 68.5382 35.295 4.2
      vertex 68.5382 35.295 5
    endloop
  endfacet
  facet normal 0.768968 -0.639288 0
    outer loop
      vertex 68.5382 35.295 4.2
      vertex 68.3277 35.0418 5
      vertex 68.3277 35.0418 4.2
    endloop
  endfacet
  facet normal 0.861765 -0.507308 0
    outer loop
      vertex 68.1352 34.7148 5
      vertex 68.3277 35.0418 4.2
      vertex 68.3277 35.0418 5
    endloop
  endfacet
  facet normal 0.861765 -0.507308 0
    outer loop
      vertex 68.3277 35.0418 4.2
      vertex 68.1352 34.7148 5
      vertex 68.1352 34.7148 4.2
    endloop
  endfacet
  facet normal 0 -1 0
    outer loop
      vertex 68.121 34.7148 4.2
      vertex 68.1352 34.7148 5
      vertex 68.121 34.7148 5
    endloop
  endfacet
  facet normal 0 -1 -0
    outer loop
      vertex 68.1352 34.7148 5
      vertex 68.121 34.7148 4.2
      vertex 68.1352 34.7148 4.2
    endloop
  endfacet
  facet normal -0.999627 -0.0272951 0
    outer loop
      vertex 68.121 34.7148 4.2
      vertex 68.1149 34.9382 5
      vertex 68.1149 34.9382 4.2
    endloop
  endfacet
  facet normal -0.999627 -0.0272951 0
    outer loop
      vertex 68.1149 34.9382 5
      vertex 68.121 34.7148 4.2
      vertex 68.121 34.7148 5
    endloop
  endfacet
  facet normal -0.999478 -0.032317 0
    outer loop
      vertex 68.1149 34.9382 4.2
      vertex 68.1094 35.1083 5
      vertex 68.1094 35.1083 4.2
    endloop
  endfacet
  facet normal -0.999478 -0.032317 0
    outer loop
      vertex 68.1094 35.1083 5
      vertex 68.1149 34.9382 4.2
      vertex 68.1149 34.9382 5
    endloop
  endfacet
  facet normal -0.999085 -0.042769 0
    outer loop
      vertex 68.1094 35.1083 4.2
      vertex 68.1044 35.2251 5
      vertex 68.1044 35.2251 4.2
    endloop
  endfacet
  facet normal -0.999085 -0.042769 0
    outer loop
      vertex 68.1044 35.2251 5
      vertex 68.1094 35.1083 4.2
      vertex 68.1094 35.1083 5
    endloop
  endfacet
  facet normal -0.998656 -0.0518333 0
    outer loop
      vertex 68.1044 35.2251 4.2
      vertex 68.0999 35.3118 5
      vertex 68.0999 35.3118 4.2
    endloop
  endfacet
  facet normal -0.998656 -0.0518333 0
    outer loop
      vertex 68.0999 35.3118 5
      vertex 68.1044 35.2251 4.2
      vertex 68.1044 35.2251 5
    endloop
  endfacet
  facet normal -0.998749 -0.05 0
    outer loop
      vertex 68.0999 35.3118 4.2
      vertex 68.0959 35.3917 5
      vertex 68.0959 35.3917 4.2
    endloop
  endfacet
  facet normal -0.998749 -0.05 0
    outer loop
      vertex 68.0959 35.3917 5
      vertex 68.0999 35.3118 4.2
      vertex 68.0999 35.3118 5
    endloop
  endfacet
  facet normal -0.99892 -0.0464614 0
    outer loop
      vertex 68.0959 35.3917 4.2
      vertex 68.0925 35.4648 5
      vertex 68.0925 35.4648 4.2
    endloop
  endfacet
  facet normal -0.99892 -0.0464614 0
    outer loop
      vertex 68.0925 35.4648 5
      vertex 68.0959 35.3917 4.2
      vertex 68.0959 35.3917 5
    endloop
  endfacet
  facet normal -0.998613 -0.0526452 0
    outer loop
      vertex 68.0925 35.4648 4.2
      vertex 68.0893 35.5255 5
      vertex 68.0893 35.5255 4.2
    endloop
  endfacet
  facet normal -0.998613 -0.0526452 0
    outer loop
      vertex 68.0893 35.5255 5
      vertex 68.0925 35.4648 4.2
      vertex 68.0925 35.4648 5
    endloop
  endfacet
  facet normal -0.997375 -0.072409 0
    outer loop
      vertex 68.0893 35.5255 4.2
      vertex 68.0862 35.5682 5
      vertex 68.0862 35.5682 4.2
    endloop
  endfacet
  facet normal -0.997375 -0.072409 0
    outer loop
      vertex 68.0862 35.5682 5
      vertex 68.0893 35.5255 4.2
      vertex 68.0893 35.5255 5
    endloop
  endfacet
  facet normal -0.991778 -0.127971 0
    outer loop
      vertex 68.0862 35.5682 4.2
      vertex 68.083 35.593 5
      vertex 68.083 35.593 4.2
    endloop
  endfacet
  facet normal -0.991778 -0.127971 0
    outer loop
      vertex 68.083 35.593 5
      vertex 68.0862 35.5682 4.2
      vertex 68.0862 35.5682 5
    endloop
  endfacet
  facet normal 0 -1 0
    outer loop
      vertex 67.2761 35.593 4.2
      vertex 68.083 35.593 5
      vertex 67.2761 35.593 5
    endloop
  endfacet
  facet normal 0 -1 -0
    outer loop
      vertex 68.083 35.593 5
      vertex 67.2761 35.593 4.2
      vertex 68.083 35.593 4.2
    endloop
  endfacet
  facet normal 0.997195 0.0748488 0
    outer loop
      vertex 67.2919 35.3825 5
      vertex 67.2761 35.593 4.2
      vertex 67.2761 35.593 5
    endloop
  endfacet
  facet normal 0.997195 0.0748488 0
    outer loop
      vertex 67.2761 35.593 4.2
      vertex 67.2919 35.3825 5
      vertex 67.2919 35.3825 4.2
    endloop
  endfacet
  facet normal 0.999669 0.0257097 0
    outer loop
      vertex 67.3013 35.017 5
      vertex 67.2919 35.3825 4.2
      vertex 67.2919 35.3825 5
    endloop
  endfacet
  facet normal 0.999669 0.0257097 0
    outer loop
      vertex 67.2919 35.3825 4.2
      vertex 67.3013 35.017 5
      vertex 67.3013 35.017 4.2
    endloop
  endfacet
  facet normal 0.999981 0.00614664 0
    outer loop
      vertex 67.3045 34.4964 5
      vertex 67.3013 35.017 4.2
      vertex 67.3013 35.017 5
    endloop
  endfacet
  facet normal 0.999981 0.00614664 0
    outer loop
      vertex 67.3013 35.017 4.2
      vertex 67.3045 34.4964 5
      vertex 67.3045 34.4964 4.2
    endloop
  endfacet
  facet normal 1 -0 0
    outer loop
      vertex 67.3045 30.4569 5
      vertex 67.3045 34.4964 4.2
      vertex 67.3045 34.4964 5
    endloop
  endfacet
  facet normal 1 0 0
    outer loop
      vertex 67.3045 34.4964 4.2
      vertex 67.3045 30.4569 5
      vertex 67.3045 30.4569 4.2
    endloop
  endfacet
  facet normal 0 1 -0
    outer loop
      vertex 68.1542 30.4569 4.2
      vertex 67.3045 30.4569 5
      vertex 68.1542 30.4569 5
    endloop
  endfacet
  facet normal 0 1 0
    outer loop
      vertex 67.3045 30.4569 5
      vertex 68.1542 30.4569 4.2
      vertex 67.3045 30.4569 4.2
    endloop
  endfacet
  facet normal -1 0 0
    outer loop
      vertex 68.1542 30.4569 4.2
      vertex 68.1542 33.4331 5
      vertex 68.1542 33.4331 4.2
    endloop
  endfacet
  facet normal -1 -0 0
    outer loop
      vertex 68.1542 33.4331 5
      vertex 68.1542 30.4569 4.2
      vertex 68.1542 30.4569 5
    endloop
  endfacet
  facet normal -0.997172 0.0751498 0
    outer loop
      vertex 76.0631 33.4331 4.2
      vertex 76.0984 33.9015 5
      vertex 76.0984 33.9015 4.2
    endloop
  endfacet
  facet normal -0.997172 0.0751498 0
    outer loop
      vertex 76.0984 33.9015 5
      vertex 76.0631 33.4331 4.2
      vertex 76.0631 33.4331 5
    endloop
  endfacet
  facet normal -0.965335 0.261014 0
    outer loop
      vertex 76.0984 33.9015 4.2
      vertex 76.2045 34.2939 5
      vertex 76.2045 34.2939 4.2
    endloop
  endfacet
  facet normal -0.965335 0.261014 0
    outer loop
      vertex 76.2045 34.2939 5
      vertex 76.0984 33.9015 4.2
      vertex 76.0984 33.9015 5
    endloop
  endfacet
  facet normal -0.873192 0.487376 0
    outer loop
      vertex 76.2045 34.2939 4.2
      vertex 76.3811 34.6103 5
      vertex 76.3811 34.6103 4.2
    endloop
  endfacet
  facet normal -0.873192 0.487376 0
    outer loop
      vertex 76.3811 34.6103 5
      vertex 76.2045 34.2939 4.2
      vertex 76.2045 34.2939 5
    endloop
  endfacet
  facet normal -0.69908 0.715043 0
    outer loop
      vertex 76.6185 34.8424 4.2
      vertex 76.3811 34.6103 5
      vertex 76.6185 34.8424 5
    endloop
  endfacet
  facet normal -0.69908 0.715043 0
    outer loop
      vertex 76.3811 34.6103 5
      vertex 76.6185 34.8424 4.2
      vertex 76.3811 34.6103 4.2
    endloop
  endfacet
  facet normal -0.435422 0.900226 0
    outer loop
      vertex 76.9065 34.9817 4.2
      vertex 76.6185 34.8424 5
      vertex 76.9065 34.9817 5
    endloop
  endfacet
  facet normal -0.435422 0.900226 0
    outer loop
      vertex 76.6185 34.8424 5
      vertex 76.9065 34.9817 4.2
      vertex 76.6185 34.8424 4.2
    endloop
  endfacet
  facet normal -0.135766 0.990741 0
    outer loop
      vertex 77.2451 35.0281 4.2
      vertex 76.9065 34.9817 5
      vertex 77.2451 35.0281 5
    endloop
  endfacet
  facet normal -0.135766 0.990741 0
    outer loop
      vertex 76.9065 34.9817 5
      vertex 77.2451 35.0281 4.2
      vertex 76.9065 34.9817 4.2
    endloop
  endfacet
  facet normal 0.0991939 0.995068 -0
    outer loop
      vertex 77.5631 34.9964 4.2
      vertex 77.2451 35.0281 5
      vertex 77.5631 34.9964 5
    endloop
  endfacet
  facet normal 0.0991939 0.995068 0
    outer loop
      vertex 77.2451 35.0281 5
      vertex 77.5631 34.9964 4.2
      vertex 77.2451 35.0281 4.2
    endloop
  endfacet
  facet normal 0.360813 0.932638 -0
    outer loop
      vertex 77.8084 34.9015 4.2
      vertex 77.5631 34.9964 5
      vertex 77.8084 34.9015 5
    endloop
  endfacet
  facet normal 0.360813 0.932638 0
    outer loop
      vertex 77.5631 34.9964 5
      vertex 77.8084 34.9015 4.2
      vertex 77.5631 34.9964 4.2
    endloop
  endfacet
  facet normal 0.676344 0.736586 -0
    outer loop
      vertex 77.9808 34.7432 4.2
      vertex 77.8084 34.9015 5
      vertex 77.9808 34.7432 5
    endloop
  endfacet
  facet normal 0.676344 0.736586 0
    outer loop
      vertex 77.8084 34.9015 5
      vertex 77.9808 34.7432 4.2
      vertex 77.8084 34.9015 4.2
    endloop
  endfacet
  facet normal 0.904836 0.425761 0
    outer loop
      vertex 78.0942 34.5022 5
      vertex 77.9808 34.7432 4.2
      vertex 77.9808 34.7432 5
    endloop
  endfacet
  facet normal 0.904836 0.425761 0
    outer loop
      vertex 77.9808 34.7432 4.2
      vertex 78.0942 34.5022 5
      vertex 78.0942 34.5022 4.2
    endloop
  endfacet
  facet normal 0.980887 0.194577 0
    outer loop
      vertex 78.1623 34.1589 5
      vertex 78.0942 34.5022 4.2
      vertex 78.0942 34.5022 5
    endloop
  endfacet
  facet normal 0.980887 0.194577 0
    outer loop
      vertex 78.0942 34.5022 4.2
      vertex 78.1623 34.1589 5
      vertex 78.1623 34.1589 4.2
    endloop
  endfacet
  facet normal 0.998706 0.0508652 0
    outer loop
      vertex 78.185 33.7132 5
      vertex 78.1623 34.1589 4.2
      vertex 78.1623 34.1589 5
    endloop
  endfacet
  facet normal 0.998706 0.0508652 0
    outer loop
      vertex 78.1623 34.1589 4.2
      vertex 78.185 33.7132 5
      vertex 78.185 33.7132 4.2
    endloop
  endfacet
  facet normal 1 -0 0
    outer loop
      vertex 78.185 30.4569 5
      vertex 78.185 33.7132 4.2
      vertex 78.185 33.7132 5
    endloop
  endfacet
  facet normal 1 0 0
    outer loop
      vertex 78.185 33.7132 4.2
      vertex 78.185 30.4569 5
      vertex 78.185 30.4569 4.2
    endloop
  endfacet
  facet normal 0 1 -0
    outer loop
      vertex 79.0299 30.4569 4.2
      vertex 78.185 30.4569 5
      vertex 79.0299 30.4569 5
    endloop
  endfacet
  facet normal 0 1 0
    outer loop
      vertex 78.185 30.4569 5
      vertex 79.0299 30.4569 4.2
      vertex 78.185 30.4569 4.2
    endloop
  endfacet
  facet normal -1 0 0
    outer loop
      vertex 79.0299 30.4569 4.2
      vertex 79.0299 33.4331 5
      vertex 79.0299 33.4331 4.2
    endloop
  endfacet
  facet normal -1 -0 0
    outer loop
      vertex 79.0299 33.4331 5
      vertex 79.0299 30.4569 4.2
      vertex 79.0299 30.4569 5
    endloop
  endfacet
  facet normal -0.99731 0.0732943 0
    outer loop
      vertex 79.0299 33.4331 4.2
      vertex 79.0645 33.9039 5
      vertex 79.0645 33.9039 4.2
    endloop
  endfacet
  facet normal -0.99731 0.0732943 0
    outer loop
      vertex 79.0645 33.9039 5
      vertex 79.0299 33.4331 4.2
      vertex 79.0299 33.4331 5
    endloop
  endfacet
  facet normal -0.966998 0.254784 0
    outer loop
      vertex 79.0645 33.9039 4.2
      vertex 79.1681 34.2971 5
      vertex 79.1681 34.2971 4.2
    endloop
  endfacet
  facet normal -0.966998 0.254784 0
    outer loop
      vertex 79.1681 34.2971 5
      vertex 79.0645 33.9039 4.2
      vertex 79.0645 33.9039 5
    endloop
  endfacet
  facet normal -0.877247 0.48004 0
    outer loop
      vertex 79.1681 34.2971 4.2
      vertex 79.3408 34.6127 5
      vertex 79.3408 34.6127 4.2
    endloop
  endfacet
  facet normal -0.877247 0.48004 0
    outer loop
      vertex 79.3408 34.6127 5
      vertex 79.1681 34.2971 4.2
      vertex 79.1681 34.2971 5
    endloop
  endfacet
  facet normal -0.700702 0.713454 0
    outer loop
      vertex 79.5758 34.8435 4.2
      vertex 79.3408 34.6127 5
      vertex 79.5758 34.8435 5
    endloop
  endfacet
  facet normal -0.700702 0.713454 0
    outer loop
      vertex 79.3408 34.6127 5
      vertex 79.5758 34.8435 4.2
      vertex 79.3408 34.6127 4.2
    endloop
  endfacet
  facet normal -0.430344 0.902665 0
    outer loop
      vertex 79.8661 34.9819 4.2
      vertex 79.5758 34.8435 5
      vertex 79.8661 34.9819 5
    endloop
  endfacet
  facet normal -0.430344 0.902665 0
    outer loop
      vertex 79.5758 34.8435 5
      vertex 79.8661 34.9819 4.2
      vertex 79.5758 34.8435 4.2
    endloop
  endfacet
  facet normal -0.132427 0.991193 0
    outer loop
      vertex 80.2119 35.0281 4.2
      vertex 79.8661 34.9819 5
      vertex 80.2119 35.0281 5
    endloop
  endfacet
  facet normal -0.132427 0.991193 0
    outer loop
      vertex 79.8661 34.9819 5
      vertex 80.2119 35.0281 4.2
      vertex 79.8661 34.9819 4.2
    endloop
  endfacet
  facet normal 0.0991939 0.995068 -0
    outer loop
      vertex 80.5299 34.9964 4.2
      vertex 80.2119 35.0281 5
      vertex 80.5299 34.9964 5
    endloop
  endfacet
  facet normal 0.0991939 0.995068 0
    outer loop
      vertex 80.2119 35.0281 5
      vertex 80.5299 34.9964 4.2
      vertex 80.2119 35.0281 4.2
    endloop
  endfacet
  facet normal 0.360813 0.932638 -0
    outer loop
      vertex 80.7752 34.9015 4.2
      vertex 80.5299 34.9964 5
      vertex 80.7752 34.9015 5
    endloop
  endfacet
  facet normal 0.360813 0.932638 0
    outer loop
      vertex 80.5299 34.9964 5
      vertex 80.7752 34.9015 4.2
      vertex 80.5299 34.9964 4.2
    endloop
  endfacet
  facet normal 0.676344 0.736586 -0
    outer loop
      vertex 80.9476 34.7432 4.2
      vertex 80.7752 34.9015 5
      vertex 80.9476 34.7432 5
    endloop
  endfacet
  facet normal 0.676344 0.736586 0
    outer loop
      vertex 80.7752 34.9015 5
      vertex 80.9476 34.7432 4.2
      vertex 80.7752 34.9015 4.2
    endloop
  endfacet
  facet normal 0.904691 0.426068 0
    outer loop
      vertex 81.0611 34.5022 5
      vertex 80.9476 34.7432 4.2
      vertex 80.9476 34.7432 5
    endloop
  endfacet
  facet normal 0.904691 0.426068 0
    outer loop
      vertex 80.9476 34.7432 4.2
      vertex 81.0611 34.5022 5
      vertex 81.0611 34.5022 4.2
    endloop
  endfacet
  facet normal 0.980942 0.194302 0
    outer loop
      vertex 81.1291 34.1589 5
      vertex 81.0611 34.5022 4.2
      vertex 81.0611 34.5022 5
    endloop
  endfacet
  facet normal 0.980942 0.194302 0
    outer loop
      vertex 81.0611 34.5022 4.2
      vertex 81.1291 34.1589 5
      vertex 81.1291 34.1589 4.2
    endloop
  endfacet
  facet normal 0.998706 0.0508652 0
    outer loop
      vertex 81.1518 33.7132 5
      vertex 81.1291 34.1589 4.2
      vertex 81.1291 34.1589 5
    endloop
  endfacet
  facet normal 0.998706 0.0508652 0
    outer loop
      vertex 81.1291 34.1589 4.2
      vertex 81.1518 33.7132 5
      vertex 81.1518 33.7132 4.2
    endloop
  endfacet
  facet normal 1 -0 0
    outer loop
      vertex 81.1518 30.4569 5
      vertex 81.1518 33.7132 4.2
      vertex 81.1518 33.7132 5
    endloop
  endfacet
  facet normal 1 0 0
    outer loop
      vertex 81.1518 33.7132 4.2
      vertex 81.1518 30.4569 5
      vertex 81.1518 30.4569 4.2
    endloop
  endfacet
  facet normal 0 1 -0
    outer loop
      vertex 81.9967 30.4569 4.2
      vertex 81.1518 30.4569 5
      vertex 81.9967 30.4569 5
    endloop
  endfacet
  facet normal 0 1 0
    outer loop
      vertex 81.1518 30.4569 5
      vertex 81.9967 30.4569 4.2
      vertex 81.1518 30.4569 4.2
    endloop
  endfacet
  facet normal -1 0 0
    outer loop
      vertex 81.9967 30.4569 4.2
      vertex 81.9967 33.8794 5
      vertex 81.9967 33.8794 4.2
    endloop
  endfacet
  facet normal -1 -0 0
    outer loop
      vertex 81.9967 33.8794 5
      vertex 81.9967 30.4569 4.2
      vertex 81.9967 30.4569 5
    endloop
  endfacet
  facet normal -0.99773 -0.0673378 0
    outer loop
      vertex 81.9967 33.8794 4.2
      vertex 81.9574 34.4617 5
      vertex 81.9574 34.4617 4.2
    endloop
  endfacet
  facet normal -0.99773 -0.0673378 0
    outer loop
      vertex 81.9574 34.4617 5
      vertex 81.9967 33.8794 4.2
      vertex 81.9967 33.8794 5
    endloop
  endfacet
  facet normal -0.968947 -0.24727 0
    outer loop
      vertex 81.9574 34.4617 4.2
      vertex 81.8395 34.9237 5
      vertex 81.8395 34.9237 4.2
    endloop
  endfacet
  facet normal -0.968947 -0.24727 0
    outer loop
      vertex 81.8395 34.9237 5
      vertex 81.9574 34.4617 4.2
      vertex 81.9574 34.4617 5
    endloop
  endfacet
  facet normal -0.866882 -0.498514 0
    outer loop
      vertex 81.8395 34.9237 4.2
      vertex 81.643 35.2654 5
      vertex 81.643 35.2654 4.2
    endloop
  endfacet
  facet normal -0.866882 -0.498514 0
    outer loop
      vertex 81.643 35.2654 5
      vertex 81.8395 34.9237 4.2
      vertex 81.8395 34.9237 5
    endloop
  endfacet
  facet normal -0.638497 -0.769624 0
    outer loop
      vertex 81.3601 35.5001 4.2
      vertex 81.643 35.2654 5
      vertex 81.3601 35.5001 5
    endloop
  endfacet
  facet normal -0.638497 -0.769624 -0
    outer loop
      vertex 81.643 35.2654 5
      vertex 81.3601 35.5001 4.2
      vertex 81.643 35.2654 4.2
    endloop
  endfacet
  facet normal -0.349763 -0.936838 0
    outer loop
      vertex 80.9827 35.641 4.2
      vertex 81.3601 35.5001 5
      vertex 80.9827 35.641 5
    endloop
  endfacet
  facet normal -0.349763 -0.936838 -0
    outer loop
      vertex 81.3601 35.5001 5
      vertex 80.9827 35.641 4.2
      vertex 81.3601 35.5001 4.2
    endloop
  endfacet
  facet normal -0.098919 -0.995095 0
    outer loop
      vertex 80.5109 35.6879 4.2
      vertex 80.9827 35.641 5
      vertex 80.5109 35.6879 5
    endloop
  endfacet
  facet normal -0.098919 -0.995095 -0
    outer loop
      vertex 80.9827 35.641 5
      vertex 80.5109 35.6879 4.2
      vertex 80.9827 35.641 4.2
    endloop
  endfacet
  facet normal 0.0742283 -0.997241 0
    outer loop
      vertex 80.171 35.6626 4.2
      vertex 80.5109 35.6879 5
      vertex 80.171 35.6626 5
    endloop
  endfacet
  facet normal 0.0742283 -0.997241 0
    outer loop
      vertex 80.5109 35.6879 5
      vertex 80.171 35.6626 4.2
      vertex 80.5109 35.6879 4.2
    endloop
  endfacet
  facet normal 0.242086 -0.970255 0
    outer loop
      vertex 79.8664 35.5866 4.2
      vertex 80.171 35.6626 5
      vertex 79.8664 35.5866 5
    endloop
  endfacet
  facet normal 0.242086 -0.970255 0
    outer loop
      vertex 80.171 35.6626 5
      vertex 79.8664 35.5866 4.2
      vertex 80.171 35.6626 4.2
    endloop
  endfacet
  facet normal 0.425441 -0.904986 0
    outer loop
      vertex 79.5971 35.46 4.2
      vertex 79.8664 35.5866 5
      vertex 79.5971 35.46 5
    endloop
  endfacet
  facet normal 0.425441 -0.904986 0
    outer loop
      vertex 79.8664 35.5866 5
      vertex 79.5971 35.46 4.2
      vertex 79.8664 35.5866 4.2
    endloop
  endfacet
  facet normal 0.609871 -0.792501 0
    outer loop
      vertex 79.358 35.276 4.2
      vertex 79.5971 35.46 5
      vertex 79.358 35.276 5
    endloop
  endfacet
  facet normal 0.609871 -0.792501 0
    outer loop
      vertex 79.5971 35.46 5
      vertex 79.358 35.276 4.2
      vertex 79.5971 35.46 4.2
    endloop
  endfacet
  facet normal 0.757015 -0.653398 0
    outer loop
      vertex 79.1436 35.0276 5
      vertex 79.358 35.276 4.2
      vertex 79.358 35.276 5
    endloop
  endfacet
  facet normal 0.757015 -0.653398 0
    outer loop
      vertex 79.358 35.276 4.2
      vertex 79.1436 35.0276 5
      vertex 79.1436 35.0276 4.2
    endloop
  endfacet
  facet normal 0.855168 -0.51835 0
    outer loop
      vertex 78.954 34.7148 5
      vertex 79.1436 35.0276 4.2
      vertex 79.1436 35.0276 5
    endloop
  endfacet
  facet normal 0.855168 -0.51835 0
    outer loop
      vertex 79.1436 35.0276 4.2
      vertex 78.954 34.7148 5
      vertex 78.954 34.7148 4.2
    endloop
  endfacet
  facet normal 0 -1 0
    outer loop
      vertex 78.9397 34.7148 4.2
      vertex 78.954 34.7148 5
      vertex 78.9397 34.7148 5
    endloop
  endfacet
  facet normal 0 -1 -0
    outer loop
      vertex 78.954 34.7148 5
      vertex 78.9397 34.7148 4.2
      vertex 78.954 34.7148 4.2
    endloop
  endfacet
  facet normal -0.940185 -0.340664 0
    outer loop
      vertex 78.9397 34.7148 4.2
      vertex 78.8281 35.0228 5
      vertex 78.8281 35.0228 4.2
    endloop
  endfacet
  facet normal -0.940185 -0.340664 0
    outer loop
      vertex 78.8281 35.0228 5
      vertex 78.9397 34.7148 4.2
      vertex 78.9397 34.7148 5
    endloop
  endfacet
  facet normal -0.843225 -0.53756 0
    outer loop
      vertex 78.8281 35.0228 4.2
      vertex 78.6707 35.2697 5
      vertex 78.6707 35.2697 4.2
    endloop
  endfacet
  facet normal -0.843225 -0.53756 0
    outer loop
      vertex 78.6707 35.2697 5
      vertex 78.8281 35.0228 4.2
      vertex 78.8281 35.0228 5
    endloop
  endfacet
  facet normal -0.674045 -0.73869 0
    outer loop
      vertex 78.4673 35.4553 4.2
      vertex 78.6707 35.2697 5
      vertex 78.4673 35.4553 5
    endloop
  endfacet
  facet normal -0.674045 -0.73869 -0
    outer loop
      vertex 78.6707 35.2697 5
      vertex 78.4673 35.4553 4.2
      vertex 78.6707 35.2697 4.2
    endloop
  endfacet
  facet normal -0.454231 -0.890884 0
    outer loop
      vertex 78.2139 35.5845 4.2
      vertex 78.4673 35.4553 5
      vertex 78.2139 35.5845 5
    endloop
  endfacet
  facet normal -0.454231 -0.890884 -0
    outer loop
      vertex 78.4673 35.4553 5
      vertex 78.2139 35.5845 4.2
      vertex 78.4673 35.4553 4.2
    endloop
  endfacet
  facet normal -0.244537 -0.96964 0
    outer loop
      vertex 77.9062 35.6621 4.2
      vertex 78.2139 35.5845 5
      vertex 77.9062 35.6621 5
    endloop
  endfacet
  facet normal -0.244537 -0.96964 -0
    outer loop
      vertex 78.2139 35.5845 5
      vertex 77.9062 35.6621 4.2
      vertex 78.2139 35.5845 4.2
    endloop
  endfacet
  facet normal -0.0710709 -0.997471 0
    outer loop
      vertex 77.5441 35.6879 4.2
      vertex 77.9062 35.6621 5
      vertex 77.5441 35.6879 5
    endloop
  endfacet
  facet normal -0.0710709 -0.997471 -0
    outer loop
      vertex 77.9062 35.6621 5
      vertex 77.5441 35.6879 4.2
      vertex 77.9062 35.6621 4.2
    endloop
  endfacet
  facet normal 0.0728861 -0.99734 0
    outer loop
      vertex 77.2198 35.6642 4.2
      vertex 77.5441 35.6879 5
      vertex 77.2198 35.6642 5
    endloop
  endfacet
  facet normal 0.0728861 -0.99734 0
    outer loop
      vertex 77.5441 35.6879 5
      vertex 77.2198 35.6642 4.2
      vertex 77.5441 35.6879 4.2
    endloop
  endfacet
  facet normal 0.239063 -0.971004 0
    outer loop
      vertex 76.9302 35.5929 4.2
      vertex 77.2198 35.6642 5
      vertex 76.9302 35.5929 5
    endloop
  endfacet
  facet normal 0.239063 -0.971004 0
    outer loop
      vertex 77.2198 35.6642 5
      vertex 76.9302 35.5929 4.2
      vertex 77.2198 35.6642 4.2
    endloop
  endfacet
  facet normal 0.422125 -0.906537 0
    outer loop
      vertex 76.6755 35.4743 4.2
      vertex 76.9302 35.5929 5
      vertex 76.6755 35.4743 5
    endloop
  endfacet
  facet normal 0.422125 -0.906537 0
    outer loop
      vertex 76.9302 35.5929 5
      vertex 76.6755 35.4743 4.2
      vertex 76.9302 35.5929 4.2
    endloop
  endfacet
  facet normal 0.617487 -0.786581 0
    outer loop
      vertex 76.4471 35.295 4.2
      vertex 76.6755 35.4743 5
      vertex 76.4471 35.295 5
    endloop
  endfacet
  facet normal 0.617487 -0.786581 0
    outer loop
      vertex 76.6755 35.4743 5
      vertex 76.4471 35.295 4.2
      vertex 76.6755 35.4743 4.2
    endloop
  endfacet
  facet normal 0.769117 -0.639108 0
    outer loop
      vertex 76.2367 35.0418 5
      vertex 76.4471 35.295 4.2
      vertex 76.4471 35.295 5
    endloop
  endfacet
  facet normal 0.769117 -0.639108 0
    outer loop
      vertex 76.4471 35.295 4.2
      vertex 76.2367 35.0418 5
      vertex 76.2367 35.0418 4.2
    endloop
  endfacet
  facet normal 0.86165 -0.507504 0
    outer loop
      vertex 76.0441 34.7148 5
      vertex 76.2367 35.0418 4.2
      vertex 76.2367 35.0418 5
    endloop
  endfacet
  facet normal 0.86165 -0.507504 0
    outer loop
      vertex 76.2367 35.0418 4.2
      vertex 76.0441 34.7148 5
      vertex 76.0441 34.7148 4.2
    endloop
  endfacet
  facet normal 0 -1 0
    outer loop
      vertex 76.0299 34.7148 4.2
      vertex 76.0441 34.7148 5
      vertex 76.0299 34.7148 5
    endloop
  endfacet
  facet normal 0 -1 -0
    outer loop
      vertex 76.0441 34.7148 5
      vertex 76.0299 34.7148 4.2
      vertex 76.0441 34.7148 4.2
    endloop
  endfacet
  facet normal -0.999627 -0.0272951 0
    outer loop
      vertex 76.0299 34.7148 4.2
      vertex 76.0238 34.9382 5
      vertex 76.0238 34.9382 4.2
    endloop
  endfacet
  facet normal -0.999627 -0.0272951 0
    outer loop
      vertex 76.0238 34.9382 5
      vertex 76.0299 34.7148 4.2
      vertex 76.0299 34.7148 5
    endloop
  endfacet
  facet normal -0.999478 -0.032317 0
    outer loop
      vertex 76.0238 34.9382 4.2
      vertex 76.0183 35.1083 5
      vertex 76.0183 35.1083 4.2
    endloop
  endfacet
  facet normal -0.999478 -0.032317 0
    outer loop
      vertex 76.0183 35.1083 5
      vertex 76.0238 34.9382 4.2
      vertex 76.0238 34.9382 5
    endloop
  endfacet
  facet normal -0.999085 -0.042769 0
    outer loop
      vertex 76.0183 35.1083 4.2
      vertex 76.0133 35.2251 5
      vertex 76.0133 35.2251 4.2
    endloop
  endfacet
  facet normal -0.999085 -0.042769 0
    outer loop
      vertex 76.0133 35.2251 5
      vertex 76.0183 35.1083 4.2
      vertex 76.0183 35.1083 5
    endloop
  endfacet
  facet normal -0.998656 -0.0518333 0
    outer loop
      vertex 76.0133 35.2251 4.2
      vertex 76.0088 35.3118 5
      vertex 76.0088 35.3118 4.2
    endloop
  endfacet
  facet normal -0.998656 -0.0518333 0
    outer loop
      vertex 76.0088 35.3118 5
      vertex 76.0133 35.2251 4.2
      vertex 76.0133 35.2251 5
    endloop
  endfacet
  facet normal -0.998749 -0.05 0
    outer loop
      vertex 76.0088 35.3118 4.2
      vertex 76.0048 35.3917 5
      vertex 76.0048 35.3917 4.2
    endloop
  endfacet
  facet normal -0.998749 -0.05 0
    outer loop
      vertex 76.0048 35.3917 5
      vertex 76.0088 35.3118 4.2
      vertex 76.0088 35.3118 5
    endloop
  endfacet
  facet normal -0.99892 -0.0464614 0
    outer loop
      vertex 76.0048 35.3917 4.2
      vertex 76.0014 35.4648 5
      vertex 76.0014 35.4648 4.2
    endloop
  endfacet
  facet normal -0.99892 -0.0464614 0
    outer loop
      vertex 76.0014 35.4648 5
      vertex 76.0048 35.3917 4.2
      vertex 76.0048 35.3917 5
    endloop
  endfacet
  facet normal -0.998613 -0.0526452 0
    outer loop
      vertex 76.0014 35.4648 4.2
      vertex 75.9982 35.5255 5
      vertex 75.9982 35.5255 4.2
    endloop
  endfacet
  facet normal -0.998613 -0.0526452 0
    outer loop
      vertex 75.9982 35.5255 5
      vertex 76.0014 35.4648 4.2
      vertex 76.0014 35.4648 5
    endloop
  endfacet
  facet normal -0.997375 -0.072409 0
    outer loop
      vertex 75.9982 35.5255 4.2
      vertex 75.9951 35.5682 5
      vertex 75.9951 35.5682 4.2
    endloop
  endfacet
  facet normal -0.997375 -0.072409 0
    outer loop
      vertex 75.9951 35.5682 5
      vertex 75.9982 35.5255 4.2
      vertex 75.9982 35.5255 5
    endloop
  endfacet
  facet normal -0.991778 -0.127971 0
    outer loop
      vertex 75.9951 35.5682 4.2
      vertex 75.9919 35.593 5
      vertex 75.9919 35.593 4.2
    endloop
  endfacet
  facet normal -0.991778 -0.127971 0
    outer loop
      vertex 75.9919 35.593 5
      vertex 75.9951 35.5682 4.2
      vertex 75.9951 35.5682 5
    endloop
  endfacet
  facet normal 0 -1 0
    outer loop
      vertex 75.185 35.593 4.2
      vertex 75.9919 35.593 5
      vertex 75.185 35.593 5
    endloop
  endfacet
  facet normal 0 -1 -0
    outer loop
      vertex 75.9919 35.593 5
      vertex 75.185 35.593 4.2
      vertex 75.9919 35.593 4.2
    endloop
  endfacet
  facet normal 0.997195 0.0748488 0
    outer loop
      vertex 75.2008 35.3825 5
      vertex 75.185 35.593 4.2
      vertex 75.185 35.593 5
    endloop
  endfacet
  facet normal 0.997195 0.0748488 0
    outer loop
      vertex 75.185 35.593 4.2
      vertex 75.2008 35.3825 5
      vertex 75.2008 35.3825 4.2
    endloop
  endfacet
  facet normal 0.999669 0.0257097 0
    outer loop
      vertex 75.2102 35.017 5
      vertex 75.2008 35.3825 4.2
      vertex 75.2008 35.3825 5
    endloop
  endfacet
  facet normal 0.999669 0.0257097 0
    outer loop
      vertex 75.2008 35.3825 4.2
      vertex 75.2102 35.017 5
      vertex 75.2102 35.017 4.2
    endloop
  endfacet
  facet normal 0.999981 0.00614664 0
    outer loop
      vertex 75.2134 34.4964 5
      vertex 75.2102 35.017 4.2
      vertex 75.2102 35.017 5
    endloop
  endfacet
  facet normal 0.999981 0.00614664 0
    outer loop
      vertex 75.2102 35.017 4.2
      vertex 75.2134 34.4964 5
      vertex 75.2134 34.4964 4.2
    endloop
  endfacet
  facet normal 1 -0 0
    outer loop
      vertex 75.2134 30.4569 5
      vertex 75.2134 34.4964 4.2
      vertex 75.2134 34.4964 5
    endloop
  endfacet
  facet normal 1 0 0
    outer loop
      vertex 75.2134 34.4964 4.2
      vertex 75.2134 30.4569 5
      vertex 75.2134 30.4569 4.2
    endloop
  endfacet
  facet normal 0 1 -0
    outer loop
      vertex 76.0631 30.4569 4.2
      vertex 75.2134 30.4569 5
      vertex 76.0631 30.4569 5
    endloop
  endfacet
  facet normal 0 1 0
    outer loop
      vertex 75.2134 30.4569 5
      vertex 76.0631 30.4569 4.2
      vertex 75.2134 30.4569 4.2
    endloop
  endfacet
  facet normal -1 0 0
    outer loop
      vertex 76.0631 30.4569 4.2
      vertex 76.0631 33.4331 5
      vertex 76.0631 33.4331 4.2
    endloop
  endfacet
  facet normal -1 -0 0
    outer loop
      vertex 76.0631 33.4331 5
      vertex 76.0631 30.4569 4.2
      vertex 76.0631 30.4569 5
    endloop
  endfacet
  facet normal 0.836359 0.548181 0
    outer loop
      vertex 36.6508 30.4569 5
      vertex 35.2694 32.5645 4.2
      vertex 35.2694 32.5645 5
    endloop
  endfacet
  facet normal 0.836359 0.548181 0
    outer loop
      vertex 35.2694 32.5645 4.2
      vertex 36.6508 30.4569 5
      vertex 36.6508 30.4569 4.2
    endloop
  endfacet
  facet normal 0 1 -0
    outer loop
      vertex 37.6049 30.4569 4.2
      vertex 36.6508 30.4569 5
      vertex 37.6049 30.4569 5
    endloop
  endfacet
  facet normal 0 1 0
    outer loop
      vertex 36.6508 30.4569 5
      vertex 37.6049 30.4569 4.2
      vertex 36.6508 30.4569 4.2
    endloop
  endfacet
  facet normal -0.819637 -0.572883 0
    outer loop
      vertex 37.6049 30.4569 4.2
      vertex 35.7536 33.1056 5
      vertex 35.7536 33.1056 4.2
    endloop
  endfacet
  facet normal -0.819637 -0.572883 0
    outer loop
      vertex 35.7536 33.1056 5
      vertex 37.6049 30.4569 4.2
      vertex 37.6049 30.4569 5
    endloop
  endfacet
  facet normal -0.81909 0.573666 0
    outer loop
      vertex 35.7536 33.1056 4.2
      vertex 37.4957 35.593 5
      vertex 37.4957 35.593 4.2
    endloop
  endfacet
  facet normal -0.81909 0.573666 0
    outer loop
      vertex 37.4957 35.593 5
      vertex 35.7536 33.1056 4.2
      vertex 35.7536 33.1056 5
    endloop
  endfacet
  facet normal 0 -1 0
    outer loop
      vertex 36.5416 35.593 4.2
      vertex 37.4957 35.593 5
      vertex 36.5416 35.593 5
    endloop
  endfacet
  facet normal 0 -1 -0
    outer loop
      vertex 37.4957 35.593 5
      vertex 36.5416 35.593 4.2
      vertex 37.4957 35.593 4.2
    endloop
  endfacet
  facet normal 0.843568 -0.537023 0
    outer loop
      vertex 35.2694 33.5946 5
      vertex 36.5416 35.593 4.2
      vertex 36.5416 35.593 5
    endloop
  endfacet
  facet normal 0.843568 -0.537023 0
    outer loop
      vertex 36.5416 35.593 4.2
      vertex 35.2694 33.5946 5
      vertex 35.2694 33.5946 4.2
    endloop
  endfacet
  facet normal -0.841769 -0.539838 0
    outer loop
      vertex 35.2694 33.5946 4.2
      vertex 33.9878 35.593 5
      vertex 33.9878 35.593 4.2
    endloop
  endfacet
  facet normal -0.841769 -0.539838 0
    outer loop
      vertex 33.9878 35.593 5
      vertex 35.2694 33.5946 4.2
      vertex 35.2694 33.5946 5
    endloop
  endfacet
  facet normal 0 -1 0
    outer loop
      vertex 33.0432 35.593 4.2
      vertex 33.9878 35.593 5
      vertex 33.0432 35.593 5
    endloop
  endfacet
  facet normal 0 -1 -0
    outer loop
      vertex 33.9878 35.593 5
      vertex 33.0432 35.593 4.2
      vertex 33.9878 35.593 4.2
    endloop
  endfacet
  facet normal 0.820104 0.572214 0
    outer loop
      vertex 34.7853 33.0962 5
      vertex 33.0432 35.593 4.2
      vertex 33.0432 35.593 5
    endloop
  endfacet
  facet normal 0.820104 0.572214 0
    outer loop
      vertex 33.0432 35.593 4.2
      vertex 34.7853 33.0962 5
      vertex 34.7853 33.0962 4.2
    endloop
  endfacet
  facet normal 0.82215 -0.569272 0
    outer loop
      vertex 32.9578 30.4569 5
      vertex 34.7853 33.0962 4.2
      vertex 34.7853 33.0962 5
    endloop
  endfacet
  facet normal 0.82215 -0.569272 0
    outer loop
      vertex 34.7853 33.0962 4.2
      vertex 32.9578 30.4569 5
      vertex 32.9578 30.4569 4.2
    endloop
  endfacet
  facet normal 0 1 -0
    outer loop
      vertex 33.8786 30.4569 4.2
      vertex 32.9578 30.4569 5
      vertex 33.8786 30.4569 5
    endloop
  endfacet
  facet normal 0 1 0
    outer loop
      vertex 32.9578 30.4569 5
      vertex 33.8786 30.4569 4.2
      vertex 32.9578 30.4569 4.2
    endloop
  endfacet
  facet normal -0.834649 0.550783 0
    outer loop
      vertex 33.8786 30.4569 4.2
      vertex 35.2694 32.5645 5
      vertex 35.2694 32.5645 4.2
    endloop
  endfacet
  facet normal -0.834649 0.550783 0
    outer loop
      vertex 35.2694 32.5645 5
      vertex 33.8786 30.4569 4.2
      vertex 33.8786 30.4569 5
    endloop
  endfacet
  facet normal 0 -1 0
    outer loop
      vertex 17.9 31.4965 4.2
      vertex 18.8256 31.4965 5
      vertex 17.9 31.4965 5
    endloop
  endfacet
  facet normal 0 -1 -0
    outer loop
      vertex 18.8256 31.4965 5
      vertex 17.9 31.4965 4.2
      vertex 18.8256 31.4965 4.2
    endloop
  endfacet
  facet normal 1 -0 0
    outer loop
      vertex 17.9 30.4569 5
      vertex 17.9 31.4965 4.2
      vertex 17.9 31.4965 5
    endloop
  endfacet
  facet normal 1 0 0
    outer loop
      vertex 17.9 31.4965 4.2
      vertex 17.9 30.4569 5
      vertex 17.9 30.4569 4.2
    endloop
  endfacet
  facet normal 0 1 -0
    outer loop
      vertex 18.8256 30.4569 4.2
      vertex 17.9 30.4569 5
      vertex 18.8256 30.4569 5
    endloop
  endfacet
  facet normal 0 1 0
    outer loop
      vertex 17.9 30.4569 5
      vertex 18.8256 30.4569 4.2
      vertex 17.9 30.4569 4.2
    endloop
  endfacet
  facet normal -1 0 0
    outer loop
      vertex 18.8256 30.4569 4.2
      vertex 18.8256 31.4965 5
      vertex 18.8256 31.4965 4.2
    endloop
  endfacet
  facet normal -1 -0 0
    outer loop
      vertex 18.8256 31.4965 5
      vertex 18.8256 30.4569 4.2
      vertex 18.8256 30.4569 5
    endloop
  endfacet
  facet normal 0 -1 0
    outer loop
      vertex 51.6819 31.4965 4.2
      vertex 52.6075 31.4965 5
      vertex 51.6819 31.4965 5
    endloop
  endfacet
  facet normal 0 -1 -0
    outer loop
      vertex 52.6075 31.4965 5
      vertex 51.6819 31.4965 4.2
      vertex 52.6075 31.4965 4.2
    endloop
  endfacet
  facet normal 1 -0 0
    outer loop
      vertex 51.6819 30.4569 5
      vertex 51.6819 31.4965 4.2
      vertex 51.6819 31.4965 5
    endloop
  endfacet
  facet normal 1 0 0
    outer loop
      vertex 51.6819 31.4965 4.2
      vertex 51.6819 30.4569 5
      vertex 51.6819 30.4569 4.2
    endloop
  endfacet
  facet normal 0 1 -0
    outer loop
      vertex 52.6075 30.4569 4.2
      vertex 51.6819 30.4569 5
      vertex 52.6075 30.4569 5
    endloop
  endfacet
  facet normal 0 1 0
    outer loop
      vertex 51.6819 30.4569 5
      vertex 52.6075 30.4569 4.2
      vertex 51.6819 30.4569 4.2
    endloop
  endfacet
  facet normal -1 0 0
    outer loop
      vertex 52.6075 30.4569 4.2
      vertex 52.6075 31.4965 5
      vertex 52.6075 31.4965 4.2
    endloop
  endfacet
  facet normal -1 -0 0
    outer loop
      vertex 52.6075 31.4965 5
      vertex 52.6075 30.4569 4.2
      vertex 52.6075 30.4569 5
    endloop
  endfacet
  facet normal 1 -0 0
    outer loop
      vertex 88.9 0 5
      vertex 88.9 76.2 0
      vertex 88.9 76.2 5
    endloop
  endfacet
  facet normal 1 0 0
    outer loop
      vertex 88.9 76.2 0
      vertex 88.9 0 5
      vertex 88.9 0 0
    endloop
  endfacet
  facet normal 0 0 1
    outer loop
      vertex 16.4087 34.8214 5
      vertex 20.1059 34.9949 5
      vertex 16.5148 35.1552 5
    endloop
  endfacet
  facet normal 0 0 1
    outer loop
      vertex 20.1059 34.9949 5
      vertex 16.4087 34.8214 5
      vertex 16.558 33.104 5
    endloop
  endfacet
  facet normal 0 0 1
    outer loop
      vertex 16.4087 34.8214 5
      vertex 16.3602 33.4213 5
      vertex 16.558 33.104 5
    endloop
  endfacet
  facet normal -0 0 1
    outer loop
      vertex 16.232 34.5201 5
      vertex 16.3602 33.4213 5
      vertex 16.4087 34.8214 5
    endloop
  endfacet
  facet normal 0 0 1
    outer loop
      vertex 16.232 34.5201 5
      vertex 16.0912 33.6769 5
      vertex 16.3602 33.4213 5
    endloop
  endfacet
  facet normal -0 0 1
    outer loop
      vertex 15.9942 34.2707 5
      vertex 16.0912 33.6769 5
      vertex 16.232 34.5201 5
    endloop
  endfacet
  facet normal 0 0 1
    outer loop
      vertex 15.9942 34.2707 5
      vertex 15.7589 33.858 5
      vertex 16.0912 33.6769 5
    endloop
  endfacet
  facet normal -0 0 1
    outer loop
      vertex 15.7046 34.0919 5
      vertex 15.7589 33.858 5
      vertex 15.9942 34.2707 5
    endloop
  endfacet
  facet normal 0 0 1
    outer loop
      vertex 15.3634 33.9648 5
      vertex 15.7046 34.0919 5
      vertex 15.3634 33.9838 5
    endloop
  endfacet
  facet normal 0 0 1
    outer loop
      vertex 15.7046 34.0919 5
      vertex 15.3634 33.9648 5
      vertex 15.7589 33.858 5
    endloop
  endfacet
  facet normal 0 0 1
    outer loop
      vertex 13.15 34.093 5
      vertex 13.4884 33.9553 5
      vertex 13.4884 33.9743 5
    endloop
  endfacet
  facet normal 0 0 1
    outer loop
      vertex 13.15 34.093 5
      vertex 13.1223 33.853 5
      vertex 13.4884 33.9553 5
    endloop
  endfacet
  facet normal 0 0 1
    outer loop
      vertex 12.8628 34.2781 5
      vertex 13.1223 33.853 5
      vertex 13.15 34.093 5
    endloop
  endfacet
  facet normal 0 0 1
    outer loop
      vertex 12.8628 34.2781 5
      vertex 12.8027 33.6726 5
      vertex 13.1223 33.853 5
    endloop
  endfacet
  facet normal 0 0 1
    outer loop
      vertex 12.6268 34.5297 5
      vertex 12.8027 33.6726 5
      vertex 12.8628 34.2781 5
    endloop
  endfacet
  facet normal 0 0 1
    outer loop
      vertex 12.6268 34.5297 5
      vertex 12.5295 33.4142 5
      vertex 12.8027 33.6726 5
    endloop
  endfacet
  facet normal -0 0 1
    outer loop
      vertex 11.1285 34.8214 5
      vertex 12.6268 34.5297 5
      vertex 12.4514 34.8308 5
    endloop
  endfacet
  facet normal -0 0 1
    outer loop
      vertex 11.2345 35.1552 5
      vertex 12.4514 34.8308 5
      vertex 12.3462 35.1647 5
    endloop
  endfacet
  facet normal 0 0 1
    outer loop
      vertex 12.6268 34.5297 5
      vertex 11.1285 34.8214 5
      vertex 10.9518 34.5201 5
    endloop
  endfacet
  facet normal -0 0 1
    outer loop
      vertex 11.2698 35.5218 5
      vertex 12.3462 35.1647 5
      vertex 12.3111 35.5313 5
    endloop
  endfacet
  facet normal 0 -0 1
    outer loop
      vertex 11.0799 33.4213 5
      vertex 12.6268 34.5297 5
      vertex 10.9518 34.5201 5
    endloop
  endfacet
  facet normal 0 0 1
    outer loop
      vertex 12.4514 34.8308 5
      vertex 11.2345 35.1552 5
      vertex 11.1285 34.8214 5
    endloop
  endfacet
  facet normal 0 0 1
    outer loop
      vertex 12.6268 34.5297 5
      vertex 11.0799 33.4213 5
      vertex 12.5295 33.4142 5
    endloop
  endfacet
  facet normal 0 0 1
    outer loop
      vertex 12.3211 33.0935 5
      vertex 11.0799 33.4213 5
      vertex 11.2777 33.104 5
    endloop
  endfacet
  facet normal 0 0 1
    outer loop
      vertex 12.5295 33.4142 5
      vertex 11.0799 33.4213 5
      vertex 12.3211 33.0935 5
    endloop
  endfacet
  facet normal 0 0 1
    outer loop
      vertex 10.9518 34.5201 5
      vertex 10.8109 33.6769 5
      vertex 11.0799 33.4213 5
    endloop
  endfacet
  facet normal -0 0 1
    outer loop
      vertex 10.7139 34.2707 5
      vertex 10.8109 33.6769 5
      vertex 10.9518 34.5201 5
    endloop
  endfacet
  facet normal 0 0 1
    outer loop
      vertex 10.7139 34.2707 5
      vertex 10.4787 33.858 5
      vertex 10.8109 33.6769 5
    endloop
  endfacet
  facet normal -0 0 1
    outer loop
      vertex 10.4243 34.0919 5
      vertex 10.4787 33.858 5
      vertex 10.7139 34.2707 5
    endloop
  endfacet
  facet normal 0 0 1
    outer loop
      vertex 10.0831 33.9648 5
      vertex 10.4243 34.0919 5
      vertex 10.0831 33.9838 5
    endloop
  endfacet
  facet normal 0 0 1
    outer loop
      vertex 10.4243 34.0919 5
      vertex 10.0831 33.9648 5
      vertex 10.4787 33.858 5
    endloop
  endfacet
  facet normal 0 0 1
    outer loop
      vertex 7.86972 34.093 5
      vertex 8.2081 33.9553 5
      vertex 8.2081 33.9743 5
    endloop
  endfacet
  facet normal 0 0 1
    outer loop
      vertex 7.86972 34.093 5
      vertex 7.84206 33.853 5
      vertex 8.2081 33.9553 5
    endloop
  endfacet
  facet normal 0 0 1
    outer loop
      vertex 7.58252 34.2781 5
      vertex 7.84206 33.853 5
      vertex 7.86972 34.093 5
    endloop
  endfacet
  facet normal 0 0 1
    outer loop
      vertex 7.58252 34.2781 5
      vertex 7.52242 33.6726 5
      vertex 7.84206 33.853 5
    endloop
  endfacet
  facet normal 0 0 1
    outer loop
      vertex 7.34647 34.5297 5
      vertex 7.52242 33.6726 5
      vertex 7.58252 34.2781 5
    endloop
  endfacet
  facet normal 0 0 1
    outer loop
      vertex 7.34647 34.5297 5
      vertex 7.24916 33.4142 5
      vertex 7.52242 33.6726 5
    endloop
  endfacet
  facet normal 0 0 1
    outer loop
      vertex 7.17111 34.8308 5
      vertex 7.24916 33.4142 5
      vertex 7.34647 34.5297 5
    endloop
  endfacet
  facet normal 0 0 1
    outer loop
      vertex 7.04085 33.0935 5
      vertex 7.17111 34.8308 5
      vertex 7.06591 35.1647 5
    endloop
  endfacet
  facet normal 0 0 1
    outer loop
      vertex 7.17111 34.8308 5
      vertex 7.04085 33.0935 5
      vertex 7.24916 33.4142 5
    endloop
  endfacet
  facet normal 0 0 1
    outer loop
      vertex 6.91585 32.7264 5
      vertex 7.06591 35.1647 5
      vertex 7.03084 35.5313 5
    endloop
  endfacet
  facet normal 0 0 1
    outer loop
      vertex 7.06591 35.1647 5
      vertex 6.91585 32.7264 5
      vertex 7.04085 33.0935 5
    endloop
  endfacet
  facet normal -0 0 1
    outer loop
      vertex 23.5948 33.4187 5
      vertex 23.6961 32.9047 5
      vertex 23.7515 33.6848 5
    endloop
  endfacet
  facet normal -0 0 1
    outer loop
      vertex 23.3781 33.19 5
      vertex 23.6961 32.9047 5
      vertex 23.5948 33.4187 5
    endloop
  endfacet
  facet normal -0 0 1
    outer loop
      vertex 23.1012 32.9988 5
      vertex 23.6961 32.9047 5
      vertex 23.3781 33.19 5
    endloop
  endfacet
  facet normal 0 0 1
    outer loop
      vertex 23.6961 32.9047 5
      vertex 23.1012 32.9988 5
      vertex 23.5553 32.2544 5
    endloop
  endfacet
  facet normal -0 0 1
    outer loop
      vertex 22.7842 32.8551 5
      vertex 23.5553 32.2544 5
      vertex 23.1012 32.9988 5
    endloop
  endfacet
  facet normal 0 0 1
    outer loop
      vertex 23.5553 32.2544 5
      vertex 22.7842 32.8551 5
      vertex 23.329 31.7338 5
    endloop
  endfacet
  facet normal -0 0 1
    outer loop
      vertex 22.4471 32.7689 5
      vertex 23.329 31.7338 5
      vertex 22.7842 32.8551 5
    endloop
  endfacet
  facet normal 0 0 1
    outer loop
      vertex 23.329 31.7338 5
      vertex 22.4471 32.7689 5
      vertex 23.0231 31.3541 5
    endloop
  endfacet
  facet normal 0 0 1
    outer loop
      vertex 23.0231 31.3541 5
      vertex 22.4471 32.7689 5
      vertex 22.6433 31.1262 5
    endloop
  endfacet
  facet normal -0 0 1
    outer loop
      vertex 22.0901 32.7401 5
      vertex 22.6433 31.1262 5
      vertex 22.4471 32.7689 5
    endloop
  endfacet
  facet normal 0 0 1
    outer loop
      vertex 22.6433 31.1262 5
      vertex 22.0901 32.7401 5
      vertex 22.1897 31.0503 5
    endloop
  endfacet
  facet normal 0 0 1
    outer loop
      vertex 22.0901 32.7401 5
      vertex 21.676 31.1431 5
      vertex 22.1897 31.0503 5
    endloop
  endfacet
  facet normal 0 0 1
    outer loop
      vertex 21.06 31.8857 5
      vertex 22.0901 32.7401 5
      vertex 21.5289 32.8087 5
    endloop
  endfacet
  facet normal 0 0 1
    outer loop
      vertex 22.0901 32.7401 5
      vertex 21.2994 31.4216 5
      vertex 21.676 31.1431 5
    endloop
  endfacet
  facet normal 0 0 1
    outer loop
      vertex 22.0901 32.7401 5
      vertex 21.06 31.8857 5
      vertex 21.2994 31.4216 5
    endloop
  endfacet
  facet normal 0 0 1
    outer loop
      vertex 21.0478 33.0144 5
      vertex 21.06 31.8857 5
      vertex 21.5289 32.8087 5
    endloop
  endfacet
  facet normal 0 0 1
    outer loop
      vertex 20.2435 31.7575 5
      vertex 21.0478 33.0144 5
      vertex 20.6469 33.3572 5
    endloop
  endfacet
  facet normal 0 0 1
    outer loop
      vertex 20.2435 31.7575 5
      vertex 20.6469 33.3572 5
      vertex 20.3463 33.8134 5
    endloop
  endfacet
  facet normal 0 0 1
    outer loop
      vertex 21.0478 33.0144 5
      vertex 20.2435 31.7575 5
      vertex 21.06 31.8857 5
    endloop
  endfacet
  facet normal 0 0 1
    outer loop
      vertex 18.8256 31.4965 5
      vertex 20.3463 33.8134 5
      vertex 20.166 34.3593 5
    endloop
  endfacet
  facet normal 0 0 1
    outer loop
      vertex 25.3727 34.8562 5
      vertex 24.5326 34.9485 5
      vertex 24.5964 33.9364 5
    endloop
  endfacet
  facet normal 0 0 1
    outer loop
      vertex 23.579 36.8778 5
      vertex 24.9487 39.0382 5
      vertex 24.4083 39.1909 5
    endloop
  endfacet
  facet normal 0 0 1
    outer loop
      vertex 25.8727 36.3857 5
      vertex 24.3411 35.776 5
      vertex 24.5326 34.9485 5
    endloop
  endfacet
  facet normal 0 0 1
    outer loop
      vertex 25.8727 36.3857 5
      vertex 24.022 36.4189 5
      vertex 24.3411 35.776 5
    endloop
  endfacet
  facet normal 0 0 1
    outer loop
      vertex 23.0157 37.1531 5
      vertex 24.4083 39.1909 5
      vertex 23.9592 39.4454 5
    endloop
  endfacet
  facet normal 0 0 1
    outer loop
      vertex 22.3321 37.2449 5
      vertex 23.9592 39.4454 5
      vertex 23.6103 39.7995 5
    endloop
  endfacet
  facet normal 0 0 1
    outer loop
      vertex 24.9487 39.0382 5
      vertex 23.579 36.8778 5
      vertex 24.022 36.4189 5
    endloop
  endfacet
  facet normal 0 0 1
    outer loop
      vertex 21.6839 37.1782 5
      vertex 23.6103 39.7995 5
      vertex 23.3706 40.2513 5
    endloop
  endfacet
  facet normal 0 0 1
    outer loop
      vertex 21.6839 37.1782 5
      vertex 23.3706 40.2513 5
      vertex 23.24 40.8006 5
    endloop
  endfacet
  facet normal 0 0 1
    outer loop
      vertex 24.4083 39.1909 5
      vertex 23.0157 37.1531 5
      vertex 23.579 36.8778 5
    endloop
  endfacet
  facet normal 0 0 1
    outer loop
      vertex 25.9133 45.1332 5
      vertex 26.786 44.0094 5
      vertex 26.7509 44.342 5
    endloop
  endfacet
  facet normal 0 0 1
    outer loop
      vertex 25.9133 45.1332 5
      vertex 26.7509 44.342 5
      vertex 26.6456 44.6244 5
    endloop
  endfacet
  facet normal 0 0 1
    outer loop
      vertex 26.786 44.0094 5
      vertex 25.9133 45.1332 5
      vertex 26.1061 42.992 5
    endloop
  endfacet
  facet normal 0 0 1
    outer loop
      vertex 26.2258 45.0295 5
      vertex 26.6456 44.6244 5
      vertex 26.4703 44.8568 5
    endloop
  endfacet
  facet normal 0 0 1
    outer loop
      vertex 26.786 44.0094 5
      vertex 26.1061 42.992 5
      vertex 26.743 43.6748 5
    endloop
  endfacet
  facet normal 0 0 1
    outer loop
      vertex 26.6456 44.6244 5
      vertex 26.2258 45.0295 5
      vertex 25.9133 45.1332 5
    endloop
  endfacet
  facet normal 0 0 1
    outer loop
      vertex 26.743 43.6748 5
      vertex 26.3991 43.1621 5
      vertex 26.614 43.3924 5
    endloop
  endfacet
  facet normal 0 0 1
    outer loop
      vertex 26.743 43.6748 5
      vertex 26.1061 42.992 5
      vertex 26.3991 43.1621 5
    endloop
  endfacet
  facet normal 0 0 1
    outer loop
      vertex 25.9133 45.1332 5
      vertex 25.743 42.89 5
      vertex 26.1061 42.992 5
    endloop
  endfacet
  facet normal 0 0 1
    outer loop
      vertex 25.5328 45.1677 5
      vertex 25.743 42.89 5
      vertex 25.9133 45.1332 5
    endloop
  endfacet
  facet normal -0 0 1
    outer loop
      vertex 25.1802 45.1355 5
      vertex 25.743 42.89 5
      vertex 25.5328 45.1677 5
    endloop
  endfacet
  facet normal 0 0 1
    outer loop
      vertex 25.743 42.89 5
      vertex 25.1802 45.1355 5
      vertex 25.3097 42.8559 5
    endloop
  endfacet
  facet normal -0 0 1
    outer loop
      vertex 24.8756 45.039 5
      vertex 25.3097 42.8559 5
      vertex 25.1802 45.1355 5
    endloop
  endfacet
  facet normal -0 0 1
    outer loop
      vertex 24.2132 44.0616 5
      vertex 25.3097 42.8559 5
      vertex 24.8756 45.039 5
    endloop
  endfacet
  facet normal 0 0 1
    outer loop
      vertex 25.3097 42.8559 5
      vertex 24.2132 44.0616 5
      vertex 24.8445 42.8559 5
    endloop
  endfacet
  facet normal 0 0 1
    outer loop
      vertex 24.2132 44.0616 5
      vertex 24.8756 45.039 5
      vertex 24.619 44.8781 5
    endloop
  endfacet
  facet normal 0 0 1
    outer loop
      vertex 26.5415 41.8093 5
      vertex 26.9616 40.9572 5
      vertex 26.9149 41.2945 5
    endloop
  endfacet
  facet normal 0 0 1
    outer loop
      vertex 26.9616 40.9572 5
      vertex 26.2201 41.9793 5
      vertex 26.9207 40.5738 5
    endloop
  endfacet
  facet normal 0 0 1
    outer loop
      vertex 26.5415 41.8093 5
      vertex 26.9149 41.2945 5
      vertex 26.7749 41.5785 5
    endloop
  endfacet
  facet normal 0 0 1
    outer loop
      vertex 26.9616 40.9572 5
      vertex 26.5415 41.8093 5
      vertex 26.2201 41.9793 5
    endloop
  endfacet
  facet normal 0 0 1
    outer loop
      vertex 25.9798 39.7299 5
      vertex 26.9207 40.5738 5
      vertex 26.2201 41.9793 5
    endloop
  endfacet
  facet normal 0 0 1
    outer loop
      vertex 26.7981 40.2589 5
      vertex 26.3176 39.8359 5
      vertex 26.5937 40.0126 5
    endloop
  endfacet
  facet normal 0 0 1
    outer loop
      vertex 26.9207 40.5738 5
      vertex 26.3176 39.8359 5
      vertex 26.7981 40.2589 5
    endloop
  endfacet
  facet normal 0 0 1
    outer loop
      vertex 26.9207 40.5738 5
      vertex 25.9798 39.7299 5
      vertex 26.3176 39.8359 5
    endloop
  endfacet
  facet normal 0 0 1
    outer loop
      vertex 25.8158 42.0814 5
      vertex 25.9798 39.7299 5
      vertex 26.2201 41.9793 5
    endloop
  endfacet
  facet normal 0 0 1
    outer loop
      vertex 25.8158 42.0814 5
      vertex 25.5803 39.6946 5
      vertex 25.9798 39.7299 5
    endloop
  endfacet
  facet normal 0 0 1
    outer loop
      vertex 25.3287 42.1154 5
      vertex 25.5803 39.6946 5
      vertex 25.8158 42.0814 5
    endloop
  endfacet
  facet normal 0 0 1
    outer loop
      vertex 25.3287 42.1154 5
      vertex 24.8466 39.8264 5
      vertex 25.5803 39.6946 5
    endloop
  endfacet
  facet normal 0 0 1
    outer loop
      vertex 24.123 40.8813 5
      vertex 25.3287 42.1154 5
      vertex 24.8445 42.1154 5
    endloop
  endfacet
  facet normal 0 0 1
    outer loop
      vertex 23.354 44.1281 5
      vertex 24.8445 42.8559 5
      vertex 24.2132 44.0616 5
    endloop
  endfacet
  facet normal 0 0 1
    outer loop
      vertex 24.2836 44.3866 5
      vertex 24.619 44.8781 5
      vertex 24.4189 44.6587 5
    endloop
  endfacet
  facet normal 0 0 1
    outer loop
      vertex 24.8445 42.8559 5
      vertex 23.354 44.1281 5
      vertex 24.8445 42.1154 5
    endloop
  endfacet
  facet normal 0 0 1
    outer loop
      vertex 24.619 44.8781 5
      vertex 24.2836 44.3866 5
      vertex 24.2132 44.0616 5
    endloop
  endfacet
  facet normal 0 -0 1
    outer loop
      vertex 24.3609 40.222 5
      vertex 25.3287 42.1154 5
      vertex 24.123 40.8813 5
    endloop
  endfacet
  facet normal 0 0 1
    outer loop
      vertex 25.3287 42.1154 5
      vertex 24.3609 40.222 5
      vertex 24.8466 39.8264 5
    endloop
  endfacet
  facet normal 0 0 1
    outer loop
      vertex 23.24 40.8006 5
      vertex 24.8445 42.1154 5
      vertex 23.354 44.1281 5
    endloop
  endfacet
  facet normal 0 0 1
    outer loop
      vertex 24.8445 42.1154 5
      vertex 23.24 40.8006 5
      vertex 24.123 40.8813 5
    endloop
  endfacet
  facet normal -0 0 1
    outer loop
      vertex 31.7231 43.8765 5
      vertex 33.2325 39.8084 5
      vertex 33.2325 44.9541 5
    endloop
  endfacet
  facet normal 0 0 1
    outer loop
      vertex 33.2325 39.8084 5
      vertex 31.7231 43.8765 5
      vertex 31.5285 39.8084 5
    endloop
  endfacet
  facet normal -0 0 1
    outer loop
      vertex 27.5877 39.8802 5
      vertex 31.5285 39.0822 5
      vertex 27.7838 40.3581 5
    endloop
  endfacet
  facet normal 0 0 1
    outer loop
      vertex 31.5285 39.0822 5
      vertex 27.5877 39.8802 5
      vertex 28.3696 37.1484 5
    endloop
  endfacet
  facet normal -0 0 1
    outer loop
      vertex 27.2606 39.4952 5
      vertex 28.3696 37.1484 5
      vertex 27.5877 39.8802 5
    endloop
  endfacet
  facet normal 0 0 1
    outer loop
      vertex 28.3696 37.1484 5
      vertex 27.2606 39.4952 5
      vertex 27.6504 37.2449 5
    endloop
  endfacet
  facet normal -0 0 1
    outer loop
      vertex 26.8123 39.213 5
      vertex 27.6504 37.2449 5
      vertex 27.2606 39.4952 5
    endloop
  endfacet
  facet normal 0 0 1
    outer loop
      vertex 27.6504 37.2449 5
      vertex 26.8123 39.213 5
      vertex 26.9128 37.1494 5
    endloop
  endfacet
  facet normal -0 0 1
    outer loop
      vertex 26.2522 39.0437 5
      vertex 26.9128 37.1494 5
      vertex 26.8123 39.213 5
    endloop
  endfacet
  facet normal 0 0 1
    outer loop
      vertex 26.9128 37.1494 5
      vertex 26.2522 39.0437 5
      vertex 26.3202 36.863 5
    endloop
  endfacet
  facet normal -0 0 1
    outer loop
      vertex 25.5803 38.9873 5
      vertex 26.3202 36.863 5
      vertex 26.2522 39.0437 5
    endloop
  endfacet
  facet normal 0 0 1
    outer loop
      vertex 24.9487 39.0382 5
      vertex 26.3202 36.863 5
      vertex 25.5803 38.9873 5
    endloop
  endfacet
  facet normal 0 0 1
    outer loop
      vertex 26.3202 36.863 5
      vertex 24.9487 39.0382 5
      vertex 25.8727 36.3857 5
    endloop
  endfacet
  facet normal -0 0 1
    outer loop
      vertex 24.022 36.4189 5
      vertex 25.8727 36.3857 5
      vertex 24.9487 39.0382 5
    endloop
  endfacet
  facet normal 0 0 1
    outer loop
      vertex 25.8727 36.3857 5
      vertex 24.5326 34.9485 5
      vertex 25.5602 35.7169 5
    endloop
  endfacet
  facet normal -0 0 1
    outer loop
      vertex 24.5326 34.9485 5
      vertex 25.3727 34.8562 5
      vertex 25.5602 35.7169 5
    endloop
  endfacet
  facet normal 0 0 1
    outer loop
      vertex 31.7231 43.8765 5
      vertex 27.6636 41.6861 5
      vertex 27.8028 41.3317 5
    endloop
  endfacet
  facet normal 0 0 1
    outer loop
      vertex 27.5049 43.3517 5
      vertex 31.7231 43.8765 5
      vertex 27.6244 43.699 5
    endloop
  endfacet
  facet normal 0 0 1
    outer loop
      vertex 31.7231 43.8765 5
      vertex 27.5049 43.3517 5
      vertex 27.6636 41.6861 5
    endloop
  endfacet
  facet normal 0 0 1
    outer loop
      vertex 27.5049 43.3517 5
      vertex 27.4315 41.992 5
      vertex 27.6636 41.6861 5
    endloop
  endfacet
  facet normal -0 0 1
    outer loop
      vertex 27.3058 43.0577 5
      vertex 27.4315 41.992 5
      vertex 27.5049 43.3517 5
    endloop
  endfacet
  facet normal 0 0 1
    outer loop
      vertex 27.3058 43.0577 5
      vertex 27.1161 42.2357 5
      vertex 27.4315 41.992 5
    endloop
  endfacet
  facet normal -0 0 1
    outer loop
      vertex 27.0307 42.819 5
      vertex 27.1161 42.2357 5
      vertex 27.3058 43.0577 5
    endloop
  endfacet
  facet normal 0 0 1
    outer loop
      vertex 27.0307 42.819 5
      vertex 26.7269 42.4034 5
      vertex 27.1161 42.2357 5
    endloop
  endfacet
  facet normal -0 0 1
    outer loop
      vertex 26.6834 42.6378 5
      vertex 26.7269 42.4034 5
      vertex 27.0307 42.819 5
    endloop
  endfacet
  facet normal 0 0 1
    outer loop
      vertex 26.2638 42.4952 5
      vertex 26.6834 42.6378 5
      vertex 26.2638 42.5141 5
    endloop
  endfacet
  facet normal 0 0 1
    outer loop
      vertex 26.6834 42.6378 5
      vertex 26.2638 42.4952 5
      vertex 26.7269 42.4034 5
    endloop
  endfacet
  facet normal 0 0 1
    outer loop
      vertex 42.2078 32.2259 5
      vertex 37.4957 35.593 5
      vertex 37.6049 30.4569 5
    endloop
  endfacet
  facet normal 0 0 1
    outer loop
      vertex 39.233 44.1186 5
      vertex 36.8373 38.9873 5
      vertex 37.4957 35.593 5
    endloop
  endfacet
  facet normal 0 0 1
    outer loop
      vertex 36.8373 38.9873 5
      vertex 36.5416 35.593 5
      vertex 37.4957 35.593 5
    endloop
  endfacet
  facet normal -0 0 1
    outer loop
      vertex 36.0682 38.9873 5
      vertex 36.5416 35.593 5
      vertex 36.8373 38.9873 5
    endloop
  endfacet
  facet normal -0 0 1
    outer loop
      vertex 35.7199 39.0822 5
      vertex 36.0682 38.9873 5
      vertex 35.7199 39.8084 5
    endloop
  endfacet
  facet normal 0 0 1
    outer loop
      vertex 36.0682 38.9873 5
      vertex 35.7199 39.0822 5
      vertex 36.5416 35.593 5
    endloop
  endfacet
  facet normal 0 0 1
    outer loop
      vertex 33.9878 35.593 5
      vertex 36.5416 35.593 5
      vertex 35.7199 39.0822 5
    endloop
  endfacet
  facet normal 0 0 1
    outer loop
      vertex 36.5416 35.593 5
      vertex 33.9878 35.593 5
      vertex 35.2694 33.5946 5
    endloop
  endfacet
  facet normal -0 0 1
    outer loop
      vertex 31.5285 39.0822 5
      vertex 33.9878 35.593 5
      vertex 35.7199 39.0822 5
    endloop
  endfacet
  facet normal -0 0 1
    outer loop
      vertex 29.3948 36.3762 5
      vertex 33.0432 35.593 5
      vertex 31.5285 39.0822 5
    endloop
  endfacet
  facet normal 0 0 1
    outer loop
      vertex 33.9878 35.593 5
      vertex 31.5285 39.0822 5
      vertex 33.0432 35.593 5
    endloop
  endfacet
  facet normal 0 0 1
    outer loop
      vertex 41.7762 45.1339 5
      vertex 42.6413 44.0094 5
      vertex 42.6054 44.3491 5
    endloop
  endfacet
  facet normal 0 0 1
    outer loop
      vertex 41.4213 45.1677 5
      vertex 42.6413 44.0094 5
      vertex 41.7762 45.1339 5
    endloop
  endfacet
  facet normal 0 0 1
    outer loop
      vertex 42.0753 45.0327 5
      vertex 42.6054 44.3491 5
      vertex 42.4978 44.6339 5
    endloop
  endfacet
  facet normal 0 0 1
    outer loop
      vertex 42.6413 44.0094 5
      vertex 41.4213 45.1677 5
      vertex 42.6204 43.7468 5
    endloop
  endfacet
  facet normal 0 0 1
    outer loop
      vertex 42.0753 45.0327 5
      vertex 42.4978 44.6339 5
      vertex 42.3184 44.8639 5
    endloop
  endfacet
  facet normal 0 0 1
    outer loop
      vertex 42.6204 43.7468 5
      vertex 41.4213 45.1677 5
      vertex 42.5579 43.5031 5
    endloop
  endfacet
  facet normal 0 0 1
    outer loop
      vertex 42.5579 43.5031 5
      vertex 41.4213 45.1677 5
      vertex 42.4537 43.2784 5
    endloop
  endfacet
  facet normal 0 0 1
    outer loop
      vertex 42.6054 44.3491 5
      vertex 42.0753 45.0327 5
      vertex 41.7762 45.1339 5
    endloop
  endfacet
  facet normal -0 0 1
    outer loop
      vertex 40.1064 44.0379 5
      vertex 42.4537 43.2784 5
      vertex 41.4213 45.1677 5
    endloop
  endfacet
  facet normal 0 0 1
    outer loop
      vertex 42.4537 43.2784 5
      vertex 40.1064 44.0379 5
      vertex 42.3158 43.0664 5
    endloop
  endfacet
  facet normal 0 0 1
    outer loop
      vertex 42.3158 43.0664 5
      vertex 40.1064 44.0379 5
      vertex 42.152 42.8607 5
    endloop
  endfacet
  facet normal 0 0 1
    outer loop
      vertex 42.152 42.8607 5
      vertex 40.1064 44.0379 5
      vertex 41.9624 42.6613 5
    endloop
  endfacet
  facet normal 0 0 1
    outer loop
      vertex 41.9624 42.6613 5
      vertex 40.1064 44.0379 5
      vertex 41.7517 42.4651 5
    endloop
  endfacet
  facet normal 0 0 1
    outer loop
      vertex 41.7517 42.4651 5
      vertex 40.1064 44.0379 5
      vertex 41.5246 42.2689 5
    endloop
  endfacet
  facet normal 0 0 1
    outer loop
      vertex 40.1064 44.0379 5
      vertex 41.4213 45.1677 5
      vertex 41.0787 45.1347 5
    endloop
  endfacet
  facet normal 0 0 1
    outer loop
      vertex 41.5246 42.2689 5
      vertex 40.1064 44.0379 5
      vertex 41.2812 42.0727 5
    endloop
  endfacet
  facet normal 0 0 1
    outer loop
      vertex 40.18 44.3689 5
      vertex 41.0787 45.1347 5
      vertex 40.7789 45.0358 5
    endloop
  endfacet
  facet normal 0 0 1
    outer loop
      vertex 41.2812 42.0727 5
      vertex 40.1064 44.0379 5
      vertex 41.0289 41.871 5
    endloop
  endfacet
  facet normal 0 0 1
    outer loop
      vertex 40.18 44.3689 5
      vertex 40.7789 45.0358 5
      vertex 40.5217 44.871 5
    endloop
  endfacet
  facet normal 0 0 1
    outer loop
      vertex 41.0289 41.871 5
      vertex 40.1064 44.0379 5
      vertex 40.7749 41.6582 5
    endloop
  endfacet
  facet normal 0 0 1
    outer loop
      vertex 40.18 44.3689 5
      vertex 40.5217 44.871 5
      vertex 40.3184 44.6466 5
    endloop
  endfacet
  facet normal 0 0 1
    outer loop
      vertex 40.7749 41.6582 5
      vertex 40.1064 44.0379 5
      vertex 40.5194 41.4343 5
    endloop
  endfacet
  facet normal 0 0 1
    outer loop
      vertex 41.0787 45.1347 5
      vertex 40.18 44.3689 5
      vertex 40.1064 44.0379 5
    endloop
  endfacet
  facet normal 0 0 1
    outer loop
      vertex 39.233 44.1186 5
      vertex 40.5194 41.4343 5
      vertex 40.1064 44.0379 5
    endloop
  endfacet
  facet normal 0 0 1
    outer loop
      vertex 40.5194 41.4343 5
      vertex 39.233 44.1186 5
      vertex 40.267 41.1959 5
    endloop
  endfacet
  facet normal 0 0 1
    outer loop
      vertex 40.267 41.1959 5
      vertex 39.233 44.1186 5
      vertex 40.0225 40.9395 5
    endloop
  endfacet
  facet normal 0 0 1
    outer loop
      vertex 40.0225 40.9395 5
      vertex 39.233 44.1186 5
      vertex 39.786 40.6652 5
    endloop
  endfacet
  facet normal 0 0 1
    outer loop
      vertex 39.786 40.6652 5
      vertex 39.233 44.1186 5
      vertex 39.5653 40.3675 5
    endloop
  endfacet
  facet normal 0 0 1
    outer loop
      vertex 39.5653 40.3675 5
      vertex 39.233 44.1186 5
      vertex 39.3683 40.0408 5
    endloop
  endfacet
  facet normal 0 0 1
    outer loop
      vertex 39.3683 40.0408 5
      vertex 39.233 44.1186 5
      vertex 39.195 39.685 5
    endloop
  endfacet
  facet normal 0 0 1
    outer loop
      vertex 37.6049 30.4569 5
      vertex 37.4957 35.593 5
      vertex 35.7536 33.1056 5
    endloop
  endfacet
  facet normal 0 0 1
    outer loop
      vertex 35.7199 39.8084 5
      vertex 34.0918 45.7705 5
      vertex 34.0918 39.8084 5
    endloop
  endfacet
  facet normal 0 0 1
    outer loop
      vertex 34.7853 33.0962 5
      vertex 33.0432 35.593 5
      vertex 32.9578 30.4569 5
    endloop
  endfacet
  facet normal 0 0 1
    outer loop
      vertex 42.2078 32.2259 5
      vertex 37.6049 30.4569 5
      vertex 42.0267 31.3263 5
    endloop
  endfacet
  facet normal 0 0 1
    outer loop
      vertex 42.5098 33.1554 5
      vertex 37.4957 35.593 5
      vertex 42.2078 32.2259 5
    endloop
  endfacet
  facet normal -0 0 1
    outer loop
      vertex 37.4957 35.593 5
      vertex 42.5098 33.1554 5
      vertex 40.732 36.419 5
    endloop
  endfacet
  facet normal 0 0 1
    outer loop
      vertex 42.9531 34.1478 5
      vertex 40.732 36.419 5
      vertex 42.5098 33.1554 5
    endloop
  endfacet
  facet normal 0 0 1
    outer loop
      vertex 43.5583 35.2356 5
      vertex 40.732 36.419 5
      vertex 42.9531 34.1478 5
    endloop
  endfacet
  facet normal -0 0 1
    outer loop
      vertex 40.732 36.419 5
      vertex 43.5583 35.2356 5
      vertex 44.3254 36.419 5
    endloop
  endfacet
  facet normal 0 0 1
    outer loop
      vertex 43.6239 39.8084 5
      vertex 45.1683 43.6677 5
      vertex 44.499 43.6677 5
    endloop
  endfacet
  facet normal -0 0 1
    outer loop
      vertex 43.459 44.5788 5
      vertex 44.499 43.6677 5
      vertex 44.3994 45.7705 5
    endloop
  endfacet
  facet normal 0 0 1
    outer loop
      vertex 45.1683 43.6677 5
      vertex 43.6239 39.8084 5
      vertex 45.1514 37.1452 5
    endloop
  endfacet
  facet normal -0 0 1
    outer loop
      vertex 43.6239 39.0822 5
      vertex 45.1514 37.1452 5
      vertex 43.6239 39.8084 5
    endloop
  endfacet
  facet normal 0 0 1
    outer loop
      vertex 43.6239 39.0822 5
      vertex 40.732 37.1452 5
      vertex 45.1514 37.1452 5
    endloop
  endfacet
  facet normal 0 0 1
    outer loop
      vertex 37.4957 35.593 5
      vertex 40.732 37.1452 5
      vertex 39.195 39.0822 5
    endloop
  endfacet
  facet normal -0 0 1
    outer loop
      vertex 39.195 39.0822 5
      vertex 40.732 37.1452 5
      vertex 43.6239 39.0822 5
    endloop
  endfacet
  facet normal 0 0 1
    outer loop
      vertex 51.6819 31.4965 5
      vertex 50.433 33.2528 5
      vertex 50.4934 32.6452 5
    endloop
  endfacet
  facet normal 0 0 1
    outer loop
      vertex 50.2518 33.7718 5
      vertex 53.9589 35.4933 5
      vertex 50.3083 35.8826 5
    endloop
  endfacet
  facet normal 0 0 1
    outer loop
      vertex 49.9211 36.6394 5
      vertex 51.0246 39.0822 5
      vertex 50.1037 39.0822 5
    endloop
  endfacet
  facet normal 0 0 1
    outer loop
      vertex 51.0246 39.0822 5
      vertex 49.9211 36.6394 5
      vertex 50.3083 35.8826 5
    endloop
  endfacet
  facet normal 0 0 1
    outer loop
      vertex 53.9589 35.4933 5
      vertex 50.2518 33.7718 5
      vertex 50.433 33.2528 5
    endloop
  endfacet
  facet normal 0 0 1
    outer loop
      vertex 50.3083 35.8826 5
      vertex 49.9498 34.2021 5
      vertex 50.2518 33.7718 5
    endloop
  endfacet
  facet normal 0 0 1
    outer loop
      vertex 50.3083 35.8826 5
      vertex 49.545 34.5239 5
      vertex 49.9498 34.2021 5
    endloop
  endfacet
  facet normal -0 0 1
    outer loop
      vertex 49.4918 35.7354 5
      vertex 49.545 34.5239 5
      vertex 50.3083 35.8826 5
    endloop
  endfacet
  facet normal 0 0 1
    outer loop
      vertex 48.4807 34.7813 5
      vertex 49.4918 35.7354 5
      vertex 49.2576 36.189 5
    endloop
  endfacet
  facet normal 0 0 1
    outer loop
      vertex 49.4918 35.7354 5
      vertex 49.0553 34.7169 5
      vertex 49.545 34.5239 5
    endloop
  endfacet
  facet normal 0 0 1
    outer loop
      vertex 48.4807 34.7813 5
      vertex 49.2576 36.189 5
      vertex 48.8905 36.4611 5
    endloop
  endfacet
  facet normal 0 0 1
    outer loop
      vertex 49.4918 35.7354 5
      vertex 48.4807 34.7813 5
      vertex 49.0553 34.7169 5
    endloop
  endfacet
  facet normal 0 0 1
    outer loop
      vertex 48.3905 36.5518 5
      vertex 48.4807 34.7813 5
      vertex 48.8905 36.4611 5
    endloop
  endfacet
  facet normal -0 0 1
    outer loop
      vertex 47.9398 36.4761 5
      vertex 48.4807 34.7813 5
      vertex 48.3905 36.5518 5
    endloop
  endfacet
  facet normal 0 0 1
    outer loop
      vertex 48.4807 34.7813 5
      vertex 47.9398 36.4761 5
      vertex 48.1305 34.7562 5
    endloop
  endfacet
  facet normal -0 0 1
    outer loop
      vertex 47.5624 36.2491 5
      vertex 48.1305 34.7562 5
      vertex 47.9398 36.4761 5
    endloop
  endfacet
  facet normal -0 0 1
    outer loop
      vertex 47.2584 35.8707 5
      vertex 48.1305 34.7562 5
      vertex 47.5624 36.2491 5
    endloop
  endfacet
  facet normal 0 0 1
    outer loop
      vertex 48.1305 34.7562 5
      vertex 47.2584 35.8707 5
      vertex 47.8077 34.6811 5
    endloop
  endfacet
  facet normal -0 0 1
    outer loop
      vertex 47.0355 35.3488 5
      vertex 47.8077 34.6811 5
      vertex 47.2584 35.8707 5
    endloop
  endfacet
  facet normal 0 0 1
    outer loop
      vertex 47.8077 34.6811 5
      vertex 47.0355 35.3488 5
      vertex 47.5123 34.5558 5
    endloop
  endfacet
  facet normal -0 0 1
    outer loop
      vertex 46.9018 34.6913 5
      vertex 47.5123 34.5558 5
      vertex 47.0355 35.3488 5
    endloop
  endfacet
  facet normal 0 0 1
    outer loop
      vertex 47.5123 34.5558 5
      vertex 46.9018 34.6913 5
      vertex 47.2518 34.3825 5
    endloop
  endfacet
  facet normal 0 0 1
    outer loop
      vertex 47.2518 34.3825 5
      vertex 46.9018 34.6913 5
      vertex 47.0334 34.1634 5
    endloop
  endfacet
  facet normal 0 0 1
    outer loop
      vertex 47.0334 34.1634 5
      vertex 46.9018 34.6913 5
      vertex 46.8573 33.8983 5
    endloop
  endfacet
  facet normal 0 0 1
    outer loop
      vertex 51.9313 41.7215 5
      vertex 50.1891 44.2183 5
      vertex 50.1037 39.0822 5
    endloop
  endfacet
  facet normal -0 0 1
    outer loop
      vertex 46.2459 43.6677 5
      vertex 47.6927 37.1415 5
      vertex 46.9199 43.6677 5
    endloop
  endfacet
  facet normal 0 0 1
    outer loop
      vertex 47.6927 37.1415 5
      vertex 45.1514 37.1452 5
      vertex 47.1025 36.8314 5
    endloop
  endfacet
  facet normal 0 0 1
    outer loop
      vertex 47.1025 36.8314 5
      vertex 45.1514 37.1452 5
      vertex 46.6294 36.3145 5
    endloop
  endfacet
  facet normal 0 0 1
    outer loop
      vertex 47.6927 37.1415 5
      vertex 46.2459 43.6677 5
      vertex 45.1514 37.1452 5
    endloop
  endfacet
  facet normal 0 0 1
    outer loop
      vertex 45.1683 43.6677 5
      vertex 46.2459 43.6677 5
      vertex 46.151 45.7705 5
    endloop
  endfacet
  facet normal 0 0 1
    outer loop
      vertex 45.1514 37.1452 5
      vertex 46.2459 43.6677 5
      vertex 45.1683 43.6677 5
    endloop
  endfacet
  facet normal 0 0 1
    outer loop
      vertex 44.499 43.6677 5
      vertex 43.4996 43.779 5
      vertex 43.4403 43.521 5
    endloop
  endfacet
  facet normal 0 0 1
    outer loop
      vertex 43.3414 43.2642 5
      vertex 44.499 43.6677 5
      vertex 43.4403 43.521 5
    endloop
  endfacet
  facet normal 0 0 1
    outer loop
      vertex 43.2035 43.0079 5
      vertex 44.499 43.6677 5
      vertex 43.3414 43.2642 5
    endloop
  endfacet
  facet normal 0 0 1
    outer loop
      vertex 43.0271 42.7515 5
      vertex 44.499 43.6677 5
      vertex 43.2035 43.0079 5
    endloop
  endfacet
  facet normal 0 0 1
    outer loop
      vertex 44.499 43.6677 5
      vertex 43.0271 42.7515 5
      vertex 43.6239 39.8084 5
    endloop
  endfacet
  facet normal -0 0 1
    outer loop
      vertex 42.8121 42.4952 5
      vertex 43.6239 39.8084 5
      vertex 43.0271 42.7515 5
    endloop
  endfacet
  facet normal -0 0 1
    outer loop
      vertex 42.5068 42.1919 5
      vertex 43.6239 39.8084 5
      vertex 42.8121 42.4952 5
    endloop
  endfacet
  facet normal -0 0 1
    outer loop
      vertex 42.059 41.7947 5
      vertex 43.6239 39.8084 5
      vertex 42.5068 42.1919 5
    endloop
  endfacet
  facet normal -0 0 1
    outer loop
      vertex 41.4688 41.3037 5
      vertex 43.6239 39.8084 5
      vertex 42.059 41.7947 5
    endloop
  endfacet
  facet normal -0 0 1
    outer loop
      vertex 41.1296 41.016 5
      vertex 43.6239 39.8084 5
      vertex 41.4688 41.3037 5
    endloop
  endfacet
  facet normal -0 0 1
    outer loop
      vertex 40.84 40.7478 5
      vertex 43.6239 39.8084 5
      vertex 41.1296 41.016 5
    endloop
  endfacet
  facet normal -0 0 1
    outer loop
      vertex 40.6001 40.4991 5
      vertex 43.6239 39.8084 5
      vertex 40.84 40.7478 5
    endloop
  endfacet
  facet normal -0 0 1
    outer loop
      vertex 40.4049 40.2631 5
      vertex 43.6239 39.8084 5
      vertex 40.6001 40.4991 5
    endloop
  endfacet
  facet normal -0 0 1
    outer loop
      vertex 40.2499 40.0329 5
      vertex 43.6239 39.8084 5
      vertex 40.4049 40.2631 5
    endloop
  endfacet
  facet normal 0 0 1
    outer loop
      vertex 43.6239 39.8084 5
      vertex 40.2499 40.0329 5
      vertex 40.1349 39.8084 5
    endloop
  endfacet
  facet normal 0 0 1
    outer loop
      vertex 50.3083 35.8826 5
      vertex 54.0768 35.9917 5
      vertex 51.0246 39.0822 5
    endloop
  endfacet
  facet normal 0 0 1
    outer loop
      vertex 54.0768 35.9917 5
      vertex 50.3083 35.8826 5
      vertex 53.9589 35.4933 5
    endloop
  endfacet
  facet normal 0 0 1
    outer loop
      vertex 50.433 33.2528 5
      vertex 51.6819 31.4965 5
      vertex 52.6075 31.4965 5
    endloop
  endfacet
  facet normal -0 0 1
    outer loop
      vertex 50.433 33.2528 5
      vertex 52.6075 31.4965 5
      vertex 53.9589 35.4933 5
    endloop
  endfacet
  facet normal -0 0 1
    outer loop
      vertex 58.1663 34.8957 5
      vertex 59.1546 34.8562 5
      vertex 58.2256 35.1536 5
    endloop
  endfacet
  facet normal 0 0 1
    outer loop
      vertex 58.9181 39.1909 5
      vertex 58.185 35.9535 5
      vertex 58.2454 35.4126 5
    endloop
  endfacet
  facet normal 0 0 1
    outer loop
      vertex 56.7694 37.1919 5
      vertex 58.469 39.4454 5
      vertex 58.1201 39.7995 5
    endloop
  endfacet
  facet normal 0 0 1
    outer loop
      vertex 58.9181 39.1909 5
      vertex 58.0038 36.4053 5
      vertex 58.185 35.9535 5
    endloop
  endfacet
  facet normal 0 0 1
    outer loop
      vertex 54.7509 39.0822 5
      vertex 58.1201 39.7995 5
      vertex 57.8804 40.2513 5
    endloop
  endfacet
  facet normal 0 0 1
    outer loop
      vertex 54.7509 39.0822 5
      vertex 57.8804 40.2513 5
      vertex 57.7498 40.8006 5
    endloop
  endfacet
  facet normal 0 0 1
    outer loop
      vertex 58.9181 39.1909 5
      vertex 57.7018 36.7679 5
      vertex 58.0038 36.4053 5
    endloop
  endfacet
  facet normal 0 0 1
    outer loop
      vertex 58.0674 34.6389 5
      vertex 59.1546 34.8562 5
      vertex 58.1663 34.8957 5
    endloop
  endfacet
  facet normal 0 0 1
    outer loop
      vertex 59.1546 34.8562 5
      vertex 58.0674 34.6389 5
      vertex 59.0921 33.8034 5
    endloop
  endfacet
  facet normal -0 0 1
    outer loop
      vertex 57.9294 34.3825 5
      vertex 59.0921 33.8034 5
      vertex 58.0674 34.6389 5
    endloop
  endfacet
  facet normal -0 0 1
    outer loop
      vertex 57.753 34.1262 5
      vertex 59.0921 33.8034 5
      vertex 57.9294 34.3825 5
    endloop
  endfacet
  facet normal -0 0 1
    outer loop
      vertex 57.5381 33.8699 5
      vertex 59.0921 33.8034 5
      vertex 57.753 34.1262 5
    endloop
  endfacet
  facet normal 0 0 1
    outer loop
      vertex 57.2327 33.5666 5
      vertex 59.0921 33.8034 5
      vertex 57.5381 33.8699 5
    endloop
  endfacet
  facet normal 0 0 1
    outer loop
      vertex 59.0921 33.8034 5
      vertex 57.2327 33.5666 5
      vertex 58.3498 31.1831 5
    endloop
  endfacet
  facet normal -0 0 1
    outer loop
      vertex 56.7849 33.1694 5
      vertex 58.3498 31.1831 5
      vertex 57.2327 33.5666 5
    endloop
  endfacet
  facet normal -0 0 1
    outer loop
      vertex 56.1947 32.6784 5
      vertex 58.3498 31.1831 5
      vertex 56.7849 33.1694 5
    endloop
  endfacet
  facet normal -0 0 1
    outer loop
      vertex 55.8556 32.3907 5
      vertex 58.3498 31.1831 5
      vertex 56.1947 32.6784 5
    endloop
  endfacet
  facet normal -0 0 1
    outer loop
      vertex 55.566 32.1225 5
      vertex 58.3498 31.1831 5
      vertex 55.8556 32.3907 5
    endloop
  endfacet
  facet normal -0 0 1
    outer loop
      vertex 55.326 31.8738 5
      vertex 58.3498 31.1831 5
      vertex 55.566 32.1225 5
    endloop
  endfacet
  facet normal -0 0 1
    outer loop
      vertex 55.1309 31.6378 5
      vertex 58.3498 31.1831 5
      vertex 55.326 31.8738 5
    endloop
  endfacet
  facet normal -0 0 1
    outer loop
      vertex 54.9758 31.4076 5
      vertex 58.3498 31.1831 5
      vertex 55.1309 31.6378 5
    endloop
  endfacet
  facet normal 0 0 1
    outer loop
      vertex 58.3498 31.1831 5
      vertex 54.9758 31.4076 5
      vertex 54.8609 31.1831 5
    endloop
  endfacet
  facet normal -0 0 1
    outer loop
      vertex 53.7968 39.0822 5
      vertex 55.0681 37.0339 5
      vertex 54.7509 39.0822 5
    endloop
  endfacet
  facet normal 0 0 1
    outer loop
      vertex 55.0681 37.0339 5
      vertex 53.7968 39.0822 5
      vertex 54.6401 36.7702 5
    endloop
  endfacet
  facet normal 0 0 1
    outer loop
      vertex 54.6401 36.7702 5
      vertex 53.7968 39.0822 5
      vertex 54.3039 36.4173 5
    endloop
  endfacet
  facet normal -0 0 1
    outer loop
      vertex 51.0246 39.0822 5
      vertex 54.3039 36.4173 5
      vertex 53.7968 39.0822 5
    endloop
  endfacet
  facet normal 0 0 1
    outer loop
      vertex 54.0942 31.4155 5
      vertex 52.6075 31.4965 5
      vertex 53.921 31.0597 5
    endloop
  endfacet
  facet normal 0 0 1
    outer loop
      vertex 51.0246 39.0822 5
      vertex 53.7968 39.0822 5
      vertex 52.4154 41.1898 5
    endloop
  endfacet
  facet normal 0 0 1
    outer loop
      vertex 54.3039 36.4173 5
      vertex 51.0246 39.0822 5
      vertex 54.0768 35.9917 5
    endloop
  endfacet
  facet normal 0 0 1
    outer loop
      vertex 57.7498 40.8006 5
      vertex 52.8996 41.7309 5
      vertex 54.7509 39.0822 5
    endloop
  endfacet
  facet normal 0 0 1
    outer loop
      vertex 56.5022 36.5086 5
      vertex 57.3672 35.3841 5
      vertex 57.3314 35.7238 5
    endloop
  endfacet
  facet normal 0 0 1
    outer loop
      vertex 56.1473 36.5424 5
      vertex 57.3672 35.3841 5
      vertex 56.5022 36.5086 5
    endloop
  endfacet
  facet normal 0 0 1
    outer loop
      vertex 56.8013 36.4074 5
      vertex 57.3314 35.7238 5
      vertex 57.2237 36.0086 5
    endloop
  endfacet
  facet normal 0 0 1
    outer loop
      vertex 57.3672 35.3841 5
      vertex 56.1473 36.5424 5
      vertex 57.3464 35.1215 5
    endloop
  endfacet
  facet normal 0 0 1
    outer loop
      vertex 56.8013 36.4074 5
      vertex 57.2237 36.0086 5
      vertex 57.0444 36.2386 5
    endloop
  endfacet
  facet normal 0 0 1
    outer loop
      vertex 57.3464 35.1215 5
      vertex 56.1473 36.5424 5
      vertex 57.2839 34.8778 5
    endloop
  endfacet
  facet normal 0 0 1
    outer loop
      vertex 57.2839 34.8778 5
      vertex 56.1473 36.5424 5
      vertex 57.1797 34.6531 5
    endloop
  endfacet
  facet normal 0 0 1
    outer loop
      vertex 57.3314 35.7238 5
      vertex 56.8013 36.4074 5
      vertex 56.5022 36.5086 5
    endloop
  endfacet
  facet normal -0 0 1
    outer loop
      vertex 54.8324 35.4126 5
      vertex 57.1797 34.6531 5
      vertex 56.1473 36.5424 5
    endloop
  endfacet
  facet normal 0 0 1
    outer loop
      vertex 57.1797 34.6531 5
      vertex 54.8324 35.4126 5
      vertex 57.0418 34.4411 5
    endloop
  endfacet
  facet normal 0 0 1
    outer loop
      vertex 57.0418 34.4411 5
      vertex 54.8324 35.4126 5
      vertex 56.878 34.2354 5
    endloop
  endfacet
  facet normal 0 0 1
    outer loop
      vertex 56.878 34.2354 5
      vertex 54.8324 35.4126 5
      vertex 56.6884 34.036 5
    endloop
  endfacet
  facet normal 0 0 1
    outer loop
      vertex 56.6884 34.036 5
      vertex 54.8324 35.4126 5
      vertex 56.4777 33.8398 5
    endloop
  endfacet
  facet normal 0 0 1
    outer loop
      vertex 56.4777 33.8398 5
      vertex 54.8324 35.4126 5
      vertex 56.2506 33.6436 5
    endloop
  endfacet
  facet normal 0 0 1
    outer loop
      vertex 54.8324 35.4126 5
      vertex 56.1473 36.5424 5
      vertex 55.8047 36.5094 5
    endloop
  endfacet
  facet normal 0 0 1
    outer loop
      vertex 56.2506 33.6436 5
      vertex 54.8324 35.4126 5
      vertex 56.0072 33.4474 5
    endloop
  endfacet
  facet normal 0 0 1
    outer loop
      vertex 54.9059 35.7436 5
      vertex 55.8047 36.5094 5
      vertex 55.5048 36.4105 5
    endloop
  endfacet
  facet normal 0 0 1
    outer loop
      vertex 56.0072 33.4474 5
      vertex 54.8324 35.4126 5
      vertex 55.7548 33.2457 5
    endloop
  endfacet
  facet normal 0 0 1
    outer loop
      vertex 54.9059 35.7436 5
      vertex 55.5048 36.4105 5
      vertex 55.2477 36.2457 5
    endloop
  endfacet
  facet normal 0 0 1
    outer loop
      vertex 55.7548 33.2457 5
      vertex 54.8324 35.4126 5
      vertex 55.5009 33.0329 5
    endloop
  endfacet
  facet normal 0 0 1
    outer loop
      vertex 54.9059 35.7436 5
      vertex 55.2477 36.2457 5
      vertex 55.0444 36.0212 5
    endloop
  endfacet
  facet normal 0 0 1
    outer loop
      vertex 55.5009 33.0329 5
      vertex 54.8324 35.4126 5
      vertex 55.2453 32.809 5
    endloop
  endfacet
  facet normal 0 0 1
    outer loop
      vertex 55.8047 36.5094 5
      vertex 54.9059 35.7436 5
      vertex 54.8324 35.4126 5
    endloop
  endfacet
  facet normal 0 0 1
    outer loop
      vertex 53.9589 35.4933 5
      vertex 55.2453 32.809 5
      vertex 54.8324 35.4126 5
    endloop
  endfacet
  facet normal 0 0 1
    outer loop
      vertex 55.2453 32.809 5
      vertex 53.9589 35.4933 5
      vertex 54.993 32.5706 5
    endloop
  endfacet
  facet normal 0 0 1
    outer loop
      vertex 54.993 32.5706 5
      vertex 53.9589 35.4933 5
      vertex 54.7485 32.3142 5
    endloop
  endfacet
  facet normal 0 0 1
    outer loop
      vertex 52.6075 31.4965 5
      vertex 54.7485 32.3142 5
      vertex 53.9589 35.4933 5
    endloop
  endfacet
  facet normal 0 0 1
    outer loop
      vertex 54.7485 32.3142 5
      vertex 52.6075 31.4965 5
      vertex 54.5119 32.0399 5
    endloop
  endfacet
  facet normal 0 0 1
    outer loop
      vertex 54.5119 32.0399 5
      vertex 52.6075 31.4965 5
      vertex 54.2912 31.7422 5
    endloop
  endfacet
  facet normal 0 0 1
    outer loop
      vertex 54.2912 31.7422 5
      vertex 52.6075 31.4965 5
      vertex 54.0942 31.4155 5
    endloop
  endfacet
  facet normal 0 0 1
    outer loop
      vertex 60.4231 45.1332 5
      vertex 61.2957 44.0094 5
      vertex 61.2607 44.342 5
    endloop
  endfacet
  facet normal 0 0 1
    outer loop
      vertex 60.4231 45.1332 5
      vertex 61.2607 44.342 5
      vertex 61.1554 44.6244 5
    endloop
  endfacet
  facet normal 0 0 1
    outer loop
      vertex 61.2957 44.0094 5
      vertex 60.4231 45.1332 5
      vertex 60.6159 42.992 5
    endloop
  endfacet
  facet normal 0 0 1
    outer loop
      vertex 60.7356 45.0295 5
      vertex 61.1554 44.6244 5
      vertex 60.98 44.8568 5
    endloop
  endfacet
  facet normal 0 0 1
    outer loop
      vertex 61.2957 44.0094 5
      vertex 60.6159 42.992 5
      vertex 61.2528 43.6748 5
    endloop
  endfacet
  facet normal 0 0 1
    outer loop
      vertex 61.1554 44.6244 5
      vertex 60.7356 45.0295 5
      vertex 60.4231 45.1332 5
    endloop
  endfacet
  facet normal 0 0 1
    outer loop
      vertex 61.2528 43.6748 5
      vertex 60.9088 43.1621 5
      vertex 61.1238 43.3924 5
    endloop
  endfacet
  facet normal 0 0 1
    outer loop
      vertex 61.2528 43.6748 5
      vertex 60.6159 42.992 5
      vertex 60.9088 43.1621 5
    endloop
  endfacet
  facet normal 0 0 1
    outer loop
      vertex 60.4231 45.1332 5
      vertex 60.2528 42.89 5
      vertex 60.6159 42.992 5
    endloop
  endfacet
  facet normal 0 0 1
    outer loop
      vertex 60.0426 45.1677 5
      vertex 60.2528 42.89 5
      vertex 60.4231 45.1332 5
    endloop
  endfacet
  facet normal -0 0 1
    outer loop
      vertex 59.69 45.1355 5
      vertex 60.2528 42.89 5
      vertex 60.0426 45.1677 5
    endloop
  endfacet
  facet normal 0 0 1
    outer loop
      vertex 60.2528 42.89 5
      vertex 59.69 45.1355 5
      vertex 59.8195 42.8559 5
    endloop
  endfacet
  facet normal -0 0 1
    outer loop
      vertex 59.3854 45.039 5
      vertex 59.8195 42.8559 5
      vertex 59.69 45.1355 5
    endloop
  endfacet
  facet normal -0 0 1
    outer loop
      vertex 58.723 44.0616 5
      vertex 59.8195 42.8559 5
      vertex 59.3854 45.039 5
    endloop
  endfacet
  facet normal 0 0 1
    outer loop
      vertex 59.8195 42.8559 5
      vertex 58.723 44.0616 5
      vertex 59.3543 42.8559 5
    endloop
  endfacet
  facet normal 0 0 1
    outer loop
      vertex 58.723 44.0616 5
      vertex 59.3854 45.039 5
      vertex 59.1288 44.8781 5
    endloop
  endfacet
  facet normal 0 0 1
    outer loop
      vertex 61.0513 41.8093 5
      vertex 61.4714 40.9572 5
      vertex 61.4247 41.2945 5
    endloop
  endfacet
  facet normal 0 0 1
    outer loop
      vertex 61.4714 40.9572 5
      vertex 60.7298 41.9793 5
      vertex 61.4305 40.5738 5
    endloop
  endfacet
  facet normal 0 0 1
    outer loop
      vertex 61.0513 41.8093 5
      vertex 61.4247 41.2945 5
      vertex 61.2847 41.5785 5
    endloop
  endfacet
  facet normal 0 0 1
    outer loop
      vertex 61.4714 40.9572 5
      vertex 61.0513 41.8093 5
      vertex 60.7298 41.9793 5
    endloop
  endfacet
  facet normal 0 0 1
    outer loop
      vertex 60.4896 39.7299 5
      vertex 61.4305 40.5738 5
      vertex 60.7298 41.9793 5
    endloop
  endfacet
  facet normal 0 0 1
    outer loop
      vertex 61.3078 40.2589 5
      vertex 60.8274 39.8359 5
      vertex 61.1034 40.0126 5
    endloop
  endfacet
  facet normal 0 0 1
    outer loop
      vertex 61.4305 40.5738 5
      vertex 60.8274 39.8359 5
      vertex 61.3078 40.2589 5
    endloop
  endfacet
  facet normal 0 0 1
    outer loop
      vertex 61.4305 40.5738 5
      vertex 60.4896 39.7299 5
      vertex 60.8274 39.8359 5
    endloop
  endfacet
  facet normal 0 0 1
    outer loop
      vertex 60.3256 42.0814 5
      vertex 60.4896 39.7299 5
      vertex 60.7298 41.9793 5
    endloop
  endfacet
  facet normal 0 0 1
    outer loop
      vertex 60.3256 42.0814 5
      vertex 60.0901 39.6946 5
      vertex 60.4896 39.7299 5
    endloop
  endfacet
  facet normal 0 0 1
    outer loop
      vertex 59.8385 42.1154 5
      vertex 60.0901 39.6946 5
      vertex 60.3256 42.0814 5
    endloop
  endfacet
  facet normal 0 0 1
    outer loop
      vertex 59.8385 42.1154 5
      vertex 59.3564 39.8264 5
      vertex 60.0901 39.6946 5
    endloop
  endfacet
  facet normal 0 0 1
    outer loop
      vertex 58.6328 40.8813 5
      vertex 59.8385 42.1154 5
      vertex 59.3543 42.1154 5
    endloop
  endfacet
  facet normal 0 0 1
    outer loop
      vertex 57.8638 44.1281 5
      vertex 59.3543 42.8559 5
      vertex 58.723 44.0616 5
    endloop
  endfacet
  facet normal 0 0 1
    outer loop
      vertex 58.7934 44.3866 5
      vertex 59.1288 44.8781 5
      vertex 58.9287 44.6587 5
    endloop
  endfacet
  facet normal 0 0 1
    outer loop
      vertex 59.3543 42.8559 5
      vertex 57.8638 44.1281 5
      vertex 59.3543 42.1154 5
    endloop
  endfacet
  facet normal 0 0 1
    outer loop
      vertex 59.1288 44.8781 5
      vertex 58.7934 44.3866 5
      vertex 58.723 44.0616 5
    endloop
  endfacet
  facet normal 0 -0 1
    outer loop
      vertex 58.8707 40.222 5
      vertex 59.8385 42.1154 5
      vertex 58.6328 40.8813 5
    endloop
  endfacet
  facet normal 0 0 1
    outer loop
      vertex 59.8385 42.1154 5
      vertex 58.8707 40.222 5
      vertex 59.3564 39.8264 5
    endloop
  endfacet
  facet normal 0 0 1
    outer loop
      vertex 57.7498 40.8006 5
      vertex 59.3543 42.1154 5
      vertex 57.8638 44.1281 5
    endloop
  endfacet
  facet normal 0 0 1
    outer loop
      vertex 59.3543 42.1154 5
      vertex 57.7498 40.8006 5
      vertex 58.6328 40.8813 5
    endloop
  endfacet
  facet normal 0 0 1
    outer loop
      vertex 67.3045 34.4964 5
      vertex 63.6767 34.8467 5
      vertex 63.7392 33.8034 5
    endloop
  endfacet
  facet normal 0 0 1
    outer loop
      vertex 64.9194 43.6677 5
      vertex 63.4892 35.7043 5
      vertex 63.6767 34.8467 5
    endloop
  endfacet
  facet normal 0 0 1
    outer loop
      vertex 64.9194 43.6677 5
      vertex 63.1767 36.3762 5
      vertex 63.4892 35.7043 5
    endloop
  endfacet
  facet normal 0 0 1
    outer loop
      vertex 62.1734 41.6861 5
      vertex 63.8418 43.6677 5
      vertex 63.1726 43.6677 5
    endloop
  endfacet
  facet normal -0 0 1
    outer loop
      vertex 62.112 44.6157 5
      vertex 63.1726 43.6677 5
      vertex 63.0729 45.7705 5
    endloop
  endfacet
  facet normal 0 0 1
    outer loop
      vertex 64.9194 43.6677 5
      vertex 62.359 40.9287 5
      vertex 62.2936 40.3581 5
    endloop
  endfacet
  facet normal -0 0 1
    outer loop
      vertex 63.6767 34.8467 5
      vertex 67.3045 34.4964 5
      vertex 67.3013 35.017 5
    endloop
  endfacet
  facet normal 0 0 1
    outer loop
      vertex 68.2955 34.2939 5
      vertex 70.276 33.7132 5
      vertex 70.2534 34.1589 5
    endloop
  endfacet
  facet normal 0 0 1
    outer loop
      vertex 71.2592 34.2971 5
      vertex 73.2429 33.7132 5
      vertex 73.2202 34.1589 5
    endloop
  endfacet
  facet normal 0 0 1
    outer loop
      vertex 63.1767 36.3762 5
      vertex 62.2936 40.3581 5
      vertex 62.7329 36.8588 5
    endloop
  endfacet
  facet normal -0 0 1
    outer loop
      vertex 62.0974 39.8802 5
      vertex 62.7329 36.8588 5
      vertex 62.2936 40.3581 5
    endloop
  endfacet
  facet normal -0 0 1
    outer loop
      vertex 61.7704 39.4952 5
      vertex 62.7329 36.8588 5
      vertex 62.0974 39.8802 5
    endloop
  endfacet
  facet normal 0 0 1
    outer loop
      vertex 62.7329 36.8588 5
      vertex 61.7704 39.4952 5
      vertex 62.1514 37.1484 5
    endloop
  endfacet
  facet normal -0 0 1
    outer loop
      vertex 61.3221 39.213 5
      vertex 62.1514 37.1484 5
      vertex 61.7704 39.4952 5
    endloop
  endfacet
  facet normal 0 0 1
    outer loop
      vertex 62.1514 37.1484 5
      vertex 61.3221 39.213 5
      vertex 61.4323 37.2449 5
    endloop
  endfacet
  facet normal -0 0 1
    outer loop
      vertex 60.762 39.0437 5
      vertex 61.4323 37.2449 5
      vertex 61.3221 39.213 5
    endloop
  endfacet
  facet normal 0 0 1
    outer loop
      vertex 60.762 39.0437 5
      vertex 60.6947 37.1494 5
      vertex 61.4323 37.2449 5
    endloop
  endfacet
  facet normal -0 0 1
    outer loop
      vertex 60.0901 38.9873 5
      vertex 60.6947 37.1494 5
      vertex 60.762 39.0437 5
    endloop
  endfacet
  facet normal 0 0 1
    outer loop
      vertex 60.6947 37.1494 5
      vertex 60.0901 38.9873 5
      vertex 60.1021 36.863 5
    endloop
  endfacet
  facet normal 0 0 1
    outer loop
      vertex 59.4585 39.0382 5
      vertex 60.1021 36.863 5
      vertex 60.0901 38.9873 5
    endloop
  endfacet
  facet normal 0 0 1
    outer loop
      vertex 60.1021 36.863 5
      vertex 59.4585 39.0382 5
      vertex 59.6546 36.3857 5
    endloop
  endfacet
  facet normal 0 0 1
    outer loop
      vertex 58.9181 39.1909 5
      vertex 59.6546 36.3857 5
      vertex 59.4585 39.0382 5
    endloop
  endfacet
  facet normal 0 0 1
    outer loop
      vertex 57.2876 37.0329 5
      vertex 58.9181 39.1909 5
      vertex 58.469 39.4454 5
    endloop
  endfacet
  facet normal 0 0 1
    outer loop
      vertex 59.6546 36.3857 5
      vertex 58.2454 35.4126 5
      vertex 59.3421 35.7169 5
    endloop
  endfacet
  facet normal 0 0 1
    outer loop
      vertex 58.9181 39.1909 5
      vertex 58.2454 35.4126 5
      vertex 59.6546 36.3857 5
    endloop
  endfacet
  facet normal 0 0 1
    outer loop
      vertex 62.0147 43.3517 5
      vertex 63.1726 43.6677 5
      vertex 62.1341 43.699 5
    endloop
  endfacet
  facet normal 0 0 1
    outer loop
      vertex 63.8418 43.6677 5
      vertex 62.1734 41.6861 5
      vertex 62.3126 41.3317 5
    endloop
  endfacet
  facet normal 0 0 1
    outer loop
      vertex 61.9413 41.992 5
      vertex 63.1726 43.6677 5
      vertex 62.0147 43.3517 5
    endloop
  endfacet
  facet normal 0 0 1
    outer loop
      vertex 63.1726 43.6677 5
      vertex 61.9413 41.992 5
      vertex 62.1734 41.6861 5
    endloop
  endfacet
  facet normal -0 0 1
    outer loop
      vertex 61.8156 43.0577 5
      vertex 61.9413 41.992 5
      vertex 62.0147 43.3517 5
    endloop
  endfacet
  facet normal 0 0 1
    outer loop
      vertex 61.8156 43.0577 5
      vertex 61.6259 42.2357 5
      vertex 61.9413 41.992 5
    endloop
  endfacet
  facet normal -0 0 1
    outer loop
      vertex 61.5405 42.819 5
      vertex 61.6259 42.2357 5
      vertex 61.8156 43.0577 5
    endloop
  endfacet
  facet normal 0 0 1
    outer loop
      vertex 61.5405 42.819 5
      vertex 61.2367 42.4034 5
      vertex 61.6259 42.2357 5
    endloop
  endfacet
  facet normal -0 0 1
    outer loop
      vertex 61.1932 42.6378 5
      vertex 61.2367 42.4034 5
      vertex 61.5405 42.819 5
    endloop
  endfacet
  facet normal 0 0 1
    outer loop
      vertex 60.7736 42.4952 5
      vertex 61.1932 42.6378 5
      vertex 60.7736 42.5141 5
    endloop
  endfacet
  facet normal 0 0 1
    outer loop
      vertex 61.1932 42.6378 5
      vertex 60.7736 42.4952 5
      vertex 61.2367 42.4034 5
    endloop
  endfacet
  facet normal 0 0 1
    outer loop
      vertex 74.0878 33.8794 5
      vertex 75.2134 34.4964 5
      vertex 75.2102 35.017 5
    endloop
  endfacet
  facet normal 0 0 1
    outer loop
      vertex 76.2045 34.2939 5
      vertex 78.185 33.7132 5
      vertex 78.1623 34.1589 5
    endloop
  endfacet
  facet normal 0 0 1
    outer loop
      vertex 79.1681 34.2971 5
      vertex 81.1518 33.7132 5
      vertex 81.1291 34.1589 5
    endloop
  endfacet
  facet normal 0 0 1
    outer loop
      vertex 88.9 76.2 5
      vertex 81.9967 33.8794 5
      vertex 88.9 0 5
    endloop
  endfacet
  facet normal 0 0 1
    outer loop
      vertex 88.9 76.2 5
      vertex 81.9574 34.4617 5
      vertex 81.9967 33.8794 5
    endloop
  endfacet
  facet normal 0 0 1
    outer loop
      vertex 88.9 76.2 5
      vertex 81.8395 34.9237 5
      vertex 81.9574 34.4617 5
    endloop
  endfacet
  facet normal 0 0 1
    outer loop
      vertex 88.9 76.2 5
      vertex 81.643 35.2654 5
      vertex 81.8395 34.9237 5
    endloop
  endfacet
  facet normal 0 0 1
    outer loop
      vertex 88.9 76.2 5
      vertex 81.3601 35.5001 5
      vertex 81.643 35.2654 5
    endloop
  endfacet
  facet normal 0 0 1
    outer loop
      vertex 88.9 76.2 5
      vertex 80.9827 35.641 5
      vertex 81.3601 35.5001 5
    endloop
  endfacet
  facet normal -0 0 1
    outer loop
      vertex 65.6979 45.7705 5
      vertex 80.9827 35.641 5
      vertex 88.9 76.2 5
    endloop
  endfacet
  facet normal 0 0 1
    outer loop
      vertex 80.9827 35.641 5
      vertex 65.6979 45.7705 5
      vertex 80.5109 35.6879 5
    endloop
  endfacet
  facet normal 0 0 1
    outer loop
      vertex 80.5109 35.6879 5
      vertex 65.6979 45.7705 5
      vertex 80.171 35.6626 5
    endloop
  endfacet
  facet normal 0 -0 1
    outer loop
      vertex 77.9062 35.6621 5
      vertex 80.171 35.6626 5
      vertex 65.6979 45.7705 5
    endloop
  endfacet
  facet normal 0 0 1
    outer loop
      vertex 80.171 35.6626 5
      vertex 77.9062 35.6621 5
      vertex 79.8664 35.5866 5
    endloop
  endfacet
  facet normal 0 -0 1
    outer loop
      vertex 78.4673 35.4553 5
      vertex 79.5971 35.46 5
      vertex 78.2139 35.5845 5
    endloop
  endfacet
  facet normal 0 -0 1
    outer loop
      vertex 78.6707 35.2697 5
      vertex 79.358 35.276 5
      vertex 78.4673 35.4553 5
    endloop
  endfacet
  facet normal 0 0 1
    outer loop
      vertex 79.1436 35.0276 5
      vertex 78.8281 35.0228 5
      vertex 78.954 34.7148 5
    endloop
  endfacet
  facet normal 0 0 1
    outer loop
      vertex 78.954 34.7148 5
      vertex 78.8281 35.0228 5
      vertex 78.9397 34.7148 5
    endloop
  endfacet
  facet normal 0 0 1
    outer loop
      vertex 79.1436 35.0276 5
      vertex 78.6707 35.2697 5
      vertex 78.8281 35.0228 5
    endloop
  endfacet
  facet normal 0 0 1
    outer loop
      vertex 79.358 35.276 5
      vertex 78.6707 35.2697 5
      vertex 79.1436 35.0276 5
    endloop
  endfacet
  facet normal 0 0 1
    outer loop
      vertex 79.5971 35.46 5
      vertex 78.4673 35.4553 5
      vertex 79.358 35.276 5
    endloop
  endfacet
  facet normal 0 -0 1
    outer loop
      vertex 78.2139 35.5845 5
      vertex 79.8664 35.5866 5
      vertex 77.9062 35.6621 5
    endloop
  endfacet
  facet normal 0 0 1
    outer loop
      vertex 79.8664 35.5866 5
      vertex 78.2139 35.5845 5
      vertex 79.5971 35.46 5
    endloop
  endfacet
  facet normal 0 0 1
    outer loop
      vertex 77.9062 35.6621 5
      vertex 65.6979 45.7705 5
      vertex 77.5441 35.6879 5
    endloop
  endfacet
  facet normal 0 0 1
    outer loop
      vertex 77.5441 35.6879 5
      vertex 65.6979 45.7705 5
      vertex 77.2198 35.6642 5
    endloop
  endfacet
  facet normal 0 -0 1
    outer loop
      vertex 75.9919 35.593 5
      vertex 77.2198 35.6642 5
      vertex 65.6979 45.7705 5
    endloop
  endfacet
  facet normal 0 0 1
    outer loop
      vertex 77.2198 35.6642 5
      vertex 75.9919 35.593 5
      vertex 76.9302 35.5929 5
    endloop
  endfacet
  facet normal 0 0 1
    outer loop
      vertex 76.6755 35.4743 5
      vertex 75.9919 35.593 5
      vertex 76.4471 35.295 5
    endloop
  endfacet
  facet normal -0 -0 1
    outer loop
      vertex 75.9951 35.5682 5
      vertex 76.4471 35.295 5
      vertex 75.9919 35.593 5
    endloop
  endfacet
  facet normal -0 -0 1
    outer loop
      vertex 76.0183 35.1083 5
      vertex 76.2367 35.0418 5
      vertex 76.0133 35.2251 5
    endloop
  endfacet
  facet normal 0 0 1
    outer loop
      vertex 76.0441 34.7148 5
      vertex 76.0238 34.9382 5
      vertex 76.0299 34.7148 5
    endloop
  endfacet
  facet normal 0 0 1
    outer loop
      vertex 76.2367 35.0418 5
      vertex 76.0238 34.9382 5
      vertex 76.0441 34.7148 5
    endloop
  endfacet
  facet normal 0 -0 1
    outer loop
      vertex 76.0238 34.9382 5
      vertex 76.2367 35.0418 5
      vertex 76.0183 35.1083 5
    endloop
  endfacet
  facet normal 0 0 1
    outer loop
      vertex 76.4471 35.295 5
      vertex 76.0133 35.2251 5
      vertex 76.2367 35.0418 5
    endloop
  endfacet
  facet normal 0 -0 1
    outer loop
      vertex 76.0133 35.2251 5
      vertex 76.4471 35.295 5
      vertex 76.0088 35.3118 5
    endloop
  endfacet
  facet normal -0 -0 1
    outer loop
      vertex 76.0088 35.3118 5
      vertex 76.4471 35.295 5
      vertex 76.0048 35.3917 5
    endloop
  endfacet
  facet normal -0 -0 1
    outer loop
      vertex 76.0048 35.3917 5
      vertex 76.4471 35.295 5
      vertex 76.0014 35.4648 5
    endloop
  endfacet
  facet normal -0 -0 1
    outer loop
      vertex 76.0014 35.4648 5
      vertex 76.4471 35.295 5
      vertex 75.9982 35.5255 5
    endloop
  endfacet
  facet normal -0 -0 1
    outer loop
      vertex 75.9982 35.5255 5
      vertex 76.4471 35.295 5
      vertex 75.9951 35.5682 5
    endloop
  endfacet
  facet normal 0 0 1
    outer loop
      vertex 76.9302 35.5929 5
      vertex 75.9919 35.593 5
      vertex 76.6755 35.4743 5
    endloop
  endfacet
  facet normal 0 0 1
    outer loop
      vertex 75.9919 35.593 5
      vertex 65.6979 45.7705 5
      vertex 75.185 35.593 5
    endloop
  endfacet
  facet normal 0 0 1
    outer loop
      vertex 75.185 35.593 5
      vertex 74.0485 34.4617 5
      vertex 74.0878 33.8794 5
    endloop
  endfacet
  facet normal 0 0 1
    outer loop
      vertex 75.185 35.593 5
      vertex 73.9306 34.9237 5
      vertex 74.0485 34.4617 5
    endloop
  endfacet
  facet normal 0 0 1
    outer loop
      vertex 75.185 35.593 5
      vertex 73.7341 35.2654 5
      vertex 73.9306 34.9237 5
    endloop
  endfacet
  facet normal 0 0 1
    outer loop
      vertex 75.185 35.593 5
      vertex 73.4512 35.5001 5
      vertex 73.7341 35.2654 5
    endloop
  endfacet
  facet normal -0 -0 1
    outer loop
      vertex 73.0738 35.641 5
      vertex 75.185 35.593 5
      vertex 65.6979 45.7705 5
    endloop
  endfacet
  facet normal 0 0 1
    outer loop
      vertex 75.185 35.593 5
      vertex 73.0738 35.641 5
      vertex 73.4512 35.5001 5
    endloop
  endfacet
  facet normal -0 0 1
    outer loop
      vertex 65.5934 43.6677 5
      vertex 73.0738 35.641 5
      vertex 65.6979 45.7705 5
    endloop
  endfacet
  facet normal 0 0 1
    outer loop
      vertex 73.0738 35.641 5
      vertex 65.5934 43.6677 5
      vertex 72.602 35.6879 5
    endloop
  endfacet
  facet normal 0 0 1
    outer loop
      vertex 72.602 35.6879 5
      vertex 65.5934 43.6677 5
      vertex 72.2621 35.6626 5
    endloop
  endfacet
  facet normal 0 -0 1
    outer loop
      vertex 69.9973 35.6621 5
      vertex 72.2621 35.6626 5
      vertex 65.5934 43.6677 5
    endloop
  endfacet
  facet normal 0 0 1
    outer loop
      vertex 72.2621 35.6626 5
      vertex 69.9973 35.6621 5
      vertex 71.9575 35.5866 5
    endloop
  endfacet
  facet normal 0 -0 1
    outer loop
      vertex 70.305 35.5845 5
      vertex 71.9575 35.5866 5
      vertex 69.9973 35.6621 5
    endloop
  endfacet
  facet normal 0 0 1
    outer loop
      vertex 71.2347 35.0276 5
      vertex 70.9192 35.0228 5
      vertex 71.0451 34.7148 5
    endloop
  endfacet
  facet normal 0 0 1
    outer loop
      vertex 71.0451 34.7148 5
      vertex 70.9192 35.0228 5
      vertex 71.0308 34.7148 5
    endloop
  endfacet
  facet normal 0 0 1
    outer loop
      vertex 71.2347 35.0276 5
      vertex 70.7618 35.2697 5
      vertex 70.9192 35.0228 5
    endloop
  endfacet
  facet normal 0 -0 1
    outer loop
      vertex 70.7618 35.2697 5
      vertex 71.4491 35.276 5
      vertex 70.5584 35.4553 5
    endloop
  endfacet
  facet normal 0 0 1
    outer loop
      vertex 71.4491 35.276 5
      vertex 70.7618 35.2697 5
      vertex 71.2347 35.0276 5
    endloop
  endfacet
  facet normal 0 -0 1
    outer loop
      vertex 70.5584 35.4553 5
      vertex 71.6882 35.46 5
      vertex 70.305 35.5845 5
    endloop
  endfacet
  facet normal 0 0 1
    outer loop
      vertex 71.6882 35.46 5
      vertex 70.5584 35.4553 5
      vertex 71.4491 35.276 5
    endloop
  endfacet
  facet normal 0 0 1
    outer loop
      vertex 71.9575 35.5866 5
      vertex 70.305 35.5845 5
      vertex 71.6882 35.46 5
    endloop
  endfacet
  facet normal 0 0 1
    outer loop
      vertex 69.9973 35.6621 5
      vertex 65.5934 43.6677 5
      vertex 69.6352 35.6879 5
    endloop
  endfacet
  facet normal 0 0 1
    outer loop
      vertex 69.6352 35.6879 5
      vertex 65.5934 43.6677 5
      vertex 69.3109 35.6642 5
    endloop
  endfacet
  facet normal 0 -0 1
    outer loop
      vertex 68.083 35.593 5
      vertex 69.3109 35.6642 5
      vertex 65.5934 43.6677 5
    endloop
  endfacet
  facet normal 0 0 1
    outer loop
      vertex 69.3109 35.6642 5
      vertex 68.083 35.593 5
      vertex 69.0213 35.5929 5
    endloop
  endfacet
  facet normal -0 -0 1
    outer loop
      vertex 68.0862 35.5682 5
      vertex 68.5382 35.295 5
      vertex 68.083 35.593 5
    endloop
  endfacet
  facet normal -0 -0 1
    outer loop
      vertex 68.1094 35.1083 5
      vertex 68.3277 35.0418 5
      vertex 68.1044 35.2251 5
    endloop
  endfacet
  facet normal 0 0 1
    outer loop
      vertex 68.1352 34.7148 5
      vertex 68.1149 34.9382 5
      vertex 68.121 34.7148 5
    endloop
  endfacet
  facet normal 0 0 1
    outer loop
      vertex 68.3277 35.0418 5
      vertex 68.1149 34.9382 5
      vertex 68.1352 34.7148 5
    endloop
  endfacet
  facet normal 0 -0 1
    outer loop
      vertex 68.1149 34.9382 5
      vertex 68.3277 35.0418 5
      vertex 68.1094 35.1083 5
    endloop
  endfacet
  facet normal 0 0 1
    outer loop
      vertex 68.5382 35.295 5
      vertex 68.1044 35.2251 5
      vertex 68.3277 35.0418 5
    endloop
  endfacet
  facet normal 0 -0 1
    outer loop
      vertex 68.1044 35.2251 5
      vertex 68.5382 35.295 5
      vertex 68.0999 35.3118 5
    endloop
  endfacet
  facet normal -0 -0 1
    outer loop
      vertex 68.0999 35.3118 5
      vertex 68.5382 35.295 5
      vertex 68.0959 35.3917 5
    endloop
  endfacet
  facet normal -0 -0 1
    outer loop
      vertex 68.0959 35.3917 5
      vertex 68.5382 35.295 5
      vertex 68.0925 35.4648 5
    endloop
  endfacet
  facet normal -0 -0 1
    outer loop
      vertex 68.0925 35.4648 5
      vertex 68.5382 35.295 5
      vertex 68.0893 35.5255 5
    endloop
  endfacet
  facet normal -0 -0 1
    outer loop
      vertex 68.0893 35.5255 5
      vertex 68.5382 35.295 5
      vertex 68.0862 35.5682 5
    endloop
  endfacet
  facet normal 0 0 1
    outer loop
      vertex 69.0213 35.5929 5
      vertex 68.083 35.593 5
      vertex 68.7666 35.4743 5
    endloop
  endfacet
  facet normal 0 0 1
    outer loop
      vertex 68.7666 35.4743 5
      vertex 68.083 35.593 5
      vertex 68.5382 35.295 5
    endloop
  endfacet
  facet normal 0 0 1
    outer loop
      vertex 88.9 76.2 5
      vertex 64.8245 45.7705 5
      vertex 65.6979 45.7705 5
    endloop
  endfacet
  facet normal 0 0 1
    outer loop
      vertex 88.9 76.2 5
      vertex 63.9463 45.7705 5
      vertex 64.8245 45.7705 5
    endloop
  endfacet
  facet normal 0 0 1
    outer loop
      vertex 88.9 76.2 5
      vertex 63.0729 45.7705 5
      vertex 63.9463 45.7705 5
    endloop
  endfacet
  facet normal 0 0 1
    outer loop
      vertex 64.9194 43.6677 5
      vertex 62.2936 40.3581 5
      vertex 63.1767 36.3762 5
    endloop
  endfacet
  facet normal 0 0 1
    outer loop
      vertex 64.9194 43.6677 5
      vertex 62.3126 41.3317 5
      vertex 62.359 40.9287 5
    endloop
  endfacet
  facet normal 0 0 1
    outer loop
      vertex 63.1726 43.6677 5
      vertex 62.174 44.0996 5
      vertex 62.1341 43.699 5
    endloop
  endfacet
  facet normal 0 0 1
    outer loop
      vertex 63.1726 43.6677 5
      vertex 62.112 44.6157 5
      vertex 62.174 44.0996 5
    endloop
  endfacet
  facet normal 0 0 1
    outer loop
      vertex 63.0729 45.7705 5
      vertex 61.9261 45.0501 5
      vertex 62.112 44.6157 5
    endloop
  endfacet
  facet normal -0 0 1
    outer loop
      vertex 60.6731 45.8183 5
      vertex 63.0729 45.7705 5
      vertex 88.9 76.2 5
    endloop
  endfacet
  facet normal 0 0 1
    outer loop
      vertex 63.0729 45.7705 5
      vertex 61.6162 45.4026 5
      vertex 61.9261 45.0501 5
    endloop
  endfacet
  facet normal 0 0 1
    outer loop
      vertex 63.0729 45.7705 5
      vertex 61.1945 45.6624 5
      vertex 61.6162 45.4026 5
    endloop
  endfacet
  facet normal 0 0 1
    outer loop
      vertex 63.0729 45.7705 5
      vertex 60.6731 45.8183 5
      vertex 61.1945 45.6624 5
    endloop
  endfacet
  facet normal 0 0 1
    outer loop
      vertex 88.9 76.2 5
      vertex 60.0521 45.8702 5
      vertex 60.6731 45.8183 5
    endloop
  endfacet
  facet normal 0 0 1
    outer loop
      vertex 88.9 76.2 5
      vertex 59.4753 45.8191 5
      vertex 60.0521 45.8702 5
    endloop
  endfacet
  facet normal 0 0 1
    outer loop
      vertex 47.0243 45.7705 5
      vertex 59.4753 45.8191 5
      vertex 88.9 76.2 5
    endloop
  endfacet
  facet normal 0 0 1
    outer loop
      vertex 59.4753 45.8191 5
      vertex 47.0243 45.7705 5
      vertex 58.973 45.6656 5
    endloop
  endfacet
  facet normal 0 0 1
    outer loop
      vertex 58.9181 39.1909 5
      vertex 57.2876 37.0329 5
      vertex 57.7018 36.7679 5
    endloop
  endfacet
  facet normal 0 0 1
    outer loop
      vertex 54.6417 44.2183 5
      vertex 57.7498 40.8006 5
      vertex 57.8638 44.1281 5
    endloop
  endfacet
  facet normal 0 0 1
    outer loop
      vertex 58.469 39.4454 5
      vertex 56.7694 37.1919 5
      vertex 57.2876 37.0329 5
    endloop
  endfacet
  facet normal 0 0 1
    outer loop
      vertex 58.1201 39.7995 5
      vertex 54.7509 39.0822 5
      vertex 56.1473 37.2449 5
    endloop
  endfacet
  facet normal -0 0 1
    outer loop
      vertex 54.6417 44.2183 5
      vertex 57.8638 44.1281 5
      vertex 57.9816 44.6355 5
    endloop
  endfacet
  facet normal 0 0 1
    outer loop
      vertex 58.1201 39.7995 5
      vertex 56.1473 37.2449 5
      vertex 56.7694 37.1919 5
    endloop
  endfacet
  facet normal 0 0 1
    outer loop
      vertex 56.1473 37.2449 5
      vertex 54.7509 39.0822 5
      vertex 55.5705 37.1922 5
    endloop
  endfacet
  facet normal 0 0 1
    outer loop
      vertex 55.5705 37.1922 5
      vertex 54.7509 39.0822 5
      vertex 55.0681 37.0339 5
    endloop
  endfacet
  facet normal 0 0 1
    outer loop
      vertex 54.6417 44.2183 5
      vertex 57.9816 44.6355 5
      vertex 58.2087 45.0627 5
    endloop
  endfacet
  facet normal -0 0 1
    outer loop
      vertex 52.8996 41.7309 5
      vertex 57.7498 40.8006 5
      vertex 54.6417 44.2183 5
    endloop
  endfacet
  facet normal 0 0 1
    outer loop
      vertex 58.5449 45.4098 5
      vertex 54.6417 44.2183 5
      vertex 58.2087 45.0627 5
    endloop
  endfacet
  facet normal 0 -0 1
    outer loop
      vertex 53.6876 44.2183 5
      vertex 58.973 45.6656 5
      vertex 47.0243 45.7705 5
    endloop
  endfacet
  facet normal 0 0 1
    outer loop
      vertex 58.973 45.6656 5
      vertex 53.6876 44.2183 5
      vertex 58.5449 45.4098 5
    endloop
  endfacet
  facet normal 0 0 1
    outer loop
      vertex 53.6876 44.2183 5
      vertex 51.1338 44.2183 5
      vertex 52.4154 42.2199 5
    endloop
  endfacet
  facet normal 0 0 1
    outer loop
      vertex 58.5449 45.4098 5
      vertex 53.6876 44.2183 5
      vertex 54.6417 44.2183 5
    endloop
  endfacet
  facet normal 0 0 1
    outer loop
      vertex 53.6876 44.2183 5
      vertex 47.0243 45.7705 5
      vertex 51.1338 44.2183 5
    endloop
  endfacet
  facet normal 0 0 1
    outer loop
      vertex 46.9199 43.6677 5
      vertex 50.1891 44.2183 5
      vertex 47.0243 45.7705 5
    endloop
  endfacet
  facet normal 0 0 1
    outer loop
      vertex 50.1037 39.0822 5
      vertex 49.285 37.0935 5
      vertex 49.9211 36.6394 5
    endloop
  endfacet
  facet normal 0 0 1
    outer loop
      vertex 50.1037 39.0822 5
      vertex 48.4 37.2449 5
      vertex 49.285 37.0935 5
    endloop
  endfacet
  facet normal 0 0 1
    outer loop
      vertex 50.1037 39.0822 5
      vertex 47.6927 37.1415 5
      vertex 48.4 37.2449 5
    endloop
  endfacet
  facet normal 0 0 1
    outer loop
      vertex 50.1891 44.2183 5
      vertex 46.9199 43.6677 5
      vertex 50.1037 39.0822 5
    endloop
  endfacet
  facet normal 0 0 1
    outer loop
      vertex 50.1037 39.0822 5
      vertex 46.9199 43.6677 5
      vertex 47.6927 37.1415 5
    endloop
  endfacet
  facet normal 0 0 1
    outer loop
      vertex 51.1338 44.2183 5
      vertex 47.0243 45.7705 5
      vertex 50.1891 44.2183 5
    endloop
  endfacet
  facet normal 0 0 1
    outer loop
      vertex 88.9 76.2 5
      vertex 46.151 45.7705 5
      vertex 47.0243 45.7705 5
    endloop
  endfacet
  facet normal 0 0 1
    outer loop
      vertex 46.6294 36.3145 5
      vertex 45.1514 36.4522 5
      vertex 46.284 35.6046 5
    endloop
  endfacet
  facet normal 0 0 1
    outer loop
      vertex 45.1683 43.6677 5
      vertex 46.151 45.7705 5
      vertex 45.2727 45.7705 5
    endloop
  endfacet
  facet normal 0 0 1
    outer loop
      vertex 88.9 76.2 5
      vertex 45.2727 45.7705 5
      vertex 46.151 45.7705 5
    endloop
  endfacet
  facet normal 0 0 1
    outer loop
      vertex 88.9 76.2 5
      vertex 44.3994 45.7705 5
      vertex 45.2727 45.7705 5
    endloop
  endfacet
  facet normal 0 0 1
    outer loop
      vertex 44.499 43.6677 5
      vertex 43.5194 44.0379 5
      vertex 43.4996 43.779 5
    endloop
  endfacet
  facet normal 0 0 1
    outer loop
      vertex 44.499 43.6677 5
      vertex 43.459 44.5788 5
      vertex 43.5194 44.0379 5
    endloop
  endfacet
  facet normal 0 0 1
    outer loop
      vertex 44.3994 45.7705 5
      vertex 43.2778 45.0306 5
      vertex 43.459 44.5788 5
    endloop
  endfacet
  facet normal -0 0 1
    outer loop
      vertex 41.4213 45.8702 5
      vertex 44.3994 45.7705 5
      vertex 88.9 76.2 5
    endloop
  endfacet
  facet normal 0 0 1
    outer loop
      vertex 44.3994 45.7705 5
      vertex 42.9759 45.3932 5
      vertex 43.2778 45.0306 5
    endloop
  endfacet
  facet normal 0 0 1
    outer loop
      vertex 44.3994 45.7705 5
      vertex 42.5616 45.6582 5
      vertex 42.9759 45.3932 5
    endloop
  endfacet
  facet normal 0 0 1
    outer loop
      vertex 44.3994 45.7705 5
      vertex 42.0434 45.8172 5
      vertex 42.5616 45.6582 5
    endloop
  endfacet
  facet normal 0 0 1
    outer loop
      vertex 44.3994 45.7705 5
      vertex 41.4213 45.8702 5
      vertex 42.0434 45.8172 5
    endloop
  endfacet
  facet normal -0 0 1
    outer loop
      vertex 38.7692 46.1266 5
      vertex 41.4213 45.8702 5
      vertex 88.9 76.2 5
    endloop
  endfacet
  facet normal 0 0 1
    outer loop
      vertex 41.4213 45.8702 5
      vertex 38.7692 46.1266 5
      vertex 40.8445 45.8175 5
    endloop
  endfacet
  facet normal 0 0 1
    outer loop
      vertex 40.8445 45.8175 5
      vertex 38.7692 46.1266 5
      vertex 40.3422 45.6592 5
    endloop
  endfacet
  facet normal 0 0 1
    outer loop
      vertex 39.233 44.1186 5
      vertex 37.4957 35.593 5
      vertex 39.195 39.685 5
    endloop
  endfacet
  facet normal 0 0 1
    outer loop
      vertex 36.8373 38.9873 5
      vertex 39.233 44.1186 5
      vertex 38.7692 46.1266 5
    endloop
  endfacet
  facet normal 0 0 1
    outer loop
      vertex 39.3508 44.617 5
      vertex 38.7692 46.1266 5
      vertex 39.233 44.1186 5
    endloop
  endfacet
  facet normal 0 0 1
    outer loop
      vertex 39.5779 45.0426 5
      vertex 38.7692 46.1266 5
      vertex 39.3508 44.617 5
    endloop
  endfacet
  facet normal 0 0 1
    outer loop
      vertex 39.9141 45.3955 5
      vertex 38.7692 46.1266 5
      vertex 39.5779 45.0426 5
    endloop
  endfacet
  facet normal 0 0 1
    outer loop
      vertex 40.3422 45.6592 5
      vertex 38.7692 46.1266 5
      vertex 39.9141 45.3955 5
    endloop
  endfacet
  facet normal -0 0 1
    outer loop
      vertex 0 76.2 5
      vertex 38.7692 46.1266 5
      vertex 88.9 76.2 5
    endloop
  endfacet
  facet normal 0 0 1
    outer loop
      vertex 38.0192 46.1266 5
      vertex 35.7199 39.8084 5
      vertex 36.0682 38.9873 5
    endloop
  endfacet
  facet normal 0 0 1
    outer loop
      vertex 38.0192 46.1266 5
      vertex 34.0918 45.7705 5
      vertex 35.7199 39.8084 5
    endloop
  endfacet
  facet normal 0 0 1
    outer loop
      vertex 38.7692 46.1266 5
      vertex 0 76.2 5
      vertex 38.0192 46.1266 5
    endloop
  endfacet
  facet normal 0 -0 1
    outer loop
      vertex 33.3038 45.7705 5
      vertex 38.0192 46.1266 5
      vertex 0 76.2 5
    endloop
  endfacet
  facet normal -0 0 1
    outer loop
      vertex 27.6642 44.0996 5
      vertex 31.7231 43.8765 5
      vertex 31.7231 44.6835 5
    endloop
  endfacet
  facet normal -0 0 1
    outer loop
      vertex 27.7838 40.3581 5
      vertex 31.5285 39.8084 5
      vertex 27.8493 40.9287 5
    endloop
  endfacet
  facet normal 0 0 1
    outer loop
      vertex 31.7231 43.8765 5
      vertex 27.8028 41.3317 5
      vertex 31.5285 39.8084 5
    endloop
  endfacet
  facet normal 0 0 1
    outer loop
      vertex 33.0432 35.593 5
      vertex 29.8948 34.8467 5
      vertex 29.9573 33.8034 5
    endloop
  endfacet
  facet normal 0 0 1
    outer loop
      vertex 33.0432 35.593 5
      vertex 29.7073 35.7043 5
      vertex 29.8948 34.8467 5
    endloop
  endfacet
  facet normal 0 0 1
    outer loop
      vertex 33.0432 35.593 5
      vertex 29.3948 36.3762 5
      vertex 29.7073 35.7043 5
    endloop
  endfacet
  facet normal 0 0 1
    outer loop
      vertex 31.5285 39.0822 5
      vertex 28.951 36.8588 5
      vertex 29.3948 36.3762 5
    endloop
  endfacet
  facet normal 0 0 1
    outer loop
      vertex 31.5285 39.8084 5
      vertex 27.7838 40.3581 5
      vertex 31.5285 39.0822 5
    endloop
  endfacet
  facet normal 0 0 1
    outer loop
      vertex 31.5285 39.0822 5
      vertex 28.3696 37.1484 5
      vertex 28.951 36.8588 5
    endloop
  endfacet
  facet normal 0 0 1
    outer loop
      vertex 31.5285 39.8084 5
      vertex 27.8028 41.3317 5
      vertex 27.8493 40.9287 5
    endloop
  endfacet
  facet normal 0 0 1
    outer loop
      vertex 27.6244 43.699 5
      vertex 31.7231 43.8765 5
      vertex 27.6642 44.0996 5
    endloop
  endfacet
  facet normal -0 0 1
    outer loop
      vertex 27.1064 45.4026 5
      vertex 31.7231 44.6835 5
      vertex 33.3038 45.7705 5
    endloop
  endfacet
  facet normal 0 0 1
    outer loop
      vertex 38.0192 46.1266 5
      vertex 33.3038 45.7705 5
      vertex 34.0918 45.7705 5
    endloop
  endfacet
  facet normal 0 0 1
    outer loop
      vertex 31.7231 44.6835 5
      vertex 27.6022 44.6157 5
      vertex 27.6642 44.0996 5
    endloop
  endfacet
  facet normal 0 0 1
    outer loop
      vertex 31.7231 44.6835 5
      vertex 27.4163 45.0501 5
      vertex 27.6022 44.6157 5
    endloop
  endfacet
  facet normal 0 0 1
    outer loop
      vertex 31.7231 44.6835 5
      vertex 27.1064 45.4026 5
      vertex 27.4163 45.0501 5
    endloop
  endfacet
  facet normal 0 0 1
    outer loop
      vertex 33.3038 45.7705 5
      vertex 26.6847 45.6624 5
      vertex 27.1064 45.4026 5
    endloop
  endfacet
  facet normal -0 -0 1
    outer loop
      vertex 26.1633 45.8183 5
      vertex 33.3038 45.7705 5
      vertex 0 76.2 5
    endloop
  endfacet
  facet normal 0 0 1
    outer loop
      vertex 33.3038 45.7705 5
      vertex 26.1633 45.8183 5
      vertex 26.6847 45.6624 5
    endloop
  endfacet
  facet normal 0 0 1
    outer loop
      vertex 26.1633 45.8183 5
      vertex 0 76.2 5
      vertex 25.5423 45.8702 5
    endloop
  endfacet
  facet normal 0 0 1
    outer loop
      vertex 25.5423 45.8702 5
      vertex 0 76.2 5
      vertex 24.9655 45.8191 5
    endloop
  endfacet
  facet normal 0 0 1
    outer loop
      vertex 15.5506 37.0381 5
      vertex 23.24 40.8006 5
      vertex 23.354 44.1281 5
    endloop
  endfacet
  facet normal 0 0 1
    outer loop
      vertex 23.9592 39.4454 5
      vertex 22.3321 37.2449 5
      vertex 23.0157 37.1531 5
    endloop
  endfacet
  facet normal 0 0 1
    outer loop
      vertex 23.6103 39.7995 5
      vertex 21.6839 37.1782 5
      vertex 22.3321 37.2449 5
    endloop
  endfacet
  facet normal 0 0 1
    outer loop
      vertex 14.4187 37.2449 5
      vertex 23.354 44.1281 5
      vertex 23.4719 44.6355 5
    endloop
  endfacet
  facet normal 0 0 1
    outer loop
      vertex 23.24 40.8006 5
      vertex 21.1381 36.978 5
      vertex 21.6839 37.1782 5
    endloop
  endfacet
  facet normal 0 -0 1
    outer loop
      vertex 15.9781 36.7797 5
      vertex 23.24 40.8006 5
      vertex 15.5506 37.0381 5
    endloop
  endfacet
  facet normal 0 0 1
    outer loop
      vertex 23.24 40.8006 5
      vertex 15.9781 36.7797 5
      vertex 21.1381 36.978 5
    endloop
  endfacet
  facet normal -0 0 1
    outer loop
      vertex 16.5501 35.5218 5
      vertex 20.1059 34.9949 5
      vertex 20.1713 35.6444 5
    endloop
  endfacet
  facet normal 0 0 1
    outer loop
      vertex 20.1059 34.9949 5
      vertex 16.558 33.104 5
      vertex 18.8256 31.4965 5
    endloop
  endfacet
  facet normal -0 0 1
    outer loop
      vertex 16.4866 36.0139 5
      vertex 20.1713 35.6444 5
      vertex 20.3675 36.1942 5
    endloop
  endfacet
  facet normal 0 -0 1
    outer loop
      vertex 16.2959 36.4332 5
      vertex 20.6945 36.6444 5
      vertex 15.9781 36.7797 5
    endloop
  endfacet
  facet normal -0 0 1
    outer loop
      vertex 16.6508 31.7507 5
      vertex 17.9 31.4965 5
      vertex 16.7162 32.3224 5
    endloop
  endfacet
  facet normal -0 0 1
    outer loop
      vertex 16.5148 35.1552 5
      vertex 20.1059 34.9949 5
      vertex 16.5501 35.5218 5
    endloop
  endfacet
  facet normal 0 0 1
    outer loop
      vertex 9.75055 37.1932 5
      vertex 23.4719 44.6355 5
      vertex 23.6989 45.0627 5
    endloop
  endfacet
  facet normal 0 0 1
    outer loop
      vertex 17.9 31.4965 5
      vertex 16.6767 32.7377 5
      vertex 16.7162 32.3224 5
    endloop
  endfacet
  facet normal -0 -0 1
    outer loop
      vertex 16.6767 32.7377 5
      vertex 18.8256 31.4965 5
      vertex 16.558 33.104 5
    endloop
  endfacet
  facet normal 0 0 1
    outer loop
      vertex 18.8256 31.4965 5
      vertex 16.6767 32.7377 5
      vertex 17.9 31.4965 5
    endloop
  endfacet
  facet normal 0 0 1
    outer loop
      vertex 20.1713 35.6444 5
      vertex 16.4866 36.0139 5
      vertex 16.5501 35.5218 5
    endloop
  endfacet
  facet normal 0 0 1
    outer loop
      vertex 20.3675 36.1942 5
      vertex 16.2959 36.4332 5
      vertex 16.4866 36.0139 5
    endloop
  endfacet
  facet normal 0 0 1
    outer loop
      vertex 20.6945 36.6444 5
      vertex 16.2959 36.4332 5
      vertex 20.3675 36.1942 5
    endloop
  endfacet
  facet normal 0 0 1
    outer loop
      vertex 21.1381 36.978 5
      vertex 15.9781 36.7797 5
      vertex 20.6945 36.6444 5
    endloop
  endfacet
  facet normal 0 0 1
    outer loop
      vertex 0 76.2 5
      vertex 23.6989 45.0627 5
      vertex 24.0352 45.4098 5
    endloop
  endfacet
  facet normal 0 0 1
    outer loop
      vertex 23.354 44.1281 5
      vertex 15.0308 37.1932 5
      vertex 15.5506 37.0381 5
    endloop
  endfacet
  facet normal 0 0 1
    outer loop
      vertex 23.354 44.1281 5
      vertex 14.4187 37.2449 5
      vertex 15.0308 37.1932 5
    endloop
  endfacet
  facet normal 0 0 1
    outer loop
      vertex 23.4719 44.6355 5
      vertex 13.8198 37.1922 5
      vertex 14.4187 37.2449 5
    endloop
  endfacet
  facet normal 0 0 1
    outer loop
      vertex 23.4719 44.6355 5
      vertex 9.75055 37.1932 5
      vertex 13.8198 37.1922 5
    endloop
  endfacet
  facet normal 0 -0 1
    outer loop
      vertex 10.2703 37.0381 5
      vertex 13.8198 37.1922 5
      vertex 9.75055 37.1932 5
    endloop
  endfacet
  facet normal 0 0 1
    outer loop
      vertex 12.3211 33.0935 5
      vertex 11.2777 33.104 5
      vertex 12.1961 32.7264 5
    endloop
  endfacet
  facet normal -0 -0 1
    outer loop
      vertex 11.3964 32.7377 5
      vertex 12.1961 32.7264 5
      vertex 11.2777 33.104 5
    endloop
  endfacet
  facet normal 0 0 1
    outer loop
      vertex 11.2698 35.5218 5
      vertex 12.3111 35.5313 5
      vertex 12.3747 36.0086 5
    endloop
  endfacet
  facet normal 0 0 1
    outer loop
      vertex 12.1961 32.7264 5
      vertex 11.4359 32.3224 5
      vertex 12.1545 32.3129 5
    endloop
  endfacet
  facet normal 0 -0 1
    outer loop
      vertex 11.4359 32.3224 5
      vertex 12.1961 32.7264 5
      vertex 11.3964 32.7377 5
    endloop
  endfacet
  facet normal 0 0 1
    outer loop
      vertex 12.3462 35.1647 5
      vertex 11.2698 35.5218 5
      vertex 11.2345 35.1552 5
    endloop
  endfacet
  facet normal -0 0 1
    outer loop
      vertex 11.2063 36.0139 5
      vertex 12.3747 36.0086 5
      vertex 12.5653 36.4215 5
    endloop
  endfacet
  facet normal -0 0 1
    outer loop
      vertex 11.0156 36.4332 5
      vertex 12.5653 36.4215 5
      vertex 12.8831 36.7702 5
    endloop
  endfacet
  facet normal 0 0 1
    outer loop
      vertex 13.8198 37.1922 5
      vertex 10.2703 37.0381 5
      vertex 13.308 37.0339 5
    endloop
  endfacet
  facet normal 0 0 1
    outer loop
      vertex 12.3747 36.0086 5
      vertex 11.2063 36.0139 5
      vertex 11.2698 35.5218 5
    endloop
  endfacet
  facet normal 0 0 1
    outer loop
      vertex 12.5653 36.4215 5
      vertex 11.0156 36.4332 5
      vertex 11.2063 36.0139 5
    endloop
  endfacet
  facet normal 0 0 1
    outer loop
      vertex 12.8831 36.7702 5
      vertex 10.6978 36.7797 5
      vertex 11.0156 36.4332 5
    endloop
  endfacet
  facet normal 0 0 1
    outer loop
      vertex 13.308 37.0339 5
      vertex 10.6978 36.7797 5
      vertex 12.8831 36.7702 5
    endloop
  endfacet
  facet normal 0 -0 1
    outer loop
      vertex 10.6978 36.7797 5
      vertex 13.308 37.0339 5
      vertex 10.2703 37.0381 5
    endloop
  endfacet
  facet normal 0 0 1
    outer loop
      vertex 0 76.2 5
      vertex 24.0352 45.4098 5
      vertex 24.4632 45.6656 5
    endloop
  endfacet
  facet normal 0 0 1
    outer loop
      vertex 23.6989 45.0627 5
      vertex 9.13848 37.2449 5
      vertex 9.75055 37.1932 5
    endloop
  endfacet
  facet normal 0 0 1
    outer loop
      vertex 23.6989 45.0627 5
      vertex 0 76.2 5
      vertex 9.13848 37.2449 5
    endloop
  endfacet
  facet normal 0 0 1
    outer loop
      vertex 9.13848 37.2449 5
      vertex 0 76.2 5
      vertex 8.53957 37.1922 5
    endloop
  endfacet
  facet normal 0 0 1
    outer loop
      vertex 7.03084 35.5313 5
      vertex 6.87418 32.3129 5
      vertex 6.91585 32.7264 5
    endloop
  endfacet
  facet normal 0 0 1
    outer loop
      vertex 7.03084 35.5313 5
      vertex 0 76.2 5
      vertex 6.87418 32.3129 5
    endloop
  endfacet
  facet normal 0 0 1
    outer loop
      vertex 7.09439 36.0086 5
      vertex 0 76.2 5
      vertex 7.03084 35.5313 5
    endloop
  endfacet
  facet normal 0 0 1
    outer loop
      vertex 7.28505 36.4215 5
      vertex 0 76.2 5
      vertex 7.09439 36.0086 5
    endloop
  endfacet
  facet normal 0 0 1
    outer loop
      vertex 7.60282 36.7702 5
      vertex 0 76.2 5
      vertex 7.28505 36.4215 5
    endloop
  endfacet
  facet normal 0 0 1
    outer loop
      vertex 8.02768 37.0339 5
      vertex 0 76.2 5
      vertex 7.60282 36.7702 5
    endloop
  endfacet
  facet normal 0 0 1
    outer loop
      vertex 8.53957 37.1922 5
      vertex 0 76.2 5
      vertex 8.02768 37.0339 5
    endloop
  endfacet
  facet normal 0 0 1
    outer loop
      vertex 24.9655 45.8191 5
      vertex 0 76.2 5
      vertex 24.4632 45.6656 5
    endloop
  endfacet
  facet normal -0 0 1
    outer loop
      vertex 81.9967 30.4569 5
      vertex 88.9 0 5
      vertex 81.9967 33.8794 5
    endloop
  endfacet
  facet normal -0 0 1
    outer loop
      vertex 81.1518 30.4569 5
      vertex 88.9 0 5
      vertex 81.9967 30.4569 5
    endloop
  endfacet
  facet normal 0 0 1
    outer loop
      vertex 80.2119 35.0281 5
      vertex 81.1291 34.1589 5
      vertex 81.0611 34.5022 5
    endloop
  endfacet
  facet normal 0 0 1
    outer loop
      vertex 80.5299 34.9964 5
      vertex 81.0611 34.5022 5
      vertex 80.9476 34.7432 5
    endloop
  endfacet
  facet normal 0 0 1
    outer loop
      vertex 80.5299 34.9964 5
      vertex 80.9476 34.7432 5
      vertex 80.7752 34.9015 5
    endloop
  endfacet
  facet normal 0 0 1
    outer loop
      vertex 81.0611 34.5022 5
      vertex 80.5299 34.9964 5
      vertex 80.2119 35.0281 5
    endloop
  endfacet
  facet normal 0 0 1
    outer loop
      vertex 81.1291 34.1589 5
      vertex 80.2119 35.0281 5
      vertex 79.8661 34.9819 5
    endloop
  endfacet
  facet normal 0 0 1
    outer loop
      vertex 81.1291 34.1589 5
      vertex 79.8661 34.9819 5
      vertex 79.3408 34.6127 5
    endloop
  endfacet
  facet normal 0 0 1
    outer loop
      vertex 81.1518 33.7132 5
      vertex 79.0299 33.4331 5
      vertex 81.1518 30.4569 5
    endloop
  endfacet
  facet normal 0 0 1
    outer loop
      vertex 79.3408 34.6127 5
      vertex 79.8661 34.9819 5
      vertex 79.5758 34.8435 5
    endloop
  endfacet
  facet normal 0 0 1
    outer loop
      vertex 81.1291 34.1589 5
      vertex 79.3408 34.6127 5
      vertex 79.1681 34.2971 5
    endloop
  endfacet
  facet normal 0 0 1
    outer loop
      vertex 81.1518 33.7132 5
      vertex 79.1681 34.2971 5
      vertex 79.0645 33.9039 5
    endloop
  endfacet
  facet normal 0 0 1
    outer loop
      vertex 81.1518 33.7132 5
      vertex 79.0645 33.9039 5
      vertex 79.0299 33.4331 5
    endloop
  endfacet
  facet normal 0 0 1
    outer loop
      vertex 81.1518 30.4569 5
      vertex 79.0299 33.4331 5
      vertex 79.0299 30.4569 5
    endloop
  endfacet
  facet normal 0 0 1
    outer loop
      vertex 81.1518 30.4569 5
      vertex 79.0299 30.4569 5
      vertex 88.9 0 5
    endloop
  endfacet
  facet normal -0 0 1
    outer loop
      vertex 78.185 30.4569 5
      vertex 88.9 0 5
      vertex 79.0299 30.4569 5
    endloop
  endfacet
  facet normal 0 0 1
    outer loop
      vertex 77.2451 35.0281 5
      vertex 78.1623 34.1589 5
      vertex 78.0942 34.5022 5
    endloop
  endfacet
  facet normal 0 0 1
    outer loop
      vertex 77.5631 34.9964 5
      vertex 78.0942 34.5022 5
      vertex 77.9808 34.7432 5
    endloop
  endfacet
  facet normal 0 0 1
    outer loop
      vertex 77.5631 34.9964 5
      vertex 77.9808 34.7432 5
      vertex 77.8084 34.9015 5
    endloop
  endfacet
  facet normal 0 0 1
    outer loop
      vertex 78.0942 34.5022 5
      vertex 77.5631 34.9964 5
      vertex 77.2451 35.0281 5
    endloop
  endfacet
  facet normal 0 0 1
    outer loop
      vertex 78.1623 34.1589 5
      vertex 77.2451 35.0281 5
      vertex 76.9065 34.9817 5
    endloop
  endfacet
  facet normal 0 0 1
    outer loop
      vertex 78.1623 34.1589 5
      vertex 76.9065 34.9817 5
      vertex 76.3811 34.6103 5
    endloop
  endfacet
  facet normal 0 0 1
    outer loop
      vertex 76.3811 34.6103 5
      vertex 76.9065 34.9817 5
      vertex 76.6185 34.8424 5
    endloop
  endfacet
  facet normal 0 0 1
    outer loop
      vertex 78.185 33.7132 5
      vertex 76.0631 33.4331 5
      vertex 78.185 30.4569 5
    endloop
  endfacet
  facet normal 0 0 1
    outer loop
      vertex 78.1623 34.1589 5
      vertex 76.3811 34.6103 5
      vertex 76.2045 34.2939 5
    endloop
  endfacet
  facet normal 0 0 1
    outer loop
      vertex 78.185 33.7132 5
      vertex 76.2045 34.2939 5
      vertex 76.0984 33.9015 5
    endloop
  endfacet
  facet normal 0 0 1
    outer loop
      vertex 78.185 33.7132 5
      vertex 76.0984 33.9015 5
      vertex 76.0631 33.4331 5
    endloop
  endfacet
  facet normal 0 0 1
    outer loop
      vertex 78.185 30.4569 5
      vertex 76.0631 33.4331 5
      vertex 76.0631 30.4569 5
    endloop
  endfacet
  facet normal 0 0 1
    outer loop
      vertex 78.185 30.4569 5
      vertex 76.0631 30.4569 5
      vertex 88.9 0 5
    endloop
  endfacet
  facet normal -0 0 1
    outer loop
      vertex 75.2134 30.4569 5
      vertex 88.9 0 5
      vertex 76.0631 30.4569 5
    endloop
  endfacet
  facet normal 0 0 1
    outer loop
      vertex 74.0878 33.8794 5
      vertex 75.2102 35.017 5
      vertex 75.2008 35.3825 5
    endloop
  endfacet
  facet normal 0 0 1
    outer loop
      vertex 74.0878 33.8794 5
      vertex 75.2008 35.3825 5
      vertex 75.185 35.593 5
    endloop
  endfacet
  facet normal 0 0 1
    outer loop
      vertex 75.2134 34.4964 5
      vertex 74.0878 33.8794 5
      vertex 75.2134 30.4569 5
    endloop
  endfacet
  facet normal 0 0 1
    outer loop
      vertex 74.0878 30.4569 5
      vertex 75.2134 30.4569 5
      vertex 74.0878 33.8794 5
    endloop
  endfacet
  facet normal -0 0 1
    outer loop
      vertex 74.0878 30.4569 5
      vertex 88.9 0 5
      vertex 75.2134 30.4569 5
    endloop
  endfacet
  facet normal -0 0 1
    outer loop
      vertex 73.2429 30.4569 5
      vertex 88.9 0 5
      vertex 74.0878 30.4569 5
    endloop
  endfacet
  facet normal 0 0 1
    outer loop
      vertex 72.303 35.0281 5
      vertex 73.2202 34.1589 5
      vertex 73.1521 34.5022 5
    endloop
  endfacet
  facet normal 0 0 1
    outer loop
      vertex 72.621 34.9964 5
      vertex 73.1521 34.5022 5
      vertex 73.0387 34.7432 5
    endloop
  endfacet
  facet normal 0 0 1
    outer loop
      vertex 72.621 34.9964 5
      vertex 73.0387 34.7432 5
      vertex 72.8663 34.9015 5
    endloop
  endfacet
  facet normal 0 0 1
    outer loop
      vertex 73.1521 34.5022 5
      vertex 72.621 34.9964 5
      vertex 72.303 35.0281 5
    endloop
  endfacet
  facet normal 0 0 1
    outer loop
      vertex 73.2202 34.1589 5
      vertex 72.303 35.0281 5
      vertex 71.9572 34.9819 5
    endloop
  endfacet
  facet normal 0 0 1
    outer loop
      vertex 73.2202 34.1589 5
      vertex 71.9572 34.9819 5
      vertex 71.4319 34.6127 5
    endloop
  endfacet
  facet normal 0 0 1
    outer loop
      vertex 71.4319 34.6127 5
      vertex 71.9572 34.9819 5
      vertex 71.6669 34.8435 5
    endloop
  endfacet
  facet normal 0 0 1
    outer loop
      vertex 73.2202 34.1589 5
      vertex 71.4319 34.6127 5
      vertex 71.2592 34.2971 5
    endloop
  endfacet
  facet normal 0 0 1
    outer loop
      vertex 73.2429 33.7132 5
      vertex 71.2592 34.2971 5
      vertex 71.1556 33.9039 5
    endloop
  endfacet
  facet normal 0 0 1
    outer loop
      vertex 73.2429 33.7132 5
      vertex 71.121 33.4331 5
      vertex 73.2429 30.4569 5
    endloop
  endfacet
  facet normal 0 0 1
    outer loop
      vertex 73.2429 33.7132 5
      vertex 71.1556 33.9039 5
      vertex 71.121 33.4331 5
    endloop
  endfacet
  facet normal 0 0 1
    outer loop
      vertex 73.2429 30.4569 5
      vertex 71.121 33.4331 5
      vertex 71.121 30.4569 5
    endloop
  endfacet
  facet normal 0 0 1
    outer loop
      vertex 73.2429 30.4569 5
      vertex 71.121 30.4569 5
      vertex 88.9 0 5
    endloop
  endfacet
  facet normal -0 0 1
    outer loop
      vertex 70.276 30.4569 5
      vertex 88.9 0 5
      vertex 71.121 30.4569 5
    endloop
  endfacet
  facet normal 0 0 1
    outer loop
      vertex 69.3362 35.0281 5
      vertex 70.2534 34.1589 5
      vertex 70.1853 34.5022 5
    endloop
  endfacet
  facet normal 0 0 1
    outer loop
      vertex 69.6542 34.9964 5
      vertex 70.1853 34.5022 5
      vertex 70.0719 34.7432 5
    endloop
  endfacet
  facet normal 0 0 1
    outer loop
      vertex 69.6542 34.9964 5
      vertex 70.0719 34.7432 5
      vertex 69.8995 34.9015 5
    endloop
  endfacet
  facet normal 0 0 1
    outer loop
      vertex 70.1853 34.5022 5
      vertex 69.6542 34.9964 5
      vertex 69.3362 35.0281 5
    endloop
  endfacet
  facet normal 0 0 1
    outer loop
      vertex 70.2534 34.1589 5
      vertex 69.3362 35.0281 5
      vertex 68.9976 34.9817 5
    endloop
  endfacet
  facet normal 0 0 1
    outer loop
      vertex 70.2534 34.1589 5
      vertex 68.9976 34.9817 5
      vertex 68.4722 34.6103 5
    endloop
  endfacet
  facet normal 0 0 1
    outer loop
      vertex 68.4722 34.6103 5
      vertex 68.9976 34.9817 5
      vertex 68.7096 34.8424 5
    endloop
  endfacet
  facet normal 0 0 1
    outer loop
      vertex 70.2534 34.1589 5
      vertex 68.4722 34.6103 5
      vertex 68.2955 34.2939 5
    endloop
  endfacet
  facet normal 0 0 1
    outer loop
      vertex 70.276 33.7132 5
      vertex 68.2955 34.2939 5
      vertex 68.1895 33.9015 5
    endloop
  endfacet
  facet normal 0 0 1
    outer loop
      vertex 70.276 33.7132 5
      vertex 68.1895 33.9015 5
      vertex 68.1542 33.4331 5
    endloop
  endfacet
  facet normal 0 0 1
    outer loop
      vertex 70.276 33.7132 5
      vertex 68.1542 33.4331 5
      vertex 70.276 30.4569 5
    endloop
  endfacet
  facet normal 0 0 1
    outer loop
      vertex 68.1542 30.4569 5
      vertex 70.276 30.4569 5
      vertex 68.1542 33.4331 5
    endloop
  endfacet
  facet normal 0 0 1
    outer loop
      vertex 70.276 30.4569 5
      vertex 68.1542 30.4569 5
      vertex 88.9 0 5
    endloop
  endfacet
  facet normal -0 0 1
    outer loop
      vertex 67.3045 30.4569 5
      vertex 88.9 0 5
      vertex 68.1542 30.4569 5
    endloop
  endfacet
  facet normal 0 0 1
    outer loop
      vertex 63.6767 34.8467 5
      vertex 67.3013 35.017 5
      vertex 67.2919 35.3825 5
    endloop
  endfacet
  facet normal 0 0 1
    outer loop
      vertex 63.6767 34.8467 5
      vertex 67.2919 35.3825 5
      vertex 67.2761 35.593 5
    endloop
  endfacet
  facet normal 0 0 1
    outer loop
      vertex 68.083 35.593 5
      vertex 65.5934 43.6677 5
      vertex 67.2761 35.593 5
    endloop
  endfacet
  facet normal -0 0 1
    outer loop
      vertex 64.9194 43.6677 5
      vertex 67.2761 35.593 5
      vertex 65.5934 43.6677 5
    endloop
  endfacet
  facet normal 0 0 1
    outer loop
      vertex 62.3126 41.3317 5
      vertex 64.9194 43.6677 5
      vertex 63.8418 43.6677 5
    endloop
  endfacet
  facet normal -0 0 1
    outer loop
      vertex 63.9463 45.7705 5
      vertex 64.9194 43.6677 5
      vertex 64.8245 45.7705 5
    endloop
  endfacet
  facet normal 0 0 1
    outer loop
      vertex 63.8418 43.6677 5
      vertex 64.9194 43.6677 5
      vertex 63.9463 45.7705 5
    endloop
  endfacet
  facet normal 0 0 1
    outer loop
      vertex 64.9194 43.6677 5
      vertex 63.6767 34.8467 5
      vertex 67.2761 35.593 5
    endloop
  endfacet
  facet normal 0 0 1
    outer loop
      vertex 67.3045 34.4964 5
      vertex 63.7392 33.8034 5
      vertex 63.6736 32.7744 5
    endloop
  endfacet
  facet normal 0 0 1
    outer loop
      vertex 67.3045 34.4964 5
      vertex 63.6736 32.7744 5
      vertex 67.3045 30.4569 5
    endloop
  endfacet
  facet normal -0 0 1
    outer loop
      vertex 63.4766 31.9216 5
      vertex 67.3045 30.4569 5
      vertex 63.6736 32.7744 5
    endloop
  endfacet
  facet normal -0 0 1
    outer loop
      vertex 63.1482 31.2449 5
      vertex 67.3045 30.4569 5
      vertex 63.4766 31.9216 5
    endloop
  endfacet
  facet normal -0 0 1
    outer loop
      vertex 62.6918 30.7544 5
      vertex 67.3045 30.4569 5
      vertex 63.1482 31.2449 5
    endloop
  endfacet
  facet normal -0 0 1
    outer loop
      vertex 62.1103 30.4601 5
      vertex 67.3045 30.4569 5
      vertex 62.6918 30.7544 5
    endloop
  endfacet
  facet normal 0 0 1
    outer loop
      vertex 61.4038 30.362 5
      vertex 67.3045 30.4569 5
      vertex 62.1103 30.4601 5
    endloop
  endfacet
  facet normal 0 0 1
    outer loop
      vertex 67.3045 30.4569 5
      vertex 61.4038 30.362 5
      vertex 88.9 0 5
    endloop
  endfacet
  facet normal -0 0 1
    outer loop
      vertex 58.3498 30.4569 5
      vertex 61.4038 30.362 5
      vertex 60.6986 30.4595 5
    endloop
  endfacet
  facet normal 0 0 1
    outer loop
      vertex 58.3498 30.4569 5
      vertex 60.6986 30.4595 5
      vertex 60.1211 30.7523 5
    endloop
  endfacet
  facet normal 0 0 1
    outer loop
      vertex 59.3421 35.7169 5
      vertex 58.2454 35.4126 5
      vertex 59.1546 34.8562 5
    endloop
  endfacet
  facet normal -0 0 1
    outer loop
      vertex 58.2256 35.1536 5
      vertex 59.1546 34.8562 5
      vertex 58.2454 35.4126 5
    endloop
  endfacet
  facet normal 0 0 1
    outer loop
      vertex 59.0921 33.8034 5
      vertex 58.3498 31.1831 5
      vertex 59.1564 32.7697 5
    endloop
  endfacet
  facet normal 0 0 1
    outer loop
      vertex 58.3498 31.1831 5
      vertex 59.3495 31.9152 5
      vertex 59.1564 32.7697 5
    endloop
  endfacet
  facet normal 0 0 1
    outer loop
      vertex 58.3498 31.1831 5
      vertex 59.6712 31.2401 5
      vertex 59.3495 31.9152 5
    endloop
  endfacet
  facet normal 0 0 1
    outer loop
      vertex 58.3498 30.4569 5
      vertex 59.6712 31.2401 5
      vertex 58.3498 31.1831 5
    endloop
  endfacet
  facet normal 0 0 1
    outer loop
      vertex 59.6712 31.2401 5
      vertex 58.3498 30.4569 5
      vertex 60.1211 30.7523 5
    endloop
  endfacet
  facet normal 0 0 1
    outer loop
      vertex 61.4038 30.362 5
      vertex 58.3498 30.4569 5
      vertex 88.9 0 5
    endloop
  endfacet
  facet normal -0 0 1
    outer loop
      vertex 53.921 30.4569 5
      vertex 88.9 0 5
      vertex 58.3498 30.4569 5
    endloop
  endfacet
  facet normal 0 0 1
    outer loop
      vertex 52.6075 30.4569 5
      vertex 53.921 31.0597 5
      vertex 52.6075 31.4965 5
    endloop
  endfacet
  facet normal 0 0 1
    outer loop
      vertex 53.921 31.0597 5
      vertex 52.6075 30.4569 5
      vertex 53.921 30.4569 5
    endloop
  endfacet
  facet normal 0 0 1
    outer loop
      vertex 53.921 30.4569 5
      vertex 52.6075 30.4569 5
      vertex 88.9 0 5
    endloop
  endfacet
  facet normal -0 0 1
    outer loop
      vertex 51.6819 30.4569 5
      vertex 88.9 0 5
      vertex 52.6075 30.4569 5
    endloop
  endfacet
  facet normal -0 0 1
    outer loop
      vertex 50.4295 31.9891 5
      vertex 51.6819 31.4965 5
      vertex 50.4934 32.6452 5
    endloop
  endfacet
  facet normal 0 0 1
    outer loop
      vertex 50.2381 31.4321 5
      vertex 51.6819 31.4965 5
      vertex 50.4295 31.9891 5
    endloop
  endfacet
  facet normal 0 0 1
    outer loop
      vertex 51.6819 31.4965 5
      vertex 50.2381 31.4321 5
      vertex 51.6819 30.4569 5
    endloop
  endfacet
  facet normal -0 0 1
    outer loop
      vertex 49.919 30.9743 5
      vertex 51.6819 30.4569 5
      vertex 50.2381 31.4321 5
    endloop
  endfacet
  facet normal -0 0 1
    outer loop
      vertex 49.4876 30.6341 5
      vertex 51.6819 30.4569 5
      vertex 49.919 30.9743 5
    endloop
  endfacet
  facet normal 0 0 1
    outer loop
      vertex 48.9591 30.43 5
      vertex 51.6819 30.4569 5
      vertex 49.4876 30.6341 5
    endloop
  endfacet
  facet normal 0 0 1
    outer loop
      vertex 48.3336 30.362 5
      vertex 51.6819 30.4569 5
      vertex 48.9591 30.43 5
    endloop
  endfacet
  facet normal 0 0 1
    outer loop
      vertex 51.6819 30.4569 5
      vertex 48.3336 30.362 5
      vertex 88.9 0 5
    endloop
  endfacet
  facet normal 0 0 1
    outer loop
      vertex 42.8586 30.4569 5
      vertex 48.3336 30.362 5
      vertex 47.6395 30.4553 5
    endloop
  endfacet
  facet normal -0 0 1
    outer loop
      vertex 42.8586 30.4569 5
      vertex 47.6395 30.4553 5
      vertex 47.0635 30.7354 5
    endloop
  endfacet
  facet normal -0 0 1
    outer loop
      vertex 45.1514 36.4522 5
      vertex 46.6294 36.3145 5
      vertex 45.1514 37.1452 5
    endloop
  endfacet
  facet normal 0 0 1
    outer loop
      vertex 44.5348 35.4833 5
      vertex 46.284 35.6046 5
      vertex 45.1514 36.4522 5
    endloop
  endfacet
  facet normal 0 0 1
    outer loop
      vertex 46.284 35.6046 5
      vertex 44.5348 35.4833 5
      vertex 46.0767 34.7153 5
    endloop
  endfacet
  facet normal 0 0 1
    outer loop
      vertex 44.0522 34.6652 5
      vertex 46.0767 34.7153 5
      vertex 44.5348 35.4833 5
    endloop
  endfacet
  facet normal 0 0 1
    outer loop
      vertex 46.0767 34.7153 5
      vertex 44.0522 34.6652 5
      vertex 46.0076 33.6468 5
    endloop
  endfacet
  facet normal -0 0 1
    outer loop
      vertex 43.7036 33.998 5
      vertex 46.0076 33.6468 5
      vertex 44.0522 34.6652 5
    endloop
  endfacet
  facet normal 0 0 1
    outer loop
      vertex 43.4454 33.4089 5
      vertex 46.0076 33.6468 5
      vertex 43.7036 33.998 5
    endloop
  endfacet
  facet normal 0 0 1
    outer loop
      vertex 46.0076 33.6468 5
      vertex 43.4454 33.4089 5
      vertex 46.0741 32.6621 5
    endloop
  endfacet
  facet normal -0 0 1
    outer loop
      vertex 43.2342 32.825 5
      vertex 46.0741 32.6621 5
      vertex 43.4454 33.4089 5
    endloop
  endfacet
  facet normal 0 0 1
    outer loop
      vertex 43.0699 32.2464 5
      vertex 46.0741 32.6621 5
      vertex 43.2342 32.825 5
    endloop
  endfacet
  facet normal 0 0 1
    outer loop
      vertex 46.0741 32.6621 5
      vertex 43.0699 32.2464 5
      vertex 46.2734 31.8472 5
    endloop
  endfacet
  facet normal 0 0 1
    outer loop
      vertex 42.9525 31.6636 5
      vertex 46.2734 31.8472 5
      vertex 43.0699 32.2464 5
    endloop
  endfacet
  facet normal 0 0 1
    outer loop
      vertex 42.8821 31.0671 5
      vertex 46.2734 31.8472 5
      vertex 42.9525 31.6636 5
    endloop
  endfacet
  facet normal 0 0 1
    outer loop
      vertex 42.8586 30.4569 5
      vertex 46.2734 31.8472 5
      vertex 42.8821 31.0671 5
    endloop
  endfacet
  facet normal 0 0 1
    outer loop
      vertex 46.2734 31.8472 5
      vertex 42.8586 30.4569 5
      vertex 46.6057 31.2021 5
    endloop
  endfacet
  facet normal 0 0 1
    outer loop
      vertex 46.6057 31.2021 5
      vertex 42.8586 30.4569 5
      vertex 47.0635 30.7354 5
    endloop
  endfacet
  facet normal 0 0 1
    outer loop
      vertex 48.3336 30.362 5
      vertex 42.8586 30.4569 5
      vertex 88.9 0 5
    endloop
  endfacet
  facet normal 0 0 1
    outer loop
      vertex 0 0 5
      vertex 42.8586 30.4569 5
      vertex 41.9663 30.4569 5
    endloop
  endfacet
  facet normal 0 0 1
    outer loop
      vertex 40.732 37.1452 5
      vertex 37.4957 35.593 5
      vertex 40.732 36.419 5
    endloop
  endfacet
  facet normal 0 0 1
    outer loop
      vertex 37.4957 35.593 5
      vertex 39.195 39.0822 5
      vertex 39.195 39.685 5
    endloop
  endfacet
  facet normal 0 0 1
    outer loop
      vertex 42.0267 31.3263 5
      vertex 37.6049 30.4569 5
      vertex 41.9663 30.4569 5
    endloop
  endfacet
  facet normal 0 0 1
    outer loop
      vertex 0 0 5
      vertex 41.9663 30.4569 5
      vertex 37.6049 30.4569 5
    endloop
  endfacet
  facet normal 0 0 1
    outer loop
      vertex 0 0 5
      vertex 37.6049 30.4569 5
      vertex 36.6508 30.4569 5
    endloop
  endfacet
  facet normal 0 0 1
    outer loop
      vertex 33.8786 30.4569 5
      vertex 36.6508 30.4569 5
      vertex 35.2694 32.5645 5
    endloop
  endfacet
  facet normal 0 0 1
    outer loop
      vertex 0 0 5
      vertex 36.6508 30.4569 5
      vertex 33.8786 30.4569 5
    endloop
  endfacet
  facet normal 0 0 1
    outer loop
      vertex 0 0 5
      vertex 33.8786 30.4569 5
      vertex 32.9578 30.4569 5
    endloop
  endfacet
  facet normal 0 0 1
    outer loop
      vertex 29.8917 32.7744 5
      vertex 33.0432 35.593 5
      vertex 29.9573 33.8034 5
    endloop
  endfacet
  facet normal 0 0 1
    outer loop
      vertex 33.0432 35.593 5
      vertex 29.8917 32.7744 5
      vertex 32.9578 30.4569 5
    endloop
  endfacet
  facet normal -0 0 1
    outer loop
      vertex 29.6947 31.9216 5
      vertex 32.9578 30.4569 5
      vertex 29.8917 32.7744 5
    endloop
  endfacet
  facet normal -0 0 1
    outer loop
      vertex 29.3663 31.2449 5
      vertex 32.9578 30.4569 5
      vertex 29.6947 31.9216 5
    endloop
  endfacet
  facet normal -0 0 1
    outer loop
      vertex 28.9099 30.7544 5
      vertex 32.9578 30.4569 5
      vertex 29.3663 31.2449 5
    endloop
  endfacet
  facet normal -0 0 1
    outer loop
      vertex 28.3284 30.4601 5
      vertex 32.9578 30.4569 5
      vertex 28.9099 30.7544 5
    endloop
  endfacet
  facet normal 0 0 1
    outer loop
      vertex 27.6219 30.362 5
      vertex 32.9578 30.4569 5
      vertex 28.3284 30.4601 5
    endloop
  endfacet
  facet normal 0 0 1
    outer loop
      vertex 32.9578 30.4569 5
      vertex 27.6219 30.362 5
      vertex 0 0 5
    endloop
  endfacet
  facet normal 0 0 1
    outer loop
      vertex 22.1755 30.362 5
      vertex 27.6219 30.362 5
      vertex 26.9167 30.4595 5
    endloop
  endfacet
  facet normal 0 0 1
    outer loop
      vertex 25.3727 34.8562 5
      vertex 24.5964 33.9364 5
      vertex 25.3102 33.8034 5
    endloop
  endfacet
  facet normal 0 0 1
    outer loop
      vertex 24.5265 32.8762 5
      vertex 25.3102 33.8034 5
      vertex 24.5964 33.9364 5
    endloop
  endfacet
  facet normal 0 0 1
    outer loop
      vertex 25.3102 33.8034 5
      vertex 24.5265 32.8762 5
      vertex 25.3745 32.7697 5
    endloop
  endfacet
  facet normal 0 0 1
    outer loop
      vertex 24.3169 31.9933 5
      vertex 25.3745 32.7697 5
      vertex 24.5265 32.8762 5
    endloop
  endfacet
  facet normal 0 0 1
    outer loop
      vertex 25.3745 32.7697 5
      vertex 24.3169 31.9933 5
      vertex 25.5676 31.9152 5
    endloop
  endfacet
  facet normal 0 0 1
    outer loop
      vertex 23.9674 31.2876 5
      vertex 25.5676 31.9152 5
      vertex 24.3169 31.9933 5
    endloop
  endfacet
  facet normal 0 0 1
    outer loop
      vertex 25.5676 31.9152 5
      vertex 23.9674 31.2876 5
      vertex 25.8893 31.2401 5
    endloop
  endfacet
  facet normal 0 0 1
    outer loop
      vertex 23.4888 30.7733 5
      vertex 25.8893 31.2401 5
      vertex 23.9674 31.2876 5
    endloop
  endfacet
  facet normal 0 0 1
    outer loop
      vertex 25.8893 31.2401 5
      vertex 23.4888 30.7733 5
      vertex 26.3392 30.7523 5
    endloop
  endfacet
  facet normal 0 0 1
    outer loop
      vertex 22.8915 30.4648 5
      vertex 26.3392 30.7523 5
      vertex 23.4888 30.7733 5
    endloop
  endfacet
  facet normal 0 0 1
    outer loop
      vertex 26.3392 30.7523 5
      vertex 22.8915 30.4648 5
      vertex 26.9167 30.4595 5
    endloop
  endfacet
  facet normal 0 0 1
    outer loop
      vertex 22.1755 30.362 5
      vertex 26.9167 30.4595 5
      vertex 22.8915 30.4648 5
    endloop
  endfacet
  facet normal 0 0 1
    outer loop
      vertex 27.6219 30.362 5
      vertex 22.1755 30.362 5
      vertex 0 0 5
    endloop
  endfacet
  facet normal 0 0 1
    outer loop
      vertex 0 0 5
      vertex 22.1755 30.362 5
      vertex 21.6879 30.3986 5
    endloop
  endfacet
  facet normal -0 0 1
    outer loop
      vertex 18.8256 30.4569 5
      vertex 21.6879 30.3986 5
      vertex 21.2694 30.5086 5
    endloop
  endfacet
  facet normal 0 0 1
    outer loop
      vertex 18.8256 31.4965 5
      vertex 20.166 34.3593 5
      vertex 20.1059 34.9949 5
    endloop
  endfacet
  facet normal 0 0 1
    outer loop
      vertex 20.3463 33.8134 5
      vertex 18.8256 31.4965 5
      vertex 20.2435 31.7575 5
    endloop
  endfacet
  facet normal -0 0 1
    outer loop
      vertex 18.8256 31.4965 5
      vertex 20.4094 31.3121 5
      vertex 20.2435 31.7575 5
    endloop
  endfacet
  facet normal 0 0 1
    outer loop
      vertex 18.8256 30.4569 5
      vertex 20.4094 31.3121 5
      vertex 18.8256 31.4965 5
    endloop
  endfacet
  facet normal 0 0 1
    outer loop
      vertex 20.4094 31.3121 5
      vertex 18.8256 30.4569 5
      vertex 20.6349 30.9569 5
    endloop
  endfacet
  facet normal 0 0 1
    outer loop
      vertex 20.6349 30.9569 5
      vertex 18.8256 30.4569 5
      vertex 20.92 30.6919 5
    endloop
  endfacet
  facet normal 0 0 1
    outer loop
      vertex 20.92 30.6919 5
      vertex 18.8256 30.4569 5
      vertex 21.2694 30.5086 5
    endloop
  endfacet
  facet normal 0 0 1
    outer loop
      vertex 21.6879 30.3986 5
      vertex 18.8256 30.4569 5
      vertex 0 0 5
    endloop
  endfacet
  facet normal 0 0 1
    outer loop
      vertex 0 0 5
      vertex 18.8256 30.4569 5
      vertex 17.9 30.4569 5
    endloop
  endfacet
  facet normal 0 0 1
    outer loop
      vertex 16.4546 31.2696 5
      vertex 17.9 31.4965 5
      vertex 16.6508 31.7507 5
    endloop
  endfacet
  facet normal 0 0 1
    outer loop
      vertex 17.9 31.4965 5
      vertex 16.4546 31.2696 5
      vertex 17.9 30.4569 5
    endloop
  endfacet
  facet normal -0 0 1
    outer loop
      vertex 16.1276 30.8793 5
      vertex 17.9 30.4569 5
      vertex 16.4546 31.2696 5
    endloop
  endfacet
  facet normal -0 0 1
    outer loop
      vertex 15.6783 30.5919 5
      vertex 17.9 30.4569 5
      vertex 16.1276 30.8793 5
    endloop
  endfacet
  facet normal 0 0 1
    outer loop
      vertex 15.115 30.4194 5
      vertex 17.9 30.4569 5
      vertex 15.6783 30.5919 5
    endloop
  endfacet
  facet normal 0 0 1
    outer loop
      vertex 17.9 30.4569 5
      vertex 15.115 30.4194 5
      vertex 0 0 5
    endloop
  endfacet
  facet normal 0 0 1
    outer loop
      vertex 0 0 5
      vertex 15.115 30.4194 5
      vertex 14.4377 30.362 5
    endloop
  endfacet
  facet normal 0 0 1
    outer loop
      vertex 0 0 5
      vertex 14.4377 30.362 5
      vertex 13.7745 30.4184 5
    endloop
  endfacet
  facet normal -0 0 1
    outer loop
      vertex 9.83467 30.4194 5
      vertex 13.7745 30.4184 5
      vertex 13.2152 30.5877 5
    endloop
  endfacet
  facet normal 0 0 1
    outer loop
      vertex 11.3705 31.7507 5
      vertex 12.1545 32.3129 5
      vertex 11.4359 32.3224 5
    endloop
  endfacet
  facet normal 0 0 1
    outer loop
      vertex 12.1545 32.3129 5
      vertex 11.3705 31.7507 5
      vertex 12.2217 31.737 5
    endloop
  endfacet
  facet normal 0 0 1
    outer loop
      vertex 11.1743 31.2696 5
      vertex 12.2217 31.737 5
      vertex 11.3705 31.7507 5
    endloop
  endfacet
  facet normal 0 0 1
    outer loop
      vertex 12.2217 31.737 5
      vertex 11.1743 31.2696 5
      vertex 12.4234 31.256 5
    endloop
  endfacet
  facet normal 0 0 1
    outer loop
      vertex 10.8473 30.8793 5
      vertex 12.4234 31.256 5
      vertex 11.1743 31.2696 5
    endloop
  endfacet
  facet normal 0 0 1
    outer loop
      vertex 12.4234 31.256 5
      vertex 10.8473 30.8793 5
      vertex 12.7597 30.8699 5
    endloop
  endfacet
  facet normal 0 0 1
    outer loop
      vertex 10.398 30.5919 5
      vertex 12.7597 30.8699 5
      vertex 10.8473 30.8793 5
    endloop
  endfacet
  facet normal 0 0 1
    outer loop
      vertex 12.7597 30.8699 5
      vertex 10.398 30.5919 5
      vertex 13.2152 30.5877 5
    endloop
  endfacet
  facet normal 0 0 1
    outer loop
      vertex 9.83467 30.4194 5
      vertex 13.2152 30.5877 5
      vertex 10.398 30.5919 5
    endloop
  endfacet
  facet normal 0 0 1
    outer loop
      vertex 13.7745 30.4184 5
      vertex 9.83467 30.4194 5
      vertex 0 0 5
    endloop
  endfacet
  facet normal 0 0 1
    outer loop
      vertex 0 0 5
      vertex 9.83467 30.4194 5
      vertex 9.15744 30.362 5
    endloop
  endfacet
  facet normal 0 0 1
    outer loop
      vertex 0 0 5
      vertex 9.15744 30.362 5
      vertex 8.49422 30.4184 5
    endloop
  endfacet
  facet normal 0 0 1
    outer loop
      vertex 0 0 5
      vertex 8.49422 30.4184 5
      vertex 7.93486 30.5877 5
    endloop
  endfacet
  facet normal 0 0 1
    outer loop
      vertex 0 0 5
      vertex 6.87418 32.3129 5
      vertex 0 76.2 5
    endloop
  endfacet
  facet normal 0 0 1
    outer loop
      vertex 42.8586 30.4569 5
      vertex 0 0 5
      vertex 88.9 0 5
    endloop
  endfacet
  facet normal 0 0 1
    outer loop
      vertex 7.4794 30.8699 5
      vertex 0 0 5
      vertex 7.93486 30.5877 5
    endloop
  endfacet
  facet normal 0 0 1
    outer loop
      vertex 7.14316 31.256 5
      vertex 0 0 5
      vertex 7.4794 30.8699 5
    endloop
  endfacet
  facet normal 0 0 1
    outer loop
      vertex 6.94142 31.737 5
      vertex 0 0 5
      vertex 7.14316 31.256 5
    endloop
  endfacet
  facet normal 0 0 1
    outer loop
      vertex 6.87418 32.3129 5
      vertex 0 0 5
      vertex 6.94142 31.737 5
    endloop
  endfacet
  facet normal 0 0 1
    outer loop
      vertex 9.55142 33.6212 5
      vertex 10.5483 32.4031 5
      vertex 10.5071 32.7837 5
    endloop
  endfacet
  facet normal 0 0 1
    outer loop
      vertex 9.13848 33.6563 5
      vertex 10.5483 32.4031 5
      vertex 9.55142 33.6212 5
    endloop
  endfacet
  facet normal 0 0 1
    outer loop
      vertex 9.89792 33.516 5
      vertex 10.5071 32.7837 5
      vertex 10.3837 33.0962 5
    endloop
  endfacet
  facet normal 0 0 1
    outer loop
      vertex 10.5483 32.4031 5
      vertex 9.16696 31.0027 5
      vertex 10.5103 31.9598 5
    endloop
  endfacet
  facet normal 0 0 1
    outer loop
      vertex 9.89792 33.516 5
      vertex 10.3837 33.0962 5
      vertex 10.178 33.3406 5
    endloop
  endfacet
  facet normal 0 -0 1
    outer loop
      vertex 9.93907 31.1515 5
      vertex 10.3963 31.6046 5
      vertex 9.59258 31.0399 5
    endloop
  endfacet
  facet normal 0 0 1
    outer loop
      vertex 10.5071 32.7837 5
      vertex 9.89792 33.516 5
      vertex 9.55142 33.6212 5
    endloop
  endfacet
  facet normal 0 0 1
    outer loop
      vertex 10.3963 31.6046 5
      vertex 9.93907 31.1515 5
      vertex 10.2065 31.3374 5
    endloop
  endfacet
  facet normal 0 0 1
    outer loop
      vertex 10.5103 31.9598 5
      vertex 9.59258 31.0399 5
      vertex 10.3963 31.6046 5
    endloop
  endfacet
  facet normal 0 0 1
    outer loop
      vertex 10.5103 31.9598 5
      vertex 9.16696 31.0027 5
      vertex 9.59258 31.0399 5
    endloop
  endfacet
  facet normal 0 0 1
    outer loop
      vertex 10.5483 32.4031 5
      vertex 9.13848 33.6563 5
      vertex 9.16696 31.0027 5
    endloop
  endfacet
  facet normal 0 0 1
    outer loop
      vertex 7.7571 32.3841 5
      vertex 9.13848 33.6563 5
      vertex 8.73658 33.6186 5
    endloop
  endfacet
  facet normal 0 0 1
    outer loop
      vertex 7.7977 32.7515 5
      vertex 8.73658 33.6186 5
      vertex 8.39797 33.5054 5
    endloop
  endfacet
  facet normal 0 0 1
    outer loop
      vertex 9.13848 33.6563 5
      vertex 7.7571 32.3841 5
      vertex 9.16696 31.0027 5
    endloop
  endfacet
  facet normal 0 0 1
    outer loop
      vertex 7.7977 32.7515 5
      vertex 8.39797 33.5054 5
      vertex 8.12264 33.3169 5
    endloop
  endfacet
  facet normal 0 0 1
    outer loop
      vertex 7.7977 32.7515 5
      vertex 8.12264 33.3169 5
      vertex 7.91956 33.0624 5
    endloop
  endfacet
  facet normal 0 0 1
    outer loop
      vertex 9.16696 31.0027 5
      vertex 7.7571 32.3841 5
      vertex 8.3837 31.1562 5
    endloop
  endfacet
  facet normal 0 0 1
    outer loop
      vertex 8.73658 33.6186 5
      vertex 7.7977 32.7515 5
      vertex 7.7571 32.3841 5
    endloop
  endfacet
  facet normal 0 0 1
    outer loop
      vertex 8.3837 31.1562 5
      vertex 7.7571 32.3841 5
      vertex 7.91374 31.6167 5
    endloop
  endfacet
  facet normal 0 0 1
    outer loop
      vertex 9.82941 36.4828 5
      vertex 10.3822 35.4743 5
      vertex 10.244 36.1046 5
    endloop
  endfacet
  facet normal 0 0 1
    outer loop
      vertex 9.13848 36.6088 5
      vertex 10.3822 35.4743 5
      vertex 9.82941 36.4828 5
    endloop
  endfacet
  facet normal 0 -0 1
    outer loop
      vertex 9.82413 34.4205 5
      vertex 10.3471 35.098 5
      vertex 9.51798 34.3279 5
    endloop
  endfacet
  facet normal 0 -0 1
    outer loop
      vertex 9.148 34.2971 5
      vertex 10.3822 35.4743 5
      vertex 9.13848 36.6088 5
    endloop
  endfacet
  facet normal 0 0 1
    outer loop
      vertex 10.2419 34.7981 5
      vertex 9.82413 34.4205 5
      vertex 10.0665 34.5748 5
    endloop
  endfacet
  facet normal 0 0 1
    outer loop
      vertex 10.3471 35.098 5
      vertex 9.82413 34.4205 5
      vertex 10.2419 34.7981 5
    endloop
  endfacet
  facet normal 0 0 1
    outer loop
      vertex 10.3822 35.4743 5
      vertex 9.51798 34.3279 5
      vertex 10.3471 35.098 5
    endloop
  endfacet
  facet normal 0 0 1
    outer loop
      vertex 10.3822 35.4743 5
      vertex 9.148 34.2971 5
      vertex 9.51798 34.3279 5
    endloop
  endfacet
  facet normal 0 0 1
    outer loop
      vertex 9.13848 36.6088 5
      vertex 8.7822 34.3306 5
      vertex 9.148 34.2971 5
    endloop
  endfacet
  facet normal 0 0 1
    outer loop
      vertex 7.9043 35.4743 5
      vertex 9.13848 36.6088 5
      vertex 8.76848 36.5772 5
    endloop
  endfacet
  facet normal 0 0 1
    outer loop
      vertex 9.13848 36.6088 5
      vertex 7.9043 35.4743 5
      vertex 8.7822 34.3306 5
    endloop
  endfacet
  facet normal 0 0 1
    outer loop
      vertex 7.93936 35.8198 5
      vertex 8.76848 36.5772 5
      vertex 8.4623 36.4822 5
    endloop
  endfacet
  facet normal -0 -0 1
    outer loop
      vertex 7.94043 35.1217 5
      vertex 8.7822 34.3306 5
      vertex 7.9043 35.4743 5
    endloop
  endfacet
  facet normal 0 0 1
    outer loop
      vertex 7.93936 35.8198 5
      vertex 8.4623 36.4822 5
      vertex 8.21993 36.324 5
    endloop
  endfacet
  facet normal 0 0 1
    outer loop
      vertex 8.7822 34.3306 5
      vertex 7.94043 35.1217 5
      vertex 8.47602 34.431 5
    endloop
  endfacet
  facet normal 0 0 1
    outer loop
      vertex 7.93936 35.8198 5
      vertex 8.21993 36.324 5
      vertex 8.04457 36.103 5
    endloop
  endfacet
  facet normal 0 0 1
    outer loop
      vertex 8.47602 34.431 5
      vertex 7.94043 35.1217 5
      vertex 8.22945 34.5985 5
    endloop
  endfacet
  facet normal 0 0 1
    outer loop
      vertex 8.76848 36.5772 5
      vertex 7.93936 35.8198 5
      vertex 7.9043 35.4743 5
    endloop
  endfacet
  facet normal 0 0 1
    outer loop
      vertex 8.22945 34.5985 5
      vertex 7.94043 35.1217 5
      vertex 8.04882 34.8298 5
    endloop
  endfacet
  facet normal 0 0 1
    outer loop
      vertex 14.8317 33.6212 5
      vertex 15.8286 32.4031 5
      vertex 15.7874 32.7837 5
    endloop
  endfacet
  facet normal 0 0 1
    outer loop
      vertex 14.4187 33.6563 5
      vertex 15.8286 32.4031 5
      vertex 14.8317 33.6212 5
    endloop
  endfacet
  facet normal 0 0 1
    outer loop
      vertex 15.1782 33.516 5
      vertex 15.7874 32.7837 5
      vertex 15.664 33.0962 5
    endloop
  endfacet
  facet normal 0 0 1
    outer loop
      vertex 15.8286 32.4031 5
      vertex 14.4472 31.0027 5
      vertex 15.7906 31.9598 5
    endloop
  endfacet
  facet normal 0 0 1
    outer loop
      vertex 15.1782 33.516 5
      vertex 15.664 33.0962 5
      vertex 15.4583 33.3406 5
    endloop
  endfacet
  facet normal 0 -0 1
    outer loop
      vertex 15.2194 31.1515 5
      vertex 15.6766 31.6046 5
      vertex 14.8729 31.0399 5
    endloop
  endfacet
  facet normal 0 0 1
    outer loop
      vertex 15.7874 32.7837 5
      vertex 15.1782 33.516 5
      vertex 14.8317 33.6212 5
    endloop
  endfacet
  facet normal 0 0 1
    outer loop
      vertex 15.6766 31.6046 5
      vertex 15.2194 31.1515 5
      vertex 15.4867 31.3374 5
    endloop
  endfacet
  facet normal 0 0 1
    outer loop
      vertex 15.7906 31.9598 5
      vertex 14.8729 31.0399 5
      vertex 15.6766 31.6046 5
    endloop
  endfacet
  facet normal 0 0 1
    outer loop
      vertex 15.7906 31.9598 5
      vertex 14.4472 31.0027 5
      vertex 14.8729 31.0399 5
    endloop
  endfacet
  facet normal 0 0 1
    outer loop
      vertex 15.8286 32.4031 5
      vertex 14.4187 33.6563 5
      vertex 14.4472 31.0027 5
    endloop
  endfacet
  facet normal 0 0 1
    outer loop
      vertex 13.0374 32.3841 5
      vertex 14.4187 33.6563 5
      vertex 14.0169 33.6186 5
    endloop
  endfacet
  facet normal 0 0 1
    outer loop
      vertex 13.078 32.7515 5
      vertex 14.0169 33.6186 5
      vertex 13.6782 33.5054 5
    endloop
  endfacet
  facet normal 0 0 1
    outer loop
      vertex 14.4187 33.6563 5
      vertex 13.0374 32.3841 5
      vertex 14.4472 31.0027 5
    endloop
  endfacet
  facet normal 0 0 1
    outer loop
      vertex 13.078 32.7515 5
      vertex 13.6782 33.5054 5
      vertex 13.4029 33.3169 5
    endloop
  endfacet
  facet normal 0 0 1
    outer loop
      vertex 13.078 32.7515 5
      vertex 13.4029 33.3169 5
      vertex 13.1998 33.0624 5
    endloop
  endfacet
  facet normal 0 0 1
    outer loop
      vertex 14.4472 31.0027 5
      vertex 13.0374 32.3841 5
      vertex 13.664 31.1562 5
    endloop
  endfacet
  facet normal 0 0 1
    outer loop
      vertex 14.0169 33.6186 5
      vertex 13.078 32.7515 5
      vertex 13.0374 32.3841 5
    endloop
  endfacet
  facet normal 0 0 1
    outer loop
      vertex 13.664 31.1562 5
      vertex 13.0374 32.3841 5
      vertex 13.194 31.6167 5
    endloop
  endfacet
  facet normal 0 0 1
    outer loop
      vertex 15.1097 36.4828 5
      vertex 15.6624 35.4743 5
      vertex 15.5242 36.1046 5
    endloop
  endfacet
  facet normal 0 0 1
    outer loop
      vertex 14.4187 36.6088 5
      vertex 15.6624 35.4743 5
      vertex 15.1097 36.4828 5
    endloop
  endfacet
  facet normal 0 -0 1
    outer loop
      vertex 15.1044 34.4205 5
      vertex 15.6274 35.098 5
      vertex 14.7983 34.3279 5
    endloop
  endfacet
  facet normal 0 -0 1
    outer loop
      vertex 14.4283 34.2971 5
      vertex 15.6624 35.4743 5
      vertex 14.4187 36.6088 5
    endloop
  endfacet
  facet normal 0 0 1
    outer loop
      vertex 15.5221 34.7981 5
      vertex 15.1044 34.4205 5
      vertex 15.3467 34.5748 5
    endloop
  endfacet
  facet normal 0 0 1
    outer loop
      vertex 15.6274 35.098 5
      vertex 15.1044 34.4205 5
      vertex 15.5221 34.7981 5
    endloop
  endfacet
  facet normal 0 0 1
    outer loop
      vertex 15.6624 35.4743 5
      vertex 14.7983 34.3279 5
      vertex 15.6274 35.098 5
    endloop
  endfacet
  facet normal 0 0 1
    outer loop
      vertex 15.6624 35.4743 5
      vertex 14.4283 34.2971 5
      vertex 14.7983 34.3279 5
    endloop
  endfacet
  facet normal 0 0 1
    outer loop
      vertex 14.4187 36.6088 5
      vertex 14.0625 34.3306 5
      vertex 14.4283 34.2971 5
    endloop
  endfacet
  facet normal 0 0 1
    outer loop
      vertex 13.1846 35.4743 5
      vertex 14.4187 36.6088 5
      vertex 14.0488 36.5772 5
    endloop
  endfacet
  facet normal 0 0 1
    outer loop
      vertex 14.4187 36.6088 5
      vertex 13.1846 35.4743 5
      vertex 14.0625 34.3306 5
    endloop
  endfacet
  facet normal 0 0 1
    outer loop
      vertex 13.2197 35.8198 5
      vertex 14.0488 36.5772 5
      vertex 13.7426 36.4822 5
    endloop
  endfacet
  facet normal -0 -0 1
    outer loop
      vertex 13.2207 35.1217 5
      vertex 14.0625 34.3306 5
      vertex 13.1846 35.4743 5
    endloop
  endfacet
  facet normal 0 0 1
    outer loop
      vertex 13.2197 35.8198 5
      vertex 13.7426 36.4822 5
      vertex 13.5002 36.324 5
    endloop
  endfacet
  facet normal 0 0 1
    outer loop
      vertex 14.0625 34.3306 5
      vertex 13.2207 35.1217 5
      vertex 13.7563 34.431 5
    endloop
  endfacet
  facet normal 0 0 1
    outer loop
      vertex 13.2197 35.8198 5
      vertex 13.5002 36.324 5
      vertex 13.3249 36.103 5
    endloop
  endfacet
  facet normal 0 0 1
    outer loop
      vertex 13.7563 34.431 5
      vertex 13.2207 35.1217 5
      vertex 13.5097 34.5985 5
    endloop
  endfacet
  facet normal 0 0 1
    outer loop
      vertex 14.0488 36.5772 5
      vertex 13.2197 35.8198 5
      vertex 13.1846 35.4743 5
    endloop
  endfacet
  facet normal 0 0 1
    outer loop
      vertex 13.5097 34.5985 5
      vertex 13.2207 35.1217 5
      vertex 13.3291 34.8298 5
    endloop
  endfacet
  facet normal -0 0 1
    outer loop
      vertex 20.9746 34.9949 5
      vertex 23.666 34.7623 5
      vertex 23.6248 35.2652 5
    endloop
  endfacet
  facet normal 0 0 1
    outer loop
      vertex 23.666 34.7623 5
      vertex 21.0141 34.5416 5
      vertex 23.6457 34.5091 5
    endloop
  endfacet
  facet normal -0 0 1
    outer loop
      vertex 21.0141 35.4398 5
      vertex 23.6248 35.2652 5
      vertex 23.5014 35.6979 5
    endloop
  endfacet
  facet normal 0 0 1
    outer loop
      vertex 23.666 34.7623 5
      vertex 20.9746 34.9949 5
      vertex 21.0141 34.5416 5
    endloop
  endfacet
  facet normal 0 0 1
    outer loop
      vertex 23.6457 34.5091 5
      vertex 22.7646 33.4891 5
      vertex 23.5848 34.275 5
    endloop
  endfacet
  facet normal 0 0 1
    outer loop
      vertex 21.0141 35.4398 5
      vertex 23.5014 35.6979 5
      vertex 23.2957 36.0605 5
    endloop
  endfacet
  facet normal 0 -0 1
    outer loop
      vertex 22.7646 33.4891 5
      vertex 23.6457 34.5091 5
      vertex 21.0141 34.5416 5
    endloop
  endfacet
  facet normal 0 0 1
    outer loop
      vertex 22.3036 36.5518 5
      vertex 23.2957 36.0605 5
      vertex 23.021 36.3335 5
    endloop
  endfacet
  facet normal 0 0 1
    outer loop
      vertex 23.5848 34.275 5
      vertex 22.9824 33.5827 5
      vertex 23.4832 34.0598 5
    endloop
  endfacet
  facet normal 0 0 1
    outer loop
      vertex 23.4832 34.0598 5
      vertex 22.9824 33.5827 5
      vertex 23.3464 33.8696 5
    endloop
  endfacet
  facet normal 0 0 1
    outer loop
      vertex 22.3036 36.5518 5
      vertex 23.021 36.3335 5
      vertex 22.6903 36.4972 5
    endloop
  endfacet
  facet normal 0 0 1
    outer loop
      vertex 23.3464 33.8696 5
      vertex 22.9824 33.5827 5
      vertex 23.1794 33.7106 5
    endloop
  endfacet
  facet normal 0 0 1
    outer loop
      vertex 21.1328 35.8187 5
      vertex 23.2957 36.0605 5
      vertex 22.3036 36.5518 5
    endloop
  endfacet
  facet normal 0 0 1
    outer loop
      vertex 23.5848 34.275 5
      vertex 22.7646 33.4891 5
      vertex 22.9824 33.5827 5
    endloop
  endfacet
  facet normal 0 0 1
    outer loop
      vertex 21.1328 35.8187 5
      vertex 22.3036 36.5518 5
      vertex 21.9213 36.5051 5
    endloop
  endfacet
  facet normal 0 0 1
    outer loop
      vertex 22.7646 33.4891 5
      vertex 21.0141 34.5416 5
      vertex 22.5352 33.4329 5
    endloop
  endfacet
  facet normal 0 0 1
    outer loop
      vertex 21.3306 36.1317 5
      vertex 21.9213 36.5051 5
      vertex 21.5969 36.3651 5
    endloop
  endfacet
  facet normal 0 0 1
    outer loop
      vertex 22.5352 33.4329 5
      vertex 21.0141 34.5416 5
      vertex 22.2942 33.4142 5
    endloop
  endfacet
  facet normal 0 0 1
    outer loop
      vertex 21.9213 36.5051 5
      vertex 21.3306 36.1317 5
      vertex 21.1328 35.8187 5
    endloop
  endfacet
  facet normal -0 -0 1
    outer loop
      vertex 21.1328 34.1563 5
      vertex 22.2942 33.4142 5
      vertex 21.0141 34.5416 5
    endloop
  endfacet
  facet normal 0 0 1
    outer loop
      vertex 23.2957 36.0605 5
      vertex 21.1328 35.8187 5
      vertex 21.0141 35.4398 5
    endloop
  endfacet
  facet normal 0 0 1
    outer loop
      vertex 22.2942 33.4142 5
      vertex 21.1328 34.1563 5
      vertex 21.9171 33.4614 5
    endloop
  endfacet
  facet normal 0 0 1
    outer loop
      vertex 23.6248 35.2652 5
      vertex 21.0141 35.4398 5
      vertex 20.9746 34.9949 5
    endloop
  endfacet
  facet normal -0 -0 1
    outer loop
      vertex 21.3306 33.839 5
      vertex 21.9171 33.4614 5
      vertex 21.1328 34.1563 5
    endloop
  endfacet
  facet normal 0 0 1
    outer loop
      vertex 21.9171 33.4614 5
      vertex 21.3306 33.839 5
      vertex 21.5959 33.603 5
    endloop
  endfacet
  facet normal 0 0 1
    outer loop
      vertex 26.1741 33.8034 5
      vertex 29.0887 33.8034 5
      vertex 29.0515 34.68 5
    endloop
  endfacet
  facet normal -0 0 1
    outer loop
      vertex 26.2124 34.6895 5
      vertex 29.0515 34.68 5
      vertex 28.94 35.3794 5
    endloop
  endfacet
  facet normal 0 0 1
    outer loop
      vertex 29.0887 33.8034 5
      vertex 26.1741 33.8034 5
      vertex 29.0497 32.9532 5
    endloop
  endfacet
  facet normal -0 0 1
    outer loop
      vertex 26.3271 35.392 5
      vertex 28.94 35.3794 5
      vertex 28.754 35.9015 5
    endloop
  endfacet
  facet normal 0 -0 1
    outer loop
      vertex 26.2129 32.939 5
      vertex 29.0497 32.9532 5
      vertex 26.1741 33.8034 5
    endloop
  endfacet
  facet normal 0 0 1
    outer loop
      vertex 28.1148 36.4796 5
      vertex 28.754 35.9015 5
      vertex 28.4827 36.2628 5
    endloop
  endfacet
  facet normal 0 0 1
    outer loop
      vertex 29.0497 32.9532 5
      vertex 26.2129 32.939 5
      vertex 28.9326 32.2633 5
    endloop
  endfacet
  facet normal 0 0 1
    outer loop
      vertex 28.754 35.9015 5
      vertex 28.1148 36.4796 5
      vertex 27.6504 36.5518 5
    endloop
  endfacet
  facet normal 0 -0 1
    outer loop
      vertex 26.3292 32.2443 5
      vertex 28.9326 32.2633 5
      vertex 26.2129 32.939 5
    endloop
  endfacet
  facet normal 0 0 1
    outer loop
      vertex 28.754 35.9015 5
      vertex 27.6504 36.5518 5
      vertex 26.5182 35.911 5
    endloop
  endfacet
  facet normal 0 0 1
    outer loop
      vertex 28.9326 32.2633 5
      vertex 26.3292 32.2443 5
      vertex 28.7374 31.7338 5
    endloop
  endfacet
  facet normal 0 0 1
    outer loop
      vertex 26.5182 35.911 5
      vertex 27.6504 36.5518 5
      vertex 27.1744 36.4806 5
    endloop
  endfacet
  facet normal 0 -0 1
    outer loop
      vertex 26.523 31.7195 5
      vertex 28.7374 31.7338 5
      vertex 26.3292 32.2443 5
    endloop
  endfacet
  facet normal 0 -0 1
    outer loop
      vertex 27.6314 31.0597 5
      vertex 28.7374 31.7338 5
      vertex 26.523 31.7195 5
    endloop
  endfacet
  facet normal 0 0 1
    outer loop
      vertex 26.5182 35.911 5
      vertex 27.1744 36.4806 5
      vertex 26.797 36.267 5
    endloop
  endfacet
  facet normal 0 0 1
    outer loop
      vertex 28.7374 31.7338 5
      vertex 27.6314 31.0597 5
      vertex 28.4584 31.3593 5
    endloop
  endfacet
  facet normal 0 0 1
    outer loop
      vertex 28.754 35.9015 5
      vertex 26.5182 35.911 5
      vertex 26.3271 35.392 5
    endloop
  endfacet
  facet normal 0 0 1
    outer loop
      vertex 28.4584 31.3593 5
      vertex 27.6314 31.0597 5
      vertex 28.0898 31.1346 5
    endloop
  endfacet
  facet normal 0 0 1
    outer loop
      vertex 28.94 35.3794 5
      vertex 26.3271 35.392 5
      vertex 26.2124 34.6895 5
    endloop
  endfacet
  facet normal 0 0 1
    outer loop
      vertex 27.6314 31.0597 5
      vertex 26.523 31.7195 5
      vertex 27.1707 31.133 5
    endloop
  endfacet
  facet normal 0 0 1
    outer loop
      vertex 29.0515 34.68 5
      vertex 26.2124 34.6895 5
      vertex 26.1741 33.8034 5
    endloop
  endfacet
  facet normal 0 0 1
    outer loop
      vertex 27.1707 31.133 5
      vertex 26.523 31.7195 5
      vertex 26.8012 31.353 5
    endloop
  endfacet
  facet normal -0 0 1
    outer loop
      vertex 46.9427 32.8113 5
      vertex 49.6247 32.6072 5
      vertex 49.5852 33.0545 5
    endloop
  endfacet
  facet normal 0 0 1
    outer loop
      vertex 49.6247 32.6072 5
      vertex 46.9852 32.3266 5
      vertex 49.5857 32.1576 5
    endloop
  endfacet
  facet normal 0 0 1
    outer loop
      vertex 48.2766 34.1214 5
      vertex 49.5852 33.0545 5
      vertex 49.4665 33.4279 5
    endloop
  endfacet
  facet normal 0 -0 1
    outer loop
      vertex 47.1126 31.9042 5
      vertex 49.5857 32.1576 5
      vertex 46.9852 32.3266 5
    endloop
  endfacet
  facet normal 0 0 1
    outer loop
      vertex 48.6695 34.0777 5
      vertex 49.4665 33.4279 5
      vertex 49.2687 33.7274 5
    endloop
  endfacet
  facet normal 0 -0 1
    outer loop
      vertex 47.3248 31.5439 5
      vertex 49.5857 32.1576 5
      vertex 47.1126 31.9042 5
    endloop
  endfacet
  facet normal 0 0 1
    outer loop
      vertex 48.6695 34.0777 5
      vertex 49.2687 33.7274 5
      vertex 49.0002 33.9463 5
    endloop
  endfacet
  facet normal 0 0 1
    outer loop
      vertex 49.5857 32.1576 5
      vertex 47.3248 31.5439 5
      vertex 49.4686 31.777 5
    endloop
  endfacet
  facet normal 0 0 1
    outer loop
      vertex 49.4665 33.4279 5
      vertex 48.6695 34.0777 5
      vertex 48.2766 34.1214 5
    endloop
  endfacet
  facet normal 0 -0 1
    outer loop
      vertex 48.3051 31.0503 5
      vertex 49.4686 31.777 5
      vertex 47.3248 31.5439 5
    endloop
  endfacet
  facet normal 0 0 1
    outer loop
      vertex 49.5852 33.0545 5
      vertex 48.2766 34.1214 5
      vertex 46.9427 32.8113 5
    endloop
  endfacet
  facet normal 0 -0 1
    outer loop
      vertex 48.6869 31.0964 5
      vertex 49.4686 31.777 5
      vertex 48.3051 31.0503 5
    endloop
  endfacet
  facet normal 0 0 1
    outer loop
      vertex 46.9427 32.8113 5
      vertex 48.2766 34.1214 5
      vertex 47.9034 34.0827 5
    endloop
  endfacet
  facet normal 0 0 1
    outer loop
      vertex 49.2734 31.4656 5
      vertex 48.6869 31.0964 5
      vertex 49.0097 31.2349 5
    endloop
  endfacet
  facet normal 0 0 1
    outer loop
      vertex 46.9836 33.1903 5
      vertex 47.9034 34.0827 5
      vertex 47.5814 33.9664 5
    endloop
  endfacet
  facet normal 0 0 1
    outer loop
      vertex 49.4686 31.777 5
      vertex 48.6869 31.0964 5
      vertex 49.2734 31.4656 5
    endloop
  endfacet
  facet normal 0 0 1
    outer loop
      vertex 46.9836 33.1903 5
      vertex 47.5814 33.9664 5
      vertex 47.3106 33.7726 5
    endloop
  endfacet
  facet normal -0 -0 1
    outer loop
      vertex 47.6036 31.2697 5
      vertex 48.3051 31.0503 5
      vertex 47.3248 31.5439 5
    endloop
  endfacet
  facet normal 0 0 1
    outer loop
      vertex 46.9836 33.1903 5
      vertex 47.3106 33.7726 5
      vertex 47.1062 33.5107 5
    endloop
  endfacet
  facet normal 0 0 1
    outer loop
      vertex 48.3051 31.0503 5
      vertex 47.6036 31.2697 5
      vertex 47.9303 31.1051 5
    endloop
  endfacet
  facet normal 0 0 1
    outer loop
      vertex 47.9034 34.0827 5
      vertex 46.9836 33.1903 5
      vertex 46.9427 32.8113 5
    endloop
  endfacet
  facet normal 0 0 1
    outer loop
      vertex 49.6247 32.6072 5
      vertex 46.9427 32.8113 5
      vertex 46.9852 32.3266 5
    endloop
  endfacet
  facet normal 0 0 1
    outer loop
      vertex 59.956 33.8034 5
      vertex 62.8706 33.8034 5
      vertex 62.8334 34.68 5
    endloop
  endfacet
  facet normal -0 0 1
    outer loop
      vertex 59.9943 34.6895 5
      vertex 62.8334 34.68 5
      vertex 62.7219 35.3794 5
    endloop
  endfacet
  facet normal 0 0 1
    outer loop
      vertex 62.8706 33.8034 5
      vertex 59.956 33.8034 5
      vertex 62.8316 32.9532 5
    endloop
  endfacet
  facet normal -0 0 1
    outer loop
      vertex 60.109 35.392 5
      vertex 62.7219 35.3794 5
      vertex 62.5359 35.9015 5
    endloop
  endfacet
  facet normal 0 -0 1
    outer loop
      vertex 59.9948 32.939 5
      vertex 62.8316 32.9532 5
      vertex 59.956 33.8034 5
    endloop
  endfacet
  facet normal 0 0 1
    outer loop
      vertex 61.8967 36.4796 5
      vertex 62.5359 35.9015 5
      vertex 62.2646 36.2628 5
    endloop
  endfacet
  facet normal 0 0 1
    outer loop
      vertex 62.8316 32.9532 5
      vertex 59.9948 32.939 5
      vertex 62.7145 32.2633 5
    endloop
  endfacet
  facet normal 0 0 1
    outer loop
      vertex 62.5359 35.9015 5
      vertex 61.8967 36.4796 5
      vertex 61.4323 36.5518 5
    endloop
  endfacet
  facet normal 0 -0 1
    outer loop
      vertex 60.1111 32.2443 5
      vertex 62.7145 32.2633 5
      vertex 59.9948 32.939 5
    endloop
  endfacet
  facet normal 0 0 1
    outer loop
      vertex 62.5359 35.9015 5
      vertex 61.4323 36.5518 5
      vertex 60.3001 35.911 5
    endloop
  endfacet
  facet normal 0 0 1
    outer loop
      vertex 62.7145 32.2633 5
      vertex 60.1111 32.2443 5
      vertex 62.5193 31.7338 5
    endloop
  endfacet
  facet normal 0 0 1
    outer loop
      vertex 60.3001 35.911 5
      vertex 61.4323 36.5518 5
      vertex 60.9563 36.4806 5
    endloop
  endfacet
  facet normal 0 -0 1
    outer loop
      vertex 60.3049 31.7195 5
      vertex 62.5193 31.7338 5
      vertex 60.1111 32.2443 5
    endloop
  endfacet
  facet normal 0 -0 1
    outer loop
      vertex 61.4133 31.0597 5
      vertex 62.5193 31.7338 5
      vertex 60.3049 31.7195 5
    endloop
  endfacet
  facet normal 0 0 1
    outer loop
      vertex 60.3001 35.911 5
      vertex 60.9563 36.4806 5
      vertex 60.5789 36.267 5
    endloop
  endfacet
  facet normal 0 0 1
    outer loop
      vertex 62.5193 31.7338 5
      vertex 61.4133 31.0597 5
      vertex 62.2403 31.3593 5
    endloop
  endfacet
  facet normal 0 0 1
    outer loop
      vertex 62.5359 35.9015 5
      vertex 60.3001 35.911 5
      vertex 60.109 35.392 5
    endloop
  endfacet
  facet normal 0 0 1
    outer loop
      vertex 62.2403 31.3593 5
      vertex 61.4133 31.0597 5
      vertex 61.8716 31.1346 5
    endloop
  endfacet
  facet normal 0 0 1
    outer loop
      vertex 62.7219 35.3794 5
      vertex 60.109 35.392 5
      vertex 59.9943 34.6895 5
    endloop
  endfacet
  facet normal 0 0 1
    outer loop
      vertex 61.4133 31.0597 5
      vertex 60.3049 31.7195 5
      vertex 60.9526 31.133 5
    endloop
  endfacet
  facet normal 0 0 1
    outer loop
      vertex 62.8334 34.68 5
      vertex 59.9943 34.6895 5
      vertex 59.956 33.8034 5
    endloop
  endfacet
  facet normal 0 0 1
    outer loop
      vertex 60.9526 31.133 5
      vertex 60.3049 31.7195 5
      vertex 60.5831 31.353 5
    endloop
  endfacet
  facet normal 0 0 -1
    outer loop
      vertex 0 0 0
      vertex 88.9 76.2 0
      vertex 88.9 0 0
    endloop
  endfacet
  facet normal -0 0 -1
    outer loop
      vertex 88.9 76.2 0
      vertex 0 0 0
      vertex 0 76.2 0
    endloop
  endfacet
  facet normal -1 0 0
    outer loop
      vertex 0 0 0
      vertex 0 76.2 5
      vertex 0 76.2 0
    endloop
  endfacet
  facet normal -1 -0 0
    outer loop
      vertex 0 76.2 5
      vertex 0 0 0
      vertex 0 0 5
    endloop
  endfacet
  facet normal 0 1 -0
    outer loop
      vertex 88.9 76.2 0
      vertex 0 76.2 5
      vertex 88.9 76.2 5
    endloop
  endfacet
  facet normal 0 1 0
    outer loop
      vertex 0 76.2 5
      vertex 88.9 76.2 0
      vertex 0 76.2 0
    endloop
  endfacet
  facet normal 0 -1 0
    outer loop
      vertex 0 0 0
      vertex 88.9 0 5
      vertex 0 0 5
    endloop
  endfacet
  facet normal 0 -1 -0
    outer loop
      vertex 88.9 0 5
      vertex 0 0 0
      vertex 88.9 0 0
    endloop
  endfacet
endsolid OpenSCAD_Model
