solid OpenSCAD_Model
  facet normal -0.989028 -0.14773 0
    outer loop
      vertex -126.923 -19.0054 0
      vertex -126.981 -18.6171 4
      vertex -126.981 -18.6171 0
    endloop
  endfacet
  facet normal -0.989028 -0.14773 0
    outer loop
      vertex -126.981 -18.6171 4
      vertex -126.923 -19.0054 0
      vertex -126.923 -19.0054 4
    endloop
  endfacet
  facet normal -0.0491751 0.99879 0
    outer loop
      vertex -123 22.225 0
      vertex -123.392 22.2057 4
      vertex -123 22.225 4
    endloop
  endfacet
  facet normal -0.0491751 0.99879 0
    outer loop
      vertex -123.392 22.2057 4
      vertex -123 22.225 0
      vertex -123.392 22.2057 0
    endloop
  endfacet
  facet normal 0.941742 -0.336336 0
    outer loop
      vertex 126.696 -19.7557 4
      vertex 126.828 -19.3861 0
      vertex 126.828 -19.3861 4
    endloop
  endfacet
  facet normal 0.941742 -0.336336 0
    outer loop
      vertex 126.828 -19.3861 0
      vertex 126.696 -19.7557 4
      vertex 126.696 -19.7557 0
    endloop
  endfacet
  facet normal -0.998828 -0.0484002 0
    outer loop
      vertex -126.981 -18.6171 0
      vertex -127 -18.225 4
      vertex -127 -18.225 0
    endloop
  endfacet
  facet normal -0.998828 -0.0484002 0
    outer loop
      vertex -127 -18.225 4
      vertex -126.981 -18.6171 0
      vertex -126.981 -18.6171 4
    endloop
  endfacet
  facet normal -0.672622 -0.739986 0
    outer loop
      vertex -125.828 -21.0534 0
      vertex -125.538 -21.317 4
      vertex -125.828 -21.0534 4
    endloop
  endfacet
  facet normal -0.672622 -0.739986 -0
    outer loop
      vertex -125.538 -21.317 4
      vertex -125.828 -21.0534 0
      vertex -125.538 -21.317 0
    endloop
  endfacet
  facet normal 0.594942 0.803769 -0
    outer loop
      vertex 125.538 21.317 0
      vertex 125.222 21.5509 4
      vertex 125.538 21.317 4
    endloop
  endfacet
  facet normal 0.594942 0.803769 0
    outer loop
      vertex 125.222 21.5509 4
      vertex 125.538 21.317 0
      vertex 125.222 21.5509 0
    endloop
  endfacet
  facet normal 0.989028 0.14773 0
    outer loop
      vertex 126.981 18.6171 4
      vertex 126.923 19.0054 0
      vertex 126.923 19.0054 4
    endloop
  endfacet
  facet normal 0.989028 0.14773 0
    outer loop
      vertex 126.923 19.0054 0
      vertex 126.981 18.6171 4
      vertex 126.981 18.6171 0
    endloop
  endfacet
  facet normal 0.998828 0.0484002 0
    outer loop
      vertex 127 18.225 4
      vertex 126.981 18.6171 0
      vertex 126.981 18.6171 4
    endloop
  endfacet
  facet normal 0.998828 0.0484002 0
    outer loop
      vertex 126.981 18.6171 0
      vertex 127 18.225 4
      vertex 127 18.225 0
    endloop
  endfacet
  facet normal 0.146844 -0.98916 0
    outer loop
      vertex 123.392 -22.2057 0
      vertex 123.78 -22.1481 4
      vertex 123.392 -22.2057 4
    endloop
  endfacet
  facet normal 0.146844 -0.98916 0
    outer loop
      vertex 123.78 -22.1481 4
      vertex 123.392 -22.2057 0
      vertex 123.78 -22.1481 0
    endloop
  endfacet
  facet normal 0.0491751 -0.99879 0
    outer loop
      vertex 123 -22.225 0
      vertex 123.392 -22.2057 4
      vertex 123 -22.225 4
    endloop
  endfacet
  facet normal 0.0491751 -0.99879 0
    outer loop
      vertex 123.392 -22.2057 4
      vertex 123 -22.225 0
      vertex 123.392 -22.2057 0
    endloop
  endfacet
  facet normal 0 -1 0
    outer loop
      vertex -123 -22.225 0
      vertex -29.4185 -22.225 4
      vertex -123 -22.225 4
    endloop
  endfacet
  facet normal 0 -1 -0
    outer loop
      vertex -29.4185 -22.225 4
      vertex -123 -22.225 0
      vertex -26.4185 -22.225 4
    endloop
  endfacet
  facet normal 0 -1 0
    outer loop
      vertex 123 -22.225 0
      vertex -26.4185 -22.225 4
      vertex -123 -22.225 0
    endloop
  endfacet
  facet normal 0 -1 0
    outer loop
      vertex -26.4185 -22.225 4
      vertex 123 -22.225 0
      vertex 102.007 -22.225 4
    endloop
  endfacet
  facet normal 0 -1 0
    outer loop
      vertex 102.007 -22.225 4
      vertex 123 -22.225 0
      vertex 105.007 -22.225 4
    endloop
  endfacet
  facet normal 0 -1 0
    outer loop
      vertex 105.007 -22.225 4
      vertex 123 -22.225 0
      vertex 123 -22.225 4
    endloop
  endfacet
  facet normal 0 -1 0
    outer loop
      vertex -29.4185 -22.225 4
      vertex -26.4185 -22.225 130.351
      vertex -29.4185 -22.225 130.351
    endloop
  endfacet
  facet normal 0 -1 -0
    outer loop
      vertex -26.4185 -22.225 130.351
      vertex -29.4185 -22.225 4
      vertex -26.4185 -22.225 4
    endloop
  endfacet
  facet normal 0 -1 0
    outer loop
      vertex 102.007 -22.225 4
      vertex 105.007 -22.225 130.351
      vertex 102.007 -22.225 130.351
    endloop
  endfacet
  facet normal 0 -1 -0
    outer loop
      vertex 105.007 -22.225 130.351
      vertex 102.007 -22.225 4
      vertex 105.007 -22.225 4
    endloop
  endfacet
  facet normal 0 1 -0
    outer loop
      vertex 123 22.225 0
      vertex -123 22.225 4
      vertex 123 22.225 4
    endloop
  endfacet
  facet normal 0 1 0
    outer loop
      vertex -123 22.225 4
      vertex 123 22.225 0
      vertex -123 22.225 0
    endloop
  endfacet
  facet normal -0.803015 0.595958 0
    outer loop
      vertex -126.326 20.4473 0
      vertex -126.092 20.7626 4
      vertex -126.092 20.7626 0
    endloop
  endfacet
  facet normal -0.803015 0.595958 0
    outer loop
      vertex -126.092 20.7626 4
      vertex -126.326 20.4473 0
      vertex -126.326 20.4473 4
    endloop
  endfacet
  facet normal -0.857515 0.514458 0
    outer loop
      vertex -126.528 20.1106 0
      vertex -126.326 20.4473 4
      vertex -126.326 20.4473 0
    endloop
  endfacet
  facet normal -0.857515 0.514458 0
    outer loop
      vertex -126.326 20.4473 4
      vertex -126.528 20.1106 0
      vertex -126.528 20.1106 4
    endloop
  endfacet
  facet normal -0.998828 0.0484002 0
    outer loop
      vertex -127 18.225 0
      vertex -126.981 18.6171 4
      vertex -126.981 18.6171 0
    endloop
  endfacet
  facet normal -0.998828 0.0484002 0
    outer loop
      vertex -126.981 18.6171 4
      vertex -127 18.225 0
      vertex -127 18.225 4
    endloop
  endfacet
  facet normal -1 0 0
    outer loop
      vertex -127 -18.225 0
      vertex -127 18.225 4
      vertex -127 18.225 0
    endloop
  endfacet
  facet normal -1 -0 0
    outer loop
      vertex -127 18.225 4
      vertex -127 -18.225 0
      vertex -127 -18.225 4
    endloop
  endfacet
  facet normal -0.514871 0.857268 0
    outer loop
      vertex -124.886 21.7527 0
      vertex -125.222 21.5509 4
      vertex -124.886 21.7527 4
    endloop
  endfacet
  facet normal -0.514871 0.857268 0
    outer loop
      vertex -125.222 21.5509 4
      vertex -124.886 21.7527 0
      vertex -125.222 21.5509 0
    endloop
  endfacet
  facet normal 0.857515 0.514458 0
    outer loop
      vertex 126.528 20.1106 4
      vertex 126.326 20.4473 0
      vertex 126.326 20.4473 4
    endloop
  endfacet
  facet normal 0.857515 0.514458 0
    outer loop
      vertex 126.326 20.4473 0
      vertex 126.528 20.1106 4
      vertex 126.528 20.1106 0
    endloop
  endfacet
  facet normal 0.903847 -0.427856 0
    outer loop
      vertex 126.528 -20.1106 4
      vertex 126.696 -19.7557 0
      vertex 126.696 -19.7557 4
    endloop
  endfacet
  facet normal 0.903847 -0.427856 0
    outer loop
      vertex 126.696 -19.7557 0
      vertex 126.528 -20.1106 4
      vertex 126.528 -20.1106 0
    endloop
  endfacet
  facet normal 0.242655 -0.970113 0
    outer loop
      vertex 123.78 -22.1481 0
      vertex 124.161 -22.0528 4
      vertex 123.78 -22.1481 4
    endloop
  endfacet
  facet normal 0.242655 -0.970113 0
    outer loop
      vertex 124.161 -22.0528 4
      vertex 123.78 -22.1481 0
      vertex 124.161 -22.0528 0
    endloop
  endfacet
  facet normal 0.740401 0.672166 0
    outer loop
      vertex 126.092 20.7626 4
      vertex 125.828 21.0534 0
      vertex 125.828 21.0534 4
    endloop
  endfacet
  facet normal 0.740401 0.672166 0
    outer loop
      vertex 125.828 21.0534 0
      vertex 126.092 20.7626 4
      vertex 126.092 20.7626 0
    endloop
  endfacet
  facet normal -0.857515 -0.514458 0
    outer loop
      vertex -126.326 -20.4473 0
      vertex -126.528 -20.1106 4
      vertex -126.528 -20.1106 0
    endloop
  endfacet
  facet normal -0.857515 -0.514458 0
    outer loop
      vertex -126.528 -20.1106 4
      vertex -126.326 -20.4473 0
      vertex -126.326 -20.4473 4
    endloop
  endfacet
  facet normal 0.970247 0.242116 0
    outer loop
      vertex 126.923 19.0054 4
      vertex 126.828 19.3861 0
      vertex 126.828 19.3861 4
    endloop
  endfacet
  facet normal 0.970247 0.242116 0
    outer loop
      vertex 126.828 19.3861 0
      vertex 126.923 19.0054 4
      vertex 126.923 19.0054 0
    endloop
  endfacet
  facet normal -0.740401 -0.672166 0
    outer loop
      vertex -125.828 -21.0534 0
      vertex -126.092 -20.7626 4
      vertex -126.092 -20.7626 0
    endloop
  endfacet
  facet normal -0.740401 -0.672166 0
    outer loop
      vertex -126.092 -20.7626 4
      vertex -125.828 -21.0534 0
      vertex -125.828 -21.0534 4
    endloop
  endfacet
  facet normal 0.514871 0.857268 -0
    outer loop
      vertex 125.222 21.5509 0
      vertex 124.886 21.7527 4
      vertex 125.222 21.5509 4
    endloop
  endfacet
  facet normal 0.514871 0.857268 0
    outer loop
      vertex 124.886 21.7527 4
      vertex 125.222 21.5509 0
      vertex 124.886 21.7527 0
    endloop
  endfacet
  facet normal 0.146844 0.98916 -0
    outer loop
      vertex 123.78 22.1481 0
      vertex 123.392 22.2057 4
      vertex 123.78 22.1481 4
    endloop
  endfacet
  facet normal 0.146844 0.98916 0
    outer loop
      vertex 123.392 22.2057 4
      vertex 123.78 22.1481 0
      vertex 123.392 22.2057 0
    endloop
  endfacet
  facet normal -0.242655 -0.970113 0
    outer loop
      vertex -124.161 -22.0528 0
      vertex -123.78 -22.1481 4
      vertex -124.161 -22.0528 4
    endloop
  endfacet
  facet normal -0.242655 -0.970113 -0
    outer loop
      vertex -123.78 -22.1481 4
      vertex -124.161 -22.0528 0
      vertex -123.78 -22.1481 0
    endloop
  endfacet
  facet normal -0.427342 -0.90409 0
    outer loop
      vertex -124.886 -21.7527 0
      vertex -124.531 -21.9205 4
      vertex -124.886 -21.7527 4
    endloop
  endfacet
  facet normal -0.427342 -0.90409 -0
    outer loop
      vertex -124.531 -21.9205 4
      vertex -124.886 -21.7527 0
      vertex -124.531 -21.9205 0
    endloop
  endfacet
  facet normal -0 0 1
    outer loop
      vertex -26.4185 -16.776 4
      vertex 102.007 -22.225 4
      vertex 102.007 -16.776 4
    endloop
  endfacet
  facet normal 0 0 1
    outer loop
      vertex 102.007 -22.225 4
      vertex -26.4185 -16.776 4
      vertex -26.4185 -22.225 4
    endloop
  endfacet
  facet normal -0 0 1
    outer loop
      vertex -112.402 14.9316 4
      vertex -109.006 13.75 4
      vertex -112.325 15.241 4
    endloop
  endfacet
  facet normal 0 0 1
    outer loop
      vertex -109.006 -13.75 4
      vertex -112.278 -15.5564 4
      vertex -112.262 -15.875 4
    endloop
  endfacet
  facet normal -0 0 1
    outer loop
      vertex -112.51 14.6313 4
      vertex -109.006 13.75 4
      vertex -112.402 14.9316 4
    endloop
  endfacet
  facet normal 0 0 1
    outer loop
      vertex -109.006 -13.75 4
      vertex -112.325 -15.241 4
      vertex -112.278 -15.5564 4
    endloop
  endfacet
  facet normal -0 0 1
    outer loop
      vertex -112.646 14.343 4
      vertex -109.006 13.75 4
      vertex -112.51 14.6313 4
    endloop
  endfacet
  facet normal 0 0 1
    outer loop
      vertex -109.006 -13.75 4
      vertex -112.402 -14.9316 4
      vertex -112.325 -15.241 4
    endloop
  endfacet
  facet normal -0 0 1
    outer loop
      vertex -112.81 14.0694 4
      vertex -109.006 13.75 4
      vertex -112.646 14.343 4
    endloop
  endfacet
  facet normal 0 0 1
    outer loop
      vertex -109.006 -13.75 4
      vertex -112.51 -14.6313 4
      vertex -112.402 -14.9316 4
    endloop
  endfacet
  facet normal -0 0 1
    outer loop
      vertex -113 13.8132 4
      vertex -109.006 13.75 4
      vertex -112.81 14.0694 4
    endloop
  endfacet
  facet normal 0 0 1
    outer loop
      vertex -109.006 -13.75 4
      vertex -112.646 -14.343 4
      vertex -112.51 -14.6313 4
    endloop
  endfacet
  facet normal 0 0 1
    outer loop
      vertex -113.214 13.5769 4
      vertex -109.006 13.75 4
      vertex -113 13.8132 4
    endloop
  endfacet
  facet normal 0 0 1
    outer loop
      vertex -109.006 -13.75 4
      vertex -112.81 -14.0694 4
      vertex -112.646 -14.343 4
    endloop
  endfacet
  facet normal 0 0 1
    outer loop
      vertex -113.451 13.3627 4
      vertex -109.006 13.75 4
      vertex -113.214 13.5769 4
    endloop
  endfacet
  facet normal 0 0 1
    outer loop
      vertex -109.006 -13.75 4
      vertex -113 -13.8132 4
      vertex -112.81 -14.0694 4
    endloop
  endfacet
  facet normal 0 0 1
    outer loop
      vertex -113.707 13.1727 4
      vertex -109.006 13.75 4
      vertex -113.451 13.3627 4
    endloop
  endfacet
  facet normal 0 0 1
    outer loop
      vertex -109.006 -13.75 4
      vertex -113.214 -13.5769 4
      vertex -113 -13.8132 4
    endloop
  endfacet
  facet normal 0 0 1
    outer loop
      vertex -113.98 13.0088 4
      vertex -109.006 13.75 4
      vertex -113.707 13.1727 4
    endloop
  endfacet
  facet normal 0 0 1
    outer loop
      vertex -109.006 -13.75 4
      vertex -113.451 -13.3627 4
      vertex -113.214 -13.5769 4
    endloop
  endfacet
  facet normal 0 0 1
    outer loop
      vertex -114.269 12.8724 4
      vertex -109.006 13.75 4
      vertex -113.98 13.0088 4
    endloop
  endfacet
  facet normal 0 0 1
    outer loop
      vertex -109.006 -13.75 4
      vertex -113.707 -13.1727 4
      vertex -113.451 -13.3627 4
    endloop
  endfacet
  facet normal 0 0 1
    outer loop
      vertex -109.006 13.75 4
      vertex -114.269 12.8724 4
      vertex -109.006 -13.75 4
    endloop
  endfacet
  facet normal 0 0 1
    outer loop
      vertex -109.006 -13.75 4
      vertex -113.98 -13.0088 4
      vertex -113.707 -13.1727 4
    endloop
  endfacet
  facet normal -0 0 1
    outer loop
      vertex -114.269 -12.8724 4
      vertex -109.006 -13.75 4
      vertex -114.269 12.8724 4
    endloop
  endfacet
  facet normal 0 0 1
    outer loop
      vertex -109.006 -13.75 4
      vertex -114.269 -12.8724 4
      vertex -113.98 -13.0088 4
    endloop
  endfacet
  facet normal -0 0 1
    outer loop
      vertex -114.569 12.7649 4
      vertex -114.269 -12.8724 4
      vertex -114.269 12.8724 4
    endloop
  endfacet
  facet normal 0 0 1
    outer loop
      vertex -114.569 12.7649 4
      vertex -114.569 -12.7649 4
      vertex -114.269 -12.8724 4
    endloop
  endfacet
  facet normal -0 0 1
    outer loop
      vertex -114.878 12.6874 4
      vertex -114.569 -12.7649 4
      vertex -114.569 12.7649 4
    endloop
  endfacet
  facet normal 0 0 1
    outer loop
      vertex -114.878 12.6874 4
      vertex -114.878 -12.6874 4
      vertex -114.569 -12.7649 4
    endloop
  endfacet
  facet normal -0 0 1
    outer loop
      vertex -115.194 12.6406 4
      vertex -114.878 -12.6874 4
      vertex -114.878 12.6874 4
    endloop
  endfacet
  facet normal 0 0 1
    outer loop
      vertex -115.194 12.6406 4
      vertex -115.194 -12.6407 4
      vertex -114.878 -12.6874 4
    endloop
  endfacet
  facet normal -0 0 1
    outer loop
      vertex -115.512 12.625 4
      vertex -115.194 -12.6407 4
      vertex -115.194 12.6406 4
    endloop
  endfacet
  facet normal 0 0 1
    outer loop
      vertex -115.512 12.625 4
      vertex -115.512 -12.625 4
      vertex -115.194 -12.6407 4
    endloop
  endfacet
  facet normal -0 0 1
    outer loop
      vertex -121.012 12.625 4
      vertex -115.512 -12.625 4
      vertex -115.512 12.625 4
    endloop
  endfacet
  facet normal 0 0 1
    outer loop
      vertex -121.012 12.625 4
      vertex -121.012 -12.625 4
      vertex -115.512 -12.625 4
    endloop
  endfacet
  facet normal 0 0 1
    outer loop
      vertex -121.331 12.6406 4
      vertex -121.012 -12.625 4
      vertex -121.012 12.625 4
    endloop
  endfacet
  facet normal 0 0 1
    outer loop
      vertex -121.331 12.6406 4
      vertex -121.331 -12.6407 4
      vertex -121.012 -12.625 4
    endloop
  endfacet
  facet normal 0 0 1
    outer loop
      vertex -121.647 12.6874 4
      vertex -121.331 -12.6407 4
      vertex -121.331 12.6406 4
    endloop
  endfacet
  facet normal 0 0 1
    outer loop
      vertex -121.647 12.6874 4
      vertex -121.647 -12.6874 4
      vertex -121.331 -12.6407 4
    endloop
  endfacet
  facet normal 0 0 1
    outer loop
      vertex -121.956 12.7649 4
      vertex -121.647 -12.6874 4
      vertex -121.647 12.6874 4
    endloop
  endfacet
  facet normal 0 0 1
    outer loop
      vertex -121.956 12.7649 4
      vertex -121.956 -12.7649 4
      vertex -121.647 -12.6874 4
    endloop
  endfacet
  facet normal 0 0 1
    outer loop
      vertex -122.256 12.8724 4
      vertex -121.956 -12.7649 4
      vertex -121.956 12.7649 4
    endloop
  endfacet
  facet normal 0 0 1
    outer loop
      vertex -122.256 12.8724 4
      vertex -122.256 -12.8724 4
      vertex -121.956 -12.7649 4
    endloop
  endfacet
  facet normal 0 0 1
    outer loop
      vertex -122.545 13.0088 4
      vertex -122.256 -12.8724 4
      vertex -122.256 12.8724 4
    endloop
  endfacet
  facet normal 0 0 1
    outer loop
      vertex -122.545 13.0088 4
      vertex -122.545 -13.0088 4
      vertex -122.256 -12.8724 4
    endloop
  endfacet
  facet normal 0 0 1
    outer loop
      vertex -122.818 13.1727 4
      vertex -122.545 -13.0088 4
      vertex -122.545 13.0088 4
    endloop
  endfacet
  facet normal 0 0 1
    outer loop
      vertex -122.818 13.1727 4
      vertex -122.818 -13.1727 4
      vertex -122.545 -13.0088 4
    endloop
  endfacet
  facet normal 0 0 1
    outer loop
      vertex -123.074 13.3627 4
      vertex -122.818 -13.1727 4
      vertex -122.818 13.1727 4
    endloop
  endfacet
  facet normal 0 0 1
    outer loop
      vertex -123.074 13.3627 4
      vertex -123.074 -13.3627 4
      vertex -122.818 -13.1727 4
    endloop
  endfacet
  facet normal 0 0 1
    outer loop
      vertex -123.311 13.5769 4
      vertex -123.074 -13.3627 4
      vertex -123.074 13.3627 4
    endloop
  endfacet
  facet normal 0 0 1
    outer loop
      vertex -123.311 13.5769 4
      vertex -123.311 -13.5769 4
      vertex -123.074 -13.3627 4
    endloop
  endfacet
  facet normal 0 0 1
    outer loop
      vertex -123.525 13.8132 4
      vertex -123.311 -13.5769 4
      vertex -123.311 13.5769 4
    endloop
  endfacet
  facet normal 0 0 1
    outer loop
      vertex -123.525 13.8132 4
      vertex -123.525 -13.8132 4
      vertex -123.311 -13.5769 4
    endloop
  endfacet
  facet normal 0 0 1
    outer loop
      vertex -123.715 14.0694 4
      vertex -123.525 -13.8132 4
      vertex -123.525 13.8132 4
    endloop
  endfacet
  facet normal 0 0 1
    outer loop
      vertex -123.715 14.0694 4
      vertex -123.715 -14.0694 4
      vertex -123.525 -13.8132 4
    endloop
  endfacet
  facet normal 0 0 1
    outer loop
      vertex -127 18.225 4
      vertex -123.715 14.0694 4
      vertex -123.879 14.343 4
    endloop
  endfacet
  facet normal 0 0 1
    outer loop
      vertex -123.715 14.0694 4
      vertex -127 18.225 4
      vertex -123.715 -14.0694 4
    endloop
  endfacet
  facet normal 0 0 1
    outer loop
      vertex -127 18.225 4
      vertex -123.879 14.343 4
      vertex -124.015 14.6313 4
    endloop
  endfacet
  facet normal 0 0 1
    outer loop
      vertex -127 -18.225 4
      vertex -123.715 -14.0694 4
      vertex -127 18.225 4
    endloop
  endfacet
  facet normal 0 0 1
    outer loop
      vertex -127 18.225 4
      vertex -124.015 14.6313 4
      vertex -124.123 14.9316 4
    endloop
  endfacet
  facet normal 0 0 1
    outer loop
      vertex -123.715 -14.0694 4
      vertex -127 -18.225 4
      vertex -123.879 -14.343 4
    endloop
  endfacet
  facet normal 0 0 1
    outer loop
      vertex -127 18.225 4
      vertex -124.123 14.9316 4
      vertex -124.2 15.241 4
    endloop
  endfacet
  facet normal 0 0 1
    outer loop
      vertex -123.879 -14.343 4
      vertex -127 -18.225 4
      vertex -124.015 -14.6313 4
    endloop
  endfacet
  facet normal 0 0 1
    outer loop
      vertex -127 18.225 4
      vertex -124.2 15.241 4
      vertex -124.247 15.5564 4
    endloop
  endfacet
  facet normal 0 0 1
    outer loop
      vertex -124.015 -14.6313 4
      vertex -127 -18.225 4
      vertex -124.123 -14.9316 4
    endloop
  endfacet
  facet normal 0 0 1
    outer loop
      vertex -127 18.225 4
      vertex -124.247 15.5564 4
      vertex -124.262 15.875 4
    endloop
  endfacet
  facet normal 0 0 1
    outer loop
      vertex -124.123 -14.9316 4
      vertex -127 -18.225 4
      vertex -124.2 -15.241 4
    endloop
  endfacet
  facet normal 0 0 1
    outer loop
      vertex 124.123 14.9316 4
      vertex 127 18.225 4
      vertex 124.2 15.241 4
    endloop
  endfacet
  facet normal 0 0 1
    outer loop
      vertex 127 -18.225 4
      vertex 124.247 -15.5564 4
      vertex 124.262 -15.875 4
    endloop
  endfacet
  facet normal 0 0 1
    outer loop
      vertex 124.015 14.6313 4
      vertex 127 18.225 4
      vertex 124.123 14.9316 4
    endloop
  endfacet
  facet normal 0 0 1
    outer loop
      vertex 127 -18.225 4
      vertex 124.2 -15.241 4
      vertex 124.247 -15.5564 4
    endloop
  endfacet
  facet normal 0 0 1
    outer loop
      vertex 123.879 14.343 4
      vertex 127 18.225 4
      vertex 124.015 14.6313 4
    endloop
  endfacet
  facet normal 0 0 1
    outer loop
      vertex 127 -18.225 4
      vertex 124.123 -14.9316 4
      vertex 124.2 -15.241 4
    endloop
  endfacet
  facet normal 0 0 1
    outer loop
      vertex 123.715 14.0694 4
      vertex 127 18.225 4
      vertex 123.879 14.343 4
    endloop
  endfacet
  facet normal 0 0 1
    outer loop
      vertex 127 -18.225 4
      vertex 124.015 -14.6313 4
      vertex 124.123 -14.9316 4
    endloop
  endfacet
  facet normal 0 0 1
    outer loop
      vertex 127 18.225 4
      vertex 123.715 14.0694 4
      vertex 127 -18.225 4
    endloop
  endfacet
  facet normal 0 0 1
    outer loop
      vertex 127 -18.225 4
      vertex 123.879 -14.343 4
      vertex 124.015 -14.6313 4
    endloop
  endfacet
  facet normal -0 0 1
    outer loop
      vertex 123.715 -14.0694 4
      vertex 127 -18.225 4
      vertex 123.715 14.0694 4
    endloop
  endfacet
  facet normal 0 0 1
    outer loop
      vertex 127 -18.225 4
      vertex 123.715 -14.0694 4
      vertex 123.879 -14.343 4
    endloop
  endfacet
  facet normal -0 0 1
    outer loop
      vertex 123.525 13.8132 4
      vertex 123.715 -14.0694 4
      vertex 123.715 14.0694 4
    endloop
  endfacet
  facet normal 0 0 1
    outer loop
      vertex 123.525 13.8132 4
      vertex 123.525 -13.8132 4
      vertex 123.715 -14.0694 4
    endloop
  endfacet
  facet normal -0 0 1
    outer loop
      vertex 123.311 13.5769 4
      vertex 123.525 -13.8132 4
      vertex 123.525 13.8132 4
    endloop
  endfacet
  facet normal 0 0 1
    outer loop
      vertex 123.311 13.5769 4
      vertex 123.311 -13.5769 4
      vertex 123.525 -13.8132 4
    endloop
  endfacet
  facet normal -0 0 1
    outer loop
      vertex 123.074 13.3627 4
      vertex 123.311 -13.5769 4
      vertex 123.311 13.5769 4
    endloop
  endfacet
  facet normal 0 0 1
    outer loop
      vertex 123.074 13.3627 4
      vertex 123.074 -13.3627 4
      vertex 123.311 -13.5769 4
    endloop
  endfacet
  facet normal -0 0 1
    outer loop
      vertex 122.818 13.1727 4
      vertex 123.074 -13.3627 4
      vertex 123.074 13.3627 4
    endloop
  endfacet
  facet normal 0 0 1
    outer loop
      vertex 122.818 13.1727 4
      vertex 122.818 -13.1727 4
      vertex 123.074 -13.3627 4
    endloop
  endfacet
  facet normal -0 0 1
    outer loop
      vertex 122.545 13.0088 4
      vertex 122.818 -13.1727 4
      vertex 122.818 13.1727 4
    endloop
  endfacet
  facet normal 0 0 1
    outer loop
      vertex 122.545 13.0088 4
      vertex 122.545 -13.0088 4
      vertex 122.818 -13.1727 4
    endloop
  endfacet
  facet normal -0 0 1
    outer loop
      vertex 122.256 12.8724 4
      vertex 122.545 -13.0088 4
      vertex 122.545 13.0088 4
    endloop
  endfacet
  facet normal 0 0 1
    outer loop
      vertex 122.256 12.8724 4
      vertex 122.256 -12.8724 4
      vertex 122.545 -13.0088 4
    endloop
  endfacet
  facet normal -0 0 1
    outer loop
      vertex 121.956 12.7649 4
      vertex 122.256 -12.8724 4
      vertex 122.256 12.8724 4
    endloop
  endfacet
  facet normal 0 0 1
    outer loop
      vertex 121.956 12.7649 4
      vertex 121.956 -12.7649 4
      vertex 122.256 -12.8724 4
    endloop
  endfacet
  facet normal -0 0 1
    outer loop
      vertex 121.647 12.6874 4
      vertex 121.956 -12.7649 4
      vertex 121.956 12.7649 4
    endloop
  endfacet
  facet normal 0 0 1
    outer loop
      vertex 121.647 12.6874 4
      vertex 121.647 -12.6874 4
      vertex 121.956 -12.7649 4
    endloop
  endfacet
  facet normal -0 0 1
    outer loop
      vertex 121.331 12.6406 4
      vertex 121.647 -12.6874 4
      vertex 121.647 12.6874 4
    endloop
  endfacet
  facet normal 0 0 1
    outer loop
      vertex 121.331 12.6406 4
      vertex 121.331 -12.6407 4
      vertex 121.647 -12.6874 4
    endloop
  endfacet
  facet normal -0 0 1
    outer loop
      vertex 121.012 12.625 4
      vertex 121.331 -12.6407 4
      vertex 121.331 12.6406 4
    endloop
  endfacet
  facet normal 0 0 1
    outer loop
      vertex 121.012 12.625 4
      vertex 121.012 -12.625 4
      vertex 121.331 -12.6407 4
    endloop
  endfacet
  facet normal 0 0 1
    outer loop
      vertex 110.75 -8.1405 4
      vertex 121.012 12.625 4
      vertex 115.512 12.625 4
    endloop
  endfacet
  facet normal 0 0 1
    outer loop
      vertex 121.012 12.625 4
      vertex 110.75 -8.1405 4
      vertex 121.012 -12.625 4
    endloop
  endfacet
  facet normal 0 0 1
    outer loop
      vertex 110.75 -8.1405 4
      vertex 115.512 12.625 4
      vertex 115.194 12.6406 4
    endloop
  endfacet
  facet normal 0 0 1
    outer loop
      vertex 121.012 -12.625 4
      vertex 110.75 -8.1405 4
      vertex 115.512 -12.625 4
    endloop
  endfacet
  facet normal 0 0 1
    outer loop
      vertex 110.75 -8.1405 4
      vertex 115.194 12.6406 4
      vertex 114.878 12.6874 4
    endloop
  endfacet
  facet normal 0 0 1
    outer loop
      vertex 115.512 -12.625 4
      vertex 110.75 -8.1405 4
      vertex 115.194 -12.6407 4
    endloop
  endfacet
  facet normal 0 0 1
    outer loop
      vertex 110.75 -8.1405 4
      vertex 114.878 12.6874 4
      vertex 114.569 12.7649 4
    endloop
  endfacet
  facet normal -0 0 1
    outer loop
      vertex 110.708 -8.98693 4
      vertex 115.194 -12.6407 4
      vertex 110.75 -8.1405 4
    endloop
  endfacet
  facet normal 0 0 1
    outer loop
      vertex 110.75 -8.1405 4
      vertex 114.569 12.7649 4
      vertex 114.269 12.8724 4
    endloop
  endfacet
  facet normal 0 0 1
    outer loop
      vertex 115.194 -12.6407 4
      vertex 110.708 -8.98693 4
      vertex 114.878 -12.6874 4
    endloop
  endfacet
  facet normal 0 0 1
    outer loop
      vertex 110.75 -8.1405 4
      vertex 114.269 12.8724 4
      vertex 113.98 13.0088 4
    endloop
  endfacet
  facet normal 0 0 1
    outer loop
      vertex 114.878 -12.6874 4
      vertex 110.708 -8.98693 4
      vertex 114.569 -12.7649 4
    endloop
  endfacet
  facet normal 0 0 1
    outer loop
      vertex 110.75 14.271 4
      vertex 113.98 13.0088 4
      vertex 113.707 13.1727 4
    endloop
  endfacet
  facet normal -0 0 1
    outer loop
      vertex 110.584 -9.8252 4
      vertex 114.569 -12.7649 4
      vertex 110.708 -8.98693 4
    endloop
  endfacet
  facet normal 0 0 1
    outer loop
      vertex 110.75 14.271 4
      vertex 113.707 13.1727 4
      vertex 113.451 13.3627 4
    endloop
  endfacet
  facet normal 0 0 1
    outer loop
      vertex 114.569 -12.7649 4
      vertex 110.584 -9.8252 4
      vertex 114.269 -12.8724 4
    endloop
  endfacet
  facet normal 0 0 1
    outer loop
      vertex 110.75 14.271 4
      vertex 113.451 13.3627 4
      vertex 113.214 13.5769 4
    endloop
  endfacet
  facet normal 0 0 1
    outer loop
      vertex 114.269 -12.8724 4
      vertex 110.584 -9.8252 4
      vertex 113.98 -13.0088 4
    endloop
  endfacet
  facet normal 0 0 1
    outer loop
      vertex 110.75 14.271 4
      vertex 113.214 13.5769 4
      vertex 113 13.8132 4
    endloop
  endfacet
  facet normal -0 0 1
    outer loop
      vertex 110.378 -10.6473 4
      vertex 113.98 -13.0088 4
      vertex 110.584 -9.8252 4
    endloop
  endfacet
  facet normal 0 0 1
    outer loop
      vertex 110.75 14.271 4
      vertex 113 13.8132 4
      vertex 112.81 14.0694 4
    endloop
  endfacet
  facet normal 0 0 1
    outer loop
      vertex 113.98 -13.0088 4
      vertex 110.378 -10.6473 4
      vertex 113.707 -13.1727 4
    endloop
  endfacet
  facet normal -0 0 1
    outer loop
      vertex 110.75 14.271 4
      vertex 112.81 14.0694 4
      vertex 112.646 14.343 4
    endloop
  endfacet
  facet normal 0 0 1
    outer loop
      vertex 113.707 -13.1727 4
      vertex 110.378 -10.6473 4
      vertex 113.451 -13.3627 4
    endloop
  endfacet
  facet normal 0 0 1
    outer loop
      vertex 110.75 14.271 4
      vertex 112.646 14.343 4
      vertex 112.51 14.6313 4
    endloop
  endfacet
  facet normal -0 0 1
    outer loop
      vertex 110.093 -11.4452 4
      vertex 113.451 -13.3627 4
      vertex 110.378 -10.6473 4
    endloop
  endfacet
  facet normal 0 0 1
    outer loop
      vertex 110.738 14.5165 4
      vertex 112.51 14.6313 4
      vertex 112.402 14.9316 4
    endloop
  endfacet
  facet normal 0 0 1
    outer loop
      vertex 113.451 -13.3627 4
      vertex 110.093 -11.4452 4
      vertex 113.214 -13.5769 4
    endloop
  endfacet
  facet normal 0 0 1
    outer loop
      vertex 110.702 14.7597 4
      vertex 112.402 14.9316 4
      vertex 112.325 15.241 4
    endloop
  endfacet
  facet normal 0 0 1
    outer loop
      vertex 113.214 -13.5769 4
      vertex 110.093 -11.4452 4
      vertex 113 -13.8132 4
    endloop
  endfacet
  facet normal 0 0 1
    outer loop
      vertex 110.642 14.9982 4
      vertex 112.325 15.241 4
      vertex 112.278 15.5564 4
    endloop
  endfacet
  facet normal -0 0 1
    outer loop
      vertex 109.73 -12.2112 4
      vertex 113 -13.8132 4
      vertex 110.093 -11.4452 4
    endloop
  endfacet
  facet normal 0 0 1
    outer loop
      vertex 110.559 15.2296 4
      vertex 112.278 15.5564 4
      vertex 112.262 15.875 4
    endloop
  endfacet
  facet normal 0 0 1
    outer loop
      vertex 113 -13.8132 4
      vertex 109.73 -12.2112 4
      vertex 112.81 -14.0694 4
    endloop
  endfacet
  facet normal 0 0 1
    outer loop
      vertex 123.879 17.407 4
      vertex 127 18.225 4
      vertex 126.981 18.6171 4
    endloop
  endfacet
  facet normal 0 0 1
    outer loop
      vertex 124.247 15.5564 4
      vertex 127 18.225 4
      vertex 124.262 15.875 4
    endloop
  endfacet
  facet normal 0 0 1
    outer loop
      vertex 123.715 17.6806 4
      vertex 126.981 18.6171 4
      vertex 126.923 19.0054 4
    endloop
  endfacet
  facet normal 0 0 1
    outer loop
      vertex 124.2 15.241 4
      vertex 127 18.225 4
      vertex 124.247 15.5564 4
    endloop
  endfacet
  facet normal 0 0 1
    outer loop
      vertex 123.715 17.6806 4
      vertex 126.923 19.0054 4
      vertex 126.828 19.3861 4
    endloop
  endfacet
  facet normal -0 0 1
    outer loop
      vertex 124.247 -16.1936 4
      vertex 127 -18.225 4
      vertex 124.262 -15.875 4
    endloop
  endfacet
  facet normal 0 0 1
    outer loop
      vertex 123.525 17.9368 4
      vertex 126.828 19.3861 4
      vertex 126.696 19.7557 4
    endloop
  endfacet
  facet normal -0 0 1
    outer loop
      vertex 124.2 -16.509 4
      vertex 127 -18.225 4
      vertex 124.247 -16.1936 4
    endloop
  endfacet
  facet normal 0 0 1
    outer loop
      vertex 123.525 17.9368 4
      vertex 126.696 19.7557 4
      vertex 126.528 20.1106 4
    endloop
  endfacet
  facet normal -0 0 1
    outer loop
      vertex 124.123 -16.8184 4
      vertex 127 -18.225 4
      vertex 124.2 -16.509 4
    endloop
  endfacet
  facet normal 0 0 1
    outer loop
      vertex 123.525 17.9368 4
      vertex 126.528 20.1106 4
      vertex 126.326 20.4473 4
    endloop
  endfacet
  facet normal -0 0 1
    outer loop
      vertex 124.015 -17.1187 4
      vertex 127 -18.225 4
      vertex 124.123 -16.8184 4
    endloop
  endfacet
  facet normal 0 0 1
    outer loop
      vertex 123.311 18.1731 4
      vertex 126.326 20.4473 4
      vertex 126.092 20.7626 4
    endloop
  endfacet
  facet normal -0 0 1
    outer loop
      vertex 123.879 -17.407 4
      vertex 127 -18.225 4
      vertex 124.015 -17.1187 4
    endloop
  endfacet
  facet normal 0 0 1
    outer loop
      vertex 123.311 18.1731 4
      vertex 126.092 20.7626 4
      vertex 125.828 21.0534 4
    endloop
  endfacet
  facet normal 0 0 1
    outer loop
      vertex 127 -18.225 4
      vertex 123.879 -17.407 4
      vertex 126.981 -18.6171 4
    endloop
  endfacet
  facet normal 0 0 1
    outer loop
      vertex 123.074 18.3873 4
      vertex 125.828 21.0534 4
      vertex 125.538 21.317 4
    endloop
  endfacet
  facet normal -0 0 1
    outer loop
      vertex 123.715 -17.6806 4
      vertex 126.981 -18.6171 4
      vertex 123.879 -17.407 4
    endloop
  endfacet
  facet normal 0 0 1
    outer loop
      vertex 123.074 18.3873 4
      vertex 125.538 21.317 4
      vertex 125.222 21.5509 4
    endloop
  endfacet
  facet normal 0 0 1
    outer loop
      vertex 126.981 -18.6171 4
      vertex 123.715 -17.6806 4
      vertex 126.923 -19.0054 4
    endloop
  endfacet
  facet normal 0 0 1
    outer loop
      vertex 123.074 18.3873 4
      vertex 125.222 21.5509 4
      vertex 124.886 21.7527 4
    endloop
  endfacet
  facet normal 0 0 1
    outer loop
      vertex 126.923 -19.0054 4
      vertex 123.715 -17.6806 4
      vertex 126.828 -19.3861 4
    endloop
  endfacet
  facet normal 0 0 1
    outer loop
      vertex 122.818 18.5773 4
      vertex 124.886 21.7527 4
      vertex 124.531 21.9205 4
    endloop
  endfacet
  facet normal -0 0 1
    outer loop
      vertex 123.525 -17.9368 4
      vertex 126.828 -19.3861 4
      vertex 123.715 -17.6806 4
    endloop
  endfacet
  facet normal 0 0 1
    outer loop
      vertex 126.828 -19.3861 4
      vertex 123.525 -17.9368 4
      vertex 126.696 -19.7557 4
    endloop
  endfacet
  facet normal 0 0 1
    outer loop
      vertex 127 18.225 4
      vertex 124.247 16.1936 4
      vertex 124.262 15.875 4
    endloop
  endfacet
  facet normal 0 0 1
    outer loop
      vertex 127 18.225 4
      vertex 124.2 16.509 4
      vertex 124.247 16.1936 4
    endloop
  endfacet
  facet normal 0 0 1
    outer loop
      vertex 122.818 18.5773 4
      vertex 124.531 21.9205 4
      vertex 124.161 22.0528 4
    endloop
  endfacet
  facet normal 0 0 1
    outer loop
      vertex 127 18.225 4
      vertex 124.123 16.8184 4
      vertex 124.2 16.509 4
    endloop
  endfacet
  facet normal 0 0 1
    outer loop
      vertex 127 18.225 4
      vertex 124.015 17.1187 4
      vertex 124.123 16.8184 4
    endloop
  endfacet
  facet normal 0 0 1
    outer loop
      vertex 127 18.225 4
      vertex 123.879 17.407 4
      vertex 124.015 17.1187 4
    endloop
  endfacet
  facet normal 0 0 1
    outer loop
      vertex 122.545 18.7412 4
      vertex 124.161 22.0528 4
      vertex 123.78 22.1481 4
    endloop
  endfacet
  facet normal 0 0 1
    outer loop
      vertex 126.981 18.6171 4
      vertex 123.715 17.6806 4
      vertex 123.879 17.407 4
    endloop
  endfacet
  facet normal 0 0 1
    outer loop
      vertex 126.828 19.3861 4
      vertex 123.525 17.9368 4
      vertex 123.715 17.6806 4
    endloop
  endfacet
  facet normal 0 0 1
    outer loop
      vertex 122.545 18.7412 4
      vertex 123.78 22.1481 4
      vertex 123.392 22.2057 4
    endloop
  endfacet
  facet normal 0 0 1
    outer loop
      vertex 126.326 20.4473 4
      vertex 123.311 18.1731 4
      vertex 123.525 17.9368 4
    endloop
  endfacet
  facet normal 0 0 1
    outer loop
      vertex 125.828 21.0534 4
      vertex 123.074 18.3873 4
      vertex 123.311 18.1731 4
    endloop
  endfacet
  facet normal 0 0 1
    outer loop
      vertex 122.256 18.8776 4
      vertex 123.392 22.2057 4
      vertex 123 22.225 4
    endloop
  endfacet
  facet normal 0 0 1
    outer loop
      vertex 124.886 21.7527 4
      vertex 122.818 18.5773 4
      vertex 123.074 18.3873 4
    endloop
  endfacet
  facet normal 0 0 1
    outer loop
      vertex 124.161 22.0528 4
      vertex 122.545 18.7412 4
      vertex 122.818 18.5773 4
    endloop
  endfacet
  facet normal 0 0 1
    outer loop
      vertex 123.392 22.2057 4
      vertex 122.256 18.8776 4
      vertex 122.545 18.7412 4
    endloop
  endfacet
  facet normal 0 0 1
    outer loop
      vertex 123 22.225 4
      vertex 121.956 18.9851 4
      vertex 122.256 18.8776 4
    endloop
  endfacet
  facet normal 0 0 1
    outer loop
      vertex 123 22.225 4
      vertex 121.647 19.0626 4
      vertex 121.956 18.9851 4
    endloop
  endfacet
  facet normal 0 0 1
    outer loop
      vertex 123 22.225 4
      vertex 121.331 19.1094 4
      vertex 121.647 19.0626 4
    endloop
  endfacet
  facet normal 0 0 1
    outer loop
      vertex 123 22.225 4
      vertex 121.012 19.125 4
      vertex 121.331 19.1094 4
    endloop
  endfacet
  facet normal 0 0 1
    outer loop
      vertex 123 22.225 4
      vertex 115.512 19.125 4
      vertex 121.012 19.125 4
    endloop
  endfacet
  facet normal 0 0 1
    outer loop
      vertex 123 22.225 4
      vertex 115.194 19.1094 4
      vertex 115.512 19.125 4
    endloop
  endfacet
  facet normal 0 0 1
    outer loop
      vertex 123 22.225 4
      vertex 114.878 19.0626 4
      vertex 115.194 19.1094 4
    endloop
  endfacet
  facet normal 0 0 1
    outer loop
      vertex 123 22.225 4
      vertex 114.569 18.9851 4
      vertex 114.878 19.0626 4
    endloop
  endfacet
  facet normal 0 0 1
    outer loop
      vertex 123 22.225 4
      vertex 114.269 18.8776 4
      vertex 114.569 18.9851 4
    endloop
  endfacet
  facet normal 0 0 1
    outer loop
      vertex 113.98 13.0088 4
      vertex 110.75 14.271 4
      vertex 110.75 -8.1405 4
    endloop
  endfacet
  facet normal 0 0 1
    outer loop
      vertex 110.454 15.4518 4
      vertex 112.262 15.875 4
      vertex 112.278 16.1936 4
    endloop
  endfacet
  facet normal 0 0 1
    outer loop
      vertex 110.181 15.8602 4
      vertex 112.278 16.1936 4
      vertex 112.325 16.509 4
    endloop
  endfacet
  facet normal 0 0 1
    outer loop
      vertex 110.016 16.0423 4
      vertex 112.325 16.509 4
      vertex 112.402 16.8184 4
    endloop
  endfacet
  facet normal 0 0 1
    outer loop
      vertex 109.834 16.2074 4
      vertex 112.402 16.8184 4
      vertex 112.51 17.1187 4
    endloop
  endfacet
  facet normal 0 0 1
    outer loop
      vertex 109.637 16.3538 4
      vertex 112.51 17.1187 4
      vertex 112.646 17.407 4
    endloop
  endfacet
  facet normal 0 0 1
    outer loop
      vertex 109.426 16.4802 4
      vertex 112.646 17.407 4
      vertex 112.81 17.6806 4
    endloop
  endfacet
  facet normal 0 0 1
    outer loop
      vertex 112.51 14.6313 4
      vertex 110.738 14.5165 4
      vertex 110.75 14.271 4
    endloop
  endfacet
  facet normal 0 0 1
    outer loop
      vertex 112.402 14.9316 4
      vertex 110.702 14.7597 4
      vertex 110.738 14.5165 4
    endloop
  endfacet
  facet normal 0 0 1
    outer loop
      vertex 112.325 15.241 4
      vertex 110.642 14.9982 4
      vertex 110.702 14.7597 4
    endloop
  endfacet
  facet normal 0 0 1
    outer loop
      vertex 108.972 16.6681 4
      vertex 112.81 17.6806 4
      vertex 113 17.9368 4
    endloop
  endfacet
  facet normal 0 0 1
    outer loop
      vertex 112.278 15.5564 4
      vertex 110.559 15.2296 4
      vertex 110.642 14.9982 4
    endloop
  endfacet
  facet normal 0 0 1
    outer loop
      vertex 112.262 15.875 4
      vertex 110.454 15.4518 4
      vertex 110.559 15.2296 4
    endloop
  endfacet
  facet normal 0 0 1
    outer loop
      vertex 108.734 16.7279 4
      vertex 113 17.9368 4
      vertex 113.214 18.1731 4
    endloop
  endfacet
  facet normal 0 0 1
    outer loop
      vertex 112.278 16.1936 4
      vertex 110.328 15.6627 4
      vertex 110.454 15.4518 4
    endloop
  endfacet
  facet normal 0 0 1
    outer loop
      vertex 108.491 16.7639 4
      vertex 113.214 18.1731 4
      vertex 113.451 18.3873 4
    endloop
  endfacet
  facet normal 0 0 1
    outer loop
      vertex 112.278 16.1936 4
      vertex 110.181 15.8602 4
      vertex 110.328 15.6627 4
    endloop
  endfacet
  facet normal 0 0 1
    outer loop
      vertex 112.325 16.509 4
      vertex 110.016 16.0423 4
      vertex 110.181 15.8602 4
    endloop
  endfacet
  facet normal 0 0 1
    outer loop
      vertex 108.245 16.776 4
      vertex 113.451 18.3873 4
      vertex 113.707 18.5773 4
    endloop
  endfacet
  facet normal 0 0 1
    outer loop
      vertex 112.402 16.8184 4
      vertex 109.834 16.2074 4
      vertex 110.016 16.0423 4
    endloop
  endfacet
  facet normal 0 0 1
    outer loop
      vertex 112.51 17.1187 4
      vertex 109.637 16.3538 4
      vertex 109.834 16.2074 4
    endloop
  endfacet
  facet normal 0 0 1
    outer loop
      vertex 108.245 16.776 4
      vertex 113.707 18.5773 4
      vertex 113.98 18.7412 4
    endloop
  endfacet
  facet normal 0 0 1
    outer loop
      vertex 112.646 17.407 4
      vertex 109.426 16.4802 4
      vertex 109.637 16.3538 4
    endloop
  endfacet
  facet normal 0 0 1
    outer loop
      vertex 112.81 17.6806 4
      vertex 109.204 16.5853 4
      vertex 109.426 16.4802 4
    endloop
  endfacet
  facet normal 0 0 1
    outer loop
      vertex 108.245 16.776 4
      vertex 113.98 18.7412 4
      vertex 114.269 18.8776 4
    endloop
  endfacet
  facet normal 0 0 1
    outer loop
      vertex 112.81 17.6806 4
      vertex 108.972 16.6681 4
      vertex 109.204 16.5853 4
    endloop
  endfacet
  facet normal 0 0 1
    outer loop
      vertex 113 17.9368 4
      vertex 108.734 16.7279 4
      vertex 108.972 16.6681 4
    endloop
  endfacet
  facet normal 0 0 1
    outer loop
      vertex 113.214 18.1731 4
      vertex 108.491 16.7639 4
      vertex 108.734 16.7279 4
    endloop
  endfacet
  facet normal 0 0 1
    outer loop
      vertex 108.245 16.776 4
      vertex 114.269 18.8776 4
      vertex 123 22.225 4
    endloop
  endfacet
  facet normal 0 0 1
    outer loop
      vertex 113.451 18.3873 4
      vertex 108.245 16.776 4
      vertex 108.491 16.7639 4
    endloop
  endfacet
  facet normal 0 0 1
    outer loop
      vertex 123 22.225 4
      vertex -32.656 16.776 4
      vertex 108.245 16.776 4
    endloop
  endfacet
  facet normal 0 0 1
    outer loop
      vertex -35.161 14.271 4
      vertex -36.9055 13.75 4
      vertex -35.161 -8.1405 4
    endloop
  endfacet
  facet normal 0 0 1
    outer loop
      vertex -35.1489 14.5165 4
      vertex -36.9055 13.75 4
      vertex -35.161 14.271 4
    endloop
  endfacet
  facet normal 0 0 1
    outer loop
      vertex -35.1129 14.7597 4
      vertex -36.9055 13.75 4
      vertex -35.1489 14.5165 4
    endloop
  endfacet
  facet normal 0 0 1
    outer loop
      vertex -35.0531 14.9982 4
      vertex -36.9055 13.75 4
      vertex -35.1129 14.7597 4
    endloop
  endfacet
  facet normal 0 0 1
    outer loop
      vertex -34.9703 15.2296 4
      vertex -36.9055 13.75 4
      vertex -35.0531 14.9982 4
    endloop
  endfacet
  facet normal 0 0 1
    outer loop
      vertex -34.8652 15.4518 4
      vertex -36.9055 13.75 4
      vertex -34.9703 15.2296 4
    endloop
  endfacet
  facet normal 0 0 1
    outer loop
      vertex -34.7388 15.6627 4
      vertex -36.9055 13.75 4
      vertex -34.8652 15.4518 4
    endloop
  endfacet
  facet normal 0 0 1
    outer loop
      vertex -34.5924 15.8602 4
      vertex -36.9055 13.75 4
      vertex -34.7388 15.6627 4
    endloop
  endfacet
  facet normal 0 0 1
    outer loop
      vertex -34.4273 16.0423 4
      vertex -36.9055 13.75 4
      vertex -34.5924 15.8602 4
    endloop
  endfacet
  facet normal 0 0 1
    outer loop
      vertex -113 17.9368 4
      vertex -36.9055 13.75 4
      vertex -34.4273 16.0423 4
    endloop
  endfacet
  facet normal 0 0 1
    outer loop
      vertex -113.214 18.1731 4
      vertex -34.4273 16.0423 4
      vertex -34.2452 16.2074 4
    endloop
  endfacet
  facet normal 0 0 1
    outer loop
      vertex -113.451 18.3873 4
      vertex -34.2452 16.2074 4
      vertex -34.0477 16.3538 4
    endloop
  endfacet
  facet normal 0 0 1
    outer loop
      vertex -113.707 18.5773 4
      vertex -34.0477 16.3538 4
      vertex -33.8368 16.4802 4
    endloop
  endfacet
  facet normal 0 0 1
    outer loop
      vertex -113.98 18.7412 4
      vertex -33.8368 16.4802 4
      vertex -33.6146 16.5853 4
    endloop
  endfacet
  facet normal 0 0 1
    outer loop
      vertex -114.269 18.8776 4
      vertex -33.6146 16.5853 4
      vertex -33.3832 16.6681 4
    endloop
  endfacet
  facet normal 0 0 1
    outer loop
      vertex -123 22.225 4
      vertex -33.3832 16.6681 4
      vertex -33.1447 16.7279 4
    endloop
  endfacet
  facet normal 0 0 1
    outer loop
      vertex -123 22.225 4
      vertex -33.1447 16.7279 4
      vertex -32.9015 16.7639 4
    endloop
  endfacet
  facet normal 0 0 1
    outer loop
      vertex -123 22.225 4
      vertex -32.9015 16.7639 4
      vertex -32.656 16.776 4
    endloop
  endfacet
  facet normal -0 0 1
    outer loop
      vertex -112.278 15.5564 4
      vertex -109.006 13.75 4
      vertex -112.262 15.875 4
    endloop
  endfacet
  facet normal 0 0 1
    outer loop
      vertex -36.9055 13.75 4
      vertex -113 17.9368 4
      vertex -109.006 13.75 4
    endloop
  endfacet
  facet normal -0 0 1
    outer loop
      vertex -123 22.225 4
      vertex -32.656 16.776 4
      vertex 123 22.225 4
    endloop
  endfacet
  facet normal 0 0 1
    outer loop
      vertex -109.006 13.75 4
      vertex -112.278 16.1936 4
      vertex -112.262 15.875 4
    endloop
  endfacet
  facet normal 0 0 1
    outer loop
      vertex -109.006 13.75 4
      vertex -112.325 16.509 4
      vertex -112.278 16.1936 4
    endloop
  endfacet
  facet normal 0 0 1
    outer loop
      vertex -109.006 13.75 4
      vertex -112.402 16.8184 4
      vertex -112.325 16.509 4
    endloop
  endfacet
  facet normal 0 0 1
    outer loop
      vertex -109.006 13.75 4
      vertex -112.51 17.1187 4
      vertex -112.402 16.8184 4
    endloop
  endfacet
  facet normal 0 0 1
    outer loop
      vertex -109.006 13.75 4
      vertex -112.646 17.407 4
      vertex -112.51 17.1187 4
    endloop
  endfacet
  facet normal 0 0 1
    outer loop
      vertex -109.006 13.75 4
      vertex -112.81 17.6806 4
      vertex -112.646 17.407 4
    endloop
  endfacet
  facet normal 0 0 1
    outer loop
      vertex -109.006 13.75 4
      vertex -113 17.9368 4
      vertex -112.81 17.6806 4
    endloop
  endfacet
  facet normal 0 0 1
    outer loop
      vertex -34.4273 16.0423 4
      vertex -113.214 18.1731 4
      vertex -113 17.9368 4
    endloop
  endfacet
  facet normal 0 0 1
    outer loop
      vertex -34.2452 16.2074 4
      vertex -113.451 18.3873 4
      vertex -113.214 18.1731 4
    endloop
  endfacet
  facet normal 0 0 1
    outer loop
      vertex -34.0477 16.3538 4
      vertex -113.707 18.5773 4
      vertex -113.451 18.3873 4
    endloop
  endfacet
  facet normal 0 0 1
    outer loop
      vertex -33.8368 16.4802 4
      vertex -113.98 18.7412 4
      vertex -113.707 18.5773 4
    endloop
  endfacet
  facet normal 0 0 1
    outer loop
      vertex -33.6146 16.5853 4
      vertex -114.269 18.8776 4
      vertex -113.98 18.7412 4
    endloop
  endfacet
  facet normal 0 0 1
    outer loop
      vertex -33.3832 16.6681 4
      vertex -114.569 18.9851 4
      vertex -114.269 18.8776 4
    endloop
  endfacet
  facet normal 0 0 1
    outer loop
      vertex -33.3832 16.6681 4
      vertex -123 22.225 4
      vertex -114.569 18.9851 4
    endloop
  endfacet
  facet normal 0 0 1
    outer loop
      vertex -114.569 18.9851 4
      vertex -123 22.225 4
      vertex -114.878 19.0626 4
    endloop
  endfacet
  facet normal 0 0 1
    outer loop
      vertex -114.878 19.0626 4
      vertex -123 22.225 4
      vertex -115.194 19.1094 4
    endloop
  endfacet
  facet normal 0 0 1
    outer loop
      vertex -115.194 19.1094 4
      vertex -123 22.225 4
      vertex -115.512 19.125 4
    endloop
  endfacet
  facet normal 0 0 1
    outer loop
      vertex -115.512 19.125 4
      vertex -123 22.225 4
      vertex -121.012 19.125 4
    endloop
  endfacet
  facet normal 0 0 1
    outer loop
      vertex -123 22.225 4
      vertex -121.331 19.1094 4
      vertex -121.012 19.125 4
    endloop
  endfacet
  facet normal 0 0 1
    outer loop
      vertex -123 22.225 4
      vertex -121.647 19.0626 4
      vertex -121.331 19.1094 4
    endloop
  endfacet
  facet normal 0 0 1
    outer loop
      vertex -123 22.225 4
      vertex -121.956 18.9851 4
      vertex -121.647 19.0626 4
    endloop
  endfacet
  facet normal 0 0 1
    outer loop
      vertex -123 22.225 4
      vertex -122.256 18.8776 4
      vertex -121.956 18.9851 4
    endloop
  endfacet
  facet normal -0 0 1
    outer loop
      vertex -123.392 22.2057 4
      vertex -122.256 18.8776 4
      vertex -123 22.225 4
    endloop
  endfacet
  facet normal 0 0 1
    outer loop
      vertex -122.256 18.8776 4
      vertex -123.392 22.2057 4
      vertex -122.545 18.7412 4
    endloop
  endfacet
  facet normal -0 0 1
    outer loop
      vertex -123.78 22.1481 4
      vertex -122.545 18.7412 4
      vertex -123.392 22.2057 4
    endloop
  endfacet
  facet normal -0 0 1
    outer loop
      vertex -124.161 22.0528 4
      vertex -122.545 18.7412 4
      vertex -123.78 22.1481 4
    endloop
  endfacet
  facet normal 0 0 1
    outer loop
      vertex -122.545 18.7412 4
      vertex -124.161 22.0528 4
      vertex -122.818 18.5773 4
    endloop
  endfacet
  facet normal -0 0 1
    outer loop
      vertex -124.531 21.9205 4
      vertex -122.818 18.5773 4
      vertex -124.161 22.0528 4
    endloop
  endfacet
  facet normal -0 0 1
    outer loop
      vertex -124.886 21.7527 4
      vertex -122.818 18.5773 4
      vertex -124.531 21.9205 4
    endloop
  endfacet
  facet normal 0 0 1
    outer loop
      vertex -122.818 18.5773 4
      vertex -124.886 21.7527 4
      vertex -123.074 18.3873 4
    endloop
  endfacet
  facet normal -0 0 1
    outer loop
      vertex -125.222 21.5509 4
      vertex -123.074 18.3873 4
      vertex -124.886 21.7527 4
    endloop
  endfacet
  facet normal -0 0 1
    outer loop
      vertex -125.538 21.317 4
      vertex -123.074 18.3873 4
      vertex -125.222 21.5509 4
    endloop
  endfacet
  facet normal -0 0 1
    outer loop
      vertex -125.828 21.0534 4
      vertex -123.074 18.3873 4
      vertex -125.538 21.317 4
    endloop
  endfacet
  facet normal 0 0 1
    outer loop
      vertex -123.074 18.3873 4
      vertex -125.828 21.0534 4
      vertex -123.311 18.1731 4
    endloop
  endfacet
  facet normal -0 0 1
    outer loop
      vertex -126.092 20.7626 4
      vertex -123.311 18.1731 4
      vertex -125.828 21.0534 4
    endloop
  endfacet
  facet normal -0 0 1
    outer loop
      vertex -126.326 20.4473 4
      vertex -123.311 18.1731 4
      vertex -126.092 20.7626 4
    endloop
  endfacet
  facet normal 0 0 1
    outer loop
      vertex -123.311 18.1731 4
      vertex -126.326 20.4473 4
      vertex -123.525 17.9368 4
    endloop
  endfacet
  facet normal -0 0 1
    outer loop
      vertex -126.696 19.7557 4
      vertex -123.525 17.9368 4
      vertex -126.528 20.1106 4
    endloop
  endfacet
  facet normal -0 0 1
    outer loop
      vertex -126.528 20.1106 4
      vertex -123.525 17.9368 4
      vertex -126.326 20.4473 4
    endloop
  endfacet
  facet normal 0 0 1
    outer loop
      vertex 126.696 -19.7557 4
      vertex 123.525 -17.9368 4
      vertex 126.528 -20.1106 4
    endloop
  endfacet
  facet normal 0 0 1
    outer loop
      vertex 126.528 -20.1106 4
      vertex 123.525 -17.9368 4
      vertex 126.326 -20.4473 4
    endloop
  endfacet
  facet normal -0 0 1
    outer loop
      vertex 123.311 -18.1731 4
      vertex 126.326 -20.4473 4
      vertex 123.525 -17.9368 4
    endloop
  endfacet
  facet normal 0 0 1
    outer loop
      vertex 126.326 -20.4473 4
      vertex 123.311 -18.1731 4
      vertex 126.092 -20.7626 4
    endloop
  endfacet
  facet normal 0 0 1
    outer loop
      vertex 126.092 -20.7626 4
      vertex 123.311 -18.1731 4
      vertex 125.828 -21.0534 4
    endloop
  endfacet
  facet normal -0 0 1
    outer loop
      vertex 123.074 -18.3873 4
      vertex 125.828 -21.0534 4
      vertex 123.311 -18.1731 4
    endloop
  endfacet
  facet normal 0 0 1
    outer loop
      vertex 125.828 -21.0534 4
      vertex 123.074 -18.3873 4
      vertex 125.538 -21.317 4
    endloop
  endfacet
  facet normal 0 0 1
    outer loop
      vertex 125.538 -21.317 4
      vertex 123.074 -18.3873 4
      vertex 125.222 -21.5509 4
    endloop
  endfacet
  facet normal 0 0 1
    outer loop
      vertex 125.222 -21.5509 4
      vertex 123.074 -18.3873 4
      vertex 124.886 -21.7527 4
    endloop
  endfacet
  facet normal -0 0 1
    outer loop
      vertex 122.818 -18.5773 4
      vertex 124.886 -21.7527 4
      vertex 123.074 -18.3873 4
    endloop
  endfacet
  facet normal 0 0 1
    outer loop
      vertex 124.886 -21.7527 4
      vertex 122.818 -18.5773 4
      vertex 124.531 -21.9205 4
    endloop
  endfacet
  facet normal 0 0 1
    outer loop
      vertex 124.531 -21.9205 4
      vertex 122.818 -18.5773 4
      vertex 124.161 -22.0528 4
    endloop
  endfacet
  facet normal -0 0 1
    outer loop
      vertex 122.545 -18.7412 4
      vertex 124.161 -22.0528 4
      vertex 122.818 -18.5773 4
    endloop
  endfacet
  facet normal 0 0 1
    outer loop
      vertex 124.161 -22.0528 4
      vertex 122.545 -18.7412 4
      vertex 123.78 -22.1481 4
    endloop
  endfacet
  facet normal 0 0 1
    outer loop
      vertex 123.78 -22.1481 4
      vertex 122.545 -18.7412 4
      vertex 123.392 -22.2057 4
    endloop
  endfacet
  facet normal -0 0 1
    outer loop
      vertex 122.256 -18.8776 4
      vertex 123.392 -22.2057 4
      vertex 122.545 -18.7412 4
    endloop
  endfacet
  facet normal 0 0 1
    outer loop
      vertex 123.392 -22.2057 4
      vertex 122.256 -18.8776 4
      vertex 123 -22.225 4
    endloop
  endfacet
  facet normal -0 0 1
    outer loop
      vertex 121.956 -18.9851 4
      vertex 123 -22.225 4
      vertex 122.256 -18.8776 4
    endloop
  endfacet
  facet normal -0 0 1
    outer loop
      vertex 121.647 -19.0626 4
      vertex 123 -22.225 4
      vertex 121.956 -18.9851 4
    endloop
  endfacet
  facet normal -0 0 1
    outer loop
      vertex 121.331 -19.1094 4
      vertex 123 -22.225 4
      vertex 121.647 -19.0626 4
    endloop
  endfacet
  facet normal -0 0 1
    outer loop
      vertex 121.012 -19.125 4
      vertex 123 -22.225 4
      vertex 121.331 -19.1094 4
    endloop
  endfacet
  facet normal -0 0 1
    outer loop
      vertex 115.512 -19.125 4
      vertex 123 -22.225 4
      vertex 121.012 -19.125 4
    endloop
  endfacet
  facet normal 0 0 1
    outer loop
      vertex 115.194 -19.1094 4
      vertex 123 -22.225 4
      vertex 115.512 -19.125 4
    endloop
  endfacet
  facet normal 0 0 1
    outer loop
      vertex 105.007 -22.225 4
      vertex 115.194 -19.1094 4
      vertex 114.878 -19.0626 4
    endloop
  endfacet
  facet normal 0 0 1
    outer loop
      vertex 105.007 -22.225 4
      vertex 114.878 -19.0626 4
      vertex 114.569 -18.9851 4
    endloop
  endfacet
  facet normal 0 0 1
    outer loop
      vertex 105.007 -22.225 4
      vertex 114.569 -18.9851 4
      vertex 114.269 -18.8776 4
    endloop
  endfacet
  facet normal 0 0 1
    outer loop
      vertex 112.81 -14.0694 4
      vertex 109.73 -12.2112 4
      vertex 112.646 -14.343 4
    endloop
  endfacet
  facet normal -0 0 1
    outer loop
      vertex 109.295 -12.9381 4
      vertex 112.646 -14.343 4
      vertex 109.73 -12.2112 4
    endloop
  endfacet
  facet normal 0 0 1
    outer loop
      vertex 112.646 -14.343 4
      vertex 109.295 -12.9381 4
      vertex 112.51 -14.6313 4
    endloop
  endfacet
  facet normal 0 0 1
    outer loop
      vertex 112.51 -14.6313 4
      vertex 109.295 -12.9381 4
      vertex 112.402 -14.9316 4
    endloop
  endfacet
  facet normal -0 0 1
    outer loop
      vertex 108.79 -13.6188 4
      vertex 112.402 -14.9316 4
      vertex 109.295 -12.9381 4
    endloop
  endfacet
  facet normal 0 0 1
    outer loop
      vertex 112.402 -14.9316 4
      vertex 108.79 -13.6188 4
      vertex 112.325 -15.241 4
    endloop
  endfacet
  facet normal 0 0 1
    outer loop
      vertex 112.325 -15.241 4
      vertex 108.79 -13.6188 4
      vertex 112.278 -15.5564 4
    endloop
  endfacet
  facet normal -0 0 1
    outer loop
      vertex 108.221 -14.2467 4
      vertex 112.278 -15.5564 4
      vertex 108.79 -13.6188 4
    endloop
  endfacet
  facet normal 0 0 1
    outer loop
      vertex 112.278 -15.5564 4
      vertex 108.221 -14.2467 4
      vertex 112.262 -15.875 4
    endloop
  endfacet
  facet normal 0 0 1
    outer loop
      vertex 112.262 -15.875 4
      vertex 108.221 -14.2467 4
      vertex 112.278 -16.1936 4
    endloop
  endfacet
  facet normal -0 0 1
    outer loop
      vertex 107.593 -14.8158 4
      vertex 112.278 -16.1936 4
      vertex 108.221 -14.2467 4
    endloop
  endfacet
  facet normal 0 0 1
    outer loop
      vertex 112.278 -16.1936 4
      vertex 107.593 -14.8158 4
      vertex 112.325 -16.509 4
    endloop
  endfacet
  facet normal 0 0 1
    outer loop
      vertex 112.325 -16.509 4
      vertex 107.593 -14.8158 4
      vertex 112.402 -16.8184 4
    endloop
  endfacet
  facet normal -0 0 1
    outer loop
      vertex 106.912 -15.3207 4
      vertex 112.402 -16.8184 4
      vertex 107.593 -14.8158 4
    endloop
  endfacet
  facet normal 0 0 1
    outer loop
      vertex 112.402 -16.8184 4
      vertex 106.912 -15.3207 4
      vertex 112.51 -17.1187 4
    endloop
  endfacet
  facet normal 0 0 1
    outer loop
      vertex 112.51 -17.1187 4
      vertex 106.912 -15.3207 4
      vertex 112.646 -17.407 4
    endloop
  endfacet
  facet normal -0 0 1
    outer loop
      vertex 106.185 -15.7563 4
      vertex 112.646 -17.407 4
      vertex 106.912 -15.3207 4
    endloop
  endfacet
  facet normal 0 0 1
    outer loop
      vertex 105.007 -22.225 4
      vertex 112.646 -17.407 4
      vertex 106.185 -15.7563 4
    endloop
  endfacet
  facet normal 0 0 1
    outer loop
      vertex 112.646 -17.407 4
      vertex 105.007 -22.225 4
      vertex 112.81 -17.6806 4
    endloop
  endfacet
  facet normal 0 0 1
    outer loop
      vertex 112.81 -17.6806 4
      vertex 105.007 -22.225 4
      vertex 113 -17.9368 4
    endloop
  endfacet
  facet normal 0 0 1
    outer loop
      vertex 113 -17.9368 4
      vertex 105.007 -22.225 4
      vertex 113.214 -18.1731 4
    endloop
  endfacet
  facet normal 0 0 1
    outer loop
      vertex 113.451 -18.3873 4
      vertex 105.007 -22.225 4
      vertex 113.707 -18.5773 4
    endloop
  endfacet
  facet normal 0 0 1
    outer loop
      vertex 113.214 -18.1731 4
      vertex 105.007 -22.225 4
      vertex 113.451 -18.3873 4
    endloop
  endfacet
  facet normal 0 0 1
    outer loop
      vertex 113.707 -18.5773 4
      vertex 105.007 -22.225 4
      vertex 113.98 -18.7412 4
    endloop
  endfacet
  facet normal 0 0 1
    outer loop
      vertex 105.007 -22.225 4
      vertex 106.185 -15.7563 4
      vertex 105.419 -16.1187 4
    endloop
  endfacet
  facet normal 0 0 1
    outer loop
      vertex 113.98 -18.7412 4
      vertex 105.007 -22.225 4
      vertex 114.269 -18.8776 4
    endloop
  endfacet
  facet normal 0 0 1
    outer loop
      vertex 105.007 -22.225 4
      vertex 105.419 -16.1187 4
      vertex 105.007 -16.266 4
    endloop
  endfacet
  facet normal 0 0 1
    outer loop
      vertex 115.194 -19.1094 4
      vertex 105.007 -22.225 4
      vertex 123 -22.225 4
    endloop
  endfacet
  facet normal 0 0 1
    outer loop
      vertex -29.8302 -16.1187 4
      vertex -29.4185 -22.225 4
      vertex -29.4185 -16.266 4
    endloop
  endfacet
  facet normal 0 0 1
    outer loop
      vertex -30.5962 -15.7563 4
      vertex -29.4185 -22.225 4
      vertex -29.8302 -16.1187 4
    endloop
  endfacet
  facet normal 0 0 1
    outer loop
      vertex -31.3231 -15.3207 4
      vertex -29.4185 -22.225 4
      vertex -30.5962 -15.7563 4
    endloop
  endfacet
  facet normal 0 0 1
    outer loop
      vertex -32.0038 -14.8158 4
      vertex -29.4185 -22.225 4
      vertex -31.3231 -15.3207 4
    endloop
  endfacet
  facet normal 0 0 1
    outer loop
      vertex -36.9055 -13.75 4
      vertex -32.0038 -14.8158 4
      vertex -32.6317 -14.2467 4
    endloop
  endfacet
  facet normal -0 0 1
    outer loop
      vertex -36.9055 -13.75 4
      vertex -32.6317 -14.2467 4
      vertex -33.2008 -13.6188 4
    endloop
  endfacet
  facet normal 0 0 1
    outer loop
      vertex -36.9055 -13.75 4
      vertex -33.2008 -13.6188 4
      vertex -33.7057 -12.9381 4
    endloop
  endfacet
  facet normal 0 0 1
    outer loop
      vertex -36.9055 -13.75 4
      vertex -33.7057 -12.9381 4
      vertex -34.1413 -12.2112 4
    endloop
  endfacet
  facet normal 0 0 1
    outer loop
      vertex -36.9055 -13.75 4
      vertex -34.1413 -12.2112 4
      vertex -34.5037 -11.4452 4
    endloop
  endfacet
  facet normal 0 0 1
    outer loop
      vertex -36.9055 -13.75 4
      vertex -35.161 -8.1405 4
      vertex -36.9055 13.75 4
    endloop
  endfacet
  facet normal 0 0 1
    outer loop
      vertex -35.161 -8.1405 4
      vertex -36.9055 -13.75 4
      vertex -35.1194 -8.98693 4
    endloop
  endfacet
  facet normal 0 0 1
    outer loop
      vertex -36.9055 -13.75 4
      vertex -34.9951 -9.8252 4
      vertex -35.1194 -8.98693 4
    endloop
  endfacet
  facet normal 0 0 1
    outer loop
      vertex -36.9055 -13.75 4
      vertex -34.7892 -10.6473 4
      vertex -34.9951 -9.8252 4
    endloop
  endfacet
  facet normal 0 0 1
    outer loop
      vertex -36.9055 -13.75 4
      vertex -34.5037 -11.4452 4
      vertex -34.7892 -10.6473 4
    endloop
  endfacet
  facet normal 0 0 1
    outer loop
      vertex -32.0038 -14.8158 4
      vertex -36.9055 -13.75 4
      vertex -29.4185 -22.225 4
    endloop
  endfacet
  facet normal 0 0 1
    outer loop
      vertex -113 -17.9368 4
      vertex -36.9055 -13.75 4
      vertex -109.006 -13.75 4
    endloop
  endfacet
  facet normal -0 0 1
    outer loop
      vertex -112.325 15.241 4
      vertex -109.006 13.75 4
      vertex -112.278 15.5564 4
    endloop
  endfacet
  facet normal 0 0 1
    outer loop
      vertex -112.278 -16.1936 4
      vertex -109.006 -13.75 4
      vertex -112.262 -15.875 4
    endloop
  endfacet
  facet normal 0 0 1
    outer loop
      vertex -112.325 -16.509 4
      vertex -109.006 -13.75 4
      vertex -112.278 -16.1936 4
    endloop
  endfacet
  facet normal 0 0 1
    outer loop
      vertex -112.402 -16.8184 4
      vertex -109.006 -13.75 4
      vertex -112.325 -16.509 4
    endloop
  endfacet
  facet normal 0 0 1
    outer loop
      vertex -112.51 -17.1187 4
      vertex -109.006 -13.75 4
      vertex -112.402 -16.8184 4
    endloop
  endfacet
  facet normal 0 0 1
    outer loop
      vertex -112.646 -17.407 4
      vertex -109.006 -13.75 4
      vertex -112.51 -17.1187 4
    endloop
  endfacet
  facet normal 0 0 1
    outer loop
      vertex -112.81 -17.6806 4
      vertex -109.006 -13.75 4
      vertex -112.646 -17.407 4
    endloop
  endfacet
  facet normal 0 0 1
    outer loop
      vertex -113 -17.9368 4
      vertex -109.006 -13.75 4
      vertex -112.81 -17.6806 4
    endloop
  endfacet
  facet normal 0 0 1
    outer loop
      vertex -36.9055 -13.75 4
      vertex -113 -17.9368 4
      vertex -29.4185 -22.225 4
    endloop
  endfacet
  facet normal -0 0 1
    outer loop
      vertex -113.214 -18.1731 4
      vertex -29.4185 -22.225 4
      vertex -113 -17.9368 4
    endloop
  endfacet
  facet normal -0 0 1
    outer loop
      vertex -113.451 -18.3873 4
      vertex -29.4185 -22.225 4
      vertex -113.214 -18.1731 4
    endloop
  endfacet
  facet normal -0 0 1
    outer loop
      vertex -113.707 -18.5773 4
      vertex -29.4185 -22.225 4
      vertex -113.451 -18.3873 4
    endloop
  endfacet
  facet normal -0 0 1
    outer loop
      vertex -113.98 -18.7412 4
      vertex -29.4185 -22.225 4
      vertex -113.707 -18.5773 4
    endloop
  endfacet
  facet normal -0 0 1
    outer loop
      vertex -114.269 -18.8776 4
      vertex -29.4185 -22.225 4
      vertex -113.98 -18.7412 4
    endloop
  endfacet
  facet normal -0 0 1
    outer loop
      vertex -114.569 -18.9851 4
      vertex -29.4185 -22.225 4
      vertex -114.269 -18.8776 4
    endloop
  endfacet
  facet normal 0 0 1
    outer loop
      vertex -123 -22.225 4
      vertex -114.569 -18.9851 4
      vertex -114.878 -19.0626 4
    endloop
  endfacet
  facet normal 0 0 1
    outer loop
      vertex -123 -22.225 4
      vertex -114.878 -19.0626 4
      vertex -115.194 -19.1094 4
    endloop
  endfacet
  facet normal 0 0 1
    outer loop
      vertex -123 -22.225 4
      vertex -115.194 -19.1094 4
      vertex -115.512 -19.125 4
    endloop
  endfacet
  facet normal 0 0 1
    outer loop
      vertex -123 -22.225 4
      vertex -115.512 -19.125 4
      vertex -121.012 -19.125 4
    endloop
  endfacet
  facet normal 0 0 1
    outer loop
      vertex -114.569 -18.9851 4
      vertex -123 -22.225 4
      vertex -29.4185 -22.225 4
    endloop
  endfacet
  facet normal 0 0 1
    outer loop
      vertex -121.331 -19.1094 4
      vertex -123 -22.225 4
      vertex -121.012 -19.125 4
    endloop
  endfacet
  facet normal 0 0 1
    outer loop
      vertex -121.647 -19.0626 4
      vertex -123 -22.225 4
      vertex -121.331 -19.1094 4
    endloop
  endfacet
  facet normal 0 0 1
    outer loop
      vertex -121.956 -18.9851 4
      vertex -123 -22.225 4
      vertex -121.647 -19.0626 4
    endloop
  endfacet
  facet normal 0 0 1
    outer loop
      vertex -122.256 -18.8776 4
      vertex -123 -22.225 4
      vertex -121.956 -18.9851 4
    endloop
  endfacet
  facet normal 0 0 1
    outer loop
      vertex -123.392 -22.2057 4
      vertex -122.256 -18.8776 4
      vertex -122.545 -18.7412 4
    endloop
  endfacet
  facet normal 0 0 1
    outer loop
      vertex -124.161 -22.0528 4
      vertex -122.545 -18.7412 4
      vertex -122.818 -18.5773 4
    endloop
  endfacet
  facet normal 0 0 1
    outer loop
      vertex -124.886 -21.7527 4
      vertex -122.818 -18.5773 4
      vertex -123.074 -18.3873 4
    endloop
  endfacet
  facet normal 0 0 1
    outer loop
      vertex -125.828 -21.0534 4
      vertex -123.074 -18.3873 4
      vertex -123.311 -18.1731 4
    endloop
  endfacet
  facet normal 0 0 1
    outer loop
      vertex -122.256 -18.8776 4
      vertex -123.392 -22.2057 4
      vertex -123 -22.225 4
    endloop
  endfacet
  facet normal 0 0 1
    outer loop
      vertex -126.326 -20.4473 4
      vertex -123.311 -18.1731 4
      vertex -123.525 -17.9368 4
    endloop
  endfacet
  facet normal 0 0 1
    outer loop
      vertex -126.828 -19.3861 4
      vertex -123.525 -17.9368 4
      vertex -123.715 -17.6806 4
    endloop
  endfacet
  facet normal 0 0 1
    outer loop
      vertex -122.545 -18.7412 4
      vertex -123.78 -22.1481 4
      vertex -123.392 -22.2057 4
    endloop
  endfacet
  facet normal 0 0 1
    outer loop
      vertex -126.981 -18.6171 4
      vertex -123.715 -17.6806 4
      vertex -123.879 -17.407 4
    endloop
  endfacet
  facet normal 0 0 1
    outer loop
      vertex -127 -18.225 4
      vertex -123.879 -17.407 4
      vertex -124.015 -17.1187 4
    endloop
  endfacet
  facet normal 0 0 1
    outer loop
      vertex -127 -18.225 4
      vertex -124.015 -17.1187 4
      vertex -124.123 -16.8184 4
    endloop
  endfacet
  facet normal 0 0 1
    outer loop
      vertex -122.545 -18.7412 4
      vertex -124.161 -22.0528 4
      vertex -123.78 -22.1481 4
    endloop
  endfacet
  facet normal 0 0 1
    outer loop
      vertex -127 -18.225 4
      vertex -124.123 -16.8184 4
      vertex -124.2 -16.509 4
    endloop
  endfacet
  facet normal 0 0 1
    outer loop
      vertex -127 -18.225 4
      vertex -124.2 -16.509 4
      vertex -124.247 -16.1936 4
    endloop
  endfacet
  facet normal 0 0 1
    outer loop
      vertex -127 -18.225 4
      vertex -124.247 -16.1936 4
      vertex -124.262 -15.875 4
    endloop
  endfacet
  facet normal 0 0 1
    outer loop
      vertex -122.818 -18.5773 4
      vertex -124.531 -21.9205 4
      vertex -124.161 -22.0528 4
    endloop
  endfacet
  facet normal 0 0 1
    outer loop
      vertex -124.2 -15.241 4
      vertex -127 -18.225 4
      vertex -124.247 -15.5564 4
    endloop
  endfacet
  facet normal -0 0 1
    outer loop
      vertex -126.828 19.3861 4
      vertex -123.525 17.9368 4
      vertex -126.696 19.7557 4
    endloop
  endfacet
  facet normal 0 0 1
    outer loop
      vertex -124.247 -15.5564 4
      vertex -127 -18.225 4
      vertex -124.262 -15.875 4
    endloop
  endfacet
  facet normal 0 0 1
    outer loop
      vertex -123.525 17.9368 4
      vertex -126.828 19.3861 4
      vertex -123.715 17.6806 4
    endloop
  endfacet
  facet normal 0 0 1
    outer loop
      vertex -123.879 -17.407 4
      vertex -127 -18.225 4
      vertex -126.981 -18.6171 4
    endloop
  endfacet
  facet normal -0 0 1
    outer loop
      vertex -126.923 19.0054 4
      vertex -123.715 17.6806 4
      vertex -126.828 19.3861 4
    endloop
  endfacet
  facet normal 0 0 1
    outer loop
      vertex -122.818 -18.5773 4
      vertex -124.886 -21.7527 4
      vertex -124.531 -21.9205 4
    endloop
  endfacet
  facet normal -0 0 1
    outer loop
      vertex -126.981 18.6171 4
      vertex -123.715 17.6806 4
      vertex -126.923 19.0054 4
    endloop
  endfacet
  facet normal 0 0 1
    outer loop
      vertex -123.074 -18.3873 4
      vertex -125.222 -21.5509 4
      vertex -124.886 -21.7527 4
    endloop
  endfacet
  facet normal 0 0 1
    outer loop
      vertex -123.715 17.6806 4
      vertex -126.981 18.6171 4
      vertex -123.879 17.407 4
    endloop
  endfacet
  facet normal 0 0 1
    outer loop
      vertex -123.074 -18.3873 4
      vertex -125.538 -21.317 4
      vertex -125.222 -21.5509 4
    endloop
  endfacet
  facet normal -0 0 1
    outer loop
      vertex -127 18.225 4
      vertex -123.879 17.407 4
      vertex -126.981 18.6171 4
    endloop
  endfacet
  facet normal 0 0 1
    outer loop
      vertex -123.074 -18.3873 4
      vertex -125.828 -21.0534 4
      vertex -125.538 -21.317 4
    endloop
  endfacet
  facet normal 0 0 1
    outer loop
      vertex -123.879 17.407 4
      vertex -127 18.225 4
      vertex -124.015 17.1187 4
    endloop
  endfacet
  facet normal 0 0 1
    outer loop
      vertex -123.311 -18.1731 4
      vertex -126.092 -20.7626 4
      vertex -125.828 -21.0534 4
    endloop
  endfacet
  facet normal 0 0 1
    outer loop
      vertex -124.015 17.1187 4
      vertex -127 18.225 4
      vertex -124.123 16.8184 4
    endloop
  endfacet
  facet normal 0 0 1
    outer loop
      vertex -123.311 -18.1731 4
      vertex -126.326 -20.4473 4
      vertex -126.092 -20.7626 4
    endloop
  endfacet
  facet normal 0 0 1
    outer loop
      vertex -124.123 16.8184 4
      vertex -127 18.225 4
      vertex -124.2 16.509 4
    endloop
  endfacet
  facet normal 0 0 1
    outer loop
      vertex -123.525 -17.9368 4
      vertex -126.528 -20.1106 4
      vertex -126.326 -20.4473 4
    endloop
  endfacet
  facet normal 0 0 1
    outer loop
      vertex -124.2 16.509 4
      vertex -127 18.225 4
      vertex -124.247 16.1936 4
    endloop
  endfacet
  facet normal 0 0 1
    outer loop
      vertex -123.525 -17.9368 4
      vertex -126.696 -19.7557 4
      vertex -126.528 -20.1106 4
    endloop
  endfacet
  facet normal 0 0 1
    outer loop
      vertex -124.247 16.1936 4
      vertex -127 18.225 4
      vertex -124.262 15.875 4
    endloop
  endfacet
  facet normal 0 0 1
    outer loop
      vertex -123.525 -17.9368 4
      vertex -126.828 -19.3861 4
      vertex -126.696 -19.7557 4
    endloop
  endfacet
  facet normal 0 0 1
    outer loop
      vertex -123.715 -17.6806 4
      vertex -126.923 -19.0054 4
      vertex -126.828 -19.3861 4
    endloop
  endfacet
  facet normal 0 0 1
    outer loop
      vertex -123.715 -17.6806 4
      vertex -126.981 -18.6171 4
      vertex -126.923 -19.0054 4
    endloop
  endfacet
  facet normal -0.941742 0.336336 0
    outer loop
      vertex -126.828 19.3861 0
      vertex -126.696 19.7557 4
      vertex -126.696 19.7557 0
    endloop
  endfacet
  facet normal -0.941742 0.336336 0
    outer loop
      vertex -126.696 19.7557 4
      vertex -126.828 19.3861 0
      vertex -126.828 19.3861 4
    endloop
  endfacet
  facet normal 1 -0 0
    outer loop
      vertex 127 -18.225 4
      vertex 127 18.225 0
      vertex 127 18.225 4
    endloop
  endfacet
  facet normal 1 0 0
    outer loop
      vertex 127 18.225 0
      vertex 127 -18.225 4
      vertex 127 -18.225 0
    endloop
  endfacet
  facet normal -0.514871 -0.857268 0
    outer loop
      vertex -125.222 -21.5509 0
      vertex -124.886 -21.7527 4
      vertex -125.222 -21.5509 4
    endloop
  endfacet
  facet normal -0.514871 -0.857268 -0
    outer loop
      vertex -124.886 -21.7527 4
      vertex -125.222 -21.5509 0
      vertex -124.886 -21.7527 0
    endloop
  endfacet
  facet normal 0.427342 0.90409 -0
    outer loop
      vertex 124.886 21.7527 0
      vertex 124.531 21.9205 4
      vertex 124.886 21.7527 4
    endloop
  endfacet
  facet normal 0.427342 0.90409 0
    outer loop
      vertex 124.531 21.9205 4
      vertex 124.886 21.7527 0
      vertex 124.531 21.9205 0
    endloop
  endfacet
  facet normal 0.514871 -0.857268 0
    outer loop
      vertex 124.886 -21.7527 0
      vertex 125.222 -21.5509 4
      vertex 124.886 -21.7527 4
    endloop
  endfacet
  facet normal 0.514871 -0.857268 0
    outer loop
      vertex 125.222 -21.5509 4
      vertex 124.886 -21.7527 0
      vertex 125.222 -21.5509 0
    endloop
  endfacet
  facet normal -0.146844 0.98916 0
    outer loop
      vertex -123.392 22.2057 0
      vertex -123.78 22.1481 4
      vertex -123.392 22.2057 4
    endloop
  endfacet
  facet normal -0.146844 0.98916 0
    outer loop
      vertex -123.78 22.1481 4
      vertex -123.392 22.2057 0
      vertex -123.78 22.1481 0
    endloop
  endfacet
  facet normal -0.242655 0.970113 0
    outer loop
      vertex -123.78 22.1481 0
      vertex -124.161 22.0528 4
      vertex -123.78 22.1481 4
    endloop
  endfacet
  facet normal -0.242655 0.970113 0
    outer loop
      vertex -124.161 22.0528 4
      vertex -123.78 22.1481 0
      vertex -124.161 22.0528 0
    endloop
  endfacet
  facet normal -0.336691 0.941615 0
    outer loop
      vertex -124.161 22.0528 0
      vertex -124.531 21.9205 4
      vertex -124.161 22.0528 4
    endloop
  endfacet
  facet normal -0.336691 0.941615 0
    outer loop
      vertex -124.531 21.9205 4
      vertex -124.161 22.0528 0
      vertex -124.531 21.9205 0
    endloop
  endfacet
  facet normal 0.989028 -0.14773 0
    outer loop
      vertex 126.923 -19.0054 4
      vertex 126.981 -18.6171 0
      vertex 126.981 -18.6171 4
    endloop
  endfacet
  facet normal 0.989028 -0.14773 0
    outer loop
      vertex 126.981 -18.6171 0
      vertex 126.923 -19.0054 4
      vertex 126.923 -19.0054 0
    endloop
  endfacet
  facet normal -0.146844 -0.98916 0
    outer loop
      vertex -123.78 -22.1481 0
      vertex -123.392 -22.2057 4
      vertex -123.78 -22.1481 4
    endloop
  endfacet
  facet normal -0.146844 -0.98916 -0
    outer loop
      vertex -123.392 -22.2057 4
      vertex -123.78 -22.1481 0
      vertex -123.392 -22.2057 0
    endloop
  endfacet
  facet normal 0.903847 0.427856 0
    outer loop
      vertex 126.696 19.7557 4
      vertex 126.528 20.1106 0
      vertex 126.528 20.1106 4
    endloop
  endfacet
  facet normal 0.903847 0.427856 0
    outer loop
      vertex 126.528 20.1106 0
      vertex 126.696 19.7557 4
      vertex 126.696 19.7557 0
    endloop
  endfacet
  facet normal -0.672622 0.739986 0
    outer loop
      vertex -125.538 21.317 0
      vertex -125.828 21.0534 4
      vertex -125.538 21.317 4
    endloop
  endfacet
  facet normal -0.672622 0.739986 0
    outer loop
      vertex -125.828 21.0534 4
      vertex -125.538 21.317 0
      vertex -125.828 21.0534 0
    endloop
  endfacet
  facet normal 0.857515 -0.514458 0
    outer loop
      vertex 126.326 -20.4473 4
      vertex 126.528 -20.1106 0
      vertex 126.528 -20.1106 4
    endloop
  endfacet
  facet normal 0.857515 -0.514458 0
    outer loop
      vertex 126.528 -20.1106 0
      vertex 126.326 -20.4473 4
      vertex 126.326 -20.4473 0
    endloop
  endfacet
  facet normal 0.0491751 0.99879 -0
    outer loop
      vertex 123.392 22.2057 0
      vertex 123 22.225 4
      vertex 123.392 22.2057 4
    endloop
  endfacet
  facet normal 0.0491751 0.99879 0
    outer loop
      vertex 123 22.225 4
      vertex 123.392 22.2057 0
      vertex 123 22.225 0
    endloop
  endfacet
  facet normal 0 0 -1
    outer loop
      vertex -112.402 -14.9316 0
      vertex -106.506 -9.47 0
      vertex -112.325 -15.241 0
    endloop
  endfacet
  facet normal 0 0 -1
    outer loop
      vertex -106.506 6.8319 0
      vertex -112.278 15.5564 0
      vertex -112.262 15.875 0
    endloop
  endfacet
  facet normal 0 0 -1
    outer loop
      vertex -112.51 -14.6313 0
      vertex -106.506 -9.47 0
      vertex -112.402 -14.9316 0
    endloop
  endfacet
  facet normal 0 0 -1
    outer loop
      vertex -106.506 6.8319 0
      vertex -112.325 15.241 0
      vertex -112.278 15.5564 0
    endloop
  endfacet
  facet normal 0 0 -1
    outer loop
      vertex -112.646 -14.343 0
      vertex -106.506 -9.47 0
      vertex -112.51 -14.6313 0
    endloop
  endfacet
  facet normal 0 0 -1
    outer loop
      vertex -106.506 6.8319 0
      vertex -112.402 14.9316 0
      vertex -112.325 15.241 0
    endloop
  endfacet
  facet normal 0 0 -1
    outer loop
      vertex -112.81 -14.0694 0
      vertex -106.506 -9.47 0
      vertex -112.646 -14.343 0
    endloop
  endfacet
  facet normal 0 0 -1
    outer loop
      vertex -106.506 6.8319 0
      vertex -112.51 14.6313 0
      vertex -112.402 14.9316 0
    endloop
  endfacet
  facet normal 0 0 -1
    outer loop
      vertex -113 -13.8132 0
      vertex -106.506 -9.47 0
      vertex -112.81 -14.0694 0
    endloop
  endfacet
  facet normal 0 0 -1
    outer loop
      vertex -106.506 6.8319 0
      vertex -112.646 14.343 0
      vertex -112.51 14.6313 0
    endloop
  endfacet
  facet normal 0 0 -1
    outer loop
      vertex -113.214 -13.5769 0
      vertex -106.506 -9.47 0
      vertex -113 -13.8132 0
    endloop
  endfacet
  facet normal 0 0 -1
    outer loop
      vertex -106.506 6.8319 0
      vertex -112.81 14.0694 0
      vertex -112.646 14.343 0
    endloop
  endfacet
  facet normal 0 0 -1
    outer loop
      vertex -113.451 -13.3627 0
      vertex -106.506 -9.47 0
      vertex -113.214 -13.5769 0
    endloop
  endfacet
  facet normal 0 0 -1
    outer loop
      vertex -106.506 6.8319 0
      vertex -113 13.8132 0
      vertex -112.81 14.0694 0
    endloop
  endfacet
  facet normal 0 0 -1
    outer loop
      vertex -113.707 -13.1727 0
      vertex -106.506 -9.47 0
      vertex -113.451 -13.3627 0
    endloop
  endfacet
  facet normal 0 0 -1
    outer loop
      vertex -106.506 6.8319 0
      vertex -113.214 13.5769 0
      vertex -113 13.8132 0
    endloop
  endfacet
  facet normal 0 0 -1
    outer loop
      vertex -113.98 -13.0088 0
      vertex -106.506 -9.47 0
      vertex -113.707 -13.1727 0
    endloop
  endfacet
  facet normal 0 0 -1
    outer loop
      vertex -106.506 6.8319 0
      vertex -113.451 13.3627 0
      vertex -113.214 13.5769 0
    endloop
  endfacet
  facet normal 0 0 -1
    outer loop
      vertex -114.269 -12.8724 0
      vertex -106.506 -9.47 0
      vertex -113.98 -13.0088 0
    endloop
  endfacet
  facet normal 0 0 -1
    outer loop
      vertex -106.506 6.8319 0
      vertex -113.707 13.1727 0
      vertex -113.451 13.3627 0
    endloop
  endfacet
  facet normal 0 0 -1
    outer loop
      vertex -114.569 -12.7649 0
      vertex -106.506 -9.47 0
      vertex -114.269 -12.8724 0
    endloop
  endfacet
  facet normal 0 0 -1
    outer loop
      vertex -106.506 6.8319 0
      vertex -113.98 13.0088 0
      vertex -113.707 13.1727 0
    endloop
  endfacet
  facet normal 0 0 -1
    outer loop
      vertex -114.878 -12.6874 0
      vertex -106.506 -9.47 0
      vertex -114.569 -12.7649 0
    endloop
  endfacet
  facet normal 0 0 -1
    outer loop
      vertex -106.506 6.8319 0
      vertex -114.269 12.8724 0
      vertex -113.98 13.0088 0
    endloop
  endfacet
  facet normal 0 0 -1
    outer loop
      vertex -115.194 -12.6407 0
      vertex -106.506 -9.47 0
      vertex -114.878 -12.6874 0
    endloop
  endfacet
  facet normal 0 0 -1
    outer loop
      vertex -106.506 6.8319 0
      vertex -114.569 12.7649 0
      vertex -114.269 12.8724 0
    endloop
  endfacet
  facet normal -0 0 -1
    outer loop
      vertex -106.506 -9.47 0
      vertex -115.194 -12.6407 0
      vertex -106.506 6.8319 0
    endloop
  endfacet
  facet normal 0 0 -1
    outer loop
      vertex -106.506 6.8319 0
      vertex -114.878 12.6874 0
      vertex -114.569 12.7649 0
    endloop
  endfacet
  facet normal 0 0 -1
    outer loop
      vertex -115.512 -12.625 0
      vertex -106.506 6.8319 0
      vertex -115.194 -12.6407 0
    endloop
  endfacet
  facet normal 0 0 -1
    outer loop
      vertex -106.506 6.8319 0
      vertex -115.194 12.6406 0
      vertex -114.878 12.6874 0
    endloop
  endfacet
  facet normal 0 0 -1
    outer loop
      vertex -115.512 12.625 0
      vertex -106.506 6.8319 0
      vertex -115.512 -12.625 0
    endloop
  endfacet
  facet normal 0 0 -1
    outer loop
      vertex -106.506 6.8319 0
      vertex -115.512 12.625 0
      vertex -115.194 12.6406 0
    endloop
  endfacet
  facet normal 0 0 -1
    outer loop
      vertex -121.012 -12.625 0
      vertex -115.512 12.625 0
      vertex -115.512 -12.625 0
    endloop
  endfacet
  facet normal 0 0 -1
    outer loop
      vertex -121.012 -12.625 0
      vertex -121.012 12.625 0
      vertex -115.512 12.625 0
    endloop
  endfacet
  facet normal 0 0 -1
    outer loop
      vertex -121.331 -12.6407 0
      vertex -121.012 12.625 0
      vertex -121.012 -12.625 0
    endloop
  endfacet
  facet normal 0 0 -1
    outer loop
      vertex -121.331 -12.6407 0
      vertex -121.331 12.6406 0
      vertex -121.012 12.625 0
    endloop
  endfacet
  facet normal 0 0 -1
    outer loop
      vertex -121.647 -12.6874 0
      vertex -121.331 12.6406 0
      vertex -121.331 -12.6407 0
    endloop
  endfacet
  facet normal 0 0 -1
    outer loop
      vertex -121.647 -12.6874 0
      vertex -121.647 12.6874 0
      vertex -121.331 12.6406 0
    endloop
  endfacet
  facet normal 0 0 -1
    outer loop
      vertex -121.956 -12.7649 0
      vertex -121.647 12.6874 0
      vertex -121.647 -12.6874 0
    endloop
  endfacet
  facet normal 0 0 -1
    outer loop
      vertex -121.956 -12.7649 0
      vertex -121.956 12.7649 0
      vertex -121.647 12.6874 0
    endloop
  endfacet
  facet normal 0 0 -1
    outer loop
      vertex -122.256 -12.8724 0
      vertex -121.956 12.7649 0
      vertex -121.956 -12.7649 0
    endloop
  endfacet
  facet normal 0 0 -1
    outer loop
      vertex -122.256 -12.8724 0
      vertex -122.256 12.8724 0
      vertex -121.956 12.7649 0
    endloop
  endfacet
  facet normal 0 0 -1
    outer loop
      vertex -122.545 -13.0088 0
      vertex -122.256 12.8724 0
      vertex -122.256 -12.8724 0
    endloop
  endfacet
  facet normal 0 0 -1
    outer loop
      vertex -122.545 -13.0088 0
      vertex -122.545 13.0088 0
      vertex -122.256 12.8724 0
    endloop
  endfacet
  facet normal 0 0 -1
    outer loop
      vertex -122.818 -13.1727 0
      vertex -122.545 13.0088 0
      vertex -122.545 -13.0088 0
    endloop
  endfacet
  facet normal 0 0 -1
    outer loop
      vertex -122.818 -13.1727 0
      vertex -122.818 13.1727 0
      vertex -122.545 13.0088 0
    endloop
  endfacet
  facet normal 0 0 -1
    outer loop
      vertex -123.074 -13.3627 0
      vertex -122.818 13.1727 0
      vertex -122.818 -13.1727 0
    endloop
  endfacet
  facet normal 0 0 -1
    outer loop
      vertex -123.074 -13.3627 0
      vertex -123.074 13.3627 0
      vertex -122.818 13.1727 0
    endloop
  endfacet
  facet normal 0 0 -1
    outer loop
      vertex -123.311 -13.5769 0
      vertex -123.074 13.3627 0
      vertex -123.074 -13.3627 0
    endloop
  endfacet
  facet normal 0 0 -1
    outer loop
      vertex -123.311 -13.5769 0
      vertex -123.311 13.5769 0
      vertex -123.074 13.3627 0
    endloop
  endfacet
  facet normal 0 0 -1
    outer loop
      vertex -123.525 -13.8132 0
      vertex -123.311 13.5769 0
      vertex -123.311 -13.5769 0
    endloop
  endfacet
  facet normal 0 0 -1
    outer loop
      vertex -123.525 -13.8132 0
      vertex -123.525 13.8132 0
      vertex -123.311 13.5769 0
    endloop
  endfacet
  facet normal 0 0 -1
    outer loop
      vertex -123.715 -14.0694 0
      vertex -123.525 13.8132 0
      vertex -123.525 -13.8132 0
    endloop
  endfacet
  facet normal 0 0 -1
    outer loop
      vertex -123.715 -14.0694 0
      vertex -123.715 14.0694 0
      vertex -123.525 13.8132 0
    endloop
  endfacet
  facet normal 0 0 -1
    outer loop
      vertex -127 -18.225 0
      vertex -123.715 -14.0694 0
      vertex -123.879 -14.343 0
    endloop
  endfacet
  facet normal -0 0 -1
    outer loop
      vertex -123.715 -14.0694 0
      vertex -127 -18.225 0
      vertex -123.715 14.0694 0
    endloop
  endfacet
  facet normal 0 0 -1
    outer loop
      vertex -127 -18.225 0
      vertex -123.879 -14.343 0
      vertex -124.015 -14.6313 0
    endloop
  endfacet
  facet normal 0 0 -1
    outer loop
      vertex -127 18.225 0
      vertex -123.715 14.0694 0
      vertex -127 -18.225 0
    endloop
  endfacet
  facet normal 0 0 -1
    outer loop
      vertex -127 -18.225 0
      vertex -124.015 -14.6313 0
      vertex -124.123 -14.9316 0
    endloop
  endfacet
  facet normal 0 0 -1
    outer loop
      vertex -123.715 14.0694 0
      vertex -127 18.225 0
      vertex -123.879 14.343 0
    endloop
  endfacet
  facet normal 0 0 -1
    outer loop
      vertex -127 -18.225 0
      vertex -124.123 -14.9316 0
      vertex -124.2 -15.241 0
    endloop
  endfacet
  facet normal 0 0 -1
    outer loop
      vertex -123.879 14.343 0
      vertex -127 18.225 0
      vertex -124.015 14.6313 0
    endloop
  endfacet
  facet normal 0 0 -1
    outer loop
      vertex -127 -18.225 0
      vertex -124.2 -15.241 0
      vertex -124.247 -15.5564 0
    endloop
  endfacet
  facet normal 0 0 -1
    outer loop
      vertex -124.015 14.6313 0
      vertex -127 18.225 0
      vertex -124.123 14.9316 0
    endloop
  endfacet
  facet normal 0 0 -1
    outer loop
      vertex -127 -18.225 0
      vertex -124.247 -15.5564 0
      vertex -124.262 -15.875 0
    endloop
  endfacet
  facet normal 0 0 -1
    outer loop
      vertex -124.123 14.9316 0
      vertex -127 18.225 0
      vertex -124.2 15.241 0
    endloop
  endfacet
  facet normal 0 0 -1
    outer loop
      vertex 124.123 -14.9316 0
      vertex 127 -18.225 0
      vertex 124.2 -15.241 0
    endloop
  endfacet
  facet normal 0 0 -1
    outer loop
      vertex 127 18.225 0
      vertex 124.247 15.5564 0
      vertex 124.262 15.875 0
    endloop
  endfacet
  facet normal 0 0 -1
    outer loop
      vertex 124.015 -14.6313 0
      vertex 127 -18.225 0
      vertex 124.123 -14.9316 0
    endloop
  endfacet
  facet normal 0 0 -1
    outer loop
      vertex 127 18.225 0
      vertex 124.2 15.241 0
      vertex 124.247 15.5564 0
    endloop
  endfacet
  facet normal 0 0 -1
    outer loop
      vertex 123.879 -14.343 0
      vertex 127 -18.225 0
      vertex 124.015 -14.6313 0
    endloop
  endfacet
  facet normal 0 0 -1
    outer loop
      vertex 127 18.225 0
      vertex 124.123 14.9316 0
      vertex 124.2 15.241 0
    endloop
  endfacet
  facet normal 0 0 -1
    outer loop
      vertex 123.715 -14.0694 0
      vertex 127 -18.225 0
      vertex 123.879 -14.343 0
    endloop
  endfacet
  facet normal 0 0 -1
    outer loop
      vertex 127 18.225 0
      vertex 124.015 14.6313 0
      vertex 124.123 14.9316 0
    endloop
  endfacet
  facet normal 0 0 -1
    outer loop
      vertex 127 -18.225 0
      vertex 123.715 -14.0694 0
      vertex 127 18.225 0
    endloop
  endfacet
  facet normal 0 0 -1
    outer loop
      vertex 127 18.225 0
      vertex 123.879 14.343 0
      vertex 124.015 14.6313 0
    endloop
  endfacet
  facet normal 0 0 -1
    outer loop
      vertex 123.715 14.0694 0
      vertex 127 18.225 0
      vertex 123.715 -14.0694 0
    endloop
  endfacet
  facet normal 0 0 -1
    outer loop
      vertex 127 18.225 0
      vertex 123.715 14.0694 0
      vertex 123.879 14.343 0
    endloop
  endfacet
  facet normal 0 0 -1
    outer loop
      vertex 123.525 -13.8132 0
      vertex 123.715 14.0694 0
      vertex 123.715 -14.0694 0
    endloop
  endfacet
  facet normal 0 0 -1
    outer loop
      vertex 123.525 -13.8132 0
      vertex 123.525 13.8132 0
      vertex 123.715 14.0694 0
    endloop
  endfacet
  facet normal 0 0 -1
    outer loop
      vertex 123.311 -13.5769 0
      vertex 123.525 13.8132 0
      vertex 123.525 -13.8132 0
    endloop
  endfacet
  facet normal 0 0 -1
    outer loop
      vertex 123.311 -13.5769 0
      vertex 123.311 13.5769 0
      vertex 123.525 13.8132 0
    endloop
  endfacet
  facet normal 0 0 -1
    outer loop
      vertex 123.074 -13.3627 0
      vertex 123.311 13.5769 0
      vertex 123.311 -13.5769 0
    endloop
  endfacet
  facet normal 0 0 -1
    outer loop
      vertex 123.074 -13.3627 0
      vertex 123.074 13.3627 0
      vertex 123.311 13.5769 0
    endloop
  endfacet
  facet normal 0 0 -1
    outer loop
      vertex 122.818 -13.1727 0
      vertex 123.074 13.3627 0
      vertex 123.074 -13.3627 0
    endloop
  endfacet
  facet normal 0 0 -1
    outer loop
      vertex 122.818 -13.1727 0
      vertex 122.818 13.1727 0
      vertex 123.074 13.3627 0
    endloop
  endfacet
  facet normal 0 0 -1
    outer loop
      vertex 122.545 -13.0088 0
      vertex 122.818 13.1727 0
      vertex 122.818 -13.1727 0
    endloop
  endfacet
  facet normal 0 0 -1
    outer loop
      vertex 122.545 -13.0088 0
      vertex 122.545 13.0088 0
      vertex 122.818 13.1727 0
    endloop
  endfacet
  facet normal 0 0 -1
    outer loop
      vertex 122.256 -12.8724 0
      vertex 122.545 13.0088 0
      vertex 122.545 -13.0088 0
    endloop
  endfacet
  facet normal 0 0 -1
    outer loop
      vertex 122.256 -12.8724 0
      vertex 122.256 12.8724 0
      vertex 122.545 13.0088 0
    endloop
  endfacet
  facet normal 0 0 -1
    outer loop
      vertex 121.956 -12.7649 0
      vertex 122.256 12.8724 0
      vertex 122.256 -12.8724 0
    endloop
  endfacet
  facet normal 0 0 -1
    outer loop
      vertex 121.956 -12.7649 0
      vertex 121.956 12.7649 0
      vertex 122.256 12.8724 0
    endloop
  endfacet
  facet normal 0 0 -1
    outer loop
      vertex 121.647 -12.6874 0
      vertex 121.956 12.7649 0
      vertex 121.956 -12.7649 0
    endloop
  endfacet
  facet normal 0 0 -1
    outer loop
      vertex 121.647 -12.6874 0
      vertex 121.647 12.6874 0
      vertex 121.956 12.7649 0
    endloop
  endfacet
  facet normal 0 0 -1
    outer loop
      vertex 121.331 -12.6407 0
      vertex 121.647 12.6874 0
      vertex 121.647 -12.6874 0
    endloop
  endfacet
  facet normal 0 0 -1
    outer loop
      vertex 121.331 -12.6407 0
      vertex 121.331 12.6406 0
      vertex 121.647 12.6874 0
    endloop
  endfacet
  facet normal 0 0 -1
    outer loop
      vertex 121.012 -12.625 0
      vertex 121.331 12.6406 0
      vertex 121.331 -12.6407 0
    endloop
  endfacet
  facet normal 0 0 -1
    outer loop
      vertex 121.012 -12.625 0
      vertex 121.012 12.625 0
      vertex 121.331 12.6406 0
    endloop
  endfacet
  facet normal 0 0 -1
    outer loop
      vertex 110.25 -8.1405 0
      vertex 121.012 -12.625 0
      vertex 115.512 -12.625 0
    endloop
  endfacet
  facet normal 0 0 -1
    outer loop
      vertex 121.012 -12.625 0
      vertex 110.25 -8.1405 0
      vertex 121.012 12.625 0
    endloop
  endfacet
  facet normal 0 0 -1
    outer loop
      vertex 110.25 -8.1405 0
      vertex 115.512 -12.625 0
      vertex 115.194 -12.6407 0
    endloop
  endfacet
  facet normal -0 0 -1
    outer loop
      vertex 121.012 12.625 0
      vertex 110.25 -8.1405 0
      vertex 115.512 12.625 0
    endloop
  endfacet
  facet normal 0 0 -1
    outer loop
      vertex 110.25 -8.1405 0
      vertex 115.194 -12.6407 0
      vertex 114.878 -12.6874 0
    endloop
  endfacet
  facet normal -0 0 -1
    outer loop
      vertex 115.512 12.625 0
      vertex 110.25 -8.1405 0
      vertex 115.194 12.6406 0
    endloop
  endfacet
  facet normal 0 0 -1
    outer loop
      vertex 110.211 -8.93792 0
      vertex 114.878 -12.6874 0
      vertex 114.569 -12.7649 0
    endloop
  endfacet
  facet normal -0 0 -1
    outer loop
      vertex 115.194 12.6406 0
      vertex 110.25 -8.1405 0
      vertex 114.878 12.6874 0
    endloop
  endfacet
  facet normal 0 0 -1
    outer loop
      vertex 110.211 -8.93792 0
      vertex 114.569 -12.7649 0
      vertex 114.269 -12.8724 0
    endloop
  endfacet
  facet normal -0 0 -1
    outer loop
      vertex 114.878 12.6874 0
      vertex 110.25 -8.1405 0
      vertex 114.569 12.7649 0
    endloop
  endfacet
  facet normal 0 0 -1
    outer loop
      vertex 110.094 -9.72766 0
      vertex 114.269 -12.8724 0
      vertex 113.98 -13.0088 0
    endloop
  endfacet
  facet normal -0 0 -1
    outer loop
      vertex 114.569 12.7649 0
      vertex 110.25 -8.1405 0
      vertex 114.269 12.8724 0
    endloop
  endfacet
  facet normal 0 0 -1
    outer loop
      vertex 109.9 -10.5021 0
      vertex 113.98 -13.0088 0
      vertex 113.707 -13.1727 0
    endloop
  endfacet
  facet normal -0 0 -1
    outer loop
      vertex 114.269 12.8724 0
      vertex 110.25 -8.1405 0
      vertex 113.98 13.0088 0
    endloop
  endfacet
  facet normal 0 0 -1
    outer loop
      vertex 109.9 -10.5021 0
      vertex 113.707 -13.1727 0
      vertex 113.451 -13.3627 0
    endloop
  endfacet
  facet normal 0 0 -1
    outer loop
      vertex 110.25 14.271 0
      vertex 113.98 13.0088 0
      vertex 110.25 -8.1405 0
    endloop
  endfacet
  facet normal 0 0 -1
    outer loop
      vertex 109.631 -11.2538 0
      vertex 113.451 -13.3627 0
      vertex 113.214 -13.5769 0
    endloop
  endfacet
  facet normal 0 0 -1
    outer loop
      vertex 113.98 13.0088 0
      vertex 110.25 14.271 0
      vertex 113.707 13.1727 0
    endloop
  endfacet
  facet normal 0 0 -1
    outer loop
      vertex 109.631 -11.2538 0
      vertex 113.214 -13.5769 0
      vertex 113 -13.8132 0
    endloop
  endfacet
  facet normal 0 0 -1
    outer loop
      vertex 113.707 13.1727 0
      vertex 110.25 14.271 0
      vertex 113.451 13.3627 0
    endloop
  endfacet
  facet normal 0 0 -1
    outer loop
      vertex 109.289 -11.9755 0
      vertex 113 -13.8132 0
      vertex 112.81 -14.0694 0
    endloop
  endfacet
  facet normal 0 0 -1
    outer loop
      vertex 113.451 13.3627 0
      vertex 110.25 14.271 0
      vertex 113.214 13.5769 0
    endloop
  endfacet
  facet normal 0 0 -1
    outer loop
      vertex 109.289 -11.9755 0
      vertex 112.81 -14.0694 0
      vertex 112.646 -14.343 0
    endloop
  endfacet
  facet normal 0 0 -1
    outer loop
      vertex 113.214 13.5769 0
      vertex 110.25 14.271 0
      vertex 113 13.8132 0
    endloop
  endfacet
  facet normal 0 0 -1
    outer loop
      vertex 108.879 -12.6603 0
      vertex 112.646 -14.343 0
      vertex 112.51 -14.6313 0
    endloop
  endfacet
  facet normal 0 0 -1
    outer loop
      vertex 113 13.8132 0
      vertex 110.25 14.271 0
      vertex 112.81 14.0694 0
    endloop
  endfacet
  facet normal 0 0 -1
    outer loop
      vertex 108.879 -12.6603 0
      vertex 112.51 -14.6313 0
      vertex 112.402 -14.9316 0
    endloop
  endfacet
  facet normal 0 0 -1
    outer loop
      vertex 112.81 14.0694 0
      vertex 110.25 14.271 0
      vertex 112.646 14.343 0
    endloop
  endfacet
  facet normal 0 0 -1
    outer loop
      vertex 108.403 -13.3016 0
      vertex 112.402 -14.9316 0
      vertex 112.325 -15.241 0
    endloop
  endfacet
  facet normal -0 0 -1
    outer loop
      vertex 112.646 14.343 0
      vertex 110.25 14.271 0
      vertex 112.51 14.6313 0
    endloop
  endfacet
  facet normal 0 0 -1
    outer loop
      vertex 108.403 -13.3016 0
      vertex 112.325 -15.241 0
      vertex 112.278 -15.5564 0
    endloop
  endfacet
  facet normal -0 0 -1
    outer loop
      vertex 112.51 14.6313 0
      vertex 110.25 14.271 0
      vertex 112.402 14.9316 0
    endloop
  endfacet
  facet normal 0 0 -1
    outer loop
      vertex 107.867 -13.8932 0
      vertex 112.278 -15.5564 0
      vertex 112.262 -15.875 0
    endloop
  endfacet
  facet normal 0 0 -1
    outer loop
      vertex 110.24 14.4675 0
      vertex 112.402 14.9316 0
      vertex 110.25 14.271 0
    endloop
  endfacet
  facet normal 0 0 -1
    outer loop
      vertex 123.879 -17.407 0
      vertex 127 -18.225 0
      vertex 126.981 -18.6171 0
    endloop
  endfacet
  facet normal 0 0 -1
    outer loop
      vertex 124.247 -15.5564 0
      vertex 127 -18.225 0
      vertex 124.262 -15.875 0
    endloop
  endfacet
  facet normal 0 0 -1
    outer loop
      vertex 123.715 -17.6806 0
      vertex 126.981 -18.6171 0
      vertex 126.923 -19.0054 0
    endloop
  endfacet
  facet normal 0 0 -1
    outer loop
      vertex 124.2 -15.241 0
      vertex 127 -18.225 0
      vertex 124.247 -15.5564 0
    endloop
  endfacet
  facet normal 0 0 -1
    outer loop
      vertex 123.715 -17.6806 0
      vertex 126.923 -19.0054 0
      vertex 126.828 -19.3861 0
    endloop
  endfacet
  facet normal 0 0 -1
    outer loop
      vertex 124.247 16.1936 0
      vertex 127 18.225 0
      vertex 124.262 15.875 0
    endloop
  endfacet
  facet normal 0 0 -1
    outer loop
      vertex 123.525 -17.9368 0
      vertex 126.828 -19.3861 0
      vertex 126.696 -19.7557 0
    endloop
  endfacet
  facet normal 0 0 -1
    outer loop
      vertex 124.2 16.509 0
      vertex 127 18.225 0
      vertex 124.247 16.1936 0
    endloop
  endfacet
  facet normal 0 0 -1
    outer loop
      vertex 123.525 -17.9368 0
      vertex 126.696 -19.7557 0
      vertex 126.528 -20.1106 0
    endloop
  endfacet
  facet normal 0 0 -1
    outer loop
      vertex 124.123 16.8184 0
      vertex 127 18.225 0
      vertex 124.2 16.509 0
    endloop
  endfacet
  facet normal 0 0 -1
    outer loop
      vertex 123.525 -17.9368 0
      vertex 126.528 -20.1106 0
      vertex 126.326 -20.4473 0
    endloop
  endfacet
  facet normal 0 0 -1
    outer loop
      vertex 124.015 17.1187 0
      vertex 127 18.225 0
      vertex 124.123 16.8184 0
    endloop
  endfacet
  facet normal 0 0 -1
    outer loop
      vertex 123.311 -18.1731 0
      vertex 126.326 -20.4473 0
      vertex 126.092 -20.7626 0
    endloop
  endfacet
  facet normal 0 0 -1
    outer loop
      vertex 123.879 17.407 0
      vertex 127 18.225 0
      vertex 124.015 17.1187 0
    endloop
  endfacet
  facet normal 0 0 -1
    outer loop
      vertex 123.311 -18.1731 0
      vertex 126.092 -20.7626 0
      vertex 125.828 -21.0534 0
    endloop
  endfacet
  facet normal -0 0 -1
    outer loop
      vertex 127 18.225 0
      vertex 123.879 17.407 0
      vertex 126.981 18.6171 0
    endloop
  endfacet
  facet normal 0 0 -1
    outer loop
      vertex 123.074 -18.3873 0
      vertex 125.828 -21.0534 0
      vertex 125.538 -21.317 0
    endloop
  endfacet
  facet normal 0 0 -1
    outer loop
      vertex 123.715 17.6806 0
      vertex 126.981 18.6171 0
      vertex 123.879 17.407 0
    endloop
  endfacet
  facet normal 0 0 -1
    outer loop
      vertex 123.074 -18.3873 0
      vertex 125.538 -21.317 0
      vertex 125.222 -21.5509 0
    endloop
  endfacet
  facet normal -0 0 -1
    outer loop
      vertex 126.981 18.6171 0
      vertex 123.715 17.6806 0
      vertex 126.923 19.0054 0
    endloop
  endfacet
  facet normal 0 0 -1
    outer loop
      vertex 123.074 -18.3873 0
      vertex 125.222 -21.5509 0
      vertex 124.886 -21.7527 0
    endloop
  endfacet
  facet normal -0 0 -1
    outer loop
      vertex 126.923 19.0054 0
      vertex 123.715 17.6806 0
      vertex 126.828 19.3861 0
    endloop
  endfacet
  facet normal 0 0 -1
    outer loop
      vertex 122.818 -18.5773 0
      vertex 124.886 -21.7527 0
      vertex 124.531 -21.9205 0
    endloop
  endfacet
  facet normal 0 0 -1
    outer loop
      vertex 123.525 17.9368 0
      vertex 126.828 19.3861 0
      vertex 123.715 17.6806 0
    endloop
  endfacet
  facet normal -0 0 -1
    outer loop
      vertex 126.828 19.3861 0
      vertex 123.525 17.9368 0
      vertex 126.696 19.7557 0
    endloop
  endfacet
  facet normal 0 0 -1
    outer loop
      vertex 127 -18.225 0
      vertex 124.247 -16.1936 0
      vertex 124.262 -15.875 0
    endloop
  endfacet
  facet normal 0 0 -1
    outer loop
      vertex 127 -18.225 0
      vertex 124.2 -16.509 0
      vertex 124.247 -16.1936 0
    endloop
  endfacet
  facet normal 0 0 -1
    outer loop
      vertex 122.818 -18.5773 0
      vertex 124.531 -21.9205 0
      vertex 124.161 -22.0528 0
    endloop
  endfacet
  facet normal 0 0 -1
    outer loop
      vertex 127 -18.225 0
      vertex 124.123 -16.8184 0
      vertex 124.2 -16.509 0
    endloop
  endfacet
  facet normal 0 0 -1
    outer loop
      vertex 127 -18.225 0
      vertex 124.015 -17.1187 0
      vertex 124.123 -16.8184 0
    endloop
  endfacet
  facet normal 0 0 -1
    outer loop
      vertex 127 -18.225 0
      vertex 123.879 -17.407 0
      vertex 124.015 -17.1187 0
    endloop
  endfacet
  facet normal 0 0 -1
    outer loop
      vertex 122.545 -18.7412 0
      vertex 124.161 -22.0528 0
      vertex 123.78 -22.1481 0
    endloop
  endfacet
  facet normal 0 0 -1
    outer loop
      vertex 126.981 -18.6171 0
      vertex 123.715 -17.6806 0
      vertex 123.879 -17.407 0
    endloop
  endfacet
  facet normal 0 0 -1
    outer loop
      vertex 126.828 -19.3861 0
      vertex 123.525 -17.9368 0
      vertex 123.715 -17.6806 0
    endloop
  endfacet
  facet normal 0 0 -1
    outer loop
      vertex 122.545 -18.7412 0
      vertex 123.78 -22.1481 0
      vertex 123.392 -22.2057 0
    endloop
  endfacet
  facet normal 0 0 -1
    outer loop
      vertex 126.326 -20.4473 0
      vertex 123.311 -18.1731 0
      vertex 123.525 -17.9368 0
    endloop
  endfacet
  facet normal 0 0 -1
    outer loop
      vertex 125.828 -21.0534 0
      vertex 123.074 -18.3873 0
      vertex 123.311 -18.1731 0
    endloop
  endfacet
  facet normal 0 0 -1
    outer loop
      vertex 122.256 -18.8776 0
      vertex 123.392 -22.2057 0
      vertex 123 -22.225 0
    endloop
  endfacet
  facet normal 0 0 -1
    outer loop
      vertex 124.886 -21.7527 0
      vertex 122.818 -18.5773 0
      vertex 123.074 -18.3873 0
    endloop
  endfacet
  facet normal 0 0 -1
    outer loop
      vertex 124.161 -22.0528 0
      vertex 122.545 -18.7412 0
      vertex 122.818 -18.5773 0
    endloop
  endfacet
  facet normal 0 0 -1
    outer loop
      vertex 123.392 -22.2057 0
      vertex 122.256 -18.8776 0
      vertex 122.545 -18.7412 0
    endloop
  endfacet
  facet normal 0 0 -1
    outer loop
      vertex 123 -22.225 0
      vertex 121.956 -18.9851 0
      vertex 122.256 -18.8776 0
    endloop
  endfacet
  facet normal 0 0 -1
    outer loop
      vertex 123 -22.225 0
      vertex 121.647 -19.0626 0
      vertex 121.956 -18.9851 0
    endloop
  endfacet
  facet normal 0 0 -1
    outer loop
      vertex 123 -22.225 0
      vertex 121.331 -19.1094 0
      vertex 121.647 -19.0626 0
    endloop
  endfacet
  facet normal 0 0 -1
    outer loop
      vertex 123 -22.225 0
      vertex 121.012 -19.125 0
      vertex 121.331 -19.1094 0
    endloop
  endfacet
  facet normal 0 0 -1
    outer loop
      vertex 123 -22.225 0
      vertex 115.512 -19.125 0
      vertex 121.012 -19.125 0
    endloop
  endfacet
  facet normal 0 0 -1
    outer loop
      vertex 123 -22.225 0
      vertex 115.194 -19.1094 0
      vertex 115.512 -19.125 0
    endloop
  endfacet
  facet normal 0 0 -1
    outer loop
      vertex 123 -22.225 0
      vertex 114.878 -19.0626 0
      vertex 115.194 -19.1094 0
    endloop
  endfacet
  facet normal 0 0 -1
    outer loop
      vertex 123 -22.225 0
      vertex 114.569 -18.9851 0
      vertex 114.878 -19.0626 0
    endloop
  endfacet
  facet normal 0 0 -1
    outer loop
      vertex 102.115 -16.276 0
      vertex 114.569 -18.9851 0
      vertex 123 -22.225 0
    endloop
  endfacet
  facet normal 0 0 -1
    outer loop
      vertex 110.211 14.6622 0
      vertex 112.402 14.9316 0
      vertex 110.24 14.4675 0
    endloop
  endfacet
  facet normal 0 0 -1
    outer loop
      vertex 107.867 -13.8932 0
      vertex 112.262 -15.875 0
      vertex 112.278 -16.1936 0
    endloop
  endfacet
  facet normal 0 0 -1
    outer loop
      vertex 107.276 -14.4293 0
      vertex 112.278 -16.1936 0
      vertex 112.325 -16.509 0
    endloop
  endfacet
  facet normal 0 0 -1
    outer loop
      vertex 114.878 -12.6874 0
      vertex 110.211 -8.93792 0
      vertex 110.25 -8.1405 0
    endloop
  endfacet
  facet normal 0 0 -1
    outer loop
      vertex 106.634 -14.9049 0
      vertex 112.325 -16.509 0
      vertex 112.402 -16.8184 0
    endloop
  endfacet
  facet normal 0 0 -1
    outer loop
      vertex 114.269 -12.8724 0
      vertex 110.094 -9.72766 0
      vertex 110.211 -8.93792 0
    endloop
  endfacet
  facet normal 0 0 -1
    outer loop
      vertex 113.98 -13.0088 0
      vertex 109.9 -10.5021 0
      vertex 110.094 -9.72766 0
    endloop
  endfacet
  facet normal 0 0 -1
    outer loop
      vertex 106.634 -14.9049 0
      vertex 112.402 -16.8184 0
      vertex 112.51 -17.1187 0
    endloop
  endfacet
  facet normal 0 0 -1
    outer loop
      vertex 113.451 -13.3627 0
      vertex 109.631 -11.2538 0
      vertex 109.9 -10.5021 0
    endloop
  endfacet
  facet normal 0 0 -1
    outer loop
      vertex 105.95 -15.3154 0
      vertex 112.51 -17.1187 0
      vertex 112.646 -17.407 0
    endloop
  endfacet
  facet normal 0 0 -1
    outer loop
      vertex 113 -13.8132 0
      vertex 109.289 -11.9755 0
      vertex 109.631 -11.2538 0
    endloop
  endfacet
  facet normal 0 0 -1
    outer loop
      vertex 105.95 -15.3154 0
      vertex 112.646 -17.407 0
      vertex 112.81 -17.6806 0
    endloop
  endfacet
  facet normal 0 0 -1
    outer loop
      vertex 112.646 -14.343 0
      vertex 108.879 -12.6603 0
      vertex 109.289 -11.9755 0
    endloop
  endfacet
  facet normal 0 0 -1
    outer loop
      vertex 105.228 -15.6567 0
      vertex 112.81 -17.6806 0
      vertex 113 -17.9368 0
    endloop
  endfacet
  facet normal 0 0 -1
    outer loop
      vertex 112.402 -14.9316 0
      vertex 108.403 -13.3016 0
      vertex 108.879 -12.6603 0
    endloop
  endfacet
  facet normal 0 0 -1
    outer loop
      vertex 104.476 -15.9257 0
      vertex 113 -17.9368 0
      vertex 113.214 -18.1731 0
    endloop
  endfacet
  facet normal 0 0 -1
    outer loop
      vertex 112.278 -15.5564 0
      vertex 107.867 -13.8932 0
      vertex 108.403 -13.3016 0
    endloop
  endfacet
  facet normal 0 0 -1
    outer loop
      vertex 104.476 -15.9257 0
      vertex 113.214 -18.1731 0
      vertex 113.451 -18.3873 0
    endloop
  endfacet
  facet normal 0 0 -1
    outer loop
      vertex 112.278 -16.1936 0
      vertex 107.276 -14.4293 0
      vertex 107.867 -13.8932 0
    endloop
  endfacet
  facet normal 0 0 -1
    outer loop
      vertex 103.702 -16.1197 0
      vertex 113.451 -18.3873 0
      vertex 113.707 -18.5773 0
    endloop
  endfacet
  facet normal 0 0 -1
    outer loop
      vertex 112.325 -16.509 0
      vertex 106.634 -14.9049 0
      vertex 107.276 -14.4293 0
    endloop
  endfacet
  facet normal 0 0 -1
    outer loop
      vertex 102.912 -16.2368 0
      vertex 113.707 -18.5773 0
      vertex 113.98 -18.7412 0
    endloop
  endfacet
  facet normal 0 0 -1
    outer loop
      vertex 112.51 -17.1187 0
      vertex 105.95 -15.3154 0
      vertex 106.634 -14.9049 0
    endloop
  endfacet
  facet normal 0 0 -1
    outer loop
      vertex 102.115 -16.276 0
      vertex 113.98 -18.7412 0
      vertex 114.269 -18.8776 0
    endloop
  endfacet
  facet normal 0 0 -1
    outer loop
      vertex 112.81 -17.6806 0
      vertex 105.228 -15.6567 0
      vertex 105.95 -15.3154 0
    endloop
  endfacet
  facet normal 0 0 -1
    outer loop
      vertex 114.569 -18.9851 0
      vertex 102.115 -16.276 0
      vertex 114.269 -18.8776 0
    endloop
  endfacet
  facet normal 0 0 -1
    outer loop
      vertex 113 -17.9368 0
      vertex 104.476 -15.9257 0
      vertex 105.228 -15.6567 0
    endloop
  endfacet
  facet normal 0 0 -1
    outer loop
      vertex 113.451 -18.3873 0
      vertex 103.702 -16.1197 0
      vertex 104.476 -15.9257 0
    endloop
  endfacet
  facet normal 0 0 -1
    outer loop
      vertex 113.707 -18.5773 0
      vertex 102.912 -16.2368 0
      vertex 103.702 -16.1197 0
    endloop
  endfacet
  facet normal 0 0 -1
    outer loop
      vertex 113.98 -18.7412 0
      vertex 102.115 -16.276 0
      vertex 102.912 -16.2368 0
    endloop
  endfacet
  facet normal 0 0 -1
    outer loop
      vertex 123 -22.225 0
      vertex -26.5255 -16.276 0
      vertex 102.115 -16.276 0
    endloop
  endfacet
  facet normal 0 0 -1
    outer loop
      vertex -39.4055 6.8319 0
      vertex -34.661 -8.1405 0
      vertex -39.4055 -9.47 0
    endloop
  endfacet
  facet normal -0 0 -1
    outer loop
      vertex -34.6218 -8.93792 0
      vertex -39.4055 -9.47 0
      vertex -34.661 -8.1405 0
    endloop
  endfacet
  facet normal 0 0 -1
    outer loop
      vertex -34.5047 -9.72766 0
      vertex -39.4055 -9.47 0
      vertex -34.6218 -8.93792 0
    endloop
  endfacet
  facet normal 0 0 -1
    outer loop
      vertex -34.3107 -10.5021 0
      vertex -39.4055 -9.47 0
      vertex -34.5047 -9.72766 0
    endloop
  endfacet
  facet normal 0 0 -1
    outer loop
      vertex -34.0417 -11.2538 0
      vertex -39.4055 -9.47 0
      vertex -34.3107 -10.5021 0
    endloop
  endfacet
  facet normal 0 0 -1
    outer loop
      vertex -33.7004 -11.9755 0
      vertex -39.4055 -9.47 0
      vertex -34.0417 -11.2538 0
    endloop
  endfacet
  facet normal 0 0 -1
    outer loop
      vertex -33.2899 -12.6603 0
      vertex -39.4055 -9.47 0
      vertex -33.7004 -11.9755 0
    endloop
  endfacet
  facet normal 0 0 -1
    outer loop
      vertex -32.8143 -13.3016 0
      vertex -39.4055 -9.47 0
      vertex -33.2899 -12.6603 0
    endloop
  endfacet
  facet normal 0 0 -1
    outer loop
      vertex -32.2782 -13.8932 0
      vertex -39.4055 -9.47 0
      vertex -32.8143 -13.3016 0
    endloop
  endfacet
  facet normal 0 0 -1
    outer loop
      vertex -54.3055 -9.47 0
      vertex -32.2782 -13.8932 0
      vertex -31.6866 -14.4293 0
    endloop
  endfacet
  facet normal 0 0 -1
    outer loop
      vertex -54.3055 -9.47 0
      vertex -31.6866 -14.4293 0
      vertex -31.0453 -14.9049 0
    endloop
  endfacet
  facet normal 0 0 -1
    outer loop
      vertex -32.2782 -13.8932 0
      vertex -54.3055 -9.47 0
      vertex -39.4055 -9.47 0
    endloop
  endfacet
  facet normal 0 0 -1
    outer loop
      vertex -30.3605 -15.3154 0
      vertex -54.3055 -9.47 0
      vertex -31.0453 -14.9049 0
    endloop
  endfacet
  facet normal 0 0 -1
    outer loop
      vertex -56.8055 -9.47 0
      vertex -30.3605 -15.3154 0
      vertex -29.6388 -15.6567 0
    endloop
  endfacet
  facet normal 0 0 -1
    outer loop
      vertex -71.7055 -9.47 0
      vertex -29.6388 -15.6567 0
      vertex -28.8871 -15.9257 0
    endloop
  endfacet
  facet normal 0 0 -1
    outer loop
      vertex -54.3055 -9.47 0
      vertex -56.8055 -9.47 0
      vertex -54.3055 6.8319 0
    endloop
  endfacet
  facet normal 0 0 -1
    outer loop
      vertex -30.3605 -15.3154 0
      vertex -56.8055 -9.47 0
      vertex -54.3055 -9.47 0
    endloop
  endfacet
  facet normal 0 0 -1
    outer loop
      vertex -123 -22.225 0
      vertex -28.8871 -15.9257 0
      vertex -28.1127 -16.1197 0
    endloop
  endfacet
  facet normal 0 0 -1
    outer loop
      vertex -29.6388 -15.6567 0
      vertex -71.7055 -9.47 0
      vertex -56.8055 -9.47 0
    endloop
  endfacet
  facet normal 0 0 -1
    outer loop
      vertex -71.7055 -9.47 0
      vertex -74.2055 -9.47 0
      vertex -71.7055 6.8319 0
    endloop
  endfacet
  facet normal -0 0 -1
    outer loop
      vertex -28.8871 -15.9257 0
      vertex -114.269 -18.8776 0
      vertex -71.7055 -9.47 0
    endloop
  endfacet
  facet normal 0 0 -1
    outer loop
      vertex -123 -22.225 0
      vertex -28.1127 -16.1197 0
      vertex -27.3229 -16.2368 0
    endloop
  endfacet
  facet normal -0 0 -1
    outer loop
      vertex -71.7055 -9.47 0
      vertex -114.269 -18.8776 0
      vertex -74.2055 -9.47 0
    endloop
  endfacet
  facet normal 0 0 -1
    outer loop
      vertex -89.1055 -9.47 0
      vertex -91.6055 -9.47 0
      vertex -89.1055 6.8319 0
    endloop
  endfacet
  facet normal 0 -0 -1
    outer loop
      vertex -113.707 -18.5773 0
      vertex -74.2055 -9.47 0
      vertex -113.98 -18.7412 0
    endloop
  endfacet
  facet normal -0 0 -1
    outer loop
      vertex -74.2055 -9.47 0
      vertex -113.707 -18.5773 0
      vertex -89.1055 -9.47 0
    endloop
  endfacet
  facet normal 0 0 -1
    outer loop
      vertex -112.278 -15.5564 0
      vertex -106.506 -9.47 0
      vertex -112.262 -15.875 0
    endloop
  endfacet
  facet normal 0 -0 -1
    outer loop
      vertex -112.646 -17.407 0
      vertex -91.6055 -9.47 0
      vertex -112.81 -17.6806 0
    endloop
  endfacet
  facet normal 0 0 -1
    outer loop
      vertex -123 -22.225 0
      vertex -27.3229 -16.2368 0
      vertex -26.5255 -16.276 0
    endloop
  endfacet
  facet normal 0 0 -1
    outer loop
      vertex -123 -22.225 0
      vertex -26.5255 -16.276 0
      vertex 123 -22.225 0
    endloop
  endfacet
  facet normal 0 0 -1
    outer loop
      vertex -106.506 -9.47 0
      vertex -112.278 -16.1936 0
      vertex -112.262 -15.875 0
    endloop
  endfacet
  facet normal 0 0 -1
    outer loop
      vertex -106.506 -9.47 0
      vertex -112.325 -16.509 0
      vertex -112.278 -16.1936 0
    endloop
  endfacet
  facet normal 0 0 -1
    outer loop
      vertex -106.506 -9.47 0
      vertex -112.402 -16.8184 0
      vertex -112.325 -16.509 0
    endloop
  endfacet
  facet normal -0 0 -1
    outer loop
      vertex -91.6055 -9.47 0
      vertex -112.402 -16.8184 0
      vertex -106.506 -9.47 0
    endloop
  endfacet
  facet normal 0 -0 -1
    outer loop
      vertex -112.402 -16.8184 0
      vertex -91.6055 -9.47 0
      vertex -112.51 -17.1187 0
    endloop
  endfacet
  facet normal 0 -0 -1
    outer loop
      vertex -112.51 -17.1187 0
      vertex -91.6055 -9.47 0
      vertex -112.646 -17.407 0
    endloop
  endfacet
  facet normal 0 0 -1
    outer loop
      vertex -91.6055 -9.47 0
      vertex -113 -17.9368 0
      vertex -112.81 -17.6806 0
    endloop
  endfacet
  facet normal 0 0 -1
    outer loop
      vertex -91.6055 -9.47 0
      vertex -113.214 -18.1731 0
      vertex -113 -17.9368 0
    endloop
  endfacet
  facet normal 0 0 -1
    outer loop
      vertex -91.6055 -9.47 0
      vertex -113.451 -18.3873 0
      vertex -113.214 -18.1731 0
    endloop
  endfacet
  facet normal -0 0 -1
    outer loop
      vertex -89.1055 -9.47 0
      vertex -113.451 -18.3873 0
      vertex -91.6055 -9.47 0
    endloop
  endfacet
  facet normal 0 -0 -1
    outer loop
      vertex -113.451 -18.3873 0
      vertex -89.1055 -9.47 0
      vertex -113.707 -18.5773 0
    endloop
  endfacet
  facet normal 0 0 -1
    outer loop
      vertex -74.2055 -9.47 0
      vertex -114.269 -18.8776 0
      vertex -113.98 -18.7412 0
    endloop
  endfacet
  facet normal 0 0 -1
    outer loop
      vertex -28.8871 -15.9257 0
      vertex -114.569 -18.9851 0
      vertex -114.269 -18.8776 0
    endloop
  endfacet
  facet normal 0 0 -1
    outer loop
      vertex -28.8871 -15.9257 0
      vertex -123 -22.225 0
      vertex -114.569 -18.9851 0
    endloop
  endfacet
  facet normal 0 0 -1
    outer loop
      vertex -114.569 -18.9851 0
      vertex -123 -22.225 0
      vertex -114.878 -19.0626 0
    endloop
  endfacet
  facet normal 0 0 -1
    outer loop
      vertex -114.878 -19.0626 0
      vertex -123 -22.225 0
      vertex -115.194 -19.1094 0
    endloop
  endfacet
  facet normal 0 0 -1
    outer loop
      vertex -115.194 -19.1094 0
      vertex -123 -22.225 0
      vertex -115.512 -19.125 0
    endloop
  endfacet
  facet normal -0 0 -1
    outer loop
      vertex -115.512 -19.125 0
      vertex -123 -22.225 0
      vertex -121.012 -19.125 0
    endloop
  endfacet
  facet normal 0 0 -1
    outer loop
      vertex -123 -22.225 0
      vertex -121.331 -19.1094 0
      vertex -121.012 -19.125 0
    endloop
  endfacet
  facet normal 0 0 -1
    outer loop
      vertex -123 -22.225 0
      vertex -121.647 -19.0626 0
      vertex -121.331 -19.1094 0
    endloop
  endfacet
  facet normal 0 0 -1
    outer loop
      vertex -123 -22.225 0
      vertex -121.956 -18.9851 0
      vertex -121.647 -19.0626 0
    endloop
  endfacet
  facet normal 0 0 -1
    outer loop
      vertex -123 -22.225 0
      vertex -122.256 -18.8776 0
      vertex -121.956 -18.9851 0
    endloop
  endfacet
  facet normal 0 0 -1
    outer loop
      vertex -123.392 -22.2057 0
      vertex -122.256 -18.8776 0
      vertex -123 -22.225 0
    endloop
  endfacet
  facet normal -0 0 -1
    outer loop
      vertex -122.256 -18.8776 0
      vertex -123.392 -22.2057 0
      vertex -122.545 -18.7412 0
    endloop
  endfacet
  facet normal 0 0 -1
    outer loop
      vertex -123.78 -22.1481 0
      vertex -122.545 -18.7412 0
      vertex -123.392 -22.2057 0
    endloop
  endfacet
  facet normal 0 0 -1
    outer loop
      vertex -124.161 -22.0528 0
      vertex -122.545 -18.7412 0
      vertex -123.78 -22.1481 0
    endloop
  endfacet
  facet normal -0 0 -1
    outer loop
      vertex -122.545 -18.7412 0
      vertex -124.161 -22.0528 0
      vertex -122.818 -18.5773 0
    endloop
  endfacet
  facet normal 0 0 -1
    outer loop
      vertex -124.531 -21.9205 0
      vertex -122.818 -18.5773 0
      vertex -124.161 -22.0528 0
    endloop
  endfacet
  facet normal 0 0 -1
    outer loop
      vertex -124.886 -21.7527 0
      vertex -122.818 -18.5773 0
      vertex -124.531 -21.9205 0
    endloop
  endfacet
  facet normal -0 0 -1
    outer loop
      vertex -122.818 -18.5773 0
      vertex -124.886 -21.7527 0
      vertex -123.074 -18.3873 0
    endloop
  endfacet
  facet normal 0 0 -1
    outer loop
      vertex -125.222 -21.5509 0
      vertex -123.074 -18.3873 0
      vertex -124.886 -21.7527 0
    endloop
  endfacet
  facet normal 0 0 -1
    outer loop
      vertex -125.538 -21.317 0
      vertex -123.074 -18.3873 0
      vertex -125.222 -21.5509 0
    endloop
  endfacet
  facet normal 0 0 -1
    outer loop
      vertex -125.828 -21.0534 0
      vertex -123.074 -18.3873 0
      vertex -125.538 -21.317 0
    endloop
  endfacet
  facet normal -0 0 -1
    outer loop
      vertex -123.074 -18.3873 0
      vertex -125.828 -21.0534 0
      vertex -123.311 -18.1731 0
    endloop
  endfacet
  facet normal 0 0 -1
    outer loop
      vertex -126.092 -20.7626 0
      vertex -123.311 -18.1731 0
      vertex -125.828 -21.0534 0
    endloop
  endfacet
  facet normal 0 0 -1
    outer loop
      vertex -126.326 -20.4473 0
      vertex -123.311 -18.1731 0
      vertex -126.092 -20.7626 0
    endloop
  endfacet
  facet normal -0 0 -1
    outer loop
      vertex -123.311 -18.1731 0
      vertex -126.326 -20.4473 0
      vertex -123.525 -17.9368 0
    endloop
  endfacet
  facet normal 0 0 -1
    outer loop
      vertex -126.696 -19.7557 0
      vertex -123.525 -17.9368 0
      vertex -126.528 -20.1106 0
    endloop
  endfacet
  facet normal 0 0 -1
    outer loop
      vertex -126.528 -20.1106 0
      vertex -123.525 -17.9368 0
      vertex -126.326 -20.4473 0
    endloop
  endfacet
  facet normal -0 0 -1
    outer loop
      vertex 126.696 19.7557 0
      vertex 123.525 17.9368 0
      vertex 126.528 20.1106 0
    endloop
  endfacet
  facet normal -0 0 -1
    outer loop
      vertex 126.528 20.1106 0
      vertex 123.525 17.9368 0
      vertex 126.326 20.4473 0
    endloop
  endfacet
  facet normal 0 0 -1
    outer loop
      vertex 123.311 18.1731 0
      vertex 126.326 20.4473 0
      vertex 123.525 17.9368 0
    endloop
  endfacet
  facet normal -0 0 -1
    outer loop
      vertex 126.326 20.4473 0
      vertex 123.311 18.1731 0
      vertex 126.092 20.7626 0
    endloop
  endfacet
  facet normal -0 0 -1
    outer loop
      vertex 126.092 20.7626 0
      vertex 123.311 18.1731 0
      vertex 125.828 21.0534 0
    endloop
  endfacet
  facet normal 0 0 -1
    outer loop
      vertex 123.074 18.3873 0
      vertex 125.828 21.0534 0
      vertex 123.311 18.1731 0
    endloop
  endfacet
  facet normal -0 0 -1
    outer loop
      vertex 125.828 21.0534 0
      vertex 123.074 18.3873 0
      vertex 125.538 21.317 0
    endloop
  endfacet
  facet normal -0 0 -1
    outer loop
      vertex 125.538 21.317 0
      vertex 123.074 18.3873 0
      vertex 125.222 21.5509 0
    endloop
  endfacet
  facet normal -0 0 -1
    outer loop
      vertex 125.222 21.5509 0
      vertex 123.074 18.3873 0
      vertex 124.886 21.7527 0
    endloop
  endfacet
  facet normal 0 0 -1
    outer loop
      vertex 122.818 18.5773 0
      vertex 124.886 21.7527 0
      vertex 123.074 18.3873 0
    endloop
  endfacet
  facet normal -0 0 -1
    outer loop
      vertex 124.886 21.7527 0
      vertex 122.818 18.5773 0
      vertex 124.531 21.9205 0
    endloop
  endfacet
  facet normal -0 0 -1
    outer loop
      vertex 124.531 21.9205 0
      vertex 122.818 18.5773 0
      vertex 124.161 22.0528 0
    endloop
  endfacet
  facet normal 0 0 -1
    outer loop
      vertex 122.545 18.7412 0
      vertex 124.161 22.0528 0
      vertex 122.818 18.5773 0
    endloop
  endfacet
  facet normal -0 0 -1
    outer loop
      vertex 124.161 22.0528 0
      vertex 122.545 18.7412 0
      vertex 123.78 22.1481 0
    endloop
  endfacet
  facet normal -0 0 -1
    outer loop
      vertex 123.78 22.1481 0
      vertex 122.545 18.7412 0
      vertex 123.392 22.2057 0
    endloop
  endfacet
  facet normal 0 0 -1
    outer loop
      vertex 122.256 18.8776 0
      vertex 123.392 22.2057 0
      vertex 122.545 18.7412 0
    endloop
  endfacet
  facet normal -0 0 -1
    outer loop
      vertex 123.392 22.2057 0
      vertex 122.256 18.8776 0
      vertex 123 22.225 0
    endloop
  endfacet
  facet normal 0 0 -1
    outer loop
      vertex 121.956 18.9851 0
      vertex 123 22.225 0
      vertex 122.256 18.8776 0
    endloop
  endfacet
  facet normal 0 0 -1
    outer loop
      vertex 121.647 19.0626 0
      vertex 123 22.225 0
      vertex 121.956 18.9851 0
    endloop
  endfacet
  facet normal 0 0 -1
    outer loop
      vertex 121.331 19.1094 0
      vertex 123 22.225 0
      vertex 121.647 19.0626 0
    endloop
  endfacet
  facet normal 0 0 -1
    outer loop
      vertex 121.012 19.125 0
      vertex 123 22.225 0
      vertex 121.331 19.1094 0
    endloop
  endfacet
  facet normal 0 0 -1
    outer loop
      vertex 115.512 19.125 0
      vertex 123 22.225 0
      vertex 121.012 19.125 0
    endloop
  endfacet
  facet normal 0 0 -1
    outer loop
      vertex 115.194 19.1094 0
      vertex 123 22.225 0
      vertex 115.512 19.125 0
    endloop
  endfacet
  facet normal 0 0 -1
    outer loop
      vertex 114.878 19.0626 0
      vertex 123 22.225 0
      vertex 115.194 19.1094 0
    endloop
  endfacet
  facet normal 0 0 -1
    outer loop
      vertex 114.569 18.9851 0
      vertex 123 22.225 0
      vertex 114.878 19.0626 0
    endloop
  endfacet
  facet normal 0 0 -1
    outer loop
      vertex 114.269 18.8776 0
      vertex 123 22.225 0
      vertex 114.569 18.9851 0
    endloop
  endfacet
  facet normal -0 0 -1
    outer loop
      vertex 112.402 14.9316 0
      vertex 110.211 14.6622 0
      vertex 112.325 15.241 0
    endloop
  endfacet
  facet normal 0 0 -1
    outer loop
      vertex 110.164 14.853 0
      vertex 112.325 15.241 0
      vertex 110.211 14.6622 0
    endloop
  endfacet
  facet normal -0 0 -1
    outer loop
      vertex 112.325 15.241 0
      vertex 110.164 14.853 0
      vertex 112.278 15.5564 0
    endloop
  endfacet
  facet normal 0 0 -1
    outer loop
      vertex 110.097 15.0383 0
      vertex 112.278 15.5564 0
      vertex 110.164 14.853 0
    endloop
  endfacet
  facet normal 0 0 -1
    outer loop
      vertex 110.013 15.2161 0
      vertex 112.278 15.5564 0
      vertex 110.097 15.0383 0
    endloop
  endfacet
  facet normal -0 0 -1
    outer loop
      vertex 112.278 15.5564 0
      vertex 110.013 15.2161 0
      vertex 112.262 15.875 0
    endloop
  endfacet
  facet normal 0 0 -1
    outer loop
      vertex 109.912 15.3849 0
      vertex 112.262 15.875 0
      vertex 110.013 15.2161 0
    endloop
  endfacet
  facet normal -0 0 -1
    outer loop
      vertex 112.262 15.875 0
      vertex 109.912 15.3849 0
      vertex 112.278 16.1936 0
    endloop
  endfacet
  facet normal 0 0 -1
    outer loop
      vertex 109.795 15.543 0
      vertex 112.278 16.1936 0
      vertex 109.912 15.3849 0
    endloop
  endfacet
  facet normal -0 0 -1
    outer loop
      vertex 112.278 16.1936 0
      vertex 109.795 15.543 0
      vertex 112.325 16.509 0
    endloop
  endfacet
  facet normal 0 0 -1
    outer loop
      vertex 109.663 15.6887 0
      vertex 112.325 16.509 0
      vertex 109.795 15.543 0
    endloop
  endfacet
  facet normal 0 0 -1
    outer loop
      vertex 109.517 15.8209 0
      vertex 112.325 16.509 0
      vertex 109.663 15.6887 0
    endloop
  endfacet
  facet normal -0 0 -1
    outer loop
      vertex 112.325 16.509 0
      vertex 109.517 15.8209 0
      vertex 112.402 16.8184 0
    endloop
  endfacet
  facet normal 0 0 -1
    outer loop
      vertex 109.359 15.9381 0
      vertex 112.402 16.8184 0
      vertex 109.517 15.8209 0
    endloop
  endfacet
  facet normal -0 0 -1
    outer loop
      vertex 112.402 16.8184 0
      vertex 109.359 15.9381 0
      vertex 112.51 17.1187 0
    endloop
  endfacet
  facet normal 0 0 -1
    outer loop
      vertex 109.19 16.0393 0
      vertex 112.51 17.1187 0
      vertex 109.359 15.9381 0
    endloop
  endfacet
  facet normal -0 0 -1
    outer loop
      vertex 112.51 17.1187 0
      vertex 109.19 16.0393 0
      vertex 112.646 17.407 0
    endloop
  endfacet
  facet normal 0 0 -1
    outer loop
      vertex 109.012 16.1234 0
      vertex 112.646 17.407 0
      vertex 109.19 16.0393 0
    endloop
  endfacet
  facet normal 0 0 -1
    outer loop
      vertex 108.827 16.1897 0
      vertex 112.646 17.407 0
      vertex 109.012 16.1234 0
    endloop
  endfacet
  facet normal -0 0 -1
    outer loop
      vertex 112.646 17.407 0
      vertex 108.827 16.1897 0
      vertex 112.81 17.6806 0
    endloop
  endfacet
  facet normal 0 0 -1
    outer loop
      vertex 108.636 16.2375 0
      vertex 112.81 17.6806 0
      vertex 108.827 16.1897 0
    endloop
  endfacet
  facet normal -0 0 -1
    outer loop
      vertex 112.81 17.6806 0
      vertex 108.636 16.2375 0
      vertex 113 17.9368 0
    endloop
  endfacet
  facet normal 0 0 -1
    outer loop
      vertex 108.442 16.2663 0
      vertex 113 17.9368 0
      vertex 108.636 16.2375 0
    endloop
  endfacet
  facet normal -0 0 -1
    outer loop
      vertex 113 17.9368 0
      vertex 108.442 16.2663 0
      vertex 113.214 18.1731 0
    endloop
  endfacet
  facet normal 0 0 -1
    outer loop
      vertex 108.245 16.276 0
      vertex 113.214 18.1731 0
      vertex 108.442 16.2663 0
    endloop
  endfacet
  facet normal -0 0 -1
    outer loop
      vertex 113.214 18.1731 0
      vertex 108.245 16.276 0
      vertex 113.451 18.3873 0
    endloop
  endfacet
  facet normal -0 0 -1
    outer loop
      vertex 113.451 18.3873 0
      vertex 108.245 16.276 0
      vertex 113.707 18.5773 0
    endloop
  endfacet
  facet normal -0 0 -1
    outer loop
      vertex 113.707 18.5773 0
      vertex 108.245 16.276 0
      vertex 113.98 18.7412 0
    endloop
  endfacet
  facet normal -0 0 -1
    outer loop
      vertex 113.98 18.7412 0
      vertex 108.245 16.276 0
      vertex 114.269 18.8776 0
    endloop
  endfacet
  facet normal 0 0 -1
    outer loop
      vertex -32.656 16.276 0
      vertex 114.269 18.8776 0
      vertex 108.245 16.276 0
    endloop
  endfacet
  facet normal 0 0 -1
    outer loop
      vertex -32.656 16.276 0
      vertex 123 22.225 0
      vertex 114.269 18.8776 0
    endloop
  endfacet
  facet normal 0 0 -1
    outer loop
      vertex -34.661 -8.1405 0
      vertex -39.4055 6.8319 0
      vertex -34.661 14.271 0
    endloop
  endfacet
  facet normal -0 0 -1
    outer loop
      vertex -34.661 14.271 0
      vertex -39.4055 6.8319 0
      vertex -34.6513 14.4675 0
    endloop
  endfacet
  facet normal -0 0 -1
    outer loop
      vertex -34.6513 14.4675 0
      vertex -39.4055 6.8319 0
      vertex -34.6225 14.6622 0
    endloop
  endfacet
  facet normal 0 0 -1
    outer loop
      vertex -54.3055 6.8319 0
      vertex -34.6225 14.6622 0
      vertex -39.4055 6.8319 0
    endloop
  endfacet
  facet normal -0 0 -1
    outer loop
      vertex -34.6225 14.6622 0
      vertex -54.3055 6.8319 0
      vertex -34.5747 14.853 0
    endloop
  endfacet
  facet normal -0 0 -1
    outer loop
      vertex -34.5747 14.853 0
      vertex -54.3055 6.8319 0
      vertex -34.5084 15.0383 0
    endloop
  endfacet
  facet normal -0 0 -1
    outer loop
      vertex -34.5084 15.0383 0
      vertex -54.3055 6.8319 0
      vertex -34.4243 15.2161 0
    endloop
  endfacet
  facet normal 0 0 -1
    outer loop
      vertex -54.3055 6.8319 0
      vertex -34.3231 15.3849 0
      vertex -34.4243 15.2161 0
    endloop
  endfacet
  facet normal 0 0 -1
    outer loop
      vertex -54.3055 6.8319 0
      vertex -34.2059 15.543 0
      vertex -34.3231 15.3849 0
    endloop
  endfacet
  facet normal 0 0 -1
    outer loop
      vertex -54.3055 6.8319 0
      vertex -34.0737 15.6887 0
      vertex -34.2059 15.543 0
    endloop
  endfacet
  facet normal 0 0 -1
    outer loop
      vertex -56.8055 6.8319 0
      vertex -34.0737 15.6887 0
      vertex -54.3055 6.8319 0
    endloop
  endfacet
  facet normal -0 0 -1
    outer loop
      vertex -34.0737 15.6887 0
      vertex -56.8055 6.8319 0
      vertex -33.928 15.8209 0
    endloop
  endfacet
  facet normal -0 0 -1
    outer loop
      vertex -33.928 15.8209 0
      vertex -56.8055 6.8319 0
      vertex -33.7699 15.9381 0
    endloop
  endfacet
  facet normal 0 0 -1
    outer loop
      vertex -71.7055 6.8319 0
      vertex -33.7699 15.9381 0
      vertex -56.8055 6.8319 0
    endloop
  endfacet
  facet normal 0 0 -1
    outer loop
      vertex -56.8055 6.8319 0
      vertex -54.3055 6.8319 0
      vertex -56.8055 -9.47 0
    endloop
  endfacet
  facet normal -0 0 -1
    outer loop
      vertex -33.7699 15.9381 0
      vertex -71.7055 6.8319 0
      vertex -33.6012 16.0393 0
    endloop
  endfacet
  facet normal 0 0 -1
    outer loop
      vertex -113.707 18.5773 0
      vertex -33.6012 16.0393 0
      vertex -71.7055 6.8319 0
    endloop
  endfacet
  facet normal 0 0 -1
    outer loop
      vertex -113.98 18.7412 0
      vertex -33.6012 16.0393 0
      vertex -113.707 18.5773 0
    endloop
  endfacet
  facet normal 0 0 -1
    outer loop
      vertex -33.6012 16.0393 0
      vertex -113.98 18.7412 0
      vertex -33.4233 16.1234 0
    endloop
  endfacet
  facet normal 0 0 -1
    outer loop
      vertex -74.2055 6.8319 0
      vertex -71.7055 6.8319 0
      vertex -74.2055 -9.47 0
    endloop
  endfacet
  facet normal 0 0 -1
    outer loop
      vertex -113.707 18.5773 0
      vertex -71.7055 6.8319 0
      vertex -74.2055 6.8319 0
    endloop
  endfacet
  facet normal 0 0 -1
    outer loop
      vertex -113.451 18.3873 0
      vertex -74.2055 6.8319 0
      vertex -89.1055 6.8319 0
    endloop
  endfacet
  facet normal 0 0 -1
    outer loop
      vertex -91.6055 6.8319 0
      vertex -89.1055 6.8319 0
      vertex -91.6055 -9.47 0
    endloop
  endfacet
  facet normal 0 0 -1
    outer loop
      vertex -113 17.9368 0
      vertex -89.1055 6.8319 0
      vertex -91.6055 6.8319 0
    endloop
  endfacet
  facet normal 0 0 -1
    outer loop
      vertex -112.278 16.1936 0
      vertex -91.6055 6.8319 0
      vertex -106.506 6.8319 0
    endloop
  endfacet
  facet normal 0 0 -1
    outer loop
      vertex -112.646 17.407 0
      vertex -91.6055 6.8319 0
      vertex -112.51 17.1187 0
    endloop
  endfacet
  facet normal 0 0 -1
    outer loop
      vertex -112.325 -15.241 0
      vertex -106.506 -9.47 0
      vertex -112.278 -15.5564 0
    endloop
  endfacet
  facet normal 0 0 -1
    outer loop
      vertex -112.278 16.1936 0
      vertex -106.506 6.8319 0
      vertex -112.262 15.875 0
    endloop
  endfacet
  facet normal 0 0 -1
    outer loop
      vertex -91.6055 6.8319 0
      vertex -112.278 16.1936 0
      vertex -112.325 16.509 0
    endloop
  endfacet
  facet normal 0 0 -1
    outer loop
      vertex -91.6055 6.8319 0
      vertex -112.325 16.509 0
      vertex -112.402 16.8184 0
    endloop
  endfacet
  facet normal 0 0 -1
    outer loop
      vertex -91.6055 6.8319 0
      vertex -112.402 16.8184 0
      vertex -112.51 17.1187 0
    endloop
  endfacet
  facet normal 0 0 -1
    outer loop
      vertex -112.81 17.6806 0
      vertex -91.6055 6.8319 0
      vertex -112.646 17.407 0
    endloop
  endfacet
  facet normal 0 0 -1
    outer loop
      vertex -113 17.9368 0
      vertex -91.6055 6.8319 0
      vertex -112.81 17.6806 0
    endloop
  endfacet
  facet normal 0 0 -1
    outer loop
      vertex -89.1055 6.8319 0
      vertex -113 17.9368 0
      vertex -113.214 18.1731 0
    endloop
  endfacet
  facet normal 0 0 -1
    outer loop
      vertex -89.1055 6.8319 0
      vertex -113.214 18.1731 0
      vertex -113.451 18.3873 0
    endloop
  endfacet
  facet normal 0 0 -1
    outer loop
      vertex -113.707 18.5773 0
      vertex -74.2055 6.8319 0
      vertex -113.451 18.3873 0
    endloop
  endfacet
  facet normal 0 0 -1
    outer loop
      vertex -114.269 18.8776 0
      vertex -33.4233 16.1234 0
      vertex -113.98 18.7412 0
    endloop
  endfacet
  facet normal 0 0 -1
    outer loop
      vertex -33.4233 16.1234 0
      vertex -114.269 18.8776 0
      vertex -33.238 16.1897 0
    endloop
  endfacet
  facet normal 0 0 -1
    outer loop
      vertex -114.569 18.9851 0
      vertex -33.238 16.1897 0
      vertex -114.269 18.8776 0
    endloop
  endfacet
  facet normal 0 0 -1
    outer loop
      vertex -123 22.225 0
      vertex -33.238 16.1897 0
      vertex -114.569 18.9851 0
    endloop
  endfacet
  facet normal 0 0 -1
    outer loop
      vertex -33.238 16.1897 0
      vertex -123 22.225 0
      vertex -33.0472 16.2375 0
    endloop
  endfacet
  facet normal 0 0 -1
    outer loop
      vertex -33.0472 16.2375 0
      vertex -123 22.225 0
      vertex -32.8525 16.2663 0
    endloop
  endfacet
  facet normal 0 0 -1
    outer loop
      vertex -32.8525 16.2663 0
      vertex -123 22.225 0
      vertex -32.656 16.276 0
    endloop
  endfacet
  facet normal 0 0 -1
    outer loop
      vertex -123 22.225 0
      vertex -114.569 18.9851 0
      vertex -114.878 19.0626 0
    endloop
  endfacet
  facet normal 0 0 -1
    outer loop
      vertex -123 22.225 0
      vertex -114.878 19.0626 0
      vertex -115.194 19.1094 0
    endloop
  endfacet
  facet normal 0 0 -1
    outer loop
      vertex -123 22.225 0
      vertex -115.194 19.1094 0
      vertex -115.512 19.125 0
    endloop
  endfacet
  facet normal 0 0 -1
    outer loop
      vertex -123 22.225 0
      vertex -115.512 19.125 0
      vertex -121.012 19.125 0
    endloop
  endfacet
  facet normal 0 0 -1
    outer loop
      vertex -32.656 16.276 0
      vertex -123 22.225 0
      vertex 123 22.225 0
    endloop
  endfacet
  facet normal 0 0 -1
    outer loop
      vertex -121.331 19.1094 0
      vertex -123 22.225 0
      vertex -121.012 19.125 0
    endloop
  endfacet
  facet normal 0 0 -1
    outer loop
      vertex -121.647 19.0626 0
      vertex -123 22.225 0
      vertex -121.331 19.1094 0
    endloop
  endfacet
  facet normal 0 0 -1
    outer loop
      vertex -121.956 18.9851 0
      vertex -123 22.225 0
      vertex -121.647 19.0626 0
    endloop
  endfacet
  facet normal 0 0 -1
    outer loop
      vertex -122.256 18.8776 0
      vertex -123 22.225 0
      vertex -121.956 18.9851 0
    endloop
  endfacet
  facet normal 0 0 -1
    outer loop
      vertex -123.392 22.2057 0
      vertex -122.256 18.8776 0
      vertex -122.545 18.7412 0
    endloop
  endfacet
  facet normal 0 0 -1
    outer loop
      vertex -124.161 22.0528 0
      vertex -122.545 18.7412 0
      vertex -122.818 18.5773 0
    endloop
  endfacet
  facet normal 0 0 -1
    outer loop
      vertex -124.886 21.7527 0
      vertex -122.818 18.5773 0
      vertex -123.074 18.3873 0
    endloop
  endfacet
  facet normal 0 0 -1
    outer loop
      vertex -125.828 21.0534 0
      vertex -123.074 18.3873 0
      vertex -123.311 18.1731 0
    endloop
  endfacet
  facet normal 0 0 -1
    outer loop
      vertex -122.256 18.8776 0
      vertex -123.392 22.2057 0
      vertex -123 22.225 0
    endloop
  endfacet
  facet normal 0 0 -1
    outer loop
      vertex -126.326 20.4473 0
      vertex -123.311 18.1731 0
      vertex -123.525 17.9368 0
    endloop
  endfacet
  facet normal 0 0 -1
    outer loop
      vertex -126.828 19.3861 0
      vertex -123.525 17.9368 0
      vertex -123.715 17.6806 0
    endloop
  endfacet
  facet normal 0 0 -1
    outer loop
      vertex -122.545 18.7412 0
      vertex -123.78 22.1481 0
      vertex -123.392 22.2057 0
    endloop
  endfacet
  facet normal 0 0 -1
    outer loop
      vertex -126.981 18.6171 0
      vertex -123.715 17.6806 0
      vertex -123.879 17.407 0
    endloop
  endfacet
  facet normal 0 0 -1
    outer loop
      vertex -127 18.225 0
      vertex -123.879 17.407 0
      vertex -124.015 17.1187 0
    endloop
  endfacet
  facet normal 0 0 -1
    outer loop
      vertex -127 18.225 0
      vertex -124.015 17.1187 0
      vertex -124.123 16.8184 0
    endloop
  endfacet
  facet normal 0 0 -1
    outer loop
      vertex -122.545 18.7412 0
      vertex -124.161 22.0528 0
      vertex -123.78 22.1481 0
    endloop
  endfacet
  facet normal 0 0 -1
    outer loop
      vertex -127 18.225 0
      vertex -124.123 16.8184 0
      vertex -124.2 16.509 0
    endloop
  endfacet
  facet normal 0 0 -1
    outer loop
      vertex -127 18.225 0
      vertex -124.2 16.509 0
      vertex -124.247 16.1936 0
    endloop
  endfacet
  facet normal 0 0 -1
    outer loop
      vertex -127 18.225 0
      vertex -124.247 16.1936 0
      vertex -124.262 15.875 0
    endloop
  endfacet
  facet normal 0 0 -1
    outer loop
      vertex -122.818 18.5773 0
      vertex -124.531 21.9205 0
      vertex -124.161 22.0528 0
    endloop
  endfacet
  facet normal 0 0 -1
    outer loop
      vertex -124.2 15.241 0
      vertex -127 18.225 0
      vertex -124.247 15.5564 0
    endloop
  endfacet
  facet normal 0 0 -1
    outer loop
      vertex -126.828 -19.3861 0
      vertex -123.525 -17.9368 0
      vertex -126.696 -19.7557 0
    endloop
  endfacet
  facet normal 0 0 -1
    outer loop
      vertex -124.247 15.5564 0
      vertex -127 18.225 0
      vertex -124.262 15.875 0
    endloop
  endfacet
  facet normal -0 0 -1
    outer loop
      vertex -123.525 -17.9368 0
      vertex -126.828 -19.3861 0
      vertex -123.715 -17.6806 0
    endloop
  endfacet
  facet normal 0 0 -1
    outer loop
      vertex -123.879 17.407 0
      vertex -127 18.225 0
      vertex -126.981 18.6171 0
    endloop
  endfacet
  facet normal 0 0 -1
    outer loop
      vertex -126.923 -19.0054 0
      vertex -123.715 -17.6806 0
      vertex -126.828 -19.3861 0
    endloop
  endfacet
  facet normal 0 0 -1
    outer loop
      vertex -122.818 18.5773 0
      vertex -124.886 21.7527 0
      vertex -124.531 21.9205 0
    endloop
  endfacet
  facet normal 0 0 -1
    outer loop
      vertex -126.981 -18.6171 0
      vertex -123.715 -17.6806 0
      vertex -126.923 -19.0054 0
    endloop
  endfacet
  facet normal 0 0 -1
    outer loop
      vertex -123.074 18.3873 0
      vertex -125.222 21.5509 0
      vertex -124.886 21.7527 0
    endloop
  endfacet
  facet normal -0 0 -1
    outer loop
      vertex -123.715 -17.6806 0
      vertex -126.981 -18.6171 0
      vertex -123.879 -17.407 0
    endloop
  endfacet
  facet normal 0 0 -1
    outer loop
      vertex -123.074 18.3873 0
      vertex -125.538 21.317 0
      vertex -125.222 21.5509 0
    endloop
  endfacet
  facet normal 0 0 -1
    outer loop
      vertex -127 -18.225 0
      vertex -123.879 -17.407 0
      vertex -126.981 -18.6171 0
    endloop
  endfacet
  facet normal 0 0 -1
    outer loop
      vertex -123.074 18.3873 0
      vertex -125.828 21.0534 0
      vertex -125.538 21.317 0
    endloop
  endfacet
  facet normal -0 0 -1
    outer loop
      vertex -123.879 -17.407 0
      vertex -127 -18.225 0
      vertex -124.015 -17.1187 0
    endloop
  endfacet
  facet normal 0 0 -1
    outer loop
      vertex -123.311 18.1731 0
      vertex -126.092 20.7626 0
      vertex -125.828 21.0534 0
    endloop
  endfacet
  facet normal -0 0 -1
    outer loop
      vertex -124.015 -17.1187 0
      vertex -127 -18.225 0
      vertex -124.123 -16.8184 0
    endloop
  endfacet
  facet normal 0 0 -1
    outer loop
      vertex -123.311 18.1731 0
      vertex -126.326 20.4473 0
      vertex -126.092 20.7626 0
    endloop
  endfacet
  facet normal -0 0 -1
    outer loop
      vertex -124.123 -16.8184 0
      vertex -127 -18.225 0
      vertex -124.2 -16.509 0
    endloop
  endfacet
  facet normal 0 0 -1
    outer loop
      vertex -123.525 17.9368 0
      vertex -126.528 20.1106 0
      vertex -126.326 20.4473 0
    endloop
  endfacet
  facet normal -0 0 -1
    outer loop
      vertex -124.2 -16.509 0
      vertex -127 -18.225 0
      vertex -124.247 -16.1936 0
    endloop
  endfacet
  facet normal 0 0 -1
    outer loop
      vertex -123.525 17.9368 0
      vertex -126.696 19.7557 0
      vertex -126.528 20.1106 0
    endloop
  endfacet
  facet normal -0 0 -1
    outer loop
      vertex -124.247 -16.1936 0
      vertex -127 -18.225 0
      vertex -124.262 -15.875 0
    endloop
  endfacet
  facet normal 0 0 -1
    outer loop
      vertex -123.525 17.9368 0
      vertex -126.828 19.3861 0
      vertex -126.696 19.7557 0
    endloop
  endfacet
  facet normal 0 0 -1
    outer loop
      vertex -123.715 17.6806 0
      vertex -126.923 19.0054 0
      vertex -126.828 19.3861 0
    endloop
  endfacet
  facet normal 0 0 -1
    outer loop
      vertex -123.715 17.6806 0
      vertex -126.981 18.6171 0
      vertex -126.923 19.0054 0
    endloop
  endfacet
  facet normal 0.941742 0.336336 0
    outer loop
      vertex 126.828 19.3861 4
      vertex 126.696 19.7557 0
      vertex 126.696 19.7557 4
    endloop
  endfacet
  facet normal 0.941742 0.336336 0
    outer loop
      vertex 126.696 19.7557 0
      vertex 126.828 19.3861 4
      vertex 126.828 19.3861 0
    endloop
  endfacet
  facet normal 0.998828 -0.0484002 0
    outer loop
      vertex 126.981 -18.6171 4
      vertex 127 -18.225 0
      vertex 127 -18.225 4
    endloop
  endfacet
  facet normal 0.998828 -0.0484002 0
    outer loop
      vertex 127 -18.225 0
      vertex 126.981 -18.6171 4
      vertex 126.981 -18.6171 0
    endloop
  endfacet
  facet normal -0.903847 0.427856 0
    outer loop
      vertex -126.696 19.7557 0
      vertex -126.528 20.1106 4
      vertex -126.528 20.1106 0
    endloop
  endfacet
  facet normal -0.903847 0.427856 0
    outer loop
      vertex -126.528 20.1106 4
      vertex -126.696 19.7557 0
      vertex -126.696 19.7557 4
    endloop
  endfacet
  facet normal 0.242655 0.970113 -0
    outer loop
      vertex 124.161 22.0528 0
      vertex 123.78 22.1481 4
      vertex 124.161 22.0528 4
    endloop
  endfacet
  facet normal 0.242655 0.970113 0
    outer loop
      vertex 123.78 22.1481 4
      vertex 124.161 22.0528 0
      vertex 123.78 22.1481 0
    endloop
  endfacet
  facet normal -0.594942 0.803769 0
    outer loop
      vertex -125.222 21.5509 0
      vertex -125.538 21.317 4
      vertex -125.222 21.5509 4
    endloop
  endfacet
  facet normal -0.594942 0.803769 0
    outer loop
      vertex -125.538 21.317 4
      vertex -125.222 21.5509 0
      vertex -125.538 21.317 0
    endloop
  endfacet
  facet normal 0.672622 -0.739986 0
    outer loop
      vertex 125.538 -21.317 0
      vertex 125.828 -21.0534 4
      vertex 125.538 -21.317 4
    endloop
  endfacet
  facet normal 0.672622 -0.739986 0
    outer loop
      vertex 125.828 -21.0534 4
      vertex 125.538 -21.317 0
      vertex 125.828 -21.0534 0
    endloop
  endfacet
  facet normal 0.594942 -0.803769 0
    outer loop
      vertex 125.222 -21.5509 0
      vertex 125.538 -21.317 4
      vertex 125.222 -21.5509 4
    endloop
  endfacet
  facet normal 0.594942 -0.803769 0
    outer loop
      vertex 125.538 -21.317 4
      vertex 125.222 -21.5509 0
      vertex 125.538 -21.317 0
    endloop
  endfacet
  facet normal -0.803015 -0.595958 0
    outer loop
      vertex -126.092 -20.7626 0
      vertex -126.326 -20.4473 4
      vertex -126.326 -20.4473 0
    endloop
  endfacet
  facet normal -0.803015 -0.595958 0
    outer loop
      vertex -126.326 -20.4473 4
      vertex -126.092 -20.7626 0
      vertex -126.092 -20.7626 4
    endloop
  endfacet
  facet normal 0.336691 0.941615 -0
    outer loop
      vertex 124.531 21.9205 0
      vertex 124.161 22.0528 4
      vertex 124.531 21.9205 4
    endloop
  endfacet
  facet normal 0.336691 0.941615 0
    outer loop
      vertex 124.161 22.0528 4
      vertex 124.531 21.9205 0
      vertex 124.161 22.0528 0
    endloop
  endfacet
  facet normal 0.803015 0.595958 0
    outer loop
      vertex 126.326 20.4473 4
      vertex 126.092 20.7626 0
      vertex 126.092 20.7626 4
    endloop
  endfacet
  facet normal 0.803015 0.595958 0
    outer loop
      vertex 126.092 20.7626 0
      vertex 126.326 20.4473 4
      vertex 126.326 20.4473 0
    endloop
  endfacet
  facet normal -0.427342 0.90409 0
    outer loop
      vertex -124.531 21.9205 0
      vertex -124.886 21.7527 4
      vertex -124.531 21.9205 4
    endloop
  endfacet
  facet normal -0.427342 0.90409 0
    outer loop
      vertex -124.886 21.7527 4
      vertex -124.531 21.9205 0
      vertex -124.886 21.7527 0
    endloop
  endfacet
  facet normal -0.594942 -0.803769 0
    outer loop
      vertex -125.538 -21.317 0
      vertex -125.222 -21.5509 4
      vertex -125.538 -21.317 4
    endloop
  endfacet
  facet normal -0.594942 -0.803769 -0
    outer loop
      vertex -125.222 -21.5509 4
      vertex -125.538 -21.317 0
      vertex -125.222 -21.5509 0
    endloop
  endfacet
  facet normal -0.740401 0.672166 0
    outer loop
      vertex -126.092 20.7626 0
      vertex -125.828 21.0534 4
      vertex -125.828 21.0534 0
    endloop
  endfacet
  facet normal -0.740401 0.672166 0
    outer loop
      vertex -125.828 21.0534 4
      vertex -126.092 20.7626 0
      vertex -126.092 20.7626 4
    endloop
  endfacet
  facet normal 0.672622 0.739986 -0
    outer loop
      vertex 125.828 21.0534 0
      vertex 125.538 21.317 4
      vertex 125.828 21.0534 4
    endloop
  endfacet
  facet normal 0.672622 0.739986 0
    outer loop
      vertex 125.538 21.317 4
      vertex 125.828 21.0534 0
      vertex 125.538 21.317 0
    endloop
  endfacet
  facet normal -0.903847 -0.427856 0
    outer loop
      vertex -126.528 -20.1106 0
      vertex -126.696 -19.7557 4
      vertex -126.696 -19.7557 0
    endloop
  endfacet
  facet normal -0.903847 -0.427856 0
    outer loop
      vertex -126.696 -19.7557 4
      vertex -126.528 -20.1106 0
      vertex -126.528 -20.1106 4
    endloop
  endfacet
  facet normal 0.427342 -0.90409 0
    outer loop
      vertex 124.531 -21.9205 0
      vertex 124.886 -21.7527 4
      vertex 124.531 -21.9205 4
    endloop
  endfacet
  facet normal 0.427342 -0.90409 0
    outer loop
      vertex 124.886 -21.7527 4
      vertex 124.531 -21.9205 0
      vertex 124.886 -21.7527 0
    endloop
  endfacet
  facet normal -0.970247 0.242116 0
    outer loop
      vertex -126.923 19.0054 0
      vertex -126.828 19.3861 4
      vertex -126.828 19.3861 0
    endloop
  endfacet
  facet normal -0.970247 0.242116 0
    outer loop
      vertex -126.828 19.3861 4
      vertex -126.923 19.0054 0
      vertex -126.923 19.0054 4
    endloop
  endfacet
  facet normal -0.989028 0.14773 0
    outer loop
      vertex -126.981 18.6171 0
      vertex -126.923 19.0054 4
      vertex -126.923 19.0054 0
    endloop
  endfacet
  facet normal -0.989028 0.14773 0
    outer loop
      vertex -126.923 19.0054 4
      vertex -126.981 18.6171 0
      vertex -126.981 18.6171 4
    endloop
  endfacet
  facet normal -0.336691 -0.941615 0
    outer loop
      vertex -124.531 -21.9205 0
      vertex -124.161 -22.0528 4
      vertex -124.531 -21.9205 4
    endloop
  endfacet
  facet normal -0.336691 -0.941615 -0
    outer loop
      vertex -124.161 -22.0528 4
      vertex -124.531 -21.9205 0
      vertex -124.161 -22.0528 0
    endloop
  endfacet
  facet normal 0.336691 -0.941615 0
    outer loop
      vertex 124.161 -22.0528 0
      vertex 124.531 -21.9205 4
      vertex 124.161 -22.0528 4
    endloop
  endfacet
  facet normal 0.336691 -0.941615 0
    outer loop
      vertex 124.531 -21.9205 4
      vertex 124.161 -22.0528 0
      vertex 124.531 -21.9205 0
    endloop
  endfacet
  facet normal -0.0491751 -0.99879 0
    outer loop
      vertex -123.392 -22.2057 0
      vertex -123 -22.225 4
      vertex -123.392 -22.2057 4
    endloop
  endfacet
  facet normal -0.0491751 -0.99879 -0
    outer loop
      vertex -123 -22.225 4
      vertex -123.392 -22.2057 0
      vertex -123 -22.225 0
    endloop
  endfacet
  facet normal 0.740401 -0.672166 0
    outer loop
      vertex 125.828 -21.0534 4
      vertex 126.092 -20.7626 0
      vertex 126.092 -20.7626 4
    endloop
  endfacet
  facet normal 0.740401 -0.672166 0
    outer loop
      vertex 126.092 -20.7626 0
      vertex 125.828 -21.0534 4
      vertex 125.828 -21.0534 0
    endloop
  endfacet
  facet normal -0.970247 -0.242116 0
    outer loop
      vertex -126.828 -19.3861 0
      vertex -126.923 -19.0054 4
      vertex -126.923 -19.0054 0
    endloop
  endfacet
  facet normal -0.970247 -0.242116 0
    outer loop
      vertex -126.923 -19.0054 4
      vertex -126.828 -19.3861 0
      vertex -126.828 -19.3861 4
    endloop
  endfacet
  facet normal 0.970247 -0.242116 0
    outer loop
      vertex 126.828 -19.3861 4
      vertex 126.923 -19.0054 0
      vertex 126.923 -19.0054 4
    endloop
  endfacet
  facet normal 0.970247 -0.242116 0
    outer loop
      vertex 126.923 -19.0054 0
      vertex 126.828 -19.3861 4
      vertex 126.828 -19.3861 0
    endloop
  endfacet
  facet normal 0.803015 -0.595958 0
    outer loop
      vertex 126.092 -20.7626 4
      vertex 126.326 -20.4473 0
      vertex 126.326 -20.4473 4
    endloop
  endfacet
  facet normal 0.803015 -0.595958 0
    outer loop
      vertex 126.326 -20.4473 0
      vertex 126.092 -20.7626 4
      vertex 126.092 -20.7626 0
    endloop
  endfacet
  facet normal -0.941742 -0.336336 0
    outer loop
      vertex -126.696 -19.7557 0
      vertex -126.828 -19.3861 4
      vertex -126.828 -19.3861 0
    endloop
  endfacet
  facet normal -0.941742 -0.336336 0
    outer loop
      vertex -126.828 -19.3861 4
      vertex -126.696 -19.7557 0
      vertex -126.696 -19.7557 4
    endloop
  endfacet
  facet normal -0.989184 -0.146678 0
    outer loop
      vertex -34.9951 -9.8252 4
      vertex -35.1194 -8.98693 130.351
      vertex -35.1194 -8.98693 4
    endloop
  endfacet
  facet normal -0.989184 -0.146678 0
    outer loop
      vertex -35.1194 -8.98693 130.351
      vertex -34.9951 -9.8252 4
      vertex -34.9951 -9.8252 130.351
    endloop
  endfacet
  facet normal -0.998794 -0.0490883 0
    outer loop
      vertex -35.1194 -8.98693 4
      vertex -35.161 -8.1405 130.351
      vertex -35.161 -8.1405 4
    endloop
  endfacet
  facet normal -0.998794 -0.0490883 0
    outer loop
      vertex -35.161 -8.1405 130.351
      vertex -35.1194 -8.98693 4
      vertex -35.1194 -8.98693 130.351
    endloop
  endfacet
  facet normal 0.336131 0.941815 -0
    outer loop
      vertex 109.204 16.5853 4
      vertex 108.972 16.6681 130.351
      vertex 109.204 16.5853 130.351
    endloop
  endfacet
  facet normal 0.336131 0.941815 0
    outer loop
      vertex 108.972 16.6681 130.351
      vertex 109.204 16.5853 4
      vertex 108.972 16.6681 4
    endloop
  endfacet
  facet normal -0.803355 0.5955 0
    outer loop
      vertex -34.7388 15.6627 4
      vertex -34.5924 15.8602 130.351
      vertex -34.5924 15.8602 4
    endloop
  endfacet
  facet normal -0.803355 0.5955 0
    outer loop
      vertex -34.5924 15.8602 130.351
      vertex -34.7388 15.6627 4
      vertex -34.7388 15.6627 130.351
    endloop
  endfacet
  facet normal -0.427579 0.903978 0
    outer loop
      vertex -33.6146 16.5853 4
      vertex -33.8368 16.4802 130.351
      vertex -33.6146 16.5853 130.351
    endloop
  endfacet
  facet normal -0.427579 0.903978 0
    outer loop
      vertex -33.8368 16.4802 130.351
      vertex -33.6146 16.5853 4
      vertex -33.8368 16.4802 4
    endloop
  endfacet
  facet normal 0.941281 0.337625 0
    outer loop
      vertex 110.642 14.9982 130.351
      vertex 110.559 15.2296 4
      vertex 110.559 15.2296 130.351
    endloop
  endfacet
  facet normal 0.941281 0.337625 0
    outer loop
      vertex 110.559 15.2296 4
      vertex 110.642 14.9982 130.351
      vertex 110.642 14.9982 4
    endloop
  endfacet
  facet normal 0.969783 0.24397 0
    outer loop
      vertex 110.702 14.7597 130.351
      vertex 110.642 14.9982 4
      vertex 110.642 14.9982 130.351
    endloop
  endfacet
  facet normal 0.969783 0.24397 0
    outer loop
      vertex 110.642 14.9982 4
      vertex 110.702 14.7597 130.351
      vertex 110.702 14.7597 4
    endloop
  endfacet
  facet normal -0.5955 0.803355 0
    outer loop
      vertex -34.0477 16.3538 4
      vertex -34.2452 16.2074 130.351
      vertex -34.0477 16.3538 130.351
    endloop
  endfacet
  facet normal -0.5955 0.803355 0
    outer loop
      vertex -34.2452 16.2074 130.351
      vertex -34.0477 16.3538 4
      vertex -34.2452 16.2074 4
    endloop
  endfacet
  facet normal 0.596474 0.802632 -0
    outer loop
      vertex 109.834 16.2074 4
      vertex 109.637 16.3538 130.351
      vertex 109.834 16.2074 130.351
    endloop
  endfacet
  facet normal 0.596474 0.802632 0
    outer loop
      vertex 109.637 16.3538 130.351
      vertex 109.834 16.2074 4
      vertex 109.637 16.3538 4
    endloop
  endfacet
  facet normal 0.998771 -0.0495592 0
    outer loop
      vertex 110.708 -8.98693 130.351
      vertex 110.75 -8.1405 4
      vertex 110.75 -8.1405 130.351
    endloop
  endfacet
  facet normal 0.998771 -0.0495592 0
    outer loop
      vertex 110.75 -8.1405 4
      vertex 110.708 -8.98693 130.351
      vertex 110.708 -8.98693 4
    endloop
  endfacet
  facet normal 0.671503 -0.741002 0
    outer loop
      vertex 107.593 -14.8158 4
      vertex 108.221 -14.2467 130.351
      vertex 107.593 -14.8158 130.351
    endloop
  endfacet
  facet normal 0.671503 -0.741002 0
    outer loop
      vertex 108.221 -14.2467 130.351
      vertex 107.593 -14.8158 4
      vertex 108.221 -14.2467 4
    endloop
  endfacet
  facet normal -0.941539 0.336903 0
    outer loop
      vertex -35.0531 14.9982 4
      vertex -34.9703 15.2296 130.351
      vertex -34.9703 15.2296 4
    endloop
  endfacet
  facet normal -0.941539 0.336903 0
    outer loop
      vertex -34.9703 15.2296 130.351
      vertex -35.0531 14.9982 4
      vertex -35.0531 14.9982 130.351
    endloop
  endfacet
  facet normal 0 -1 0
    outer loop
      vertex -26.4185 -16.776 130.351
      vertex -8.8425 -16.776 117.196
      vertex 102.007 -16.776 130.351
    endloop
  endfacet
  facet normal 0 -1 0
    outer loop
      vertex -26.4185 -16.776 130.351
      vertex -9.83081 -16.776 117.147
      vertex -8.8425 -16.776 117.196
    endloop
  endfacet
  facet normal 0 -1 0
    outer loop
      vertex -26.4185 -16.776 130.351
      vertex -10.8096 -16.776 117.002
      vertex -9.83081 -16.776 117.147
    endloop
  endfacet
  facet normal 0 -1 0
    outer loop
      vertex -26.4185 -16.776 130.351
      vertex -11.7694 -16.776 116.762
      vertex -10.8096 -16.776 117.002
    endloop
  endfacet
  facet normal 0 -1 0
    outer loop
      vertex -26.4185 -16.776 130.351
      vertex -12.7011 -16.776 116.428
      vertex -11.7694 -16.776 116.762
    endloop
  endfacet
  facet normal 0 -1 0
    outer loop
      vertex -26.4185 -16.776 130.351
      vertex -13.5956 -16.776 116.005
      vertex -12.7011 -16.776 116.428
    endloop
  endfacet
  facet normal 0 -1 0
    outer loop
      vertex -26.4185 -16.776 130.351
      vertex -14.4443 -16.776 115.497
      vertex -13.5956 -16.776 116.005
    endloop
  endfacet
  facet normal 0 -1 0
    outer loop
      vertex -26.4185 -16.776 130.351
      vertex -15.2391 -16.776 114.907
      vertex -14.4443 -16.776 115.497
    endloop
  endfacet
  facet normal 0 -1 0
    outer loop
      vertex -26.4185 -16.776 130.351
      vertex -15.9723 -16.776 114.243
      vertex -15.2391 -16.776 114.907
    endloop
  endfacet
  facet normal 0 -1 0
    outer loop
      vertex -26.4185 -16.776 130.351
      vertex -16.6368 -16.776 113.51
      vertex -15.9723 -16.776 114.243
    endloop
  endfacet
  facet normal 0 -1 0
    outer loop
      vertex -26.4185 -16.776 130.351
      vertex -17.2262 -16.776 112.715
      vertex -16.6368 -16.776 113.51
    endloop
  endfacet
  facet normal 0 -1 0
    outer loop
      vertex -26.4185 -16.776 130.351
      vertex -17.7349 -16.776 111.866
      vertex -17.2262 -16.776 112.715
    endloop
  endfacet
  facet normal 0 -1 0
    outer loop
      vertex -26.4185 -16.776 130.351
      vertex -18.158 -16.776 110.972
      vertex -17.7349 -16.776 111.866
    endloop
  endfacet
  facet normal 0 -1 0
    outer loop
      vertex -26.4185 -16.776 130.351
      vertex -18.4913 -16.776 110.04
      vertex -18.158 -16.776 110.972
    endloop
  endfacet
  facet normal 0 -1 0
    outer loop
      vertex -26.4185 -16.776 130.351
      vertex -18.7318 -16.776 109.08
      vertex -18.4913 -16.776 110.04
    endloop
  endfacet
  facet normal 0 -1 0
    outer loop
      vertex -26.4185 -16.776 130.351
      vertex -18.8769 -16.776 108.101
      vertex -18.7318 -16.776 109.08
    endloop
  endfacet
  facet normal 0 -1 0
    outer loop
      vertex -26.4185 -16.776 130.351
      vertex -18.9255 -16.776 107.113
      vertex -18.8769 -16.776 108.101
    endloop
  endfacet
  facet normal 0 -1 0
    outer loop
      vertex -26.4185 -16.776 4
      vertex -18.9255 -16.776 107.113
      vertex -26.4185 -16.776 130.351
    endloop
  endfacet
  facet normal 0 -1 -0
    outer loop
      vertex -18.9255 -16.776 107.113
      vertex -26.4185 -16.776 4
      vertex -18.9255 -16.776 26.199
    endloop
  endfacet
  facet normal 0 -1 -0
    outer loop
      vertex -8.8425 -16.776 16.116
      vertex -26.4185 -16.776 4
      vertex 84.4315 -16.776 16.116
    endloop
  endfacet
  facet normal 0 -1 -0
    outer loop
      vertex -9.83081 -16.776 16.1646
      vertex -26.4185 -16.776 4
      vertex -8.8425 -16.776 16.116
    endloop
  endfacet
  facet normal 0 -1 -0
    outer loop
      vertex -10.8096 -16.776 16.3097
      vertex -26.4185 -16.776 4
      vertex -9.83081 -16.776 16.1646
    endloop
  endfacet
  facet normal 0 -1 -0
    outer loop
      vertex -11.7694 -16.776 16.5502
      vertex -26.4185 -16.776 4
      vertex -10.8096 -16.776 16.3097
    endloop
  endfacet
  facet normal 0 -1 -0
    outer loop
      vertex -12.7011 -16.776 16.8835
      vertex -26.4185 -16.776 4
      vertex -11.7694 -16.776 16.5502
    endloop
  endfacet
  facet normal 0 -1 -0
    outer loop
      vertex -13.5956 -16.776 17.3066
      vertex -26.4185 -16.776 4
      vertex -12.7011 -16.776 16.8835
    endloop
  endfacet
  facet normal 0 -1 -0
    outer loop
      vertex -14.4443 -16.776 17.8153
      vertex -26.4185 -16.776 4
      vertex -13.5956 -16.776 17.3066
    endloop
  endfacet
  facet normal 0 -1 -0
    outer loop
      vertex -15.2391 -16.776 18.4047
      vertex -26.4185 -16.776 4
      vertex -14.4443 -16.776 17.8153
    endloop
  endfacet
  facet normal 0 -1 -0
    outer loop
      vertex -15.9723 -16.776 19.0692
      vertex -26.4185 -16.776 4
      vertex -15.2391 -16.776 18.4047
    endloop
  endfacet
  facet normal 0 -1 -0
    outer loop
      vertex -16.6368 -16.776 19.8024
      vertex -26.4185 -16.776 4
      vertex -15.9723 -16.776 19.0692
    endloop
  endfacet
  facet normal 0 -1 -0
    outer loop
      vertex -17.2262 -16.776 20.5972
      vertex -26.4185 -16.776 4
      vertex -16.6368 -16.776 19.8024
    endloop
  endfacet
  facet normal 0 -1 -0
    outer loop
      vertex -17.7349 -16.776 21.4459
      vertex -26.4185 -16.776 4
      vertex -17.2262 -16.776 20.5972
    endloop
  endfacet
  facet normal 0 -1 -0
    outer loop
      vertex -18.158 -16.776 22.3404
      vertex -26.4185 -16.776 4
      vertex -17.7349 -16.776 21.4459
    endloop
  endfacet
  facet normal 0 -1 -0
    outer loop
      vertex -18.4913 -16.776 23.2721
      vertex -26.4185 -16.776 4
      vertex -18.158 -16.776 22.3404
    endloop
  endfacet
  facet normal 0 -1 -0
    outer loop
      vertex -18.7318 -16.776 24.2319
      vertex -26.4185 -16.776 4
      vertex -18.4913 -16.776 23.2721
    endloop
  endfacet
  facet normal 0 -1 -0
    outer loop
      vertex -18.8769 -16.776 25.2107
      vertex -26.4185 -16.776 4
      vertex -18.7318 -16.776 24.2319
    endloop
  endfacet
  facet normal 0 -1 -0
    outer loop
      vertex -18.9255 -16.776 26.199
      vertex -26.4185 -16.776 4
      vertex -18.8769 -16.776 25.2107
    endloop
  endfacet
  facet normal 0 -1 0
    outer loop
      vertex 84.4315 -16.776 117.196
      vertex 102.007 -16.776 130.351
      vertex -8.8425 -16.776 117.196
    endloop
  endfacet
  facet normal 0 -1 0
    outer loop
      vertex 85.4198 -16.776 117.147
      vertex 102.007 -16.776 130.351
      vertex 84.4315 -16.776 117.196
    endloop
  endfacet
  facet normal 0 -1 0
    outer loop
      vertex 86.3986 -16.776 117.002
      vertex 102.007 -16.776 130.351
      vertex 85.4198 -16.776 117.147
    endloop
  endfacet
  facet normal 0 -1 0
    outer loop
      vertex 87.3584 -16.776 116.762
      vertex 102.007 -16.776 130.351
      vertex 86.3986 -16.776 117.002
    endloop
  endfacet
  facet normal 0 -1 0
    outer loop
      vertex 88.2901 -16.776 116.428
      vertex 102.007 -16.776 130.351
      vertex 87.3584 -16.776 116.762
    endloop
  endfacet
  facet normal 0 -1 0
    outer loop
      vertex 89.1846 -16.776 116.005
      vertex 102.007 -16.776 130.351
      vertex 88.2901 -16.776 116.428
    endloop
  endfacet
  facet normal 0 -1 0
    outer loop
      vertex 90.0333 -16.776 115.497
      vertex 102.007 -16.776 130.351
      vertex 89.1846 -16.776 116.005
    endloop
  endfacet
  facet normal 0 -1 0
    outer loop
      vertex 90.8281 -16.776 114.907
      vertex 102.007 -16.776 130.351
      vertex 90.0333 -16.776 115.497
    endloop
  endfacet
  facet normal 0 -1 0
    outer loop
      vertex 91.5613 -16.776 114.243
      vertex 102.007 -16.776 130.351
      vertex 90.8281 -16.776 114.907
    endloop
  endfacet
  facet normal 0 -1 0
    outer loop
      vertex 92.2258 -16.776 113.51
      vertex 102.007 -16.776 130.351
      vertex 91.5613 -16.776 114.243
    endloop
  endfacet
  facet normal 0 -1 0
    outer loop
      vertex 92.8152 -16.776 112.715
      vertex 102.007 -16.776 130.351
      vertex 92.2258 -16.776 113.51
    endloop
  endfacet
  facet normal 0 -1 0
    outer loop
      vertex 93.3239 -16.776 111.866
      vertex 102.007 -16.776 130.351
      vertex 92.8152 -16.776 112.715
    endloop
  endfacet
  facet normal 0 -1 0
    outer loop
      vertex 93.747 -16.776 110.972
      vertex 102.007 -16.776 130.351
      vertex 93.3239 -16.776 111.866
    endloop
  endfacet
  facet normal 0 -1 0
    outer loop
      vertex 94.0803 -16.776 110.04
      vertex 102.007 -16.776 130.351
      vertex 93.747 -16.776 110.972
    endloop
  endfacet
  facet normal 0 -1 0
    outer loop
      vertex 94.3208 -16.776 109.08
      vertex 102.007 -16.776 130.351
      vertex 94.0803 -16.776 110.04
    endloop
  endfacet
  facet normal 0 -1 0
    outer loop
      vertex 94.466 -16.776 108.101
      vertex 102.007 -16.776 130.351
      vertex 94.3208 -16.776 109.08
    endloop
  endfacet
  facet normal 0 -1 0
    outer loop
      vertex 94.5145 -16.776 107.113
      vertex 102.007 -16.776 130.351
      vertex 94.466 -16.776 108.101
    endloop
  endfacet
  facet normal 0 -1 0
    outer loop
      vertex 102.007 -16.776 4
      vertex 94.5145 -16.776 107.113
      vertex 94.5145 -16.776 26.199
    endloop
  endfacet
  facet normal 0 -1 0
    outer loop
      vertex 102.007 -16.776 4
      vertex 94.5145 -16.776 26.199
      vertex 94.466 -16.776 25.2107
    endloop
  endfacet
  facet normal 0 -1 0
    outer loop
      vertex 102.007 -16.776 4
      vertex 84.4315 -16.776 16.116
      vertex -26.4185 -16.776 4
    endloop
  endfacet
  facet normal 0 -1 0
    outer loop
      vertex 94.5145 -16.776 107.113
      vertex 102.007 -16.776 4
      vertex 102.007 -16.776 130.351
    endloop
  endfacet
  facet normal 0 -1 0
    outer loop
      vertex 94.3208 -16.776 24.2319
      vertex 102.007 -16.776 4
      vertex 94.466 -16.776 25.2107
    endloop
  endfacet
  facet normal 0 -1 0
    outer loop
      vertex 94.0803 -16.776 23.2721
      vertex 102.007 -16.776 4
      vertex 94.3208 -16.776 24.2319
    endloop
  endfacet
  facet normal 0 -1 0
    outer loop
      vertex 93.747 -16.776 22.3404
      vertex 102.007 -16.776 4
      vertex 94.0803 -16.776 23.2721
    endloop
  endfacet
  facet normal 0 -1 0
    outer loop
      vertex 93.3239 -16.776 21.4459
      vertex 102.007 -16.776 4
      vertex 93.747 -16.776 22.3404
    endloop
  endfacet
  facet normal 0 -1 0
    outer loop
      vertex 92.8152 -16.776 20.5972
      vertex 102.007 -16.776 4
      vertex 93.3239 -16.776 21.4459
    endloop
  endfacet
  facet normal 0 -1 0
    outer loop
      vertex 92.2258 -16.776 19.8024
      vertex 102.007 -16.776 4
      vertex 92.8152 -16.776 20.5972
    endloop
  endfacet
  facet normal 0 -1 0
    outer loop
      vertex 91.5613 -16.776 19.0692
      vertex 102.007 -16.776 4
      vertex 92.2258 -16.776 19.8024
    endloop
  endfacet
  facet normal 0 -1 0
    outer loop
      vertex 90.8281 -16.776 18.4047
      vertex 102.007 -16.776 4
      vertex 91.5613 -16.776 19.0692
    endloop
  endfacet
  facet normal 0 -1 0
    outer loop
      vertex 90.0333 -16.776 17.8153
      vertex 102.007 -16.776 4
      vertex 90.8281 -16.776 18.4047
    endloop
  endfacet
  facet normal 0 -1 0
    outer loop
      vertex 89.1846 -16.776 17.3066
      vertex 102.007 -16.776 4
      vertex 90.0333 -16.776 17.8153
    endloop
  endfacet
  facet normal 0 -1 0
    outer loop
      vertex 88.2901 -16.776 16.8835
      vertex 102.007 -16.776 4
      vertex 89.1846 -16.776 17.3066
    endloop
  endfacet
  facet normal 0 -1 0
    outer loop
      vertex 87.3584 -16.776 16.5502
      vertex 102.007 -16.776 4
      vertex 88.2901 -16.776 16.8835
    endloop
  endfacet
  facet normal 0 -1 0
    outer loop
      vertex 86.3986 -16.776 16.3097
      vertex 102.007 -16.776 4
      vertex 87.3584 -16.776 16.5502
    endloop
  endfacet
  facet normal 0 -1 0
    outer loop
      vertex 85.4198 -16.776 16.1646
      vertex 102.007 -16.776 4
      vertex 86.3986 -16.776 16.3097
    endloop
  endfacet
  facet normal 0 -1 0
    outer loop
      vertex 84.4315 -16.776 16.116
      vertex 102.007 -16.776 4
      vertex 85.4198 -16.776 16.1646
    endloop
  endfacet
  facet normal 0 1 0
    outer loop
      vertex 108.245 16.776 130.351
      vertex 84.4315 16.776 117.196
      vertex -32.656 16.776 130.351
    endloop
  endfacet
  facet normal 0 1 0
    outer loop
      vertex 108.245 16.776 130.351
      vertex 85.4198 16.776 117.147
      vertex 84.4315 16.776 117.196
    endloop
  endfacet
  facet normal 0 1 0
    outer loop
      vertex 108.245 16.776 130.351
      vertex 86.3986 16.776 117.002
      vertex 85.4198 16.776 117.147
    endloop
  endfacet
  facet normal 0 1 0
    outer loop
      vertex 108.245 16.776 130.351
      vertex 87.3584 16.776 116.762
      vertex 86.3986 16.776 117.002
    endloop
  endfacet
  facet normal 0 1 0
    outer loop
      vertex 108.245 16.776 130.351
      vertex 88.2901 16.776 116.428
      vertex 87.3584 16.776 116.762
    endloop
  endfacet
  facet normal 0 1 0
    outer loop
      vertex 108.245 16.776 130.351
      vertex 89.1846 16.776 116.005
      vertex 88.2901 16.776 116.428
    endloop
  endfacet
  facet normal 0 1 0
    outer loop
      vertex 108.245 16.776 130.351
      vertex 90.0333 16.776 115.497
      vertex 89.1846 16.776 116.005
    endloop
  endfacet
  facet normal 0 1 0
    outer loop
      vertex 108.245 16.776 130.351
      vertex 90.8281 16.776 114.907
      vertex 90.0333 16.776 115.497
    endloop
  endfacet
  facet normal 0 1 0
    outer loop
      vertex 108.245 16.776 130.351
      vertex 91.5613 16.776 114.243
      vertex 90.8281 16.776 114.907
    endloop
  endfacet
  facet normal 0 1 0
    outer loop
      vertex 108.245 16.776 130.351
      vertex 92.2258 16.776 113.51
      vertex 91.5613 16.776 114.243
    endloop
  endfacet
  facet normal 0 1 0
    outer loop
      vertex 108.245 16.776 130.351
      vertex 92.8152 16.776 112.715
      vertex 92.2258 16.776 113.51
    endloop
  endfacet
  facet normal 0 1 0
    outer loop
      vertex 108.245 16.776 130.351
      vertex 93.3239 16.776 111.866
      vertex 92.8152 16.776 112.715
    endloop
  endfacet
  facet normal 0 1 0
    outer loop
      vertex 108.245 16.776 130.351
      vertex 93.747 16.776 110.972
      vertex 93.3239 16.776 111.866
    endloop
  endfacet
  facet normal 0 1 0
    outer loop
      vertex 108.245 16.776 130.351
      vertex 94.0803 16.776 110.04
      vertex 93.747 16.776 110.972
    endloop
  endfacet
  facet normal 0 1 0
    outer loop
      vertex 108.245 16.776 130.351
      vertex 94.3208 16.776 109.08
      vertex 94.0803 16.776 110.04
    endloop
  endfacet
  facet normal 0 1 0
    outer loop
      vertex 108.245 16.776 130.351
      vertex 94.466 16.776 108.101
      vertex 94.3208 16.776 109.08
    endloop
  endfacet
  facet normal 0 1 0
    outer loop
      vertex 108.245 16.776 130.351
      vertex 94.5145 16.776 107.113
      vertex 94.466 16.776 108.101
    endloop
  endfacet
  facet normal 0 1 -0
    outer loop
      vertex 108.245 16.776 4
      vertex 94.5145 16.776 107.113
      vertex 108.245 16.776 130.351
    endloop
  endfacet
  facet normal 0 1 0
    outer loop
      vertex 94.5145 16.776 107.113
      vertex 108.245 16.776 4
      vertex 94.5145 16.776 26.199
    endloop
  endfacet
  facet normal 0 1 0
    outer loop
      vertex 84.4315 16.776 16.116
      vertex 108.245 16.776 4
      vertex -8.8425 16.776 16.116
    endloop
  endfacet
  facet normal 0 1 0
    outer loop
      vertex 85.4198 16.776 16.1646
      vertex 108.245 16.776 4
      vertex 84.4315 16.776 16.116
    endloop
  endfacet
  facet normal 0 1 0
    outer loop
      vertex 86.3986 16.776 16.3097
      vertex 108.245 16.776 4
      vertex 85.4198 16.776 16.1646
    endloop
  endfacet
  facet normal 0 1 0
    outer loop
      vertex 87.3584 16.776 16.5502
      vertex 108.245 16.776 4
      vertex 86.3986 16.776 16.3097
    endloop
  endfacet
  facet normal 0 1 0
    outer loop
      vertex 88.2901 16.776 16.8835
      vertex 108.245 16.776 4
      vertex 87.3584 16.776 16.5502
    endloop
  endfacet
  facet normal 0 1 0
    outer loop
      vertex 89.1846 16.776 17.3066
      vertex 108.245 16.776 4
      vertex 88.2901 16.776 16.8835
    endloop
  endfacet
  facet normal 0 1 0
    outer loop
      vertex 90.0333 16.776 17.8153
      vertex 108.245 16.776 4
      vertex 89.1846 16.776 17.3066
    endloop
  endfacet
  facet normal 0 1 0
    outer loop
      vertex 90.8281 16.776 18.4047
      vertex 108.245 16.776 4
      vertex 90.0333 16.776 17.8153
    endloop
  endfacet
  facet normal 0 1 0
    outer loop
      vertex 91.5613 16.776 19.0692
      vertex 108.245 16.776 4
      vertex 90.8281 16.776 18.4047
    endloop
  endfacet
  facet normal 0 1 0
    outer loop
      vertex 92.2258 16.776 19.8024
      vertex 108.245 16.776 4
      vertex 91.5613 16.776 19.0692
    endloop
  endfacet
  facet normal 0 1 0
    outer loop
      vertex 92.8152 16.776 20.5972
      vertex 108.245 16.776 4
      vertex 92.2258 16.776 19.8024
    endloop
  endfacet
  facet normal 0 1 0
    outer loop
      vertex 93.3239 16.776 21.4459
      vertex 108.245 16.776 4
      vertex 92.8152 16.776 20.5972
    endloop
  endfacet
  facet normal 0 1 0
    outer loop
      vertex 93.747 16.776 22.3404
      vertex 108.245 16.776 4
      vertex 93.3239 16.776 21.4459
    endloop
  endfacet
  facet normal 0 1 0
    outer loop
      vertex 94.0803 16.776 23.2721
      vertex 108.245 16.776 4
      vertex 93.747 16.776 22.3404
    endloop
  endfacet
  facet normal 0 1 0
    outer loop
      vertex 94.3208 16.776 24.2319
      vertex 108.245 16.776 4
      vertex 94.0803 16.776 23.2721
    endloop
  endfacet
  facet normal 0 1 0
    outer loop
      vertex 94.466 16.776 25.2107
      vertex 108.245 16.776 4
      vertex 94.3208 16.776 24.2319
    endloop
  endfacet
  facet normal 0 1 0
    outer loop
      vertex 94.5145 16.776 26.199
      vertex 108.245 16.776 4
      vertex 94.466 16.776 25.2107
    endloop
  endfacet
  facet normal 0 1 -0
    outer loop
      vertex -8.8425 16.776 117.196
      vertex -32.656 16.776 130.351
      vertex 84.4315 16.776 117.196
    endloop
  endfacet
  facet normal 0 1 -0
    outer loop
      vertex -9.83081 16.776 117.147
      vertex -32.656 16.776 130.351
      vertex -8.8425 16.776 117.196
    endloop
  endfacet
  facet normal 0 1 -0
    outer loop
      vertex -10.8096 16.776 117.002
      vertex -32.656 16.776 130.351
      vertex -9.83081 16.776 117.147
    endloop
  endfacet
  facet normal 0 1 -0
    outer loop
      vertex -11.7694 16.776 116.762
      vertex -32.656 16.776 130.351
      vertex -10.8096 16.776 117.002
    endloop
  endfacet
  facet normal 0 1 -0
    outer loop
      vertex -12.7011 16.776 116.428
      vertex -32.656 16.776 130.351
      vertex -11.7694 16.776 116.762
    endloop
  endfacet
  facet normal 0 1 -0
    outer loop
      vertex -13.5956 16.776 116.005
      vertex -32.656 16.776 130.351
      vertex -12.7011 16.776 116.428
    endloop
  endfacet
  facet normal 0 1 -0
    outer loop
      vertex -14.4443 16.776 115.497
      vertex -32.656 16.776 130.351
      vertex -13.5956 16.776 116.005
    endloop
  endfacet
  facet normal 0 1 -0
    outer loop
      vertex -15.2391 16.776 114.907
      vertex -32.656 16.776 130.351
      vertex -14.4443 16.776 115.497
    endloop
  endfacet
  facet normal 0 1 -0
    outer loop
      vertex -15.9723 16.776 114.243
      vertex -32.656 16.776 130.351
      vertex -15.2391 16.776 114.907
    endloop
  endfacet
  facet normal 0 1 -0
    outer loop
      vertex -16.6368 16.776 113.51
      vertex -32.656 16.776 130.351
      vertex -15.9723 16.776 114.243
    endloop
  endfacet
  facet normal 0 1 -0
    outer loop
      vertex -17.2262 16.776 112.715
      vertex -32.656 16.776 130.351
      vertex -16.6368 16.776 113.51
    endloop
  endfacet
  facet normal 0 1 -0
    outer loop
      vertex -17.7349 16.776 111.866
      vertex -32.656 16.776 130.351
      vertex -17.2262 16.776 112.715
    endloop
  endfacet
  facet normal 0 1 -0
    outer loop
      vertex -18.158 16.776 110.972
      vertex -32.656 16.776 130.351
      vertex -17.7349 16.776 111.866
    endloop
  endfacet
  facet normal 0 1 -0
    outer loop
      vertex -18.4913 16.776 110.04
      vertex -32.656 16.776 130.351
      vertex -18.158 16.776 110.972
    endloop
  endfacet
  facet normal 0 1 -0
    outer loop
      vertex -18.7318 16.776 109.08
      vertex -32.656 16.776 130.351
      vertex -18.4913 16.776 110.04
    endloop
  endfacet
  facet normal 0 1 -0
    outer loop
      vertex -18.8769 16.776 108.101
      vertex -32.656 16.776 130.351
      vertex -18.7318 16.776 109.08
    endloop
  endfacet
  facet normal 0 1 -0
    outer loop
      vertex -18.9255 16.776 107.113
      vertex -32.656 16.776 130.351
      vertex -18.8769 16.776 108.101
    endloop
  endfacet
  facet normal 0 1 0
    outer loop
      vertex -32.656 16.776 4
      vertex -18.9255 16.776 107.113
      vertex -18.9255 16.776 26.199
    endloop
  endfacet
  facet normal 0 1 0
    outer loop
      vertex -32.656 16.776 4
      vertex -18.9255 16.776 26.199
      vertex -18.8769 16.776 25.2107
    endloop
  endfacet
  facet normal 0 1 0
    outer loop
      vertex -32.656 16.776 4
      vertex -8.8425 16.776 16.116
      vertex 108.245 16.776 4
    endloop
  endfacet
  facet normal 0 1 0
    outer loop
      vertex -18.9255 16.776 107.113
      vertex -32.656 16.776 4
      vertex -32.656 16.776 130.351
    endloop
  endfacet
  facet normal 0 1 0
    outer loop
      vertex -18.7318 16.776 24.2319
      vertex -32.656 16.776 4
      vertex -18.8769 16.776 25.2107
    endloop
  endfacet
  facet normal 0 1 0
    outer loop
      vertex -18.4913 16.776 23.2721
      vertex -32.656 16.776 4
      vertex -18.7318 16.776 24.2319
    endloop
  endfacet
  facet normal 0 1 0
    outer loop
      vertex -18.158 16.776 22.3404
      vertex -32.656 16.776 4
      vertex -18.4913 16.776 23.2721
    endloop
  endfacet
  facet normal 0 1 0
    outer loop
      vertex -17.7349 16.776 21.4459
      vertex -32.656 16.776 4
      vertex -18.158 16.776 22.3404
    endloop
  endfacet
  facet normal 0 1 0
    outer loop
      vertex -17.2262 16.776 20.5972
      vertex -32.656 16.776 4
      vertex -17.7349 16.776 21.4459
    endloop
  endfacet
  facet normal 0 1 0
    outer loop
      vertex -16.6368 16.776 19.8024
      vertex -32.656 16.776 4
      vertex -17.2262 16.776 20.5972
    endloop
  endfacet
  facet normal 0 1 0
    outer loop
      vertex -15.9723 16.776 19.0692
      vertex -32.656 16.776 4
      vertex -16.6368 16.776 19.8024
    endloop
  endfacet
  facet normal 0 1 0
    outer loop
      vertex -15.2391 16.776 18.4047
      vertex -32.656 16.776 4
      vertex -15.9723 16.776 19.0692
    endloop
  endfacet
  facet normal 0 1 0
    outer loop
      vertex -14.4443 16.776 17.8153
      vertex -32.656 16.776 4
      vertex -15.2391 16.776 18.4047
    endloop
  endfacet
  facet normal 0 1 0
    outer loop
      vertex -13.5956 16.776 17.3066
      vertex -32.656 16.776 4
      vertex -14.4443 16.776 17.8153
    endloop
  endfacet
  facet normal 0 1 0
    outer loop
      vertex -12.7011 16.776 16.8835
      vertex -32.656 16.776 4
      vertex -13.5956 16.776 17.3066
    endloop
  endfacet
  facet normal 0 1 0
    outer loop
      vertex -11.7694 16.776 16.5502
      vertex -32.656 16.776 4
      vertex -12.7011 16.776 16.8835
    endloop
  endfacet
  facet normal 0 1 0
    outer loop
      vertex -10.8096 16.776 16.3097
      vertex -32.656 16.776 4
      vertex -11.7694 16.776 16.5502
    endloop
  endfacet
  facet normal 0 1 0
    outer loop
      vertex -9.83081 16.776 16.1646
      vertex -32.656 16.776 4
      vertex -10.8096 16.776 16.3097
    endloop
  endfacet
  facet normal 0 1 0
    outer loop
      vertex -8.8425 16.776 16.116
      vertex -32.656 16.776 4
      vertex -9.83081 16.776 16.1646
    endloop
  endfacet
  facet normal 0.336655 -0.941628 0
    outer loop
      vertex 105.007 -16.266 4
      vertex 105.419 -16.1187 130.351
      vertex 105.007 -16.266 130.351
    endloop
  endfacet
  facet normal 0.336655 -0.941628 0
    outer loop
      vertex 105.419 -16.1187 130.351
      vertex 105.007 -16.266 4
      vertex 105.419 -16.1187 4
    endloop
  endfacet
  facet normal 0.858086 -0.513506 0
    outer loop
      vertex 109.295 -12.9381 130.351
      vertex 109.73 -12.2112 4
      vertex 109.73 -12.2112 130.351
    endloop
  endfacet
  facet normal 0.858086 -0.513506 0
    outer loop
      vertex 109.73 -12.2112 4
      vertex 109.295 -12.9381 130.351
      vertex 109.295 -12.9381 4
    endloop
  endfacet
  facet normal -0.740948 -0.671562 0
    outer loop
      vertex -32.6317 -14.2467 4
      vertex -33.2008 -13.6188 130.351
      vertex -33.2008 -13.6188 4
    endloop
  endfacet
  facet normal -0.740948 -0.671562 0
    outer loop
      vertex -33.2008 -13.6188 130.351
      vertex -32.6317 -14.2467 4
      vertex -32.6317 -14.2467 130.351
    endloop
  endfacet
  facet normal -0.998788 0.0492274 0
    outer loop
      vertex -35.161 14.271 4
      vertex -35.1489 14.5165 130.351
      vertex -35.1489 14.5165 4
    endloop
  endfacet
  facet normal -0.998788 0.0492274 0
    outer loop
      vertex -35.1489 14.5165 130.351
      vertex -35.161 14.271 4
      vertex -35.161 14.271 130.351
    endloop
  endfacet
  facet normal -1 0 0
    outer loop
      vertex -35.161 -8.1405 4
      vertex -35.161 14.271 130.351
      vertex -35.161 14.271 4
    endloop
  endfacet
  facet normal -1 -0 0
    outer loop
      vertex -35.161 14.271 130.351
      vertex -35.161 -8.1405 4
      vertex -35.161 -8.1405 130.351
    endloop
  endfacet
  facet normal -0.243205 0.969975 0
    outer loop
      vertex -33.1447 16.7279 4
      vertex -33.3832 16.6681 130.351
      vertex -33.1447 16.7279 130.351
    endloop
  endfacet
  facet normal -0.243205 0.969975 0
    outer loop
      vertex -33.3832 16.6681 130.351
      vertex -33.1447 16.7279 4
      vertex -33.3832 16.6681 4
    endloop
  endfacet
  facet normal 0.595574 -0.8033 0
    outer loop
      vertex 106.912 -15.3207 4
      vertex 107.593 -14.8158 130.351
      vertex 106.912 -15.3207 130.351
    endloop
  endfacet
  facet normal 0.595574 -0.8033 0
    outer loop
      vertex 107.593 -14.8158 130.351
      vertex 106.912 -15.3207 4
      vertex 107.593 -14.8158 4
    endloop
  endfacet
  facet normal -0.857774 -0.514027 0
    outer loop
      vertex -33.7057 -12.9381 4
      vertex -34.1413 -12.2112 130.351
      vertex -34.1413 -12.2112 4
    endloop
  endfacet
  facet normal -0.857774 -0.514027 0
    outer loop
      vertex -34.1413 -12.2112 130.351
      vertex -33.7057 -12.9381 4
      vertex -33.7057 -12.9381 130.351
    endloop
  endfacet
  facet normal 0.427894 0.903829 -0
    outer loop
      vertex 109.426 16.4802 4
      vertex 109.204 16.5853 130.351
      vertex 109.426 16.4802 130.351
    endloop
  endfacet
  facet normal 0.427894 0.903829 0
    outer loop
      vertex 109.204 16.5853 130.351
      vertex 109.426 16.4802 4
      vertex 109.204 16.5853 4
    endloop
  endfacet
  facet normal 0.998808 0.0488215 0
    outer loop
      vertex 110.75 14.271 130.351
      vertex 110.738 14.5165 4
      vertex 110.738 14.5165 130.351
    endloop
  endfacet
  facet normal 0.998808 0.0488215 0
    outer loop
      vertex 110.738 14.5165 4
      vertex 110.75 14.271 130.351
      vertex 110.75 14.271 4
    endloop
  endfacet
  facet normal -0.595744 -0.803175 0
    outer loop
      vertex -32.0038 -14.8158 4
      vertex -31.3231 -15.3207 130.351
      vertex -32.0038 -14.8158 130.351
    endloop
  endfacet
  facet normal -0.595744 -0.803175 -0
    outer loop
      vertex -31.3231 -15.3207 130.351
      vertex -32.0038 -14.8158 4
      vertex -31.3231 -15.3207 4
    endloop
  endfacet
  facet normal 0.989221 0.146431 0
    outer loop
      vertex 110.738 14.5165 130.351
      vertex 110.702 14.7597 4
      vertex 110.702 14.7597 130.351
    endloop
  endfacet
  facet normal 0.989221 0.146431 0
    outer loop
      vertex 110.702 14.7597 4
      vertex 110.738 14.5165 130.351
      vertex 110.738 14.5165 4
    endloop
  endfacet
  facet normal -0.857744 0.514077 0
    outer loop
      vertex -34.8652 15.4518 4
      vertex -34.7388 15.6627 130.351
      vertex -34.7388 15.6627 4
    endloop
  endfacet
  facet normal -0.857744 0.514077 0
    outer loop
      vertex -34.7388 15.6627 130.351
      vertex -34.8652 15.4518 4
      vertex -34.8652 15.4518 130.351
    endloop
  endfacet
  facet normal 0.989236 -0.146331 0
    outer loop
      vertex 110.584 -9.8252 130.351
      vertex 110.708 -8.98693 4
      vertex 110.708 -8.98693 130.351
    endloop
  endfacet
  facet normal 0.989236 -0.146331 0
    outer loop
      vertex 110.708 -8.98693 4
      vertex 110.584 -9.8252 130.351
      vertex 110.584 -9.8252 4
    endloop
  endfacet
  facet normal 0.903666 -0.428238 0
    outer loop
      vertex 109.73 -12.2112 130.351
      vertex 110.093 -11.4452 4
      vertex 110.093 -11.4452 130.351
    endloop
  endfacet
  facet normal 0.903666 -0.428238 0
    outer loop
      vertex 110.093 -11.4452 4
      vertex 109.73 -12.2112 130.351
      vertex 109.73 -12.2112 4
    endloop
  endfacet
  facet normal 0.904135 0.427247 0
    outer loop
      vertex 110.559 15.2296 130.351
      vertex 110.454 15.4518 4
      vertex 110.454 15.4518 130.351
    endloop
  endfacet
  facet normal 0.904135 0.427247 0
    outer loop
      vertex 110.454 15.4518 4
      vertex 110.559 15.2296 130.351
      vertex 110.559 15.2296 4
    endloop
  endfacet
  facet normal -0.0492274 0.998788 0
    outer loop
      vertex -32.656 16.776 4
      vertex -32.9015 16.7639 130.351
      vertex -32.656 16.776 130.351
    endloop
  endfacet
  facet normal -0.0492274 0.998788 0
    outer loop
      vertex -32.9015 16.7639 130.351
      vertex -32.656 16.776 4
      vertex -32.9015 16.7639 4
    endloop
  endfacet
  facet normal 0.513898 0.857851 -0
    outer loop
      vertex 109.637 16.3538 4
      vertex 109.426 16.4802 130.351
      vertex 109.637 16.3538 130.351
    endloop
  endfacet
  facet normal 0.513898 0.857851 0
    outer loop
      vertex 109.426 16.4802 130.351
      vertex 109.637 16.3538 4
      vertex 109.426 16.4802 4
    endloop
  endfacet
  facet normal 1 -0 0
    outer loop
      vertex 110.75 -8.1405 130.351
      vertex 110.75 14.271 4
      vertex 110.75 14.271 130.351
    endloop
  endfacet
  facet normal 1 0 0
    outer loop
      vertex 110.75 14.271 4
      vertex 110.75 -8.1405 130.351
      vertex 110.75 -8.1405 4
    endloop
  endfacet
  facet normal -0.146431 0.989221 0
    outer loop
      vertex -32.9015 16.7639 4
      vertex -33.1447 16.7279 130.351
      vertex -32.9015 16.7639 130.351
    endloop
  endfacet
  facet normal -0.146431 0.989221 0
    outer loop
      vertex -33.1447 16.7279 130.351
      vertex -32.9015 16.7639 4
      vertex -33.1447 16.7279 4
    endloop
  endfacet
  facet normal -0.740841 0.67168 0
    outer loop
      vertex -34.5924 15.8602 4
      vertex -34.4273 16.0423 130.351
      vertex -34.4273 16.0423 4
    endloop
  endfacet
  facet normal -0.740841 0.67168 0
    outer loop
      vertex -34.4273 16.0423 130.351
      vertex -34.5924 15.8602 4
      vertex -34.5924 15.8602 130.351
    endloop
  endfacet
  facet normal 0.858461 0.512879 0
    outer loop
      vertex 110.454 15.4518 130.351
      vertex 110.328 15.6627 4
      vertex 110.328 15.6627 130.351
    endloop
  endfacet
  facet normal 0.858461 0.512879 0
    outer loop
      vertex 110.328 15.6627 4
      vertex 110.454 15.4518 130.351
      vertex 110.454 15.4518 4
    endloop
  endfacet
  facet normal -0.336903 0.941539 0
    outer loop
      vertex -33.3832 16.6681 4
      vertex -33.6146 16.5853 130.351
      vertex -33.3832 16.6681 130.351
    endloop
  endfacet
  facet normal -0.336903 0.941539 0
    outer loop
      vertex -33.6146 16.5853 130.351
      vertex -33.3832 16.6681 4
      vertex -33.6146 16.5853 4
    endloop
  endfacet
  facet normal 0.671882 0.740658 -0
    outer loop
      vertex 110.016 16.0423 4
      vertex 109.834 16.2074 130.351
      vertex 110.016 16.0423 130.351
    endloop
  endfacet
  facet normal 0.671882 0.740658 0
    outer loop
      vertex 109.834 16.2074 130.351
      vertex 110.016 16.0423 4
      vertex 109.834 16.2074 4
    endloop
  endfacet
  facet normal 0.97001 -0.243063 0
    outer loop
      vertex 110.378 -10.6473 130.351
      vertex 110.584 -9.8252 4
      vertex 110.584 -9.8252 130.351
    endloop
  endfacet
  facet normal 0.97001 -0.243063 0
    outer loop
      vertex 110.584 -9.8252 4
      vertex 110.378 -10.6473 130.351
      vertex 110.378 -10.6473 4
    endloop
  endfacet
  facet normal -0.969975 0.243205 0
    outer loop
      vertex -35.1129 14.7597 4
      vertex -35.0531 14.9982 130.351
      vertex -35.0531 14.9982 4
    endloop
  endfacet
  facet normal -0.969975 0.243205 0
    outer loop
      vertex -35.0531 14.9982 130.351
      vertex -35.1129 14.7597 4
      vertex -35.1129 14.7597 130.351
    endloop
  endfacet
  facet normal -0.336872 -0.94155 0
    outer loop
      vertex -29.8302 -16.1187 4
      vertex -29.4185 -16.266 130.351
      vertex -29.8302 -16.1187 130.351
    endloop
  endfacet
  facet normal -0.336872 -0.94155 -0
    outer loop
      vertex -29.4185 -16.266 130.351
      vertex -29.8302 -16.1187 4
      vertex -29.4185 -16.266 4
    endloop
  endfacet
  facet normal 0.741044 0.671457 0
    outer loop
      vertex 110.181 15.8602 130.351
      vertex 110.016 16.0423 4
      vertex 110.016 16.0423 130.351
    endloop
  endfacet
  facet normal 0.741044 0.671457 0
    outer loop
      vertex 110.016 16.0423 4
      vertex 110.181 15.8602 130.351
      vertex 110.181 15.8602 4
    endloop
  endfacet
  facet normal -0.903978 0.427579 0
    outer loop
      vertex -34.9703 15.2296 4
      vertex -34.8652 15.4518 130.351
      vertex -34.8652 15.4518 4
    endloop
  endfacet
  facet normal -0.903978 0.427579 0
    outer loop
      vertex -34.8652 15.4518 130.351
      vertex -34.9703 15.2296 4
      vertex -34.9703 15.2296 130.351
    endloop
  endfacet
  facet normal 0.802188 0.597072 0
    outer loop
      vertex 110.328 15.6627 130.351
      vertex 110.181 15.8602 4
      vertex 110.181 15.8602 130.351
    endloop
  endfacet
  facet normal 0.802188 0.597072 0
    outer loop
      vertex 110.181 15.8602 4
      vertex 110.328 15.6627 130.351
      vertex 110.328 15.6627 4
    endloop
  endfacet
  facet normal 0.243686 0.969854 -0
    outer loop
      vertex 108.972 16.6681 4
      vertex 108.734 16.7279 130.351
      vertex 108.972 16.6681 130.351
    endloop
  endfacet
  facet normal 0.243686 0.969854 0
    outer loop
      vertex 108.734 16.7279 130.351
      vertex 108.972 16.6681 4
      vertex 108.734 16.7279 4
    endloop
  endfacet
  facet normal -0.514077 0.857744 0
    outer loop
      vertex -33.8368 16.4802 4
      vertex -34.0477 16.3538 130.351
      vertex -33.8368 16.4802 130.351
    endloop
  endfacet
  facet normal -0.514077 0.857744 0
    outer loop
      vertex -34.0477 16.3538 130.351
      vertex -33.8368 16.4802 4
      vertex -34.0477 16.3538 4
    endloop
  endfacet
  facet normal -0.989221 0.146431 0
    outer loop
      vertex -35.1489 14.5165 4
      vertex -35.1129 14.7597 130.351
      vertex -35.1129 14.7597 4
    endloop
  endfacet
  facet normal -0.989221 0.146431 0
    outer loop
      vertex -35.1129 14.7597 130.351
      vertex -35.1489 14.5165 4
      vertex -35.1489 14.5165 130.351
    endloop
  endfacet
  facet normal 0.941729 -0.336374 0
    outer loop
      vertex 110.093 -11.4452 130.351
      vertex 110.378 -10.6473 4
      vertex 110.378 -10.6473 130.351
    endloop
  endfacet
  facet normal 0.941729 -0.336374 0
    outer loop
      vertex 110.378 -10.6473 4
      vertex 110.093 -11.4452 130.351
      vertex 110.093 -11.4452 4
    endloop
  endfacet
  facet normal 0.42766 -0.90394 0
    outer loop
      vertex 105.419 -16.1187 4
      vertex 106.185 -15.7563 130.351
      vertex 105.419 -16.1187 130.351
    endloop
  endfacet
  facet normal 0.42766 -0.90394 0
    outer loop
      vertex 106.185 -15.7563 130.351
      vertex 105.419 -16.1187 4
      vertex 106.185 -15.7563 4
    endloop
  endfacet
  facet normal 0.146549 0.989203 -0
    outer loop
      vertex 108.734 16.7279 4
      vertex 108.491 16.7639 130.351
      vertex 108.734 16.7279 130.351
    endloop
  endfacet
  facet normal 0.146549 0.989203 0
    outer loop
      vertex 108.491 16.7639 130.351
      vertex 108.734 16.7279 4
      vertex 108.491 16.7639 4
    endloop
  endfacet
  facet normal -0.514027 -0.857774 0
    outer loop
      vertex -31.3231 -15.3207 4
      vertex -30.5962 -15.7563 130.351
      vertex -31.3231 -15.3207 130.351
    endloop
  endfacet
  facet normal -0.514027 -0.857774 -0
    outer loop
      vertex -30.5962 -15.7563 130.351
      vertex -31.3231 -15.3207 4
      vertex -30.5962 -15.7563 4
    endloop
  endfacet
  facet normal -0.803175 -0.595744 0
    outer loop
      vertex -33.2008 -13.6188 4
      vertex -33.7057 -12.9381 130.351
      vertex -33.7057 -12.9381 4
    endloop
  endfacet
  facet normal -0.803175 -0.595744 0
    outer loop
      vertex -33.7057 -12.9381 130.351
      vertex -33.2008 -13.6188 4
      vertex -33.2008 -13.6188 130.351
    endloop
  endfacet
  facet normal 0.0491276 0.998793 -0
    outer loop
      vertex 108.491 16.7639 4
      vertex 108.245 16.776 130.351
      vertex 108.491 16.7639 130.351
    endloop
  endfacet
  facet normal 0.0491276 0.998793 0
    outer loop
      vertex 108.245 16.776 130.351
      vertex 108.491 16.7639 4
      vertex 108.245 16.776 4
    endloop
  endfacet
  facet normal -0.941542 -0.336897 0
    outer loop
      vertex -34.5037 -11.4452 4
      vertex -34.7892 -10.6473 130.351
      vertex -34.7892 -10.6473 4
    endloop
  endfacet
  facet normal -0.941542 -0.336897 0
    outer loop
      vertex -34.7892 -10.6473 130.351
      vertex -34.5037 -11.4452 4
      vertex -34.5037 -11.4452 130.351
    endloop
  endfacet
  facet normal -0.67168 0.740841 0
    outer loop
      vertex -34.2452 16.2074 4
      vertex -34.4273 16.0423 130.351
      vertex -34.2452 16.2074 130.351
    endloop
  endfacet
  facet normal -0.67168 0.740841 0
    outer loop
      vertex -34.4273 16.0423 130.351
      vertex -34.2452 16.2074 4
      vertex -34.4273 16.0423 4
    endloop
  endfacet
  facet normal 0 0 1
    outer loop
      vertex -29.2561 -14.7328 130.351
      vertex -29.8302 -16.1187 130.351
      vertex -29.4185 -16.266 130.351
    endloop
  endfacet
  facet normal 0 0 1
    outer loop
      vertex -29.8892 -14.4334 130.351
      vertex -29.8302 -16.1187 130.351
      vertex -29.2561 -14.7328 130.351
    endloop
  endfacet
  facet normal 0 0 1
    outer loop
      vertex -30.5962 -15.7563 130.351
      vertex -29.8892 -14.4334 130.351
      vertex -30.4898 -14.0735 130.351
    endloop
  endfacet
  facet normal 0 0 1
    outer loop
      vertex -29.8892 -14.4334 130.351
      vertex -30.5962 -15.7563 130.351
      vertex -29.8302 -16.1187 130.351
    endloop
  endfacet
  facet normal 0 0 1
    outer loop
      vertex -31.3231 -15.3207 130.351
      vertex -30.4898 -14.0735 130.351
      vertex -31.0522 -13.6563 130.351
    endloop
  endfacet
  facet normal 0 0 1
    outer loop
      vertex -30.4898 -14.0735 130.351
      vertex -31.3231 -15.3207 130.351
      vertex -30.5962 -15.7563 130.351
    endloop
  endfacet
  facet normal 0 0 1
    outer loop
      vertex -32.0038 -14.8158 130.351
      vertex -31.0522 -13.6563 130.351
      vertex -31.5711 -13.1861 130.351
    endloop
  endfacet
  facet normal 0 0 1
    outer loop
      vertex -31.0522 -13.6563 130.351
      vertex -32.0038 -14.8158 130.351
      vertex -31.3231 -15.3207 130.351
    endloop
  endfacet
  facet normal 0 0 1
    outer loop
      vertex -32.6317 -14.2467 130.351
      vertex -31.5711 -13.1861 130.351
      vertex -32.0413 -12.6672 130.351
    endloop
  endfacet
  facet normal 0 0 1
    outer loop
      vertex -33.2008 -13.6188 130.351
      vertex -32.0413 -12.6672 130.351
      vertex -32.4585 -12.1048 130.351
    endloop
  endfacet
  facet normal 0 0 1
    outer loop
      vertex -31.5711 -13.1861 130.351
      vertex -32.6317 -14.2467 130.351
      vertex -32.0038 -14.8158 130.351
    endloop
  endfacet
  facet normal 0 0 1
    outer loop
      vertex -33.7057 -12.9381 130.351
      vertex -32.4585 -12.1048 130.351
      vertex -32.8185 -11.5042 130.351
    endloop
  endfacet
  facet normal 0 0 1
    outer loop
      vertex -34.1413 -12.2112 130.351
      vertex -32.8185 -11.5042 130.351
      vertex -33.1178 -10.8711 130.351
    endloop
  endfacet
  facet normal 0 0 1
    outer loop
      vertex -32.0413 -12.6672 130.351
      vertex -33.2008 -13.6188 130.351
      vertex -32.6317 -14.2467 130.351
    endloop
  endfacet
  facet normal 0 0 1
    outer loop
      vertex -34.5037 -11.4452 130.351
      vertex -33.1178 -10.8711 130.351
      vertex -33.3537 -10.2118 130.351
    endloop
  endfacet
  facet normal 0 0 1
    outer loop
      vertex -34.7892 -10.6473 130.351
      vertex -33.3537 -10.2118 130.351
      vertex -33.5239 -9.53257 130.351
    endloop
  endfacet
  facet normal 0 0 1
    outer loop
      vertex -34.9951 -9.8252 130.351
      vertex -33.5239 -9.53257 130.351
      vertex -33.6266 -8.8399 130.351
    endloop
  endfacet
  facet normal 0 0 1
    outer loop
      vertex -32.4585 -12.1048 130.351
      vertex -33.7057 -12.9381 130.351
      vertex -33.2008 -13.6188 130.351
    endloop
  endfacet
  facet normal 0 0 1
    outer loop
      vertex -35.1194 -8.98693 130.351
      vertex -33.6266 -8.8399 130.351
      vertex -33.661 -8.1405 130.351
    endloop
  endfacet
  facet normal -0 0 1
    outer loop
      vertex -26.4185 -15.276 130.351
      vertex 102.007 -16.776 130.351
      vertex 102.007 -15.276 130.351
    endloop
  endfacet
  facet normal 0 0 1
    outer loop
      vertex -26.4185 -15.276 130.351
      vertex -26.4185 -16.776 130.351
      vertex 102.007 -16.776 130.351
    endloop
  endfacet
  facet normal -0 0 1
    outer loop
      vertex -26.5255 -15.276 130.351
      vertex -26.4185 -16.776 130.351
      vertex -26.4185 -15.276 130.351
    endloop
  endfacet
  facet normal 0 0 1
    outer loop
      vertex -27.2249 -15.2416 130.351
      vertex -26.4185 -16.776 130.351
      vertex -26.5255 -15.276 130.351
    endloop
  endfacet
  facet normal 0 0 1
    outer loop
      vertex -27.9176 -15.1389 130.351
      vertex -26.4185 -16.776 130.351
      vertex -27.2249 -15.2416 130.351
    endloop
  endfacet
  facet normal 0 0 1
    outer loop
      vertex -26.4185 -16.776 130.351
      vertex -27.9176 -15.1389 130.351
      vertex -29.4185 -16.266 130.351
    endloop
  endfacet
  facet normal 0 0 1
    outer loop
      vertex -29.4185 -16.266 130.351
      vertex -27.9176 -15.1389 130.351
      vertex -28.5968 -14.9687 130.351
    endloop
  endfacet
  facet normal 0 0 1
    outer loop
      vertex -29.4185 -16.266 130.351
      vertex -28.5968 -14.9687 130.351
      vertex -29.2561 -14.7328 130.351
    endloop
  endfacet
  facet normal 0 0 1
    outer loop
      vertex -29.4185 -22.225 130.351
      vertex -26.4185 -16.776 130.351
      vertex -29.4185 -16.266 130.351
    endloop
  endfacet
  facet normal 0 0 1
    outer loop
      vertex -26.4185 -16.776 130.351
      vertex -29.4185 -22.225 130.351
      vertex -26.4185 -22.225 130.351
    endloop
  endfacet
  facet normal 0 0 1
    outer loop
      vertex 109.25 14.271 130.351
      vertex 110.75 14.271 130.351
      vertex 110.738 14.5165 130.351
    endloop
  endfacet
  facet normal 0 0 1
    outer loop
      vertex 110.75 14.271 130.351
      vertex 109.25 14.271 130.351
      vertex 110.75 -8.1405 130.351
    endloop
  endfacet
  facet normal 0 0 1
    outer loop
      vertex 109.245 14.3695 130.351
      vertex 110.738 14.5165 130.351
      vertex 110.702 14.7597 130.351
    endloop
  endfacet
  facet normal 0 0 1
    outer loop
      vertex 109.231 14.4671 130.351
      vertex 110.702 14.7597 130.351
      vertex 110.642 14.9982 130.351
    endloop
  endfacet
  facet normal 0 0 1
    outer loop
      vertex 110.75 -8.1405 130.351
      vertex 109.25 -8.1405 130.351
      vertex 110.708 -8.98693 130.351
    endloop
  endfacet
  facet normal 0 0 1
    outer loop
      vertex 109.207 14.5627 130.351
      vertex 110.642 14.9982 130.351
      vertex 110.559 15.2296 130.351
    endloop
  endfacet
  facet normal 0 0 1
    outer loop
      vertex 109.174 14.6556 130.351
      vertex 110.559 15.2296 130.351
      vertex 110.454 15.4518 130.351
    endloop
  endfacet
  facet normal -0 0 1
    outer loop
      vertex 109.216 -8.8399 130.351
      vertex 110.708 -8.98693 130.351
      vertex 109.25 -8.1405 130.351
    endloop
  endfacet
  facet normal 0 0 1
    outer loop
      vertex 109.131 14.7448 130.351
      vertex 110.454 15.4518 130.351
      vertex 110.328 15.6627 130.351
    endloop
  endfacet
  facet normal 0 0 1
    outer loop
      vertex 109.081 14.8293 130.351
      vertex 110.328 15.6627 130.351
      vertex 110.181 15.8602 130.351
    endloop
  endfacet
  facet normal 0 0 1
    outer loop
      vertex 110.708 -8.98693 130.351
      vertex 109.216 -8.8399 130.351
      vertex 110.584 -9.8252 130.351
    endloop
  endfacet
  facet normal 0 0 1
    outer loop
      vertex 109.022 14.9086 130.351
      vertex 110.181 15.8602 130.351
      vertex 110.016 16.0423 130.351
    endloop
  endfacet
  facet normal 0 0 1
    outer loop
      vertex 108.956 14.9816 130.351
      vertex 110.016 16.0423 130.351
      vertex 109.834 16.2074 130.351
    endloop
  endfacet
  facet normal -0 0 1
    outer loop
      vertex 109.113 -9.53257 130.351
      vertex 110.584 -9.8252 130.351
      vertex 109.216 -8.8399 130.351
    endloop
  endfacet
  facet normal 0 0 1
    outer loop
      vertex 108.883 15.0479 130.351
      vertex 109.834 16.2074 130.351
      vertex 109.637 16.3538 130.351
    endloop
  endfacet
  facet normal 0 0 1
    outer loop
      vertex 108.803 15.1066 130.351
      vertex 109.637 16.3538 130.351
      vertex 109.426 16.4802 130.351
    endloop
  endfacet
  facet normal 0 0 1
    outer loop
      vertex 110.75 -8.1405 130.351
      vertex 109.25 14.271 130.351
      vertex 109.25 -8.1405 130.351
    endloop
  endfacet
  facet normal 0 0 1
    outer loop
      vertex 110.584 -9.8252 130.351
      vertex 109.113 -9.53257 130.351
      vertex 110.378 -10.6473 130.351
    endloop
  endfacet
  facet normal 0 0 1
    outer loop
      vertex 110.738 14.5165 130.351
      vertex 109.245 14.3695 130.351
      vertex 109.25 14.271 130.351
    endloop
  endfacet
  facet normal 0 0 1
    outer loop
      vertex 110.702 14.7597 130.351
      vertex 109.231 14.4671 130.351
      vertex 109.245 14.3695 130.351
    endloop
  endfacet
  facet normal 0 0 1
    outer loop
      vertex 110.642 14.9982 130.351
      vertex 109.207 14.5627 130.351
      vertex 109.231 14.4671 130.351
    endloop
  endfacet
  facet normal 0 0 1
    outer loop
      vertex 108.719 15.1573 130.351
      vertex 109.426 16.4802 130.351
      vertex 109.204 16.5853 130.351
    endloop
  endfacet
  facet normal 0 0 1
    outer loop
      vertex 110.559 15.2296 130.351
      vertex 109.174 14.6556 130.351
      vertex 109.207 14.5627 130.351
    endloop
  endfacet
  facet normal 0 0 1
    outer loop
      vertex 110.454 15.4518 130.351
      vertex 109.131 14.7448 130.351
      vertex 109.174 14.6556 130.351
    endloop
  endfacet
  facet normal 0 0 1
    outer loop
      vertex 110.328 15.6627 130.351
      vertex 109.081 14.8293 130.351
      vertex 109.131 14.7448 130.351
    endloop
  endfacet
  facet normal 0 0 1
    outer loop
      vertex 110.181 15.8602 130.351
      vertex 109.022 14.9086 130.351
      vertex 109.081 14.8293 130.351
    endloop
  endfacet
  facet normal 0 0 1
    outer loop
      vertex 108.63 15.1995 130.351
      vertex 109.204 16.5853 130.351
      vertex 108.972 16.6681 130.351
    endloop
  endfacet
  facet normal 0 0 1
    outer loop
      vertex 110.016 16.0423 130.351
      vertex 108.956 14.9816 130.351
      vertex 109.022 14.9086 130.351
    endloop
  endfacet
  facet normal 0 0 1
    outer loop
      vertex 109.834 16.2074 130.351
      vertex 108.883 15.0479 130.351
      vertex 108.956 14.9816 130.351
    endloop
  endfacet
  facet normal 0 0 1
    outer loop
      vertex 109.637 16.3538 130.351
      vertex 108.803 15.1066 130.351
      vertex 108.883 15.0479 130.351
    endloop
  endfacet
  facet normal 0 0 1
    outer loop
      vertex 108.537 15.2327 130.351
      vertex 108.972 16.6681 130.351
      vertex 108.734 16.7279 130.351
    endloop
  endfacet
  facet normal 0 0 1
    outer loop
      vertex 109.426 16.4802 130.351
      vertex 108.719 15.1573 130.351
      vertex 108.803 15.1066 130.351
    endloop
  endfacet
  facet normal 0 0 1
    outer loop
      vertex 109.204 16.5853 130.351
      vertex 108.63 15.1995 130.351
      vertex 108.719 15.1573 130.351
    endloop
  endfacet
  facet normal 0 0 1
    outer loop
      vertex 108.972 16.6681 130.351
      vertex 108.537 15.2327 130.351
      vertex 108.63 15.1995 130.351
    endloop
  endfacet
  facet normal 0 0 1
    outer loop
      vertex 108.441 15.2567 130.351
      vertex 108.734 16.7279 130.351
      vertex 108.491 16.7639 130.351
    endloop
  endfacet
  facet normal 0 0 1
    outer loop
      vertex 108.734 16.7279 130.351
      vertex 108.441 15.2567 130.351
      vertex 108.537 15.2327 130.351
    endloop
  endfacet
  facet normal 0 0 1
    outer loop
      vertex 108.491 16.7639 130.351
      vertex 108.344 15.2712 130.351
      vertex 108.441 15.2567 130.351
    endloop
  endfacet
  facet normal 0 0 1
    outer loop
      vertex 108.245 16.776 130.351
      vertex 108.344 15.2712 130.351
      vertex 108.491 16.7639 130.351
    endloop
  endfacet
  facet normal 0 0 1
    outer loop
      vertex 108.245 16.776 130.351
      vertex 108.245 15.276 130.351
      vertex 108.344 15.2712 130.351
    endloop
  endfacet
  facet normal -0 0 1
    outer loop
      vertex -32.656 16.776 130.351
      vertex 108.245 15.276 130.351
      vertex 108.245 16.776 130.351
    endloop
  endfacet
  facet normal 0 0 1
    outer loop
      vertex -32.656 16.776 130.351
      vertex -32.656 15.276 130.351
      vertex 108.245 15.276 130.351
    endloop
  endfacet
  facet normal 0 0 1
    outer loop
      vertex -32.656 16.776 130.351
      vertex -32.7545 15.2712 130.351
      vertex -32.656 15.276 130.351
    endloop
  endfacet
  facet normal -0 0 1
    outer loop
      vertex -32.9015 16.7639 130.351
      vertex -32.7545 15.2712 130.351
      vertex -32.656 16.776 130.351
    endloop
  endfacet
  facet normal 0 0 1
    outer loop
      vertex -32.7545 15.2712 130.351
      vertex -32.9015 16.7639 130.351
      vertex -32.8521 15.2567 130.351
    endloop
  endfacet
  facet normal -0 0 1
    outer loop
      vertex -33.1447 16.7279 130.351
      vertex -32.8521 15.2567 130.351
      vertex -32.9015 16.7639 130.351
    endloop
  endfacet
  facet normal 0 0 1
    outer loop
      vertex -32.8521 15.2567 130.351
      vertex -33.1447 16.7279 130.351
      vertex -32.9477 15.2327 130.351
    endloop
  endfacet
  facet normal -0 0 1
    outer loop
      vertex -33.3832 16.6681 130.351
      vertex -32.9477 15.2327 130.351
      vertex -33.1447 16.7279 130.351
    endloop
  endfacet
  facet normal 0 0 1
    outer loop
      vertex -32.9477 15.2327 130.351
      vertex -33.3832 16.6681 130.351
      vertex -33.0406 15.1995 130.351
    endloop
  endfacet
  facet normal -0 0 1
    outer loop
      vertex -33.6146 16.5853 130.351
      vertex -33.0406 15.1995 130.351
      vertex -33.3832 16.6681 130.351
    endloop
  endfacet
  facet normal 0 0 1
    outer loop
      vertex -33.0406 15.1995 130.351
      vertex -33.6146 16.5853 130.351
      vertex -33.1298 15.1573 130.351
    endloop
  endfacet
  facet normal -0 0 1
    outer loop
      vertex -33.8368 16.4802 130.351
      vertex -33.1298 15.1573 130.351
      vertex -33.6146 16.5853 130.351
    endloop
  endfacet
  facet normal 0 0 1
    outer loop
      vertex -33.1298 15.1573 130.351
      vertex -33.8368 16.4802 130.351
      vertex -33.2143 15.1066 130.351
    endloop
  endfacet
  facet normal -0 0 1
    outer loop
      vertex -34.0477 16.3538 130.351
      vertex -33.2143 15.1066 130.351
      vertex -33.8368 16.4802 130.351
    endloop
  endfacet
  facet normal 0 0 1
    outer loop
      vertex -33.2143 15.1066 130.351
      vertex -34.0477 16.3538 130.351
      vertex -33.2936 15.0479 130.351
    endloop
  endfacet
  facet normal -0 0 1
    outer loop
      vertex -34.2452 16.2074 130.351
      vertex -33.2936 15.0479 130.351
      vertex -34.0477 16.3538 130.351
    endloop
  endfacet
  facet normal 0 0 1
    outer loop
      vertex -33.2936 15.0479 130.351
      vertex -34.2452 16.2074 130.351
      vertex -33.3666 14.9816 130.351
    endloop
  endfacet
  facet normal -0 0 1
    outer loop
      vertex -34.4273 16.0423 130.351
      vertex -33.3666 14.9816 130.351
      vertex -34.2452 16.2074 130.351
    endloop
  endfacet
  facet normal 0 0 1
    outer loop
      vertex -33.3666 14.9816 130.351
      vertex -34.4273 16.0423 130.351
      vertex -33.4329 14.9086 130.351
    endloop
  endfacet
  facet normal -0 0 1
    outer loop
      vertex -34.5924 15.8602 130.351
      vertex -33.4329 14.9086 130.351
      vertex -34.4273 16.0423 130.351
    endloop
  endfacet
  facet normal 0 0 1
    outer loop
      vertex -33.4329 14.9086 130.351
      vertex -34.5924 15.8602 130.351
      vertex -33.4916 14.8293 130.351
    endloop
  endfacet
  facet normal -0 0 1
    outer loop
      vertex -34.7388 15.6627 130.351
      vertex -33.4916 14.8293 130.351
      vertex -34.5924 15.8602 130.351
    endloop
  endfacet
  facet normal 0 0 1
    outer loop
      vertex -35.161 -8.1405 130.351
      vertex -33.661 -8.1405 130.351
      vertex -33.661 14.271 130.351
    endloop
  endfacet
  facet normal 0 0 1
    outer loop
      vertex -33.4916 14.8293 130.351
      vertex -34.7388 15.6627 130.351
      vertex -33.5423 14.7448 130.351
    endloop
  endfacet
  facet normal -0 0 1
    outer loop
      vertex -34.8652 15.4518 130.351
      vertex -33.5423 14.7448 130.351
      vertex -34.7388 15.6627 130.351
    endloop
  endfacet
  facet normal 0 0 1
    outer loop
      vertex -33.5423 14.7448 130.351
      vertex -34.8652 15.4518 130.351
      vertex -33.5845 14.6556 130.351
    endloop
  endfacet
  facet normal 0 -0 1
    outer loop
      vertex -35.1194 -8.98693 130.351
      vertex -33.661 -8.1405 130.351
      vertex -35.161 -8.1405 130.351
    endloop
  endfacet
  facet normal -0 0 1
    outer loop
      vertex -34.9703 15.2296 130.351
      vertex -33.5845 14.6556 130.351
      vertex -34.8652 15.4518 130.351
    endloop
  endfacet
  facet normal 0 0 1
    outer loop
      vertex -33.5845 14.6556 130.351
      vertex -34.9703 15.2296 130.351
      vertex -33.6177 14.5627 130.351
    endloop
  endfacet
  facet normal 0 0 1
    outer loop
      vertex -32.8185 -11.5042 130.351
      vertex -34.1413 -12.2112 130.351
      vertex -33.7057 -12.9381 130.351
    endloop
  endfacet
  facet normal -0 0 1
    outer loop
      vertex -35.0531 14.9982 130.351
      vertex -33.6177 14.5627 130.351
      vertex -34.9703 15.2296 130.351
    endloop
  endfacet
  facet normal 0 0 1
    outer loop
      vertex -33.6177 14.5627 130.351
      vertex -35.0531 14.9982 130.351
      vertex -33.6417 14.4671 130.351
    endloop
  endfacet
  facet normal 0 0 1
    outer loop
      vertex -33.1178 -10.8711 130.351
      vertex -34.5037 -11.4452 130.351
      vertex -34.1413 -12.2112 130.351
    endloop
  endfacet
  facet normal -0 0 1
    outer loop
      vertex -35.1129 14.7597 130.351
      vertex -33.6417 14.4671 130.351
      vertex -35.0531 14.9982 130.351
    endloop
  endfacet
  facet normal 0 0 1
    outer loop
      vertex -33.6417 14.4671 130.351
      vertex -35.1129 14.7597 130.351
      vertex -33.6562 14.3695 130.351
    endloop
  endfacet
  facet normal 0 0 1
    outer loop
      vertex -33.3537 -10.2118 130.351
      vertex -34.7892 -10.6473 130.351
      vertex -34.5037 -11.4452 130.351
    endloop
  endfacet
  facet normal -0 0 1
    outer loop
      vertex -35.1489 14.5165 130.351
      vertex -33.6562 14.3695 130.351
      vertex -35.1129 14.7597 130.351
    endloop
  endfacet
  facet normal 0 0 1
    outer loop
      vertex -33.6562 14.3695 130.351
      vertex -35.1489 14.5165 130.351
      vertex -33.661 14.271 130.351
    endloop
  endfacet
  facet normal 0 0 1
    outer loop
      vertex -33.5239 -9.53257 130.351
      vertex -34.9951 -9.8252 130.351
      vertex -34.7892 -10.6473 130.351
    endloop
  endfacet
  facet normal 0 0 1
    outer loop
      vertex -33.661 14.271 130.351
      vertex -35.1489 14.5165 130.351
      vertex -35.161 14.271 130.351
    endloop
  endfacet
  facet normal 0 0 1
    outer loop
      vertex -33.661 14.271 130.351
      vertex -35.161 14.271 130.351
      vertex -35.161 -8.1405 130.351
    endloop
  endfacet
  facet normal 0 0 1
    outer loop
      vertex -33.6266 -8.8399 130.351
      vertex -35.1194 -8.98693 130.351
      vertex -34.9951 -9.8252 130.351
    endloop
  endfacet
  facet normal -0 0 1
    outer loop
      vertex 108.943 -10.2118 130.351
      vertex 110.378 -10.6473 130.351
      vertex 109.113 -9.53257 130.351
    endloop
  endfacet
  facet normal 0 0 1
    outer loop
      vertex 110.378 -10.6473 130.351
      vertex 108.943 -10.2118 130.351
      vertex 110.093 -11.4452 130.351
    endloop
  endfacet
  facet normal -0 0 1
    outer loop
      vertex 108.707 -10.8711 130.351
      vertex 110.093 -11.4452 130.351
      vertex 108.943 -10.2118 130.351
    endloop
  endfacet
  facet normal 0 0 1
    outer loop
      vertex 110.093 -11.4452 130.351
      vertex 108.707 -10.8711 130.351
      vertex 109.73 -12.2112 130.351
    endloop
  endfacet
  facet normal -0 0 1
    outer loop
      vertex 108.407 -11.5042 130.351
      vertex 109.73 -12.2112 130.351
      vertex 108.707 -10.8711 130.351
    endloop
  endfacet
  facet normal 0 0 1
    outer loop
      vertex 109.73 -12.2112 130.351
      vertex 108.407 -11.5042 130.351
      vertex 109.295 -12.9381 130.351
    endloop
  endfacet
  facet normal -0 0 1
    outer loop
      vertex 108.047 -12.1048 130.351
      vertex 109.295 -12.9381 130.351
      vertex 108.407 -11.5042 130.351
    endloop
  endfacet
  facet normal 0 0 1
    outer loop
      vertex 109.295 -12.9381 130.351
      vertex 108.047 -12.1048 130.351
      vertex 108.79 -13.6188 130.351
    endloop
  endfacet
  facet normal -0 0 1
    outer loop
      vertex 107.63 -12.6672 130.351
      vertex 108.79 -13.6188 130.351
      vertex 108.047 -12.1048 130.351
    endloop
  endfacet
  facet normal 0 0 1
    outer loop
      vertex 108.79 -13.6188 130.351
      vertex 107.63 -12.6672 130.351
      vertex 108.221 -14.2467 130.351
    endloop
  endfacet
  facet normal -0 0 1
    outer loop
      vertex 107.16 -13.1861 130.351
      vertex 108.221 -14.2467 130.351
      vertex 107.63 -12.6672 130.351
    endloop
  endfacet
  facet normal 0 0 1
    outer loop
      vertex 108.221 -14.2467 130.351
      vertex 107.16 -13.1861 130.351
      vertex 107.593 -14.8158 130.351
    endloop
  endfacet
  facet normal -0 0 1
    outer loop
      vertex 106.641 -13.6563 130.351
      vertex 107.593 -14.8158 130.351
      vertex 107.16 -13.1861 130.351
    endloop
  endfacet
  facet normal 0 0 1
    outer loop
      vertex 107.593 -14.8158 130.351
      vertex 106.641 -13.6563 130.351
      vertex 106.912 -15.3207 130.351
    endloop
  endfacet
  facet normal -0 0 1
    outer loop
      vertex 106.079 -14.0735 130.351
      vertex 106.912 -15.3207 130.351
      vertex 106.641 -13.6563 130.351
    endloop
  endfacet
  facet normal 0 0 1
    outer loop
      vertex 106.912 -15.3207 130.351
      vertex 106.079 -14.0735 130.351
      vertex 106.185 -15.7563 130.351
    endloop
  endfacet
  facet normal -0 0 1
    outer loop
      vertex 105.478 -14.4334 130.351
      vertex 106.185 -15.7563 130.351
      vertex 106.079 -14.0735 130.351
    endloop
  endfacet
  facet normal 0 0 1
    outer loop
      vertex 105.478 -14.4334 130.351
      vertex 105.419 -16.1187 130.351
      vertex 106.185 -15.7563 130.351
    endloop
  endfacet
  facet normal -0 0 1
    outer loop
      vertex 104.845 -14.7328 130.351
      vertex 105.419 -16.1187 130.351
      vertex 105.478 -14.4334 130.351
    endloop
  endfacet
  facet normal 0 0 1
    outer loop
      vertex 105.419 -16.1187 130.351
      vertex 104.845 -14.7328 130.351
      vertex 105.007 -16.266 130.351
    endloop
  endfacet
  facet normal -0 0 1
    outer loop
      vertex 104.186 -14.9687 130.351
      vertex 105.007 -16.266 130.351
      vertex 104.845 -14.7328 130.351
    endloop
  endfacet
  facet normal -0 0 1
    outer loop
      vertex 103.507 -15.1389 130.351
      vertex 105.007 -16.266 130.351
      vertex 104.186 -14.9687 130.351
    endloop
  endfacet
  facet normal 0 0 1
    outer loop
      vertex 105.007 -16.266 130.351
      vertex 103.507 -15.1389 130.351
      vertex 102.007 -16.776 130.351
    endloop
  endfacet
  facet normal 0 0 1
    outer loop
      vertex 102.007 -16.776 130.351
      vertex 103.507 -15.1389 130.351
      vertex 102.814 -15.2416 130.351
    endloop
  endfacet
  facet normal 0 0 1
    outer loop
      vertex 102.007 -16.776 130.351
      vertex 102.814 -15.2416 130.351
      vertex 102.115 -15.276 130.351
    endloop
  endfacet
  facet normal 0 0 1
    outer loop
      vertex 102.007 -16.776 130.351
      vertex 102.115 -15.276 130.351
      vertex 102.007 -15.276 130.351
    endloop
  endfacet
  facet normal 0 0 1
    outer loop
      vertex 105.007 -16.266 130.351
      vertex 102.007 -16.776 130.351
      vertex 105.007 -22.225 130.351
    endloop
  endfacet
  facet normal 0 0 1
    outer loop
      vertex 105.007 -22.225 130.351
      vertex 102.007 -16.776 130.351
      vertex 102.007 -22.225 130.351
    endloop
  endfacet
  facet normal -0.90394 -0.42766 0
    outer loop
      vertex -34.1413 -12.2112 4
      vertex -34.5037 -11.4452 130.351
      vertex -34.5037 -11.4452 4
    endloop
  endfacet
  facet normal -0.90394 -0.42766 0
    outer loop
      vertex -34.5037 -11.4452 130.351
      vertex -34.1413 -12.2112 4
      vertex -34.1413 -12.2112 130.351
    endloop
  endfacet
  facet normal 0.513975 -0.857805 0
    outer loop
      vertex 106.185 -15.7563 4
      vertex 106.912 -15.3207 130.351
      vertex 106.185 -15.7563 130.351
    endloop
  endfacet
  facet normal 0.513975 -0.857805 0
    outer loop
      vertex 106.912 -15.3207 130.351
      vertex 106.185 -15.7563 4
      vertex 106.912 -15.3207 4
    endloop
  endfacet
  facet normal 0.741007 -0.671497 0
    outer loop
      vertex 108.221 -14.2467 130.351
      vertex 108.79 -13.6188 4
      vertex 108.79 -13.6188 130.351
    endloop
  endfacet
  facet normal 0.741007 -0.671497 0
    outer loop
      vertex 108.79 -13.6188 4
      vertex 108.221 -14.2467 130.351
      vertex 108.221 -14.2467 4
    endloop
  endfacet
  facet normal 0.803118 -0.59582 0
    outer loop
      vertex 108.79 -13.6188 130.351
      vertex 109.295 -12.9381 4
      vertex 109.295 -12.9381 130.351
    endloop
  endfacet
  facet normal 0.803118 -0.59582 0
    outer loop
      vertex 109.295 -12.9381 4
      vertex 108.79 -13.6188 130.351
      vertex 108.79 -13.6188 4
    endloop
  endfacet
  facet normal -0.42766 -0.90394 0
    outer loop
      vertex -30.5962 -15.7563 4
      vertex -29.8302 -16.1187 130.351
      vertex -30.5962 -15.7563 130.351
    endloop
  endfacet
  facet normal -0.42766 -0.90394 -0
    outer loop
      vertex -29.8302 -16.1187 130.351
      vertex -30.5962 -15.7563 4
      vertex -29.8302 -16.1187 4
    endloop
  endfacet
  facet normal -0.671562 -0.740948 0
    outer loop
      vertex -32.6317 -14.2467 4
      vertex -32.0038 -14.8158 130.351
      vertex -32.6317 -14.2467 130.351
    endloop
  endfacet
  facet normal -0.671562 -0.740948 -0
    outer loop
      vertex -32.0038 -14.8158 130.351
      vertex -32.6317 -14.2467 4
      vertex -32.0038 -14.8158 4
    endloop
  endfacet
  facet normal -0.970038 -0.242952 0
    outer loop
      vertex -34.7892 -10.6473 4
      vertex -34.9951 -9.8252 130.351
      vertex -34.9951 -9.8252 4
    endloop
  endfacet
  facet normal -0.970038 -0.242952 0
    outer loop
      vertex -34.9951 -9.8252 130.351
      vertex -34.7892 -10.6473 4
      vertex -34.7892 -10.6473 130.351
    endloop
  endfacet
  facet normal 0.426822 0.904336 -0
    outer loop
      vertex -122.256 12.8724 0
      vertex -122.545 13.0088 4
      vertex -122.256 12.8724 4
    endloop
  endfacet
  facet normal 0.426822 0.904336 0
    outer loop
      vertex -122.545 13.0088 4
      vertex -122.256 12.8724 0
      vertex -122.545 13.0088 0
    endloop
  endfacet
  facet normal 0.989079 0.14739 0
    outer loop
      vertex -124.2 15.241 4
      vertex -124.247 15.5564 0
      vertex -124.247 15.5564 4
    endloop
  endfacet
  facet normal 0.989079 0.14739 0
    outer loop
      vertex -124.247 15.5564 0
      vertex -124.2 15.241 4
      vertex -124.2 15.241 0
    endloop
  endfacet
  facet normal 0.989079 -0.14739 0
    outer loop
      vertex -124.247 16.1936 4
      vertex -124.2 16.509 0
      vertex -124.2 16.509 4
    endloop
  endfacet
  facet normal 0.989079 -0.14739 0
    outer loop
      vertex -124.2 16.509 0
      vertex -124.247 16.1936 4
      vertex -124.247 16.1936 0
    endloop
  endfacet
  facet normal 0.998894 0.0470289 0
    outer loop
      vertex -124.247 15.5564 4
      vertex -124.262 15.875 0
      vertex -124.262 15.875 4
    endloop
  endfacet
  facet normal 0.998894 0.0470289 0
    outer loop
      vertex -124.262 15.875 0
      vertex -124.247 15.5564 4
      vertex -124.247 15.5564 0
    endloop
  endfacet
  facet normal -0.940995 0.33842 0
    outer loop
      vertex -112.51 14.6313 0
      vertex -112.402 14.9316 4
      vertex -112.402 14.9316 0
    endloop
  endfacet
  facet normal -0.940995 0.33842 0
    outer loop
      vertex -112.402 14.9316 4
      vertex -112.51 14.6313 0
      vertex -112.51 14.6313 4
    endloop
  endfacet
  facet normal -0.803224 0.595677 0
    outer loop
      vertex -113 13.8132 0
      vertex -112.81 14.0694 4
      vertex -112.81 14.0694 0
    endloop
  endfacet
  facet normal -0.803224 0.595677 0
    outer loop
      vertex -112.81 14.0694 4
      vertex -113 13.8132 0
      vertex -113 13.8132 4
    endloop
  endfacet
  facet normal 0.243274 0.969958 -0
    outer loop
      vertex -121.647 12.6874 0
      vertex -121.956 12.7649 4
      vertex -121.647 12.6874 4
    endloop
  endfacet
  facet normal 0.243274 0.969958 0
    outer loop
      vertex -121.956 12.7649 4
      vertex -121.647 12.6874 0
      vertex -121.956 12.7649 0
    endloop
  endfacet
  facet normal -0.243274 -0.969958 0
    outer loop
      vertex -114.878 19.0626 0
      vertex -114.569 18.9851 4
      vertex -114.878 19.0626 4
    endloop
  endfacet
  facet normal -0.243274 -0.969958 -0
    outer loop
      vertex -114.569 18.9851 4
      vertex -114.878 19.0626 0
      vertex -114.569 18.9851 0
    endloop
  endfacet
  facet normal -0.9704 0.241502 0
    outer loop
      vertex -112.402 14.9316 0
      vertex -112.325 15.241 4
      vertex -112.325 15.241 0
    endloop
  endfacet
  facet normal -0.9704 0.241502 0
    outer loop
      vertex -112.325 15.241 4
      vertex -112.402 14.9316 0
      vertex -112.402 14.9316 4
    endloop
  endfacet
  facet normal 0.998894 -0.0470289 0
    outer loop
      vertex -124.262 15.875 4
      vertex -124.247 16.1936 0
      vertex -124.247 16.1936 4
    endloop
  endfacet
  facet normal 0.998894 -0.0470289 0
    outer loop
      vertex -124.247 16.1936 0
      vertex -124.262 15.875 4
      vertex -124.262 15.875 0
    endloop
  endfacet
  facet normal 0.146503 -0.98921 0
    outer loop
      vertex -121.647 19.0626 0
      vertex -121.331 19.1094 4
      vertex -121.647 19.0626 4
    endloop
  endfacet
  facet normal 0.146503 -0.98921 0
    outer loop
      vertex -121.331 19.1094 4
      vertex -121.647 19.0626 0
      vertex -121.331 19.1094 0
    endloop
  endfacet
  facet normal 0 -1 0
    outer loop
      vertex -121.012 19.125 0
      vertex -115.512 19.125 4
      vertex -121.012 19.125 4
    endloop
  endfacet
  facet normal 0 -1 -0
    outer loop
      vertex -115.512 19.125 4
      vertex -121.012 19.125 0
      vertex -115.512 19.125 0
    endloop
  endfacet
  facet normal -0.857714 -0.514127 0
    outer loop
      vertex -112.646 17.407 0
      vertex -112.81 17.6806 4
      vertex -112.81 17.6806 0
    endloop
  endfacet
  facet normal -0.857714 -0.514127 0
    outer loop
      vertex -112.81 17.6806 4
      vertex -112.646 17.407 0
      vertex -112.646 17.407 4
    endloop
  endfacet
  facet normal -0.243274 0.969958 0
    outer loop
      vertex -114.569 12.7649 0
      vertex -114.878 12.6874 4
      vertex -114.569 12.7649 4
    endloop
  endfacet
  facet normal -0.243274 0.969958 0
    outer loop
      vertex -114.878 12.6874 4
      vertex -114.569 12.7649 0
      vertex -114.878 12.6874 0
    endloop
  endfacet
  facet normal 0.0488445 -0.998806 0
    outer loop
      vertex -121.331 19.1094 0
      vertex -121.012 19.125 4
      vertex -121.331 19.1094 4
    endloop
  endfacet
  facet normal 0.0488445 -0.998806 0
    outer loop
      vertex -121.012 19.125 4
      vertex -121.331 19.1094 0
      vertex -121.012 19.125 0
    endloop
  endfacet
  facet normal 0.595977 0.803001 -0
    outer loop
      vertex -122.818 13.1727 0
      vertex -123.074 13.3627 4
      vertex -122.818 13.1727 4
    endloop
  endfacet
  facet normal 0.595977 0.803001 0
    outer loop
      vertex -123.074 13.3627 4
      vertex -122.818 13.1727 0
      vertex -123.074 13.3627 0
    endloop
  endfacet
  facet normal 0.243274 -0.969958 0
    outer loop
      vertex -121.956 18.9851 0
      vertex -121.647 19.0626 4
      vertex -121.956 18.9851 4
    endloop
  endfacet
  facet normal 0.243274 -0.969958 0
    outer loop
      vertex -121.647 19.0626 4
      vertex -121.956 18.9851 0
      vertex -121.647 19.0626 0
    endloop
  endfacet
  facet normal 0.741216 -0.671266 0
    outer loop
      vertex -123.525 17.9368 4
      vertex -123.311 18.1731 0
      vertex -123.311 18.1731 4
    endloop
  endfacet
  facet normal 0.741216 -0.671266 0
    outer loop
      vertex -123.311 18.1731 0
      vertex -123.525 17.9368 4
      vertex -123.525 17.9368 0
    endloop
  endfacet
  facet normal -0.595977 0.803001 0
    outer loop
      vertex -113.451 13.3627 0
      vertex -113.707 13.1727 4
      vertex -113.451 13.3627 4
    endloop
  endfacet
  facet normal -0.595977 0.803001 0
    outer loop
      vertex -113.707 13.1727 4
      vertex -113.451 13.3627 0
      vertex -113.707 13.1727 0
    endloop
  endfacet
  facet normal -0.998741 -0.0501565 0
    outer loop
      vertex -112.262 15.875 0
      vertex -112.278 16.1936 4
      vertex -112.278 16.1936 0
    endloop
  endfacet
  facet normal -0.998741 -0.0501565 0
    outer loop
      vertex -112.278 16.1936 4
      vertex -112.262 15.875 0
      vertex -112.262 15.875 4
    endloop
  endfacet
  facet normal 0.857714 -0.514127 0
    outer loop
      vertex -123.879 17.407 4
      vertex -123.715 17.6806 0
      vertex -123.715 17.6806 4
    endloop
  endfacet
  facet normal 0.857714 -0.514127 0
    outer loop
      vertex -123.715 17.6806 0
      vertex -123.879 17.407 4
      vertex -123.879 17.407 0
    endloop
  endfacet
  facet normal 0.514727 0.857354 -0
    outer loop
      vertex -122.545 13.0088 0
      vertex -122.818 13.1727 4
      vertex -122.545 13.0088 4
    endloop
  endfacet
  facet normal 0.514727 0.857354 0
    outer loop
      vertex -122.818 13.1727 4
      vertex -122.545 13.0088 0
      vertex -122.818 13.1727 0
    endloop
  endfacet
  facet normal -0.857714 0.514127 0
    outer loop
      vertex -112.81 14.0694 0
      vertex -112.646 14.343 4
      vertex -112.646 14.343 0
    endloop
  endfacet
  facet normal -0.857714 0.514127 0
    outer loop
      vertex -112.646 14.343 4
      vertex -112.81 14.0694 0
      vertex -112.81 14.0694 4
    endloop
  endfacet
  facet normal 0.33733 0.941386 -0
    outer loop
      vertex -121.956 12.7649 0
      vertex -122.256 12.8724 4
      vertex -121.956 12.7649 4
    endloop
  endfacet
  facet normal 0.33733 0.941386 0
    outer loop
      vertex -122.256 12.8724 4
      vertex -121.956 12.7649 0
      vertex -122.256 12.8724 0
    endloop
  endfacet
  facet normal 0 1 -0
    outer loop
      vertex -115.512 12.625 0
      vertex -121.012 12.625 4
      vertex -115.512 12.625 4
    endloop
  endfacet
  facet normal 0 1 0
    outer loop
      vertex -121.012 12.625 4
      vertex -115.512 12.625 0
      vertex -121.012 12.625 0
    endloop
  endfacet
  facet normal -0.514727 -0.857354 0
    outer loop
      vertex -113.98 18.7412 0
      vertex -113.707 18.5773 4
      vertex -113.98 18.7412 4
    endloop
  endfacet
  facet normal -0.514727 -0.857354 -0
    outer loop
      vertex -113.707 18.5773 4
      vertex -113.98 18.7412 0
      vertex -113.707 18.5773 0
    endloop
  endfacet
  facet normal 0.33733 -0.941386 0
    outer loop
      vertex -122.256 18.8776 0
      vertex -121.956 18.9851 4
      vertex -122.256 18.8776 4
    endloop
  endfacet
  facet normal 0.33733 -0.941386 0
    outer loop
      vertex -121.956 18.9851 4
      vertex -122.256 18.8776 0
      vertex -121.956 18.9851 0
    endloop
  endfacet
  facet normal 0.426822 -0.904336 0
    outer loop
      vertex -122.545 18.7412 0
      vertex -122.256 18.8776 4
      vertex -122.545 18.7412 4
    endloop
  endfacet
  facet normal 0.426822 -0.904336 0
    outer loop
      vertex -122.256 18.8776 4
      vertex -122.545 18.7412 0
      vertex -122.256 18.8776 0
    endloop
  endfacet
  facet normal -0.146503 -0.98921 0
    outer loop
      vertex -115.194 19.1094 0
      vertex -114.878 19.0626 4
      vertex -115.194 19.1094 4
    endloop
  endfacet
  facet normal -0.146503 -0.98921 -0
    outer loop
      vertex -114.878 19.0626 4
      vertex -115.194 19.1094 0
      vertex -114.878 19.0626 0
    endloop
  endfacet
  facet normal -0.989079 -0.14739 0
    outer loop
      vertex -112.278 16.1936 0
      vertex -112.325 16.509 4
      vertex -112.325 16.509 0
    endloop
  endfacet
  facet normal -0.989079 -0.14739 0
    outer loop
      vertex -112.325 16.509 4
      vertex -112.278 16.1936 0
      vertex -112.278 16.1936 4
    endloop
  endfacet
  facet normal -0.33733 0.941386 0
    outer loop
      vertex -114.269 12.8724 0
      vertex -114.569 12.7649 4
      vertex -114.269 12.8724 4
    endloop
  endfacet
  facet normal -0.33733 0.941386 0
    outer loop
      vertex -114.569 12.7649 4
      vertex -114.269 12.8724 0
      vertex -114.569 12.7649 0
    endloop
  endfacet
  facet normal -0.741216 -0.671266 0
    outer loop
      vertex -113 17.9368 0
      vertex -113.214 18.1731 4
      vertex -113.214 18.1731 0
    endloop
  endfacet
  facet normal -0.741216 -0.671266 0
    outer loop
      vertex -113.214 18.1731 4
      vertex -113 17.9368 0
      vertex -113 17.9368 4
    endloop
  endfacet
  facet normal -0.989079 0.14739 0
    outer loop
      vertex -112.325 15.241 0
      vertex -112.278 15.5564 4
      vertex -112.278 15.5564 0
    endloop
  endfacet
  facet normal -0.989079 0.14739 0
    outer loop
      vertex -112.278 15.5564 4
      vertex -112.325 15.241 0
      vertex -112.325 15.241 4
    endloop
  endfacet
  facet normal 0.803224 -0.595677 0
    outer loop
      vertex -123.715 17.6806 4
      vertex -123.525 17.9368 0
      vertex -123.525 17.9368 4
    endloop
  endfacet
  facet normal 0.803224 -0.595677 0
    outer loop
      vertex -123.525 17.9368 0
      vertex -123.715 17.6806 4
      vertex -123.715 17.6806 0
    endloop
  endfacet
  facet normal 0.940995 -0.33842 0
    outer loop
      vertex -124.123 16.8184 4
      vertex -124.015 17.1187 0
      vertex -124.015 17.1187 4
    endloop
  endfacet
  facet normal 0.940995 -0.33842 0
    outer loop
      vertex -124.015 17.1187 0
      vertex -124.123 16.8184 4
      vertex -124.123 16.8184 0
    endloop
  endfacet
  facet normal -0.90442 -0.426643 0
    outer loop
      vertex -112.51 17.1187 0
      vertex -112.646 17.407 4
      vertex -112.646 17.407 0
    endloop
  endfacet
  facet normal -0.90442 -0.426643 0
    outer loop
      vertex -112.646 17.407 4
      vertex -112.51 17.1187 0
      vertex -112.51 17.1187 4
    endloop
  endfacet
  facet normal -0.426822 -0.904336 0
    outer loop
      vertex -114.269 18.8776 0
      vertex -113.98 18.7412 4
      vertex -114.269 18.8776 4
    endloop
  endfacet
  facet normal -0.426822 -0.904336 -0
    outer loop
      vertex -113.98 18.7412 4
      vertex -114.269 18.8776 0
      vertex -113.98 18.7412 0
    endloop
  endfacet
  facet normal -0.33733 -0.941386 0
    outer loop
      vertex -114.569 18.9851 0
      vertex -114.269 18.8776 4
      vertex -114.569 18.9851 4
    endloop
  endfacet
  facet normal -0.33733 -0.941386 -0
    outer loop
      vertex -114.269 18.8776 4
      vertex -114.569 18.9851 0
      vertex -114.269 18.8776 0
    endloop
  endfacet
  facet normal -0.0489977 0.998799 0
    outer loop
      vertex -115.194 12.6406 0
      vertex -115.512 12.625 4
      vertex -115.194 12.6406 4
    endloop
  endfacet
  facet normal -0.0489977 0.998799 0
    outer loop
      vertex -115.512 12.625 4
      vertex -115.194 12.6406 0
      vertex -115.512 12.625 0
    endloop
  endfacet
  facet normal -0.595977 -0.803001 0
    outer loop
      vertex -113.707 18.5773 0
      vertex -113.451 18.3873 4
      vertex -113.707 18.5773 4
    endloop
  endfacet
  facet normal -0.595977 -0.803001 -0
    outer loop
      vertex -113.451 18.3873 4
      vertex -113.707 18.5773 0
      vertex -113.451 18.3873 0
    endloop
  endfacet
  facet normal -0.0489977 -0.998799 0
    outer loop
      vertex -115.512 19.125 0
      vertex -115.194 19.1094 4
      vertex -115.512 19.125 4
    endloop
  endfacet
  facet normal -0.0489977 -0.998799 -0
    outer loop
      vertex -115.194 19.1094 4
      vertex -115.512 19.125 0
      vertex -115.194 19.1094 0
    endloop
  endfacet
  facet normal 0.9704 -0.241502 0
    outer loop
      vertex -124.2 16.509 4
      vertex -124.123 16.8184 0
      vertex -124.123 16.8184 4
    endloop
  endfacet
  facet normal 0.9704 -0.241502 0
    outer loop
      vertex -124.123 16.8184 0
      vertex -124.2 16.509 4
      vertex -124.2 16.509 0
    endloop
  endfacet
  facet normal 0.514727 -0.857354 0
    outer loop
      vertex -122.818 18.5773 0
      vertex -122.545 18.7412 4
      vertex -122.818 18.5773 4
    endloop
  endfacet
  facet normal 0.514727 -0.857354 0
    outer loop
      vertex -122.545 18.7412 4
      vertex -122.818 18.5773 0
      vertex -122.545 18.7412 0
    endloop
  endfacet
  facet normal 0.90442 -0.426643 0
    outer loop
      vertex -124.015 17.1187 4
      vertex -123.879 17.407 0
      vertex -123.879 17.407 4
    endloop
  endfacet
  facet normal 0.90442 -0.426643 0
    outer loop
      vertex -123.879 17.407 0
      vertex -124.015 17.1187 4
      vertex -124.015 17.1187 0
    endloop
  endfacet
  facet normal -0.90442 0.426643 0
    outer loop
      vertex -112.646 14.343 0
      vertex -112.51 14.6313 4
      vertex -112.51 14.6313 0
    endloop
  endfacet
  facet normal -0.90442 0.426643 0
    outer loop
      vertex -112.51 14.6313 4
      vertex -112.646 14.343 0
      vertex -112.646 14.343 4
    endloop
  endfacet
  facet normal -0.146503 0.98921 0
    outer loop
      vertex -114.878 12.6874 0
      vertex -115.194 12.6406 4
      vertex -114.878 12.6874 4
    endloop
  endfacet
  facet normal -0.146503 0.98921 0
    outer loop
      vertex -115.194 12.6406 4
      vertex -114.878 12.6874 0
      vertex -115.194 12.6406 0
    endloop
  endfacet
  facet normal -0.9704 -0.241502 0
    outer loop
      vertex -112.325 16.509 0
      vertex -112.402 16.8184 4
      vertex -112.402 16.8184 0
    endloop
  endfacet
  facet normal -0.9704 -0.241502 0
    outer loop
      vertex -112.402 16.8184 4
      vertex -112.325 16.509 0
      vertex -112.325 16.509 4
    endloop
  endfacet
  facet normal -0.940995 -0.33842 0
    outer loop
      vertex -112.402 16.8184 0
      vertex -112.51 17.1187 4
      vertex -112.51 17.1187 0
    endloop
  endfacet
  facet normal -0.940995 -0.33842 0
    outer loop
      vertex -112.51 17.1187 4
      vertex -112.402 16.8184 0
      vertex -112.402 16.8184 4
    endloop
  endfacet
  facet normal 0.595977 -0.803001 0
    outer loop
      vertex -123.074 18.3873 0
      vertex -122.818 18.5773 4
      vertex -123.074 18.3873 4
    endloop
  endfacet
  facet normal 0.595977 -0.803001 0
    outer loop
      vertex -122.818 18.5773 4
      vertex -123.074 18.3873 0
      vertex -122.818 18.5773 0
    endloop
  endfacet
  facet normal 0.940995 0.33842 0
    outer loop
      vertex -124.015 14.6313 4
      vertex -124.123 14.9316 0
      vertex -124.123 14.9316 4
    endloop
  endfacet
  facet normal 0.940995 0.33842 0
    outer loop
      vertex -124.123 14.9316 0
      vertex -124.015 14.6313 4
      vertex -124.015 14.6313 0
    endloop
  endfacet
  facet normal 0.67052 0.741892 -0
    outer loop
      vertex -123.074 13.3627 0
      vertex -123.311 13.5769 4
      vertex -123.074 13.3627 4
    endloop
  endfacet
  facet normal 0.67052 0.741892 0
    outer loop
      vertex -123.311 13.5769 4
      vertex -123.074 13.3627 0
      vertex -123.311 13.5769 0
    endloop
  endfacet
  facet normal -0.998741 0.0501565 0
    outer loop
      vertex -112.278 15.5564 0
      vertex -112.262 15.875 4
      vertex -112.262 15.875 0
    endloop
  endfacet
  facet normal -0.998741 0.0501565 0
    outer loop
      vertex -112.262 15.875 4
      vertex -112.278 15.5564 0
      vertex -112.278 15.5564 4
    endloop
  endfacet
  facet normal 0.67052 -0.741892 0
    outer loop
      vertex -123.311 18.1731 0
      vertex -123.074 18.3873 4
      vertex -123.311 18.1731 4
    endloop
  endfacet
  facet normal 0.67052 -0.741892 0
    outer loop
      vertex -123.074 18.3873 4
      vertex -123.311 18.1731 0
      vertex -123.074 18.3873 0
    endloop
  endfacet
  facet normal -0.67052 -0.741892 0
    outer loop
      vertex -113.451 18.3873 0
      vertex -113.214 18.1731 4
      vertex -113.451 18.3873 4
    endloop
  endfacet
  facet normal -0.67052 -0.741892 -0
    outer loop
      vertex -113.214 18.1731 4
      vertex -113.451 18.3873 0
      vertex -113.214 18.1731 0
    endloop
  endfacet
  facet normal -0.426822 0.904336 0
    outer loop
      vertex -113.98 13.0088 0
      vertex -114.269 12.8724 4
      vertex -113.98 13.0088 4
    endloop
  endfacet
  facet normal -0.426822 0.904336 0
    outer loop
      vertex -114.269 12.8724 4
      vertex -113.98 13.0088 0
      vertex -114.269 12.8724 0
    endloop
  endfacet
  facet normal 0.0488445 0.998806 -0
    outer loop
      vertex -121.012 12.625 0
      vertex -121.331 12.6406 4
      vertex -121.012 12.625 4
    endloop
  endfacet
  facet normal 0.0488445 0.998806 0
    outer loop
      vertex -121.331 12.6406 4
      vertex -121.012 12.625 0
      vertex -121.331 12.6406 0
    endloop
  endfacet
  facet normal -0.803224 -0.595677 0
    outer loop
      vertex -112.81 17.6806 0
      vertex -113 17.9368 4
      vertex -113 17.9368 0
    endloop
  endfacet
  facet normal -0.803224 -0.595677 0
    outer loop
      vertex -113 17.9368 4
      vertex -112.81 17.6806 0
      vertex -112.81 17.6806 4
    endloop
  endfacet
  facet normal 0.857714 0.514127 0
    outer loop
      vertex -123.715 14.0694 4
      vertex -123.879 14.343 0
      vertex -123.879 14.343 4
    endloop
  endfacet
  facet normal 0.857714 0.514127 0
    outer loop
      vertex -123.879 14.343 0
      vertex -123.715 14.0694 4
      vertex -123.715 14.0694 0
    endloop
  endfacet
  facet normal 0.146503 0.98921 -0
    outer loop
      vertex -121.331 12.6406 0
      vertex -121.647 12.6874 4
      vertex -121.331 12.6406 4
    endloop
  endfacet
  facet normal 0.146503 0.98921 0
    outer loop
      vertex -121.647 12.6874 4
      vertex -121.331 12.6406 0
      vertex -121.647 12.6874 0
    endloop
  endfacet
  facet normal 0.803224 0.595677 0
    outer loop
      vertex -123.525 13.8132 4
      vertex -123.715 14.0694 0
      vertex -123.715 14.0694 4
    endloop
  endfacet
  facet normal 0.803224 0.595677 0
    outer loop
      vertex -123.715 14.0694 0
      vertex -123.525 13.8132 4
      vertex -123.525 13.8132 0
    endloop
  endfacet
  facet normal -0.67052 0.741892 0
    outer loop
      vertex -113.214 13.5769 0
      vertex -113.451 13.3627 4
      vertex -113.214 13.5769 4
    endloop
  endfacet
  facet normal -0.67052 0.741892 0
    outer loop
      vertex -113.451 13.3627 4
      vertex -113.214 13.5769 0
      vertex -113.451 13.3627 0
    endloop
  endfacet
  facet normal -0.514727 0.857354 0
    outer loop
      vertex -113.707 13.1727 0
      vertex -113.98 13.0088 4
      vertex -113.707 13.1727 4
    endloop
  endfacet
  facet normal -0.514727 0.857354 0
    outer loop
      vertex -113.98 13.0088 4
      vertex -113.707 13.1727 0
      vertex -113.98 13.0088 0
    endloop
  endfacet
  facet normal -0.741216 0.671266 0
    outer loop
      vertex -113.214 13.5769 0
      vertex -113 13.8132 4
      vertex -113 13.8132 0
    endloop
  endfacet
  facet normal -0.741216 0.671266 0
    outer loop
      vertex -113 13.8132 4
      vertex -113.214 13.5769 0
      vertex -113.214 13.5769 4
    endloop
  endfacet
  facet normal 0.90442 0.426643 0
    outer loop
      vertex -123.879 14.343 4
      vertex -124.015 14.6313 0
      vertex -124.015 14.6313 4
    endloop
  endfacet
  facet normal 0.90442 0.426643 0
    outer loop
      vertex -124.015 14.6313 0
      vertex -123.879 14.343 4
      vertex -123.879 14.343 0
    endloop
  endfacet
  facet normal 0.741216 0.671266 0
    outer loop
      vertex -123.311 13.5769 4
      vertex -123.525 13.8132 0
      vertex -123.525 13.8132 4
    endloop
  endfacet
  facet normal 0.741216 0.671266 0
    outer loop
      vertex -123.525 13.8132 0
      vertex -123.311 13.5769 4
      vertex -123.311 13.5769 0
    endloop
  endfacet
  facet normal 0.9704 0.241502 0
    outer loop
      vertex -124.123 14.9316 4
      vertex -124.2 15.241 0
      vertex -124.2 15.241 4
    endloop
  endfacet
  facet normal 0.9704 0.241502 0
    outer loop
      vertex -124.2 15.241 0
      vertex -124.123 14.9316 4
      vertex -124.123 14.9316 0
    endloop
  endfacet
  facet normal 0.426822 0.904336 -0
    outer loop
      vertex -122.256 -18.8776 0
      vertex -122.545 -18.7412 4
      vertex -122.256 -18.8776 4
    endloop
  endfacet
  facet normal 0.426822 0.904336 0
    outer loop
      vertex -122.545 -18.7412 4
      vertex -122.256 -18.8776 0
      vertex -122.545 -18.7412 0
    endloop
  endfacet
  facet normal 0.989079 0.14739 0
    outer loop
      vertex -124.2 -16.509 4
      vertex -124.247 -16.1936 0
      vertex -124.247 -16.1936 4
    endloop
  endfacet
  facet normal 0.989079 0.14739 0
    outer loop
      vertex -124.247 -16.1936 0
      vertex -124.2 -16.509 4
      vertex -124.2 -16.509 0
    endloop
  endfacet
  facet normal 0.989079 -0.14739 0
    outer loop
      vertex -124.247 -15.5564 4
      vertex -124.2 -15.241 0
      vertex -124.2 -15.241 4
    endloop
  endfacet
  facet normal 0.989079 -0.14739 0
    outer loop
      vertex -124.2 -15.241 0
      vertex -124.247 -15.5564 4
      vertex -124.247 -15.5564 0
    endloop
  endfacet
  facet normal 0.998894 0.0470289 0
    outer loop
      vertex -124.247 -16.1936 4
      vertex -124.262 -15.875 0
      vertex -124.262 -15.875 4
    endloop
  endfacet
  facet normal 0.998894 0.0470289 0
    outer loop
      vertex -124.262 -15.875 0
      vertex -124.247 -16.1936 4
      vertex -124.247 -16.1936 0
    endloop
  endfacet
  facet normal -0.940995 0.33842 0
    outer loop
      vertex -112.51 -17.1187 0
      vertex -112.402 -16.8184 4
      vertex -112.402 -16.8184 0
    endloop
  endfacet
  facet normal -0.940995 0.33842 0
    outer loop
      vertex -112.402 -16.8184 4
      vertex -112.51 -17.1187 0
      vertex -112.51 -17.1187 4
    endloop
  endfacet
  facet normal -0.803224 0.595677 0
    outer loop
      vertex -113 -17.9368 0
      vertex -112.81 -17.6806 4
      vertex -112.81 -17.6806 0
    endloop
  endfacet
  facet normal -0.803224 0.595677 0
    outer loop
      vertex -112.81 -17.6806 4
      vertex -113 -17.9368 0
      vertex -113 -17.9368 4
    endloop
  endfacet
  facet normal 0.243274 0.969958 -0
    outer loop
      vertex -121.647 -19.0626 0
      vertex -121.956 -18.9851 4
      vertex -121.647 -19.0626 4
    endloop
  endfacet
  facet normal 0.243274 0.969958 0
    outer loop
      vertex -121.956 -18.9851 4
      vertex -121.647 -19.0626 0
      vertex -121.956 -18.9851 0
    endloop
  endfacet
  facet normal -0.243274 -0.969958 0
    outer loop
      vertex -114.878 -12.6874 0
      vertex -114.569 -12.7649 4
      vertex -114.878 -12.6874 4
    endloop
  endfacet
  facet normal -0.243274 -0.969958 -0
    outer loop
      vertex -114.569 -12.7649 4
      vertex -114.878 -12.6874 0
      vertex -114.569 -12.7649 0
    endloop
  endfacet
  facet normal -0.9704 0.241502 0
    outer loop
      vertex -112.402 -16.8184 0
      vertex -112.325 -16.509 4
      vertex -112.325 -16.509 0
    endloop
  endfacet
  facet normal -0.9704 0.241502 0
    outer loop
      vertex -112.325 -16.509 4
      vertex -112.402 -16.8184 0
      vertex -112.402 -16.8184 4
    endloop
  endfacet
  facet normal 0.998894 -0.0470289 0
    outer loop
      vertex -124.262 -15.875 4
      vertex -124.247 -15.5564 0
      vertex -124.247 -15.5564 4
    endloop
  endfacet
  facet normal 0.998894 -0.0470289 0
    outer loop
      vertex -124.247 -15.5564 0
      vertex -124.262 -15.875 4
      vertex -124.262 -15.875 0
    endloop
  endfacet
  facet normal 0.146197 -0.989256 0
    outer loop
      vertex -121.647 -12.6874 0
      vertex -121.331 -12.6407 4
      vertex -121.647 -12.6874 4
    endloop
  endfacet
  facet normal 0.146197 -0.989256 0
    outer loop
      vertex -121.331 -12.6407 4
      vertex -121.647 -12.6874 0
      vertex -121.331 -12.6407 0
    endloop
  endfacet
  facet normal 0 -1 0
    outer loop
      vertex -121.012 -12.625 0
      vertex -115.512 -12.625 4
      vertex -121.012 -12.625 4
    endloop
  endfacet
  facet normal 0 -1 -0
    outer loop
      vertex -115.512 -12.625 4
      vertex -121.012 -12.625 0
      vertex -115.512 -12.625 0
    endloop
  endfacet
  facet normal -0.857714 -0.514127 0
    outer loop
      vertex -112.646 -14.343 0
      vertex -112.81 -14.0694 4
      vertex -112.81 -14.0694 0
    endloop
  endfacet
  facet normal -0.857714 -0.514127 0
    outer loop
      vertex -112.81 -14.0694 4
      vertex -112.646 -14.343 0
      vertex -112.646 -14.343 4
    endloop
  endfacet
  facet normal -0.243274 0.969958 0
    outer loop
      vertex -114.569 -18.9851 0
      vertex -114.878 -19.0626 4
      vertex -114.569 -18.9851 4
    endloop
  endfacet
  facet normal -0.243274 0.969958 0
    outer loop
      vertex -114.878 -19.0626 4
      vertex -114.569 -18.9851 0
      vertex -114.878 -19.0626 0
    endloop
  endfacet
  facet normal 0.0491568 -0.998791 0
    outer loop
      vertex -121.331 -12.6407 0
      vertex -121.012 -12.625 4
      vertex -121.331 -12.6407 4
    endloop
  endfacet
  facet normal 0.0491568 -0.998791 0
    outer loop
      vertex -121.012 -12.625 4
      vertex -121.331 -12.6407 0
      vertex -121.012 -12.625 0
    endloop
  endfacet
  facet normal 0.595977 0.803001 -0
    outer loop
      vertex -122.818 -18.5773 0
      vertex -123.074 -18.3873 4
      vertex -122.818 -18.5773 4
    endloop
  endfacet
  facet normal 0.595977 0.803001 0
    outer loop
      vertex -123.074 -18.3873 4
      vertex -122.818 -18.5773 0
      vertex -123.074 -18.3873 0
    endloop
  endfacet
  facet normal 0.243274 -0.969958 0
    outer loop
      vertex -121.956 -12.7649 0
      vertex -121.647 -12.6874 4
      vertex -121.956 -12.7649 4
    endloop
  endfacet
  facet normal 0.243274 -0.969958 0
    outer loop
      vertex -121.647 -12.6874 4
      vertex -121.956 -12.7649 0
      vertex -121.647 -12.6874 0
    endloop
  endfacet
  facet normal 0.741216 -0.671266 0
    outer loop
      vertex -123.525 -13.8132 4
      vertex -123.311 -13.5769 0
      vertex -123.311 -13.5769 4
    endloop
  endfacet
  facet normal 0.741216 -0.671266 0
    outer loop
      vertex -123.311 -13.5769 0
      vertex -123.525 -13.8132 4
      vertex -123.525 -13.8132 0
    endloop
  endfacet
  facet normal -0.595977 0.803001 0
    outer loop
      vertex -113.451 -18.3873 0
      vertex -113.707 -18.5773 4
      vertex -113.451 -18.3873 4
    endloop
  endfacet
  facet normal -0.595977 0.803001 0
    outer loop
      vertex -113.707 -18.5773 4
      vertex -113.451 -18.3873 0
      vertex -113.707 -18.5773 0
    endloop
  endfacet
  facet normal -0.998741 -0.0501565 0
    outer loop
      vertex -112.262 -15.875 0
      vertex -112.278 -15.5564 4
      vertex -112.278 -15.5564 0
    endloop
  endfacet
  facet normal -0.998741 -0.0501565 0
    outer loop
      vertex -112.278 -15.5564 4
      vertex -112.262 -15.875 0
      vertex -112.262 -15.875 4
    endloop
  endfacet
  facet normal 0.857714 -0.514127 0
    outer loop
      vertex -123.879 -14.343 4
      vertex -123.715 -14.0694 0
      vertex -123.715 -14.0694 4
    endloop
  endfacet
  facet normal 0.857714 -0.514127 0
    outer loop
      vertex -123.715 -14.0694 0
      vertex -123.879 -14.343 4
      vertex -123.879 -14.343 0
    endloop
  endfacet
  facet normal 0.514727 0.857354 -0
    outer loop
      vertex -122.545 -18.7412 0
      vertex -122.818 -18.5773 4
      vertex -122.545 -18.7412 4
    endloop
  endfacet
  facet normal 0.514727 0.857354 0
    outer loop
      vertex -122.818 -18.5773 4
      vertex -122.545 -18.7412 0
      vertex -122.818 -18.5773 0
    endloop
  endfacet
  facet normal -0.857714 0.514127 0
    outer loop
      vertex -112.81 -17.6806 0
      vertex -112.646 -17.407 4
      vertex -112.646 -17.407 0
    endloop
  endfacet
  facet normal -0.857714 0.514127 0
    outer loop
      vertex -112.646 -17.407 4
      vertex -112.81 -17.6806 0
      vertex -112.81 -17.6806 4
    endloop
  endfacet
  facet normal 0.33733 0.941386 -0
    outer loop
      vertex -121.956 -18.9851 0
      vertex -122.256 -18.8776 4
      vertex -121.956 -18.9851 4
    endloop
  endfacet
  facet normal 0.33733 0.941386 0
    outer loop
      vertex -122.256 -18.8776 4
      vertex -121.956 -18.9851 0
      vertex -122.256 -18.8776 0
    endloop
  endfacet
  facet normal 0 1 -0
    outer loop
      vertex -115.512 -19.125 0
      vertex -121.012 -19.125 4
      vertex -115.512 -19.125 4
    endloop
  endfacet
  facet normal 0 1 0
    outer loop
      vertex -121.012 -19.125 4
      vertex -115.512 -19.125 0
      vertex -121.012 -19.125 0
    endloop
  endfacet
  facet normal -0.514727 -0.857354 0
    outer loop
      vertex -113.98 -13.0088 0
      vertex -113.707 -13.1727 4
      vertex -113.98 -13.0088 4
    endloop
  endfacet
  facet normal -0.514727 -0.857354 -0
    outer loop
      vertex -113.707 -13.1727 4
      vertex -113.98 -13.0088 0
      vertex -113.707 -13.1727 0
    endloop
  endfacet
  facet normal 0.33733 -0.941386 0
    outer loop
      vertex -122.256 -12.8724 0
      vertex -121.956 -12.7649 4
      vertex -122.256 -12.8724 4
    endloop
  endfacet
  facet normal 0.33733 -0.941386 0
    outer loop
      vertex -121.956 -12.7649 4
      vertex -122.256 -12.8724 0
      vertex -121.956 -12.7649 0
    endloop
  endfacet
  facet normal 0.426822 -0.904336 0
    outer loop
      vertex -122.545 -13.0088 0
      vertex -122.256 -12.8724 4
      vertex -122.545 -13.0088 4
    endloop
  endfacet
  facet normal 0.426822 -0.904336 0
    outer loop
      vertex -122.256 -12.8724 4
      vertex -122.545 -13.0088 0
      vertex -122.256 -12.8724 0
    endloop
  endfacet
  facet normal -0.146197 -0.989256 0
    outer loop
      vertex -115.194 -12.6407 0
      vertex -114.878 -12.6874 4
      vertex -115.194 -12.6407 4
    endloop
  endfacet
  facet normal -0.146197 -0.989256 -0
    outer loop
      vertex -114.878 -12.6874 4
      vertex -115.194 -12.6407 0
      vertex -114.878 -12.6874 0
    endloop
  endfacet
  facet normal -0.989079 -0.14739 0
    outer loop
      vertex -112.278 -15.5564 0
      vertex -112.325 -15.241 4
      vertex -112.325 -15.241 0
    endloop
  endfacet
  facet normal -0.989079 -0.14739 0
    outer loop
      vertex -112.325 -15.241 4
      vertex -112.278 -15.5564 0
      vertex -112.278 -15.5564 4
    endloop
  endfacet
  facet normal -0.33733 0.941386 0
    outer loop
      vertex -114.269 -18.8776 0
      vertex -114.569 -18.9851 4
      vertex -114.269 -18.8776 4
    endloop
  endfacet
  facet normal -0.33733 0.941386 0
    outer loop
      vertex -114.569 -18.9851 4
      vertex -114.269 -18.8776 0
      vertex -114.569 -18.9851 0
    endloop
  endfacet
  facet normal -0.741216 -0.671266 0
    outer loop
      vertex -113 -13.8132 0
      vertex -113.214 -13.5769 4
      vertex -113.214 -13.5769 0
    endloop
  endfacet
  facet normal -0.741216 -0.671266 0
    outer loop
      vertex -113.214 -13.5769 4
      vertex -113 -13.8132 0
      vertex -113 -13.8132 4
    endloop
  endfacet
  facet normal -0.989079 0.14739 0
    outer loop
      vertex -112.325 -16.509 0
      vertex -112.278 -16.1936 4
      vertex -112.278 -16.1936 0
    endloop
  endfacet
  facet normal -0.989079 0.14739 0
    outer loop
      vertex -112.278 -16.1936 4
      vertex -112.325 -16.509 0
      vertex -112.325 -16.509 4
    endloop
  endfacet
  facet normal 0.803224 -0.595677 0
    outer loop
      vertex -123.715 -14.0694 4
      vertex -123.525 -13.8132 0
      vertex -123.525 -13.8132 4
    endloop
  endfacet
  facet normal 0.803224 -0.595677 0
    outer loop
      vertex -123.525 -13.8132 0
      vertex -123.715 -14.0694 4
      vertex -123.715 -14.0694 0
    endloop
  endfacet
  facet normal 0.940995 -0.33842 0
    outer loop
      vertex -124.123 -14.9316 4
      vertex -124.015 -14.6313 0
      vertex -124.015 -14.6313 4
    endloop
  endfacet
  facet normal 0.940995 -0.33842 0
    outer loop
      vertex -124.015 -14.6313 0
      vertex -124.123 -14.9316 4
      vertex -124.123 -14.9316 0
    endloop
  endfacet
  facet normal -0.90442 -0.426643 0
    outer loop
      vertex -112.51 -14.6313 0
      vertex -112.646 -14.343 4
      vertex -112.646 -14.343 0
    endloop
  endfacet
  facet normal -0.90442 -0.426643 0
    outer loop
      vertex -112.646 -14.343 4
      vertex -112.51 -14.6313 0
      vertex -112.51 -14.6313 4
    endloop
  endfacet
  facet normal -0.426822 -0.904336 0
    outer loop
      vertex -114.269 -12.8724 0
      vertex -113.98 -13.0088 4
      vertex -114.269 -12.8724 4
    endloop
  endfacet
  facet normal -0.426822 -0.904336 -0
    outer loop
      vertex -113.98 -13.0088 4
      vertex -114.269 -12.8724 0
      vertex -113.98 -13.0088 0
    endloop
  endfacet
  facet normal -0.0489977 0.998799 0
    outer loop
      vertex -115.194 -19.1094 0
      vertex -115.512 -19.125 4
      vertex -115.194 -19.1094 4
    endloop
  endfacet
  facet normal -0.0489977 0.998799 0
    outer loop
      vertex -115.512 -19.125 4
      vertex -115.194 -19.1094 0
      vertex -115.512 -19.125 0
    endloop
  endfacet
  facet normal -0.595977 -0.803001 0
    outer loop
      vertex -113.707 -13.1727 0
      vertex -113.451 -13.3627 4
      vertex -113.707 -13.1727 4
    endloop
  endfacet
  facet normal -0.595977 -0.803001 -0
    outer loop
      vertex -113.451 -13.3627 4
      vertex -113.707 -13.1727 0
      vertex -113.451 -13.3627 0
    endloop
  endfacet
  facet normal -0.049311 -0.998783 0
    outer loop
      vertex -115.512 -12.625 0
      vertex -115.194 -12.6407 4
      vertex -115.512 -12.625 4
    endloop
  endfacet
  facet normal -0.049311 -0.998783 -0
    outer loop
      vertex -115.194 -12.6407 4
      vertex -115.512 -12.625 0
      vertex -115.194 -12.6407 0
    endloop
  endfacet
  facet normal 0.9704 -0.241502 0
    outer loop
      vertex -124.2 -15.241 4
      vertex -124.123 -14.9316 0
      vertex -124.123 -14.9316 4
    endloop
  endfacet
  facet normal 0.9704 -0.241502 0
    outer loop
      vertex -124.123 -14.9316 0
      vertex -124.2 -15.241 4
      vertex -124.2 -15.241 0
    endloop
  endfacet
  facet normal -0.33733 -0.941386 0
    outer loop
      vertex -114.569 -12.7649 0
      vertex -114.269 -12.8724 4
      vertex -114.569 -12.7649 4
    endloop
  endfacet
  facet normal -0.33733 -0.941386 -0
    outer loop
      vertex -114.269 -12.8724 4
      vertex -114.569 -12.7649 0
      vertex -114.269 -12.8724 0
    endloop
  endfacet
  facet normal 0.514727 -0.857354 0
    outer loop
      vertex -122.818 -13.1727 0
      vertex -122.545 -13.0088 4
      vertex -122.818 -13.1727 4
    endloop
  endfacet
  facet normal 0.514727 -0.857354 0
    outer loop
      vertex -122.545 -13.0088 4
      vertex -122.818 -13.1727 0
      vertex -122.545 -13.0088 0
    endloop
  endfacet
  facet normal 0.90442 -0.426643 0
    outer loop
      vertex -124.015 -14.6313 4
      vertex -123.879 -14.343 0
      vertex -123.879 -14.343 4
    endloop
  endfacet
  facet normal 0.90442 -0.426643 0
    outer loop
      vertex -123.879 -14.343 0
      vertex -124.015 -14.6313 4
      vertex -124.015 -14.6313 0
    endloop
  endfacet
  facet normal -0.90442 0.426643 0
    outer loop
      vertex -112.646 -17.407 0
      vertex -112.51 -17.1187 4
      vertex -112.51 -17.1187 0
    endloop
  endfacet
  facet normal -0.90442 0.426643 0
    outer loop
      vertex -112.51 -17.1187 4
      vertex -112.646 -17.407 0
      vertex -112.646 -17.407 4
    endloop
  endfacet
  facet normal -0.146503 0.98921 0
    outer loop
      vertex -114.878 -19.0626 0
      vertex -115.194 -19.1094 4
      vertex -114.878 -19.0626 4
    endloop
  endfacet
  facet normal -0.146503 0.98921 0
    outer loop
      vertex -115.194 -19.1094 4
      vertex -114.878 -19.0626 0
      vertex -115.194 -19.1094 0
    endloop
  endfacet
  facet normal -0.9704 -0.241502 0
    outer loop
      vertex -112.325 -15.241 0
      vertex -112.402 -14.9316 4
      vertex -112.402 -14.9316 0
    endloop
  endfacet
  facet normal -0.9704 -0.241502 0
    outer loop
      vertex -112.402 -14.9316 4
      vertex -112.325 -15.241 0
      vertex -112.325 -15.241 4
    endloop
  endfacet
  facet normal -0.940995 -0.33842 0
    outer loop
      vertex -112.402 -14.9316 0
      vertex -112.51 -14.6313 4
      vertex -112.51 -14.6313 0
    endloop
  endfacet
  facet normal -0.940995 -0.33842 0
    outer loop
      vertex -112.51 -14.6313 4
      vertex -112.402 -14.9316 0
      vertex -112.402 -14.9316 4
    endloop
  endfacet
  facet normal 0.595977 -0.803001 0
    outer loop
      vertex -123.074 -13.3627 0
      vertex -122.818 -13.1727 4
      vertex -123.074 -13.3627 4
    endloop
  endfacet
  facet normal 0.595977 -0.803001 0
    outer loop
      vertex -122.818 -13.1727 4
      vertex -123.074 -13.3627 0
      vertex -122.818 -13.1727 0
    endloop
  endfacet
  facet normal 0.940995 0.33842 0
    outer loop
      vertex -124.015 -17.1187 4
      vertex -124.123 -16.8184 0
      vertex -124.123 -16.8184 4
    endloop
  endfacet
  facet normal 0.940995 0.33842 0
    outer loop
      vertex -124.123 -16.8184 0
      vertex -124.015 -17.1187 4
      vertex -124.015 -17.1187 0
    endloop
  endfacet
  facet normal 0.67052 0.741892 -0
    outer loop
      vertex -123.074 -18.3873 0
      vertex -123.311 -18.1731 4
      vertex -123.074 -18.3873 4
    endloop
  endfacet
  facet normal 0.67052 0.741892 0
    outer loop
      vertex -123.311 -18.1731 4
      vertex -123.074 -18.3873 0
      vertex -123.311 -18.1731 0
    endloop
  endfacet
  facet normal -0.998741 0.0501565 0
    outer loop
      vertex -112.278 -16.1936 0
      vertex -112.262 -15.875 4
      vertex -112.262 -15.875 0
    endloop
  endfacet
  facet normal -0.998741 0.0501565 0
    outer loop
      vertex -112.262 -15.875 4
      vertex -112.278 -16.1936 0
      vertex -112.278 -16.1936 4
    endloop
  endfacet
  facet normal 0.67052 -0.741892 0
    outer loop
      vertex -123.311 -13.5769 0
      vertex -123.074 -13.3627 4
      vertex -123.311 -13.5769 4
    endloop
  endfacet
  facet normal 0.67052 -0.741892 0
    outer loop
      vertex -123.074 -13.3627 4
      vertex -123.311 -13.5769 0
      vertex -123.074 -13.3627 0
    endloop
  endfacet
  facet normal -0.67052 -0.741892 0
    outer loop
      vertex -113.451 -13.3627 0
      vertex -113.214 -13.5769 4
      vertex -113.451 -13.3627 4
    endloop
  endfacet
  facet normal -0.67052 -0.741892 -0
    outer loop
      vertex -113.214 -13.5769 4
      vertex -113.451 -13.3627 0
      vertex -113.214 -13.5769 0
    endloop
  endfacet
  facet normal -0.426822 0.904336 0
    outer loop
      vertex -113.98 -18.7412 0
      vertex -114.269 -18.8776 4
      vertex -113.98 -18.7412 4
    endloop
  endfacet
  facet normal -0.426822 0.904336 0
    outer loop
      vertex -114.269 -18.8776 4
      vertex -113.98 -18.7412 0
      vertex -114.269 -18.8776 0
    endloop
  endfacet
  facet normal 0.0488445 0.998806 -0
    outer loop
      vertex -121.012 -19.125 0
      vertex -121.331 -19.1094 4
      vertex -121.012 -19.125 4
    endloop
  endfacet
  facet normal 0.0488445 0.998806 0
    outer loop
      vertex -121.331 -19.1094 4
      vertex -121.012 -19.125 0
      vertex -121.331 -19.1094 0
    endloop
  endfacet
  facet normal -0.803224 -0.595677 0
    outer loop
      vertex -112.81 -14.0694 0
      vertex -113 -13.8132 4
      vertex -113 -13.8132 0
    endloop
  endfacet
  facet normal -0.803224 -0.595677 0
    outer loop
      vertex -113 -13.8132 4
      vertex -112.81 -14.0694 0
      vertex -112.81 -14.0694 4
    endloop
  endfacet
  facet normal 0.857714 0.514127 0
    outer loop
      vertex -123.715 -17.6806 4
      vertex -123.879 -17.407 0
      vertex -123.879 -17.407 4
    endloop
  endfacet
  facet normal 0.857714 0.514127 0
    outer loop
      vertex -123.879 -17.407 0
      vertex -123.715 -17.6806 4
      vertex -123.715 -17.6806 0
    endloop
  endfacet
  facet normal 0.146503 0.98921 -0
    outer loop
      vertex -121.331 -19.1094 0
      vertex -121.647 -19.0626 4
      vertex -121.331 -19.1094 4
    endloop
  endfacet
  facet normal 0.146503 0.98921 0
    outer loop
      vertex -121.647 -19.0626 4
      vertex -121.331 -19.1094 0
      vertex -121.647 -19.0626 0
    endloop
  endfacet
  facet normal 0.803224 0.595677 0
    outer loop
      vertex -123.525 -17.9368 4
      vertex -123.715 -17.6806 0
      vertex -123.715 -17.6806 4
    endloop
  endfacet
  facet normal 0.803224 0.595677 0
    outer loop
      vertex -123.715 -17.6806 0
      vertex -123.525 -17.9368 4
      vertex -123.525 -17.9368 0
    endloop
  endfacet
  facet normal -0.67052 0.741892 0
    outer loop
      vertex -113.214 -18.1731 0
      vertex -113.451 -18.3873 4
      vertex -113.214 -18.1731 4
    endloop
  endfacet
  facet normal -0.67052 0.741892 0
    outer loop
      vertex -113.451 -18.3873 4
      vertex -113.214 -18.1731 0
      vertex -113.451 -18.3873 0
    endloop
  endfacet
  facet normal -0.514727 0.857354 0
    outer loop
      vertex -113.707 -18.5773 0
      vertex -113.98 -18.7412 4
      vertex -113.707 -18.5773 4
    endloop
  endfacet
  facet normal -0.514727 0.857354 0
    outer loop
      vertex -113.98 -18.7412 4
      vertex -113.707 -18.5773 0
      vertex -113.98 -18.7412 0
    endloop
  endfacet
  facet normal -0.741216 0.671266 0
    outer loop
      vertex -113.214 -18.1731 0
      vertex -113 -17.9368 4
      vertex -113 -17.9368 0
    endloop
  endfacet
  facet normal -0.741216 0.671266 0
    outer loop
      vertex -113 -17.9368 4
      vertex -113.214 -18.1731 0
      vertex -113.214 -18.1731 4
    endloop
  endfacet
  facet normal 0.90442 0.426643 0
    outer loop
      vertex -123.879 -17.407 4
      vertex -124.015 -17.1187 0
      vertex -124.015 -17.1187 4
    endloop
  endfacet
  facet normal 0.90442 0.426643 0
    outer loop
      vertex -124.015 -17.1187 0
      vertex -123.879 -17.407 4
      vertex -123.879 -17.407 0
    endloop
  endfacet
  facet normal 0.741216 0.671266 0
    outer loop
      vertex -123.311 -18.1731 4
      vertex -123.525 -17.9368 0
      vertex -123.525 -17.9368 4
    endloop
  endfacet
  facet normal 0.741216 0.671266 0
    outer loop
      vertex -123.525 -17.9368 0
      vertex -123.311 -18.1731 4
      vertex -123.311 -18.1731 0
    endloop
  endfacet
  facet normal 0.9704 0.241502 0
    outer loop
      vertex -124.123 -16.8184 4
      vertex -124.2 -16.509 0
      vertex -124.2 -16.509 4
    endloop
  endfacet
  facet normal 0.9704 0.241502 0
    outer loop
      vertex -124.2 -16.509 0
      vertex -124.123 -16.8184 4
      vertex -124.123 -16.8184 0
    endloop
  endfacet
  facet normal 0.989079 0.14739 0
    outer loop
      vertex 112.325 15.241 4
      vertex 112.278 15.5564 0
      vertex 112.278 15.5564 4
    endloop
  endfacet
  facet normal 0.989079 0.14739 0
    outer loop
      vertex 112.278 15.5564 0
      vertex 112.325 15.241 4
      vertex 112.325 15.241 0
    endloop
  endfacet
  facet normal 0.998741 -0.0501565 0
    outer loop
      vertex 112.262 15.875 4
      vertex 112.278 16.1936 0
      vertex 112.278 16.1936 4
    endloop
  endfacet
  facet normal 0.998741 -0.0501565 0
    outer loop
      vertex 112.278 16.1936 0
      vertex 112.262 15.875 4
      vertex 112.262 15.875 0
    endloop
  endfacet
  facet normal 0.998741 0.0501565 0
    outer loop
      vertex 112.278 15.5564 4
      vertex 112.262 15.875 0
      vertex 112.262 15.875 4
    endloop
  endfacet
  facet normal 0.998741 0.0501565 0
    outer loop
      vertex 112.262 15.875 0
      vertex 112.278 15.5564 4
      vertex 112.278 15.5564 0
    endloop
  endfacet
  facet normal -0.803224 0.595677 0
    outer loop
      vertex 123.525 13.8132 0
      vertex 123.715 14.0694 4
      vertex 123.715 14.0694 0
    endloop
  endfacet
  facet normal -0.803224 0.595677 0
    outer loop
      vertex 123.715 14.0694 4
      vertex 123.525 13.8132 0
      vertex 123.525 13.8132 4
    endloop
  endfacet
  facet normal 0.146503 0.98921 -0
    outer loop
      vertex 115.194 12.6406 0
      vertex 114.878 12.6874 4
      vertex 115.194 12.6406 4
    endloop
  endfacet
  facet normal 0.146503 0.98921 0
    outer loop
      vertex 114.878 12.6874 4
      vertex 115.194 12.6406 0
      vertex 114.878 12.6874 0
    endloop
  endfacet
  facet normal -0.146503 -0.98921 0
    outer loop
      vertex 121.331 19.1094 0
      vertex 121.647 19.0626 4
      vertex 121.331 19.1094 4
    endloop
  endfacet
  facet normal -0.146503 -0.98921 -0
    outer loop
      vertex 121.647 19.0626 4
      vertex 121.331 19.1094 0
      vertex 121.647 19.0626 0
    endloop
  endfacet
  facet normal 0 -1 0
    outer loop
      vertex 115.512 19.125 0
      vertex 121.012 19.125 4
      vertex 115.512 19.125 4
    endloop
  endfacet
  facet normal 0 -1 -0
    outer loop
      vertex 121.012 19.125 4
      vertex 115.512 19.125 0
      vertex 121.012 19.125 0
    endloop
  endfacet
  facet normal 0.33733 -0.941386 0
    outer loop
      vertex 114.269 18.8776 0
      vertex 114.569 18.9851 4
      vertex 114.269 18.8776 4
    endloop
  endfacet
  facet normal 0.33733 -0.941386 0
    outer loop
      vertex 114.569 18.9851 4
      vertex 114.269 18.8776 0
      vertex 114.569 18.9851 0
    endloop
  endfacet
  facet normal -0.940995 -0.33842 0
    outer loop
      vertex 124.123 16.8184 0
      vertex 124.015 17.1187 4
      vertex 124.015 17.1187 0
    endloop
  endfacet
  facet normal -0.940995 -0.33842 0
    outer loop
      vertex 124.015 17.1187 4
      vertex 124.123 16.8184 0
      vertex 124.123 16.8184 4
    endloop
  endfacet
  facet normal -0.998894 0.0470289 0
    outer loop
      vertex 124.247 15.5564 0
      vertex 124.262 15.875 4
      vertex 124.262 15.875 0
    endloop
  endfacet
  facet normal -0.998894 0.0470289 0
    outer loop
      vertex 124.262 15.875 4
      vertex 124.247 15.5564 0
      vertex 124.247 15.5564 4
    endloop
  endfacet
  facet normal 0.595977 0.803001 -0
    outer loop
      vertex 113.707 13.1727 0
      vertex 113.451 13.3627 4
      vertex 113.707 13.1727 4
    endloop
  endfacet
  facet normal 0.595977 0.803001 0
    outer loop
      vertex 113.451 13.3627 4
      vertex 113.707 13.1727 0
      vertex 113.451 13.3627 0
    endloop
  endfacet
  facet normal 0.595977 -0.803001 0
    outer loop
      vertex 113.451 18.3873 0
      vertex 113.707 18.5773 4
      vertex 113.451 18.3873 4
    endloop
  endfacet
  facet normal 0.595977 -0.803001 0
    outer loop
      vertex 113.707 18.5773 4
      vertex 113.451 18.3873 0
      vertex 113.707 18.5773 0
    endloop
  endfacet
  facet normal 0.67052 0.741892 -0
    outer loop
      vertex 113.451 13.3627 0
      vertex 113.214 13.5769 4
      vertex 113.451 13.3627 4
    endloop
  endfacet
  facet normal 0.67052 0.741892 0
    outer loop
      vertex 113.214 13.5769 4
      vertex 113.451 13.3627 0
      vertex 113.214 13.5769 0
    endloop
  endfacet
  facet normal 0.857714 0.514127 0
    outer loop
      vertex 112.81 14.0694 4
      vertex 112.646 14.343 0
      vertex 112.646 14.343 4
    endloop
  endfacet
  facet normal 0.857714 0.514127 0
    outer loop
      vertex 112.646 14.343 0
      vertex 112.81 14.0694 4
      vertex 112.81 14.0694 0
    endloop
  endfacet
  facet normal -0.514727 -0.857354 0
    outer loop
      vertex 122.545 18.7412 0
      vertex 122.818 18.5773 4
      vertex 122.545 18.7412 4
    endloop
  endfacet
  facet normal -0.514727 -0.857354 -0
    outer loop
      vertex 122.818 18.5773 4
      vertex 122.545 18.7412 0
      vertex 122.818 18.5773 0
    endloop
  endfacet
  facet normal -0.803224 -0.595677 0
    outer loop
      vertex 123.715 17.6806 0
      vertex 123.525 17.9368 4
      vertex 123.525 17.9368 0
    endloop
  endfacet
  facet normal -0.803224 -0.595677 0
    outer loop
      vertex 123.525 17.9368 4
      vertex 123.715 17.6806 0
      vertex 123.715 17.6806 4
    endloop
  endfacet
  facet normal -0.9704 -0.241502 0
    outer loop
      vertex 124.2 16.509 0
      vertex 124.123 16.8184 4
      vertex 124.123 16.8184 0
    endloop
  endfacet
  facet normal -0.9704 -0.241502 0
    outer loop
      vertex 124.123 16.8184 4
      vertex 124.2 16.509 0
      vertex 124.2 16.509 4
    endloop
  endfacet
  facet normal 0.0489977 0.998799 -0
    outer loop
      vertex 115.512 12.625 0
      vertex 115.194 12.6406 4
      vertex 115.512 12.625 4
    endloop
  endfacet
  facet normal 0.0489977 0.998799 0
    outer loop
      vertex 115.194 12.6406 4
      vertex 115.512 12.625 0
      vertex 115.194 12.6406 0
    endloop
  endfacet
  facet normal 0.0489977 -0.998799 0
    outer loop
      vertex 115.194 19.1094 0
      vertex 115.512 19.125 4
      vertex 115.194 19.1094 4
    endloop
  endfacet
  facet normal 0.0489977 -0.998799 0
    outer loop
      vertex 115.512 19.125 4
      vertex 115.194 19.1094 0
      vertex 115.512 19.125 0
    endloop
  endfacet
  facet normal 0.989079 -0.14739 0
    outer loop
      vertex 112.278 16.1936 4
      vertex 112.325 16.509 0
      vertex 112.325 16.509 4
    endloop
  endfacet
  facet normal 0.989079 -0.14739 0
    outer loop
      vertex 112.325 16.509 0
      vertex 112.278 16.1936 4
      vertex 112.278 16.1936 0
    endloop
  endfacet
  facet normal -0.857714 -0.514127 0
    outer loop
      vertex 123.879 17.407 0
      vertex 123.715 17.6806 4
      vertex 123.715 17.6806 0
    endloop
  endfacet
  facet normal -0.857714 -0.514127 0
    outer loop
      vertex 123.715 17.6806 4
      vertex 123.879 17.407 0
      vertex 123.879 17.407 4
    endloop
  endfacet
  facet normal -0.989079 0.14739 0
    outer loop
      vertex 124.2 15.241 0
      vertex 124.247 15.5564 4
      vertex 124.247 15.5564 0
    endloop
  endfacet
  facet normal -0.989079 0.14739 0
    outer loop
      vertex 124.247 15.5564 4
      vertex 124.2 15.241 0
      vertex 124.2 15.241 4
    endloop
  endfacet
  facet normal -0.243274 -0.969958 0
    outer loop
      vertex 121.647 19.0626 0
      vertex 121.956 18.9851 4
      vertex 121.647 19.0626 4
    endloop
  endfacet
  facet normal -0.243274 -0.969958 -0
    outer loop
      vertex 121.956 18.9851 4
      vertex 121.647 19.0626 0
      vertex 121.956 18.9851 0
    endloop
  endfacet
  facet normal 0.90442 -0.426643 0
    outer loop
      vertex 112.51 17.1187 4
      vertex 112.646 17.407 0
      vertex 112.646 17.407 4
    endloop
  endfacet
  facet normal 0.90442 -0.426643 0
    outer loop
      vertex 112.646 17.407 0
      vertex 112.51 17.1187 4
      vertex 112.51 17.1187 0
    endloop
  endfacet
  facet normal -0.514727 0.857354 0
    outer loop
      vertex 122.818 13.1727 0
      vertex 122.545 13.0088 4
      vertex 122.818 13.1727 4
    endloop
  endfacet
  facet normal -0.514727 0.857354 0
    outer loop
      vertex 122.545 13.0088 4
      vertex 122.818 13.1727 0
      vertex 122.545 13.0088 0
    endloop
  endfacet
  facet normal 0.243274 -0.969958 0
    outer loop
      vertex 114.569 18.9851 0
      vertex 114.878 19.0626 4
      vertex 114.569 18.9851 4
    endloop
  endfacet
  facet normal 0.243274 -0.969958 0
    outer loop
      vertex 114.878 19.0626 4
      vertex 114.569 18.9851 0
      vertex 114.878 19.0626 0
    endloop
  endfacet
  facet normal 0.426822 -0.904336 0
    outer loop
      vertex 113.98 18.7412 0
      vertex 114.269 18.8776 4
      vertex 113.98 18.7412 4
    endloop
  endfacet
  facet normal 0.426822 -0.904336 0
    outer loop
      vertex 114.269 18.8776 4
      vertex 113.98 18.7412 0
      vertex 114.269 18.8776 0
    endloop
  endfacet
  facet normal 0.940995 -0.33842 0
    outer loop
      vertex 112.402 16.8184 4
      vertex 112.51 17.1187 0
      vertex 112.51 17.1187 4
    endloop
  endfacet
  facet normal 0.940995 -0.33842 0
    outer loop
      vertex 112.51 17.1187 0
      vertex 112.402 16.8184 4
      vertex 112.402 16.8184 0
    endloop
  endfacet
  facet normal -0.940995 0.33842 0
    outer loop
      vertex 124.015 14.6313 0
      vertex 124.123 14.9316 4
      vertex 124.123 14.9316 0
    endloop
  endfacet
  facet normal -0.940995 0.33842 0
    outer loop
      vertex 124.123 14.9316 4
      vertex 124.015 14.6313 0
      vertex 124.015 14.6313 4
    endloop
  endfacet
  facet normal 0.33733 0.941386 -0
    outer loop
      vertex 114.569 12.7649 0
      vertex 114.269 12.8724 4
      vertex 114.569 12.7649 4
    endloop
  endfacet
  facet normal 0.33733 0.941386 0
    outer loop
      vertex 114.269 12.8724 4
      vertex 114.569 12.7649 0
      vertex 114.269 12.8724 0
    endloop
  endfacet
  facet normal -0.67052 -0.741892 0
    outer loop
      vertex 123.074 18.3873 0
      vertex 123.311 18.1731 4
      vertex 123.074 18.3873 4
    endloop
  endfacet
  facet normal -0.67052 -0.741892 -0
    outer loop
      vertex 123.311 18.1731 4
      vertex 123.074 18.3873 0
      vertex 123.311 18.1731 0
    endloop
  endfacet
  facet normal 0.146503 -0.98921 0
    outer loop
      vertex 114.878 19.0626 0
      vertex 115.194 19.1094 4
      vertex 114.878 19.0626 4
    endloop
  endfacet
  facet normal 0.146503 -0.98921 0
    outer loop
      vertex 115.194 19.1094 4
      vertex 114.878 19.0626 0
      vertex 115.194 19.1094 0
    endloop
  endfacet
  facet normal -0.0488445 -0.998806 0
    outer loop
      vertex 121.012 19.125 0
      vertex 121.331 19.1094 4
      vertex 121.012 19.125 4
    endloop
  endfacet
  facet normal -0.0488445 -0.998806 -0
    outer loop
      vertex 121.331 19.1094 4
      vertex 121.012 19.125 0
      vertex 121.331 19.1094 0
    endloop
  endfacet
  facet normal -0.9704 0.241502 0
    outer loop
      vertex 124.123 14.9316 0
      vertex 124.2 15.241 4
      vertex 124.2 15.241 0
    endloop
  endfacet
  facet normal -0.9704 0.241502 0
    outer loop
      vertex 124.2 15.241 4
      vertex 124.123 14.9316 0
      vertex 124.123 14.9316 4
    endloop
  endfacet
  facet normal -0.90442 -0.426643 0
    outer loop
      vertex 124.015 17.1187 0
      vertex 123.879 17.407 4
      vertex 123.879 17.407 0
    endloop
  endfacet
  facet normal -0.90442 -0.426643 0
    outer loop
      vertex 123.879 17.407 4
      vertex 124.015 17.1187 0
      vertex 124.015 17.1187 4
    endloop
  endfacet
  facet normal -0.90442 0.426643 0
    outer loop
      vertex 123.879 14.343 0
      vertex 124.015 14.6313 4
      vertex 124.015 14.6313 0
    endloop
  endfacet
  facet normal -0.90442 0.426643 0
    outer loop
      vertex 124.015 14.6313 4
      vertex 123.879 14.343 0
      vertex 123.879 14.343 4
    endloop
  endfacet
  facet normal 0.803224 0.595677 0
    outer loop
      vertex 113 13.8132 4
      vertex 112.81 14.0694 0
      vertex 112.81 14.0694 4
    endloop
  endfacet
  facet normal 0.803224 0.595677 0
    outer loop
      vertex 112.81 14.0694 0
      vertex 113 13.8132 4
      vertex 113 13.8132 0
    endloop
  endfacet
  facet normal 0.940995 0.33842 0
    outer loop
      vertex 112.51 14.6313 4
      vertex 112.402 14.9316 0
      vertex 112.402 14.9316 4
    endloop
  endfacet
  facet normal 0.940995 0.33842 0
    outer loop
      vertex 112.402 14.9316 0
      vertex 112.51 14.6313 4
      vertex 112.51 14.6313 0
    endloop
  endfacet
  facet normal 0.741216 -0.671266 0
    outer loop
      vertex 113 17.9368 4
      vertex 113.214 18.1731 0
      vertex 113.214 18.1731 4
    endloop
  endfacet
  facet normal 0.741216 -0.671266 0
    outer loop
      vertex 113.214 18.1731 0
      vertex 113 17.9368 4
      vertex 113 17.9368 0
    endloop
  endfacet
  facet normal 0.803224 -0.595677 0
    outer loop
      vertex 112.81 17.6806 4
      vertex 113 17.9368 0
      vertex 113 17.9368 4
    endloop
  endfacet
  facet normal 0.803224 -0.595677 0
    outer loop
      vertex 113 17.9368 0
      vertex 112.81 17.6806 4
      vertex 112.81 17.6806 0
    endloop
  endfacet
  facet normal 0.243274 0.969958 -0
    outer loop
      vertex 114.878 12.6874 0
      vertex 114.569 12.7649 4
      vertex 114.878 12.6874 4
    endloop
  endfacet
  facet normal 0.243274 0.969958 0
    outer loop
      vertex 114.569 12.7649 4
      vertex 114.878 12.6874 0
      vertex 114.569 12.7649 0
    endloop
  endfacet
  facet normal 0.9704 -0.241502 0
    outer loop
      vertex 112.325 16.509 4
      vertex 112.402 16.8184 0
      vertex 112.402 16.8184 4
    endloop
  endfacet
  facet normal 0.9704 -0.241502 0
    outer loop
      vertex 112.402 16.8184 0
      vertex 112.325 16.509 4
      vertex 112.325 16.509 0
    endloop
  endfacet
  facet normal 0 1 -0
    outer loop
      vertex 121.012 12.625 0
      vertex 115.512 12.625 4
      vertex 121.012 12.625 4
    endloop
  endfacet
  facet normal 0 1 0
    outer loop
      vertex 115.512 12.625 4
      vertex 121.012 12.625 0
      vertex 115.512 12.625 0
    endloop
  endfacet
  facet normal 0.514727 -0.857354 0
    outer loop
      vertex 113.707 18.5773 0
      vertex 113.98 18.7412 4
      vertex 113.707 18.5773 4
    endloop
  endfacet
  facet normal 0.514727 -0.857354 0
    outer loop
      vertex 113.98 18.7412 4
      vertex 113.707 18.5773 0
      vertex 113.98 18.7412 0
    endloop
  endfacet
  facet normal -0.989079 -0.14739 0
    outer loop
      vertex 124.247 16.1936 0
      vertex 124.2 16.509 4
      vertex 124.2 16.509 0
    endloop
  endfacet
  facet normal -0.989079 -0.14739 0
    outer loop
      vertex 124.2 16.509 4
      vertex 124.247 16.1936 0
      vertex 124.247 16.1936 4
    endloop
  endfacet
  facet normal -0.146503 0.98921 0
    outer loop
      vertex 121.647 12.6874 0
      vertex 121.331 12.6406 4
      vertex 121.647 12.6874 4
    endloop
  endfacet
  facet normal -0.146503 0.98921 0
    outer loop
      vertex 121.331 12.6406 4
      vertex 121.647 12.6874 0
      vertex 121.331 12.6406 0
    endloop
  endfacet
  facet normal 0.426822 0.904336 -0
    outer loop
      vertex 114.269 12.8724 0
      vertex 113.98 13.0088 4
      vertex 114.269 12.8724 4
    endloop
  endfacet
  facet normal 0.426822 0.904336 0
    outer loop
      vertex 113.98 13.0088 4
      vertex 114.269 12.8724 0
      vertex 113.98 13.0088 0
    endloop
  endfacet
  facet normal -0.0488445 0.998806 0
    outer loop
      vertex 121.331 12.6406 0
      vertex 121.012 12.625 4
      vertex 121.331 12.6406 4
    endloop
  endfacet
  facet normal -0.0488445 0.998806 0
    outer loop
      vertex 121.012 12.625 4
      vertex 121.331 12.6406 0
      vertex 121.012 12.625 0
    endloop
  endfacet
  facet normal -0.595977 -0.803001 0
    outer loop
      vertex 122.818 18.5773 0
      vertex 123.074 18.3873 4
      vertex 122.818 18.5773 4
    endloop
  endfacet
  facet normal -0.595977 -0.803001 -0
    outer loop
      vertex 123.074 18.3873 4
      vertex 122.818 18.5773 0
      vertex 123.074 18.3873 0
    endloop
  endfacet
  facet normal 0.514727 0.857354 -0
    outer loop
      vertex 113.98 13.0088 0
      vertex 113.707 13.1727 4
      vertex 113.98 13.0088 4
    endloop
  endfacet
  facet normal 0.514727 0.857354 0
    outer loop
      vertex 113.707 13.1727 4
      vertex 113.98 13.0088 0
      vertex 113.707 13.1727 0
    endloop
  endfacet
  facet normal -0.857714 0.514127 0
    outer loop
      vertex 123.715 14.0694 0
      vertex 123.879 14.343 4
      vertex 123.879 14.343 0
    endloop
  endfacet
  facet normal -0.857714 0.514127 0
    outer loop
      vertex 123.879 14.343 4
      vertex 123.715 14.0694 0
      vertex 123.715 14.0694 4
    endloop
  endfacet
  facet normal 0.857714 -0.514127 0
    outer loop
      vertex 112.646 17.407 4
      vertex 112.81 17.6806 0
      vertex 112.81 17.6806 4
    endloop
  endfacet
  facet normal 0.857714 -0.514127 0
    outer loop
      vertex 112.81 17.6806 0
      vertex 112.646 17.407 4
      vertex 112.646 17.407 0
    endloop
  endfacet
  facet normal 0.9704 0.241502 0
    outer loop
      vertex 112.402 14.9316 4
      vertex 112.325 15.241 0
      vertex 112.325 15.241 4
    endloop
  endfacet
  facet normal 0.9704 0.241502 0
    outer loop
      vertex 112.325 15.241 0
      vertex 112.402 14.9316 4
      vertex 112.402 14.9316 0
    endloop
  endfacet
  facet normal -0.998894 -0.0470289 0
    outer loop
      vertex 124.262 15.875 0
      vertex 124.247 16.1936 4
      vertex 124.247 16.1936 0
    endloop
  endfacet
  facet normal -0.998894 -0.0470289 0
    outer loop
      vertex 124.247 16.1936 4
      vertex 124.262 15.875 0
      vertex 124.262 15.875 4
    endloop
  endfacet
  facet normal -0.33733 -0.941386 0
    outer loop
      vertex 121.956 18.9851 0
      vertex 122.256 18.8776 4
      vertex 121.956 18.9851 4
    endloop
  endfacet
  facet normal -0.33733 -0.941386 -0
    outer loop
      vertex 122.256 18.8776 4
      vertex 121.956 18.9851 0
      vertex 122.256 18.8776 0
    endloop
  endfacet
  facet normal -0.741216 -0.671266 0
    outer loop
      vertex 123.525 17.9368 0
      vertex 123.311 18.1731 4
      vertex 123.311 18.1731 0
    endloop
  endfacet
  facet normal -0.741216 -0.671266 0
    outer loop
      vertex 123.311 18.1731 4
      vertex 123.525 17.9368 0
      vertex 123.525 17.9368 4
    endloop
  endfacet
  facet normal -0.426822 -0.904336 0
    outer loop
      vertex 122.256 18.8776 0
      vertex 122.545 18.7412 4
      vertex 122.256 18.8776 4
    endloop
  endfacet
  facet normal -0.426822 -0.904336 -0
    outer loop
      vertex 122.545 18.7412 4
      vertex 122.256 18.8776 0
      vertex 122.545 18.7412 0
    endloop
  endfacet
  facet normal 0.67052 -0.741892 0
    outer loop
      vertex 113.214 18.1731 0
      vertex 113.451 18.3873 4
      vertex 113.214 18.1731 4
    endloop
  endfacet
  facet normal 0.67052 -0.741892 0
    outer loop
      vertex 113.451 18.3873 4
      vertex 113.214 18.1731 0
      vertex 113.451 18.3873 0
    endloop
  endfacet
  facet normal -0.426822 0.904336 0
    outer loop
      vertex 122.545 13.0088 0
      vertex 122.256 12.8724 4
      vertex 122.545 13.0088 4
    endloop
  endfacet
  facet normal -0.426822 0.904336 0
    outer loop
      vertex 122.256 12.8724 4
      vertex 122.545 13.0088 0
      vertex 122.256 12.8724 0
    endloop
  endfacet
  facet normal 0.90442 0.426643 0
    outer loop
      vertex 112.646 14.343 4
      vertex 112.51 14.6313 0
      vertex 112.51 14.6313 4
    endloop
  endfacet
  facet normal 0.90442 0.426643 0
    outer loop
      vertex 112.51 14.6313 0
      vertex 112.646 14.343 4
      vertex 112.646 14.343 0
    endloop
  endfacet
  facet normal 0.741216 0.671266 0
    outer loop
      vertex 113.214 13.5769 4
      vertex 113 13.8132 0
      vertex 113 13.8132 4
    endloop
  endfacet
  facet normal 0.741216 0.671266 0
    outer loop
      vertex 113 13.8132 0
      vertex 113.214 13.5769 4
      vertex 113.214 13.5769 0
    endloop
  endfacet
  facet normal -0.741216 0.671266 0
    outer loop
      vertex 123.311 13.5769 0
      vertex 123.525 13.8132 4
      vertex 123.525 13.8132 0
    endloop
  endfacet
  facet normal -0.741216 0.671266 0
    outer loop
      vertex 123.525 13.8132 4
      vertex 123.311 13.5769 0
      vertex 123.311 13.5769 4
    endloop
  endfacet
  facet normal -0.67052 0.741892 0
    outer loop
      vertex 123.311 13.5769 0
      vertex 123.074 13.3627 4
      vertex 123.311 13.5769 4
    endloop
  endfacet
  facet normal -0.67052 0.741892 0
    outer loop
      vertex 123.074 13.3627 4
      vertex 123.311 13.5769 0
      vertex 123.074 13.3627 0
    endloop
  endfacet
  facet normal -0.595977 0.803001 0
    outer loop
      vertex 123.074 13.3627 0
      vertex 122.818 13.1727 4
      vertex 123.074 13.3627 4
    endloop
  endfacet
  facet normal -0.595977 0.803001 0
    outer loop
      vertex 122.818 13.1727 4
      vertex 123.074 13.3627 0
      vertex 122.818 13.1727 0
    endloop
  endfacet
  facet normal -0.33733 0.941386 0
    outer loop
      vertex 122.256 12.8724 0
      vertex 121.956 12.7649 4
      vertex 122.256 12.8724 4
    endloop
  endfacet
  facet normal -0.33733 0.941386 0
    outer loop
      vertex 121.956 12.7649 4
      vertex 122.256 12.8724 0
      vertex 121.956 12.7649 0
    endloop
  endfacet
  facet normal -0.243274 0.969958 0
    outer loop
      vertex 121.956 12.7649 0
      vertex 121.647 12.6874 4
      vertex 121.956 12.7649 4
    endloop
  endfacet
  facet normal -0.243274 0.969958 0
    outer loop
      vertex 121.647 12.6874 4
      vertex 121.956 12.7649 0
      vertex 121.647 12.6874 0
    endloop
  endfacet
  facet normal 0.243274 -0.969958 0
    outer loop
      vertex 114.569 -12.7649 0
      vertex 114.878 -12.6874 4
      vertex 114.569 -12.7649 4
    endloop
  endfacet
  facet normal 0.243274 -0.969958 0
    outer loop
      vertex 114.878 -12.6874 4
      vertex 114.569 -12.7649 0
      vertex 114.878 -12.6874 0
    endloop
  endfacet
  facet normal 0.989079 0.14739 0
    outer loop
      vertex 112.325 -16.509 4
      vertex 112.278 -16.1936 0
      vertex 112.278 -16.1936 4
    endloop
  endfacet
  facet normal 0.989079 0.14739 0
    outer loop
      vertex 112.278 -16.1936 0
      vertex 112.325 -16.509 4
      vertex 112.325 -16.509 0
    endloop
  endfacet
  facet normal -0.67052 0.741892 0
    outer loop
      vertex 123.311 -18.1731 0
      vertex 123.074 -18.3873 4
      vertex 123.311 -18.1731 4
    endloop
  endfacet
  facet normal -0.67052 0.741892 0
    outer loop
      vertex 123.074 -18.3873 4
      vertex 123.311 -18.1731 0
      vertex 123.074 -18.3873 0
    endloop
  endfacet
  facet normal 0.998741 0.0501565 0
    outer loop
      vertex 112.278 -16.1936 4
      vertex 112.262 -15.875 0
      vertex 112.262 -15.875 4
    endloop
  endfacet
  facet normal 0.998741 0.0501565 0
    outer loop
      vertex 112.262 -15.875 0
      vertex 112.278 -16.1936 4
      vertex 112.278 -16.1936 0
    endloop
  endfacet
  facet normal 0 -1 0
    outer loop
      vertex 115.512 -12.625 0
      vertex 121.012 -12.625 4
      vertex 115.512 -12.625 4
    endloop
  endfacet
  facet normal 0 -1 -0
    outer loop
      vertex 121.012 -12.625 4
      vertex 115.512 -12.625 0
      vertex 121.012 -12.625 0
    endloop
  endfacet
  facet normal -0.243274 -0.969958 0
    outer loop
      vertex 121.647 -12.6874 0
      vertex 121.956 -12.7649 4
      vertex 121.647 -12.6874 4
    endloop
  endfacet
  facet normal -0.243274 -0.969958 -0
    outer loop
      vertex 121.956 -12.7649 4
      vertex 121.647 -12.6874 0
      vertex 121.956 -12.7649 0
    endloop
  endfacet
  facet normal 0 1 -0
    outer loop
      vertex 121.012 -19.125 0
      vertex 115.512 -19.125 4
      vertex 121.012 -19.125 4
    endloop
  endfacet
  facet normal 0 1 0
    outer loop
      vertex 115.512 -19.125 4
      vertex 121.012 -19.125 0
      vertex 115.512 -19.125 0
    endloop
  endfacet
  facet normal -0.803224 -0.595677 0
    outer loop
      vertex 123.715 -14.0694 0
      vertex 123.525 -13.8132 4
      vertex 123.525 -13.8132 0
    endloop
  endfacet
  facet normal -0.803224 -0.595677 0
    outer loop
      vertex 123.525 -13.8132 4
      vertex 123.715 -14.0694 0
      vertex 123.715 -14.0694 4
    endloop
  endfacet
  facet normal 0.741216 -0.671266 0
    outer loop
      vertex 113 -13.8132 4
      vertex 113.214 -13.5769 0
      vertex 113.214 -13.5769 4
    endloop
  endfacet
  facet normal 0.741216 -0.671266 0
    outer loop
      vertex 113.214 -13.5769 0
      vertex 113 -13.8132 4
      vertex 113 -13.8132 0
    endloop
  endfacet
  facet normal -0.595977 0.803001 0
    outer loop
      vertex 123.074 -18.3873 0
      vertex 122.818 -18.5773 4
      vertex 123.074 -18.3873 4
    endloop
  endfacet
  facet normal -0.595977 0.803001 0
    outer loop
      vertex 122.818 -18.5773 4
      vertex 123.074 -18.3873 0
      vertex 122.818 -18.5773 0
    endloop
  endfacet
  facet normal 0.049311 -0.998783 0
    outer loop
      vertex 115.194 -12.6407 0
      vertex 115.512 -12.625 4
      vertex 115.194 -12.6407 4
    endloop
  endfacet
  facet normal 0.049311 -0.998783 0
    outer loop
      vertex 115.512 -12.625 4
      vertex 115.194 -12.6407 0
      vertex 115.512 -12.625 0
    endloop
  endfacet
  facet normal -0.90442 0.426643 0
    outer loop
      vertex 123.879 -17.407 0
      vertex 124.015 -17.1187 4
      vertex 124.015 -17.1187 0
    endloop
  endfacet
  facet normal -0.90442 0.426643 0
    outer loop
      vertex 124.015 -17.1187 4
      vertex 123.879 -17.407 0
      vertex 123.879 -17.407 4
    endloop
  endfacet
  facet normal -0.989079 -0.14739 0
    outer loop
      vertex 124.247 -15.5564 0
      vertex 124.2 -15.241 4
      vertex 124.2 -15.241 0
    endloop
  endfacet
  facet normal -0.989079 -0.14739 0
    outer loop
      vertex 124.2 -15.241 4
      vertex 124.247 -15.5564 0
      vertex 124.247 -15.5564 4
    endloop
  endfacet
  facet normal 0.857714 -0.514127 0
    outer loop
      vertex 112.646 -14.343 4
      vertex 112.81 -14.0694 0
      vertex 112.81 -14.0694 4
    endloop
  endfacet
  facet normal 0.857714 -0.514127 0
    outer loop
      vertex 112.81 -14.0694 0
      vertex 112.646 -14.343 4
      vertex 112.646 -14.343 0
    endloop
  endfacet
  facet normal -0.989079 0.14739 0
    outer loop
      vertex 124.2 -16.509 0
      vertex 124.247 -16.1936 4
      vertex 124.247 -16.1936 0
    endloop
  endfacet
  facet normal -0.989079 0.14739 0
    outer loop
      vertex 124.247 -16.1936 4
      vertex 124.2 -16.509 0
      vertex 124.2 -16.509 4
    endloop
  endfacet
  facet normal -0.857714 -0.514127 0
    outer loop
      vertex 123.879 -14.343 0
      vertex 123.715 -14.0694 4
      vertex 123.715 -14.0694 0
    endloop
  endfacet
  facet normal -0.857714 -0.514127 0
    outer loop
      vertex 123.715 -14.0694 4
      vertex 123.879 -14.343 0
      vertex 123.879 -14.343 4
    endloop
  endfacet
  facet normal 0.243274 0.969958 -0
    outer loop
      vertex 114.878 -19.0626 0
      vertex 114.569 -18.9851 4
      vertex 114.878 -19.0626 4
    endloop
  endfacet
  facet normal 0.243274 0.969958 0
    outer loop
      vertex 114.569 -18.9851 4
      vertex 114.878 -19.0626 0
      vertex 114.569 -18.9851 0
    endloop
  endfacet
  facet normal -0.940995 -0.33842 0
    outer loop
      vertex 124.123 -14.9316 0
      vertex 124.015 -14.6313 4
      vertex 124.015 -14.6313 0
    endloop
  endfacet
  facet normal -0.940995 -0.33842 0
    outer loop
      vertex 124.015 -14.6313 4
      vertex 124.123 -14.9316 0
      vertex 124.123 -14.9316 4
    endloop
  endfacet
  facet normal 0.146197 -0.989256 0
    outer loop
      vertex 114.878 -12.6874 0
      vertex 115.194 -12.6407 4
      vertex 114.878 -12.6874 4
    endloop
  endfacet
  facet normal 0.146197 -0.989256 0
    outer loop
      vertex 115.194 -12.6407 4
      vertex 114.878 -12.6874 0
      vertex 115.194 -12.6407 0
    endloop
  endfacet
  facet normal -0.741216 -0.671266 0
    outer loop
      vertex 123.525 -13.8132 0
      vertex 123.311 -13.5769 4
      vertex 123.311 -13.5769 0
    endloop
  endfacet
  facet normal -0.741216 -0.671266 0
    outer loop
      vertex 123.311 -13.5769 4
      vertex 123.525 -13.8132 0
      vertex 123.525 -13.8132 4
    endloop
  endfacet
  facet normal -0.90442 -0.426643 0
    outer loop
      vertex 124.015 -14.6313 0
      vertex 123.879 -14.343 4
      vertex 123.879 -14.343 0
    endloop
  endfacet
  facet normal -0.90442 -0.426643 0
    outer loop
      vertex 123.879 -14.343 4
      vertex 124.015 -14.6313 0
      vertex 124.015 -14.6313 4
    endloop
  endfacet
  facet normal -0.998894 0.0470289 0
    outer loop
      vertex 124.247 -16.1936 0
      vertex 124.262 -15.875 4
      vertex 124.262 -15.875 0
    endloop
  endfacet
  facet normal -0.998894 0.0470289 0
    outer loop
      vertex 124.262 -15.875 4
      vertex 124.247 -16.1936 0
      vertex 124.247 -16.1936 4
    endloop
  endfacet
  facet normal 0.67052 0.741892 -0
    outer loop
      vertex 113.451 -18.3873 0
      vertex 113.214 -18.1731 4
      vertex 113.451 -18.3873 4
    endloop
  endfacet
  facet normal 0.67052 0.741892 0
    outer loop
      vertex 113.214 -18.1731 4
      vertex 113.451 -18.3873 0
      vertex 113.214 -18.1731 0
    endloop
  endfacet
  facet normal -0.857714 0.514127 0
    outer loop
      vertex 123.715 -17.6806 0
      vertex 123.879 -17.407 4
      vertex 123.879 -17.407 0
    endloop
  endfacet
  facet normal -0.857714 0.514127 0
    outer loop
      vertex 123.879 -17.407 4
      vertex 123.715 -17.6806 0
      vertex 123.715 -17.6806 4
    endloop
  endfacet
  facet normal -0.146197 -0.989256 0
    outer loop
      vertex 121.331 -12.6407 0
      vertex 121.647 -12.6874 4
      vertex 121.331 -12.6407 4
    endloop
  endfacet
  facet normal -0.146197 -0.989256 -0
    outer loop
      vertex 121.647 -12.6874 4
      vertex 121.331 -12.6407 0
      vertex 121.647 -12.6874 0
    endloop
  endfacet
  facet normal 0.426822 -0.904336 0
    outer loop
      vertex 113.98 -13.0088 0
      vertex 114.269 -12.8724 4
      vertex 113.98 -13.0088 4
    endloop
  endfacet
  facet normal 0.426822 -0.904336 0
    outer loop
      vertex 114.269 -12.8724 4
      vertex 113.98 -13.0088 0
      vertex 114.269 -12.8724 0
    endloop
  endfacet
  facet normal -0.803224 0.595677 0
    outer loop
      vertex 123.525 -17.9368 0
      vertex 123.715 -17.6806 4
      vertex 123.715 -17.6806 0
    endloop
  endfacet
  facet normal -0.803224 0.595677 0
    outer loop
      vertex 123.715 -17.6806 4
      vertex 123.525 -17.9368 0
      vertex 123.525 -17.9368 4
    endloop
  endfacet
  facet normal -0.146503 0.98921 0
    outer loop
      vertex 121.647 -19.0626 0
      vertex 121.331 -19.1094 4
      vertex 121.647 -19.0626 4
    endloop
  endfacet
  facet normal -0.146503 0.98921 0
    outer loop
      vertex 121.331 -19.1094 4
      vertex 121.647 -19.0626 0
      vertex 121.331 -19.1094 0
    endloop
  endfacet
  facet normal 0.33733 -0.941386 0
    outer loop
      vertex 114.269 -12.8724 0
      vertex 114.569 -12.7649 4
      vertex 114.269 -12.8724 4
    endloop
  endfacet
  facet normal 0.33733 -0.941386 0
    outer loop
      vertex 114.569 -12.7649 4
      vertex 114.269 -12.8724 0
      vertex 114.569 -12.7649 0
    endloop
  endfacet
  facet normal -0.67052 -0.741892 0
    outer loop
      vertex 123.074 -13.3627 0
      vertex 123.311 -13.5769 4
      vertex 123.074 -13.3627 4
    endloop
  endfacet
  facet normal -0.67052 -0.741892 -0
    outer loop
      vertex 123.311 -13.5769 4
      vertex 123.074 -13.3627 0
      vertex 123.311 -13.5769 0
    endloop
  endfacet
  facet normal 0.803224 -0.595677 0
    outer loop
      vertex 112.81 -14.0694 4
      vertex 113 -13.8132 0
      vertex 113 -13.8132 4
    endloop
  endfacet
  facet normal 0.803224 -0.595677 0
    outer loop
      vertex 113 -13.8132 0
      vertex 112.81 -14.0694 4
      vertex 112.81 -14.0694 0
    endloop
  endfacet
  facet normal 0.940995 -0.33842 0
    outer loop
      vertex 112.402 -14.9316 4
      vertex 112.51 -14.6313 0
      vertex 112.51 -14.6313 4
    endloop
  endfacet
  facet normal 0.940995 -0.33842 0
    outer loop
      vertex 112.51 -14.6313 0
      vertex 112.402 -14.9316 4
      vertex 112.402 -14.9316 0
    endloop
  endfacet
  facet normal 0.9704 -0.241502 0
    outer loop
      vertex 112.325 -15.241 4
      vertex 112.402 -14.9316 0
      vertex 112.402 -14.9316 4
    endloop
  endfacet
  facet normal 0.9704 -0.241502 0
    outer loop
      vertex 112.402 -14.9316 0
      vertex 112.325 -15.241 4
      vertex 112.325 -15.241 0
    endloop
  endfacet
  facet normal -0.9704 0.241502 0
    outer loop
      vertex 124.123 -16.8184 0
      vertex 124.2 -16.509 4
      vertex 124.2 -16.509 0
    endloop
  endfacet
  facet normal -0.9704 0.241502 0
    outer loop
      vertex 124.2 -16.509 4
      vertex 124.123 -16.8184 0
      vertex 124.123 -16.8184 4
    endloop
  endfacet
  facet normal -0.9704 -0.241502 0
    outer loop
      vertex 124.2 -15.241 0
      vertex 124.123 -14.9316 4
      vertex 124.123 -14.9316 0
    endloop
  endfacet
  facet normal -0.9704 -0.241502 0
    outer loop
      vertex 124.123 -14.9316 4
      vertex 124.2 -15.241 0
      vertex 124.2 -15.241 4
    endloop
  endfacet
  facet normal 0.90442 0.426643 0
    outer loop
      vertex 112.646 -17.407 4
      vertex 112.51 -17.1187 0
      vertex 112.51 -17.1187 4
    endloop
  endfacet
  facet normal 0.90442 0.426643 0
    outer loop
      vertex 112.51 -17.1187 0
      vertex 112.646 -17.407 4
      vertex 112.646 -17.407 0
    endloop
  endfacet
  facet normal 0.989079 -0.14739 0
    outer loop
      vertex 112.278 -15.5564 4
      vertex 112.325 -15.241 0
      vertex 112.325 -15.241 4
    endloop
  endfacet
  facet normal 0.989079 -0.14739 0
    outer loop
      vertex 112.325 -15.241 0
      vertex 112.278 -15.5564 4
      vertex 112.278 -15.5564 0
    endloop
  endfacet
  facet normal 0.998741 -0.0501565 0
    outer loop
      vertex 112.262 -15.875 4
      vertex 112.278 -15.5564 0
      vertex 112.278 -15.5564 4
    endloop
  endfacet
  facet normal 0.998741 -0.0501565 0
    outer loop
      vertex 112.278 -15.5564 0
      vertex 112.262 -15.875 4
      vertex 112.262 -15.875 0
    endloop
  endfacet
  facet normal 0.67052 -0.741892 0
    outer loop
      vertex 113.214 -13.5769 0
      vertex 113.451 -13.3627 4
      vertex 113.214 -13.5769 4
    endloop
  endfacet
  facet normal 0.67052 -0.741892 0
    outer loop
      vertex 113.451 -13.3627 4
      vertex 113.214 -13.5769 0
      vertex 113.451 -13.3627 0
    endloop
  endfacet
  facet normal -0.426822 -0.904336 0
    outer loop
      vertex 122.256 -12.8724 0
      vertex 122.545 -13.0088 4
      vertex 122.256 -12.8724 4
    endloop
  endfacet
  facet normal -0.426822 -0.904336 -0
    outer loop
      vertex 122.545 -13.0088 4
      vertex 122.256 -12.8724 0
      vertex 122.545 -13.0088 0
    endloop
  endfacet
  facet normal -0.0488445 0.998806 0
    outer loop
      vertex 121.331 -19.1094 0
      vertex 121.012 -19.125 4
      vertex 121.331 -19.1094 4
    endloop
  endfacet
  facet normal -0.0488445 0.998806 0
    outer loop
      vertex 121.012 -19.125 4
      vertex 121.331 -19.1094 0
      vertex 121.012 -19.125 0
    endloop
  endfacet
  facet normal -0.0491568 -0.998791 0
    outer loop
      vertex 121.012 -12.625 0
      vertex 121.331 -12.6407 4
      vertex 121.012 -12.625 4
    endloop
  endfacet
  facet normal -0.0491568 -0.998791 -0
    outer loop
      vertex 121.331 -12.6407 4
      vertex 121.012 -12.625 0
      vertex 121.331 -12.6407 0
    endloop
  endfacet
  facet normal 0.0489977 0.998799 -0
    outer loop
      vertex 115.512 -19.125 0
      vertex 115.194 -19.1094 4
      vertex 115.512 -19.125 4
    endloop
  endfacet
  facet normal 0.0489977 0.998799 0
    outer loop
      vertex 115.194 -19.1094 4
      vertex 115.512 -19.125 0
      vertex 115.194 -19.1094 0
    endloop
  endfacet
  facet normal -0.998894 -0.0470289 0
    outer loop
      vertex 124.262 -15.875 0
      vertex 124.247 -15.5564 4
      vertex 124.247 -15.5564 0
    endloop
  endfacet
  facet normal -0.998894 -0.0470289 0
    outer loop
      vertex 124.247 -15.5564 4
      vertex 124.262 -15.875 0
      vertex 124.262 -15.875 4
    endloop
  endfacet
  facet normal 0.514727 -0.857354 0
    outer loop
      vertex 113.707 -13.1727 0
      vertex 113.98 -13.0088 4
      vertex 113.707 -13.1727 4
    endloop
  endfacet
  facet normal 0.514727 -0.857354 0
    outer loop
      vertex 113.98 -13.0088 4
      vertex 113.707 -13.1727 0
      vertex 113.98 -13.0088 0
    endloop
  endfacet
  facet normal -0.940995 0.33842 0
    outer loop
      vertex 124.015 -17.1187 0
      vertex 124.123 -16.8184 4
      vertex 124.123 -16.8184 0
    endloop
  endfacet
  facet normal -0.940995 0.33842 0
    outer loop
      vertex 124.123 -16.8184 4
      vertex 124.015 -17.1187 0
      vertex 124.015 -17.1187 4
    endloop
  endfacet
  facet normal -0.426822 0.904336 0
    outer loop
      vertex 122.545 -18.7412 0
      vertex 122.256 -18.8776 4
      vertex 122.545 -18.7412 4
    endloop
  endfacet
  facet normal -0.426822 0.904336 0
    outer loop
      vertex 122.256 -18.8776 4
      vertex 122.545 -18.7412 0
      vertex 122.256 -18.8776 0
    endloop
  endfacet
  facet normal 0.90442 -0.426643 0
    outer loop
      vertex 112.51 -14.6313 4
      vertex 112.646 -14.343 0
      vertex 112.646 -14.343 4
    endloop
  endfacet
  facet normal 0.90442 -0.426643 0
    outer loop
      vertex 112.646 -14.343 0
      vertex 112.51 -14.6313 4
      vertex 112.51 -14.6313 0
    endloop
  endfacet
  facet normal 0.9704 0.241502 0
    outer loop
      vertex 112.402 -16.8184 4
      vertex 112.325 -16.509 0
      vertex 112.325 -16.509 4
    endloop
  endfacet
  facet normal 0.9704 0.241502 0
    outer loop
      vertex 112.325 -16.509 0
      vertex 112.402 -16.8184 4
      vertex 112.402 -16.8184 0
    endloop
  endfacet
  facet normal -0.514727 0.857354 0
    outer loop
      vertex 122.818 -18.5773 0
      vertex 122.545 -18.7412 4
      vertex 122.818 -18.5773 4
    endloop
  endfacet
  facet normal -0.514727 0.857354 0
    outer loop
      vertex 122.545 -18.7412 4
      vertex 122.818 -18.5773 0
      vertex 122.545 -18.7412 0
    endloop
  endfacet
  facet normal -0.514727 -0.857354 0
    outer loop
      vertex 122.545 -13.0088 0
      vertex 122.818 -13.1727 4
      vertex 122.545 -13.0088 4
    endloop
  endfacet
  facet normal -0.514727 -0.857354 -0
    outer loop
      vertex 122.818 -13.1727 4
      vertex 122.545 -13.0088 0
      vertex 122.818 -13.1727 0
    endloop
  endfacet
  facet normal 0.595977 -0.803001 0
    outer loop
      vertex 113.451 -13.3627 0
      vertex 113.707 -13.1727 4
      vertex 113.451 -13.3627 4
    endloop
  endfacet
  facet normal 0.595977 -0.803001 0
    outer loop
      vertex 113.707 -13.1727 4
      vertex 113.451 -13.3627 0
      vertex 113.707 -13.1727 0
    endloop
  endfacet
  facet normal -0.595977 -0.803001 0
    outer loop
      vertex 122.818 -13.1727 0
      vertex 123.074 -13.3627 4
      vertex 122.818 -13.1727 4
    endloop
  endfacet
  facet normal -0.595977 -0.803001 -0
    outer loop
      vertex 123.074 -13.3627 4
      vertex 122.818 -13.1727 0
      vertex 123.074 -13.3627 0
    endloop
  endfacet
  facet normal -0.33733 0.941386 0
    outer loop
      vertex 122.256 -18.8776 0
      vertex 121.956 -18.9851 4
      vertex 122.256 -18.8776 4
    endloop
  endfacet
  facet normal -0.33733 0.941386 0
    outer loop
      vertex 121.956 -18.9851 4
      vertex 122.256 -18.8776 0
      vertex 121.956 -18.9851 0
    endloop
  endfacet
  facet normal 0.940995 0.33842 0
    outer loop
      vertex 112.51 -17.1187 4
      vertex 112.402 -16.8184 0
      vertex 112.402 -16.8184 4
    endloop
  endfacet
  facet normal 0.940995 0.33842 0
    outer loop
      vertex 112.402 -16.8184 0
      vertex 112.51 -17.1187 4
      vertex 112.51 -17.1187 0
    endloop
  endfacet
  facet normal 0.803224 0.595677 0
    outer loop
      vertex 113 -17.9368 4
      vertex 112.81 -17.6806 0
      vertex 112.81 -17.6806 4
    endloop
  endfacet
  facet normal 0.803224 0.595677 0
    outer loop
      vertex 112.81 -17.6806 0
      vertex 113 -17.9368 4
      vertex 113 -17.9368 0
    endloop
  endfacet
  facet normal -0.33733 -0.941386 0
    outer loop
      vertex 121.956 -12.7649 0
      vertex 122.256 -12.8724 4
      vertex 121.956 -12.7649 4
    endloop
  endfacet
  facet normal -0.33733 -0.941386 -0
    outer loop
      vertex 122.256 -12.8724 4
      vertex 121.956 -12.7649 0
      vertex 122.256 -12.8724 0
    endloop
  endfacet
  facet normal -0.243274 0.969958 0
    outer loop
      vertex 121.956 -18.9851 0
      vertex 121.647 -19.0626 4
      vertex 121.956 -18.9851 4
    endloop
  endfacet
  facet normal -0.243274 0.969958 0
    outer loop
      vertex 121.647 -19.0626 4
      vertex 121.956 -18.9851 0
      vertex 121.647 -19.0626 0
    endloop
  endfacet
  facet normal 0.146503 0.98921 -0
    outer loop
      vertex 115.194 -19.1094 0
      vertex 114.878 -19.0626 4
      vertex 115.194 -19.1094 4
    endloop
  endfacet
  facet normal 0.146503 0.98921 0
    outer loop
      vertex 114.878 -19.0626 4
      vertex 115.194 -19.1094 0
      vertex 114.878 -19.0626 0
    endloop
  endfacet
  facet normal 0.595977 0.803001 -0
    outer loop
      vertex 113.707 -18.5773 0
      vertex 113.451 -18.3873 4
      vertex 113.707 -18.5773 4
    endloop
  endfacet
  facet normal 0.595977 0.803001 0
    outer loop
      vertex 113.451 -18.3873 4
      vertex 113.707 -18.5773 0
      vertex 113.451 -18.3873 0
    endloop
  endfacet
  facet normal 0.514727 0.857354 -0
    outer loop
      vertex 113.98 -18.7412 0
      vertex 113.707 -18.5773 4
      vertex 113.98 -18.7412 4
    endloop
  endfacet
  facet normal 0.514727 0.857354 0
    outer loop
      vertex 113.707 -18.5773 4
      vertex 113.98 -18.7412 0
      vertex 113.707 -18.5773 0
    endloop
  endfacet
  facet normal -0.741216 0.671266 0
    outer loop
      vertex 123.311 -18.1731 0
      vertex 123.525 -17.9368 4
      vertex 123.525 -17.9368 0
    endloop
  endfacet
  facet normal -0.741216 0.671266 0
    outer loop
      vertex 123.525 -17.9368 4
      vertex 123.311 -18.1731 0
      vertex 123.311 -18.1731 4
    endloop
  endfacet
  facet normal 0.741216 0.671266 0
    outer loop
      vertex 113.214 -18.1731 4
      vertex 113 -17.9368 0
      vertex 113 -17.9368 4
    endloop
  endfacet
  facet normal 0.741216 0.671266 0
    outer loop
      vertex 113 -17.9368 0
      vertex 113.214 -18.1731 4
      vertex 113.214 -18.1731 0
    endloop
  endfacet
  facet normal 0.33733 0.941386 -0
    outer loop
      vertex 114.569 -18.9851 0
      vertex 114.269 -18.8776 4
      vertex 114.569 -18.9851 4
    endloop
  endfacet
  facet normal 0.33733 0.941386 0
    outer loop
      vertex 114.269 -18.8776 4
      vertex 114.569 -18.9851 0
      vertex 114.269 -18.8776 0
    endloop
  endfacet
  facet normal 0.426822 0.904336 -0
    outer loop
      vertex 114.269 -18.8776 0
      vertex 113.98 -18.7412 4
      vertex 114.269 -18.8776 4
    endloop
  endfacet
  facet normal 0.426822 0.904336 0
    outer loop
      vertex 113.98 -18.7412 4
      vertex 114.269 -18.8776 0
      vertex 113.98 -18.7412 0
    endloop
  endfacet
  facet normal 0.857714 0.514127 0
    outer loop
      vertex 112.81 -17.6806 4
      vertex 112.646 -17.407 0
      vertex 112.646 -17.407 4
    endloop
  endfacet
  facet normal 0.857714 0.514127 0
    outer loop
      vertex 112.646 -17.407 0
      vertex 112.81 -17.6806 4
      vertex 112.81 -17.6806 0
    endloop
  endfacet
  facet normal 0.904063 0.427399 0
    outer loop
      vertex -32.8185 -11.5042 130.351
      vertex -33.1178 -10.8711 1.01
      vertex -33.1178 -10.8711 130.351
    endloop
  endfacet
  facet normal 0.904063 0.427399 0
    outer loop
      vertex -33.1178 -10.8711 1.01
      vertex -32.8185 -11.5042 130.351
      vertex -32.8185 -11.5042 1.01
    endloop
  endfacet
  facet normal -0.900797 -0.434241 0
    outer loop
      vertex 109.174 14.6556 1.01
      vertex 109.131 14.7448 130.351
      vertex 109.131 14.7448 1.01
    endloop
  endfacet
  facet normal -0.900797 -0.434241 0
    outer loop
      vertex 109.131 14.7448 130.351
      vertex 109.174 14.6556 1.01
      vertex 109.174 14.6556 130.351
    endloop
  endfacet
  facet normal 0.514496 -0.857493 0
    outer loop
      vertex -33.2143 15.1066 1.01
      vertex -33.1298 15.1573 130.351
      vertex -33.2143 15.1066 130.351
    endloop
  endfacet
  facet normal 0.514496 -0.857493 0
    outer loop
      vertex -33.1298 15.1573 130.351
      vertex -33.2143 15.1066 1.01
      vertex -33.1298 15.1573 1.01
    endloop
  endfacet
  facet normal 0.857493 -0.514496 0
    outer loop
      vertex -33.5423 14.7448 130.351
      vertex -33.4916 14.8293 1.01
      vertex -33.4916 14.8293 130.351
    endloop
  endfacet
  facet normal 0.857493 -0.514496 0
    outer loop
      vertex -33.4916 14.8293 1.01
      vertex -33.5423 14.7448 130.351
      vertex -33.5423 14.7448 1.01
    endloop
  endfacet
  facet normal 1 -0 0
    outer loop
      vertex -33.661 -8.1405 130.351
      vertex -33.661 14.271 1.01
      vertex -33.661 14.271 130.351
    endloop
  endfacet
  facet normal 1 0 0
    outer loop
      vertex -33.661 14.271 1.01
      vertex -33.661 -8.1405 130.351
      vertex -33.661 -8.1405 1.01
    endloop
  endfacet
  facet normal 0.941673 -0.336529 0
    outer loop
      vertex -33.6177 14.5627 130.351
      vertex -33.5845 14.6556 1.01
      vertex -33.5845 14.6556 130.351
    endloop
  endfacet
  facet normal 0.941673 -0.336529 0
    outer loop
      vertex -33.5845 14.6556 1.01
      vertex -33.6177 14.5627 130.351
      vertex -33.6177 14.5627 1.01
    endloop
  endfacet
  facet normal 0.97001 0.243063 0
    outer loop
      vertex -33.3537 -10.2118 130.351
      vertex -33.5239 -9.53257 1.01
      vertex -33.5239 -9.53257 130.351
    endloop
  endfacet
  facet normal 0.97001 0.243063 0
    outer loop
      vertex -33.5239 -9.53257 1.01
      vertex -33.3537 -10.2118 130.351
      vertex -33.3537 -10.2118 1.01
    endloop
  endfacet
  facet normal 0.941545 0.336888 0
    outer loop
      vertex -33.1178 -10.8711 130.351
      vertex -33.3537 -10.2118 1.01
      vertex -33.3537 -10.2118 130.351
    endloop
  endfacet
  facet normal 0.941545 0.336888 0
    outer loop
      vertex -33.3537 -10.2118 1.01
      vertex -33.1178 -10.8711 130.351
      vertex -33.1178 -10.8711 1.01
    endloop
  endfacet
  facet normal 0 -1 0
    outer loop
      vertex -32.656 15.276 130.351
      vertex -8.8425 15.276 117.196
      vertex 108.245 15.276 130.351
    endloop
  endfacet
  facet normal 0 -1 0
    outer loop
      vertex -32.656 15.276 130.351
      vertex -9.83081 15.276 117.147
      vertex -8.8425 15.276 117.196
    endloop
  endfacet
  facet normal 0 -1 0
    outer loop
      vertex -32.656 15.276 130.351
      vertex -10.8096 15.276 117.002
      vertex -9.83081 15.276 117.147
    endloop
  endfacet
  facet normal 0 -1 0
    outer loop
      vertex -32.656 15.276 130.351
      vertex -11.7694 15.276 116.762
      vertex -10.8096 15.276 117.002
    endloop
  endfacet
  facet normal 0 -1 0
    outer loop
      vertex -32.656 15.276 130.351
      vertex -12.7011 15.276 116.428
      vertex -11.7694 15.276 116.762
    endloop
  endfacet
  facet normal 0 -1 0
    outer loop
      vertex -32.656 15.276 130.351
      vertex -13.5956 15.276 116.005
      vertex -12.7011 15.276 116.428
    endloop
  endfacet
  facet normal 0 -1 0
    outer loop
      vertex -32.656 15.276 130.351
      vertex -14.4443 15.276 115.497
      vertex -13.5956 15.276 116.005
    endloop
  endfacet
  facet normal 0 -1 0
    outer loop
      vertex -32.656 15.276 130.351
      vertex -15.2391 15.276 114.907
      vertex -14.4443 15.276 115.497
    endloop
  endfacet
  facet normal 0 -1 0
    outer loop
      vertex -32.656 15.276 130.351
      vertex -15.9723 15.276 114.243
      vertex -15.2391 15.276 114.907
    endloop
  endfacet
  facet normal 0 -1 0
    outer loop
      vertex -32.656 15.276 130.351
      vertex -16.6368 15.276 113.51
      vertex -15.9723 15.276 114.243
    endloop
  endfacet
  facet normal 0 -1 0
    outer loop
      vertex -32.656 15.276 130.351
      vertex -17.2262 15.276 112.715
      vertex -16.6368 15.276 113.51
    endloop
  endfacet
  facet normal 0 -1 0
    outer loop
      vertex -32.656 15.276 130.351
      vertex -17.7349 15.276 111.866
      vertex -17.2262 15.276 112.715
    endloop
  endfacet
  facet normal 0 -1 0
    outer loop
      vertex -32.656 15.276 130.351
      vertex -18.158 15.276 110.972
      vertex -17.7349 15.276 111.866
    endloop
  endfacet
  facet normal 0 -1 0
    outer loop
      vertex -32.656 15.276 130.351
      vertex -18.4913 15.276 110.04
      vertex -18.158 15.276 110.972
    endloop
  endfacet
  facet normal 0 -1 0
    outer loop
      vertex -32.656 15.276 130.351
      vertex -18.7318 15.276 109.08
      vertex -18.4913 15.276 110.04
    endloop
  endfacet
  facet normal 0 -1 0
    outer loop
      vertex -32.656 15.276 130.351
      vertex -18.8769 15.276 108.101
      vertex -18.7318 15.276 109.08
    endloop
  endfacet
  facet normal 0 -1 0
    outer loop
      vertex -32.656 15.276 130.351
      vertex -18.9255 15.276 107.113
      vertex -18.8769 15.276 108.101
    endloop
  endfacet
  facet normal 0 -1 0
    outer loop
      vertex -32.656 15.276 130.351
      vertex -18.9255 15.276 26.199
      vertex -18.9255 15.276 107.113
    endloop
  endfacet
  facet normal 0 -1 0
    outer loop
      vertex -32.656 15.276 1.01
      vertex -18.9255 15.276 26.199
      vertex -32.656 15.276 130.351
    endloop
  endfacet
  facet normal 0 -1 -0
    outer loop
      vertex -8.8425 15.276 16.116
      vertex -32.656 15.276 1.01
      vertex 84.4315 15.276 16.116
    endloop
  endfacet
  facet normal 0 -1 -0
    outer loop
      vertex -9.83081 15.276 16.1646
      vertex -32.656 15.276 1.01
      vertex -8.8425 15.276 16.116
    endloop
  endfacet
  facet normal 0 -1 -0
    outer loop
      vertex -10.8096 15.276 16.3097
      vertex -32.656 15.276 1.01
      vertex -9.83081 15.276 16.1646
    endloop
  endfacet
  facet normal 0 -1 -0
    outer loop
      vertex -11.7694 15.276 16.5502
      vertex -32.656 15.276 1.01
      vertex -10.8096 15.276 16.3097
    endloop
  endfacet
  facet normal 0 -1 -0
    outer loop
      vertex -12.7011 15.276 16.8835
      vertex -32.656 15.276 1.01
      vertex -11.7694 15.276 16.5502
    endloop
  endfacet
  facet normal 0 -1 -0
    outer loop
      vertex -13.5956 15.276 17.3066
      vertex -32.656 15.276 1.01
      vertex -12.7011 15.276 16.8835
    endloop
  endfacet
  facet normal 0 -1 -0
    outer loop
      vertex -14.4443 15.276 17.8153
      vertex -32.656 15.276 1.01
      vertex -13.5956 15.276 17.3066
    endloop
  endfacet
  facet normal 0 -1 -0
    outer loop
      vertex -15.2391 15.276 18.4047
      vertex -32.656 15.276 1.01
      vertex -14.4443 15.276 17.8153
    endloop
  endfacet
  facet normal 0 -1 -0
    outer loop
      vertex -15.9723 15.276 19.0692
      vertex -32.656 15.276 1.01
      vertex -15.2391 15.276 18.4047
    endloop
  endfacet
  facet normal 0 -1 -0
    outer loop
      vertex -16.6368 15.276 19.8024
      vertex -32.656 15.276 1.01
      vertex -15.9723 15.276 19.0692
    endloop
  endfacet
  facet normal 0 -1 -0
    outer loop
      vertex -17.2262 15.276 20.5972
      vertex -32.656 15.276 1.01
      vertex -16.6368 15.276 19.8024
    endloop
  endfacet
  facet normal 0 -1 -0
    outer loop
      vertex -17.7349 15.276 21.4459
      vertex -32.656 15.276 1.01
      vertex -17.2262 15.276 20.5972
    endloop
  endfacet
  facet normal 0 -1 -0
    outer loop
      vertex -18.158 15.276 22.3404
      vertex -32.656 15.276 1.01
      vertex -17.7349 15.276 21.4459
    endloop
  endfacet
  facet normal 0 -1 -0
    outer loop
      vertex -18.4913 15.276 23.2721
      vertex -32.656 15.276 1.01
      vertex -18.158 15.276 22.3404
    endloop
  endfacet
  facet normal 0 -1 -0
    outer loop
      vertex -18.7318 15.276 24.2319
      vertex -32.656 15.276 1.01
      vertex -18.4913 15.276 23.2721
    endloop
  endfacet
  facet normal 0 -1 -0
    outer loop
      vertex -18.8769 15.276 25.2107
      vertex -32.656 15.276 1.01
      vertex -18.7318 15.276 24.2319
    endloop
  endfacet
  facet normal 0 -1 -0
    outer loop
      vertex -18.9255 15.276 26.199
      vertex -32.656 15.276 1.01
      vertex -18.8769 15.276 25.2107
    endloop
  endfacet
  facet normal 0 -1 0
    outer loop
      vertex 84.4315 15.276 117.196
      vertex 108.245 15.276 130.351
      vertex -8.8425 15.276 117.196
    endloop
  endfacet
  facet normal 0 -1 0
    outer loop
      vertex 85.4198 15.276 117.147
      vertex 108.245 15.276 130.351
      vertex 84.4315 15.276 117.196
    endloop
  endfacet
  facet normal 0 -1 0
    outer loop
      vertex 86.3986 15.276 117.002
      vertex 108.245 15.276 130.351
      vertex 85.4198 15.276 117.147
    endloop
  endfacet
  facet normal 0 -1 0
    outer loop
      vertex 87.3584 15.276 116.762
      vertex 108.245 15.276 130.351
      vertex 86.3986 15.276 117.002
    endloop
  endfacet
  facet normal 0 -1 0
    outer loop
      vertex 88.2901 15.276 116.428
      vertex 108.245 15.276 130.351
      vertex 87.3584 15.276 116.762
    endloop
  endfacet
  facet normal 0 -1 0
    outer loop
      vertex 89.1846 15.276 116.005
      vertex 108.245 15.276 130.351
      vertex 88.2901 15.276 116.428
    endloop
  endfacet
  facet normal 0 -1 0
    outer loop
      vertex 90.0333 15.276 115.497
      vertex 108.245 15.276 130.351
      vertex 89.1846 15.276 116.005
    endloop
  endfacet
  facet normal 0 -1 0
    outer loop
      vertex 90.8281 15.276 114.907
      vertex 108.245 15.276 130.351
      vertex 90.0333 15.276 115.497
    endloop
  endfacet
  facet normal 0 -1 0
    outer loop
      vertex 91.5613 15.276 114.243
      vertex 108.245 15.276 130.351
      vertex 90.8281 15.276 114.907
    endloop
  endfacet
  facet normal 0 -1 0
    outer loop
      vertex 92.2258 15.276 113.51
      vertex 108.245 15.276 130.351
      vertex 91.5613 15.276 114.243
    endloop
  endfacet
  facet normal 0 -1 0
    outer loop
      vertex 92.8152 15.276 112.715
      vertex 108.245 15.276 130.351
      vertex 92.2258 15.276 113.51
    endloop
  endfacet
  facet normal 0 -1 0
    outer loop
      vertex 93.3239 15.276 111.866
      vertex 108.245 15.276 130.351
      vertex 92.8152 15.276 112.715
    endloop
  endfacet
  facet normal 0 -1 0
    outer loop
      vertex 93.747 15.276 110.972
      vertex 108.245 15.276 130.351
      vertex 93.3239 15.276 111.866
    endloop
  endfacet
  facet normal 0 -1 0
    outer loop
      vertex 94.0803 15.276 110.04
      vertex 108.245 15.276 130.351
      vertex 93.747 15.276 110.972
    endloop
  endfacet
  facet normal 0 -1 0
    outer loop
      vertex 94.3208 15.276 109.08
      vertex 108.245 15.276 130.351
      vertex 94.0803 15.276 110.04
    endloop
  endfacet
  facet normal 0 -1 0
    outer loop
      vertex 94.466 15.276 108.101
      vertex 108.245 15.276 130.351
      vertex 94.3208 15.276 109.08
    endloop
  endfacet
  facet normal 0 -1 0
    outer loop
      vertex 94.5145 15.276 107.113
      vertex 108.245 15.276 130.351
      vertex 94.466 15.276 108.101
    endloop
  endfacet
  facet normal 0 -1 0
    outer loop
      vertex 94.5145 15.276 26.199
      vertex 108.245 15.276 130.351
      vertex 94.5145 15.276 107.113
    endloop
  endfacet
  facet normal 0 -1 0
    outer loop
      vertex 108.245 15.276 1.01
      vertex 94.5145 15.276 26.199
      vertex 94.466 15.276 25.2107
    endloop
  endfacet
  facet normal 0 -1 0
    outer loop
      vertex 108.245 15.276 1.01
      vertex 84.4315 15.276 16.116
      vertex -32.656 15.276 1.01
    endloop
  endfacet
  facet normal 0 -1 0
    outer loop
      vertex 94.5145 15.276 26.199
      vertex 108.245 15.276 1.01
      vertex 108.245 15.276 130.351
    endloop
  endfacet
  facet normal 0 -1 0
    outer loop
      vertex 94.3208 15.276 24.2319
      vertex 108.245 15.276 1.01
      vertex 94.466 15.276 25.2107
    endloop
  endfacet
  facet normal 0 -1 0
    outer loop
      vertex 94.0803 15.276 23.2721
      vertex 108.245 15.276 1.01
      vertex 94.3208 15.276 24.2319
    endloop
  endfacet
  facet normal 0 -1 0
    outer loop
      vertex 93.747 15.276 22.3404
      vertex 108.245 15.276 1.01
      vertex 94.0803 15.276 23.2721
    endloop
  endfacet
  facet normal 0 -1 0
    outer loop
      vertex 93.3239 15.276 21.4459
      vertex 108.245 15.276 1.01
      vertex 93.747 15.276 22.3404
    endloop
  endfacet
  facet normal 0 -1 0
    outer loop
      vertex 92.8152 15.276 20.5972
      vertex 108.245 15.276 1.01
      vertex 93.3239 15.276 21.4459
    endloop
  endfacet
  facet normal 0 -1 0
    outer loop
      vertex 92.2258 15.276 19.8024
      vertex 108.245 15.276 1.01
      vertex 92.8152 15.276 20.5972
    endloop
  endfacet
  facet normal 0 -1 0
    outer loop
      vertex 91.5613 15.276 19.0692
      vertex 108.245 15.276 1.01
      vertex 92.2258 15.276 19.8024
    endloop
  endfacet
  facet normal 0 -1 0
    outer loop
      vertex 90.8281 15.276 18.4047
      vertex 108.245 15.276 1.01
      vertex 91.5613 15.276 19.0692
    endloop
  endfacet
  facet normal 0 -1 0
    outer loop
      vertex 90.0333 15.276 17.8153
      vertex 108.245 15.276 1.01
      vertex 90.8281 15.276 18.4047
    endloop
  endfacet
  facet normal 0 -1 0
    outer loop
      vertex 89.1846 15.276 17.3066
      vertex 108.245 15.276 1.01
      vertex 90.0333 15.276 17.8153
    endloop
  endfacet
  facet normal 0 -1 0
    outer loop
      vertex 88.2901 15.276 16.8835
      vertex 108.245 15.276 1.01
      vertex 89.1846 15.276 17.3066
    endloop
  endfacet
  facet normal 0 -1 0
    outer loop
      vertex 87.3584 15.276 16.5502
      vertex 108.245 15.276 1.01
      vertex 88.2901 15.276 16.8835
    endloop
  endfacet
  facet normal 0 -1 0
    outer loop
      vertex 86.3986 15.276 16.3097
      vertex 108.245 15.276 1.01
      vertex 87.3584 15.276 16.5502
    endloop
  endfacet
  facet normal 0 -1 0
    outer loop
      vertex 85.4198 15.276 16.1646
      vertex 108.245 15.276 1.01
      vertex 86.3986 15.276 16.3097
    endloop
  endfacet
  facet normal 0 -1 0
    outer loop
      vertex 84.4315 15.276 16.116
      vertex 108.245 15.276 1.01
      vertex 85.4198 15.276 16.1646
    endloop
  endfacet
  facet normal -0.596061 0.802939 0
    outer loop
      vertex 106.641 -13.6563 1.01
      vertex 106.079 -14.0735 130.351
      vertex 106.641 -13.6563 130.351
    endloop
  endfacet
  facet normal -0.596061 0.802939 0
    outer loop
      vertex 106.079 -14.0735 130.351
      vertex 106.641 -13.6563 1.01
      vertex 106.079 -14.0735 1.01
    endloop
  endfacet
  facet normal -0.99882 0.0485558 0
    outer loop
      vertex 109.216 -8.8399 1.01
      vertex 109.25 -8.1405 130.351
      vertex 109.25 -8.1405 1.01
    endloop
  endfacet
  facet normal -0.99882 0.0485558 0
    outer loop
      vertex 109.25 -8.1405 130.351
      vertex 109.216 -8.8399 1.01
      vertex 109.216 -8.8399 130.351
    endloop
  endfacet
  facet normal -0.741167 0.671321 0
    outer loop
      vertex 107.16 -13.1861 1.01
      vertex 107.63 -12.6672 130.351
      vertex 107.63 -12.6672 1.01
    endloop
  endfacet
  facet normal -0.741167 0.671321 0
    outer loop
      vertex 107.63 -12.6672 130.351
      vertex 107.16 -13.1861 1.01
      vertex 107.16 -13.1861 130.351
    endloop
  endfacet
  facet normal 0.0486732 -0.998815 0
    outer loop
      vertex -32.7545 15.2712 1.01
      vertex -32.656 15.276 130.351
      vertex -32.7545 15.2712 130.351
    endloop
  endfacet
  facet normal 0.0486732 -0.998815 0
    outer loop
      vertex -32.656 15.276 130.351
      vertex -32.7545 15.2712 1.01
      vertex -32.656 15.276 1.01
    endloop
  endfacet
  facet normal 0.998793 0.0491256 0
    outer loop
      vertex -33.6266 -8.8399 130.351
      vertex -33.661 -8.1405 1.01
      vertex -33.661 -8.1405 130.351
    endloop
  endfacet
  facet normal 0.998793 0.0491256 0
    outer loop
      vertex -33.661 -8.1405 1.01
      vertex -33.6266 -8.8399 130.351
      vertex -33.6266 -8.8399 1.01
    endloop
  endfacet
  facet normal 0.146953 -0.989144 0
    outer loop
      vertex -32.8521 15.2567 1.01
      vertex -32.7545 15.2712 130.351
      vertex -32.8521 15.2567 130.351
    endloop
  endfacet
  facet normal 0.146953 -0.989144 0
    outer loop
      vertex -32.7545 15.2712 130.351
      vertex -32.8521 15.2567 1.01
      vertex -32.7545 15.2712 1.01
    endloop
  endfacet
  facet normal -0.941499 0.337015 0
    outer loop
      vertex 108.707 -10.8711 1.01
      vertex 108.943 -10.2118 130.351
      vertex 108.943 -10.2118 1.01
    endloop
  endfacet
  facet normal -0.941499 0.337015 0
    outer loop
      vertex 108.943 -10.2118 130.351
      vertex 108.707 -10.8711 1.01
      vertex 108.707 -10.8711 130.351
    endloop
  endfacet
  facet normal -0.0491537 0.998791 0
    outer loop
      vertex 102.814 -15.2416 130.351
      vertex 102.115 -15.276 4
      vertex 102.115 -15.276 130.351
    endloop
  endfacet
  facet normal -0.0491537 0.998791 0
    outer loop
      vertex 102.814 -15.2416 1.01
      vertex 102.115 -15.276 4
      vertex 102.814 -15.2416 130.351
    endloop
  endfacet
  facet normal -0.0491537 0.998791 0
    outer loop
      vertex 102.115 -15.276 4
      vertex 102.814 -15.2416 1.01
      vertex 102.115 -15.276 1.01
    endloop
  endfacet
  facet normal -0.741776 -0.670647 0
    outer loop
      vertex 109.022 14.9086 1.01
      vertex 108.956 14.9816 130.351
      vertex 108.956 14.9816 1.01
    endloop
  endfacet
  facet normal -0.741776 -0.670647 0
    outer loop
      vertex 108.956 14.9816 130.351
      vertex 109.022 14.9086 1.01
      vertex 109.022 14.9086 130.351
    endloop
  endfacet
  facet normal 0.989186 0.146664 0
    outer loop
      vertex -33.5239 -9.53257 130.351
      vertex -33.6266 -8.8399 1.01
      vertex -33.6266 -8.8399 130.351
    endloop
  endfacet
  facet normal 0.989186 0.146664 0
    outer loop
      vertex -33.6266 -8.8399 1.01
      vertex -33.5239 -9.53257 130.351
      vertex -33.5239 -9.53257 1.01
    endloop
  endfacet
  facet normal -0.989124 0.147083 0
    outer loop
      vertex 109.113 -9.53257 1.01
      vertex 109.216 -8.8399 130.351
      vertex 109.216 -8.8399 1.01
    endloop
  endfacet
  facet normal -0.989124 0.147083 0
    outer loop
      vertex 109.216 -8.8399 130.351
      vertex 109.113 -9.53257 1.01
      vertex 109.113 -9.53257 130.351
    endloop
  endfacet
  facet normal -0.516742 -0.856141 0
    outer loop
      vertex 108.719 15.1573 1.01
      vertex 108.803 15.1066 130.351
      vertex 108.719 15.1573 130.351
    endloop
  endfacet
  facet normal -0.516742 -0.856141 -0
    outer loop
      vertex 108.803 15.1066 130.351
      vertex 108.719 15.1573 1.01
      vertex 108.803 15.1066 1.01
    endloop
  endfacet
  facet normal -0.969903 -0.24349 0
    outer loop
      vertex 109.231 14.4671 1.01
      vertex 109.207 14.5627 130.351
      vertex 109.207 14.5627 1.01
    endloop
  endfacet
  facet normal -0.969903 -0.24349 0
    outer loop
      vertex 109.207 14.5627 130.351
      vertex 109.231 14.4671 1.01
      vertex 109.231 14.4671 130.351
    endloop
  endfacet
  facet normal 0.903944 -0.427651 0
    outer loop
      vertex -33.5845 14.6556 130.351
      vertex -33.5423 14.7448 1.01
      vertex -33.5423 14.7448 130.351
    endloop
  endfacet
  facet normal 0.903944 -0.427651 0
    outer loop
      vertex -33.5423 14.7448 1.01
      vertex -33.5845 14.6556 130.351
      vertex -33.5845 14.6556 1.01
    endloop
  endfacet
  facet normal -0.998714 -0.0506961 0
    outer loop
      vertex 109.25 14.271 1.01
      vertex 109.245 14.3695 130.351
      vertex 109.245 14.3695 1.01
    endloop
  endfacet
  facet normal -0.998714 -0.0506961 0
    outer loop
      vertex 109.245 14.3695 130.351
      vertex 109.25 14.271 1.01
      vertex 109.25 14.271 130.351
    endloop
  endfacet
  facet normal 0 1 -0
    outer loop
      vertex 102.115 -15.276 1.01
      vertex 102.007 -15.276 4
      vertex 102.115 -15.276 4
    endloop
  endfacet
  facet normal 0 1 0
    outer loop
      vertex 102.007 -15.276 4
      vertex 102.115 -15.276 1.01
      vertex -26.4185 -15.276 4
    endloop
  endfacet
  facet normal 0 1 0
    outer loop
      vertex -26.5255 -15.276 1.01
      vertex -26.4185 -15.276 4
      vertex 102.115 -15.276 1.01
    endloop
  endfacet
  facet normal 0 1 0
    outer loop
      vertex -26.4185 -15.276 4
      vertex -26.5255 -15.276 1.01
      vertex -26.5255 -15.276 4
    endloop
  endfacet
  facet normal 0 1 0
    outer loop
      vertex 102.007 -15.276 130.351
      vertex 84.4315 -15.276 117.196
      vertex -26.4185 -15.276 130.351
    endloop
  endfacet
  facet normal 0 1 0
    outer loop
      vertex 102.007 -15.276 130.351
      vertex 85.4198 -15.276 117.147
      vertex 84.4315 -15.276 117.196
    endloop
  endfacet
  facet normal 0 1 0
    outer loop
      vertex 102.007 -15.276 130.351
      vertex 86.3986 -15.276 117.002
      vertex 85.4198 -15.276 117.147
    endloop
  endfacet
  facet normal 0 1 0
    outer loop
      vertex 102.007 -15.276 130.351
      vertex 87.3584 -15.276 116.762
      vertex 86.3986 -15.276 117.002
    endloop
  endfacet
  facet normal 0 1 0
    outer loop
      vertex 102.007 -15.276 130.351
      vertex 88.2901 -15.276 116.428
      vertex 87.3584 -15.276 116.762
    endloop
  endfacet
  facet normal 0 1 0
    outer loop
      vertex 102.007 -15.276 130.351
      vertex 89.1846 -15.276 116.005
      vertex 88.2901 -15.276 116.428
    endloop
  endfacet
  facet normal 0 1 0
    outer loop
      vertex 102.007 -15.276 130.351
      vertex 90.0333 -15.276 115.497
      vertex 89.1846 -15.276 116.005
    endloop
  endfacet
  facet normal 0 1 0
    outer loop
      vertex 102.007 -15.276 130.351
      vertex 90.8281 -15.276 114.907
      vertex 90.0333 -15.276 115.497
    endloop
  endfacet
  facet normal 0 1 0
    outer loop
      vertex 102.007 -15.276 130.351
      vertex 91.5613 -15.276 114.243
      vertex 90.8281 -15.276 114.907
    endloop
  endfacet
  facet normal 0 1 0
    outer loop
      vertex 102.007 -15.276 130.351
      vertex 92.2258 -15.276 113.51
      vertex 91.5613 -15.276 114.243
    endloop
  endfacet
  facet normal 0 1 0
    outer loop
      vertex 102.007 -15.276 130.351
      vertex 92.8152 -15.276 112.715
      vertex 92.2258 -15.276 113.51
    endloop
  endfacet
  facet normal 0 1 0
    outer loop
      vertex 102.007 -15.276 130.351
      vertex 93.3239 -15.276 111.866
      vertex 92.8152 -15.276 112.715
    endloop
  endfacet
  facet normal 0 1 0
    outer loop
      vertex 102.007 -15.276 130.351
      vertex 93.747 -15.276 110.972
      vertex 93.3239 -15.276 111.866
    endloop
  endfacet
  facet normal 0 1 0
    outer loop
      vertex 102.007 -15.276 130.351
      vertex 94.0803 -15.276 110.04
      vertex 93.747 -15.276 110.972
    endloop
  endfacet
  facet normal 0 1 0
    outer loop
      vertex 102.007 -15.276 130.351
      vertex 94.3208 -15.276 109.08
      vertex 94.0803 -15.276 110.04
    endloop
  endfacet
  facet normal 0 1 0
    outer loop
      vertex 102.007 -15.276 130.351
      vertex 94.466 -15.276 108.101
      vertex 94.3208 -15.276 109.08
    endloop
  endfacet
  facet normal 0 1 0
    outer loop
      vertex 102.007 -15.276 130.351
      vertex 94.5145 -15.276 107.113
      vertex 94.466 -15.276 108.101
    endloop
  endfacet
  facet normal 0 1 -0
    outer loop
      vertex 102.007 -15.276 4
      vertex 94.5145 -15.276 107.113
      vertex 102.007 -15.276 130.351
    endloop
  endfacet
  facet normal 0 1 0
    outer loop
      vertex 94.5145 -15.276 107.113
      vertex 102.007 -15.276 4
      vertex 94.5145 -15.276 26.199
    endloop
  endfacet
  facet normal 0 1 0
    outer loop
      vertex 84.4315 -15.276 16.116
      vertex 102.007 -15.276 4
      vertex -8.8425 -15.276 16.116
    endloop
  endfacet
  facet normal 0 1 0
    outer loop
      vertex 85.4198 -15.276 16.1646
      vertex 102.007 -15.276 4
      vertex 84.4315 -15.276 16.116
    endloop
  endfacet
  facet normal 0 1 0
    outer loop
      vertex 86.3986 -15.276 16.3097
      vertex 102.007 -15.276 4
      vertex 85.4198 -15.276 16.1646
    endloop
  endfacet
  facet normal 0 1 0
    outer loop
      vertex 87.3584 -15.276 16.5502
      vertex 102.007 -15.276 4
      vertex 86.3986 -15.276 16.3097
    endloop
  endfacet
  facet normal 0 1 0
    outer loop
      vertex 88.2901 -15.276 16.8835
      vertex 102.007 -15.276 4
      vertex 87.3584 -15.276 16.5502
    endloop
  endfacet
  facet normal 0 1 0
    outer loop
      vertex 89.1846 -15.276 17.3066
      vertex 102.007 -15.276 4
      vertex 88.2901 -15.276 16.8835
    endloop
  endfacet
  facet normal 0 1 0
    outer loop
      vertex 90.0333 -15.276 17.8153
      vertex 102.007 -15.276 4
      vertex 89.1846 -15.276 17.3066
    endloop
  endfacet
  facet normal 0 1 0
    outer loop
      vertex 90.8281 -15.276 18.4047
      vertex 102.007 -15.276 4
      vertex 90.0333 -15.276 17.8153
    endloop
  endfacet
  facet normal 0 1 0
    outer loop
      vertex 91.5613 -15.276 19.0692
      vertex 102.007 -15.276 4
      vertex 90.8281 -15.276 18.4047
    endloop
  endfacet
  facet normal 0 1 0
    outer loop
      vertex 92.2258 -15.276 19.8024
      vertex 102.007 -15.276 4
      vertex 91.5613 -15.276 19.0692
    endloop
  endfacet
  facet normal 0 1 0
    outer loop
      vertex 92.8152 -15.276 20.5972
      vertex 102.007 -15.276 4
      vertex 92.2258 -15.276 19.8024
    endloop
  endfacet
  facet normal 0 1 0
    outer loop
      vertex 93.3239 -15.276 21.4459
      vertex 102.007 -15.276 4
      vertex 92.8152 -15.276 20.5972
    endloop
  endfacet
  facet normal 0 1 0
    outer loop
      vertex 93.747 -15.276 22.3404
      vertex 102.007 -15.276 4
      vertex 93.3239 -15.276 21.4459
    endloop
  endfacet
  facet normal 0 1 0
    outer loop
      vertex 94.0803 -15.276 23.2721
      vertex 102.007 -15.276 4
      vertex 93.747 -15.276 22.3404
    endloop
  endfacet
  facet normal 0 1 0
    outer loop
      vertex 94.3208 -15.276 24.2319
      vertex 102.007 -15.276 4
      vertex 94.0803 -15.276 23.2721
    endloop
  endfacet
  facet normal 0 1 0
    outer loop
      vertex 94.466 -15.276 25.2107
      vertex 102.007 -15.276 4
      vertex 94.3208 -15.276 24.2319
    endloop
  endfacet
  facet normal 0 1 0
    outer loop
      vertex 94.5145 -15.276 26.199
      vertex 102.007 -15.276 4
      vertex 94.466 -15.276 25.2107
    endloop
  endfacet
  facet normal 0 1 -0
    outer loop
      vertex -8.8425 -15.276 117.196
      vertex -26.4185 -15.276 130.351
      vertex 84.4315 -15.276 117.196
    endloop
  endfacet
  facet normal 0 1 -0
    outer loop
      vertex -9.83081 -15.276 117.147
      vertex -26.4185 -15.276 130.351
      vertex -8.8425 -15.276 117.196
    endloop
  endfacet
  facet normal 0 1 -0
    outer loop
      vertex -10.8096 -15.276 117.002
      vertex -26.4185 -15.276 130.351
      vertex -9.83081 -15.276 117.147
    endloop
  endfacet
  facet normal 0 1 -0
    outer loop
      vertex -11.7694 -15.276 116.762
      vertex -26.4185 -15.276 130.351
      vertex -10.8096 -15.276 117.002
    endloop
  endfacet
  facet normal 0 1 -0
    outer loop
      vertex -12.7011 -15.276 116.428
      vertex -26.4185 -15.276 130.351
      vertex -11.7694 -15.276 116.762
    endloop
  endfacet
  facet normal 0 1 -0
    outer loop
      vertex -13.5956 -15.276 116.005
      vertex -26.4185 -15.276 130.351
      vertex -12.7011 -15.276 116.428
    endloop
  endfacet
  facet normal 0 1 -0
    outer loop
      vertex -14.4443 -15.276 115.497
      vertex -26.4185 -15.276 130.351
      vertex -13.5956 -15.276 116.005
    endloop
  endfacet
  facet normal 0 1 -0
    outer loop
      vertex -15.2391 -15.276 114.907
      vertex -26.4185 -15.276 130.351
      vertex -14.4443 -15.276 115.497
    endloop
  endfacet
  facet normal 0 1 -0
    outer loop
      vertex -15.9723 -15.276 114.243
      vertex -26.4185 -15.276 130.351
      vertex -15.2391 -15.276 114.907
    endloop
  endfacet
  facet normal 0 1 -0
    outer loop
      vertex -16.6368 -15.276 113.51
      vertex -26.4185 -15.276 130.351
      vertex -15.9723 -15.276 114.243
    endloop
  endfacet
  facet normal 0 1 -0
    outer loop
      vertex -17.2262 -15.276 112.715
      vertex -26.4185 -15.276 130.351
      vertex -16.6368 -15.276 113.51
    endloop
  endfacet
  facet normal 0 1 -0
    outer loop
      vertex -17.7349 -15.276 111.866
      vertex -26.4185 -15.276 130.351
      vertex -17.2262 -15.276 112.715
    endloop
  endfacet
  facet normal 0 1 -0
    outer loop
      vertex -18.158 -15.276 110.972
      vertex -26.4185 -15.276 130.351
      vertex -17.7349 -15.276 111.866
    endloop
  endfacet
  facet normal 0 1 -0
    outer loop
      vertex -18.4913 -15.276 110.04
      vertex -26.4185 -15.276 130.351
      vertex -18.158 -15.276 110.972
    endloop
  endfacet
  facet normal 0 1 -0
    outer loop
      vertex -18.7318 -15.276 109.08
      vertex -26.4185 -15.276 130.351
      vertex -18.4913 -15.276 110.04
    endloop
  endfacet
  facet normal 0 1 -0
    outer loop
      vertex -18.8769 -15.276 108.101
      vertex -26.4185 -15.276 130.351
      vertex -18.7318 -15.276 109.08
    endloop
  endfacet
  facet normal 0 1 -0
    outer loop
      vertex -18.9255 -15.276 107.113
      vertex -26.4185 -15.276 130.351
      vertex -18.8769 -15.276 108.101
    endloop
  endfacet
  facet normal 0 1 0
    outer loop
      vertex -26.4185 -15.276 4
      vertex -18.9255 -15.276 107.113
      vertex -18.9255 -15.276 26.199
    endloop
  endfacet
  facet normal 0 1 0
    outer loop
      vertex -26.4185 -15.276 4
      vertex -18.9255 -15.276 26.199
      vertex -18.8769 -15.276 25.2107
    endloop
  endfacet
  facet normal 0 1 0
    outer loop
      vertex -26.4185 -15.276 4
      vertex -8.8425 -15.276 16.116
      vertex 102.007 -15.276 4
    endloop
  endfacet
  facet normal 0 1 0
    outer loop
      vertex -18.9255 -15.276 107.113
      vertex -26.4185 -15.276 4
      vertex -26.4185 -15.276 130.351
    endloop
  endfacet
  facet normal 0 1 0
    outer loop
      vertex -18.7318 -15.276 24.2319
      vertex -26.4185 -15.276 4
      vertex -18.8769 -15.276 25.2107
    endloop
  endfacet
  facet normal 0 1 0
    outer loop
      vertex -18.4913 -15.276 23.2721
      vertex -26.4185 -15.276 4
      vertex -18.7318 -15.276 24.2319
    endloop
  endfacet
  facet normal 0 1 0
    outer loop
      vertex -18.158 -15.276 22.3404
      vertex -26.4185 -15.276 4
      vertex -18.4913 -15.276 23.2721
    endloop
  endfacet
  facet normal 0 1 0
    outer loop
      vertex -17.7349 -15.276 21.4459
      vertex -26.4185 -15.276 4
      vertex -18.158 -15.276 22.3404
    endloop
  endfacet
  facet normal 0 1 0
    outer loop
      vertex -17.2262 -15.276 20.5972
      vertex -26.4185 -15.276 4
      vertex -17.7349 -15.276 21.4459
    endloop
  endfacet
  facet normal 0 1 0
    outer loop
      vertex -16.6368 -15.276 19.8024
      vertex -26.4185 -15.276 4
      vertex -17.2262 -15.276 20.5972
    endloop
  endfacet
  facet normal 0 1 0
    outer loop
      vertex -15.9723 -15.276 19.0692
      vertex -26.4185 -15.276 4
      vertex -16.6368 -15.276 19.8024
    endloop
  endfacet
  facet normal 0 1 0
    outer loop
      vertex -15.2391 -15.276 18.4047
      vertex -26.4185 -15.276 4
      vertex -15.9723 -15.276 19.0692
    endloop
  endfacet
  facet normal 0 1 0
    outer loop
      vertex -14.4443 -15.276 17.8153
      vertex -26.4185 -15.276 4
      vertex -15.2391 -15.276 18.4047
    endloop
  endfacet
  facet normal 0 1 0
    outer loop
      vertex -13.5956 -15.276 17.3066
      vertex -26.4185 -15.276 4
      vertex -14.4443 -15.276 17.8153
    endloop
  endfacet
  facet normal 0 1 0
    outer loop
      vertex -12.7011 -15.276 16.8835
      vertex -26.4185 -15.276 4
      vertex -13.5956 -15.276 17.3066
    endloop
  endfacet
  facet normal 0 1 0
    outer loop
      vertex -11.7694 -15.276 16.5502
      vertex -26.4185 -15.276 4
      vertex -12.7011 -15.276 16.8835
    endloop
  endfacet
  facet normal 0 1 0
    outer loop
      vertex -10.8096 -15.276 16.3097
      vertex -26.4185 -15.276 4
      vertex -11.7694 -15.276 16.5502
    endloop
  endfacet
  facet normal 0 1 0
    outer loop
      vertex -9.83081 -15.276 16.1646
      vertex -26.4185 -15.276 4
      vertex -10.8096 -15.276 16.3097
    endloop
  endfacet
  facet normal 0 1 0
    outer loop
      vertex -8.8425 -15.276 16.116
      vertex -26.4185 -15.276 4
      vertex -9.83081 -15.276 16.1646
    endloop
  endfacet
  facet normal 0 1 -0
    outer loop
      vertex -26.4185 -15.276 4
      vertex -26.5255 -15.276 130.351
      vertex -26.4185 -15.276 130.351
    endloop
  endfacet
  facet normal 0 1 0
    outer loop
      vertex -26.5255 -15.276 130.351
      vertex -26.4185 -15.276 4
      vertex -26.5255 -15.276 4
    endloop
  endfacet
  facet normal 0 1 -0
    outer loop
      vertex 102.115 -15.276 4
      vertex 102.007 -15.276 130.351
      vertex 102.115 -15.276 130.351
    endloop
  endfacet
  facet normal 0 1 0
    outer loop
      vertex 102.007 -15.276 130.351
      vertex 102.115 -15.276 4
      vertex 102.007 -15.276 4
    endloop
  endfacet
  facet normal 0.336529 -0.941673 0
    outer loop
      vertex -33.0406 15.1995 1.01
      vertex -32.9477 15.2327 130.351
      vertex -33.0406 15.1995 130.351
    endloop
  endfacet
  facet normal 0.336529 -0.941673 0
    outer loop
      vertex -32.9477 15.2327 130.351
      vertex -33.0406 15.1995 1.01
      vertex -32.9477 15.2327 1.01
    endloop
  endfacet
  facet normal 0.336888 0.941545 -0
    outer loop
      vertex -28.5968 -14.9687 1.01
      vertex -29.2561 -14.7328 130.351
      vertex -28.5968 -14.9687 130.351
    endloop
  endfacet
  facet normal 0.336888 0.941545 0
    outer loop
      vertex -29.2561 -14.7328 130.351
      vertex -28.5968 -14.9687 1.01
      vertex -29.2561 -14.7328 1.01
    endloop
  endfacet
  facet normal 0.427515 0.904008 -0
    outer loop
      vertex -29.2561 -14.7328 1.01
      vertex -29.8892 -14.4334 130.351
      vertex -29.2561 -14.7328 130.351
    endloop
  endfacet
  facet normal 0.427515 0.904008 0
    outer loop
      vertex -29.8892 -14.4334 130.351
      vertex -29.2561 -14.7328 1.01
      vertex -29.8892 -14.4334 1.01
    endloop
  endfacet
  facet normal -0.337024 0.941496 0
    outer loop
      vertex 104.845 -14.7328 1.01
      vertex 104.186 -14.9687 130.351
      vertex 104.845 -14.7328 130.351
    endloop
  endfacet
  facet normal -0.337024 0.941496 0
    outer loop
      vertex 104.186 -14.9687 130.351
      vertex 104.845 -14.7328 1.01
      vertex 104.186 -14.9687 1.01
    endloop
  endfacet
  facet normal 0.427651 -0.903944 0
    outer loop
      vertex -33.1298 15.1573 1.01
      vertex -33.0406 15.1995 130.351
      vertex -33.1298 15.1573 130.351
    endloop
  endfacet
  facet normal 0.427651 -0.903944 0
    outer loop
      vertex -33.0406 15.1995 130.351
      vertex -33.1298 15.1573 1.01
      vertex -33.0406 15.1995 1.01
    endloop
  endfacet
  facet normal 0.803142 0.595787 0
    outer loop
      vertex -32.0413 -12.6672 130.351
      vertex -32.4585 -12.1048 1.01
      vertex -32.4585 -12.1048 130.351
    endloop
  endfacet
  facet normal 0.803142 0.595787 0
    outer loop
      vertex -32.4585 -12.1048 1.01
      vertex -32.0413 -12.6672 130.351
      vertex -32.0413 -12.6672 1.01
    endloop
  endfacet
  facet normal 0.85772 0.514118 0
    outer loop
      vertex -32.4585 -12.1048 130.351
      vertex -32.8185 -11.5042 1.01
      vertex -32.8185 -11.5042 130.351
    endloop
  endfacet
  facet normal 0.85772 0.514118 0
    outer loop
      vertex -32.8185 -11.5042 1.01
      vertex -32.4585 -12.1048 130.351
      vertex -32.4585 -12.1048 1.01
    endloop
  endfacet
  facet normal 0.595787 0.803142 -0
    outer loop
      vertex -30.4898 -14.0735 1.01
      vertex -31.0522 -13.6563 130.351
      vertex -30.4898 -14.0735 130.351
    endloop
  endfacet
  facet normal 0.595787 0.803142 0
    outer loop
      vertex -31.0522 -13.6563 130.351
      vertex -30.4898 -14.0735 1.01
      vertex -31.0522 -13.6563 1.01
    endloop
  endfacet
  facet normal -0.942314 -0.334729 0
    outer loop
      vertex 109.207 14.5627 1.01
      vertex 109.174 14.6556 130.351
      vertex 109.174 14.6556 1.01
    endloop
  endfacet
  facet normal -0.942314 -0.334729 0
    outer loop
      vertex 109.174 14.6556 130.351
      vertex 109.207 14.5627 1.01
      vertex 109.207 14.5627 130.351
    endloop
  endfacet
  facet normal -0.146595 0.989197 0
    outer loop
      vertex 103.507 -15.1389 1.01
      vertex 102.814 -15.2416 130.351
      vertex 103.507 -15.1389 130.351
    endloop
  endfacet
  facet normal -0.146595 0.989197 0
    outer loop
      vertex 102.814 -15.2416 130.351
      vertex 103.507 -15.1389 1.01
      vertex 102.814 -15.2416 1.01
    endloop
  endfacet
  facet normal -0.989868 -0.141989 0
    outer loop
      vertex 109.245 14.3695 1.01
      vertex 109.231 14.4671 130.351
      vertex 109.231 14.4671 1.01
    endloop
  endfacet
  facet normal -0.989868 -0.141989 0
    outer loop
      vertex 109.231 14.4671 130.351
      vertex 109.245 14.3695 1.01
      vertex 109.245 14.3695 130.351
    endloop
  endfacet
  facet normal -0.672319 -0.740261 0
    outer loop
      vertex 108.883 15.0479 1.01
      vertex 108.956 14.9816 130.351
      vertex 108.883 15.0479 130.351
    endloop
  endfacet
  facet normal -0.672319 -0.740261 -0
    outer loop
      vertex 108.956 14.9816 130.351
      vertex 108.883 15.0479 1.01
      vertex 108.956 14.9816 1.01
    endloop
  endfacet
  facet normal -0.802301 -0.59692 0
    outer loop
      vertex 109.081 14.8293 1.01
      vertex 109.022 14.9086 130.351
      vertex 109.022 14.9086 1.01
    endloop
  endfacet
  facet normal -0.802301 -0.59692 0
    outer loop
      vertex 109.022 14.9086 130.351
      vertex 109.081 14.8293 1.01
      vertex 109.081 14.8293 130.351
    endloop
  endfacet
  facet normal -0.243141 0.969991 0
    outer loop
      vertex 104.186 -14.9687 1.01
      vertex 103.507 -15.1389 130.351
      vertex 104.186 -14.9687 130.351
    endloop
  endfacet
  facet normal -0.243141 0.969991 0
    outer loop
      vertex 103.507 -15.1389 130.351
      vertex 104.186 -14.9687 1.01
      vertex 103.507 -15.1389 1.01
    endloop
  endfacet
  facet normal 0.672319 -0.740261 0
    outer loop
      vertex -33.3666 14.9816 1.01
      vertex -33.2936 15.0479 130.351
      vertex -33.3666 14.9816 130.351
    endloop
  endfacet
  facet normal 0.672319 -0.740261 0
    outer loop
      vertex -33.2936 15.0479 130.351
      vertex -33.3666 14.9816 1.01
      vertex -33.2936 15.0479 1.01
    endloop
  endfacet
  facet normal 0.594961 -0.803755 0
    outer loop
      vertex -33.2936 15.0479 1.01
      vertex -33.2143 15.1066 130.351
      vertex -33.2936 15.0479 130.351
    endloop
  endfacet
  facet normal 0.594961 -0.803755 0
    outer loop
      vertex -33.2143 15.1066 130.351
      vertex -33.2936 15.0479 1.01
      vertex -33.2143 15.1066 1.01
    endloop
  endfacet
  facet normal -0.336208 -0.941788 0
    outer loop
      vertex 108.537 15.2327 1.01
      vertex 108.63 15.1995 130.351
      vertex 108.537 15.2327 130.351
    endloop
  endfacet
  facet normal -0.336208 -0.941788 -0
    outer loop
      vertex 108.63 15.1995 130.351
      vertex 108.537 15.2327 1.01
      vertex 108.63 15.1995 1.01
    endloop
  endfacet
  facet normal -0.671407 0.741089 0
    outer loop
      vertex 107.16 -13.1861 1.01
      vertex 106.641 -13.6563 130.351
      vertex 107.16 -13.1861 130.351
    endloop
  endfacet
  facet normal -0.671407 0.741089 0
    outer loop
      vertex 106.641 -13.6563 130.351
      vertex 107.16 -13.1861 1.01
      vertex 106.641 -13.6563 1.01
    endloop
  endfacet
  facet normal 0.740261 -0.672319 0
    outer loop
      vertex -33.4329 14.9086 130.351
      vertex -33.3666 14.9816 1.01
      vertex -33.3666 14.9816 130.351
    endloop
  endfacet
  facet normal 0.740261 -0.672319 0
    outer loop
      vertex -33.3666 14.9816 1.01
      vertex -33.4329 14.9086 130.351
      vertex -33.4329 14.9086 1.01
    endloop
  endfacet
  facet normal -0.970078 0.242794 0
    outer loop
      vertex 108.943 -10.2118 1.01
      vertex 109.113 -9.53257 130.351
      vertex 109.113 -9.53257 1.01
    endloop
  endfacet
  facet normal -0.970078 0.242794 0
    outer loop
      vertex 109.113 -9.53257 130.351
      vertex 108.943 -10.2118 1.01
      vertex 108.943 -10.2118 130.351
    endloop
  endfacet
  facet normal 0.24349 -0.969903 0
    outer loop
      vertex -32.9477 15.2327 1.01
      vertex -32.8521 15.2567 130.351
      vertex -32.9477 15.2327 130.351
    endloop
  endfacet
  facet normal 0.24349 -0.969903 0
    outer loop
      vertex -32.8521 15.2567 130.351
      vertex -32.9477 15.2327 1.01
      vertex -32.8521 15.2567 1.01
    endloop
  endfacet
  facet normal -0.428435 -0.903572 0
    outer loop
      vertex 108.63 15.1995 1.01
      vertex 108.719 15.1573 130.351
      vertex 108.63 15.1995 130.351
    endloop
  endfacet
  facet normal -0.428435 -0.903572 -0
    outer loop
      vertex 108.719 15.1573 130.351
      vertex 108.63 15.1995 1.01
      vertex 108.719 15.1573 1.01
    endloop
  endfacet
  facet normal -0.860622 -0.509244 0
    outer loop
      vertex 109.131 14.7448 1.01
      vertex 109.081 14.8293 130.351
      vertex 109.081 14.8293 1.01
    endloop
  endfacet
  facet normal -0.860622 -0.509244 0
    outer loop
      vertex 109.081 14.8293 130.351
      vertex 109.131 14.7448 1.01
      vertex 109.131 14.7448 130.351
    endloop
  endfacet
  facet normal 0.146657 0.989187 -0
    outer loop
      vertex -27.2249 -15.2416 1.01
      vertex -27.9176 -15.1389 130.351
      vertex -27.2249 -15.2416 130.351
    endloop
  endfacet
  facet normal 0.146657 0.989187 0
    outer loop
      vertex -27.9176 -15.1389 130.351
      vertex -27.2249 -15.2416 1.01
      vertex -27.9176 -15.1389 1.01
    endloop
  endfacet
  facet normal 0.243073 0.970008 -0
    outer loop
      vertex -27.9176 -15.1389 1.01
      vertex -28.5968 -14.9687 130.351
      vertex -27.9176 -15.1389 130.351
    endloop
  endfacet
  facet normal 0.243073 0.970008 0
    outer loop
      vertex -28.5968 -14.9687 130.351
      vertex -27.9176 -15.1389 1.01
      vertex -28.5968 -14.9687 1.01
    endloop
  endfacet
  facet normal 0.0491256 0.998793 -0
    outer loop
      vertex -26.5255 -15.276 4
      vertex -27.2249 -15.2416 130.351
      vertex -26.5255 -15.276 130.351
    endloop
  endfacet
  facet normal 0.0491256 0.998793 0
    outer loop
      vertex -27.2249 -15.2416 1.01
      vertex -26.5255 -15.276 4
      vertex -26.5255 -15.276 1.01
    endloop
  endfacet
  facet normal 0.0491256 0.998793 0
    outer loop
      vertex -26.5255 -15.276 4
      vertex -27.2249 -15.2416 1.01
      vertex -27.2249 -15.2416 130.351
    endloop
  endfacet
  facet normal -0.048428 -0.998827 0
    outer loop
      vertex 108.245 15.276 1.01
      vertex 108.344 15.2712 130.351
      vertex 108.245 15.276 130.351
    endloop
  endfacet
  facet normal -0.048428 -0.998827 -0
    outer loop
      vertex 108.344 15.2712 130.351
      vertex 108.245 15.276 1.01
      vertex 108.344 15.2712 1.01
    endloop
  endfacet
  facet normal 0.969903 -0.24349 0
    outer loop
      vertex -33.6417 14.4671 130.351
      vertex -33.6177 14.5627 1.01
      vertex -33.6177 14.5627 130.351
    endloop
  endfacet
  facet normal 0.969903 -0.24349 0
    outer loop
      vertex -33.6177 14.5627 1.01
      vertex -33.6417 14.4671 130.351
      vertex -33.6417 14.4671 1.01
    endloop
  endfacet
  facet normal -1 0 0
    outer loop
      vertex 109.25 -8.1405 1.01
      vertex 109.25 14.271 130.351
      vertex 109.25 14.271 1.01
    endloop
  endfacet
  facet normal -1 -0 0
    outer loop
      vertex 109.25 14.271 130.351
      vertex 109.25 -8.1405 1.01
      vertex 109.25 -8.1405 130.351
    endloop
  endfacet
  facet normal 0.741025 0.671478 0
    outer loop
      vertex -31.5711 -13.1861 130.351
      vertex -32.0413 -12.6672 1.01
      vertex -32.0413 -12.6672 130.351
    endloop
  endfacet
  facet normal 0.741025 0.671478 0
    outer loop
      vertex -32.0413 -12.6672 1.01
      vertex -31.5711 -13.1861 130.351
      vertex -31.5711 -13.1861 1.01
    endloop
  endfacet
  facet normal 0.803755 -0.594961 0
    outer loop
      vertex -33.4916 14.8293 130.351
      vertex -33.4329 14.9086 1.01
      vertex -33.4329 14.9086 130.351
    endloop
  endfacet
  facet normal 0.803755 -0.594961 0
    outer loop
      vertex -33.4329 14.9086 1.01
      vertex -33.4916 14.8293 130.351
      vertex -33.4916 14.8293 1.01
    endloop
  endfacet
  facet normal -0.242536 -0.970143 0
    outer loop
      vertex 108.441 15.2567 1.01
      vertex 108.537 15.2327 130.351
      vertex 108.441 15.2567 130.351
    endloop
  endfacet
  facet normal -0.242536 -0.970143 -0
    outer loop
      vertex 108.537 15.2327 130.351
      vertex 108.441 15.2567 1.01
      vertex 108.537 15.2327 1.01
    endloop
  endfacet
  facet normal -0.147842 -0.989011 0
    outer loop
      vertex 108.344 15.2712 1.01
      vertex 108.441 15.2567 130.351
      vertex 108.344 15.2712 130.351
    endloop
  endfacet
  facet normal -0.147842 -0.989011 -0
    outer loop
      vertex 108.441 15.2567 130.351
      vertex 108.344 15.2712 1.01
      vertex 108.441 15.2567 1.01
    endloop
  endfacet
  facet normal -0.513761 0.857933 0
    outer loop
      vertex 106.079 -14.0735 1.01
      vertex 105.478 -14.4334 130.351
      vertex 106.079 -14.0735 130.351
    endloop
  endfacet
  facet normal -0.513761 0.857933 0
    outer loop
      vertex 105.478 -14.4334 130.351
      vertex 106.079 -14.0735 1.01
      vertex 105.478 -14.4334 1.01
    endloop
  endfacet
  facet normal -0.427571 0.903982 0
    outer loop
      vertex 105.478 -14.4334 1.01
      vertex 104.845 -14.7328 130.351
      vertex 105.478 -14.4334 130.351
    endloop
  endfacet
  facet normal -0.427571 0.903982 0
    outer loop
      vertex 104.845 -14.7328 130.351
      vertex 105.478 -14.4334 1.01
      vertex 104.845 -14.7328 1.01
    endloop
  endfacet
  facet normal 0.998815 -0.0486732 0
    outer loop
      vertex -33.661 14.271 130.351
      vertex -33.6562 14.3695 1.01
      vertex -33.6562 14.3695 130.351
    endloop
  endfacet
  facet normal 0.998815 -0.0486732 0
    outer loop
      vertex -33.6562 14.3695 1.01
      vertex -33.661 14.271 130.351
      vertex -33.661 14.271 1.01
    endloop
  endfacet
  facet normal -0.803279 0.595603 0
    outer loop
      vertex 107.63 -12.6672 1.01
      vertex 108.047 -12.1048 130.351
      vertex 108.047 -12.1048 1.01
    endloop
  endfacet
  facet normal -0.803279 0.595603 0
    outer loop
      vertex 108.047 -12.1048 130.351
      vertex 107.63 -12.6672 1.01
      vertex 107.63 -12.6672 130.351
    endloop
  endfacet
  facet normal 0.514013 0.857783 -0
    outer loop
      vertex -29.8892 -14.4334 1.01
      vertex -30.4898 -14.0735 130.351
      vertex -29.8892 -14.4334 130.351
    endloop
  endfacet
  facet normal 0.514013 0.857783 0
    outer loop
      vertex -30.4898 -14.0735 130.351
      vertex -29.8892 -14.4334 1.01
      vertex -30.4898 -14.0735 1.01
    endloop
  endfacet
  facet normal 0.671478 0.741025 -0
    outer loop
      vertex -31.0522 -13.6563 1.01
      vertex -31.5711 -13.1861 130.351
      vertex -31.0522 -13.6563 130.351
    endloop
  endfacet
  facet normal 0.671478 0.741025 0
    outer loop
      vertex -31.5711 -13.1861 130.351
      vertex -31.0522 -13.6563 1.01
      vertex -31.5711 -13.1861 1.01
    endloop
  endfacet
  facet normal -0.591582 -0.806245 0
    outer loop
      vertex 108.803 15.1066 1.01
      vertex 108.883 15.0479 130.351
      vertex 108.803 15.1066 130.351
    endloop
  endfacet
  facet normal -0.591582 -0.806245 -0
    outer loop
      vertex 108.883 15.0479 130.351
      vertex 108.803 15.1066 1.01
      vertex 108.883 15.0479 1.01
    endloop
  endfacet
  facet normal -0.903677 0.428215 0
    outer loop
      vertex 108.407 -11.5042 1.01
      vertex 108.707 -10.8711 130.351
      vertex 108.707 -10.8711 1.01
    endloop
  endfacet
  facet normal -0.903677 0.428215 0
    outer loop
      vertex 108.707 -10.8711 130.351
      vertex 108.407 -11.5042 1.01
      vertex 108.407 -11.5042 130.351
    endloop
  endfacet
  facet normal -0.85772 0.514118 0
    outer loop
      vertex 108.047 -12.1048 1.01
      vertex 108.407 -11.5042 130.351
      vertex 108.407 -11.5042 1.01
    endloop
  endfacet
  facet normal -0.85772 0.514118 0
    outer loop
      vertex 108.407 -11.5042 130.351
      vertex 108.047 -12.1048 1.01
      vertex 108.047 -12.1048 130.351
    endloop
  endfacet
  facet normal 0.989144 -0.146953 0
    outer loop
      vertex -33.6562 14.3695 130.351
      vertex -33.6417 14.4671 1.01
      vertex -33.6417 14.4671 130.351
    endloop
  endfacet
  facet normal 0.989144 -0.146953 0
    outer loop
      vertex -33.6417 14.4671 1.01
      vertex -33.6562 14.3695 130.351
      vertex -33.6562 14.3695 1.01
    endloop
  endfacet
  facet normal -0.607132 -0.363272 -0.7067
    outer loop
      vertex 109.912 15.3849 0.00999928
      vertex 110.013 15.2161 0.00999928
      vertex 109.131 14.7448 1.01
    endloop
  endfacet
  facet normal -0.998806 0.0488493 0
    outer loop
      vertex 110.211 -8.93792 0
      vertex 110.25 -8.1405 0.00999928
      vertex 110.25 -8.1405 0
    endloop
  endfacet
  facet normal -0.998806 0.0488493 0
    outer loop
      vertex 110.25 -8.1405 0.00999928
      vertex 110.211 -8.93792 0
      vertex 110.211 -8.93792 0.00999928
    endloop
  endfacet
  facet normal 0.171935 -0.686301 -0.706703
    outer loop
      vertex -33.0472 16.2375 0.00999928
      vertex -32.9477 15.2327 1.01
      vertex -33.238 16.1897 0.00999928
    endloop
  endfacet
  facet normal 0.686301 -0.171935 -0.706703
    outer loop
      vertex -34.5747 14.853 0.00999928
      vertex -33.6177 14.5627 1.01
      vertex -34.6225 14.6622 0.00999928
    endloop
  endfacet
  facet normal 0 0.707107 -0.707107
    outer loop
      vertex 102.115 -16.276 0.00999928
      vertex -26.5255 -15.276 1.01
      vertex 102.115 -15.276 1.01
    endloop
  endfacet
  facet normal 0 0.707107 -0.707107
    outer loop
      vertex -26.5255 -15.276 1.01
      vertex 102.115 -16.276 0.00999928
      vertex -26.5255 -16.276 0.00999928
    endloop
  endfacet
  facet normal 0.80322 0.595683 0
    outer loop
      vertex -32.8143 -13.3016 0.00999928
      vertex -33.2899 -12.6603 0
      vertex -33.2899 -12.6603 0.00999928
    endloop
  endfacet
  facet normal 0.80322 0.595683 0
    outer loop
      vertex -33.2899 -12.6603 0
      vertex -32.8143 -13.3016 0.00999928
      vertex -32.8143 -13.3016 0
    endloop
  endfacet
  facet normal 0.475104 0.524289 -0.706681
    outer loop
      vertex -31.0522 -13.6563 1.01
      vertex -31.6866 -14.4293 0.00999928
      vertex -32.2782 -13.8932 0.00999928
    endloop
  endfacet
  facet normal 0.0348854 -0.706699 -0.706654
    outer loop
      vertex -32.656 16.276 0.00999928
      vertex -32.7545 15.2712 1.01
      vertex -32.8525 16.2663 0.00999928
    endloop
  endfacet
  facet normal 0.363677 0.606903 -0.706688
    outer loop
      vertex -29.8892 -14.4334 1.01
      vertex -30.3605 -15.3154 0.00999928
      vertex -30.4898 -14.0735 1.01
    endloop
  endfacet
  facet normal 0.524289 0.475104 -0.706681
    outer loop
      vertex -32.0413 -12.6672 1.01
      vertex -32.2782 -13.8932 0.00999928
      vertex -32.8143 -13.3016 0.00999928
    endloop
  endfacet
  facet normal -0.686255 0.171909 -0.706754
    outer loop
      vertex 110.094 -9.72766 0.00999928
      vertex 109.9 -10.5021 0.00999928
      vertex 109.113 -9.53257 1.01
    endloop
  endfacet
  facet normal 0 -1 0
    outer loop
      vertex -32.656 16.276 0
      vertex 108.245 16.276 0.00999928
      vertex -32.656 16.276 0.00999928
    endloop
  endfacet
  facet normal 0 -1 -0
    outer loop
      vertex 108.245 16.276 0.00999928
      vertex -32.656 16.276 0
      vertex 108.245 16.276 0
    endloop
  endfacet
  facet normal -0.70665 -0.0359618 -0.706649
    outer loop
      vertex 110.24 14.4675 0.00999928
      vertex 110.25 14.271 0.00999928
      vertex 109.25 14.271 1.01
    endloop
  endfacet
  facet normal -0.700074 -0.104274 -0.706416
    outer loop
      vertex 110.211 14.6622 0.00999928
      vertex 110.24 14.4675 0.00999928
      vertex 109.231 14.4671 1.01
    endloop
  endfacet
  facet normal 0.671964 -0.740584 0
    outer loop
      vertex -34.0737 15.6887 0
      vertex -33.928 15.8209 0.00999928
      vertex -34.0737 15.6887 0.00999928
    endloop
  endfacet
  facet normal 0.671964 -0.740584 0
    outer loop
      vertex -33.928 15.8209 0.00999928
      vertex -34.0737 15.6887 0
      vertex -33.928 15.8209 0
    endloop
  endfacet
  facet normal 0.0347577 0.706673 -0.706686
    outer loop
      vertex -27.2249 -15.2416 1.01
      vertex -26.5255 -15.276 1.01
      vertex -27.3229 -16.2368 0.00999928
    endloop
  endfacet
  facet normal 0.0347402 0.70668 -0.70668
    outer loop
      vertex -26.5255 -15.276 1.01
      vertex -26.5255 -16.276 0.00999928
      vertex -27.3229 -16.2368 0.00999928
    endloop
  endfacet
  facet normal 0.639644 0.302394 -0.706692
    outer loop
      vertex -33.1178 -10.8711 1.01
      vertex -32.8185 -11.5042 1.01
      vertex -34.0417 -11.2538 0.00999928
    endloop
  endfacet
  facet normal 0 1 -0
    outer loop
      vertex 102.115 -16.276 0
      vertex -26.5255 -16.276 0.00999928
      vertex 102.115 -16.276 0.00999928
    endloop
  endfacet
  facet normal 0 1 0
    outer loop
      vertex -26.5255 -16.276 0.00999928
      vertex 102.115 -16.276 0
      vertex -26.5255 -16.276 0
    endloop
  endfacet
  facet normal -0.706685 0.0345623 -0.706684
    outer loop
      vertex 110.25 -8.1405 0.00999928
      vertex 110.211 -8.93792 0.00999928
      vertex 109.25 -8.1405 1.01
    endloop
  endfacet
  facet normal 0.699877 0.103775 -0.706684
    outer loop
      vertex -33.5239 -9.53257 1.01
      vertex -34.5047 -9.72766 0.00999928
      vertex -34.6218 -8.93792 0.00999928
    endloop
  endfacet
  facet normal -0.171601 -0.686403 -0.706685
    outer loop
      vertex 108.636 16.2375 0.00999928
      vertex 108.537 15.2327 1.01
      vertex 108.441 15.2567 1.01
    endloop
  endfacet
  facet normal 0.989236 -0.146328 0
    outer loop
      vertex -34.6513 14.4675 0.00999928
      vertex -34.6225 14.6622 0
      vertex -34.6225 14.6622 0.00999928
    endloop
  endfacet
  facet normal 0.989236 -0.146328 0
    outer loop
      vertex -34.6225 14.6622 0
      vertex -34.6513 14.4675 0.00999928
      vertex -34.6513 14.4675 0
    endloop
  endfacet
  facet normal -0.0342638 -0.706692 -0.706691
    outer loop
      vertex 108.245 16.276 0.00999928
      vertex 108.344 15.2712 1.01
      vertex 108.245 15.276 1.01
    endloop
  endfacet
  facet normal -0.0347972 -0.706705 -0.706652
    outer loop
      vertex 108.442 16.2663 0.00999928
      vertex 108.344 15.2712 1.01
      vertex 108.245 16.276 0.00999928
    endloop
  endfacet
  facet normal -0.363431 0.606896 -0.706821
    outer loop
      vertex 106.079 -14.0735 1.01
      vertex 105.95 -15.3154 0.00999928
      vertex 105.478 -14.4334 1.01
    endloop
  endfacet
  facet normal 0.803341 -0.595519 0
    outer loop
      vertex -34.3231 15.3849 0.00999928
      vertex -34.2059 15.543 0
      vertex -34.2059 15.543 0.00999928
    endloop
  endfacet
  facet normal 0.803341 -0.595519 0
    outer loop
      vertex -34.2059 15.543 0
      vertex -34.3231 15.3849 0.00999928
      vertex -34.3231 15.3849 0
    endloop
  endfacet
  facet normal 0.998784 -0.0493038 0
    outer loop
      vertex -34.661 14.271 0.00999928
      vertex -34.6513 14.4675 0
      vertex -34.6513 14.4675 0.00999928
    endloop
  endfacet
  facet normal 0.998784 -0.0493038 0
    outer loop
      vertex -34.6513 14.4675 0
      vertex -34.661 14.271 0.00999928
      vertex -34.661 14.271 0
    endloop
  endfacet
  facet normal 0.606894 0.363773 -0.706647
    outer loop
      vertex -32.8185 -11.5042 1.01
      vertex -32.4585 -12.1048 1.01
      vertex -33.2899 -12.6603 0.00999928
    endloop
  endfacet
  facet normal 0.707107 0 -0.707107
    outer loop
      vertex -33.661 -8.1405 1.01
      vertex -34.661 14.271 0.00999928
      vertex -33.661 14.271 1.01
    endloop
  endfacet
  facet normal 0.707107 0 -0.707107
    outer loop
      vertex -34.661 14.271 0.00999928
      vertex -33.661 -8.1405 1.01
      vertex -34.661 -8.1405 0.00999928
    endloop
  endfacet
  facet normal -0.146626 0.989192 0
    outer loop
      vertex 103.702 -16.1197 0
      vertex 102.912 -16.2368 0.00999928
      vertex 103.702 -16.1197 0.00999928
    endloop
  endfacet
  facet normal -0.146626 0.989192 0
    outer loop
      vertex 102.912 -16.2368 0.00999928
      vertex 103.702 -16.1197 0
      vertex 102.912 -16.2368 0
    endloop
  endfacet
  facet normal 0.103972 -0.699842 -0.70669
    outer loop
      vertex -32.7545 15.2712 1.01
      vertex -32.8521 15.2567 1.01
      vertex -33.0472 16.2375 0.00999928
    endloop
  endfacet
  facet normal -0.30247 0.639492 -0.706797
    outer loop
      vertex 105.478 -14.4334 1.01
      vertex 105.95 -15.3154 0.00999928
      vertex 104.845 -14.7328 1.01
    endloop
  endfacet
  facet normal 0.70668 0.0347394 -0.70668
    outer loop
      vertex -33.661 -8.1405 1.01
      vertex -34.6218 -8.93792 0.00999928
      vertex -34.661 -8.1405 0.00999928
    endloop
  endfacet
  facet normal 0.0491005 0.998794 -0
    outer loop
      vertex -26.5255 -16.276 0
      vertex -27.3229 -16.2368 0.00999928
      vertex -26.5255 -16.276 0.00999928
    endloop
  endfacet
  facet normal 0.0491005 0.998794 0
    outer loop
      vertex -27.3229 -16.2368 0.00999928
      vertex -26.5255 -16.276 0
      vertex -27.3229 -16.2368 0
    endloop
  endfacet
  facet normal -0.475278 0.52395 -0.706815
    outer loop
      vertex 107.867 -13.8932 0.00999928
      vertex 107.276 -14.4293 0.00999928
      vertex 106.641 -13.6563 1.01
    endloop
  endfacet
  facet normal -0.17202 0.686305 -0.706679
    outer loop
      vertex 104.186 -14.9687 1.01
      vertex 104.476 -15.9257 0.00999928
      vertex 103.702 -16.1197 0.00999928
    endloop
  endfacet
  facet normal 0.706672 0.0347577 -0.706687
    outer loop
      vertex -33.661 -8.1405 1.01
      vertex -33.6266 -8.8399 1.01
      vertex -34.6218 -8.93792 0.00999928
    endloop
  endfacet
  facet normal 0.238105 -0.666263 -0.706682
    outer loop
      vertex -32.9477 15.2327 1.01
      vertex -33.0406 15.1995 1.01
      vertex -33.4233 16.1234 0.00999928
    endloop
  endfacet
  facet normal -0.686344 0.171781 -0.706699
    outer loop
      vertex 109.113 -9.53257 1.01
      vertex 109.9 -10.5021 0.00999928
      vertex 108.943 -10.2118 1.01
    endloop
  endfacet
  facet normal -0.66541 -0.240596 -0.706642
    outer loop
      vertex 110.097 15.0383 0.00999928
      vertex 110.164 14.853 0.00999928
      vertex 109.207 14.5627 1.01
    endloop
  endfacet
  facet normal 0.998794 0.0490992 0
    outer loop
      vertex -34.6218 -8.93792 0.00999928
      vertex -34.661 -8.1405 0
      vertex -34.661 -8.1405 0.00999928
    endloop
  endfacet
  facet normal 0.998794 0.0490992 0
    outer loop
      vertex -34.661 -8.1405 0
      vertex -34.6218 -8.93792 0.00999928
      vertex -34.6218 -8.93792 0
    endloop
  endfacet
  facet normal 0.421561 0.568279 -0.706644
    outer loop
      vertex -30.4898 -14.0735 1.01
      vertex -31.0453 -14.9049 0.00999928
      vertex -31.0522 -13.6563 1.01
    endloop
  endfacet
  facet normal 1 -0 0
    outer loop
      vertex -34.661 -8.1405 0.00999928
      vertex -34.661 14.271 0
      vertex -34.661 14.271 0.00999928
    endloop
  endfacet
  facet normal 1 0 0
    outer loop
      vertex -34.661 14.271 0
      vertex -34.661 -8.1405 0.00999928
      vertex -34.661 -8.1405 0
    endloop
  endfacet
  facet normal 0 -0.707107 -0.707107
    outer loop
      vertex -32.656 16.276 0.00999928
      vertex 108.245 15.276 1.01
      vertex -32.656 15.276 1.01
    endloop
  endfacet
  facet normal 0 -0.707107 -0.707107
    outer loop
      vertex 108.245 15.276 1.01
      vertex -32.656 16.276 0.00999928
      vertex 108.245 16.276 0.00999928
    endloop
  endfacet
  facet normal 0.103768 0.699878 -0.706685
    outer loop
      vertex -27.9176 -15.1389 1.01
      vertex -27.3229 -16.2368 0.00999928
      vertex -28.1127 -16.1197 0.00999928
    endloop
  endfacet
  facet normal 0.171981 0.686309 -0.706684
    outer loop
      vertex -27.9176 -15.1389 1.01
      vertex -28.1127 -16.1197 0.00999928
      vertex -28.5968 -14.9687 1.01
    endloop
  endfacet
  facet normal -0.0347577 0.70668 -0.706679
    outer loop
      vertex 102.115 -15.276 1.01
      vertex 102.912 -16.2368 0.00999928
      vertex 102.115 -16.276 0.00999928
    endloop
  endfacet
  facet normal -0.706773 0.0343584 -0.706606
    outer loop
      vertex 109.25 -8.1405 1.01
      vertex 110.211 -8.93792 0.00999928
      vertex 109.216 -8.8399 1.01
    endloop
  endfacet
  facet normal -0.41867 -0.570589 -0.706501
    outer loop
      vertex 109.517 15.8209 0.00999928
      vertex 108.883 15.0479 1.01
      vertex 108.803 15.1066 1.01
    endloop
  endfacet
  facet normal -0.741073 0.671425 0
    outer loop
      vertex 107.867 -13.8932 0
      vertex 108.403 -13.3016 0.00999928
      vertex 108.403 -13.3016 0
    endloop
  endfacet
  facet normal -0.741073 0.671425 0
    outer loop
      vertex 108.403 -13.3016 0.00999928
      vertex 107.867 -13.8932 0
      vertex 107.867 -13.8932 0.00999928
    endloop
  endfacet
  facet normal 0.363959 -0.606718 -0.706701
    outer loop
      vertex -33.6012 16.0393 0.00999928
      vertex -33.2143 15.1066 1.01
      vertex -33.7699 15.9381 0.00999928
    endloop
  endfacet
  facet normal -0.23831 0.666205 -0.706668
    outer loop
      vertex 105.228 -15.6567 0.00999928
      vertex 104.476 -15.9257 0.00999928
      vertex 104.186 -14.9687 1.01
    endloop
  endfacet
  facet normal 0.595683 0.80322 -0
    outer loop
      vertex -31.0453 -14.9049 0
      vertex -31.6866 -14.4293 0.00999928
      vertex -31.0453 -14.9049 0.00999928
    endloop
  endfacet
  facet normal 0.595683 0.80322 0
    outer loop
      vertex -31.6866 -14.4293 0.00999928
      vertex -31.0453 -14.9049 0
      vertex -31.6866 -14.4293 0
    endloop
  endfacet
  facet normal 0.699941 -0.103535 -0.706657
    outer loop
      vertex -34.6225 14.6622 0.00999928
      vertex -33.6562 14.3695 1.01
      vertex -34.6513 14.4675 0.00999928
    endloop
  endfacet
  facet normal -0.42737 0.904077 0
    outer loop
      vertex 105.95 -15.3154 0
      vertex 105.228 -15.6567 0.00999928
      vertex 105.95 -15.3154 0.00999928
    endloop
  endfacet
  facet normal -0.42737 0.904077 0
    outer loop
      vertex 105.228 -15.6567 0.00999928
      vertex 105.95 -15.3154 0
      vertex 105.228 -15.6567 0
    endloop
  endfacet
  facet normal 0.421338 -0.568375 -0.706699
    outer loop
      vertex -33.7699 15.9381 0.00999928
      vertex -33.2143 15.1066 1.01
      vertex -33.928 15.8209 0.00999928
    endloop
  endfacet
  facet normal -0.049179 -0.99879 0
    outer loop
      vertex 108.245 16.276 0
      vertex 108.442 16.2663 0.00999928
      vertex 108.245 16.276 0.00999928
    endloop
  endfacet
  facet normal -0.049179 -0.99879 -0
    outer loop
      vertex 108.442 16.2663 0.00999928
      vertex 108.245 16.276 0
      vertex 108.442 16.2663 0
    endloop
  endfacet
  facet normal 0.524303 0.475096 -0.706675
    outer loop
      vertex -32.0413 -12.6672 1.01
      vertex -31.5711 -13.1861 1.01
      vertex -32.2782 -13.8932 0.00999928
    endloop
  endfacet
  facet normal 0.238349 -0.666155 -0.706702
    outer loop
      vertex -33.238 16.1897 0.00999928
      vertex -32.9477 15.2327 1.01
      vertex -33.4233 16.1234 0.00999928
    endloop
  endfacet
  facet normal 0.706699 -0.0348854 -0.706654
    outer loop
      vertex -34.6513 14.4675 0.00999928
      vertex -33.6562 14.3695 1.01
      vertex -34.661 14.271 0.00999928
    endloop
  endfacet
  facet normal -0.302354 0.639612 -0.706738
    outer loop
      vertex 105.95 -15.3154 0.00999928
      vertex 105.228 -15.6567 0.00999928
      vertex 104.845 -14.7328 1.01
    endloop
  endfacet
  facet normal -0.970027 0.242995 0
    outer loop
      vertex 109.9 -10.5021 0
      vertex 110.094 -9.72766 0.00999928
      vertex 110.094 -9.72766 0
    endloop
  endfacet
  facet normal -0.970027 0.242995 0
    outer loop
      vertex 110.094 -9.72766 0.00999928
      vertex 109.9 -10.5021 0
      vertex 109.9 -10.5021 0.00999928
    endloop
  endfacet
  facet normal -0.421821 0.568225 -0.706532
    outer loop
      vertex 106.641 -13.6563 1.01
      vertex 106.634 -14.9049 0.00999928
      vertex 106.079 -14.0735 1.01
    endloop
  endfacet
  facet normal 0.475096 0.524303 -0.706675
    outer loop
      vertex -31.5711 -13.1861 1.01
      vertex -31.0522 -13.6563 1.01
      vertex -32.2782 -13.8932 0.00999928
    endloop
  endfacet
  facet normal -0.639729 -0.302234 -0.706683
    outer loop
      vertex 110.013 15.2161 0.00999928
      vertex 110.097 15.0383 0.00999928
      vertex 109.131 14.7448 1.01
    endloop
  endfacet
  facet normal 0.103764 0.699877 -0.706686
    outer loop
      vertex -27.2249 -15.2416 1.01
      vertex -27.3229 -16.2368 0.00999928
      vertex -27.9176 -15.1389 1.01
    endloop
  endfacet
  facet normal 0.146662 0.989187 -0
    outer loop
      vertex -27.3229 -16.2368 0
      vertex -28.1127 -16.1197 0.00999928
      vertex -27.3229 -16.2368 0.00999928
    endloop
  endfacet
  facet normal 0.146662 0.989187 0
    outer loop
      vertex -28.1127 -16.1197 0.00999928
      vertex -27.3229 -16.2368 0
      vertex -28.1127 -16.1197 0
    endloop
  endfacet
  facet normal -0.172031 0.686306 -0.706675
    outer loop
      vertex 104.186 -14.9687 1.01
      vertex 103.702 -16.1197 0.00999928
      vertex 103.507 -15.1389 1.01
    endloop
  endfacet
  facet normal 0.421466 0.568306 -0.706678
    outer loop
      vertex -31.0522 -13.6563 1.01
      vertex -31.0453 -14.9049 0.00999928
      vertex -31.6866 -14.4293 0.00999928
    endloop
  endfacet
  facet normal -0.699908 0.104076 -0.706609
    outer loop
      vertex 109.216 -8.8399 1.01
      vertex 110.211 -8.93792 0.00999928
      vertex 109.113 -9.53257 1.01
    endloop
  endfacet
  facet normal -0.671868 0.740671 0
    outer loop
      vertex 107.867 -13.8932 0
      vertex 107.276 -14.4293 0.00999928
      vertex 107.867 -13.8932 0.00999928
    endloop
  endfacet
  facet normal -0.671868 0.740671 0
    outer loop
      vertex 107.276 -14.4293 0.00999928
      vertex 107.867 -13.8932 0
      vertex 107.276 -14.4293 0
    endloop
  endfacet
  facet normal -0.30229 -0.639805 -0.70659
    outer loop
      vertex 109.012 16.1234 0.00999928
      vertex 109.19 16.0393 0.00999928
      vertex 108.63 15.1995 1.01
    endloop
  endfacet
  facet normal 0.523983 -0.475433 -0.706686
    outer loop
      vertex -34.0737 15.6887 0.00999928
      vertex -33.3666 14.9816 1.01
      vertex -34.2059 15.543 0.00999928
    endloop
  endfacet
  facet normal 0.904008 0.427516 0
    outer loop
      vertex -33.7004 -11.9755 0.00999928
      vertex -34.0417 -11.2538 0
      vertex -34.0417 -11.2538 0.00999928
    endloop
  endfacet
  facet normal 0.904008 0.427516 0
    outer loop
      vertex -34.0417 -11.2538 0
      vertex -33.7004 -11.9755 0.00999928
      vertex -33.7004 -11.9755 0
    endloop
  endfacet
  facet normal -0.524332 0.475054 -0.706682
    outer loop
      vertex 108.403 -13.3016 0.00999928
      vertex 107.867 -13.8932 0.00999928
      vertex 107.63 -12.6672 1.01
    endloop
  endfacet
  facet normal -0.475063 0.524368 -0.70665
    outer loop
      vertex 107.16 -13.1861 1.01
      vertex 107.867 -13.8932 0.00999928
      vertex 106.641 -13.6563 1.01
    endloop
  endfacet
  facet normal -0.80298 0.596006 0
    outer loop
      vertex 108.403 -13.3016 0
      vertex 108.879 -12.6603 0.00999928
      vertex 108.879 -12.6603 0
    endloop
  endfacet
  facet normal -0.80298 0.596006 0
    outer loop
      vertex 108.879 -12.6603 0.00999928
      vertex 108.403 -13.3016 0
      vertex 108.403 -13.3016 0.00999928
    endloop
  endfacet
  facet normal -0.595263 0.803531 0
    outer loop
      vertex 107.276 -14.4293 0
      vertex 106.634 -14.9049 0.00999928
      vertex 107.276 -14.4293 0.00999928
    endloop
  endfacet
  facet normal -0.595263 0.803531 0
    outer loop
      vertex 106.634 -14.9049 0.00999928
      vertex 107.276 -14.4293 0
      vertex 106.634 -14.9049 0
    endloop
  endfacet
  facet normal 0.941546 -0.336884 0
    outer loop
      vertex -34.5747 14.853 0.00999928
      vertex -34.5084 15.0383 0
      vertex -34.5084 15.0383 0.00999928
    endloop
  endfacet
  facet normal 0.941546 -0.336884 0
    outer loop
      vertex -34.5084 15.0383 0
      vertex -34.5747 14.853 0.00999928
      vertex -34.5747 14.853 0
    endloop
  endfacet
  facet normal -0.23844 0.666095 -0.706727
    outer loop
      vertex 104.845 -14.7328 1.01
      vertex 105.228 -15.6567 0.00999928
      vertex 104.186 -14.9687 1.01
    endloop
  endfacet
  facet normal 0.238357 0.666166 -0.706689
    outer loop
      vertex -29.2561 -14.7328 1.01
      vertex -28.5968 -14.9687 1.01
      vertex -29.6388 -15.6567 0.00999928
    endloop
  endfacet
  facet normal 0.970027 0.242995 0
    outer loop
      vertex -34.3107 -10.5021 0.00999928
      vertex -34.5047 -9.72766 0
      vertex -34.5047 -9.72766 0.00999928
    endloop
  endfacet
  facet normal 0.970027 0.242995 0
    outer loop
      vertex -34.5047 -9.72766 0
      vertex -34.3107 -10.5021 0.00999928
      vertex -34.3107 -10.5021 0
    endloop
  endfacet
  facet normal 0.523773 -0.475701 -0.706661
    outer loop
      vertex -33.3666 14.9816 1.01
      vertex -33.4329 14.9086 1.01
      vertex -34.2059 15.543 0.00999928
    endloop
  endfacet
  facet normal -0.707107 0 -0.707107
    outer loop
      vertex 110.25 -8.1405 0.00999928
      vertex 109.25 14.271 1.01
      vertex 110.25 14.271 0.00999928
    endloop
  endfacet
  facet normal -0.707107 -0 -0.707107
    outer loop
      vertex 109.25 14.271 1.01
      vertex 110.25 -8.1405 0.00999928
      vertex 109.25 -8.1405 1.01
    endloop
  endfacet
  facet normal 0.302477 0.639607 -0.70669
    outer loop
      vertex -29.8892 -14.4334 1.01
      vertex -29.2561 -14.7328 1.01
      vertex -30.3605 -15.3154 0.00999928
    endloop
  endfacet
  facet normal 0.243007 0.970024 -0
    outer loop
      vertex -28.1127 -16.1197 0
      vertex -28.8871 -15.9257 0.00999928
      vertex -28.1127 -16.1197 0.00999928
    endloop
  endfacet
  facet normal 0.243007 0.970024 0
    outer loop
      vertex -28.8871 -15.9257 0.00999928
      vertex -28.1127 -16.1197 0
      vertex -28.8871 -15.9257 0
    endloop
  endfacet
  facet normal -0.970975 -0.239181 0
    outer loop
      vertex 110.211 14.6622 0
      vertex 110.164 14.853 0.00999928
      vertex 110.164 14.853 0
    endloop
  endfacet
  facet normal -0.970975 -0.239181 0
    outer loop
      vertex 110.164 14.853 0.00999928
      vertex 110.211 14.6622 0
      vertex 110.211 14.6622 0.00999928
    endloop
  endfacet
  facet normal -1 0 0
    outer loop
      vertex 110.25 -8.1405 0
      vertex 110.25 14.271 0.00999928
      vertex 110.25 14.271 0
    endloop
  endfacet
  facet normal -1 -0 0
    outer loop
      vertex 110.25 14.271 0.00999928
      vertex 110.25 -8.1405 0
      vertex 110.25 -8.1405 0.00999928
    endloop
  endfacet
  facet normal -0.699823 0.103679 -0.706752
    outer loop
      vertex 110.211 -8.93792 0.00999928
      vertex 110.094 -9.72766 0.00999928
      vertex 109.113 -9.53257 1.01
    endloop
  endfacet
  facet normal -0.606738 0.363679 -0.706829
    outer loop
      vertex 108.407 -11.5042 1.01
      vertex 108.879 -12.6603 0.00999928
      vertex 108.047 -12.1048 1.01
    endloop
  endfacet
  facet normal 0.74101 0.671494 0
    outer loop
      vertex -32.2782 -13.8932 0.00999928
      vertex -32.8143 -13.3016 0
      vertex -32.8143 -13.3016 0.00999928
    endloop
  endfacet
  facet normal 0.74101 0.671494 0
    outer loop
      vertex -32.8143 -13.3016 0
      vertex -32.2782 -13.8932 0.00999928
      vertex -32.2782 -13.8932 0
    endloop
  endfacet
  facet normal -0.4211 0.568432 -0.706796
    outer loop
      vertex 106.641 -13.6563 1.01
      vertex 107.276 -14.4293 0.00999928
      vertex 106.634 -14.9049 0.00999928
    endloop
  endfacet
  facet normal 0.302385 -0.639647 -0.706693
    outer loop
      vertex -33.4233 16.1234 0.00999928
      vertex -33.0406 15.1995 1.01
      vertex -33.6012 16.0393 0.00999928
    endloop
  endfacet
  facet normal 0.302565 -0.639545 -0.706708
    outer loop
      vertex -33.0406 15.1995 1.01
      vertex -33.1298 15.1573 1.01
      vertex -33.6012 16.0393 0.00999928
    endloop
  endfacet
  facet normal 0.941529 0.336931 0
    outer loop
      vertex -34.0417 -11.2538 0.00999928
      vertex -34.3107 -10.5021 0
      vertex -34.3107 -10.5021 0.00999928
    endloop
  endfacet
  facet normal 0.941529 0.336931 0
    outer loop
      vertex -34.3107 -10.5021 0
      vertex -34.0417 -11.2538 0.00999928
      vertex -34.0417 -11.2538 0
    endloop
  endfacet
  facet normal -0.0347775 0.706671 -0.706687
    outer loop
      vertex 102.814 -15.2416 1.01
      vertex 102.912 -16.2368 0.00999928
      vertex 102.115 -15.276 1.01
    endloop
  endfacet
  facet normal -0.421463 -0.568184 -0.706778
    outer loop
      vertex 109.359 15.9381 0.00999928
      vertex 109.517 15.8209 0.00999928
      vertex 108.803 15.1066 1.01
    endloop
  endfacet
  facet normal 0.740584 -0.671964 0
    outer loop
      vertex -34.2059 15.543 0.00999928
      vertex -34.0737 15.6887 0
      vertex -34.0737 15.6887 0.00999928
    endloop
  endfacet
  facet normal 0.740584 -0.671964 0
    outer loop
      vertex -34.0737 15.6887 0
      vertex -34.2059 15.543 0.00999928
      vertex -34.2059 15.543 0
    endloop
  endfacet
  facet normal -0.940414 -0.340031 0
    outer loop
      vertex 110.164 14.853 0
      vertex 110.097 15.0383 0.00999928
      vertex 110.097 15.0383 0
    endloop
  endfacet
  facet normal -0.940414 -0.340031 0
    outer loop
      vertex 110.097 15.0383 0.00999928
      vertex 110.164 14.853 0
      vertex 110.164 14.853 0.00999928
    endloop
  endfacet
  facet normal 0.103535 -0.699941 -0.706657
    outer loop
      vertex -32.8525 16.2663 0.00999928
      vertex -32.7545 15.2712 1.01
      vertex -33.0472 16.2375 0.00999928
    endloop
  endfacet
  facet normal 0.0344376 -0.706688 -0.706687
    outer loop
      vertex -32.656 16.276 0.00999928
      vertex -32.656 15.276 1.01
      vertex -32.7545 15.2712 1.01
    endloop
  endfacet
  facet normal 0.364014 -0.60669 -0.706697
    outer loop
      vertex -33.1298 15.1573 1.01
      vertex -33.2143 15.1066 1.01
      vertex -33.6012 16.0393 0.00999928
    endloop
  endfacet
  facet normal -0.0491251 0.998793 0
    outer loop
      vertex 102.912 -16.2368 0
      vertex 102.115 -16.276 0.00999928
      vertex 102.912 -16.2368 0.00999928
    endloop
  endfacet
  facet normal -0.0491251 0.998793 0
    outer loop
      vertex 102.115 -16.276 0.00999928
      vertex 102.912 -16.2368 0
      vertex 102.115 -16.276 0
    endloop
  endfacet
  facet normal -0.607036 0.363441 -0.706695
    outer loop
      vertex 109.289 -11.9755 0.00999928
      vertex 108.879 -12.6603 0.00999928
      vertex 108.407 -11.5042 1.01
    endloop
  endfacet
  facet normal -0.336812 0.941572 0
    outer loop
      vertex 105.228 -15.6567 0
      vertex 104.476 -15.9257 0.00999928
      vertex 105.228 -15.6567 0.00999928
    endloop
  endfacet
  facet normal -0.336812 0.941572 0
    outer loop
      vertex 104.476 -15.9257 0.00999928
      vertex 105.228 -15.6567 0
      vertex 104.476 -15.9257 0
    endloop
  endfacet
  facet normal -0.998708 -0.0508248 0
    outer loop
      vertex 110.25 14.271 0
      vertex 110.24 14.4675 0.00999928
      vertex 110.24 14.4675 0
    endloop
  endfacet
  facet normal -0.998708 -0.0508248 0
    outer loop
      vertex 110.24 14.4675 0.00999928
      vertex 110.25 14.271 0
      vertex 110.25 14.271 0.00999928
    endloop
  endfacet
  facet normal 0.302477 0.639607 -0.70669
    outer loop
      vertex -29.2561 -14.7328 1.01
      vertex -29.6388 -15.6567 0.00999928
      vertex -30.3605 -15.3154 0.00999928
    endloop
  endfacet
  facet normal -0.567778 -0.422432 -0.706526
    outer loop
      vertex 109.912 15.3849 0.00999928
      vertex 109.081 14.8293 1.01
      vertex 109.022 14.9086 1.01
    endloop
  endfacet
  facet normal -0.989089 -0.147322 0
    outer loop
      vertex 110.24 14.4675 0
      vertex 110.211 14.6622 0.00999928
      vertex 110.211 14.6622 0
    endloop
  endfacet
  facet normal -0.989089 -0.147322 0
    outer loop
      vertex 110.211 14.6622 0.00999928
      vertex 110.24 14.4675 0
      vertex 110.24 14.4675 0.00999928
    endloop
  endfacet
  facet normal -0.103742 0.69988 -0.706687
    outer loop
      vertex 103.702 -16.1197 0.00999928
      vertex 102.912 -16.2368 0.00999928
      vertex 102.814 -15.2416 1.01
    endloop
  endfacet
  facet normal -0.686209 -0.17227 -0.706711
    outer loop
      vertex 110.164 14.853 0.00999928
      vertex 109.231 14.4671 1.01
      vertex 109.207 14.5627 1.01
    endloop
  endfacet
  facet normal 0.514146 0.857703 -0
    outer loop
      vertex -30.3605 -15.3154 0
      vertex -31.0453 -14.9049 0.00999928
      vertex -30.3605 -15.3154 0.00999928
    endloop
  endfacet
  facet normal 0.514146 0.857703 0
    outer loop
      vertex -31.0453 -14.9049 0.00999928
      vertex -30.3605 -15.3154 0
      vertex -31.0453 -14.9049 0
    endloop
  endfacet
  facet normal -0.609126 -0.36043 -0.706438
    outer loop
      vertex 109.912 15.3849 0.00999928
      vertex 109.131 14.7448 1.01
      vertex 109.081 14.8293 1.01
    endloop
  endfacet
  facet normal 0.172278 -0.686242 -0.706677
    outer loop
      vertex -32.8521 15.2567 1.01
      vertex -32.9477 15.2327 1.01
      vertex -33.0472 16.2375 0.00999928
    endloop
  endfacet
  facet normal 0.568279 0.421561 -0.706644
    outer loop
      vertex -32.4585 -12.1048 1.01
      vertex -32.0413 -12.6672 1.01
      vertex -33.2899 -12.6603 0.00999928
    endloop
  endfacet
  facet normal 0.427516 0.904008 -0
    outer loop
      vertex -29.6388 -15.6567 0
      vertex -30.3605 -15.3154 0.00999928
      vertex -29.6388 -15.6567 0.00999928
    endloop
  endfacet
  facet normal 0.427516 0.904008 0
    outer loop
      vertex -30.3605 -15.3154 0.00999928
      vertex -29.6388 -15.6567 0
      vertex -30.3605 -15.3154 0
    endloop
  endfacet
  facet normal 0.146328 -0.989236 0
    outer loop
      vertex -33.0472 16.2375 0
      vertex -32.8525 16.2663 0.00999928
      vertex -33.0472 16.2375 0.00999928
    endloop
  endfacet
  facet normal 0.146328 -0.989236 0
    outer loop
      vertex -32.8525 16.2663 0.00999928
      vertex -33.0472 16.2375 0
      vertex -32.8525 16.2663 0
    endloop
  endfacet
  facet normal -0.74109 -0.671406 0
    outer loop
      vertex 109.795 15.543 0
      vertex 109.663 15.6887 0.00999928
      vertex 109.663 15.6887 0
    endloop
  endfacet
  facet normal -0.74109 -0.671406 0
    outer loop
      vertex 109.663 15.6887 0.00999928
      vertex 109.795 15.543 0
      vertex 109.795 15.543 0.00999928
    endloop
  endfacet
  facet normal 0.699875 0.103768 -0.706687
    outer loop
      vertex -33.6266 -8.8399 1.01
      vertex -33.5239 -9.53257 1.01
      vertex -34.6218 -8.93792 0.00999928
    endloop
  endfacet
  facet normal 0.686292 0.17197 -0.706704
    outer loop
      vertex -33.5239 -9.53257 1.01
      vertex -33.3537 -10.2118 1.01
      vertex -34.3107 -10.5021 0.00999928
    endloop
  endfacet
  facet normal -0.103721 0.699891 -0.706678
    outer loop
      vertex 103.507 -15.1389 1.01
      vertex 103.702 -16.1197 0.00999928
      vertex 102.814 -15.2416 1.01
    endloop
  endfacet
  facet normal -0.989203 0.14655 0
    outer loop
      vertex 110.094 -9.72766 0
      vertex 110.211 -8.93792 0.00999928
      vertex 110.211 -8.93792 0
    endloop
  endfacet
  facet normal -0.989203 0.14655 0
    outer loop
      vertex 110.211 -8.93792 0.00999928
      vertex 110.094 -9.72766 0
      vertex 110.094 -9.72766 0.00999928
    endloop
  endfacet
  facet normal 0.17193 0.686303 -0.706703
    outer loop
      vertex -28.5968 -14.9687 1.01
      vertex -28.1127 -16.1197 0.00999928
      vertex -28.8871 -15.9257 0.00999928
    endloop
  endfacet
  facet normal 0.475433 -0.523983 -0.706686
    outer loop
      vertex -33.928 15.8209 0.00999928
      vertex -33.3666 14.9816 1.01
      vertex -34.0737 15.6887 0.00999928
    endloop
  endfacet
  facet normal -0.364147 0.606764 -0.706565
    outer loop
      vertex 106.079 -14.0735 1.01
      vertex 106.634 -14.9049 0.00999928
      vertex 105.95 -15.3154 0.00999928
    endloop
  endfacet
  facet normal -0.146844 -0.98916 0
    outer loop
      vertex 108.442 16.2663 0
      vertex 108.636 16.2375 0.00999928
      vertex 108.442 16.2663 0.00999928
    endloop
  endfacet
  facet normal -0.146844 -0.98916 -0
    outer loop
      vertex 108.636 16.2375 0.00999928
      vertex 108.442 16.2663 0
      vertex 108.636 16.2375 0
    endloop
  endfacet
  facet normal 0.686322 0.171926 -0.706685
    outer loop
      vertex -33.5239 -9.53257 1.01
      vertex -34.3107 -10.5021 0.00999928
      vertex -34.5047 -9.72766 0.00999928
    endloop
  endfacet
  facet normal 0.671494 0.74101 -0
    outer loop
      vertex -31.6866 -14.4293 0
      vertex -32.2782 -13.8932 0.00999928
      vertex -31.6866 -14.4293 0.00999928
    endloop
  endfacet
  facet normal 0.671494 0.74101 0
    outer loop
      vertex -32.2782 -13.8932 0.00999928
      vertex -31.6866 -14.4293 0
      vertex -32.2782 -13.8932 0
    endloop
  endfacet
  facet normal 0.427387 -0.904069 0
    outer loop
      vertex -33.6012 16.0393 0
      vertex -33.4233 16.1234 0.00999928
      vertex -33.6012 16.0393 0.00999928
    endloop
  endfacet
  facet normal 0.427387 -0.904069 0
    outer loop
      vertex -33.4233 16.1234 0.00999928
      vertex -33.6012 16.0393 0
      vertex -33.4233 16.1234 0
    endloop
  endfacet
  facet normal 0.857672 -0.514197 0
    outer loop
      vertex -34.4243 15.2161 0.00999928
      vertex -34.3231 15.3849 0
      vertex -34.3231 15.3849 0.00999928
    endloop
  endfacet
  facet normal 0.857672 -0.514197 0
    outer loop
      vertex -34.3231 15.3849 0
      vertex -34.4243 15.2161 0.00999928
      vertex -34.4243 15.2161 0
    endloop
  endfacet
  facet normal -0.243125 0.969995 0
    outer loop
      vertex 104.476 -15.9257 0
      vertex 103.702 -16.1197 0.00999928
      vertex 104.476 -15.9257 0.00999928
    endloop
  endfacet
  facet normal -0.243125 0.969995 0
    outer loop
      vertex 103.702 -16.1197 0.00999928
      vertex 104.476 -15.9257 0
      vertex 103.702 -16.1197 0
    endloop
  endfacet
  facet normal -0.904172 -0.427168 0
    outer loop
      vertex 110.097 15.0383 0
      vertex 110.013 15.2161 0.00999928
      vertex 110.013 15.2161 0
    endloop
  endfacet
  facet normal -0.904172 -0.427168 0
    outer loop
      vertex 110.013 15.2161 0.00999928
      vertex 110.097 15.0383 0
      vertex 110.097 15.0383 0.00999928
    endloop
  endfacet
  facet normal -0.706661 -0.0358711 -0.706642
    outer loop
      vertex 110.24 14.4675 0.00999928
      vertex 109.25 14.271 1.01
      vertex 109.245 14.3695 1.01
    endloop
  endfacet
  facet normal -0.857979 0.513685 0
    outer loop
      vertex 108.879 -12.6603 0
      vertex 109.289 -11.9755 0.00999928
      vertex 109.289 -11.9755 0
    endloop
  endfacet
  facet normal -0.857979 0.513685 0
    outer loop
      vertex 109.289 -11.9755 0.00999928
      vertex 108.879 -12.6603 0
      vertex 108.879 -12.6603 0.00999928
    endloop
  endfacet
  facet normal -0.242775 -0.970083 0
    outer loop
      vertex 108.636 16.2375 0
      vertex 108.827 16.1897 0.00999928
      vertex 108.636 16.2375 0.00999928
    endloop
  endfacet
  facet normal -0.242775 -0.970083 -0
    outer loop
      vertex 108.827 16.1897 0.00999928
      vertex 108.636 16.2375 0
      vertex 108.827 16.1897 0
    endloop
  endfacet
  facet normal 0.666166 0.238357 -0.706689
    outer loop
      vertex -33.3537 -10.2118 1.01
      vertex -33.1178 -10.8711 1.01
      vertex -34.0417 -11.2538 0.00999928
    endloop
  endfacet
  facet normal -0.700351 -0.10046 -0.706694
    outer loop
      vertex 110.24 14.4675 0.00999928
      vertex 109.245 14.3695 1.01
      vertex 109.231 14.4671 1.01
    endloop
  endfacet
  facet normal -0.639356 0.302964 -0.706709
    outer loop
      vertex 108.707 -10.8711 1.01
      vertex 109.631 -11.2538 0.00999928
      vertex 108.407 -11.5042 1.01
    endloop
  endfacet
  facet normal -0.637718 -0.30742 -0.706263
    outer loop
      vertex 110.097 15.0383 0.00999928
      vertex 109.174 14.6556 1.01
      vertex 109.131 14.7448 1.01
    endloop
  endfacet
  facet normal -0.524426 0.475005 -0.706645
    outer loop
      vertex 107.63 -12.6672 1.01
      vertex 107.867 -13.8932 0.00999928
      vertex 107.16 -13.1861 1.01
    endloop
  endfacet
  facet normal -0.639355 0.302978 -0.706704
    outer loop
      vertex 109.631 -11.2538 0.00999928
      vertex 109.289 -11.9755 0.00999928
      vertex 108.407 -11.5042 1.01
    endloop
  endfacet
  facet normal -0.568235 0.421327 -0.706818
    outer loop
      vertex 108.047 -12.1048 1.01
      vertex 108.879 -12.6603 0.00999928
      vertex 107.63 -12.6672 1.01
    endloop
  endfacet
  facet normal -0.568131 0.421691 -0.706685
    outer loop
      vertex 108.879 -12.6603 0.00999928
      vertex 108.403 -13.3016 0.00999928
      vertex 107.63 -12.6672 1.01
    endloop
  endfacet
  facet normal 0.606685 -0.364011 -0.706703
    outer loop
      vertex -33.4916 14.8293 1.01
      vertex -33.5423 14.7448 1.01
      vertex -34.3231 15.3849 0.00999928
    endloop
  endfacet
  facet normal -0.514588 0.857438 0
    outer loop
      vertex 106.634 -14.9049 0
      vertex 105.95 -15.3154 0.00999928
      vertex 106.634 -14.9049 0.00999928
    endloop
  endfacet
  facet normal -0.514588 0.857438 0
    outer loop
      vertex 105.95 -15.3154 0.00999928
      vertex 106.634 -14.9049 0
      vertex 105.95 -15.3154 0
    endloop
  endfacet
  facet normal -0.524869 -0.474539 -0.706629
    outer loop
      vertex 109.663 15.6887 0.00999928
      vertex 109.022 14.9086 1.01
      vertex 108.956 14.9816 1.01
    endloop
  endfacet
  facet normal 0.666143 0.238383 -0.706701
    outer loop
      vertex -33.3537 -10.2118 1.01
      vertex -34.0417 -11.2538 0.00999928
      vertex -34.3107 -10.5021 0.00999928
    endloop
  endfacet
  facet normal 0.420965 -0.568697 -0.706663
    outer loop
      vertex -33.2143 15.1066 1.01
      vertex -33.2936 15.0479 1.01
      vertex -33.928 15.8209 0.00999928
    endloop
  endfacet
  facet normal 0.595519 -0.803341 0
    outer loop
      vertex -33.928 15.8209 0
      vertex -33.7699 15.9381 0.00999928
      vertex -33.928 15.8209 0.00999928
    endloop
  endfacet
  facet normal 0.595519 -0.803341 0
    outer loop
      vertex -33.7699 15.9381 0.00999928
      vertex -33.928 15.8209 0
      vertex -33.7699 15.9381 0
    endloop
  endfacet
  facet normal -0.474924 -0.5245 -0.706645
    outer loop
      vertex 109.517 15.8209 0.00999928
      vertex 109.663 15.6887 0.00999928
      vertex 108.956 14.9816 1.01
    endloop
  endfacet
  facet normal 0.568306 0.421466 -0.706678
    outer loop
      vertex -32.0413 -12.6672 1.01
      vertex -32.8143 -13.3016 0.00999928
      vertex -33.2899 -12.6603 0.00999928
    endloop
  endfacet
  facet normal 0.363792 0.606881 -0.706647
    outer loop
      vertex -30.4898 -14.0735 1.01
      vertex -30.3605 -15.3154 0.00999928
      vertex -31.0453 -14.9049 0.00999928
    endloop
  endfacet
  facet normal -0.6661 0.238434 -0.706725
    outer loop
      vertex 108.943 -10.2118 1.01
      vertex 109.631 -11.2538 0.00999928
      vertex 108.707 -10.8711 1.01
    endloop
  endfacet
  facet normal -0.85812 -0.513449 0
    outer loop
      vertex 110.013 15.2161 0
      vertex 109.912 15.3849 0.00999928
      vertex 109.912 15.3849 0
    endloop
  endfacet
  facet normal -0.85812 -0.513449 0
    outer loop
      vertex 109.912 15.3849 0.00999928
      vertex 110.013 15.2161 0
      vertex 110.013 15.2161 0.00999928
    endloop
  endfacet
  facet normal 0.475701 -0.523773 -0.706661
    outer loop
      vertex -33.2936 15.0479 1.01
      vertex -33.3666 14.9816 1.01
      vertex -33.928 15.8209 0.00999928
    endloop
  endfacet
  facet normal -0.513749 -0.857941 0
    outer loop
      vertex 109.19 16.0393 0
      vertex 109.359 15.9381 0.00999928
      vertex 109.19 16.0393 0.00999928
    endloop
  endfacet
  facet normal -0.513749 -0.857941 -0
    outer loop
      vertex 109.359 15.9381 0.00999928
      vertex 109.19 16.0393 0
      vertex 109.359 15.9381 0
    endloop
  endfacet
  facet normal -0.667031 -0.236943 -0.706348
    outer loop
      vertex 110.097 15.0383 0.00999928
      vertex 109.207 14.5627 1.01
      vertex 109.174 14.6556 1.01
    endloop
  endfacet
  facet normal 0.903976 -0.427584 0
    outer loop
      vertex -34.5084 15.0383 0.00999928
      vertex -34.4243 15.2161 0
      vertex -34.4243 15.2161 0.00999928
    endloop
  endfacet
  facet normal 0.903976 -0.427584 0
    outer loop
      vertex -34.4243 15.2161 0
      vertex -34.5084 15.0383 0.00999928
      vertex -34.5084 15.0383 0
    endloop
  endfacet
  facet normal -0.365666 -0.605837 -0.706576
    outer loop
      vertex 109.19 16.0393 0.00999928
      vertex 108.803 15.1066 1.01
      vertex 108.719 15.1573 1.01
    endloop
  endfacet
  facet normal -0.687195 -0.169277 -0.706476
    outer loop
      vertex 110.164 14.853 0.00999928
      vertex 110.211 14.6622 0.00999928
      vertex 109.231 14.4671 1.01
    endloop
  endfacet
  facet normal 0.336884 -0.941546 0
    outer loop
      vertex -33.4233 16.1234 0
      vertex -33.238 16.1897 0.00999928
      vertex -33.4233 16.1234 0.00999928
    endloop
  endfacet
  facet normal 0.336884 -0.941546 0
    outer loop
      vertex -33.238 16.1897 0.00999928
      vertex -33.4233 16.1234 0
      vertex -33.238 16.1897 0
    endloop
  endfacet
  facet normal -0.30314 -0.639324 -0.706662
    outer loop
      vertex 109.19 16.0393 0.00999928
      vertex 108.719 15.1573 1.01
      vertex 108.63 15.1995 1.01
    endloop
  endfacet
  facet normal 0.857703 0.514146 0
    outer loop
      vertex -33.2899 -12.6603 0.00999928
      vertex -33.7004 -11.9755 0
      vertex -33.7004 -11.9755 0.00999928
    endloop
  endfacet
  facet normal 0.857703 0.514146 0
    outer loop
      vertex -33.7004 -11.9755 0
      vertex -33.2899 -12.6603 0.00999928
      vertex -33.2899 -12.6603 0
    endloop
  endfacet
  facet normal 0.970023 -0.243014 0
    outer loop
      vertex -34.6225 14.6622 0.00999928
      vertex -34.5747 14.853 0
      vertex -34.5747 14.853 0.00999928
    endloop
  endfacet
  facet normal 0.970023 -0.243014 0
    outer loop
      vertex -34.5747 14.853 0
      vertex -34.6225 14.6622 0.00999928
      vertex -34.6225 14.6622 0
    endloop
  endfacet
  facet normal -0.337368 -0.941373 0
    outer loop
      vertex 108.827 16.1897 0
      vertex 109.012 16.1234 0.00999928
      vertex 108.827 16.1897 0.00999928
    endloop
  endfacet
  facet normal -0.337368 -0.941373 -0
    outer loop
      vertex 109.012 16.1234 0.00999928
      vertex 108.827 16.1897 0
      vertex 109.012 16.1234 0
    endloop
  endfacet
  facet normal 0.0493038 -0.998784 0
    outer loop
      vertex -32.8525 16.2663 0
      vertex -32.656 16.276 0.00999928
      vertex -32.8525 16.2663 0.00999928
    endloop
  endfacet
  facet normal 0.0493038 -0.998784 0
    outer loop
      vertex -32.656 16.276 0.00999928
      vertex -32.8525 16.2663 0
      vertex -32.656 16.276 0
    endloop
  endfacet
  facet normal -0.803827 -0.594863 0
    outer loop
      vertex 109.912 15.3849 0
      vertex 109.795 15.543 0.00999928
      vertex 109.795 15.543 0
    endloop
  endfacet
  facet normal -0.803827 -0.594863 0
    outer loop
      vertex 109.795 15.543 0.00999928
      vertex 109.912 15.3849 0
      vertex 109.912 15.3849 0.00999928
    endloop
  endfacet
  facet normal 0.606874 0.363788 -0.706655
    outer loop
      vertex -32.8185 -11.5042 1.01
      vertex -33.2899 -12.6603 0.00999928
      vertex -33.7004 -11.9755 0.00999928
    endloop
  endfacet
  facet normal 0.514421 -0.857538 0
    outer loop
      vertex -33.7699 15.9381 0
      vertex -33.6012 16.0393 0.00999928
      vertex -33.7699 15.9381 0.00999928
    endloop
  endfacet
  facet normal 0.514421 -0.857538 0
    outer loop
      vertex -33.6012 16.0393 0.00999928
      vertex -33.7699 15.9381 0
      vertex -33.6012 16.0393 0
    endloop
  endfacet
  facet normal -0.237879 -0.666347 -0.706679
    outer loop
      vertex 108.827 16.1897 0.00999928
      vertex 108.63 15.1995 1.01
      vertex 108.537 15.2327 1.01
    endloop
  endfacet
  facet normal -0.666143 0.238383 -0.706701
    outer loop
      vertex 109.9 -10.5021 0.00999928
      vertex 109.631 -11.2538 0.00999928
      vertex 108.943 -10.2118 1.01
    endloop
  endfacet
  facet normal 0.606828 -0.363809 -0.706685
    outer loop
      vertex -34.3231 15.3849 0.00999928
      vertex -33.5423 14.7448 1.01
      vertex -34.4243 15.2161 0.00999928
    endloop
  endfacet
  facet normal 0.243014 -0.970023 0
    outer loop
      vertex -33.238 16.1897 0
      vertex -33.0472 16.2375 0.00999928
      vertex -33.238 16.1897 0.00999928
    endloop
  endfacet
  facet normal 0.243014 -0.970023 0
    outer loop
      vertex -33.0472 16.2375 0.00999928
      vertex -33.238 16.1897 0
      vertex -33.0472 16.2375 0
    endloop
  endfacet
  facet normal 0.639636 0.302491 -0.706658
    outer loop
      vertex -32.8185 -11.5042 1.01
      vertex -33.7004 -11.9755 0.00999928
      vertex -34.0417 -11.2538 0.00999928
    endloop
  endfacet
  facet normal 0.989185 0.146673 0
    outer loop
      vertex -34.5047 -9.72766 0.00999928
      vertex -34.6218 -8.93792 0
      vertex -34.6218 -8.93792 0.00999928
    endloop
  endfacet
  facet normal 0.989185 0.146673 0
    outer loop
      vertex -34.6218 -8.93792 0
      vertex -34.5047 -9.72766 0.00999928
      vertex -34.5047 -9.72766 0
    endloop
  endfacet
  facet normal -0.595762 -0.803161 0
    outer loop
      vertex 109.359 15.9381 0
      vertex 109.517 15.8209 0.00999928
      vertex 109.359 15.9381 0.00999928
    endloop
  endfacet
  facet normal -0.595762 -0.803161 -0
    outer loop
      vertex 109.517 15.8209 0.00999928
      vertex 109.359 15.9381 0
      vertex 109.517 15.8209 0
    endloop
  endfacet
  facet normal 0.706688 -0.0344376 -0.706687
    outer loop
      vertex -33.6562 14.3695 1.01
      vertex -33.661 14.271 1.01
      vertex -34.661 14.271 0.00999928
    endloop
  endfacet
  facet normal 0.639564 -0.302574 -0.706687
    outer loop
      vertex -33.5423 14.7448 1.01
      vertex -33.5845 14.6556 1.01
      vertex -34.5084 15.0383 0.00999928
    endloop
  endfacet
  facet normal 0.666263 -0.238105 -0.706682
    outer loop
      vertex -33.5845 14.6556 1.01
      vertex -33.6177 14.5627 1.01
      vertex -34.5084 15.0383 0.00999928
    endloop
  endfacet
  facet normal 0.568375 -0.421338 -0.706699
    outer loop
      vertex -34.2059 15.543 0.00999928
      vertex -33.4916 14.8293 1.01
      vertex -34.3231 15.3849 0.00999928
    endloop
  endfacet
  facet normal 0.568697 -0.420965 -0.706663
    outer loop
      vertex -33.4329 14.9086 1.01
      vertex -33.4916 14.8293 1.01
      vertex -34.2059 15.543 0.00999928
    endloop
  endfacet
  facet normal -0.475765 -0.523844 -0.706566
    outer loop
      vertex 109.517 15.8209 0.00999928
      vertex 108.956 14.9816 1.01
      vertex 108.883 15.0479 1.01
    endloop
  endfacet
  facet normal -0.671206 -0.741271 0
    outer loop
      vertex 109.517 15.8209 0
      vertex 109.663 15.6887 0.00999928
      vertex 109.517 15.8209 0.00999928
    endloop
  endfacet
  facet normal -0.671206 -0.741271 -0
    outer loop
      vertex 109.663 15.6887 0.00999928
      vertex 109.517 15.8209 0
      vertex 109.663 15.6887 0
    endloop
  endfacet
  facet normal 0.238383 0.666143 -0.706701
    outer loop
      vertex -28.5968 -14.9687 1.01
      vertex -28.8871 -15.9257 0.00999928
      vertex -29.6388 -15.6567 0.00999928
    endloop
  endfacet
  facet normal 0.336931 0.941529 -0
    outer loop
      vertex -28.8871 -15.9257 0
      vertex -29.6388 -15.6567 0.00999928
      vertex -28.8871 -15.9257 0.00999928
    endloop
  endfacet
  facet normal 0.336931 0.941529 0
    outer loop
      vertex -29.6388 -15.6567 0.00999928
      vertex -28.8871 -15.9257 0
      vertex -29.6388 -15.6567 0
    endloop
  endfacet
  facet normal -0.238721 -0.666115 -0.706614
    outer loop
      vertex 108.827 16.1897 0.00999928
      vertex 109.012 16.1234 0.00999928
      vertex 108.63 15.1995 1.01
    endloop
  endfacet
  facet normal -0.427191 -0.904161 0
    outer loop
      vertex 109.012 16.1234 0
      vertex 109.19 16.0393 0.00999928
      vertex 109.012 16.1234 0.00999928
    endloop
  endfacet
  facet normal -0.427191 -0.904161 -0
    outer loop
      vertex 109.19 16.0393 0.00999928
      vertex 109.012 16.1234 0
      vertex 109.19 16.0393 0
    endloop
  endfacet
  facet normal -0.363453 -0.606953 -0.70676
    outer loop
      vertex 109.19 16.0393 0.00999928
      vertex 109.359 15.9381 0.00999928
      vertex 108.803 15.1066 1.01
    endloop
  endfacet
  facet normal -0.171773 -0.686373 -0.706673
    outer loop
      vertex 108.636 16.2375 0.00999928
      vertex 108.827 16.1897 0.00999928
      vertex 108.537 15.2327 1.01
    endloop
  endfacet
  facet normal -0.524344 -0.47504 -0.706683
    outer loop
      vertex 109.663 15.6887 0.00999928
      vertex 109.795 15.543 0.00999928
      vertex 109.022 14.9086 1.01
    endloop
  endfacet
  facet normal -0.56875 -0.420897 -0.70666
    outer loop
      vertex 109.795 15.543 0.00999928
      vertex 109.912 15.3849 0.00999928
      vertex 109.022 14.9086 1.01
    endloop
  endfacet
  facet normal -0.903669 0.428232 0
    outer loop
      vertex 109.289 -11.9755 0
      vertex 109.631 -11.2538 0.00999928
      vertex 109.631 -11.2538 0
    endloop
  endfacet
  facet normal -0.903669 0.428232 0
    outer loop
      vertex 109.631 -11.2538 0.00999928
      vertex 109.289 -11.9755 0
      vertex 109.289 -11.9755 0.00999928
    endloop
  endfacet
  facet normal -0.941529 0.336931 0
    outer loop
      vertex 109.631 -11.2538 0
      vertex 109.9 -10.5021 0.00999928
      vertex 109.9 -10.5021 0
    endloop
  endfacet
  facet normal -0.941529 0.336931 0
    outer loop
      vertex 109.9 -10.5021 0.00999928
      vertex 109.631 -11.2538 0
      vertex 109.631 -11.2538 0.00999928
    endloop
  endfacet
  facet normal -0.103902 -0.699895 -0.706648
    outer loop
      vertex 108.442 16.2663 0.00999928
      vertex 108.636 16.2375 0.00999928
      vertex 108.344 15.2712 1.01
    endloop
  endfacet
  facet normal -0.1046 -0.699738 -0.7067
    outer loop
      vertex 108.636 16.2375 0.00999928
      vertex 108.441 15.2567 1.01
      vertex 108.344 15.2712 1.01
    endloop
  endfacet
  facet normal 0.639583 -0.302525 -0.706691
    outer loop
      vertex -34.4243 15.2161 0.00999928
      vertex -33.5423 14.7448 1.01
      vertex -34.5084 15.0383 0.00999928
    endloop
  endfacet
  facet normal 0.699842 -0.103972 -0.70669
    outer loop
      vertex -33.6417 14.4671 1.01
      vertex -33.6562 14.3695 1.01
      vertex -34.6225 14.6622 0.00999928
    endloop
  endfacet
  facet normal 0.686242 -0.172278 -0.706677
    outer loop
      vertex -33.6177 14.5627 1.01
      vertex -33.6417 14.4671 1.01
      vertex -34.6225 14.6622 0.00999928
    endloop
  endfacet
  facet normal 0.666155 -0.238349 -0.706702
    outer loop
      vertex -34.5084 15.0383 0.00999928
      vertex -33.6177 14.5627 1.01
      vertex -34.5747 14.853 0.00999928
    endloop
  endfacet
  facet normal 0 0 -1
    outer loop
      vertex -8.8425 -16.776 117.196
      vertex 84.4315 -15.276 117.196
      vertex 84.4315 -16.776 117.196
    endloop
  endfacet
  facet normal -0 0 -1
    outer loop
      vertex 84.4315 -15.276 117.196
      vertex -8.8425 -16.776 117.196
      vertex -8.8425 -15.276 117.196
    endloop
  endfacet
  facet normal -0.857725 0 0.514109
    outer loop
      vertex 92.8152 -16.776 20.5972
      vertex 93.3239 -15.276 21.4459
      vertex 92.8152 -15.276 20.5972
    endloop
  endfacet
  facet normal -0.857725 0 0.514109
    outer loop
      vertex 93.3239 -15.276 21.4459
      vertex 92.8152 -16.776 20.5972
      vertex 93.3239 -16.776 21.4459
    endloop
  endfacet
  facet normal 0.998793 -0 0.049116
    outer loop
      vertex -18.9255 -16.776 26.199
      vertex -18.8769 -15.276 25.2107
      vertex -18.9255 -15.276 26.199
    endloop
  endfacet
  facet normal 0.998793 0 0.049116
    outer loop
      vertex -18.8769 -15.276 25.2107
      vertex -18.9255 -16.776 26.199
      vertex -18.8769 -16.776 25.2107
    endloop
  endfacet
  facet normal 1 -0 0
    outer loop
      vertex -18.9255 -16.776 107.113
      vertex -18.9255 -15.276 26.199
      vertex -18.9255 -15.276 107.113
    endloop
  endfacet
  facet normal 1 0 0
    outer loop
      vertex -18.9255 -15.276 26.199
      vertex -18.9255 -16.776 107.113
      vertex -18.9255 -16.776 26.199
    endloop
  endfacet
  facet normal 0.803238 -0 0.595658
    outer loop
      vertex -17.2262 -16.776 20.5972
      vertex -16.6368 -15.276 19.8024
      vertex -17.2262 -15.276 20.5972
    endloop
  endfacet
  facet normal 0.803238 0 0.595658
    outer loop
      vertex -16.6368 -15.276 19.8024
      vertex -17.2262 -16.776 20.5972
      vertex -16.6368 -16.776 19.8024
    endloop
  endfacet
  facet normal -0.998798 0 0.0490152
    outer loop
      vertex 94.466 -16.776 25.2107
      vertex 94.5145 -15.276 26.199
      vertex 94.466 -15.276 25.2107
    endloop
  endfacet
  facet normal -0.998798 0 0.0490152
    outer loop
      vertex 94.5145 -15.276 26.199
      vertex 94.466 -16.776 25.2107
      vertex 94.5145 -16.776 26.199
    endloop
  endfacet
  facet normal -0.803238 0 0.595658
    outer loop
      vertex 92.2258 -16.776 19.8024
      vertex 92.8152 -15.276 20.5972
      vertex 92.2258 -15.276 19.8024
    endloop
  endfacet
  facet normal -0.803238 0 0.595658
    outer loop
      vertex 92.8152 -15.276 20.5972
      vertex 92.2258 -16.776 19.8024
      vertex 92.8152 -16.776 20.5972
    endloop
  endfacet
  facet normal -0.740877 0 -0.671641
    outer loop
      vertex 92.2258 -16.776 113.51
      vertex 91.5613 -15.276 114.243
      vertex 92.2258 -15.276 113.51
    endloop
  endfacet
  facet normal -0.740877 -0 -0.671641
    outer loop
      vertex 91.5613 -15.276 114.243
      vertex 92.2258 -16.776 113.51
      vertex 91.5613 -16.776 114.243
    endloop
  endfacet
  facet normal -0.146541 0 -0.989205
    outer loop
      vertex 85.4198 -16.776 117.147
      vertex 86.3986 -15.276 117.002
      vertex 86.3986 -16.776 117.002
    endloop
  endfacet
  facet normal -0.146541 0 -0.989205
    outer loop
      vertex 86.3986 -15.276 117.002
      vertex 85.4198 -16.776 117.147
      vertex 85.4198 -15.276 117.147
    endloop
  endfacet
  facet normal -0.903884 0 -0.427778
    outer loop
      vertex 93.747 -16.776 110.972
      vertex 93.3239 -15.276 111.866
      vertex 93.747 -15.276 110.972
    endloop
  endfacet
  facet normal -0.903884 -0 -0.427778
    outer loop
      vertex 93.3239 -15.276 111.866
      vertex 93.747 -16.776 110.972
      vertex 93.3239 -16.776 111.866
    endloop
  endfacet
  facet normal 0.146642 0 0.98919
    outer loop
      vertex -10.8096 -15.276 16.3097
      vertex -9.83081 -16.776 16.1646
      vertex -9.83081 -15.276 16.1646
    endloop
  endfacet
  facet normal 0.146642 0 0.98919
    outer loop
      vertex -9.83081 -16.776 16.1646
      vertex -10.8096 -15.276 16.3097
      vertex -10.8096 -16.776 16.3097
    endloop
  endfacet
  facet normal 0.989194 0 -0.146611
    outer loop
      vertex -18.7318 -16.776 109.08
      vertex -18.8769 -15.276 108.101
      vertex -18.7318 -15.276 109.08
    endloop
  endfacet
  facet normal 0.989194 0 -0.146611
    outer loop
      vertex -18.8769 -15.276 108.101
      vertex -18.7318 -16.776 109.08
      vertex -18.8769 -16.776 108.101
    endloop
  endfacet
  facet normal -0.98918 0 -0.14671
    outer loop
      vertex 94.466 -16.776 108.101
      vertex 94.3208 -15.276 109.08
      vertex 94.466 -15.276 108.101
    endloop
  endfacet
  facet normal -0.98918 -0 -0.14671
    outer loop
      vertex 94.3208 -15.276 109.08
      vertex 94.466 -16.776 108.101
      vertex 94.3208 -16.776 109.08
    endloop
  endfacet
  facet normal 0.98919 -0 0.14664
    outer loop
      vertex -18.8769 -16.776 25.2107
      vertex -18.7318 -15.276 24.2319
      vertex -18.8769 -15.276 25.2107
    endloop
  endfacet
  facet normal 0.98919 0 0.14664
    outer loop
      vertex -18.7318 -15.276 24.2319
      vertex -18.8769 -16.776 25.2107
      vertex -18.7318 -16.776 24.2319
    endloop
  endfacet
  facet normal -1 0 0
    outer loop
      vertex 94.5145 -16.776 26.199
      vertex 94.5145 -15.276 107.113
      vertex 94.5145 -15.276 26.199
    endloop
  endfacet
  facet normal -1 -0 0
    outer loop
      vertex 94.5145 -15.276 107.113
      vertex 94.5145 -16.776 26.199
      vertex 94.5145 -16.776 107.113
    endloop
  endfacet
  facet normal -0.514109 0 0.857725
    outer loop
      vertex 89.1846 -15.276 17.3066
      vertex 90.0333 -16.776 17.8153
      vertex 90.0333 -15.276 17.8153
    endloop
  endfacet
  facet normal -0.514109 0 0.857725
    outer loop
      vertex 90.0333 -16.776 17.8153
      vertex 89.1846 -15.276 17.3066
      vertex 89.1846 -16.776 17.3066
    endloop
  endfacet
  facet normal -0 0 1
    outer loop
      vertex -8.8425 -15.276 16.116
      vertex 84.4315 -16.776 16.116
      vertex 84.4315 -15.276 16.116
    endloop
  endfacet
  facet normal 0 0 1
    outer loop
      vertex 84.4315 -16.776 16.116
      vertex -8.8425 -15.276 16.116
      vertex -8.8425 -16.776 16.116
    endloop
  endfacet
  facet normal 0.998792 0 -0.0491309
    outer loop
      vertex -18.8769 -16.776 108.101
      vertex -18.9255 -15.276 107.113
      vertex -18.8769 -15.276 108.101
    endloop
  endfacet
  facet normal 0.998792 0 -0.0491309
    outer loop
      vertex -18.9255 -15.276 107.113
      vertex -18.8769 -16.776 108.101
      vertex -18.9255 -16.776 107.113
    endloop
  endfacet
  facet normal -0.970024 0 -0.243011
    outer loop
      vertex 94.3208 -16.776 109.08
      vertex 94.0803 -15.276 110.04
      vertex 94.3208 -15.276 109.08
    endloop
  endfacet
  facet normal -0.970024 -0 -0.243011
    outer loop
      vertex 94.0803 -15.276 110.04
      vertex 94.3208 -16.776 109.08
      vertex 94.0803 -16.776 110.04
    endloop
  endfacet
  facet normal 0.337456 0 -0.941341
    outer loop
      vertex -12.7011 -16.776 116.428
      vertex -11.7694 -15.276 116.762
      vertex -11.7694 -16.776 116.762
    endloop
  endfacet
  facet normal 0.337456 0 -0.941341
    outer loop
      vertex -11.7694 -15.276 116.762
      vertex -12.7011 -16.776 116.428
      vertex -12.7011 -15.276 116.428
    endloop
  endfacet
  facet normal 0.970024 0 -0.243011
    outer loop
      vertex -18.4913 -16.776 110.04
      vertex -18.7318 -15.276 109.08
      vertex -18.4913 -15.276 110.04
    endloop
  endfacet
  facet normal 0.970024 0 -0.243011
    outer loop
      vertex -18.7318 -15.276 109.08
      vertex -18.4913 -16.776 110.04
      vertex -18.7318 -16.776 109.08
    endloop
  endfacet
  facet normal 0.857725 -0 0.514109
    outer loop
      vertex -17.7349 -16.776 21.4459
      vertex -17.2262 -15.276 20.5972
      vertex -17.7349 -15.276 21.4459
    endloop
  endfacet
  facet normal 0.857725 0 0.514109
    outer loop
      vertex -17.2262 -15.276 20.5972
      vertex -17.7349 -16.776 21.4459
      vertex -17.2262 -16.776 20.5972
    endloop
  endfacet
  facet normal -0.671263 0 -0.74122
    outer loop
      vertex 90.8281 -16.776 114.907
      vertex 91.5613 -15.276 114.243
      vertex 91.5613 -16.776 114.243
    endloop
  endfacet
  facet normal -0.671263 0 -0.74122
    outer loop
      vertex 91.5613 -15.276 114.243
      vertex 90.8281 -16.776 114.907
      vertex 90.8281 -15.276 114.907
    endloop
  endfacet
  facet normal 0.970012 -0 0.243059
    outer loop
      vertex -18.7318 -16.776 24.2319
      vertex -18.4913 -15.276 23.2721
      vertex -18.7318 -15.276 24.2319
    endloop
  endfacet
  facet normal 0.970012 0 0.243059
    outer loop
      vertex -18.4913 -15.276 23.2721
      vertex -18.7318 -16.776 24.2319
      vertex -18.4913 -16.776 23.2721
    endloop
  endfacet
  facet normal -0.970012 0 0.243059
    outer loop
      vertex 94.0803 -16.776 23.2721
      vertex 94.3208 -15.276 24.2319
      vertex 94.0803 -15.276 23.2721
    endloop
  endfacet
  facet normal -0.970012 0 0.243059
    outer loop
      vertex 94.3208 -15.276 24.2319
      vertex 94.0803 -16.776 23.2721
      vertex 94.3208 -16.776 24.2319
    endloop
  endfacet
  facet normal 0.0491155 0 0.998793
    outer loop
      vertex -9.83081 -15.276 16.1646
      vertex -8.8425 -16.776 16.116
      vertex -8.8425 -15.276 16.116
    endloop
  endfacet
  facet normal 0.0491155 0 0.998793
    outer loop
      vertex -8.8425 -16.776 16.116
      vertex -9.83081 -15.276 16.1646
      vertex -9.83081 -16.776 16.1646
    endloop
  endfacet
  facet normal 0.9416 0 -0.336733
    outer loop
      vertex -18.158 -16.776 110.972
      vertex -18.4913 -15.276 110.04
      vertex -18.158 -15.276 110.972
    endloop
  endfacet
  facet normal 0.9416 0 -0.336733
    outer loop
      vertex -18.4913 -15.276 110.04
      vertex -18.158 -16.776 110.972
      vertex -18.4913 -16.776 110.04
    endloop
  endfacet
  facet normal 0.671263 0 -0.74122
    outer loop
      vertex -15.9723 -16.776 114.243
      vertex -15.2391 -15.276 114.907
      vertex -15.2391 -16.776 114.907
    endloop
  endfacet
  facet normal 0.671263 0 -0.74122
    outer loop
      vertex -15.2391 -15.276 114.907
      vertex -15.9723 -16.776 114.243
      vertex -15.9723 -15.276 114.243
    endloop
  endfacet
  facet normal -0.336829 0 0.941566
    outer loop
      vertex 87.3584 -15.276 16.5502
      vertex 88.2901 -16.776 16.8835
      vertex 88.2901 -15.276 16.8835
    endloop
  endfacet
  facet normal -0.336829 0 0.941566
    outer loop
      vertex 88.2901 -16.776 16.8835
      vertex 87.3584 -15.276 16.5502
      vertex 87.3584 -16.776 16.5502
    endloop
  endfacet
  facet normal 0.903884 0 -0.427778
    outer loop
      vertex -17.7349 -16.776 111.866
      vertex -18.158 -15.276 110.972
      vertex -17.7349 -15.276 111.866
    endloop
  endfacet
  facet normal 0.903884 0 -0.427778
    outer loop
      vertex -18.158 -15.276 110.972
      vertex -17.7349 -16.776 111.866
      vertex -18.158 -16.776 110.972
    endloop
  endfacet
  facet normal -0.4275 0 -0.904015
    outer loop
      vertex 88.2901 -16.776 116.428
      vertex 89.1846 -15.276 116.005
      vertex 89.1846 -16.776 116.005
    endloop
  endfacet
  facet normal -0.4275 0 -0.904015
    outer loop
      vertex 89.1846 -15.276 116.005
      vertex 88.2901 -16.776 116.428
      vertex 88.2901 -15.276 116.428
    endloop
  endfacet
  facet normal -0.998797 0 -0.04903
    outer loop
      vertex 94.5145 -16.776 107.113
      vertex 94.466 -15.276 108.101
      vertex 94.5145 -15.276 107.113
    endloop
  endfacet
  facet normal -0.998797 -0 -0.04903
    outer loop
      vertex 94.466 -15.276 108.101
      vertex 94.5145 -16.776 107.113
      vertex 94.466 -16.776 108.101
    endloop
  endfacet
  facet normal -0.595658 0 0.803238
    outer loop
      vertex 90.0333 -15.276 17.8153
      vertex 90.8281 -16.776 18.4047
      vertex 90.8281 -15.276 18.4047
    endloop
  endfacet
  facet normal -0.595658 0 0.803238
    outer loop
      vertex 90.8281 -16.776 18.4047
      vertex 90.0333 -15.276 17.8153
      vertex 90.0333 -16.776 17.8153
    endloop
  endfacet
  facet normal 0.740968 -0 0.67154
    outer loop
      vertex -16.6368 -16.776 19.8024
      vertex -15.9723 -15.276 19.0692
      vertex -16.6368 -15.276 19.8024
    endloop
  endfacet
  facet normal 0.740968 0 0.67154
    outer loop
      vertex -15.9723 -15.276 19.0692
      vertex -16.6368 -16.776 19.8024
      vertex -15.9723 -16.776 19.0692
    endloop
  endfacet
  facet normal -0.903976 0 0.427582
    outer loop
      vertex 93.3239 -16.776 21.4459
      vertex 93.747 -15.276 22.3404
      vertex 93.3239 -15.276 21.4459
    endloop
  endfacet
  facet normal -0.903976 0 0.427582
    outer loop
      vertex 93.747 -15.276 22.3404
      vertex 93.3239 -16.776 21.4459
      vertex 93.747 -16.776 22.3404
    endloop
  endfacet
  facet normal -0.427582 0 0.903976
    outer loop
      vertex 88.2901 -15.276 16.8835
      vertex 89.1846 -16.776 17.3066
      vertex 89.1846 -15.276 17.3066
    endloop
  endfacet
  facet normal -0.427582 0 0.903976
    outer loop
      vertex 89.1846 -16.776 17.3066
      vertex 88.2901 -15.276 16.8835
      vertex 88.2901 -16.776 16.8835
    endloop
  endfacet
  facet normal -0.049116 0 0.998793
    outer loop
      vertex 84.4315 -15.276 16.116
      vertex 85.4198 -16.776 16.1646
      vertex 85.4198 -15.276 16.1646
    endloop
  endfacet
  facet normal -0.049116 0 0.998793
    outer loop
      vertex 85.4198 -16.776 16.1646
      vertex 84.4315 -15.276 16.116
      vertex 84.4315 -16.776 16.116
    endloop
  endfacet
  facet normal 0.595658 0 0.803238
    outer loop
      vertex -15.2391 -15.276 18.4047
      vertex -14.4443 -16.776 17.8153
      vertex -14.4443 -15.276 17.8153
    endloop
  endfacet
  facet normal 0.595658 0 0.803238
    outer loop
      vertex -14.4443 -16.776 17.8153
      vertex -15.2391 -15.276 18.4047
      vertex -15.2391 -16.776 18.4047
    endloop
  endfacet
  facet normal -0.740968 0 0.67154
    outer loop
      vertex 91.5613 -16.776 19.0692
      vertex 92.2258 -15.276 19.8024
      vertex 91.5613 -15.276 19.0692
    endloop
  endfacet
  facet normal -0.740968 0 0.67154
    outer loop
      vertex 92.2258 -15.276 19.8024
      vertex 91.5613 -16.776 19.0692
      vertex 92.2258 -16.776 19.8024
    endloop
  endfacet
  facet normal -0.989175 0 0.146739
    outer loop
      vertex 94.3208 -16.776 24.2319
      vertex 94.466 -15.276 25.2107
      vertex 94.3208 -15.276 24.2319
    endloop
  endfacet
  facet normal -0.989175 0 0.146739
    outer loop
      vertex 94.466 -15.276 25.2107
      vertex 94.3208 -16.776 24.2319
      vertex 94.466 -16.776 25.2107
    endloop
  endfacet
  facet normal -0.941566 0 0.336829
    outer loop
      vertex 93.747 -16.776 22.3404
      vertex 94.0803 -15.276 23.2721
      vertex 93.747 -15.276 22.3404
    endloop
  endfacet
  facet normal -0.941566 0 0.336829
    outer loop
      vertex 94.0803 -15.276 23.2721
      vertex 93.747 -16.776 22.3404
      vertex 94.0803 -16.776 23.2721
    endloop
  endfacet
  facet normal 0.903976 -0 0.427582
    outer loop
      vertex -18.158 -16.776 22.3404
      vertex -17.7349 -15.276 21.4459
      vertex -18.158 -15.276 22.3404
    endloop
  endfacet
  facet normal 0.903976 0 0.427582
    outer loop
      vertex -17.7349 -15.276 21.4459
      vertex -18.158 -16.776 22.3404
      vertex -17.7349 -16.776 21.4459
    endloop
  endfacet
  facet normal 0.596049 0 -0.802948
    outer loop
      vertex -15.2391 -16.776 114.907
      vertex -14.4443 -15.276 115.497
      vertex -14.4443 -16.776 115.497
    endloop
  endfacet
  facet normal 0.596049 0 -0.802948
    outer loop
      vertex -14.4443 -15.276 115.497
      vertex -15.2391 -16.776 114.907
      vertex -15.2391 -15.276 114.907
    endloop
  endfacet
  facet normal 0.243059 0 0.970012
    outer loop
      vertex -11.7694 -15.276 16.5502
      vertex -10.8096 -16.776 16.3097
      vertex -10.8096 -15.276 16.3097
    endloop
  endfacet
  facet normal 0.243059 0 0.970012
    outer loop
      vertex -10.8096 -16.776 16.3097
      vertex -11.7694 -15.276 16.5502
      vertex -11.7694 -16.776 16.5502
    endloop
  endfacet
  facet normal 0.857805 0 -0.513976
    outer loop
      vertex -17.2262 -16.776 112.715
      vertex -17.7349 -15.276 111.866
      vertex -17.2262 -15.276 112.715
    endloop
  endfacet
  facet normal 0.857805 0 -0.513976
    outer loop
      vertex -17.7349 -15.276 111.866
      vertex -17.2262 -16.776 112.715
      vertex -17.7349 -16.776 111.866
    endloop
  endfacet
  facet normal 0.513589 0 -0.858037
    outer loop
      vertex -14.4443 -16.776 115.497
      vertex -13.5956 -15.276 116.005
      vertex -13.5956 -16.776 116.005
    endloop
  endfacet
  facet normal 0.513589 0 -0.858037
    outer loop
      vertex -13.5956 -15.276 116.005
      vertex -14.4443 -16.776 115.497
      vertex -14.4443 -15.276 115.497
    endloop
  endfacet
  facet normal -0.243059 0 0.970012
    outer loop
      vertex 86.3986 -15.276 16.3097
      vertex 87.3584 -16.776 16.5502
      vertex 87.3584 -15.276 16.5502
    endloop
  endfacet
  facet normal -0.243059 0 0.970012
    outer loop
      vertex 87.3584 -16.776 16.5502
      vertex 86.3986 -15.276 16.3097
      vertex 86.3986 -16.776 16.3097
    endloop
  endfacet
  facet normal -0.67154 0 0.740968
    outer loop
      vertex 90.8281 -15.276 18.4047
      vertex 91.5613 -16.776 19.0692
      vertex 91.5613 -15.276 19.0692
    endloop
  endfacet
  facet normal -0.67154 0 0.740968
    outer loop
      vertex 91.5613 -16.776 19.0692
      vertex 90.8281 -15.276 18.4047
      vertex 90.8281 -16.776 18.4047
    endloop
  endfacet
  facet normal 0.941566 -0 0.336829
    outer loop
      vertex -18.4913 -16.776 23.2721
      vertex -18.158 -15.276 22.3404
      vertex -18.4913 -15.276 23.2721
    endloop
  endfacet
  facet normal 0.941566 0 0.336829
    outer loop
      vertex -18.158 -15.276 22.3404
      vertex -18.4913 -16.776 23.2721
      vertex -18.158 -16.776 22.3404
    endloop
  endfacet
  facet normal 0.4275 0 -0.904015
    outer loop
      vertex -13.5956 -16.776 116.005
      vertex -12.7011 -15.276 116.428
      vertex -12.7011 -16.776 116.428
    endloop
  endfacet
  facet normal 0.4275 0 -0.904015
    outer loop
      vertex -12.7011 -15.276 116.428
      vertex -13.5956 -16.776 116.005
      vertex -13.5956 -15.276 116.005
    endloop
  endfacet
  facet normal 0.336829 0 0.941566
    outer loop
      vertex -12.7011 -15.276 16.8835
      vertex -11.7694 -16.776 16.5502
      vertex -11.7694 -15.276 16.5502
    endloop
  endfacet
  facet normal 0.336829 0 0.941566
    outer loop
      vertex -11.7694 -16.776 16.5502
      vertex -12.7011 -15.276 16.8835
      vertex -12.7011 -16.776 16.8835
    endloop
  endfacet
  facet normal -0.14664 0 0.98919
    outer loop
      vertex 85.4198 -15.276 16.1646
      vertex 86.3986 -16.776 16.3097
      vertex 86.3986 -15.276 16.3097
    endloop
  endfacet
  facet normal -0.14664 0 0.98919
    outer loop
      vertex 86.3986 -16.776 16.3097
      vertex 85.4198 -15.276 16.1646
      vertex 85.4198 -16.776 16.1646
    endloop
  endfacet
  facet normal -0.9416 0 -0.336733
    outer loop
      vertex 94.0803 -16.776 110.04
      vertex 93.747 -15.276 110.972
      vertex 94.0803 -15.276 110.04
    endloop
  endfacet
  facet normal -0.9416 -0 -0.336733
    outer loop
      vertex 93.747 -15.276 110.972
      vertex 94.0803 -16.776 110.04
      vertex 93.747 -16.776 110.972
    endloop
  endfacet
  facet normal 0.242583 0 -0.970131
    outer loop
      vertex -11.7694 -16.776 116.762
      vertex -10.8096 -15.276 117.002
      vertex -10.8096 -16.776 117.002
    endloop
  endfacet
  facet normal 0.242583 0 -0.970131
    outer loop
      vertex -10.8096 -15.276 117.002
      vertex -11.7694 -16.776 116.762
      vertex -11.7694 -15.276 116.762
    endloop
  endfacet
  facet normal -0.857805 0 -0.513976
    outer loop
      vertex 93.3239 -16.776 111.866
      vertex 92.8152 -15.276 112.715
      vertex 93.3239 -15.276 111.866
    endloop
  endfacet
  facet normal -0.857805 -0 -0.513976
    outer loop
      vertex 92.8152 -15.276 112.715
      vertex 93.3239 -16.776 111.866
      vertex 92.8152 -16.776 112.715
    endloop
  endfacet
  facet normal 0.514109 0 0.857725
    outer loop
      vertex -14.4443 -15.276 17.8153
      vertex -13.5956 -16.776 17.3066
      vertex -13.5956 -15.276 17.3066
    endloop
  endfacet
  facet normal 0.514109 0 0.857725
    outer loop
      vertex -13.5956 -16.776 17.3066
      vertex -14.4443 -15.276 17.8153
      vertex -14.4443 -16.776 17.8153
    endloop
  endfacet
  facet normal -0.0495193 0 -0.998773
    outer loop
      vertex 84.4315 -16.776 117.196
      vertex 85.4198 -15.276 117.147
      vertex 85.4198 -16.776 117.147
    endloop
  endfacet
  facet normal -0.0495193 0 -0.998773
    outer loop
      vertex 85.4198 -15.276 117.147
      vertex 84.4315 -16.776 117.196
      vertex 84.4315 -15.276 117.196
    endloop
  endfacet
  facet normal 0.740877 0 -0.671641
    outer loop
      vertex -15.9723 -16.776 114.243
      vertex -16.6368 -15.276 113.51
      vertex -15.9723 -15.276 114.243
    endloop
  endfacet
  facet normal 0.740877 0 -0.671641
    outer loop
      vertex -16.6368 -15.276 113.51
      vertex -15.9723 -16.776 114.243
      vertex -16.6368 -16.776 113.51
    endloop
  endfacet
  facet normal 0.80331 0 -0.595561
    outer loop
      vertex -16.6368 -16.776 113.51
      vertex -17.2262 -15.276 112.715
      vertex -16.6368 -15.276 113.51
    endloop
  endfacet
  facet normal 0.80331 0 -0.595561
    outer loop
      vertex -17.2262 -15.276 112.715
      vertex -16.6368 -16.776 113.51
      vertex -17.2262 -16.776 112.715
    endloop
  endfacet
  facet normal 0.0495188 0 -0.998773
    outer loop
      vertex -9.83081 -16.776 117.147
      vertex -8.8425 -15.276 117.196
      vertex -8.8425 -16.776 117.196
    endloop
  endfacet
  facet normal 0.0495188 0 -0.998773
    outer loop
      vertex -8.8425 -15.276 117.196
      vertex -9.83081 -16.776 117.147
      vertex -9.83081 -15.276 117.147
    endloop
  endfacet
  facet normal 0.67154 0 0.740968
    outer loop
      vertex -15.9723 -15.276 19.0692
      vertex -15.2391 -16.776 18.4047
      vertex -15.2391 -15.276 18.4047
    endloop
  endfacet
  facet normal 0.67154 0 0.740968
    outer loop
      vertex -15.2391 -16.776 18.4047
      vertex -15.9723 -15.276 19.0692
      vertex -15.9723 -16.776 19.0692
    endloop
  endfacet
  facet normal -0.337456 0 -0.941341
    outer loop
      vertex 87.3584 -16.776 116.762
      vertex 88.2901 -15.276 116.428
      vertex 88.2901 -16.776 116.428
    endloop
  endfacet
  facet normal -0.337456 0 -0.941341
    outer loop
      vertex 88.2901 -15.276 116.428
      vertex 87.3584 -16.776 116.762
      vertex 87.3584 -15.276 116.762
    endloop
  endfacet
  facet normal -0.513589 0 -0.858037
    outer loop
      vertex 89.1846 -16.776 116.005
      vertex 90.0333 -15.276 115.497
      vertex 90.0333 -16.776 115.497
    endloop
  endfacet
  facet normal -0.513589 0 -0.858037
    outer loop
      vertex 90.0333 -15.276 115.497
      vertex 89.1846 -16.776 116.005
      vertex 89.1846 -15.276 116.005
    endloop
  endfacet
  facet normal -0.242583 0 -0.970131
    outer loop
      vertex 86.3986 -16.776 117.002
      vertex 87.3584 -15.276 116.762
      vertex 87.3584 -16.776 116.762
    endloop
  endfacet
  facet normal -0.242583 0 -0.970131
    outer loop
      vertex 87.3584 -15.276 116.762
      vertex 86.3986 -16.776 117.002
      vertex 86.3986 -15.276 117.002
    endloop
  endfacet
  facet normal 0.427582 0 0.903976
    outer loop
      vertex -13.5956 -15.276 17.3066
      vertex -12.7011 -16.776 16.8835
      vertex -12.7011 -15.276 16.8835
    endloop
  endfacet
  facet normal 0.427582 0 0.903976
    outer loop
      vertex -12.7011 -16.776 16.8835
      vertex -13.5956 -15.276 17.3066
      vertex -13.5956 -16.776 17.3066
    endloop
  endfacet
  facet normal 0.146543 0 -0.989204
    outer loop
      vertex -10.8096 -16.776 117.002
      vertex -9.83081 -15.276 117.147
      vertex -9.83081 -16.776 117.147
    endloop
  endfacet
  facet normal 0.146543 0 -0.989204
    outer loop
      vertex -9.83081 -15.276 117.147
      vertex -10.8096 -16.776 117.002
      vertex -10.8096 -15.276 117.002
    endloop
  endfacet
  facet normal -0.80331 0 -0.595561
    outer loop
      vertex 92.8152 -16.776 112.715
      vertex 92.2258 -15.276 113.51
      vertex 92.8152 -15.276 112.715
    endloop
  endfacet
  facet normal -0.80331 -0 -0.595561
    outer loop
      vertex 92.2258 -15.276 113.51
      vertex 92.8152 -16.776 112.715
      vertex 92.2258 -16.776 113.51
    endloop
  endfacet
  facet normal -0.596049 0 -0.802948
    outer loop
      vertex 90.0333 -16.776 115.497
      vertex 90.8281 -15.276 114.907
      vertex 90.8281 -16.776 114.907
    endloop
  endfacet
  facet normal -0.596049 0 -0.802948
    outer loop
      vertex 90.8281 -15.276 114.907
      vertex 90.0333 -16.776 115.497
      vertex 90.0333 -15.276 115.497
    endloop
  endfacet
  facet normal 0 0 -1
    outer loop
      vertex -8.8425 15.276 117.196
      vertex 84.4315 16.776 117.196
      vertex 84.4315 15.276 117.196
    endloop
  endfacet
  facet normal -0 0 -1
    outer loop
      vertex 84.4315 16.776 117.196
      vertex -8.8425 15.276 117.196
      vertex -8.8425 16.776 117.196
    endloop
  endfacet
  facet normal -0.857725 0 0.514109
    outer loop
      vertex 92.8152 15.276 20.5972
      vertex 93.3239 16.776 21.4459
      vertex 92.8152 16.776 20.5972
    endloop
  endfacet
  facet normal -0.857725 0 0.514109
    outer loop
      vertex 93.3239 16.776 21.4459
      vertex 92.8152 15.276 20.5972
      vertex 93.3239 15.276 21.4459
    endloop
  endfacet
  facet normal 0.998793 -0 0.049116
    outer loop
      vertex -18.9255 15.276 26.199
      vertex -18.8769 16.776 25.2107
      vertex -18.9255 16.776 26.199
    endloop
  endfacet
  facet normal 0.998793 0 0.049116
    outer loop
      vertex -18.8769 16.776 25.2107
      vertex -18.9255 15.276 26.199
      vertex -18.8769 15.276 25.2107
    endloop
  endfacet
  facet normal 1 -0 0
    outer loop
      vertex -18.9255 15.276 107.113
      vertex -18.9255 16.776 26.199
      vertex -18.9255 16.776 107.113
    endloop
  endfacet
  facet normal 1 0 0
    outer loop
      vertex -18.9255 16.776 26.199
      vertex -18.9255 15.276 107.113
      vertex -18.9255 15.276 26.199
    endloop
  endfacet
  facet normal 0.803238 -0 0.595658
    outer loop
      vertex -17.2262 15.276 20.5972
      vertex -16.6368 16.776 19.8024
      vertex -17.2262 16.776 20.5972
    endloop
  endfacet
  facet normal 0.803238 0 0.595658
    outer loop
      vertex -16.6368 16.776 19.8024
      vertex -17.2262 15.276 20.5972
      vertex -16.6368 15.276 19.8024
    endloop
  endfacet
  facet normal -0.998798 0 0.0490152
    outer loop
      vertex 94.466 15.276 25.2107
      vertex 94.5145 16.776 26.199
      vertex 94.466 16.776 25.2107
    endloop
  endfacet
  facet normal -0.998798 0 0.0490152
    outer loop
      vertex 94.5145 16.776 26.199
      vertex 94.466 15.276 25.2107
      vertex 94.5145 15.276 26.199
    endloop
  endfacet
  facet normal -0.803238 0 0.595658
    outer loop
      vertex 92.2258 15.276 19.8024
      vertex 92.8152 16.776 20.5972
      vertex 92.2258 16.776 19.8024
    endloop
  endfacet
  facet normal -0.803238 0 0.595658
    outer loop
      vertex 92.8152 16.776 20.5972
      vertex 92.2258 15.276 19.8024
      vertex 92.8152 15.276 20.5972
    endloop
  endfacet
  facet normal -0.740877 0 -0.671641
    outer loop
      vertex 92.2258 15.276 113.51
      vertex 91.5613 16.776 114.243
      vertex 92.2258 16.776 113.51
    endloop
  endfacet
  facet normal -0.740877 -0 -0.671641
    outer loop
      vertex 91.5613 16.776 114.243
      vertex 92.2258 15.276 113.51
      vertex 91.5613 15.276 114.243
    endloop
  endfacet
  facet normal -0.146541 0 -0.989205
    outer loop
      vertex 85.4198 15.276 117.147
      vertex 86.3986 16.776 117.002
      vertex 86.3986 15.276 117.002
    endloop
  endfacet
  facet normal -0.146541 0 -0.989205
    outer loop
      vertex 86.3986 16.776 117.002
      vertex 85.4198 15.276 117.147
      vertex 85.4198 16.776 117.147
    endloop
  endfacet
  facet normal -0.903884 0 -0.427778
    outer loop
      vertex 93.747 15.276 110.972
      vertex 93.3239 16.776 111.866
      vertex 93.747 16.776 110.972
    endloop
  endfacet
  facet normal -0.903884 -0 -0.427778
    outer loop
      vertex 93.3239 16.776 111.866
      vertex 93.747 15.276 110.972
      vertex 93.3239 15.276 111.866
    endloop
  endfacet
  facet normal 0.146642 0 0.98919
    outer loop
      vertex -10.8096 16.776 16.3097
      vertex -9.83081 15.276 16.1646
      vertex -9.83081 16.776 16.1646
    endloop
  endfacet
  facet normal 0.146642 0 0.98919
    outer loop
      vertex -9.83081 15.276 16.1646
      vertex -10.8096 16.776 16.3097
      vertex -10.8096 15.276 16.3097
    endloop
  endfacet
  facet normal 0.989194 0 -0.146611
    outer loop
      vertex -18.7318 15.276 109.08
      vertex -18.8769 16.776 108.101
      vertex -18.7318 16.776 109.08
    endloop
  endfacet
  facet normal 0.989194 0 -0.146611
    outer loop
      vertex -18.8769 16.776 108.101
      vertex -18.7318 15.276 109.08
      vertex -18.8769 15.276 108.101
    endloop
  endfacet
  facet normal -0.98918 0 -0.14671
    outer loop
      vertex 94.466 15.276 108.101
      vertex 94.3208 16.776 109.08
      vertex 94.466 16.776 108.101
    endloop
  endfacet
  facet normal -0.98918 -0 -0.14671
    outer loop
      vertex 94.3208 16.776 109.08
      vertex 94.466 15.276 108.101
      vertex 94.3208 15.276 109.08
    endloop
  endfacet
  facet normal 0.98919 -0 0.14664
    outer loop
      vertex -18.8769 15.276 25.2107
      vertex -18.7318 16.776 24.2319
      vertex -18.8769 16.776 25.2107
    endloop
  endfacet
  facet normal 0.98919 0 0.14664
    outer loop
      vertex -18.7318 16.776 24.2319
      vertex -18.8769 15.276 25.2107
      vertex -18.7318 15.276 24.2319
    endloop
  endfacet
  facet normal -1 0 0
    outer loop
      vertex 94.5145 15.276 26.199
      vertex 94.5145 16.776 107.113
      vertex 94.5145 16.776 26.199
    endloop
  endfacet
  facet normal -1 -0 0
    outer loop
      vertex 94.5145 16.776 107.113
      vertex 94.5145 15.276 26.199
      vertex 94.5145 15.276 107.113
    endloop
  endfacet
  facet normal -0.514109 0 0.857725
    outer loop
      vertex 89.1846 16.776 17.3066
      vertex 90.0333 15.276 17.8153
      vertex 90.0333 16.776 17.8153
    endloop
  endfacet
  facet normal -0.514109 0 0.857725
    outer loop
      vertex 90.0333 15.276 17.8153
      vertex 89.1846 16.776 17.3066
      vertex 89.1846 15.276 17.3066
    endloop
  endfacet
  facet normal -0 0 1
    outer loop
      vertex -8.8425 16.776 16.116
      vertex 84.4315 15.276 16.116
      vertex 84.4315 16.776 16.116
    endloop
  endfacet
  facet normal 0 0 1
    outer loop
      vertex 84.4315 15.276 16.116
      vertex -8.8425 16.776 16.116
      vertex -8.8425 15.276 16.116
    endloop
  endfacet
  facet normal 0.998792 0 -0.0491309
    outer loop
      vertex -18.8769 15.276 108.101
      vertex -18.9255 16.776 107.113
      vertex -18.8769 16.776 108.101
    endloop
  endfacet
  facet normal 0.998792 0 -0.0491309
    outer loop
      vertex -18.9255 16.776 107.113
      vertex -18.8769 15.276 108.101
      vertex -18.9255 15.276 107.113
    endloop
  endfacet
  facet normal -0.970024 0 -0.243011
    outer loop
      vertex 94.3208 15.276 109.08
      vertex 94.0803 16.776 110.04
      vertex 94.3208 16.776 109.08
    endloop
  endfacet
  facet normal -0.970024 -0 -0.243011
    outer loop
      vertex 94.0803 16.776 110.04
      vertex 94.3208 15.276 109.08
      vertex 94.0803 15.276 110.04
    endloop
  endfacet
  facet normal 0.337456 0 -0.941341
    outer loop
      vertex -12.7011 15.276 116.428
      vertex -11.7694 16.776 116.762
      vertex -11.7694 15.276 116.762
    endloop
  endfacet
  facet normal 0.337456 0 -0.941341
    outer loop
      vertex -11.7694 16.776 116.762
      vertex -12.7011 15.276 116.428
      vertex -12.7011 16.776 116.428
    endloop
  endfacet
  facet normal 0.970024 0 -0.243011
    outer loop
      vertex -18.4913 15.276 110.04
      vertex -18.7318 16.776 109.08
      vertex -18.4913 16.776 110.04
    endloop
  endfacet
  facet normal 0.970024 0 -0.243011
    outer loop
      vertex -18.7318 16.776 109.08
      vertex -18.4913 15.276 110.04
      vertex -18.7318 15.276 109.08
    endloop
  endfacet
  facet normal 0.857725 -0 0.514109
    outer loop
      vertex -17.7349 15.276 21.4459
      vertex -17.2262 16.776 20.5972
      vertex -17.7349 16.776 21.4459
    endloop
  endfacet
  facet normal 0.857725 0 0.514109
    outer loop
      vertex -17.2262 16.776 20.5972
      vertex -17.7349 15.276 21.4459
      vertex -17.2262 15.276 20.5972
    endloop
  endfacet
  facet normal -0.671263 0 -0.74122
    outer loop
      vertex 90.8281 15.276 114.907
      vertex 91.5613 16.776 114.243
      vertex 91.5613 15.276 114.243
    endloop
  endfacet
  facet normal -0.671263 0 -0.74122
    outer loop
      vertex 91.5613 16.776 114.243
      vertex 90.8281 15.276 114.907
      vertex 90.8281 16.776 114.907
    endloop
  endfacet
  facet normal 0.970012 -0 0.243059
    outer loop
      vertex -18.7318 15.276 24.2319
      vertex -18.4913 16.776 23.2721
      vertex -18.7318 16.776 24.2319
    endloop
  endfacet
  facet normal 0.970012 0 0.243059
    outer loop
      vertex -18.4913 16.776 23.2721
      vertex -18.7318 15.276 24.2319
      vertex -18.4913 15.276 23.2721
    endloop
  endfacet
  facet normal -0.970012 0 0.243059
    outer loop
      vertex 94.0803 15.276 23.2721
      vertex 94.3208 16.776 24.2319
      vertex 94.0803 16.776 23.2721
    endloop
  endfacet
  facet normal -0.970012 0 0.243059
    outer loop
      vertex 94.3208 16.776 24.2319
      vertex 94.0803 15.276 23.2721
      vertex 94.3208 15.276 24.2319
    endloop
  endfacet
  facet normal 0.0491155 0 0.998793
    outer loop
      vertex -9.83081 16.776 16.1646
      vertex -8.8425 15.276 16.116
      vertex -8.8425 16.776 16.116
    endloop
  endfacet
  facet normal 0.0491155 0 0.998793
    outer loop
      vertex -8.8425 15.276 16.116
      vertex -9.83081 16.776 16.1646
      vertex -9.83081 15.276 16.1646
    endloop
  endfacet
  facet normal 0.9416 0 -0.336733
    outer loop
      vertex -18.158 15.276 110.972
      vertex -18.4913 16.776 110.04
      vertex -18.158 16.776 110.972
    endloop
  endfacet
  facet normal 0.9416 0 -0.336733
    outer loop
      vertex -18.4913 16.776 110.04
      vertex -18.158 15.276 110.972
      vertex -18.4913 15.276 110.04
    endloop
  endfacet
  facet normal 0.671263 0 -0.74122
    outer loop
      vertex -15.9723 15.276 114.243
      vertex -15.2391 16.776 114.907
      vertex -15.2391 15.276 114.907
    endloop
  endfacet
  facet normal 0.671263 0 -0.74122
    outer loop
      vertex -15.2391 16.776 114.907
      vertex -15.9723 15.276 114.243
      vertex -15.9723 16.776 114.243
    endloop
  endfacet
  facet normal -0.336829 0 0.941566
    outer loop
      vertex 87.3584 16.776 16.5502
      vertex 88.2901 15.276 16.8835
      vertex 88.2901 16.776 16.8835
    endloop
  endfacet
  facet normal -0.336829 0 0.941566
    outer loop
      vertex 88.2901 15.276 16.8835
      vertex 87.3584 16.776 16.5502
      vertex 87.3584 15.276 16.5502
    endloop
  endfacet
  facet normal 0.903884 0 -0.427778
    outer loop
      vertex -17.7349 15.276 111.866
      vertex -18.158 16.776 110.972
      vertex -17.7349 16.776 111.866
    endloop
  endfacet
  facet normal 0.903884 0 -0.427778
    outer loop
      vertex -18.158 16.776 110.972
      vertex -17.7349 15.276 111.866
      vertex -18.158 15.276 110.972
    endloop
  endfacet
  facet normal -0.4275 0 -0.904015
    outer loop
      vertex 88.2901 15.276 116.428
      vertex 89.1846 16.776 116.005
      vertex 89.1846 15.276 116.005
    endloop
  endfacet
  facet normal -0.4275 0 -0.904015
    outer loop
      vertex 89.1846 16.776 116.005
      vertex 88.2901 15.276 116.428
      vertex 88.2901 16.776 116.428
    endloop
  endfacet
  facet normal -0.998797 0 -0.04903
    outer loop
      vertex 94.5145 15.276 107.113
      vertex 94.466 16.776 108.101
      vertex 94.5145 16.776 107.113
    endloop
  endfacet
  facet normal -0.998797 -0 -0.04903
    outer loop
      vertex 94.466 16.776 108.101
      vertex 94.5145 15.276 107.113
      vertex 94.466 15.276 108.101
    endloop
  endfacet
  facet normal -0.595658 0 0.803238
    outer loop
      vertex 90.0333 16.776 17.8153
      vertex 90.8281 15.276 18.4047
      vertex 90.8281 16.776 18.4047
    endloop
  endfacet
  facet normal -0.595658 0 0.803238
    outer loop
      vertex 90.8281 15.276 18.4047
      vertex 90.0333 16.776 17.8153
      vertex 90.0333 15.276 17.8153
    endloop
  endfacet
  facet normal 0.740968 -0 0.67154
    outer loop
      vertex -16.6368 15.276 19.8024
      vertex -15.9723 16.776 19.0692
      vertex -16.6368 16.776 19.8024
    endloop
  endfacet
  facet normal 0.740968 0 0.67154
    outer loop
      vertex -15.9723 16.776 19.0692
      vertex -16.6368 15.276 19.8024
      vertex -15.9723 15.276 19.0692
    endloop
  endfacet
  facet normal -0.903976 0 0.427582
    outer loop
      vertex 93.3239 15.276 21.4459
      vertex 93.747 16.776 22.3404
      vertex 93.3239 16.776 21.4459
    endloop
  endfacet
  facet normal -0.903976 0 0.427582
    outer loop
      vertex 93.747 16.776 22.3404
      vertex 93.3239 15.276 21.4459
      vertex 93.747 15.276 22.3404
    endloop
  endfacet
  facet normal -0.0495193 0 -0.998773
    outer loop
      vertex 84.4315 15.276 117.196
      vertex 85.4198 16.776 117.147
      vertex 85.4198 15.276 117.147
    endloop
  endfacet
  facet normal -0.0495193 0 -0.998773
    outer loop
      vertex 85.4198 16.776 117.147
      vertex 84.4315 15.276 117.196
      vertex 84.4315 16.776 117.196
    endloop
  endfacet
  facet normal -0.427582 0 0.903976
    outer loop
      vertex 88.2901 16.776 16.8835
      vertex 89.1846 15.276 17.3066
      vertex 89.1846 16.776 17.3066
    endloop
  endfacet
  facet normal -0.427582 0 0.903976
    outer loop
      vertex 89.1846 15.276 17.3066
      vertex 88.2901 16.776 16.8835
      vertex 88.2901 15.276 16.8835
    endloop
  endfacet
  facet normal -0.049116 0 0.998793
    outer loop
      vertex 84.4315 16.776 16.116
      vertex 85.4198 15.276 16.1646
      vertex 85.4198 16.776 16.1646
    endloop
  endfacet
  facet normal -0.049116 0 0.998793
    outer loop
      vertex 85.4198 15.276 16.1646
      vertex 84.4315 16.776 16.116
      vertex 84.4315 15.276 16.116
    endloop
  endfacet
  facet normal 0.595658 0 0.803238
    outer loop
      vertex -15.2391 16.776 18.4047
      vertex -14.4443 15.276 17.8153
      vertex -14.4443 16.776 17.8153
    endloop
  endfacet
  facet normal 0.595658 0 0.803238
    outer loop
      vertex -14.4443 15.276 17.8153
      vertex -15.2391 16.776 18.4047
      vertex -15.2391 15.276 18.4047
    endloop
  endfacet
  facet normal -0.740968 0 0.67154
    outer loop
      vertex 91.5613 15.276 19.0692
      vertex 92.2258 16.776 19.8024
      vertex 91.5613 16.776 19.0692
    endloop
  endfacet
  facet normal -0.740968 0 0.67154
    outer loop
      vertex 92.2258 16.776 19.8024
      vertex 91.5613 15.276 19.0692
      vertex 92.2258 15.276 19.8024
    endloop
  endfacet
  facet normal -0.989175 0 0.146739
    outer loop
      vertex 94.3208 15.276 24.2319
      vertex 94.466 16.776 25.2107
      vertex 94.3208 16.776 24.2319
    endloop
  endfacet
  facet normal -0.989175 0 0.146739
    outer loop
      vertex 94.466 16.776 25.2107
      vertex 94.3208 15.276 24.2319
      vertex 94.466 15.276 25.2107
    endloop
  endfacet
  facet normal -0.941566 0 0.336829
    outer loop
      vertex 93.747 15.276 22.3404
      vertex 94.0803 16.776 23.2721
      vertex 93.747 16.776 22.3404
    endloop
  endfacet
  facet normal -0.941566 0 0.336829
    outer loop
      vertex 94.0803 16.776 23.2721
      vertex 93.747 15.276 22.3404
      vertex 94.0803 15.276 23.2721
    endloop
  endfacet
  facet normal 0.903976 -0 0.427582
    outer loop
      vertex -18.158 15.276 22.3404
      vertex -17.7349 16.776 21.4459
      vertex -18.158 16.776 22.3404
    endloop
  endfacet
  facet normal 0.903976 0 0.427582
    outer loop
      vertex -17.7349 16.776 21.4459
      vertex -18.158 15.276 22.3404
      vertex -17.7349 15.276 21.4459
    endloop
  endfacet
  facet normal 0.596049 0 -0.802948
    outer loop
      vertex -15.2391 15.276 114.907
      vertex -14.4443 16.776 115.497
      vertex -14.4443 15.276 115.497
    endloop
  endfacet
  facet normal 0.596049 0 -0.802948
    outer loop
      vertex -14.4443 16.776 115.497
      vertex -15.2391 15.276 114.907
      vertex -15.2391 16.776 114.907
    endloop
  endfacet
  facet normal 0.243059 0 0.970012
    outer loop
      vertex -11.7694 16.776 16.5502
      vertex -10.8096 15.276 16.3097
      vertex -10.8096 16.776 16.3097
    endloop
  endfacet
  facet normal 0.243059 0 0.970012
    outer loop
      vertex -10.8096 15.276 16.3097
      vertex -11.7694 16.776 16.5502
      vertex -11.7694 15.276 16.5502
    endloop
  endfacet
  facet normal 0.857805 0 -0.513976
    outer loop
      vertex -17.2262 15.276 112.715
      vertex -17.7349 16.776 111.866
      vertex -17.2262 16.776 112.715
    endloop
  endfacet
  facet normal 0.857805 0 -0.513976
    outer loop
      vertex -17.7349 16.776 111.866
      vertex -17.2262 15.276 112.715
      vertex -17.7349 15.276 111.866
    endloop
  endfacet
  facet normal 0.513589 0 -0.858037
    outer loop
      vertex -14.4443 15.276 115.497
      vertex -13.5956 16.776 116.005
      vertex -13.5956 15.276 116.005
    endloop
  endfacet
  facet normal 0.513589 0 -0.858037
    outer loop
      vertex -13.5956 16.776 116.005
      vertex -14.4443 15.276 115.497
      vertex -14.4443 16.776 115.497
    endloop
  endfacet
  facet normal -0.243059 0 0.970012
    outer loop
      vertex 86.3986 16.776 16.3097
      vertex 87.3584 15.276 16.5502
      vertex 87.3584 16.776 16.5502
    endloop
  endfacet
  facet normal -0.243059 0 0.970012
    outer loop
      vertex 87.3584 15.276 16.5502
      vertex 86.3986 16.776 16.3097
      vertex 86.3986 15.276 16.3097
    endloop
  endfacet
  facet normal -0.67154 0 0.740968
    outer loop
      vertex 90.8281 16.776 18.4047
      vertex 91.5613 15.276 19.0692
      vertex 91.5613 16.776 19.0692
    endloop
  endfacet
  facet normal -0.67154 0 0.740968
    outer loop
      vertex 91.5613 15.276 19.0692
      vertex 90.8281 16.776 18.4047
      vertex 90.8281 15.276 18.4047
    endloop
  endfacet
  facet normal 0.941566 -0 0.336829
    outer loop
      vertex -18.4913 15.276 23.2721
      vertex -18.158 16.776 22.3404
      vertex -18.4913 16.776 23.2721
    endloop
  endfacet
  facet normal 0.941566 0 0.336829
    outer loop
      vertex -18.158 16.776 22.3404
      vertex -18.4913 15.276 23.2721
      vertex -18.158 15.276 22.3404
    endloop
  endfacet
  facet normal 0.4275 0 -0.904015
    outer loop
      vertex -13.5956 15.276 116.005
      vertex -12.7011 16.776 116.428
      vertex -12.7011 15.276 116.428
    endloop
  endfacet
  facet normal 0.4275 0 -0.904015
    outer loop
      vertex -12.7011 16.776 116.428
      vertex -13.5956 15.276 116.005
      vertex -13.5956 16.776 116.005
    endloop
  endfacet
  facet normal 0.336829 0 0.941566
    outer loop
      vertex -12.7011 16.776 16.8835
      vertex -11.7694 15.276 16.5502
      vertex -11.7694 16.776 16.5502
    endloop
  endfacet
  facet normal 0.336829 0 0.941566
    outer loop
      vertex -11.7694 15.276 16.5502
      vertex -12.7011 16.776 16.8835
      vertex -12.7011 15.276 16.8835
    endloop
  endfacet
  facet normal -0.14664 0 0.98919
    outer loop
      vertex 85.4198 16.776 16.1646
      vertex 86.3986 15.276 16.3097
      vertex 86.3986 16.776 16.3097
    endloop
  endfacet
  facet normal -0.14664 0 0.98919
    outer loop
      vertex 86.3986 15.276 16.3097
      vertex 85.4198 16.776 16.1646
      vertex 85.4198 15.276 16.1646
    endloop
  endfacet
  facet normal -0.9416 0 -0.336733
    outer loop
      vertex 94.0803 15.276 110.04
      vertex 93.747 16.776 110.972
      vertex 94.0803 16.776 110.04
    endloop
  endfacet
  facet normal -0.9416 -0 -0.336733
    outer loop
      vertex 93.747 16.776 110.972
      vertex 94.0803 15.276 110.04
      vertex 93.747 15.276 110.972
    endloop
  endfacet
  facet normal 0.242583 0 -0.970131
    outer loop
      vertex -11.7694 15.276 116.762
      vertex -10.8096 16.776 117.002
      vertex -10.8096 15.276 117.002
    endloop
  endfacet
  facet normal 0.242583 0 -0.970131
    outer loop
      vertex -10.8096 16.776 117.002
      vertex -11.7694 15.276 116.762
      vertex -11.7694 16.776 116.762
    endloop
  endfacet
  facet normal -0.857805 0 -0.513976
    outer loop
      vertex 93.3239 15.276 111.866
      vertex 92.8152 16.776 112.715
      vertex 93.3239 16.776 111.866
    endloop
  endfacet
  facet normal -0.857805 -0 -0.513976
    outer loop
      vertex 92.8152 16.776 112.715
      vertex 93.3239 15.276 111.866
      vertex 92.8152 15.276 112.715
    endloop
  endfacet
  facet normal 0.514109 0 0.857725
    outer loop
      vertex -14.4443 16.776 17.8153
      vertex -13.5956 15.276 17.3066
      vertex -13.5956 16.776 17.3066
    endloop
  endfacet
  facet normal 0.514109 0 0.857725
    outer loop
      vertex -13.5956 15.276 17.3066
      vertex -14.4443 16.776 17.8153
      vertex -14.4443 15.276 17.8153
    endloop
  endfacet
  facet normal 0.740877 0 -0.671641
    outer loop
      vertex -15.9723 15.276 114.243
      vertex -16.6368 16.776 113.51
      vertex -15.9723 16.776 114.243
    endloop
  endfacet
  facet normal 0.740877 0 -0.671641
    outer loop
      vertex -16.6368 16.776 113.51
      vertex -15.9723 15.276 114.243
      vertex -16.6368 15.276 113.51
    endloop
  endfacet
  facet normal 0.80331 0 -0.595561
    outer loop
      vertex -16.6368 15.276 113.51
      vertex -17.2262 16.776 112.715
      vertex -16.6368 16.776 113.51
    endloop
  endfacet
  facet normal 0.80331 0 -0.595561
    outer loop
      vertex -17.2262 16.776 112.715
      vertex -16.6368 15.276 113.51
      vertex -17.2262 15.276 112.715
    endloop
  endfacet
  facet normal 0.0495188 0 -0.998773
    outer loop
      vertex -9.83081 15.276 117.147
      vertex -8.8425 16.776 117.196
      vertex -8.8425 15.276 117.196
    endloop
  endfacet
  facet normal 0.0495188 0 -0.998773
    outer loop
      vertex -8.8425 16.776 117.196
      vertex -9.83081 15.276 117.147
      vertex -9.83081 16.776 117.147
    endloop
  endfacet
  facet normal 0.67154 0 0.740968
    outer loop
      vertex -15.9723 16.776 19.0692
      vertex -15.2391 15.276 18.4047
      vertex -15.2391 16.776 18.4047
    endloop
  endfacet
  facet normal 0.67154 0 0.740968
    outer loop
      vertex -15.2391 15.276 18.4047
      vertex -15.9723 16.776 19.0692
      vertex -15.9723 15.276 19.0692
    endloop
  endfacet
  facet normal -0.337456 0 -0.941341
    outer loop
      vertex 87.3584 15.276 116.762
      vertex 88.2901 16.776 116.428
      vertex 88.2901 15.276 116.428
    endloop
  endfacet
  facet normal -0.337456 0 -0.941341
    outer loop
      vertex 88.2901 16.776 116.428
      vertex 87.3584 15.276 116.762
      vertex 87.3584 16.776 116.762
    endloop
  endfacet
  facet normal -0.513589 0 -0.858037
    outer loop
      vertex 89.1846 15.276 116.005
      vertex 90.0333 16.776 115.497
      vertex 90.0333 15.276 115.497
    endloop
  endfacet
  facet normal -0.513589 0 -0.858037
    outer loop
      vertex 90.0333 16.776 115.497
      vertex 89.1846 15.276 116.005
      vertex 89.1846 16.776 116.005
    endloop
  endfacet
  facet normal 0.427582 0 0.903976
    outer loop
      vertex -13.5956 16.776 17.3066
      vertex -12.7011 15.276 16.8835
      vertex -12.7011 16.776 16.8835
    endloop
  endfacet
  facet normal 0.427582 0 0.903976
    outer loop
      vertex -12.7011 15.276 16.8835
      vertex -13.5956 16.776 17.3066
      vertex -13.5956 15.276 17.3066
    endloop
  endfacet
  facet normal 0.146543 0 -0.989204
    outer loop
      vertex -10.8096 15.276 117.002
      vertex -9.83081 16.776 117.147
      vertex -9.83081 15.276 117.147
    endloop
  endfacet
  facet normal 0.146543 0 -0.989204
    outer loop
      vertex -9.83081 16.776 117.147
      vertex -10.8096 15.276 117.002
      vertex -10.8096 16.776 117.002
    endloop
  endfacet
  facet normal -0.80331 0 -0.595561
    outer loop
      vertex 92.8152 15.276 112.715
      vertex 92.2258 16.776 113.51
      vertex 92.8152 16.776 112.715
    endloop
  endfacet
  facet normal -0.80331 -0 -0.595561
    outer loop
      vertex 92.2258 16.776 113.51
      vertex 92.8152 15.276 112.715
      vertex 92.2258 15.276 113.51
    endloop
  endfacet
  facet normal -0.242583 0 -0.970131
    outer loop
      vertex 86.3986 15.276 117.002
      vertex 87.3584 16.776 116.762
      vertex 87.3584 15.276 116.762
    endloop
  endfacet
  facet normal -0.242583 0 -0.970131
    outer loop
      vertex 87.3584 16.776 116.762
      vertex 86.3986 15.276 117.002
      vertex 86.3986 16.776 117.002
    endloop
  endfacet
  facet normal -0.596049 0 -0.802948
    outer loop
      vertex 90.0333 15.276 115.497
      vertex 90.8281 16.776 114.907
      vertex 90.8281 15.276 114.907
    endloop
  endfacet
  facet normal -0.596049 0 -0.802948
    outer loop
      vertex 90.8281 16.776 114.907
      vertex 90.0333 15.276 115.497
      vertex 90.0333 16.776 115.497
    endloop
  endfacet
  facet normal 1 -0 0
    outer loop
      vertex -26.4185 -22.225 130.351
      vertex -26.4185 -16.776 4
      vertex -26.4185 -16.776 130.351
    endloop
  endfacet
  facet normal 1 0 0
    outer loop
      vertex -26.4185 -16.776 4
      vertex -26.4185 -22.225 130.351
      vertex -26.4185 -22.225 4
    endloop
  endfacet
  facet normal -1 0 0
    outer loop
      vertex -29.4185 -22.225 4
      vertex -29.4185 -16.266 130.351
      vertex -29.4185 -16.266 4
    endloop
  endfacet
  facet normal -1 -0 0
    outer loop
      vertex -29.4185 -16.266 130.351
      vertex -29.4185 -22.225 4
      vertex -29.4185 -22.225 130.351
    endloop
  endfacet
  facet normal 1 -0 0
    outer loop
      vertex 105.007 -22.225 130.351
      vertex 105.007 -16.266 4
      vertex 105.007 -16.266 130.351
    endloop
  endfacet
  facet normal 1 0 0
    outer loop
      vertex 105.007 -16.266 4
      vertex 105.007 -22.225 130.351
      vertex 105.007 -22.225 4
    endloop
  endfacet
  facet normal -1 0 0
    outer loop
      vertex 102.007 -22.225 4
      vertex 102.007 -16.776 130.351
      vertex 102.007 -16.776 4
    endloop
  endfacet
  facet normal -1 -0 0
    outer loop
      vertex 102.007 -16.776 130.351
      vertex 102.007 -22.225 4
      vertex 102.007 -22.225 130.351
    endloop
  endfacet
  facet normal 1 -0 0
    outer loop
      vertex -89.1055 -11.85 8.4
      vertex -89.1055 -9.47 3
      vertex -89.1055 -9.24 8.4
    endloop
  endfacet
  facet normal 1 0 0
    outer loop
      vertex -89.1055 -9.47 3
      vertex -89.1055 -11.85 8.4
      vertex -89.1055 -11.85 3
    endloop
  endfacet
  facet normal 1 -0 0
    outer loop
      vertex -89.1055 -9.24 8.4
      vertex -89.1055 10.54 8.3
      vertex -89.1055 10.54 8.5
    endloop
  endfacet
  facet normal 1 0 0
    outer loop
      vertex -89.1055 10.54 8.3
      vertex -89.1055 6.8319 0
      vertex -89.1055 10.4053 3
    endloop
  endfacet
  facet normal 1 0 0
    outer loop
      vertex -89.1055 -9.24 8.4
      vertex -89.1055 10.54 8.5
      vertex -89.1055 -9.24 8.5
    endloop
  endfacet
  facet normal 1 0 0
    outer loop
      vertex -89.1055 10.54 8.3
      vertex -89.1055 -9.24 8.4
      vertex -89.1055 6.8319 0
    endloop
  endfacet
  facet normal 1 -0 0
    outer loop
      vertex -89.1055 -9.47 3
      vertex -89.1055 6.8319 0
      vertex -89.1055 -9.24 8.4
    endloop
  endfacet
  facet normal 1 0 0
    outer loop
      vertex -89.1055 6.8319 0
      vertex -89.1055 -9.47 3
      vertex -89.1055 -9.47 0
    endloop
  endfacet
  facet normal 1 -0 0
    outer loop
      vertex -89.1055 10.54 8.3
      vertex -89.1055 12.55 3
      vertex -89.1055 12.55 8.3
    endloop
  endfacet
  facet normal 1 0 0
    outer loop
      vertex -89.1055 12.55 3
      vertex -89.1055 10.54 8.3
      vertex -89.1055 10.4053 3
    endloop
  endfacet
  facet normal 0 1 -0
    outer loop
      vertex -36.9055 13.75 4
      vertex -109.006 13.75 8.5
      vertex -36.9055 13.75 8.5
    endloop
  endfacet
  facet normal 0 1 0
    outer loop
      vertex -109.006 13.75 8.5
      vertex -36.9055 13.75 4
      vertex -109.006 13.75 4
    endloop
  endfacet
  facet normal 0 -1 0
    outer loop
      vertex -109.006 -13.75 4
      vertex -36.9055 -13.75 8.5
      vertex -109.006 -13.75 8.5
    endloop
  endfacet
  facet normal 0 -1 -0
    outer loop
      vertex -36.9055 -13.75 8.5
      vertex -109.006 -13.75 4
      vertex -36.9055 -13.75 4
    endloop
  endfacet
  facet normal -1 0 0
    outer loop
      vertex -109.006 -13.75 4
      vertex -109.006 13.75 8.5
      vertex -109.006 13.75 4
    endloop
  endfacet
  facet normal -1 -0 0
    outer loop
      vertex -109.006 13.75 8.5
      vertex -109.006 -13.75 4
      vertex -109.006 -13.75 8.5
    endloop
  endfacet
  facet normal -0 0 1
    outer loop
      vertex -107.806 12.55 9.7
      vertex -106.516 10.54 9.7
      vertex -106.516 12.55 9.7
    endloop
  endfacet
  facet normal 0 0 1
    outer loop
      vertex -106.516 10.54 9.7
      vertex -107.806 12.55 9.7
      vertex -106.516 -9.24 9.7
    endloop
  endfacet
  facet normal 0 0 1
    outer loop
      vertex -107.806 -12.55 9.7
      vertex -106.516 -9.24 9.7
      vertex -107.806 12.55 9.7
    endloop
  endfacet
  facet normal -0 0 1
    outer loop
      vertex -106.516 10.54 9.7
      vertex -106.506 -9.24 9.7
      vertex -106.506 10.54 9.7
    endloop
  endfacet
  facet normal 0 0 1
    outer loop
      vertex -106.506 -9.24 9.7
      vertex -106.516 10.54 9.7
      vertex -106.516 -9.24 9.7
    endloop
  endfacet
  facet normal 0 0 1
    outer loop
      vertex -91.5955 10.54 9.7
      vertex -89.1155 10.54 9.7
      vertex -89.1155 12.55 9.7
    endloop
  endfacet
  facet normal 0 0 1
    outer loop
      vertex -89.1155 10.54 9.7
      vertex -91.5955 10.54 9.7
      vertex -89.1155 -9.24 9.7
    endloop
  endfacet
  facet normal 0 0 1
    outer loop
      vertex -91.5955 10.54 9.7
      vertex -89.1155 12.55 9.7
      vertex -91.5955 12.55 9.7
    endloop
  endfacet
  facet normal -0 0 1
    outer loop
      vertex -89.1155 10.54 9.7
      vertex -89.1055 -9.24 9.7
      vertex -89.1055 10.54 9.7
    endloop
  endfacet
  facet normal 0 0 1
    outer loop
      vertex -89.1055 -9.24 9.7
      vertex -89.1155 10.54 9.7
      vertex -89.1155 -9.24 9.7
    endloop
  endfacet
  facet normal 0 0 1
    outer loop
      vertex -74.1955 10.54 9.7
      vertex -71.7155 10.54 9.7
      vertex -71.7155 12.55 9.7
    endloop
  endfacet
  facet normal 0 0 1
    outer loop
      vertex -71.7155 10.54 9.7
      vertex -74.1955 10.54 9.7
      vertex -71.7155 -9.24 9.7
    endloop
  endfacet
  facet normal 0 0 1
    outer loop
      vertex -74.1955 10.54 9.7
      vertex -71.7155 12.55 9.7
      vertex -74.1955 12.55 9.7
    endloop
  endfacet
  facet normal -0 0 1
    outer loop
      vertex -71.7155 10.54 9.7
      vertex -71.7055 -9.24 9.7
      vertex -71.7055 10.54 9.7
    endloop
  endfacet
  facet normal 0 0 1
    outer loop
      vertex -71.7055 -9.24 9.7
      vertex -71.7155 10.54 9.7
      vertex -71.7155 -9.24 9.7
    endloop
  endfacet
  facet normal 0 0 1
    outer loop
      vertex -56.7955 10.54 9.7
      vertex -54.3155 10.54 9.7
      vertex -54.3155 12.55 9.7
    endloop
  endfacet
  facet normal 0 0 1
    outer loop
      vertex -54.3155 10.54 9.7
      vertex -56.7955 10.54 9.7
      vertex -54.3155 -9.24 9.7
    endloop
  endfacet
  facet normal 0 0 1
    outer loop
      vertex -56.7955 10.54 9.7
      vertex -54.3155 12.55 9.7
      vertex -56.7955 12.55 9.7
    endloop
  endfacet
  facet normal -0 0 1
    outer loop
      vertex -54.3155 10.54 9.7
      vertex -54.3055 -9.24 9.7
      vertex -54.3055 10.54 9.7
    endloop
  endfacet
  facet normal 0 0 1
    outer loop
      vertex -54.3055 -9.24 9.7
      vertex -54.3155 10.54 9.7
      vertex -54.3155 -9.24 9.7
    endloop
  endfacet
  facet normal -0 0 1
    outer loop
      vertex -39.4055 10.54 9.7
      vertex -39.3955 -9.24 9.7
      vertex -39.3955 10.54 9.7
    endloop
  endfacet
  facet normal 0 0 1
    outer loop
      vertex -39.3955 -9.24 9.7
      vertex -39.4055 10.54 9.7
      vertex -39.4055 -9.24 9.7
    endloop
  endfacet
  facet normal 0 0 1
    outer loop
      vertex -39.3955 10.54 9.7
      vertex -38.1055 12.55 9.7
      vertex -39.3955 12.55 9.7
    endloop
  endfacet
  facet normal 0 0 1
    outer loop
      vertex -39.3955 -9.24 9.7
      vertex -38.1055 12.55 9.7
      vertex -39.3955 10.54 9.7
    endloop
  endfacet
  facet normal 0 0 1
    outer loop
      vertex -38.1055 12.55 9.7
      vertex -39.3955 -9.24 9.7
      vertex -38.1055 -12.55 9.7
    endloop
  endfacet
  facet normal -0 0 1
    outer loop
      vertex -39.3955 -11.86 9.7
      vertex -38.1055 -12.55 9.7
      vertex -39.3955 -9.24 9.7
    endloop
  endfacet
  facet normal -0 0 1
    outer loop
      vertex -54.3155 -11.86 9.7
      vertex -38.1055 -12.55 9.7
      vertex -39.3955 -11.86 9.7
    endloop
  endfacet
  facet normal 0 0 1
    outer loop
      vertex -54.3155 -9.24 9.7
      vertex -56.7955 10.54 9.7
      vertex -56.7955 -9.24 9.7
    endloop
  endfacet
  facet normal 0 0 1
    outer loop
      vertex -54.3155 -9.24 9.7
      vertex -56.7955 -9.24 9.7
      vertex -54.3155 -11.86 9.7
    endloop
  endfacet
  facet normal 0 0 1
    outer loop
      vertex -56.7955 -11.86 9.7
      vertex -54.3155 -11.86 9.7
      vertex -56.7955 -9.24 9.7
    endloop
  endfacet
  facet normal -0 0 1
    outer loop
      vertex -56.7955 -11.86 9.7
      vertex -38.1055 -12.55 9.7
      vertex -54.3155 -11.86 9.7
    endloop
  endfacet
  facet normal -0 0 1
    outer loop
      vertex -71.7155 -11.86 9.7
      vertex -38.1055 -12.55 9.7
      vertex -56.7955 -11.86 9.7
    endloop
  endfacet
  facet normal 0 0 1
    outer loop
      vertex -71.7155 -9.24 9.7
      vertex -74.1955 10.54 9.7
      vertex -74.1955 -9.24 9.7
    endloop
  endfacet
  facet normal 0 0 1
    outer loop
      vertex -71.7155 -9.24 9.7
      vertex -74.1955 -9.24 9.7
      vertex -71.7155 -11.86 9.7
    endloop
  endfacet
  facet normal 0 0 1
    outer loop
      vertex -74.1955 -11.86 9.7
      vertex -71.7155 -11.86 9.7
      vertex -74.1955 -9.24 9.7
    endloop
  endfacet
  facet normal -0 0 1
    outer loop
      vertex -74.1955 -11.86 9.7
      vertex -38.1055 -12.55 9.7
      vertex -71.7155 -11.86 9.7
    endloop
  endfacet
  facet normal 0 0 1
    outer loop
      vertex -107.806 -12.55 9.7
      vertex -74.1955 -11.86 9.7
      vertex -89.1155 -11.86 9.7
    endloop
  endfacet
  facet normal 0 0 1
    outer loop
      vertex -89.1155 -9.24 9.7
      vertex -91.5955 10.54 9.7
      vertex -91.5955 -9.24 9.7
    endloop
  endfacet
  facet normal 0 0 1
    outer loop
      vertex -89.1155 -9.24 9.7
      vertex -91.5955 -9.24 9.7
      vertex -89.1155 -11.86 9.7
    endloop
  endfacet
  facet normal 0 0 1
    outer loop
      vertex -91.5955 -11.86 9.7
      vertex -89.1155 -11.86 9.7
      vertex -91.5955 -9.24 9.7
    endloop
  endfacet
  facet normal 0 0 1
    outer loop
      vertex -107.806 -12.55 9.7
      vertex -89.1155 -11.86 9.7
      vertex -91.5955 -11.86 9.7
    endloop
  endfacet
  facet normal 0 0 1
    outer loop
      vertex -107.806 -12.55 9.7
      vertex -91.5955 -11.86 9.7
      vertex -106.516 -11.86 9.7
    endloop
  endfacet
  facet normal 0 0 1
    outer loop
      vertex -74.1955 -11.86 9.7
      vertex -107.806 -12.55 9.7
      vertex -38.1055 -12.55 9.7
    endloop
  endfacet
  facet normal 0 0 1
    outer loop
      vertex -106.516 -9.24 9.7
      vertex -107.806 -12.55 9.7
      vertex -106.516 -11.86 9.7
    endloop
  endfacet
  facet normal -0 0 1
    outer loop
      vertex -56.8055 10.54 9.7
      vertex -56.7955 -9.24 9.7
      vertex -56.7955 10.54 9.7
    endloop
  endfacet
  facet normal 0 0 1
    outer loop
      vertex -56.7955 -9.24 9.7
      vertex -56.8055 10.54 9.7
      vertex -56.8055 -9.24 9.7
    endloop
  endfacet
  facet normal -0 0 1
    outer loop
      vertex -74.2055 10.54 9.7
      vertex -74.1955 -9.24 9.7
      vertex -74.1955 10.54 9.7
    endloop
  endfacet
  facet normal 0 0 1
    outer loop
      vertex -74.1955 -9.24 9.7
      vertex -74.2055 10.54 9.7
      vertex -74.2055 -9.24 9.7
    endloop
  endfacet
  facet normal -0 0 1
    outer loop
      vertex -91.6055 10.54 9.7
      vertex -91.5955 -9.24 9.7
      vertex -91.5955 10.54 9.7
    endloop
  endfacet
  facet normal 0 0 1
    outer loop
      vertex -91.5955 -9.24 9.7
      vertex -91.6055 10.54 9.7
      vertex -91.6055 -9.24 9.7
    endloop
  endfacet
  facet normal -1 0 0
    outer loop
      vertex -91.6055 -9.47 3
      vertex -91.6055 6.8319 0
      vertex -91.6055 -9.47 0
    endloop
  endfacet
  facet normal -1 0 0
    outer loop
      vertex -91.6055 6.8319 0
      vertex -91.6055 -9.47 3
      vertex -91.6055 -9.24 8.4
    endloop
  endfacet
  facet normal -1 0 0
    outer loop
      vertex -91.6055 -11.85 8.4
      vertex -91.6055 -9.47 3
      vertex -91.6055 -11.85 3
    endloop
  endfacet
  facet normal -1 0 0
    outer loop
      vertex -91.6055 -9.47 3
      vertex -91.6055 -11.85 8.4
      vertex -91.6055 -9.24 8.4
    endloop
  endfacet
  facet normal -1 0 0
    outer loop
      vertex -91.6055 12.55 3
      vertex -91.6055 10.54 8.3
      vertex -91.6055 12.55 8.3
    endloop
  endfacet
  facet normal -1 0 0
    outer loop
      vertex -91.6055 10.4053 3
      vertex -91.6055 10.54 8.3
      vertex -91.6055 12.55 3
    endloop
  endfacet
  facet normal -1 0 0
    outer loop
      vertex -91.6055 6.8319 0
      vertex -91.6055 10.54 8.3
      vertex -91.6055 10.4053 3
    endloop
  endfacet
  facet normal -1 0 0
    outer loop
      vertex -91.6055 -9.24 8.4
      vertex -91.6055 10.54 8.3
      vertex -91.6055 6.8319 0
    endloop
  endfacet
  facet normal -1 0 0
    outer loop
      vertex -91.6055 10.54 8.3
      vertex -91.6055 -9.24 8.4
      vertex -91.6055 10.54 9.7
    endloop
  endfacet
  facet normal -1 -0 0
    outer loop
      vertex -91.6055 10.54 9.7
      vertex -91.6055 -9.24 8.4
      vertex -91.6055 -9.24 9.7
    endloop
  endfacet
  facet normal 0 1 -0
    outer loop
      vertex -91.6055 -9.47 0
      vertex -106.506 -9.47 3
      vertex -91.6055 -9.47 3
    endloop
  endfacet
  facet normal 0 1 0
    outer loop
      vertex -106.506 -9.47 3
      vertex -91.6055 -9.47 0
      vertex -106.506 -9.47 0
    endloop
  endfacet
  facet normal 1 -0 0
    outer loop
      vertex -106.506 -11.85 8.4
      vertex -106.506 -9.47 3
      vertex -106.506 -9.24 8.4
    endloop
  endfacet
  facet normal 1 0 0
    outer loop
      vertex -106.506 -9.47 3
      vertex -106.506 -11.85 8.4
      vertex -106.506 -11.85 3
    endloop
  endfacet
  facet normal 1 -0 0
    outer loop
      vertex -106.506 -9.24 8.4
      vertex -106.506 10.54 8.3
      vertex -106.506 10.54 9.7
    endloop
  endfacet
  facet normal 1 0 0
    outer loop
      vertex -106.506 10.54 8.3
      vertex -106.506 6.8319 0
      vertex -106.506 10.4053 3
    endloop
  endfacet
  facet normal 1 0 0
    outer loop
      vertex -106.506 -9.24 8.4
      vertex -106.506 10.54 9.7
      vertex -106.506 -9.24 9.7
    endloop
  endfacet
  facet normal 1 0 0
    outer loop
      vertex -106.506 10.54 8.3
      vertex -106.506 -9.24 8.4
      vertex -106.506 6.8319 0
    endloop
  endfacet
  facet normal 1 -0 0
    outer loop
      vertex -106.506 -9.47 3
      vertex -106.506 6.8319 0
      vertex -106.506 -9.24 8.4
    endloop
  endfacet
  facet normal 1 0 0
    outer loop
      vertex -106.506 6.8319 0
      vertex -106.506 -9.47 3
      vertex -106.506 -9.47 0
    endloop
  endfacet
  facet normal 1 -0 0
    outer loop
      vertex -106.506 10.54 8.3
      vertex -106.506 12.55 3
      vertex -106.506 12.55 8.3
    endloop
  endfacet
  facet normal 1 0 0
    outer loop
      vertex -106.506 12.55 3
      vertex -106.506 10.54 8.3
      vertex -106.506 10.4053 3
    endloop
  endfacet
  facet normal 0 -1 0
    outer loop
      vertex -106.506 12.55 3
      vertex -91.6055 12.55 8.3
      vertex -106.506 12.55 8.3
    endloop
  endfacet
  facet normal 0 -1 -0
    outer loop
      vertex -91.6055 12.55 8.3
      vertex -106.506 12.55 3
      vertex -91.6055 12.55 3
    endloop
  endfacet
  facet normal 0 1 -0
    outer loop
      vertex -91.6055 -11.85 3
      vertex -106.506 -11.85 8.4
      vertex -91.6055 -11.85 8.4
    endloop
  endfacet
  facet normal 0 1 0
    outer loop
      vertex -106.506 -11.85 8.4
      vertex -91.6055 -11.85 3
      vertex -106.506 -11.85 3
    endloop
  endfacet
  facet normal -0 0 1
    outer loop
      vertex -106.506 12.55 3
      vertex -91.6055 10.4053 3
      vertex -91.6055 12.55 3
    endloop
  endfacet
  facet normal 0 0 1
    outer loop
      vertex -91.6055 10.4053 3
      vertex -106.506 12.55 3
      vertex -106.506 10.4053 3
    endloop
  endfacet
  facet normal -0 0 1
    outer loop
      vertex -106.506 -9.47 3
      vertex -91.6055 -11.85 3
      vertex -91.6055 -9.47 3
    endloop
  endfacet
  facet normal 0 0 1
    outer loop
      vertex -91.6055 -11.85 3
      vertex -106.506 -9.47 3
      vertex -106.506 -11.85 3
    endloop
  endfacet
  facet normal 0 -0.642984 0.76588
    outer loop
      vertex -106.506 10.4053 3
      vertex -91.6055 6.8319 0
      vertex -91.6055 10.4053 3
    endloop
  endfacet
  facet normal 0 -0.642984 0.76588
    outer loop
      vertex -91.6055 6.8319 0
      vertex -106.506 10.4053 3
      vertex -106.506 6.8319 0
    endloop
  endfacet
  facet normal 0 0.707107 0.707107
    outer loop
      vertex -36.9055 13.75 8.5
      vertex -39.3955 12.56 9.69
      vertex -38.1055 12.55 9.7
    endloop
  endfacet
  facet normal 0 0.707107 0.707107
    outer loop
      vertex -36.9055 13.75 8.5
      vertex -54.3155 12.56 9.69
      vertex -39.3955 12.56 9.69
    endloop
  endfacet
  facet normal 0 0.707107 0.707107
    outer loop
      vertex -54.3155 12.56 9.69
      vertex -56.7955 12.56 9.69
      vertex -54.3155 12.55 9.7
    endloop
  endfacet
  facet normal 0 0.707107 0.707107
    outer loop
      vertex -36.9055 13.75 8.5
      vertex -56.7955 12.56 9.69
      vertex -54.3155 12.56 9.69
    endloop
  endfacet
  facet normal 0 0.707107 0.707107
    outer loop
      vertex -36.9055 13.75 8.5
      vertex -71.7155 12.56 9.69
      vertex -56.7955 12.56 9.69
    endloop
  endfacet
  facet normal 0 0.707107 0.707107
    outer loop
      vertex -71.7155 12.56 9.69
      vertex -74.1955 12.56 9.69
      vertex -71.7155 12.55 9.7
    endloop
  endfacet
  facet normal 0 0.707107 0.707107
    outer loop
      vertex -36.9055 13.75 8.5
      vertex -74.1955 12.56 9.69
      vertex -71.7155 12.56 9.69
    endloop
  endfacet
  facet normal -0 0.707107 0.707107
    outer loop
      vertex -109.006 13.75 8.5
      vertex -74.1955 12.56 9.69
      vertex -36.9055 13.75 8.5
    endloop
  endfacet
  facet normal 0 0.707107 0.707107
    outer loop
      vertex -89.1155 12.56 9.69
      vertex -91.5955 12.56 9.69
      vertex -89.1155 12.55 9.7
    endloop
  endfacet
  facet normal 0 0.707107 0.707107
    outer loop
      vertex -74.1955 12.56 9.69
      vertex -109.006 13.75 8.5
      vertex -89.1155 12.56 9.69
    endloop
  endfacet
  facet normal 0 0.707107 0.707107
    outer loop
      vertex -89.1155 12.56 9.69
      vertex -109.006 13.75 8.5
      vertex -91.5955 12.56 9.69
    endloop
  endfacet
  facet normal 0 0.707107 0.707107
    outer loop
      vertex -106.516 12.56 9.69
      vertex -107.806 12.55 9.7
      vertex -106.516 12.55 9.7
    endloop
  endfacet
  facet normal 0 0.707107 0.707107
    outer loop
      vertex -91.5955 12.56 9.69
      vertex -109.006 13.75 8.5
      vertex -106.516 12.56 9.69
    endloop
  endfacet
  facet normal 0 0.707107 0.707107
    outer loop
      vertex -106.516 12.56 9.69
      vertex -109.006 13.75 8.5
      vertex -107.806 12.55 9.7
    endloop
  endfacet
  facet normal 0 0.707107 0.707107
    outer loop
      vertex -38.1055 12.55 9.7
      vertex -39.3955 12.56 9.69
      vertex -39.3955 12.55 9.7
    endloop
  endfacet
  facet normal 0 0.707107 0.707107
    outer loop
      vertex -54.3155 12.55 9.7
      vertex -56.7955 12.56 9.69
      vertex -56.7955 12.55 9.7
    endloop
  endfacet
  facet normal 0 0.707107 0.707107
    outer loop
      vertex -71.7155 12.55 9.7
      vertex -74.1955 12.56 9.69
      vertex -74.1955 12.55 9.7
    endloop
  endfacet
  facet normal 0 0.707107 0.707107
    outer loop
      vertex -89.1155 12.55 9.7
      vertex -91.5955 12.56 9.69
      vertex -91.5955 12.55 9.7
    endloop
  endfacet
  facet normal -0.707107 0 0.707107
    outer loop
      vertex -109.006 13.75 8.5
      vertex -107.806 -12.55 9.7
      vertex -107.806 12.55 9.7
    endloop
  endfacet
  facet normal -0.707107 0 0.707107
    outer loop
      vertex -107.806 -12.55 9.7
      vertex -109.006 13.75 8.5
      vertex -109.006 -13.75 8.5
    endloop
  endfacet
  facet normal 0 -0.707107 0.707107
    outer loop
      vertex -109.006 -13.75 8.5
      vertex -38.1055 -12.55 9.7
      vertex -107.806 -12.55 9.7
    endloop
  endfacet
  facet normal 0 -0.707107 0.707107
    outer loop
      vertex -38.1055 -12.55 9.7
      vertex -109.006 -13.75 8.5
      vertex -36.9055 -13.75 8.5
    endloop
  endfacet
  facet normal 1 0 0
    outer loop
      vertex -91.5955 12.56 9.71
      vertex -91.5955 12.55 9.7
      vertex -91.5955 12.56 9.69
    endloop
  endfacet
  facet normal 1 -0 0
    outer loop
      vertex -91.5955 10.54 9.71
      vertex -91.5955 12.55 9.7
      vertex -91.5955 12.56 9.71
    endloop
  endfacet
  facet normal 1 0 0
    outer loop
      vertex -91.5955 12.55 9.7
      vertex -91.5955 10.54 9.71
      vertex -91.5955 10.54 9.7
    endloop
  endfacet
  facet normal 0 1 -0
    outer loop
      vertex -91.5955 12.56 9.69
      vertex -106.516 12.56 9.71
      vertex -91.5955 12.56 9.71
    endloop
  endfacet
  facet normal 0 1 0
    outer loop
      vertex -106.516 12.56 9.71
      vertex -91.5955 12.56 9.69
      vertex -106.516 12.56 9.69
    endloop
  endfacet
  facet normal 0 -1 0
    outer loop
      vertex -106.506 10.54 8.3
      vertex -91.6055 10.54 9.7
      vertex -106.506 10.54 9.7
    endloop
  endfacet
  facet normal 0 -1 -0
    outer loop
      vertex -91.6055 10.54 9.7
      vertex -106.506 10.54 8.3
      vertex -91.6055 10.54 8.3
    endloop
  endfacet
  facet normal 0 -1 0
    outer loop
      vertex -106.506 10.54 9.7
      vertex -106.516 10.54 9.71
      vertex -106.516 10.54 9.7
    endloop
  endfacet
  facet normal 0 -1 0
    outer loop
      vertex -106.516 10.54 9.71
      vertex -106.506 10.54 9.7
      vertex -91.5955 10.54 9.71
    endloop
  endfacet
  facet normal 0 -1 0
    outer loop
      vertex -91.6055 10.54 9.7
      vertex -91.5955 10.54 9.71
      vertex -106.506 10.54 9.7
    endloop
  endfacet
  facet normal 0 -1 -0
    outer loop
      vertex -91.5955 10.54 9.71
      vertex -91.6055 10.54 9.7
      vertex -91.5955 10.54 9.7
    endloop
  endfacet
  facet normal -1 0 0
    outer loop
      vertex -106.516 12.55 9.7
      vertex -106.516 12.56 9.71
      vertex -106.516 12.56 9.69
    endloop
  endfacet
  facet normal -1 0 0
    outer loop
      vertex -106.516 10.54 9.71
      vertex -106.516 12.55 9.7
      vertex -106.516 10.54 9.7
    endloop
  endfacet
  facet normal -1 0 0
    outer loop
      vertex -106.516 12.55 9.7
      vertex -106.516 10.54 9.71
      vertex -106.516 12.56 9.71
    endloop
  endfacet
  facet normal -0 0 1
    outer loop
      vertex -106.516 12.56 9.71
      vertex -91.5955 10.54 9.71
      vertex -91.5955 12.56 9.71
    endloop
  endfacet
  facet normal 0 0 1
    outer loop
      vertex -91.5955 10.54 9.71
      vertex -106.516 12.56 9.71
      vertex -106.516 10.54 9.71
    endloop
  endfacet
  facet normal 0 0 -1
    outer loop
      vertex -106.506 10.54 8.3
      vertex -91.6055 12.55 8.3
      vertex -91.6055 10.54 8.3
    endloop
  endfacet
  facet normal -0 0 -1
    outer loop
      vertex -91.6055 12.55 8.3
      vertex -106.506 10.54 8.3
      vertex -106.506 12.55 8.3
    endloop
  endfacet
  facet normal 1 -0 0
    outer loop
      vertex -91.5955 -11.86 9.71
      vertex -91.5955 -9.24 9.7
      vertex -91.5955 -9.24 9.71
    endloop
  endfacet
  facet normal 1 0 0
    outer loop
      vertex -91.5955 -9.24 9.7
      vertex -91.5955 -11.86 9.71
      vertex -91.5955 -11.86 9.7
    endloop
  endfacet
  facet normal 0 1 -0
    outer loop
      vertex -91.6055 -9.24 8.4
      vertex -106.506 -9.24 9.7
      vertex -91.6055 -9.24 9.7
    endloop
  endfacet
  facet normal 0 1 0
    outer loop
      vertex -106.506 -9.24 9.7
      vertex -91.6055 -9.24 8.4
      vertex -106.506 -9.24 8.4
    endloop
  endfacet
  facet normal 0 1 0
    outer loop
      vertex -91.6055 -9.24 9.7
      vertex -91.5955 -9.24 9.71
      vertex -91.5955 -9.24 9.7
    endloop
  endfacet
  facet normal 0 1 0
    outer loop
      vertex -91.5955 -9.24 9.71
      vertex -91.6055 -9.24 9.7
      vertex -106.516 -9.24 9.71
    endloop
  endfacet
  facet normal 0 1 -0
    outer loop
      vertex -106.506 -9.24 9.7
      vertex -106.516 -9.24 9.71
      vertex -91.6055 -9.24 9.7
    endloop
  endfacet
  facet normal 0 1 0
    outer loop
      vertex -106.516 -9.24 9.71
      vertex -106.506 -9.24 9.7
      vertex -106.516 -9.24 9.7
    endloop
  endfacet
  facet normal 0 -1 0
    outer loop
      vertex -106.516 -11.86 9.7
      vertex -91.5955 -11.86 9.71
      vertex -106.516 -11.86 9.71
    endloop
  endfacet
  facet normal 0 -1 -0
    outer loop
      vertex -91.5955 -11.86 9.71
      vertex -106.516 -11.86 9.7
      vertex -91.5955 -11.86 9.7
    endloop
  endfacet
  facet normal -1 0 0
    outer loop
      vertex -106.516 -11.86 9.7
      vertex -106.516 -9.24 9.71
      vertex -106.516 -9.24 9.7
    endloop
  endfacet
  facet normal -1 -0 0
    outer loop
      vertex -106.516 -9.24 9.71
      vertex -106.516 -11.86 9.7
      vertex -106.516 -11.86 9.71
    endloop
  endfacet
  facet normal -0 0 1
    outer loop
      vertex -106.516 -9.24 9.71
      vertex -91.5955 -11.86 9.71
      vertex -91.5955 -9.24 9.71
    endloop
  endfacet
  facet normal 0 0 1
    outer loop
      vertex -91.5955 -11.86 9.71
      vertex -106.516 -9.24 9.71
      vertex -106.516 -11.86 9.71
    endloop
  endfacet
  facet normal 0 0 -1
    outer loop
      vertex -106.506 -11.85 8.4
      vertex -91.6055 -9.24 8.4
      vertex -91.6055 -11.85 8.4
    endloop
  endfacet
  facet normal -0 0 -1
    outer loop
      vertex -91.6055 -9.24 8.4
      vertex -106.506 -11.85 8.4
      vertex -106.506 -9.24 8.4
    endloop
  endfacet
  facet normal 1 -0 0
    outer loop
      vertex -71.7055 -11.85 8.4
      vertex -71.7055 -9.47 3
      vertex -71.7055 -9.24 8.4
    endloop
  endfacet
  facet normal 1 0 0
    outer loop
      vertex -71.7055 -9.47 3
      vertex -71.7055 -11.85 8.4
      vertex -71.7055 -11.85 3
    endloop
  endfacet
  facet normal 1 -0 0
    outer loop
      vertex -71.7055 -9.24 8.4
      vertex -71.7055 10.54 8.3
      vertex -71.7055 10.54 8.5
    endloop
  endfacet
  facet normal 1 0 0
    outer loop
      vertex -71.7055 10.54 8.3
      vertex -71.7055 6.8319 0
      vertex -71.7055 10.4053 3
    endloop
  endfacet
  facet normal 1 0 0
    outer loop
      vertex -71.7055 -9.24 8.4
      vertex -71.7055 10.54 8.5
      vertex -71.7055 -9.24 8.5
    endloop
  endfacet
  facet normal 1 0 0
    outer loop
      vertex -71.7055 10.54 8.3
      vertex -71.7055 -9.24 8.4
      vertex -71.7055 6.8319 0
    endloop
  endfacet
  facet normal 1 -0 0
    outer loop
      vertex -71.7055 -9.47 3
      vertex -71.7055 6.8319 0
      vertex -71.7055 -9.24 8.4
    endloop
  endfacet
  facet normal 1 0 0
    outer loop
      vertex -71.7055 6.8319 0
      vertex -71.7055 -9.47 3
      vertex -71.7055 -9.47 0
    endloop
  endfacet
  facet normal 1 -0 0
    outer loop
      vertex -71.7055 10.54 8.3
      vertex -71.7055 12.55 3
      vertex -71.7055 12.55 8.3
    endloop
  endfacet
  facet normal 1 0 0
    outer loop
      vertex -71.7055 12.55 3
      vertex -71.7055 10.54 8.3
      vertex -71.7055 10.4053 3
    endloop
  endfacet
  facet normal -1 0 0
    outer loop
      vertex -74.2055 -9.47 3
      vertex -74.2055 6.8319 0
      vertex -74.2055 -9.47 0
    endloop
  endfacet
  facet normal -1 0 0
    outer loop
      vertex -74.2055 6.8319 0
      vertex -74.2055 -9.47 3
      vertex -74.2055 -9.24 8.4
    endloop
  endfacet
  facet normal -1 0 0
    outer loop
      vertex -74.2055 -11.85 8.4
      vertex -74.2055 -9.47 3
      vertex -74.2055 -11.85 3
    endloop
  endfacet
  facet normal -1 0 0
    outer loop
      vertex -74.2055 -9.47 3
      vertex -74.2055 -11.85 8.4
      vertex -74.2055 -9.24 8.4
    endloop
  endfacet
  facet normal -1 0 0
    outer loop
      vertex -74.2055 12.55 3
      vertex -74.2055 10.54 8.3
      vertex -74.2055 12.55 8.3
    endloop
  endfacet
  facet normal -1 0 0
    outer loop
      vertex -74.2055 10.4053 3
      vertex -74.2055 10.54 8.3
      vertex -74.2055 12.55 3
    endloop
  endfacet
  facet normal -1 0 0
    outer loop
      vertex -74.2055 6.8319 0
      vertex -74.2055 10.54 8.3
      vertex -74.2055 10.4053 3
    endloop
  endfacet
  facet normal -1 0 0
    outer loop
      vertex -74.2055 -9.24 8.4
      vertex -74.2055 10.54 8.3
      vertex -74.2055 6.8319 0
    endloop
  endfacet
  facet normal -1 0 0
    outer loop
      vertex -74.2055 10.54 8.3
      vertex -74.2055 -9.24 8.4
      vertex -74.2055 10.54 9.7
    endloop
  endfacet
  facet normal -1 -0 0
    outer loop
      vertex -74.2055 10.54 9.7
      vertex -74.2055 -9.24 8.4
      vertex -74.2055 -9.24 9.7
    endloop
  endfacet
  facet normal 0 1 -0
    outer loop
      vertex -74.2055 -9.47 0
      vertex -89.1055 -9.47 3
      vertex -74.2055 -9.47 3
    endloop
  endfacet
  facet normal 0 1 0
    outer loop
      vertex -89.1055 -9.47 3
      vertex -74.2055 -9.47 0
      vertex -89.1055 -9.47 0
    endloop
  endfacet
  facet normal 1 -0 0
    outer loop
      vertex -89.1055 -9.24 9.7
      vertex -89.1055 10.54 8.5
      vertex -89.1055 10.54 9.7
    endloop
  endfacet
  facet normal 1 0 0
    outer loop
      vertex -89.1055 10.54 8.5
      vertex -89.1055 -9.24 9.7
      vertex -89.1055 -9.24 8.5
    endloop
  endfacet
  facet normal 0 -1 0
    outer loop
      vertex -89.1055 12.55 3
      vertex -74.2055 12.55 8.3
      vertex -89.1055 12.55 8.3
    endloop
  endfacet
  facet normal 0 -1 -0
    outer loop
      vertex -74.2055 12.55 8.3
      vertex -89.1055 12.55 3
      vertex -74.2055 12.55 3
    endloop
  endfacet
  facet normal 0 1 -0
    outer loop
      vertex -74.2055 -11.85 3
      vertex -89.1055 -11.85 8.4
      vertex -74.2055 -11.85 8.4
    endloop
  endfacet
  facet normal 0 1 0
    outer loop
      vertex -89.1055 -11.85 8.4
      vertex -74.2055 -11.85 3
      vertex -89.1055 -11.85 3
    endloop
  endfacet
  facet normal -0 0 1
    outer loop
      vertex -89.1055 12.55 3
      vertex -74.2055 10.4053 3
      vertex -74.2055 12.55 3
    endloop
  endfacet
  facet normal 0 0 1
    outer loop
      vertex -74.2055 10.4053 3
      vertex -89.1055 12.55 3
      vertex -89.1055 10.4053 3
    endloop
  endfacet
  facet normal -0 0 1
    outer loop
      vertex -89.1055 -9.47 3
      vertex -74.2055 -11.85 3
      vertex -74.2055 -9.47 3
    endloop
  endfacet
  facet normal 0 0 1
    outer loop
      vertex -74.2055 -11.85 3
      vertex -89.1055 -9.47 3
      vertex -89.1055 -11.85 3
    endloop
  endfacet
  facet normal 0 -0.642984 0.76588
    outer loop
      vertex -89.1055 10.4053 3
      vertex -74.2055 6.8319 0
      vertex -74.2055 10.4053 3
    endloop
  endfacet
  facet normal 0 -0.642984 0.76588
    outer loop
      vertex -74.2055 6.8319 0
      vertex -89.1055 10.4053 3
      vertex -89.1055 6.8319 0
    endloop
  endfacet
  facet normal 1 0 0
    outer loop
      vertex -74.1955 12.56 9.71
      vertex -74.1955 12.55 9.7
      vertex -74.1955 12.56 9.69
    endloop
  endfacet
  facet normal 1 -0 0
    outer loop
      vertex -74.1955 10.54 9.71
      vertex -74.1955 12.55 9.7
      vertex -74.1955 12.56 9.71
    endloop
  endfacet
  facet normal 1 0 0
    outer loop
      vertex -74.1955 12.55 9.7
      vertex -74.1955 10.54 9.71
      vertex -74.1955 10.54 9.7
    endloop
  endfacet
  facet normal 0 1 -0
    outer loop
      vertex -74.1955 12.56 9.69
      vertex -89.1155 12.56 9.71
      vertex -74.1955 12.56 9.71
    endloop
  endfacet
  facet normal 0 1 0
    outer loop
      vertex -89.1155 12.56 9.71
      vertex -74.1955 12.56 9.69
      vertex -89.1155 12.56 9.69
    endloop
  endfacet
  facet normal 0 -1 0
    outer loop
      vertex -89.1055 10.54 8.5
      vertex -74.2055 10.54 9.7
      vertex -89.1055 10.54 9.7
    endloop
  endfacet
  facet normal 0 -1 0
    outer loop
      vertex -74.2055 10.54 8.3
      vertex -89.1055 10.54 8.5
      vertex -89.1055 10.54 8.3
    endloop
  endfacet
  facet normal 0 -1 0
    outer loop
      vertex -89.1055 10.54 8.5
      vertex -74.2055 10.54 8.3
      vertex -74.2055 10.54 9.7
    endloop
  endfacet
  facet normal 0 -1 0
    outer loop
      vertex -89.1055 10.54 9.7
      vertex -89.1155 10.54 9.71
      vertex -89.1155 10.54 9.7
    endloop
  endfacet
  facet normal 0 -1 0
    outer loop
      vertex -89.1155 10.54 9.71
      vertex -89.1055 10.54 9.7
      vertex -74.1955 10.54 9.71
    endloop
  endfacet
  facet normal 0 -1 0
    outer loop
      vertex -74.2055 10.54 9.7
      vertex -74.1955 10.54 9.71
      vertex -89.1055 10.54 9.7
    endloop
  endfacet
  facet normal 0 -1 -0
    outer loop
      vertex -74.1955 10.54 9.71
      vertex -74.2055 10.54 9.7
      vertex -74.1955 10.54 9.7
    endloop
  endfacet
  facet normal -1 0 0
    outer loop
      vertex -89.1155 12.55 9.7
      vertex -89.1155 12.56 9.71
      vertex -89.1155 12.56 9.69
    endloop
  endfacet
  facet normal -1 0 0
    outer loop
      vertex -89.1155 10.54 9.71
      vertex -89.1155 12.55 9.7
      vertex -89.1155 10.54 9.7
    endloop
  endfacet
  facet normal -1 0 0
    outer loop
      vertex -89.1155 12.55 9.7
      vertex -89.1155 10.54 9.71
      vertex -89.1155 12.56 9.71
    endloop
  endfacet
  facet normal -0 0 1
    outer loop
      vertex -89.1155 12.56 9.71
      vertex -74.1955 10.54 9.71
      vertex -74.1955 12.56 9.71
    endloop
  endfacet
  facet normal 0 0 1
    outer loop
      vertex -74.1955 10.54 9.71
      vertex -89.1155 12.56 9.71
      vertex -89.1155 10.54 9.71
    endloop
  endfacet
  facet normal 0 0 -1
    outer loop
      vertex -89.1055 10.54 8.3
      vertex -74.2055 12.55 8.3
      vertex -74.2055 10.54 8.3
    endloop
  endfacet
  facet normal -0 0 -1
    outer loop
      vertex -74.2055 12.55 8.3
      vertex -89.1055 10.54 8.3
      vertex -89.1055 12.55 8.3
    endloop
  endfacet
  facet normal 1 -0 0
    outer loop
      vertex -74.1955 -11.86 9.71
      vertex -74.1955 -9.24 9.7
      vertex -74.1955 -9.24 9.71
    endloop
  endfacet
  facet normal 1 0 0
    outer loop
      vertex -74.1955 -9.24 9.7
      vertex -74.1955 -11.86 9.71
      vertex -74.1955 -11.86 9.7
    endloop
  endfacet
  facet normal 0 1 0
    outer loop
      vertex -74.2055 -9.24 9.7
      vertex -89.1055 -9.24 8.5
      vertex -89.1055 -9.24 9.7
    endloop
  endfacet
  facet normal 0 1 -0
    outer loop
      vertex -74.2055 -9.24 8.4
      vertex -89.1055 -9.24 8.5
      vertex -74.2055 -9.24 9.7
    endloop
  endfacet
  facet normal 0 1 0
    outer loop
      vertex -89.1055 -9.24 8.5
      vertex -74.2055 -9.24 8.4
      vertex -89.1055 -9.24 8.4
    endloop
  endfacet
  facet normal 0 1 0
    outer loop
      vertex -74.2055 -9.24 9.7
      vertex -74.1955 -9.24 9.71
      vertex -74.1955 -9.24 9.7
    endloop
  endfacet
  facet normal 0 1 0
    outer loop
      vertex -74.1955 -9.24 9.71
      vertex -74.2055 -9.24 9.7
      vertex -89.1155 -9.24 9.71
    endloop
  endfacet
  facet normal 0 1 -0
    outer loop
      vertex -89.1055 -9.24 9.7
      vertex -89.1155 -9.24 9.71
      vertex -74.2055 -9.24 9.7
    endloop
  endfacet
  facet normal 0 1 0
    outer loop
      vertex -89.1155 -9.24 9.71
      vertex -89.1055 -9.24 9.7
      vertex -89.1155 -9.24 9.7
    endloop
  endfacet
  facet normal 0 -1 0
    outer loop
      vertex -89.1155 -11.86 9.7
      vertex -74.1955 -11.86 9.71
      vertex -89.1155 -11.86 9.71
    endloop
  endfacet
  facet normal 0 -1 -0
    outer loop
      vertex -74.1955 -11.86 9.71
      vertex -89.1155 -11.86 9.7
      vertex -74.1955 -11.86 9.7
    endloop
  endfacet
  facet normal -1 0 0
    outer loop
      vertex -89.1155 -11.86 9.7
      vertex -89.1155 -9.24 9.71
      vertex -89.1155 -9.24 9.7
    endloop
  endfacet
  facet normal -1 -0 0
    outer loop
      vertex -89.1155 -9.24 9.71
      vertex -89.1155 -11.86 9.7
      vertex -89.1155 -11.86 9.71
    endloop
  endfacet
  facet normal -0 0 1
    outer loop
      vertex -89.1155 -9.24 9.71
      vertex -74.1955 -11.86 9.71
      vertex -74.1955 -9.24 9.71
    endloop
  endfacet
  facet normal 0 0 1
    outer loop
      vertex -74.1955 -11.86 9.71
      vertex -89.1155 -9.24 9.71
      vertex -89.1155 -11.86 9.71
    endloop
  endfacet
  facet normal 0 0 -1
    outer loop
      vertex -89.1055 -11.85 8.4
      vertex -74.2055 -9.24 8.4
      vertex -74.2055 -11.85 8.4
    endloop
  endfacet
  facet normal -0 0 -1
    outer loop
      vertex -74.2055 -9.24 8.4
      vertex -89.1055 -11.85 8.4
      vertex -89.1055 -9.24 8.4
    endloop
  endfacet
  facet normal 1 -0 0
    outer loop
      vertex -54.3055 -11.85 8.4
      vertex -54.3055 -9.47 3
      vertex -54.3055 -9.24 8.4
    endloop
  endfacet
  facet normal 1 0 0
    outer loop
      vertex -54.3055 -9.47 3
      vertex -54.3055 -11.85 8.4
      vertex -54.3055 -11.85 3
    endloop
  endfacet
  facet normal 1 -0 0
    outer loop
      vertex -54.3055 -9.24 8.4
      vertex -54.3055 10.54 8.3
      vertex -54.3055 10.54 8.5
    endloop
  endfacet
  facet normal 1 0 0
    outer loop
      vertex -54.3055 10.54 8.3
      vertex -54.3055 6.8319 0
      vertex -54.3055 10.4053 3
    endloop
  endfacet
  facet normal 1 0 0
    outer loop
      vertex -54.3055 -9.24 8.4
      vertex -54.3055 10.54 8.5
      vertex -54.3055 -9.24 8.5
    endloop
  endfacet
  facet normal 1 0 0
    outer loop
      vertex -54.3055 10.54 8.3
      vertex -54.3055 -9.24 8.4
      vertex -54.3055 6.8319 0
    endloop
  endfacet
  facet normal 1 -0 0
    outer loop
      vertex -54.3055 -9.47 3
      vertex -54.3055 6.8319 0
      vertex -54.3055 -9.24 8.4
    endloop
  endfacet
  facet normal 1 0 0
    outer loop
      vertex -54.3055 6.8319 0
      vertex -54.3055 -9.47 3
      vertex -54.3055 -9.47 0
    endloop
  endfacet
  facet normal 1 -0 0
    outer loop
      vertex -54.3055 10.54 8.3
      vertex -54.3055 12.55 3
      vertex -54.3055 12.55 8.3
    endloop
  endfacet
  facet normal 1 0 0
    outer loop
      vertex -54.3055 12.55 3
      vertex -54.3055 10.54 8.3
      vertex -54.3055 10.4053 3
    endloop
  endfacet
  facet normal -1 0 0
    outer loop
      vertex -56.8055 -9.47 3
      vertex -56.8055 6.8319 0
      vertex -56.8055 -9.47 0
    endloop
  endfacet
  facet normal -1 0 0
    outer loop
      vertex -56.8055 6.8319 0
      vertex -56.8055 -9.47 3
      vertex -56.8055 -9.24 8.4
    endloop
  endfacet
  facet normal -1 0 0
    outer loop
      vertex -56.8055 -11.85 8.4
      vertex -56.8055 -9.47 3
      vertex -56.8055 -11.85 3
    endloop
  endfacet
  facet normal -1 0 0
    outer loop
      vertex -56.8055 -9.47 3
      vertex -56.8055 -11.85 8.4
      vertex -56.8055 -9.24 8.4
    endloop
  endfacet
  facet normal -1 0 0
    outer loop
      vertex -56.8055 12.55 3
      vertex -56.8055 10.54 8.3
      vertex -56.8055 12.55 8.3
    endloop
  endfacet
  facet normal -1 0 0
    outer loop
      vertex -56.8055 10.4053 3
      vertex -56.8055 10.54 8.3
      vertex -56.8055 12.55 3
    endloop
  endfacet
  facet normal -1 0 0
    outer loop
      vertex -56.8055 6.8319 0
      vertex -56.8055 10.54 8.3
      vertex -56.8055 10.4053 3
    endloop
  endfacet
  facet normal -1 0 0
    outer loop
      vertex -56.8055 -9.24 8.4
      vertex -56.8055 10.54 8.3
      vertex -56.8055 6.8319 0
    endloop
  endfacet
  facet normal -1 0 0
    outer loop
      vertex -56.8055 10.54 8.3
      vertex -56.8055 -9.24 8.4
      vertex -56.8055 10.54 9.7
    endloop
  endfacet
  facet normal -1 -0 0
    outer loop
      vertex -56.8055 10.54 9.7
      vertex -56.8055 -9.24 8.4
      vertex -56.8055 -9.24 9.7
    endloop
  endfacet
  facet normal 0 1 -0
    outer loop
      vertex -56.8055 -9.47 0
      vertex -71.7055 -9.47 3
      vertex -56.8055 -9.47 3
    endloop
  endfacet
  facet normal 0 1 0
    outer loop
      vertex -71.7055 -9.47 3
      vertex -56.8055 -9.47 0
      vertex -71.7055 -9.47 0
    endloop
  endfacet
  facet normal 1 -0 0
    outer loop
      vertex -71.7055 -9.24 9.7
      vertex -71.7055 10.54 8.5
      vertex -71.7055 10.54 9.7
    endloop
  endfacet
  facet normal 1 0 0
    outer loop
      vertex -71.7055 10.54 8.5
      vertex -71.7055 -9.24 9.7
      vertex -71.7055 -9.24 8.5
    endloop
  endfacet
  facet normal 0 -1 0
    outer loop
      vertex -71.7055 12.55 3
      vertex -56.8055 12.55 8.3
      vertex -71.7055 12.55 8.3
    endloop
  endfacet
  facet normal 0 -1 -0
    outer loop
      vertex -56.8055 12.55 8.3
      vertex -71.7055 12.55 3
      vertex -56.8055 12.55 3
    endloop
  endfacet
  facet normal 0 1 -0
    outer loop
      vertex -56.8055 -11.85 3
      vertex -71.7055 -11.85 8.4
      vertex -56.8055 -11.85 8.4
    endloop
  endfacet
  facet normal 0 1 0
    outer loop
      vertex -71.7055 -11.85 8.4
      vertex -56.8055 -11.85 3
      vertex -71.7055 -11.85 3
    endloop
  endfacet
  facet normal -0 0 1
    outer loop
      vertex -71.7055 12.55 3
      vertex -56.8055 10.4053 3
      vertex -56.8055 12.55 3
    endloop
  endfacet
  facet normal 0 0 1
    outer loop
      vertex -56.8055 10.4053 3
      vertex -71.7055 12.55 3
      vertex -71.7055 10.4053 3
    endloop
  endfacet
  facet normal -0 0 1
    outer loop
      vertex -71.7055 -9.47 3
      vertex -56.8055 -11.85 3
      vertex -56.8055 -9.47 3
    endloop
  endfacet
  facet normal 0 0 1
    outer loop
      vertex -56.8055 -11.85 3
      vertex -71.7055 -9.47 3
      vertex -71.7055 -11.85 3
    endloop
  endfacet
  facet normal 0 -0.642984 0.76588
    outer loop
      vertex -71.7055 10.4053 3
      vertex -56.8055 6.8319 0
      vertex -56.8055 10.4053 3
    endloop
  endfacet
  facet normal 0 -0.642984 0.76588
    outer loop
      vertex -56.8055 6.8319 0
      vertex -71.7055 10.4053 3
      vertex -71.7055 6.8319 0
    endloop
  endfacet
  facet normal 1 0 0
    outer loop
      vertex -56.7955 12.56 9.71
      vertex -56.7955 12.55 9.7
      vertex -56.7955 12.56 9.69
    endloop
  endfacet
  facet normal 1 -0 0
    outer loop
      vertex -56.7955 10.54 9.71
      vertex -56.7955 12.55 9.7
      vertex -56.7955 12.56 9.71
    endloop
  endfacet
  facet normal 1 0 0
    outer loop
      vertex -56.7955 12.55 9.7
      vertex -56.7955 10.54 9.71
      vertex -56.7955 10.54 9.7
    endloop
  endfacet
  facet normal 0 1 -0
    outer loop
      vertex -56.7955 12.56 9.69
      vertex -71.7155 12.56 9.71
      vertex -56.7955 12.56 9.71
    endloop
  endfacet
  facet normal 0 1 0
    outer loop
      vertex -71.7155 12.56 9.71
      vertex -56.7955 12.56 9.69
      vertex -71.7155 12.56 9.69
    endloop
  endfacet
  facet normal 0 -1 0
    outer loop
      vertex -71.7055 10.54 8.5
      vertex -56.8055 10.54 9.7
      vertex -71.7055 10.54 9.7
    endloop
  endfacet
  facet normal 0 -1 0
    outer loop
      vertex -56.8055 10.54 8.3
      vertex -71.7055 10.54 8.5
      vertex -71.7055 10.54 8.3
    endloop
  endfacet
  facet normal 0 -1 0
    outer loop
      vertex -71.7055 10.54 8.5
      vertex -56.8055 10.54 8.3
      vertex -56.8055 10.54 9.7
    endloop
  endfacet
  facet normal 0 -1 0
    outer loop
      vertex -71.7055 10.54 9.7
      vertex -71.7155 10.54 9.71
      vertex -71.7155 10.54 9.7
    endloop
  endfacet
  facet normal 0 -1 0
    outer loop
      vertex -71.7155 10.54 9.71
      vertex -71.7055 10.54 9.7
      vertex -56.7955 10.54 9.71
    endloop
  endfacet
  facet normal 0 -1 0
    outer loop
      vertex -56.8055 10.54 9.7
      vertex -56.7955 10.54 9.71
      vertex -71.7055 10.54 9.7
    endloop
  endfacet
  facet normal 0 -1 -0
    outer loop
      vertex -56.7955 10.54 9.71
      vertex -56.8055 10.54 9.7
      vertex -56.7955 10.54 9.7
    endloop
  endfacet
  facet normal -1 0 0
    outer loop
      vertex -71.7155 12.55 9.7
      vertex -71.7155 12.56 9.71
      vertex -71.7155 12.56 9.69
    endloop
  endfacet
  facet normal -1 0 0
    outer loop
      vertex -71.7155 10.54 9.71
      vertex -71.7155 12.55 9.7
      vertex -71.7155 10.54 9.7
    endloop
  endfacet
  facet normal -1 0 0
    outer loop
      vertex -71.7155 12.55 9.7
      vertex -71.7155 10.54 9.71
      vertex -71.7155 12.56 9.71
    endloop
  endfacet
  facet normal -0 0 1
    outer loop
      vertex -71.7155 12.56 9.71
      vertex -56.7955 10.54 9.71
      vertex -56.7955 12.56 9.71
    endloop
  endfacet
  facet normal 0 0 1
    outer loop
      vertex -56.7955 10.54 9.71
      vertex -71.7155 12.56 9.71
      vertex -71.7155 10.54 9.71
    endloop
  endfacet
  facet normal 0 0 -1
    outer loop
      vertex -71.7055 10.54 8.3
      vertex -56.8055 12.55 8.3
      vertex -56.8055 10.54 8.3
    endloop
  endfacet
  facet normal -0 0 -1
    outer loop
      vertex -56.8055 12.55 8.3
      vertex -71.7055 10.54 8.3
      vertex -71.7055 12.55 8.3
    endloop
  endfacet
  facet normal 1 -0 0
    outer loop
      vertex -56.7955 -11.86 9.71
      vertex -56.7955 -9.24 9.7
      vertex -56.7955 -9.24 9.71
    endloop
  endfacet
  facet normal 1 0 0
    outer loop
      vertex -56.7955 -9.24 9.7
      vertex -56.7955 -11.86 9.71
      vertex -56.7955 -11.86 9.7
    endloop
  endfacet
  facet normal 0 1 0
    outer loop
      vertex -56.8055 -9.24 9.7
      vertex -71.7055 -9.24 8.5
      vertex -71.7055 -9.24 9.7
    endloop
  endfacet
  facet normal 0 1 -0
    outer loop
      vertex -56.8055 -9.24 8.4
      vertex -71.7055 -9.24 8.5
      vertex -56.8055 -9.24 9.7
    endloop
  endfacet
  facet normal 0 1 0
    outer loop
      vertex -71.7055 -9.24 8.5
      vertex -56.8055 -9.24 8.4
      vertex -71.7055 -9.24 8.4
    endloop
  endfacet
  facet normal 0 1 0
    outer loop
      vertex -56.8055 -9.24 9.7
      vertex -56.7955 -9.24 9.71
      vertex -56.7955 -9.24 9.7
    endloop
  endfacet
  facet normal 0 1 0
    outer loop
      vertex -56.7955 -9.24 9.71
      vertex -56.8055 -9.24 9.7
      vertex -71.7155 -9.24 9.71
    endloop
  endfacet
  facet normal 0 1 -0
    outer loop
      vertex -71.7055 -9.24 9.7
      vertex -71.7155 -9.24 9.71
      vertex -56.8055 -9.24 9.7
    endloop
  endfacet
  facet normal 0 1 0
    outer loop
      vertex -71.7155 -9.24 9.71
      vertex -71.7055 -9.24 9.7
      vertex -71.7155 -9.24 9.7
    endloop
  endfacet
  facet normal 0 -1 0
    outer loop
      vertex -71.7155 -11.86 9.7
      vertex -56.7955 -11.86 9.71
      vertex -71.7155 -11.86 9.71
    endloop
  endfacet
  facet normal 0 -1 -0
    outer loop
      vertex -56.7955 -11.86 9.71
      vertex -71.7155 -11.86 9.7
      vertex -56.7955 -11.86 9.7
    endloop
  endfacet
  facet normal -1 0 0
    outer loop
      vertex -71.7155 -11.86 9.7
      vertex -71.7155 -9.24 9.71
      vertex -71.7155 -9.24 9.7
    endloop
  endfacet
  facet normal -1 -0 0
    outer loop
      vertex -71.7155 -9.24 9.71
      vertex -71.7155 -11.86 9.7
      vertex -71.7155 -11.86 9.71
    endloop
  endfacet
  facet normal -0 0 1
    outer loop
      vertex -71.7155 -9.24 9.71
      vertex -56.7955 -11.86 9.71
      vertex -56.7955 -9.24 9.71
    endloop
  endfacet
  facet normal 0 0 1
    outer loop
      vertex -56.7955 -11.86 9.71
      vertex -71.7155 -9.24 9.71
      vertex -71.7155 -11.86 9.71
    endloop
  endfacet
  facet normal 0 0 -1
    outer loop
      vertex -71.7055 -11.85 8.4
      vertex -56.8055 -9.24 8.4
      vertex -56.8055 -11.85 8.4
    endloop
  endfacet
  facet normal -0 0 -1
    outer loop
      vertex -56.8055 -9.24 8.4
      vertex -71.7055 -11.85 8.4
      vertex -71.7055 -9.24 8.4
    endloop
  endfacet
  facet normal 1 -0 0
    outer loop
      vertex -36.9055 -13.75 8.5
      vertex -36.9055 13.75 4
      vertex -36.9055 13.75 8.5
    endloop
  endfacet
  facet normal 1 0 0
    outer loop
      vertex -36.9055 13.75 4
      vertex -36.9055 -13.75 8.5
      vertex -36.9055 -13.75 4
    endloop
  endfacet
  facet normal -1 0 0
    outer loop
      vertex -39.4055 -9.47 3
      vertex -39.4055 6.8319 0
      vertex -39.4055 -9.47 0
    endloop
  endfacet
  facet normal -1 0 0
    outer loop
      vertex -39.4055 6.8319 0
      vertex -39.4055 -9.47 3
      vertex -39.4055 -9.24 8.4
    endloop
  endfacet
  facet normal -1 0 0
    outer loop
      vertex -39.4055 -11.85 8.4
      vertex -39.4055 -9.47 3
      vertex -39.4055 -11.85 3
    endloop
  endfacet
  facet normal -1 0 0
    outer loop
      vertex -39.4055 -9.47 3
      vertex -39.4055 -11.85 8.4
      vertex -39.4055 -9.24 8.4
    endloop
  endfacet
  facet normal -1 0 0
    outer loop
      vertex -39.4055 12.55 3
      vertex -39.4055 10.54 8.3
      vertex -39.4055 12.55 8.3
    endloop
  endfacet
  facet normal -1 0 0
    outer loop
      vertex -39.4055 10.4053 3
      vertex -39.4055 10.54 8.3
      vertex -39.4055 12.55 3
    endloop
  endfacet
  facet normal -1 0 0
    outer loop
      vertex -39.4055 6.8319 0
      vertex -39.4055 10.54 8.3
      vertex -39.4055 10.4053 3
    endloop
  endfacet
  facet normal -1 0 0
    outer loop
      vertex -39.4055 -9.24 8.4
      vertex -39.4055 10.54 8.3
      vertex -39.4055 6.8319 0
    endloop
  endfacet
  facet normal -1 0 0
    outer loop
      vertex -39.4055 10.54 8.3
      vertex -39.4055 -9.24 8.4
      vertex -39.4055 10.54 9.7
    endloop
  endfacet
  facet normal -1 -0 0
    outer loop
      vertex -39.4055 10.54 9.7
      vertex -39.4055 -9.24 8.4
      vertex -39.4055 -9.24 9.7
    endloop
  endfacet
  facet normal 0 1 -0
    outer loop
      vertex -39.4055 -9.47 0
      vertex -54.3055 -9.47 3
      vertex -39.4055 -9.47 3
    endloop
  endfacet
  facet normal 0 1 0
    outer loop
      vertex -54.3055 -9.47 3
      vertex -39.4055 -9.47 0
      vertex -54.3055 -9.47 0
    endloop
  endfacet
  facet normal 1 -0 0
    outer loop
      vertex -54.3055 -9.24 9.7
      vertex -54.3055 10.54 8.5
      vertex -54.3055 10.54 9.7
    endloop
  endfacet
  facet normal 1 0 0
    outer loop
      vertex -54.3055 10.54 8.5
      vertex -54.3055 -9.24 9.7
      vertex -54.3055 -9.24 8.5
    endloop
  endfacet
  facet normal 0 -1 0
    outer loop
      vertex -54.3055 12.55 3
      vertex -39.4055 12.55 8.3
      vertex -54.3055 12.55 8.3
    endloop
  endfacet
  facet normal 0 -1 -0
    outer loop
      vertex -39.4055 12.55 8.3
      vertex -54.3055 12.55 3
      vertex -39.4055 12.55 3
    endloop
  endfacet
  facet normal 0 1 -0
    outer loop
      vertex -39.4055 -11.85 3
      vertex -54.3055 -11.85 8.4
      vertex -39.4055 -11.85 8.4
    endloop
  endfacet
  facet normal 0 1 0
    outer loop
      vertex -54.3055 -11.85 8.4
      vertex -39.4055 -11.85 3
      vertex -54.3055 -11.85 3
    endloop
  endfacet
  facet normal -0 0 1
    outer loop
      vertex -54.3055 12.55 3
      vertex -39.4055 10.4053 3
      vertex -39.4055 12.55 3
    endloop
  endfacet
  facet normal 0 0 1
    outer loop
      vertex -39.4055 10.4053 3
      vertex -54.3055 12.55 3
      vertex -54.3055 10.4053 3
    endloop
  endfacet
  facet normal -0 0 1
    outer loop
      vertex -54.3055 -9.47 3
      vertex -39.4055 -11.85 3
      vertex -39.4055 -9.47 3
    endloop
  endfacet
  facet normal 0 0 1
    outer loop
      vertex -39.4055 -11.85 3
      vertex -54.3055 -9.47 3
      vertex -54.3055 -11.85 3
    endloop
  endfacet
  facet normal 0 -0.642984 0.76588
    outer loop
      vertex -54.3055 10.4053 3
      vertex -39.4055 6.8319 0
      vertex -39.4055 10.4053 3
    endloop
  endfacet
  facet normal 0 -0.642984 0.76588
    outer loop
      vertex -39.4055 6.8319 0
      vertex -54.3055 10.4053 3
      vertex -54.3055 6.8319 0
    endloop
  endfacet
  facet normal 0.707107 0 0.707107
    outer loop
      vertex -38.1055 12.55 9.7
      vertex -36.9055 -13.75 8.5
      vertex -36.9055 13.75 8.5
    endloop
  endfacet
  facet normal 0.707107 0 0.707107
    outer loop
      vertex -36.9055 -13.75 8.5
      vertex -38.1055 12.55 9.7
      vertex -38.1055 -12.55 9.7
    endloop
  endfacet
  facet normal 1 0 0
    outer loop
      vertex -39.3955 12.56 9.71
      vertex -39.3955 12.55 9.7
      vertex -39.3955 12.56 9.69
    endloop
  endfacet
  facet normal 1 -0 0
    outer loop
      vertex -39.3955 10.54 9.71
      vertex -39.3955 12.55 9.7
      vertex -39.3955 12.56 9.71
    endloop
  endfacet
  facet normal 1 0 0
    outer loop
      vertex -39.3955 12.55 9.7
      vertex -39.3955 10.54 9.71
      vertex -39.3955 10.54 9.7
    endloop
  endfacet
  facet normal 0 1 -0
    outer loop
      vertex -39.3955 12.56 9.69
      vertex -54.3155 12.56 9.71
      vertex -39.3955 12.56 9.71
    endloop
  endfacet
  facet normal 0 1 0
    outer loop
      vertex -54.3155 12.56 9.71
      vertex -39.3955 12.56 9.69
      vertex -54.3155 12.56 9.69
    endloop
  endfacet
  facet normal 0 -1 0
    outer loop
      vertex -54.3055 10.54 8.5
      vertex -39.4055 10.54 9.7
      vertex -54.3055 10.54 9.7
    endloop
  endfacet
  facet normal 0 -1 0
    outer loop
      vertex -39.4055 10.54 8.3
      vertex -54.3055 10.54 8.5
      vertex -54.3055 10.54 8.3
    endloop
  endfacet
  facet normal 0 -1 0
    outer loop
      vertex -54.3055 10.54 8.5
      vertex -39.4055 10.54 8.3
      vertex -39.4055 10.54 9.7
    endloop
  endfacet
  facet normal 0 -1 0
    outer loop
      vertex -54.3055 10.54 9.7
      vertex -54.3155 10.54 9.71
      vertex -54.3155 10.54 9.7
    endloop
  endfacet
  facet normal 0 -1 0
    outer loop
      vertex -54.3155 10.54 9.71
      vertex -54.3055 10.54 9.7
      vertex -39.3955 10.54 9.71
    endloop
  endfacet
  facet normal 0 -1 0
    outer loop
      vertex -39.4055 10.54 9.7
      vertex -39.3955 10.54 9.71
      vertex -54.3055 10.54 9.7
    endloop
  endfacet
  facet normal 0 -1 -0
    outer loop
      vertex -39.3955 10.54 9.71
      vertex -39.4055 10.54 9.7
      vertex -39.3955 10.54 9.7
    endloop
  endfacet
  facet normal -1 0 0
    outer loop
      vertex -54.3155 12.55 9.7
      vertex -54.3155 12.56 9.71
      vertex -54.3155 12.56 9.69
    endloop
  endfacet
  facet normal -1 0 0
    outer loop
      vertex -54.3155 10.54 9.71
      vertex -54.3155 12.55 9.7
      vertex -54.3155 10.54 9.7
    endloop
  endfacet
  facet normal -1 0 0
    outer loop
      vertex -54.3155 12.55 9.7
      vertex -54.3155 10.54 9.71
      vertex -54.3155 12.56 9.71
    endloop
  endfacet
  facet normal -0 0 1
    outer loop
      vertex -54.3155 12.56 9.71
      vertex -39.3955 10.54 9.71
      vertex -39.3955 12.56 9.71
    endloop
  endfacet
  facet normal 0 0 1
    outer loop
      vertex -39.3955 10.54 9.71
      vertex -54.3155 12.56 9.71
      vertex -54.3155 10.54 9.71
    endloop
  endfacet
  facet normal 0 0 -1
    outer loop
      vertex -54.3055 10.54 8.3
      vertex -39.4055 12.55 8.3
      vertex -39.4055 10.54 8.3
    endloop
  endfacet
  facet normal -0 0 -1
    outer loop
      vertex -39.4055 12.55 8.3
      vertex -54.3055 10.54 8.3
      vertex -54.3055 12.55 8.3
    endloop
  endfacet
  facet normal 1 -0 0
    outer loop
      vertex -39.3955 -11.86 9.71
      vertex -39.3955 -9.24 9.7
      vertex -39.3955 -9.24 9.71
    endloop
  endfacet
  facet normal 1 0 0
    outer loop
      vertex -39.3955 -9.24 9.7
      vertex -39.3955 -11.86 9.71
      vertex -39.3955 -11.86 9.7
    endloop
  endfacet
  facet normal 0 1 0
    outer loop
      vertex -39.4055 -9.24 9.7
      vertex -54.3055 -9.24 8.5
      vertex -54.3055 -9.24 9.7
    endloop
  endfacet
  facet normal 0 1 -0
    outer loop
      vertex -39.4055 -9.24 8.4
      vertex -54.3055 -9.24 8.5
      vertex -39.4055 -9.24 9.7
    endloop
  endfacet
  facet normal 0 1 0
    outer loop
      vertex -54.3055 -9.24 8.5
      vertex -39.4055 -9.24 8.4
      vertex -54.3055 -9.24 8.4
    endloop
  endfacet
  facet normal 0 1 0
    outer loop
      vertex -39.4055 -9.24 9.7
      vertex -39.3955 -9.24 9.71
      vertex -39.3955 -9.24 9.7
    endloop
  endfacet
  facet normal 0 1 0
    outer loop
      vertex -39.3955 -9.24 9.71
      vertex -39.4055 -9.24 9.7
      vertex -54.3155 -9.24 9.71
    endloop
  endfacet
  facet normal 0 1 -0
    outer loop
      vertex -54.3055 -9.24 9.7
      vertex -54.3155 -9.24 9.71
      vertex -39.4055 -9.24 9.7
    endloop
  endfacet
  facet normal 0 1 0
    outer loop
      vertex -54.3155 -9.24 9.71
      vertex -54.3055 -9.24 9.7
      vertex -54.3155 -9.24 9.7
    endloop
  endfacet
  facet normal 0 -1 0
    outer loop
      vertex -54.3155 -11.86 9.7
      vertex -39.3955 -11.86 9.71
      vertex -54.3155 -11.86 9.71
    endloop
  endfacet
  facet normal 0 -1 -0
    outer loop
      vertex -39.3955 -11.86 9.71
      vertex -54.3155 -11.86 9.7
      vertex -39.3955 -11.86 9.7
    endloop
  endfacet
  facet normal -1 0 0
    outer loop
      vertex -54.3155 -11.86 9.7
      vertex -54.3155 -9.24 9.71
      vertex -54.3155 -9.24 9.7
    endloop
  endfacet
  facet normal -1 -0 0
    outer loop
      vertex -54.3155 -9.24 9.71
      vertex -54.3155 -11.86 9.7
      vertex -54.3155 -11.86 9.71
    endloop
  endfacet
  facet normal -0 0 1
    outer loop
      vertex -54.3155 -9.24 9.71
      vertex -39.3955 -11.86 9.71
      vertex -39.3955 -9.24 9.71
    endloop
  endfacet
  facet normal 0 0 1
    outer loop
      vertex -39.3955 -11.86 9.71
      vertex -54.3155 -9.24 9.71
      vertex -54.3155 -11.86 9.71
    endloop
  endfacet
  facet normal 0 0 -1
    outer loop
      vertex -54.3055 -11.85 8.4
      vertex -39.4055 -9.24 8.4
      vertex -39.4055 -11.85 8.4
    endloop
  endfacet
  facet normal -0 0 -1
    outer loop
      vertex -39.4055 -9.24 8.4
      vertex -54.3055 -11.85 8.4
      vertex -54.3055 -9.24 8.4
    endloop
  endfacet
endsolid OpenSCAD_Model
