solid OpenSCAD_Model
  facet normal 0.629319 0.777147 -0
    outer loop
      vertex 78.7415 93.8404 0
      vertex 75.4185 96.5313 8.48
      vertex 78.7415 93.8404 8.48
    endloop
  endfacet
  facet normal 0.629319 0.777147 0
    outer loop
      vertex 75.4185 96.5313 8.48
      vertex 78.7415 93.8404 0
      vertex 75.4185 96.5313 0
    endloop
  endfacet
  facet normal 0.998639 0.052154 0
    outer loop
      vertex 122.425 4.27519 8.48
      vertex 122.202 8.54517 0
      vertex 122.202 8.54517 8.48
    endloop
  endfacet
  facet normal 0.998639 0.052154 0
    outer loop
      vertex 122.202 8.54517 0
      vertex 122.425 4.27519 8.48
      vertex 122.425 4.27519 0
    endloop
  endfacet
  facet normal 0.999846 0.0175404 0
    outer loop
      vertex 122.5 0 8.48
      vertex 122.425 4.27519 0
      vertex 122.425 4.27519 8.48
    endloop
  endfacet
  facet normal 0.999846 0.0175404 0
    outer loop
      vertex 122.425 4.27519 0
      vertex 122.5 0 8.48
      vertex 122.5 0 0
    endloop
  endfacet
  facet normal 0.996188 0.0872345 0
    outer loop
      vertex 122.202 8.54517 8.48
      vertex 121.829 12.8047 0
      vertex 121.829 12.8047 8.48
    endloop
  endfacet
  facet normal 0.996188 0.0872345 0
    outer loop
      vertex 121.829 12.8047 0
      vertex 122.202 8.54517 8.48
      vertex 122.202 8.54517 0
    endloop
  endfacet
  facet normal -0.998639 -0.052154 0
    outer loop
      vertex -122.202 -8.54517 0
      vertex -122.425 -4.27519 8.48
      vertex -122.425 -4.27519 0
    endloop
  endfacet
  facet normal -0.998639 -0.052154 0
    outer loop
      vertex -122.425 -4.27519 8.48
      vertex -122.202 -8.54517 0
      vertex -122.202 -8.54517 8.48
    endloop
  endfacet
  facet normal 0.933605 0.358305 0
    outer loop
      vertex 115.112 41.8975 8.48
      vertex 113.58 45.8893 0
      vertex 113.58 45.8893 8.48
    endloop
  endfacet
  facet normal 0.933605 0.358305 0
    outer loop
      vertex 113.58 45.8893 0
      vertex 115.112 41.8975 8.48
      vertex 115.112 41.8975 0
    endloop
  endfacet
  facet normal -0.656061 0.754708 0
    outer loop
      vertex -78.7415 93.8404 0
      vertex -81.9685 91.0352 8.48
      vertex -78.7415 93.8404 8.48
    endloop
  endfacet
  facet normal -0.656061 0.754708 0
    outer loop
      vertex -81.9685 91.0352 8.48
      vertex -78.7415 93.8404 0
      vertex -81.9685 91.0352 0
    endloop
  endfacet
  facet normal -0.987684 0.15646 0
    outer loop
      vertex -121.308 17.0487 0
      vertex -120.639 21.2719 8.48
      vertex -120.639 21.2719 0
    endloop
  endfacet
  facet normal -0.987684 0.15646 0
    outer loop
      vertex -120.639 21.2719 8.48
      vertex -121.308 17.0487 0
      vertex -121.308 17.0487 8.48
    endloop
  endfacet
  facet normal 0.052154 0.998639 -0
    outer loop
      vertex 8.54517 122.202 0
      vertex 4.27519 122.425 8.48
      vertex 8.54517 122.202 8.48
    endloop
  endfacet
  facet normal 0.052154 0.998639 0
    outer loop
      vertex 4.27519 122.425 8.48
      vertex 8.54517 122.202 0
      vertex 4.27519 122.425 0
    endloop
  endfacet
  facet normal 0.798628 0.601825 0
    outer loop
      vertex 99.1046 72.0037 8.48
      vertex 96.5313 75.4185 0
      vertex 96.5313 75.4185 8.48
    endloop
  endfacet
  facet normal 0.798628 0.601825 0
    outer loop
      vertex 96.5313 75.4185 0
      vertex 99.1046 72.0037 8.48
      vertex 99.1046 72.0037 0
    endloop
  endfacet
  facet normal 0.777147 -0.629319 0
    outer loop
      vertex 93.8404 -78.7415 8.48
      vertex 96.5313 -75.4185 0
      vertex 96.5313 -75.4185 8.48
    endloop
  endfacet
  facet normal 0.777147 -0.629319 0
    outer loop
      vertex 96.5313 -75.4185 0
      vertex 93.8404 -78.7415 8.48
      vertex 93.8404 -78.7415 0
    endloop
  endfacet
  facet normal 0.996188 -0.0872345 0
    outer loop
      vertex 121.829 -12.8047 8.48
      vertex 122.202 -8.54517 0
      vertex 122.202 -8.54517 8.48
    endloop
  endfacet
  facet normal 0.996188 -0.0872345 0
    outer loop
      vertex 122.202 -8.54517 0
      vertex 121.829 -12.8047 8.48
      vertex 121.829 -12.8047 0
    endloop
  endfacet
  facet normal -0.798628 -0.601825 0
    outer loop
      vertex -96.5313 -75.4185 0
      vertex -99.1046 -72.0037 8.48
      vertex -99.1046 -72.0037 0
    endloop
  endfacet
  facet normal -0.798628 -0.601825 0
    outer loop
      vertex -99.1046 -72.0037 8.48
      vertex -96.5313 -75.4185 0
      vertex -96.5313 -75.4185 8.48
    endloop
  endfacet
  facet normal -0.515001 0.857189 0
    outer loop
      vertex -61.25 106.088 0
      vertex -64.9151 103.886 8.48
      vertex -61.25 106.088 8.48
    endloop
  endfacet
  facet normal -0.515001 0.857189 0
    outer loop
      vertex -64.9151 103.886 8.48
      vertex -61.25 106.088 0
      vertex -64.9151 103.886 0
    endloop
  endfacet
  facet normal 0.981622 -0.190838 0
    outer loop
      vertex 119.823 -25.4692 8.48
      vertex 120.639 -21.2719 0
      vertex 120.639 -21.2719 8.48
    endloop
  endfacet
  facet normal 0.981622 -0.190838 0
    outer loop
      vertex 120.639 -21.2719 0
      vertex 119.823 -25.4692 8.48
      vertex 119.823 -25.4692 0
    endloop
  endfacet
  facet normal 0.453955 0.891025 -0
    outer loop
      vertex 57.5103 108.161 0
      vertex 53.7005 110.102 8.48
      vertex 57.5103 108.161 8.48
    endloop
  endfacet
  facet normal 0.453955 0.891025 0
    outer loop
      vertex 53.7005 110.102 8.48
      vertex 57.5103 108.161 0
      vertex 53.7005 110.102 0
    endloop
  endfacet
  facet normal -0.999846 -0.0175404 0
    outer loop
      vertex -122.425 -4.27519 0
      vertex -122.5 0 8.48
      vertex -122.5 0 0
    endloop
  endfacet
  facet normal -0.999846 -0.0175404 0
    outer loop
      vertex -122.5 0 8.48
      vertex -122.425 -4.27519 0
      vertex -122.425 -4.27519 8.48
    endloop
  endfacet
  facet normal -0.891025 0.453955 0
    outer loop
      vertex -110.102 53.7005 0
      vertex -108.161 57.5103 8.48
      vertex -108.161 57.5103 0
    endloop
  endfacet
  facet normal -0.891025 0.453955 0
    outer loop
      vertex -108.161 57.5103 8.48
      vertex -110.102 53.7005 0
      vertex -110.102 53.7005 8.48
    endloop
  endfacet
  facet normal 0.656061 0.754708 -0
    outer loop
      vertex 81.9685 91.0352 0
      vertex 78.7415 93.8404 8.48
      vertex 81.9685 91.0352 8.48
    endloop
  endfacet
  facet normal 0.656061 0.754708 0
    outer loop
      vertex 78.7415 93.8404 8.48
      vertex 81.9685 91.0352 0
      vertex 78.7415 93.8404 0
    endloop
  endfacet
  facet normal -0.682002 0.73135 0
    outer loop
      vertex -81.9685 91.0352 0
      vertex -85.0956 88.1191 8.48
      vertex -81.9685 91.0352 8.48
    endloop
  endfacet
  facet normal -0.682002 0.73135 0
    outer loop
      vertex -85.0956 88.1191 8.48
      vertex -81.9685 91.0352 0
      vertex -85.0956 88.1191 0
    endloop
  endfacet
  facet normal 0.390792 0.920479 -0
    outer loop
      vertex 49.8252 111.909 0
      vertex 45.8893 113.58 8.48
      vertex 49.8252 111.909 8.48
    endloop
  endfacet
  facet normal 0.390792 0.920479 0
    outer loop
      vertex 45.8893 113.58 8.48
      vertex 49.8252 111.909 0
      vertex 45.8893 113.58 0
    endloop
  endfacet
  facet normal 0.920479 0.390792 0
    outer loop
      vertex 113.58 45.8893 8.48
      vertex 111.909 49.8252 0
      vertex 111.909 49.8252 8.48
    endloop
  endfacet
  facet normal 0.920479 0.390792 0
    outer loop
      vertex 111.909 49.8252 0
      vertex 113.58 45.8893 8.48
      vertex 113.58 45.8893 0
    endloop
  endfacet
  facet normal -0.358305 0.933605 0
    outer loop
      vertex -41.8975 115.112 0
      vertex -45.8893 113.58 8.48
      vertex -41.8975 115.112 8.48
    endloop
  endfacet
  facet normal -0.358305 0.933605 0
    outer loop
      vertex -45.8893 113.58 8.48
      vertex -41.8975 115.112 0
      vertex -45.8893 113.58 0
    endloop
  endfacet
  facet normal 0.73135 -0.682002 0
    outer loop
      vertex 88.1191 -85.0956 8.48
      vertex 91.0352 -81.9685 0
      vertex 91.0352 -81.9685 8.48
    endloop
  endfacet
  facet normal 0.73135 -0.682002 0
    outer loop
      vertex 91.0352 -81.9685 0
      vertex 88.1191 -85.0956 8.48
      vertex 88.1191 -85.0956 0
    endloop
  endfacet
  facet normal -0.707107 0.707107 0
    outer loop
      vertex -88.1191 85.0956 0
      vertex -85.0956 88.1191 8.48
      vertex -85.0956 88.1191 0
    endloop
  endfacet
  facet normal -0.707107 0.707107 0
    outer loop
      vertex -85.0956 88.1191 8.48
      vertex -88.1191 85.0956 0
      vertex -88.1191 85.0956 8.48
    endloop
  endfacet
  facet normal 0.515001 -0.857189 0
    outer loop
      vertex 61.25 -106.088 0
      vertex 64.9151 -103.886 8.48
      vertex 61.25 -106.088 8.48
    endloop
  endfacet
  facet normal 0.515001 -0.857189 0
    outer loop
      vertex 64.9151 -103.886 8.48
      vertex 61.25 -106.088 0
      vertex 64.9151 -103.886 0
    endloop
  endfacet
  facet normal -0.390792 0.920479 0
    outer loop
      vertex -45.8893 113.58 0
      vertex -49.8252 111.909 8.48
      vertex -45.8893 113.58 8.48
    endloop
  endfacet
  facet normal -0.390792 0.920479 0
    outer loop
      vertex -49.8252 111.909 8.48
      vertex -45.8893 113.58 0
      vertex -49.8252 111.909 0
    endloop
  endfacet
  facet normal 0.325551 -0.945524 0
    outer loop
      vertex 37.8546 -116.504 0
      vertex 41.8975 -115.112 8.48
      vertex 37.8546 -116.504 8.48
    endloop
  endfacet
  facet normal 0.325551 -0.945524 0
    outer loop
      vertex 41.8975 -115.112 8.48
      vertex 37.8546 -116.504 0
      vertex 41.8975 -115.112 0
    endloop
  endfacet
  facet normal 0.0175404 0.999846 -0
    outer loop
      vertex 4.27519 122.425 0
      vertex 0 122.5 8.48
      vertex 4.27519 122.425 8.48
    endloop
  endfacet
  facet normal 0.0175404 0.999846 0
    outer loop
      vertex 0 122.5 8.48
      vertex 4.27519 122.425 0
      vertex 0 122.5 0
    endloop
  endfacet
  facet normal -0.945524 0.325551 0
    outer loop
      vertex -116.504 37.8546 0
      vertex -115.112 41.8975 8.48
      vertex -115.112 41.8975 0
    endloop
  endfacet
  facet normal -0.945524 0.325551 0
    outer loop
      vertex -115.112 41.8975 8.48
      vertex -116.504 37.8546 0
      vertex -116.504 37.8546 8.48
    endloop
  endfacet
  facet normal -0.25867 0.965966 0
    outer loop
      vertex -29.6354 118.861 0
      vertex -33.7656 117.755 8.48
      vertex -29.6354 118.861 8.48
    endloop
  endfacet
  facet normal -0.25867 0.965966 0
    outer loop
      vertex -33.7656 117.755 8.48
      vertex -29.6354 118.861 0
      vertex -33.7656 117.755 0
    endloop
  endfacet
  facet normal -0.933605 0.358305 0
    outer loop
      vertex -115.112 41.8975 0
      vertex -113.58 45.8893 8.48
      vertex -113.58 45.8893 0
    endloop
  endfacet
  facet normal -0.933605 0.358305 0
    outer loop
      vertex -113.58 45.8893 8.48
      vertex -115.112 41.8975 0
      vertex -115.112 41.8975 8.48
    endloop
  endfacet
  facet normal -0.484819 0.874615 0
    outer loop
      vertex -57.5103 108.161 0
      vertex -61.25 106.088 8.48
      vertex -57.5103 108.161 8.48
    endloop
  endfacet
  facet normal -0.484819 0.874615 0
    outer loop
      vertex -61.25 106.088 8.48
      vertex -57.5103 108.161 0
      vertex -61.25 106.088 0
    endloop
  endfacet
  facet normal 0.965966 0.25867 0
    outer loop
      vertex 118.861 29.6354 8.48
      vertex 117.755 33.7656 0
      vertex 117.755 33.7656 8.48
    endloop
  endfacet
  facet normal 0.965966 0.25867 0
    outer loop
      vertex 117.755 33.7656 0
      vertex 118.861 29.6354 8.48
      vertex 118.861 29.6354 0
    endloop
  endfacet
  facet normal -0.325551 0.945524 0
    outer loop
      vertex -37.8546 116.504 0
      vertex -41.8975 115.112 8.48
      vertex -37.8546 116.504 8.48
    endloop
  endfacet
  facet normal -0.325551 0.945524 0
    outer loop
      vertex -41.8975 115.112 8.48
      vertex -37.8546 116.504 0
      vertex -41.8975 115.112 0
    endloop
  endfacet
  facet normal 0.998639 -0.052154 0
    outer loop
      vertex 122.202 -8.54517 8.48
      vertex 122.425 -4.27519 0
      vertex 122.425 -4.27519 8.48
    endloop
  endfacet
  facet normal 0.998639 -0.052154 0
    outer loop
      vertex 122.425 -4.27519 0
      vertex 122.202 -8.54517 8.48
      vertex 122.202 -8.54517 0
    endloop
  endfacet
  facet normal 0.987684 -0.15646 0
    outer loop
      vertex 120.639 -21.2719 8.48
      vertex 121.308 -17.0487 0
      vertex 121.308 -17.0487 8.48
    endloop
  endfacet
  facet normal 0.987684 -0.15646 0
    outer loop
      vertex 121.308 -17.0487 0
      vertex 120.639 -21.2719 8.48
      vertex 120.639 -21.2719 0
    endloop
  endfacet
  facet normal -0.996188 -0.0872345 0
    outer loop
      vertex -121.829 -12.8047 0
      vertex -122.202 -8.54517 8.48
      vertex -122.202 -8.54517 0
    endloop
  endfacet
  facet normal -0.996188 -0.0872345 0
    outer loop
      vertex -122.202 -8.54517 8.48
      vertex -121.829 -12.8047 0
      vertex -121.829 -12.8047 8.48
    endloop
  endfacet
  facet normal 0.933605 -0.358305 0
    outer loop
      vertex 113.58 -45.8893 8.48
      vertex 115.112 -41.8975 0
      vertex 115.112 -41.8975 8.48
    endloop
  endfacet
  facet normal 0.933605 -0.358305 0
    outer loop
      vertex 115.112 -41.8975 0
      vertex 113.58 -45.8893 8.48
      vertex 113.58 -45.8893 0
    endloop
  endfacet
  facet normal 0.956248 -0.292557 0
    outer loop
      vertex 116.504 -37.8546 8.48
      vertex 117.755 -33.7656 0
      vertex 117.755 -33.7656 8.48
    endloop
  endfacet
  facet normal 0.956248 -0.292557 0
    outer loop
      vertex 117.755 -33.7656 0
      vertex 116.504 -37.8546 8.48
      vertex 116.504 -37.8546 0
    endloop
  endfacet
  facet normal 0.453955 -0.891025 0
    outer loop
      vertex 53.7005 -110.102 0
      vertex 57.5103 -108.161 8.48
      vertex 53.7005 -110.102 8.48
    endloop
  endfacet
  facet normal 0.453955 -0.891025 0
    outer loop
      vertex 57.5103 -108.161 8.48
      vertex 53.7005 -110.102 0
      vertex 57.5103 -108.161 0
    endloop
  endfacet
  facet normal 0.981622 0.190838 0
    outer loop
      vertex 120.639 21.2719 8.48
      vertex 119.823 25.4692 0
      vertex 119.823 25.4692 8.48
    endloop
  endfacet
  facet normal 0.981622 0.190838 0
    outer loop
      vertex 119.823 25.4692 0
      vertex 120.639 21.2719 8.48
      vertex 120.639 21.2719 0
    endloop
  endfacet
  facet normal -0.190838 0.981622 0
    outer loop
      vertex -21.2719 120.639 0
      vertex -25.4692 119.823 8.48
      vertex -21.2719 120.639 8.48
    endloop
  endfacet
  facet normal -0.190838 0.981622 0
    outer loop
      vertex -25.4692 119.823 8.48
      vertex -21.2719 120.639 0
      vertex -25.4692 119.823 0
    endloop
  endfacet
  facet normal -0.224986 0.974362 0
    outer loop
      vertex -25.4692 119.823 0
      vertex -29.6354 118.861 8.48
      vertex -25.4692 119.823 8.48
    endloop
  endfacet
  facet normal -0.224986 0.974362 0
    outer loop
      vertex -29.6354 118.861 8.48
      vertex -25.4692 119.823 0
      vertex -29.6354 118.861 0
    endloop
  endfacet
  facet normal 0.906315 0.422602 0
    outer loop
      vertex 111.909 49.8252 8.48
      vertex 110.102 53.7005 0
      vertex 110.102 53.7005 8.48
    endloop
  endfacet
  facet normal 0.906315 0.422602 0
    outer loop
      vertex 110.102 53.7005 0
      vertex 111.909 49.8252 8.48
      vertex 111.909 49.8252 0
    endloop
  endfacet
  facet normal -0.777147 -0.629319 0
    outer loop
      vertex -93.8404 -78.7415 0
      vertex -96.5313 -75.4185 8.48
      vertex -96.5313 -75.4185 0
    endloop
  endfacet
  facet normal -0.777147 -0.629319 0
    outer loop
      vertex -96.5313 -75.4185 8.48
      vertex -93.8404 -78.7415 0
      vertex -93.8404 -78.7415 8.48
    endloop
  endfacet
  facet normal -0.974362 -0.224986 0
    outer loop
      vertex -118.861 -29.6354 0
      vertex -119.823 -25.4692 8.48
      vertex -119.823 -25.4692 0
    endloop
  endfacet
  facet normal -0.974362 -0.224986 0
    outer loop
      vertex -119.823 -25.4692 8.48
      vertex -118.861 -29.6354 0
      vertex -118.861 -29.6354 8.48
    endloop
  endfacet
  facet normal 0 0 1
    outer loop
      vertex 120.5 0 8.48
      vertex 122.5 0 8.48
      vertex 122.425 4.27519 8.48
    endloop
  endfacet
  facet normal 0 0 1
    outer loop
      vertex 120.427 4.20539 8.48
      vertex 122.425 4.27519 8.48
      vertex 122.202 8.54517 8.48
    endloop
  endfacet
  facet normal 0 0 1
    outer loop
      vertex 122.5 0 8.48
      vertex 120.5 0 8.48
      vertex 122.425 -4.27519 8.48
    endloop
  endfacet
  facet normal 0 0 1
    outer loop
      vertex 120.206 8.40565 8.48
      vertex 122.202 8.54517 8.48
      vertex 121.829 12.8047 8.48
    endloop
  endfacet
  facet normal -0 0 1
    outer loop
      vertex 120.427 -4.20539 8.48
      vertex 122.425 -4.27519 8.48
      vertex 120.5 0 8.48
    endloop
  endfacet
  facet normal 0 0 1
    outer loop
      vertex 119.84 12.5957 8.48
      vertex 121.829 12.8047 8.48
      vertex 121.308 17.0487 8.48
    endloop
  endfacet
  facet normal 0 0 1
    outer loop
      vertex 122.425 -4.27519 8.48
      vertex 120.427 -4.20539 8.48
      vertex 122.202 -8.54517 8.48
    endloop
  endfacet
  facet normal 0 0 1
    outer loop
      vertex 119.327 16.7704 8.48
      vertex 121.308 17.0487 8.48
      vertex 120.639 21.2719 8.48
    endloop
  endfacet
  facet normal -0 0 1
    outer loop
      vertex 120.206 -8.40565 8.48
      vertex 122.202 -8.54517 8.48
      vertex 120.427 -4.20539 8.48
    endloop
  endfacet
  facet normal 0 0 1
    outer loop
      vertex 122.202 -8.54517 8.48
      vertex 120.206 -8.40565 8.48
      vertex 121.829 -12.8047 8.48
    endloop
  endfacet
  facet normal 0 0 1
    outer loop
      vertex 122.425 4.27519 8.48
      vertex 120.427 4.20539 8.48
      vertex 120.5 0 8.48
    endloop
  endfacet
  facet normal 0 0 1
    outer loop
      vertex 122.202 8.54517 8.48
      vertex 120.206 8.40565 8.48
      vertex 120.427 4.20539 8.48
    endloop
  endfacet
  facet normal 0 0 1
    outer loop
      vertex 121.829 12.8047 8.48
      vertex 119.84 12.5957 8.48
      vertex 120.206 8.40565 8.48
    endloop
  endfacet
  facet normal 0 0 1
    outer loop
      vertex 118.669 20.9246 8.48
      vertex 120.639 21.2719 8.48
      vertex 119.823 25.4692 8.48
    endloop
  endfacet
  facet normal 0 0 1
    outer loop
      vertex 121.308 17.0487 8.48
      vertex 119.327 16.7704 8.48
      vertex 119.84 12.5957 8.48
    endloop
  endfacet
  facet normal 0 0 1
    outer loop
      vertex 117.867 25.0534 8.48
      vertex 119.823 25.4692 8.48
      vertex 118.861 29.6354 8.48
    endloop
  endfacet
  facet normal 0 0 1
    outer loop
      vertex 120.639 21.2719 8.48
      vertex 118.669 20.9246 8.48
      vertex 119.327 16.7704 8.48
    endloop
  endfacet
  facet normal 0 0 1
    outer loop
      vertex 119.823 25.4692 8.48
      vertex 117.867 25.0534 8.48
      vertex 118.669 20.9246 8.48
    endloop
  endfacet
  facet normal 0 0 1
    outer loop
      vertex 116.921 29.1516 8.48
      vertex 118.861 29.6354 8.48
      vertex 117.755 33.7656 8.48
    endloop
  endfacet
  facet normal 0 0 1
    outer loop
      vertex 118.861 29.6354 8.48
      vertex 116.921 29.1516 8.48
      vertex 117.867 25.0534 8.48
    endloop
  endfacet
  facet normal 0 0 1
    outer loop
      vertex 115.832 33.2143 8.48
      vertex 117.755 33.7656 8.48
      vertex 116.504 37.8546 8.48
    endloop
  endfacet
  facet normal 0 0 1
    outer loop
      vertex 117.755 33.7656 8.48
      vertex 115.832 33.2143 8.48
      vertex 116.921 29.1516 8.48
    endloop
  endfacet
  facet normal 0 0 1
    outer loop
      vertex 114.602 37.2365 8.48
      vertex 116.504 37.8546 8.48
      vertex 115.112 41.8975 8.48
    endloop
  endfacet
  facet normal 0 0 1
    outer loop
      vertex 116.504 37.8546 8.48
      vertex 114.602 37.2365 8.48
      vertex 115.832 33.2143 8.48
    endloop
  endfacet
  facet normal 0 0 1
    outer loop
      vertex 113.233 41.2134 8.48
      vertex 115.112 41.8975 8.48
      vertex 113.58 45.8893 8.48
    endloop
  endfacet
  facet normal 0 0 1
    outer loop
      vertex 115.112 41.8975 8.48
      vertex 113.233 41.2134 8.48
      vertex 114.602 37.2365 8.48
    endloop
  endfacet
  facet normal 0 0 1
    outer loop
      vertex 111.726 45.1401 8.48
      vertex 113.58 45.8893 8.48
      vertex 111.909 49.8252 8.48
    endloop
  endfacet
  facet normal 0 0 1
    outer loop
      vertex 113.58 45.8893 8.48
      vertex 111.726 45.1401 8.48
      vertex 113.233 41.2134 8.48
    endloop
  endfacet
  facet normal 0 0 1
    outer loop
      vertex 110.082 49.0118 8.48
      vertex 111.909 49.8252 8.48
      vertex 110.102 53.7005 8.48
    endloop
  endfacet
  facet normal 0 0 1
    outer loop
      vertex 111.909 49.8252 8.48
      vertex 110.082 49.0118 8.48
      vertex 111.726 45.1401 8.48
    endloop
  endfacet
  facet normal 0 0 1
    outer loop
      vertex 110.102 53.7005 8.48
      vertex 108.305 52.8237 8.48
      vertex 110.082 49.0118 8.48
    endloop
  endfacet
  facet normal 0 0 1
    outer loop
      vertex 108.161 57.5103 8.48
      vertex 108.305 52.8237 8.48
      vertex 110.102 53.7005 8.48
    endloop
  endfacet
  facet normal 0 0 1
    outer loop
      vertex 108.161 57.5103 8.48
      vertex 106.395 56.5713 8.48
      vertex 108.305 52.8237 8.48
    endloop
  endfacet
  facet normal 0 0 1
    outer loop
      vertex 106.088 61.25 8.48
      vertex 106.395 56.5713 8.48
      vertex 108.161 57.5103 8.48
    endloop
  endfacet
  facet normal 0 0 1
    outer loop
      vertex 106.088 61.25 8.48
      vertex 104.356 60.25 8.48
      vertex 106.395 56.5713 8.48
    endloop
  endfacet
  facet normal 0 0 1
    outer loop
      vertex 103.886 64.9151 8.48
      vertex 104.356 60.25 8.48
      vertex 106.088 61.25 8.48
    endloop
  endfacet
  facet normal 0 0 1
    outer loop
      vertex 103.886 64.9151 8.48
      vertex 102.19 63.8553 8.48
      vertex 104.356 60.25 8.48
    endloop
  endfacet
  facet normal 0 0 1
    outer loop
      vertex 101.557 68.5011 8.48
      vertex 102.19 63.8553 8.48
      vertex 103.886 64.9151 8.48
    endloop
  endfacet
  facet normal 0 0 1
    outer loop
      vertex 101.557 68.5011 8.48
      vertex 99.899 67.3827 8.48
      vertex 102.19 63.8553 8.48
    endloop
  endfacet
  facet normal 0 0 1
    outer loop
      vertex 99.1046 72.0037 8.48
      vertex 99.899 67.3827 8.48
      vertex 101.557 68.5011 8.48
    endloop
  endfacet
  facet normal 0 0 1
    outer loop
      vertex 99.1046 72.0037 8.48
      vertex 97.4865 70.8281 8.48
      vertex 99.899 67.3827 8.48
    endloop
  endfacet
  facet normal 0 0 1
    outer loop
      vertex 96.5313 75.4185 8.48
      vertex 97.4865 70.8281 8.48
      vertex 99.1046 72.0037 8.48
    endloop
  endfacet
  facet normal 0 0 1
    outer loop
      vertex 96.5313 75.4185 8.48
      vertex 94.9553 74.1872 8.48
      vertex 97.4865 70.8281 8.48
    endloop
  endfacet
  facet normal 0 0 1
    outer loop
      vertex 93.8404 78.7415 8.48
      vertex 94.9553 74.1872 8.48
      vertex 96.5313 75.4185 8.48
    endloop
  endfacet
  facet normal 0 0 1
    outer loop
      vertex 93.8404 78.7415 8.48
      vertex 92.3084 77.4559 8.48
      vertex 94.9553 74.1872 8.48
    endloop
  endfacet
  facet normal 0 0 1
    outer loop
      vertex 91.0352 81.9685 8.48
      vertex 92.3084 77.4559 8.48
      vertex 93.8404 78.7415 8.48
    endloop
  endfacet
  facet normal 0 0 1
    outer loop
      vertex 91.0352 81.9685 8.48
      vertex 89.549 80.6302 8.48
      vertex 92.3084 77.4559 8.48
    endloop
  endfacet
  facet normal 0 0 1
    outer loop
      vertex 88.1191 85.0956 8.48
      vertex 89.549 80.6302 8.48
      vertex 91.0352 81.9685 8.48
    endloop
  endfacet
  facet normal 0 0 1
    outer loop
      vertex 88.1191 85.0956 8.48
      vertex 86.6804 83.7063 8.48
      vertex 89.549 80.6302 8.48
    endloop
  endfacet
  facet normal 0 0 1
    outer loop
      vertex 85.0956 88.1191 8.48
      vertex 86.6804 83.7063 8.48
      vertex 88.1191 85.0956 8.48
    endloop
  endfacet
  facet normal 0 0 1
    outer loop
      vertex 85.0956 88.1191 8.48
      vertex 83.7063 86.6804 8.48
      vertex 86.6804 83.7063 8.48
    endloop
  endfacet
  facet normal 0 0 1
    outer loop
      vertex 81.9685 91.0352 8.48
      vertex 83.7063 86.6804 8.48
      vertex 85.0956 88.1191 8.48
    endloop
  endfacet
  facet normal 0 0 1
    outer loop
      vertex 81.9685 91.0352 8.48
      vertex 80.6302 89.549 8.48
      vertex 83.7063 86.6804 8.48
    endloop
  endfacet
  facet normal 0 0 1
    outer loop
      vertex 78.7415 93.8404 8.48
      vertex 80.6302 89.549 8.48
      vertex 81.9685 91.0352 8.48
    endloop
  endfacet
  facet normal 0 0 1
    outer loop
      vertex 78.7415 93.8404 8.48
      vertex 77.4559 92.3084 8.48
      vertex 80.6302 89.549 8.48
    endloop
  endfacet
  facet normal 0 0 1
    outer loop
      vertex 75.4185 96.5313 8.48
      vertex 77.4559 92.3084 8.48
      vertex 78.7415 93.8404 8.48
    endloop
  endfacet
  facet normal 0 0 1
    outer loop
      vertex 75.4185 96.5313 8.48
      vertex 74.1872 94.9553 8.48
      vertex 77.4559 92.3084 8.48
    endloop
  endfacet
  facet normal 0 0 1
    outer loop
      vertex 72.0037 99.1046 8.48
      vertex 74.1872 94.9553 8.48
      vertex 75.4185 96.5313 8.48
    endloop
  endfacet
  facet normal 0 0 1
    outer loop
      vertex 72.0037 99.1046 8.48
      vertex 70.8281 97.4865 8.48
      vertex 74.1872 94.9553 8.48
    endloop
  endfacet
  facet normal 0 0 1
    outer loop
      vertex 68.5011 101.557 8.48
      vertex 70.8281 97.4865 8.48
      vertex 72.0037 99.1046 8.48
    endloop
  endfacet
  facet normal 0 0 1
    outer loop
      vertex 68.5011 101.557 8.48
      vertex 67.3827 99.899 8.48
      vertex 70.8281 97.4865 8.48
    endloop
  endfacet
  facet normal 0 0 1
    outer loop
      vertex 64.9151 103.886 8.48
      vertex 67.3827 99.899 8.48
      vertex 68.5011 101.557 8.48
    endloop
  endfacet
  facet normal 0 0 1
    outer loop
      vertex 64.9151 103.886 8.48
      vertex 63.8553 102.19 8.48
      vertex 67.3827 99.899 8.48
    endloop
  endfacet
  facet normal 0 0 1
    outer loop
      vertex 61.25 106.088 8.48
      vertex 63.8553 102.19 8.48
      vertex 64.9151 103.886 8.48
    endloop
  endfacet
  facet normal 0 0 1
    outer loop
      vertex 61.25 106.088 8.48
      vertex 60.25 104.356 8.48
      vertex 63.8553 102.19 8.48
    endloop
  endfacet
  facet normal 0 0 1
    outer loop
      vertex 57.5103 108.161 8.48
      vertex 60.25 104.356 8.48
      vertex 61.25 106.088 8.48
    endloop
  endfacet
  facet normal 0 0 1
    outer loop
      vertex 57.5103 108.161 8.48
      vertex 56.5713 106.395 8.48
      vertex 60.25 104.356 8.48
    endloop
  endfacet
  facet normal 0 0 1
    outer loop
      vertex 53.7005 110.102 8.48
      vertex 56.5713 106.395 8.48
      vertex 57.5103 108.161 8.48
    endloop
  endfacet
  facet normal 0 0 1
    outer loop
      vertex 53.7005 110.102 8.48
      vertex 52.8237 108.305 8.48
      vertex 56.5713 106.395 8.48
    endloop
  endfacet
  facet normal 0 0 1
    outer loop
      vertex 49.8252 111.909 8.48
      vertex 52.8237 108.305 8.48
      vertex 53.7005 110.102 8.48
    endloop
  endfacet
  facet normal 0 0 1
    outer loop
      vertex 49.8252 111.909 8.48
      vertex 49.0118 110.082 8.48
      vertex 52.8237 108.305 8.48
    endloop
  endfacet
  facet normal 0 0 1
    outer loop
      vertex 45.8893 113.58 8.48
      vertex 49.0118 110.082 8.48
      vertex 49.8252 111.909 8.48
    endloop
  endfacet
  facet normal 0 0 1
    outer loop
      vertex 45.8893 113.58 8.48
      vertex 45.1401 111.726 8.48
      vertex 49.0118 110.082 8.48
    endloop
  endfacet
  facet normal 0 0 1
    outer loop
      vertex 41.8975 115.112 8.48
      vertex 45.1401 111.726 8.48
      vertex 45.8893 113.58 8.48
    endloop
  endfacet
  facet normal 0 0 1
    outer loop
      vertex 41.8975 115.112 8.48
      vertex 41.2134 113.233 8.48
      vertex 45.1401 111.726 8.48
    endloop
  endfacet
  facet normal 0 0 1
    outer loop
      vertex 37.8546 116.504 8.48
      vertex 41.2134 113.233 8.48
      vertex 41.8975 115.112 8.48
    endloop
  endfacet
  facet normal 0 0 1
    outer loop
      vertex 37.8546 116.504 8.48
      vertex 37.2365 114.602 8.48
      vertex 41.2134 113.233 8.48
    endloop
  endfacet
  facet normal 0 0 1
    outer loop
      vertex 33.7656 117.755 8.48
      vertex 37.2365 114.602 8.48
      vertex 37.8546 116.504 8.48
    endloop
  endfacet
  facet normal 0 0 1
    outer loop
      vertex 33.7656 117.755 8.48
      vertex 33.2143 115.832 8.48
      vertex 37.2365 114.602 8.48
    endloop
  endfacet
  facet normal 0 0 1
    outer loop
      vertex 29.6354 118.861 8.48
      vertex 33.2143 115.832 8.48
      vertex 33.7656 117.755 8.48
    endloop
  endfacet
  facet normal 0 0 1
    outer loop
      vertex 29.6354 118.861 8.48
      vertex 29.1516 116.921 8.48
      vertex 33.2143 115.832 8.48
    endloop
  endfacet
  facet normal 0 0 1
    outer loop
      vertex 25.4692 119.823 8.48
      vertex 29.1516 116.921 8.48
      vertex 29.6354 118.861 8.48
    endloop
  endfacet
  facet normal 0 0 1
    outer loop
      vertex 25.4692 119.823 8.48
      vertex 25.0534 117.867 8.48
      vertex 29.1516 116.921 8.48
    endloop
  endfacet
  facet normal 0 0 1
    outer loop
      vertex 21.2719 120.639 8.48
      vertex 25.0534 117.867 8.48
      vertex 25.4692 119.823 8.48
    endloop
  endfacet
  facet normal 0 0 1
    outer loop
      vertex 21.2719 120.639 8.48
      vertex 20.9246 118.669 8.48
      vertex 25.0534 117.867 8.48
    endloop
  endfacet
  facet normal 0 0 1
    outer loop
      vertex 17.0487 121.308 8.48
      vertex 20.9246 118.669 8.48
      vertex 21.2719 120.639 8.48
    endloop
  endfacet
  facet normal 0 0 1
    outer loop
      vertex 17.0487 121.308 8.48
      vertex 16.7704 119.327 8.48
      vertex 20.9246 118.669 8.48
    endloop
  endfacet
  facet normal 0 0 1
    outer loop
      vertex 12.8047 121.829 8.48
      vertex 16.7704 119.327 8.48
      vertex 17.0487 121.308 8.48
    endloop
  endfacet
  facet normal 0 0 1
    outer loop
      vertex 12.8047 121.829 8.48
      vertex 12.5957 119.84 8.48
      vertex 16.7704 119.327 8.48
    endloop
  endfacet
  facet normal 0 0 1
    outer loop
      vertex 8.54517 122.202 8.48
      vertex 12.5957 119.84 8.48
      vertex 12.8047 121.829 8.48
    endloop
  endfacet
  facet normal 0 0 1
    outer loop
      vertex 8.54517 122.202 8.48
      vertex 8.40565 120.206 8.48
      vertex 12.5957 119.84 8.48
    endloop
  endfacet
  facet normal 0 0 1
    outer loop
      vertex 4.27519 122.425 8.48
      vertex 8.40565 120.206 8.48
      vertex 8.54517 122.202 8.48
    endloop
  endfacet
  facet normal 0 0 1
    outer loop
      vertex 4.27519 122.425 8.48
      vertex 4.20539 120.427 8.48
      vertex 8.40565 120.206 8.48
    endloop
  endfacet
  facet normal 0 0 1
    outer loop
      vertex 0 122.5 8.48
      vertex 4.20539 120.427 8.48
      vertex 4.27519 122.425 8.48
    endloop
  endfacet
  facet normal 0 0 1
    outer loop
      vertex 0 122.5 8.48
      vertex 0 120.5 8.48
      vertex 4.20539 120.427 8.48
    endloop
  endfacet
  facet normal 0 0 1
    outer loop
      vertex 0 122.5 8.48
      vertex -4.20539 120.427 8.48
      vertex 0 120.5 8.48
    endloop
  endfacet
  facet normal -0 0 1
    outer loop
      vertex -4.27519 122.425 8.48
      vertex -4.20539 120.427 8.48
      vertex 0 122.5 8.48
    endloop
  endfacet
  facet normal 0 0 1
    outer loop
      vertex -4.27519 122.425 8.48
      vertex -8.40565 120.206 8.48
      vertex -4.20539 120.427 8.48
    endloop
  endfacet
  facet normal -0 0 1
    outer loop
      vertex -8.54517 122.202 8.48
      vertex -8.40565 120.206 8.48
      vertex -4.27519 122.425 8.48
    endloop
  endfacet
  facet normal 0 0 1
    outer loop
      vertex -8.54517 122.202 8.48
      vertex -12.5957 119.84 8.48
      vertex -8.40565 120.206 8.48
    endloop
  endfacet
  facet normal -0 0 1
    outer loop
      vertex -12.8047 121.829 8.48
      vertex -12.5957 119.84 8.48
      vertex -8.54517 122.202 8.48
    endloop
  endfacet
  facet normal 0 0 1
    outer loop
      vertex -12.8047 121.829 8.48
      vertex -16.7704 119.327 8.48
      vertex -12.5957 119.84 8.48
    endloop
  endfacet
  facet normal -0 0 1
    outer loop
      vertex -17.0487 121.308 8.48
      vertex -16.7704 119.327 8.48
      vertex -12.8047 121.829 8.48
    endloop
  endfacet
  facet normal 0 0 1
    outer loop
      vertex -17.0487 121.308 8.48
      vertex -20.9246 118.669 8.48
      vertex -16.7704 119.327 8.48
    endloop
  endfacet
  facet normal -0 0 1
    outer loop
      vertex -21.2719 120.639 8.48
      vertex -20.9246 118.669 8.48
      vertex -17.0487 121.308 8.48
    endloop
  endfacet
  facet normal 0 0 1
    outer loop
      vertex -21.2719 120.639 8.48
      vertex -25.0534 117.867 8.48
      vertex -20.9246 118.669 8.48
    endloop
  endfacet
  facet normal -0 0 1
    outer loop
      vertex -25.4692 119.823 8.48
      vertex -25.0534 117.867 8.48
      vertex -21.2719 120.639 8.48
    endloop
  endfacet
  facet normal 0 0 1
    outer loop
      vertex -25.4692 119.823 8.48
      vertex -29.1516 116.921 8.48
      vertex -25.0534 117.867 8.48
    endloop
  endfacet
  facet normal -0 0 1
    outer loop
      vertex -29.6354 118.861 8.48
      vertex -29.1516 116.921 8.48
      vertex -25.4692 119.823 8.48
    endloop
  endfacet
  facet normal 0 0 1
    outer loop
      vertex -29.6354 118.861 8.48
      vertex -33.2143 115.832 8.48
      vertex -29.1516 116.921 8.48
    endloop
  endfacet
  facet normal -0 0 1
    outer loop
      vertex -33.7656 117.755 8.48
      vertex -33.2143 115.832 8.48
      vertex -29.6354 118.861 8.48
    endloop
  endfacet
  facet normal 0 0 1
    outer loop
      vertex -33.7656 117.755 8.48
      vertex -37.2365 114.602 8.48
      vertex -33.2143 115.832 8.48
    endloop
  endfacet
  facet normal -0 0 1
    outer loop
      vertex -37.8546 116.504 8.48
      vertex -37.2365 114.602 8.48
      vertex -33.7656 117.755 8.48
    endloop
  endfacet
  facet normal 0 0 1
    outer loop
      vertex -37.8546 116.504 8.48
      vertex -41.2134 113.233 8.48
      vertex -37.2365 114.602 8.48
    endloop
  endfacet
  facet normal -0 0 1
    outer loop
      vertex -41.8975 115.112 8.48
      vertex -41.2134 113.233 8.48
      vertex -37.8546 116.504 8.48
    endloop
  endfacet
  facet normal 0 0 1
    outer loop
      vertex -41.8975 115.112 8.48
      vertex -45.1401 111.726 8.48
      vertex -41.2134 113.233 8.48
    endloop
  endfacet
  facet normal -0 0 1
    outer loop
      vertex -45.8893 113.58 8.48
      vertex -45.1401 111.726 8.48
      vertex -41.8975 115.112 8.48
    endloop
  endfacet
  facet normal 0 0 1
    outer loop
      vertex -45.8893 113.58 8.48
      vertex -49.0118 110.082 8.48
      vertex -45.1401 111.726 8.48
    endloop
  endfacet
  facet normal -0 0 1
    outer loop
      vertex -49.8252 111.909 8.48
      vertex -49.0118 110.082 8.48
      vertex -45.8893 113.58 8.48
    endloop
  endfacet
  facet normal 0 0 1
    outer loop
      vertex -49.8252 111.909 8.48
      vertex -52.8237 108.305 8.48
      vertex -49.0118 110.082 8.48
    endloop
  endfacet
  facet normal -0 0 1
    outer loop
      vertex -53.7005 110.102 8.48
      vertex -52.8237 108.305 8.48
      vertex -49.8252 111.909 8.48
    endloop
  endfacet
  facet normal 0 0 1
    outer loop
      vertex -53.7005 110.102 8.48
      vertex -56.5713 106.395 8.48
      vertex -52.8237 108.305 8.48
    endloop
  endfacet
  facet normal -0 0 1
    outer loop
      vertex -57.5103 108.161 8.48
      vertex -56.5713 106.395 8.48
      vertex -53.7005 110.102 8.48
    endloop
  endfacet
  facet normal 0 0 1
    outer loop
      vertex -57.5103 108.161 8.48
      vertex -60.25 104.356 8.48
      vertex -56.5713 106.395 8.48
    endloop
  endfacet
  facet normal -0 0 1
    outer loop
      vertex -61.25 106.088 8.48
      vertex -60.25 104.356 8.48
      vertex -57.5103 108.161 8.48
    endloop
  endfacet
  facet normal 0 0 1
    outer loop
      vertex -61.25 106.088 8.48
      vertex -63.8553 102.19 8.48
      vertex -60.25 104.356 8.48
    endloop
  endfacet
  facet normal -0 0 1
    outer loop
      vertex -64.9151 103.886 8.48
      vertex -63.8553 102.19 8.48
      vertex -61.25 106.088 8.48
    endloop
  endfacet
  facet normal 0 0 1
    outer loop
      vertex -64.9151 103.886 8.48
      vertex -67.3827 99.899 8.48
      vertex -63.8553 102.19 8.48
    endloop
  endfacet
  facet normal -0 0 1
    outer loop
      vertex -68.5011 101.557 8.48
      vertex -67.3827 99.899 8.48
      vertex -64.9151 103.886 8.48
    endloop
  endfacet
  facet normal 0 0 1
    outer loop
      vertex -68.5011 101.557 8.48
      vertex -70.8281 97.4865 8.48
      vertex -67.3827 99.899 8.48
    endloop
  endfacet
  facet normal -0 0 1
    outer loop
      vertex -72.0037 99.1046 8.48
      vertex -70.8281 97.4865 8.48
      vertex -68.5011 101.557 8.48
    endloop
  endfacet
  facet normal 0 0 1
    outer loop
      vertex -72.0037 99.1046 8.48
      vertex -74.1872 94.9553 8.48
      vertex -70.8281 97.4865 8.48
    endloop
  endfacet
  facet normal -0 0 1
    outer loop
      vertex -75.4185 96.5313 8.48
      vertex -74.1872 94.9553 8.48
      vertex -72.0037 99.1046 8.48
    endloop
  endfacet
  facet normal 0 0 1
    outer loop
      vertex -75.4185 96.5313 8.48
      vertex -77.4559 92.3084 8.48
      vertex -74.1872 94.9553 8.48
    endloop
  endfacet
  facet normal -0 0 1
    outer loop
      vertex -78.7415 93.8404 8.48
      vertex -77.4559 92.3084 8.48
      vertex -75.4185 96.5313 8.48
    endloop
  endfacet
  facet normal 0 0 1
    outer loop
      vertex -78.7415 93.8404 8.48
      vertex -80.6302 89.549 8.48
      vertex -77.4559 92.3084 8.48
    endloop
  endfacet
  facet normal -0 0 1
    outer loop
      vertex -81.9685 91.0352 8.48
      vertex -80.6302 89.549 8.48
      vertex -78.7415 93.8404 8.48
    endloop
  endfacet
  facet normal 0 0 1
    outer loop
      vertex -81.9685 91.0352 8.48
      vertex -83.7063 86.6804 8.48
      vertex -80.6302 89.549 8.48
    endloop
  endfacet
  facet normal -0 0 1
    outer loop
      vertex -85.0956 88.1191 8.48
      vertex -83.7063 86.6804 8.48
      vertex -81.9685 91.0352 8.48
    endloop
  endfacet
  facet normal 0 0 1
    outer loop
      vertex -85.0956 88.1191 8.48
      vertex -86.6804 83.7063 8.48
      vertex -83.7063 86.6804 8.48
    endloop
  endfacet
  facet normal -0 0 1
    outer loop
      vertex -88.1191 85.0956 8.48
      vertex -86.6804 83.7063 8.48
      vertex -85.0956 88.1191 8.48
    endloop
  endfacet
  facet normal 0 0 1
    outer loop
      vertex -88.1191 85.0956 8.48
      vertex -89.549 80.6302 8.48
      vertex -86.6804 83.7063 8.48
    endloop
  endfacet
  facet normal -0 0 1
    outer loop
      vertex -91.0352 81.9685 8.48
      vertex -89.549 80.6302 8.48
      vertex -88.1191 85.0956 8.48
    endloop
  endfacet
  facet normal 0 0 1
    outer loop
      vertex -91.0352 81.9685 8.48
      vertex -92.3084 77.4559 8.48
      vertex -89.549 80.6302 8.48
    endloop
  endfacet
  facet normal -0 0 1
    outer loop
      vertex -93.8404 78.7415 8.48
      vertex -92.3084 77.4559 8.48
      vertex -91.0352 81.9685 8.48
    endloop
  endfacet
  facet normal 0 0 1
    outer loop
      vertex -93.8404 78.7415 8.48
      vertex -94.9553 74.1872 8.48
      vertex -92.3084 77.4559 8.48
    endloop
  endfacet
  facet normal -0 0 1
    outer loop
      vertex -96.5313 75.4185 8.48
      vertex -94.9553 74.1872 8.48
      vertex -93.8404 78.7415 8.48
    endloop
  endfacet
  facet normal 0 0 1
    outer loop
      vertex -96.5313 75.4185 8.48
      vertex -97.4865 70.8281 8.48
      vertex -94.9553 74.1872 8.48
    endloop
  endfacet
  facet normal -0 0 1
    outer loop
      vertex -99.1046 72.0037 8.48
      vertex -97.4865 70.8281 8.48
      vertex -96.5313 75.4185 8.48
    endloop
  endfacet
  facet normal 0 0 1
    outer loop
      vertex -99.1046 72.0037 8.48
      vertex -99.899 67.3827 8.48
      vertex -97.4865 70.8281 8.48
    endloop
  endfacet
  facet normal -0 0 1
    outer loop
      vertex -101.557 68.5011 8.48
      vertex -99.899 67.3827 8.48
      vertex -99.1046 72.0037 8.48
    endloop
  endfacet
  facet normal 0 0 1
    outer loop
      vertex -101.557 68.5011 8.48
      vertex -102.19 63.8553 8.48
      vertex -99.899 67.3827 8.48
    endloop
  endfacet
  facet normal -0 0 1
    outer loop
      vertex -103.886 64.9151 8.48
      vertex -102.19 63.8553 8.48
      vertex -101.557 68.5011 8.48
    endloop
  endfacet
  facet normal 0 0 1
    outer loop
      vertex -103.886 64.9151 8.48
      vertex -104.356 60.25 8.48
      vertex -102.19 63.8553 8.48
    endloop
  endfacet
  facet normal -0 0 1
    outer loop
      vertex -106.088 61.25 8.48
      vertex -104.356 60.25 8.48
      vertex -103.886 64.9151 8.48
    endloop
  endfacet
  facet normal 0 0 1
    outer loop
      vertex -106.088 61.25 8.48
      vertex -106.395 56.5713 8.48
      vertex -104.356 60.25 8.48
    endloop
  endfacet
  facet normal -0 0 1
    outer loop
      vertex -108.161 57.5103 8.48
      vertex -106.395 56.5713 8.48
      vertex -106.088 61.25 8.48
    endloop
  endfacet
  facet normal 0 0 1
    outer loop
      vertex -108.161 57.5103 8.48
      vertex -108.305 52.8237 8.48
      vertex -106.395 56.5713 8.48
    endloop
  endfacet
  facet normal -0 0 1
    outer loop
      vertex -110.102 53.7005 8.48
      vertex -108.305 52.8237 8.48
      vertex -108.161 57.5103 8.48
    endloop
  endfacet
  facet normal 0 0 1
    outer loop
      vertex -108.305 52.8237 8.48
      vertex -110.102 53.7005 8.48
      vertex -110.082 49.0118 8.48
    endloop
  endfacet
  facet normal -0 0 1
    outer loop
      vertex -111.909 49.8252 8.48
      vertex -110.082 49.0118 8.48
      vertex -110.102 53.7005 8.48
    endloop
  endfacet
  facet normal 0 0 1
    outer loop
      vertex -110.082 49.0118 8.48
      vertex -111.909 49.8252 8.48
      vertex -111.726 45.1401 8.48
    endloop
  endfacet
  facet normal -0 0 1
    outer loop
      vertex -113.58 45.8893 8.48
      vertex -111.726 45.1401 8.48
      vertex -111.909 49.8252 8.48
    endloop
  endfacet
  facet normal 0 0 1
    outer loop
      vertex -111.726 45.1401 8.48
      vertex -113.58 45.8893 8.48
      vertex -113.233 41.2134 8.48
    endloop
  endfacet
  facet normal -0 0 1
    outer loop
      vertex -115.112 41.8975 8.48
      vertex -113.233 41.2134 8.48
      vertex -113.58 45.8893 8.48
    endloop
  endfacet
  facet normal 0 0 1
    outer loop
      vertex -113.233 41.2134 8.48
      vertex -115.112 41.8975 8.48
      vertex -114.602 37.2365 8.48
    endloop
  endfacet
  facet normal -0 0 1
    outer loop
      vertex -116.504 37.8546 8.48
      vertex -114.602 37.2365 8.48
      vertex -115.112 41.8975 8.48
    endloop
  endfacet
  facet normal 0 0 1
    outer loop
      vertex -114.602 37.2365 8.48
      vertex -116.504 37.8546 8.48
      vertex -115.832 33.2143 8.48
    endloop
  endfacet
  facet normal -0 0 1
    outer loop
      vertex -117.755 33.7656 8.48
      vertex -115.832 33.2143 8.48
      vertex -116.504 37.8546 8.48
    endloop
  endfacet
  facet normal 0 0 1
    outer loop
      vertex -115.832 33.2143 8.48
      vertex -117.755 33.7656 8.48
      vertex -116.921 29.1516 8.48
    endloop
  endfacet
  facet normal -0 0 1
    outer loop
      vertex -118.861 29.6354 8.48
      vertex -116.921 29.1516 8.48
      vertex -117.755 33.7656 8.48
    endloop
  endfacet
  facet normal 0 0 1
    outer loop
      vertex -116.921 29.1516 8.48
      vertex -118.861 29.6354 8.48
      vertex -117.867 25.0534 8.48
    endloop
  endfacet
  facet normal -0 0 1
    outer loop
      vertex -119.823 25.4692 8.48
      vertex -117.867 25.0534 8.48
      vertex -118.861 29.6354 8.48
    endloop
  endfacet
  facet normal 0 0 1
    outer loop
      vertex -117.867 25.0534 8.48
      vertex -119.823 25.4692 8.48
      vertex -118.669 20.9246 8.48
    endloop
  endfacet
  facet normal -0 0 1
    outer loop
      vertex -120.639 21.2719 8.48
      vertex -118.669 20.9246 8.48
      vertex -119.823 25.4692 8.48
    endloop
  endfacet
  facet normal 0 0 1
    outer loop
      vertex -118.669 20.9246 8.48
      vertex -120.639 21.2719 8.48
      vertex -119.327 16.7704 8.48
    endloop
  endfacet
  facet normal -0 0 1
    outer loop
      vertex -121.308 17.0487 8.48
      vertex -119.327 16.7704 8.48
      vertex -120.639 21.2719 8.48
    endloop
  endfacet
  facet normal 0 0 1
    outer loop
      vertex -119.327 16.7704 8.48
      vertex -121.308 17.0487 8.48
      vertex -119.84 12.5957 8.48
    endloop
  endfacet
  facet normal 0 0 1
    outer loop
      vertex -119.84 12.5957 8.48
      vertex -121.829 12.8047 8.48
      vertex -120.206 8.40565 8.48
    endloop
  endfacet
  facet normal -0 0 1
    outer loop
      vertex -121.829 12.8047 8.48
      vertex -119.84 12.5957 8.48
      vertex -121.308 17.0487 8.48
    endloop
  endfacet
  facet normal -0 0 1
    outer loop
      vertex 119.84 -12.5957 8.48
      vertex 121.829 -12.8047 8.48
      vertex 120.206 -8.40565 8.48
    endloop
  endfacet
  facet normal 0 0 1
    outer loop
      vertex 121.829 -12.8047 8.48
      vertex 119.84 -12.5957 8.48
      vertex 121.308 -17.0487 8.48
    endloop
  endfacet
  facet normal -0 0 1
    outer loop
      vertex 119.327 -16.7704 8.48
      vertex 121.308 -17.0487 8.48
      vertex 119.84 -12.5957 8.48
    endloop
  endfacet
  facet normal 0 0 1
    outer loop
      vertex 121.308 -17.0487 8.48
      vertex 119.327 -16.7704 8.48
      vertex 120.639 -21.2719 8.48
    endloop
  endfacet
  facet normal -0 0 1
    outer loop
      vertex 118.669 -20.9246 8.48
      vertex 120.639 -21.2719 8.48
      vertex 119.327 -16.7704 8.48
    endloop
  endfacet
  facet normal 0 0 1
    outer loop
      vertex 120.639 -21.2719 8.48
      vertex 118.669 -20.9246 8.48
      vertex 119.823 -25.4692 8.48
    endloop
  endfacet
  facet normal -0 0 1
    outer loop
      vertex 117.867 -25.0534 8.48
      vertex 119.823 -25.4692 8.48
      vertex 118.669 -20.9246 8.48
    endloop
  endfacet
  facet normal 0 0 1
    outer loop
      vertex 119.823 -25.4692 8.48
      vertex 117.867 -25.0534 8.48
      vertex 118.861 -29.6354 8.48
    endloop
  endfacet
  facet normal -0 0 1
    outer loop
      vertex 116.921 -29.1516 8.48
      vertex 118.861 -29.6354 8.48
      vertex 117.867 -25.0534 8.48
    endloop
  endfacet
  facet normal 0 0 1
    outer loop
      vertex 118.861 -29.6354 8.48
      vertex 116.921 -29.1516 8.48
      vertex 117.755 -33.7656 8.48
    endloop
  endfacet
  facet normal -0 0 1
    outer loop
      vertex 115.832 -33.2143 8.48
      vertex 117.755 -33.7656 8.48
      vertex 116.921 -29.1516 8.48
    endloop
  endfacet
  facet normal 0 0 1
    outer loop
      vertex 117.755 -33.7656 8.48
      vertex 115.832 -33.2143 8.48
      vertex 116.504 -37.8546 8.48
    endloop
  endfacet
  facet normal -0 0 1
    outer loop
      vertex 114.602 -37.2365 8.48
      vertex 116.504 -37.8546 8.48
      vertex 115.832 -33.2143 8.48
    endloop
  endfacet
  facet normal 0 0 1
    outer loop
      vertex 116.504 -37.8546 8.48
      vertex 114.602 -37.2365 8.48
      vertex 115.112 -41.8975 8.48
    endloop
  endfacet
  facet normal -0 0 1
    outer loop
      vertex 113.233 -41.2134 8.48
      vertex 115.112 -41.8975 8.48
      vertex 114.602 -37.2365 8.48
    endloop
  endfacet
  facet normal 0 0 1
    outer loop
      vertex 115.112 -41.8975 8.48
      vertex 113.233 -41.2134 8.48
      vertex 113.58 -45.8893 8.48
    endloop
  endfacet
  facet normal -0 0 1
    outer loop
      vertex 111.726 -45.1401 8.48
      vertex 113.58 -45.8893 8.48
      vertex 113.233 -41.2134 8.48
    endloop
  endfacet
  facet normal 0 0 1
    outer loop
      vertex 113.58 -45.8893 8.48
      vertex 111.726 -45.1401 8.48
      vertex 111.909 -49.8252 8.48
    endloop
  endfacet
  facet normal -0 0 1
    outer loop
      vertex 110.082 -49.0118 8.48
      vertex 111.909 -49.8252 8.48
      vertex 111.726 -45.1401 8.48
    endloop
  endfacet
  facet normal 0 0 1
    outer loop
      vertex 111.909 -49.8252 8.48
      vertex 110.082 -49.0118 8.48
      vertex 110.102 -53.7005 8.48
    endloop
  endfacet
  facet normal -0 0 1
    outer loop
      vertex 108.305 -52.8237 8.48
      vertex 110.102 -53.7005 8.48
      vertex 110.082 -49.0118 8.48
    endloop
  endfacet
  facet normal 0 0 1
    outer loop
      vertex 108.305 -52.8237 8.48
      vertex 108.161 -57.5103 8.48
      vertex 110.102 -53.7005 8.48
    endloop
  endfacet
  facet normal -0 0 1
    outer loop
      vertex 106.395 -56.5713 8.48
      vertex 108.161 -57.5103 8.48
      vertex 108.305 -52.8237 8.48
    endloop
  endfacet
  facet normal 0 0 1
    outer loop
      vertex 106.395 -56.5713 8.48
      vertex 106.088 -61.25 8.48
      vertex 108.161 -57.5103 8.48
    endloop
  endfacet
  facet normal -0 0 1
    outer loop
      vertex 104.356 -60.25 8.48
      vertex 106.088 -61.25 8.48
      vertex 106.395 -56.5713 8.48
    endloop
  endfacet
  facet normal 0 0 1
    outer loop
      vertex 104.356 -60.25 8.48
      vertex 103.886 -64.9151 8.48
      vertex 106.088 -61.25 8.48
    endloop
  endfacet
  facet normal -0 0 1
    outer loop
      vertex 102.19 -63.8553 8.48
      vertex 103.886 -64.9151 8.48
      vertex 104.356 -60.25 8.48
    endloop
  endfacet
  facet normal 0 0 1
    outer loop
      vertex 102.19 -63.8553 8.48
      vertex 101.557 -68.5011 8.48
      vertex 103.886 -64.9151 8.48
    endloop
  endfacet
  facet normal -0 0 1
    outer loop
      vertex 99.899 -67.3827 8.48
      vertex 101.557 -68.5011 8.48
      vertex 102.19 -63.8553 8.48
    endloop
  endfacet
  facet normal 0 0 1
    outer loop
      vertex 99.899 -67.3827 8.48
      vertex 99.1046 -72.0037 8.48
      vertex 101.557 -68.5011 8.48
    endloop
  endfacet
  facet normal -0 0 1
    outer loop
      vertex 97.4865 -70.8281 8.48
      vertex 99.1046 -72.0037 8.48
      vertex 99.899 -67.3827 8.48
    endloop
  endfacet
  facet normal 0 0 1
    outer loop
      vertex 97.4865 -70.8281 8.48
      vertex 96.5313 -75.4185 8.48
      vertex 99.1046 -72.0037 8.48
    endloop
  endfacet
  facet normal -0 0 1
    outer loop
      vertex 94.9553 -74.1872 8.48
      vertex 96.5313 -75.4185 8.48
      vertex 97.4865 -70.8281 8.48
    endloop
  endfacet
  facet normal 0 0 1
    outer loop
      vertex 94.9553 -74.1872 8.48
      vertex 93.8404 -78.7415 8.48
      vertex 96.5313 -75.4185 8.48
    endloop
  endfacet
  facet normal -0 0 1
    outer loop
      vertex 92.3084 -77.4559 8.48
      vertex 93.8404 -78.7415 8.48
      vertex 94.9553 -74.1872 8.48
    endloop
  endfacet
  facet normal 0 0 1
    outer loop
      vertex 92.3084 -77.4559 8.48
      vertex 91.0352 -81.9685 8.48
      vertex 93.8404 -78.7415 8.48
    endloop
  endfacet
  facet normal -0 0 1
    outer loop
      vertex 89.549 -80.6302 8.48
      vertex 91.0352 -81.9685 8.48
      vertex 92.3084 -77.4559 8.48
    endloop
  endfacet
  facet normal 0 0 1
    outer loop
      vertex 89.549 -80.6302 8.48
      vertex 88.1191 -85.0956 8.48
      vertex 91.0352 -81.9685 8.48
    endloop
  endfacet
  facet normal -0 0 1
    outer loop
      vertex 86.6804 -83.7063 8.48
      vertex 88.1191 -85.0956 8.48
      vertex 89.549 -80.6302 8.48
    endloop
  endfacet
  facet normal 0 0 1
    outer loop
      vertex 86.6804 -83.7063 8.48
      vertex 85.0956 -88.1191 8.48
      vertex 88.1191 -85.0956 8.48
    endloop
  endfacet
  facet normal -0 0 1
    outer loop
      vertex 83.7063 -86.6804 8.48
      vertex 85.0956 -88.1191 8.48
      vertex 86.6804 -83.7063 8.48
    endloop
  endfacet
  facet normal 0 0 1
    outer loop
      vertex 83.7063 -86.6804 8.48
      vertex 81.9685 -91.0352 8.48
      vertex 85.0956 -88.1191 8.48
    endloop
  endfacet
  facet normal -0 0 1
    outer loop
      vertex 80.6302 -89.549 8.48
      vertex 81.9685 -91.0352 8.48
      vertex 83.7063 -86.6804 8.48
    endloop
  endfacet
  facet normal 0 0 1
    outer loop
      vertex 80.6302 -89.549 8.48
      vertex 78.7415 -93.8404 8.48
      vertex 81.9685 -91.0352 8.48
    endloop
  endfacet
  facet normal -0 0 1
    outer loop
      vertex 77.4559 -92.3084 8.48
      vertex 78.7415 -93.8404 8.48
      vertex 80.6302 -89.549 8.48
    endloop
  endfacet
  facet normal 0 0 1
    outer loop
      vertex 77.4559 -92.3084 8.48
      vertex 75.4185 -96.5313 8.48
      vertex 78.7415 -93.8404 8.48
    endloop
  endfacet
  facet normal -0 0 1
    outer loop
      vertex 74.1872 -94.9553 8.48
      vertex 75.4185 -96.5313 8.48
      vertex 77.4559 -92.3084 8.48
    endloop
  endfacet
  facet normal 0 0 1
    outer loop
      vertex 74.1872 -94.9553 8.48
      vertex 72.0037 -99.1046 8.48
      vertex 75.4185 -96.5313 8.48
    endloop
  endfacet
  facet normal -0 0 1
    outer loop
      vertex 70.8281 -97.4865 8.48
      vertex 72.0037 -99.1046 8.48
      vertex 74.1872 -94.9553 8.48
    endloop
  endfacet
  facet normal 0 0 1
    outer loop
      vertex 70.8281 -97.4865 8.48
      vertex 68.5011 -101.557 8.48
      vertex 72.0037 -99.1046 8.48
    endloop
  endfacet
  facet normal -0 0 1
    outer loop
      vertex 67.3827 -99.899 8.48
      vertex 68.5011 -101.557 8.48
      vertex 70.8281 -97.4865 8.48
    endloop
  endfacet
  facet normal 0 0 1
    outer loop
      vertex 67.3827 -99.899 8.48
      vertex 64.9151 -103.886 8.48
      vertex 68.5011 -101.557 8.48
    endloop
  endfacet
  facet normal -0 0 1
    outer loop
      vertex 63.8553 -102.19 8.48
      vertex 64.9151 -103.886 8.48
      vertex 67.3827 -99.899 8.48
    endloop
  endfacet
  facet normal 0 0 1
    outer loop
      vertex 63.8553 -102.19 8.48
      vertex 61.25 -106.088 8.48
      vertex 64.9151 -103.886 8.48
    endloop
  endfacet
  facet normal -0 0 1
    outer loop
      vertex 60.25 -104.356 8.48
      vertex 61.25 -106.088 8.48
      vertex 63.8553 -102.19 8.48
    endloop
  endfacet
  facet normal 0 0 1
    outer loop
      vertex 60.25 -104.356 8.48
      vertex 57.5103 -108.161 8.48
      vertex 61.25 -106.088 8.48
    endloop
  endfacet
  facet normal -0 0 1
    outer loop
      vertex 56.5713 -106.395 8.48
      vertex 57.5103 -108.161 8.48
      vertex 60.25 -104.356 8.48
    endloop
  endfacet
  facet normal 0 0 1
    outer loop
      vertex 56.5713 -106.395 8.48
      vertex 53.7005 -110.102 8.48
      vertex 57.5103 -108.161 8.48
    endloop
  endfacet
  facet normal -0 0 1
    outer loop
      vertex 52.8237 -108.305 8.48
      vertex 53.7005 -110.102 8.48
      vertex 56.5713 -106.395 8.48
    endloop
  endfacet
  facet normal 0 0 1
    outer loop
      vertex 52.8237 -108.305 8.48
      vertex 49.8252 -111.909 8.48
      vertex 53.7005 -110.102 8.48
    endloop
  endfacet
  facet normal -0 0 1
    outer loop
      vertex 49.0118 -110.082 8.48
      vertex 49.8252 -111.909 8.48
      vertex 52.8237 -108.305 8.48
    endloop
  endfacet
  facet normal 0 0 1
    outer loop
      vertex 49.0118 -110.082 8.48
      vertex 45.8893 -113.58 8.48
      vertex 49.8252 -111.909 8.48
    endloop
  endfacet
  facet normal -0 0 1
    outer loop
      vertex 45.1401 -111.726 8.48
      vertex 45.8893 -113.58 8.48
      vertex 49.0118 -110.082 8.48
    endloop
  endfacet
  facet normal 0 0 1
    outer loop
      vertex 45.1401 -111.726 8.48
      vertex 41.8975 -115.112 8.48
      vertex 45.8893 -113.58 8.48
    endloop
  endfacet
  facet normal -0 0 1
    outer loop
      vertex 41.2134 -113.233 8.48
      vertex 41.8975 -115.112 8.48
      vertex 45.1401 -111.726 8.48
    endloop
  endfacet
  facet normal 0 0 1
    outer loop
      vertex 41.2134 -113.233 8.48
      vertex 37.8546 -116.504 8.48
      vertex 41.8975 -115.112 8.48
    endloop
  endfacet
  facet normal -0 0 1
    outer loop
      vertex 37.2365 -114.602 8.48
      vertex 37.8546 -116.504 8.48
      vertex 41.2134 -113.233 8.48
    endloop
  endfacet
  facet normal 0 0 1
    outer loop
      vertex 37.2365 -114.602 8.48
      vertex 33.7656 -117.755 8.48
      vertex 37.8546 -116.504 8.48
    endloop
  endfacet
  facet normal -0 0 1
    outer loop
      vertex 33.2143 -115.832 8.48
      vertex 33.7656 -117.755 8.48
      vertex 37.2365 -114.602 8.48
    endloop
  endfacet
  facet normal -0 0 1
    outer loop
      vertex 31 -116.425 8.48
      vertex 33.7656 -117.755 8.48
      vertex 33.2143 -115.832 8.48
    endloop
  endfacet
  facet normal 0 0 1
    outer loop
      vertex 33.7656 -117.755 8.48
      vertex 31 -116.425 8.48
      vertex 31 -118.496 8.48
    endloop
  endfacet
  facet normal 0 0 1
    outer loop
      vertex -33.7656 -117.755 8.48
      vertex -31 -116.425 8.48
      vertex -33.2143 -115.832 8.48
    endloop
  endfacet
  facet normal 0 0 1
    outer loop
      vertex -31 -116.425 8.48
      vertex -33.7656 -117.755 8.48
      vertex -31 -118.496 8.48
    endloop
  endfacet
  facet normal 0 0 1
    outer loop
      vertex -37.2365 -114.602 8.48
      vertex -33.7656 -117.755 8.48
      vertex -33.2143 -115.832 8.48
    endloop
  endfacet
  facet normal 0 0 1
    outer loop
      vertex -37.2365 -114.602 8.48
      vertex -37.8546 -116.504 8.48
      vertex -33.7656 -117.755 8.48
    endloop
  endfacet
  facet normal 0 0 1
    outer loop
      vertex -41.2134 -113.233 8.48
      vertex -37.8546 -116.504 8.48
      vertex -37.2365 -114.602 8.48
    endloop
  endfacet
  facet normal 0 0 1
    outer loop
      vertex -41.2134 -113.233 8.48
      vertex -41.8975 -115.112 8.48
      vertex -37.8546 -116.504 8.48
    endloop
  endfacet
  facet normal 0 0 1
    outer loop
      vertex -45.1401 -111.726 8.48
      vertex -41.8975 -115.112 8.48
      vertex -41.2134 -113.233 8.48
    endloop
  endfacet
  facet normal 0 0 1
    outer loop
      vertex -45.1401 -111.726 8.48
      vertex -45.8893 -113.58 8.48
      vertex -41.8975 -115.112 8.48
    endloop
  endfacet
  facet normal 0 0 1
    outer loop
      vertex -49.0118 -110.082 8.48
      vertex -45.8893 -113.58 8.48
      vertex -45.1401 -111.726 8.48
    endloop
  endfacet
  facet normal 0 0 1
    outer loop
      vertex -49.0118 -110.082 8.48
      vertex -49.8252 -111.909 8.48
      vertex -45.8893 -113.58 8.48
    endloop
  endfacet
  facet normal 0 0 1
    outer loop
      vertex -52.8237 -108.305 8.48
      vertex -49.8252 -111.909 8.48
      vertex -49.0118 -110.082 8.48
    endloop
  endfacet
  facet normal 0 0 1
    outer loop
      vertex -52.8237 -108.305 8.48
      vertex -53.7005 -110.102 8.48
      vertex -49.8252 -111.909 8.48
    endloop
  endfacet
  facet normal 0 0 1
    outer loop
      vertex -56.5713 -106.395 8.48
      vertex -53.7005 -110.102 8.48
      vertex -52.8237 -108.305 8.48
    endloop
  endfacet
  facet normal 0 0 1
    outer loop
      vertex -56.5713 -106.395 8.48
      vertex -57.5103 -108.161 8.48
      vertex -53.7005 -110.102 8.48
    endloop
  endfacet
  facet normal 0 0 1
    outer loop
      vertex -60.25 -104.356 8.48
      vertex -57.5103 -108.161 8.48
      vertex -56.5713 -106.395 8.48
    endloop
  endfacet
  facet normal 0 0 1
    outer loop
      vertex -60.25 -104.356 8.48
      vertex -61.25 -106.088 8.48
      vertex -57.5103 -108.161 8.48
    endloop
  endfacet
  facet normal 0 0 1
    outer loop
      vertex -63.8553 -102.19 8.48
      vertex -61.25 -106.088 8.48
      vertex -60.25 -104.356 8.48
    endloop
  endfacet
  facet normal 0 0 1
    outer loop
      vertex -63.8553 -102.19 8.48
      vertex -64.9151 -103.886 8.48
      vertex -61.25 -106.088 8.48
    endloop
  endfacet
  facet normal 0 0 1
    outer loop
      vertex -67.3827 -99.899 8.48
      vertex -64.9151 -103.886 8.48
      vertex -63.8553 -102.19 8.48
    endloop
  endfacet
  facet normal 0 0 1
    outer loop
      vertex -67.3827 -99.899 8.48
      vertex -68.5011 -101.557 8.48
      vertex -64.9151 -103.886 8.48
    endloop
  endfacet
  facet normal 0 0 1
    outer loop
      vertex -70.8281 -97.4865 8.48
      vertex -68.5011 -101.557 8.48
      vertex -67.3827 -99.899 8.48
    endloop
  endfacet
  facet normal 0 0 1
    outer loop
      vertex -70.8281 -97.4865 8.48
      vertex -72.0037 -99.1046 8.48
      vertex -68.5011 -101.557 8.48
    endloop
  endfacet
  facet normal 0 0 1
    outer loop
      vertex -74.1872 -94.9553 8.48
      vertex -72.0037 -99.1046 8.48
      vertex -70.8281 -97.4865 8.48
    endloop
  endfacet
  facet normal 0 0 1
    outer loop
      vertex -74.1872 -94.9553 8.48
      vertex -75.4185 -96.5313 8.48
      vertex -72.0037 -99.1046 8.48
    endloop
  endfacet
  facet normal 0 0 1
    outer loop
      vertex -77.4559 -92.3084 8.48
      vertex -75.4185 -96.5313 8.48
      vertex -74.1872 -94.9553 8.48
    endloop
  endfacet
  facet normal 0 0 1
    outer loop
      vertex -77.4559 -92.3084 8.48
      vertex -78.7415 -93.8404 8.48
      vertex -75.4185 -96.5313 8.48
    endloop
  endfacet
  facet normal 0 0 1
    outer loop
      vertex -80.6302 -89.549 8.48
      vertex -78.7415 -93.8404 8.48
      vertex -77.4559 -92.3084 8.48
    endloop
  endfacet
  facet normal 0 0 1
    outer loop
      vertex -80.6302 -89.549 8.48
      vertex -81.9685 -91.0352 8.48
      vertex -78.7415 -93.8404 8.48
    endloop
  endfacet
  facet normal 0 0 1
    outer loop
      vertex -83.7063 -86.6804 8.48
      vertex -81.9685 -91.0352 8.48
      vertex -80.6302 -89.549 8.48
    endloop
  endfacet
  facet normal 0 0 1
    outer loop
      vertex -83.7063 -86.6804 8.48
      vertex -85.0956 -88.1191 8.48
      vertex -81.9685 -91.0352 8.48
    endloop
  endfacet
  facet normal 0 0 1
    outer loop
      vertex -86.6804 -83.7063 8.48
      vertex -85.0956 -88.1191 8.48
      vertex -83.7063 -86.6804 8.48
    endloop
  endfacet
  facet normal 0 0 1
    outer loop
      vertex -86.6804 -83.7063 8.48
      vertex -88.1191 -85.0956 8.48
      vertex -85.0956 -88.1191 8.48
    endloop
  endfacet
  facet normal 0 0 1
    outer loop
      vertex -89.549 -80.6302 8.48
      vertex -88.1191 -85.0956 8.48
      vertex -86.6804 -83.7063 8.48
    endloop
  endfacet
  facet normal 0 0 1
    outer loop
      vertex -89.549 -80.6302 8.48
      vertex -91.0352 -81.9685 8.48
      vertex -88.1191 -85.0956 8.48
    endloop
  endfacet
  facet normal 0 0 1
    outer loop
      vertex -92.3084 -77.4559 8.48
      vertex -91.0352 -81.9685 8.48
      vertex -89.549 -80.6302 8.48
    endloop
  endfacet
  facet normal 0 0 1
    outer loop
      vertex -92.3084 -77.4559 8.48
      vertex -93.8404 -78.7415 8.48
      vertex -91.0352 -81.9685 8.48
    endloop
  endfacet
  facet normal 0 0 1
    outer loop
      vertex -94.9553 -74.1872 8.48
      vertex -93.8404 -78.7415 8.48
      vertex -92.3084 -77.4559 8.48
    endloop
  endfacet
  facet normal 0 0 1
    outer loop
      vertex -94.9553 -74.1872 8.48
      vertex -96.5313 -75.4185 8.48
      vertex -93.8404 -78.7415 8.48
    endloop
  endfacet
  facet normal 0 0 1
    outer loop
      vertex -97.4865 -70.8281 8.48
      vertex -96.5313 -75.4185 8.48
      vertex -94.9553 -74.1872 8.48
    endloop
  endfacet
  facet normal 0 0 1
    outer loop
      vertex -97.4865 -70.8281 8.48
      vertex -99.1046 -72.0037 8.48
      vertex -96.5313 -75.4185 8.48
    endloop
  endfacet
  facet normal 0 0 1
    outer loop
      vertex -99.899 -67.3827 8.48
      vertex -99.1046 -72.0037 8.48
      vertex -97.4865 -70.8281 8.48
    endloop
  endfacet
  facet normal 0 0 1
    outer loop
      vertex -99.899 -67.3827 8.48
      vertex -101.557 -68.5011 8.48
      vertex -99.1046 -72.0037 8.48
    endloop
  endfacet
  facet normal 0 0 1
    outer loop
      vertex -102.19 -63.8553 8.48
      vertex -101.557 -68.5011 8.48
      vertex -99.899 -67.3827 8.48
    endloop
  endfacet
  facet normal 0 0 1
    outer loop
      vertex -102.19 -63.8553 8.48
      vertex -103.886 -64.9151 8.48
      vertex -101.557 -68.5011 8.48
    endloop
  endfacet
  facet normal 0 0 1
    outer loop
      vertex -104.356 -60.25 8.48
      vertex -103.886 -64.9151 8.48
      vertex -102.19 -63.8553 8.48
    endloop
  endfacet
  facet normal 0 0 1
    outer loop
      vertex -104.356 -60.25 8.48
      vertex -106.088 -61.25 8.48
      vertex -103.886 -64.9151 8.48
    endloop
  endfacet
  facet normal 0 0 1
    outer loop
      vertex -106.395 -56.5713 8.48
      vertex -106.088 -61.25 8.48
      vertex -104.356 -60.25 8.48
    endloop
  endfacet
  facet normal 0 0 1
    outer loop
      vertex -106.395 -56.5713 8.48
      vertex -108.161 -57.5103 8.48
      vertex -106.088 -61.25 8.48
    endloop
  endfacet
  facet normal 0 0 1
    outer loop
      vertex -108.305 -52.8237 8.48
      vertex -108.161 -57.5103 8.48
      vertex -106.395 -56.5713 8.48
    endloop
  endfacet
  facet normal 0 0 1
    outer loop
      vertex -110.102 -53.7005 8.48
      vertex -108.305 -52.8237 8.48
      vertex -110.082 -49.0118 8.48
    endloop
  endfacet
  facet normal 0 0 1
    outer loop
      vertex -108.305 -52.8237 8.48
      vertex -110.102 -53.7005 8.48
      vertex -108.161 -57.5103 8.48
    endloop
  endfacet
  facet normal 0 0 1
    outer loop
      vertex -111.909 -49.8252 8.48
      vertex -110.082 -49.0118 8.48
      vertex -111.726 -45.1401 8.48
    endloop
  endfacet
  facet normal 0 0 1
    outer loop
      vertex -110.082 -49.0118 8.48
      vertex -111.909 -49.8252 8.48
      vertex -110.102 -53.7005 8.48
    endloop
  endfacet
  facet normal 0 0 1
    outer loop
      vertex -113.58 -45.8893 8.48
      vertex -111.726 -45.1401 8.48
      vertex -113.233 -41.2134 8.48
    endloop
  endfacet
  facet normal 0 0 1
    outer loop
      vertex -111.726 -45.1401 8.48
      vertex -113.58 -45.8893 8.48
      vertex -111.909 -49.8252 8.48
    endloop
  endfacet
  facet normal 0 0 1
    outer loop
      vertex -115.112 -41.8975 8.48
      vertex -113.233 -41.2134 8.48
      vertex -114.602 -37.2365 8.48
    endloop
  endfacet
  facet normal 0 0 1
    outer loop
      vertex -113.233 -41.2134 8.48
      vertex -115.112 -41.8975 8.48
      vertex -113.58 -45.8893 8.48
    endloop
  endfacet
  facet normal 0 0 1
    outer loop
      vertex -116.504 -37.8546 8.48
      vertex -114.602 -37.2365 8.48
      vertex -115.832 -33.2143 8.48
    endloop
  endfacet
  facet normal 0 0 1
    outer loop
      vertex -114.602 -37.2365 8.48
      vertex -116.504 -37.8546 8.48
      vertex -115.112 -41.8975 8.48
    endloop
  endfacet
  facet normal 0 0 1
    outer loop
      vertex -117.755 -33.7656 8.48
      vertex -115.832 -33.2143 8.48
      vertex -116.921 -29.1516 8.48
    endloop
  endfacet
  facet normal 0 0 1
    outer loop
      vertex -115.832 -33.2143 8.48
      vertex -117.755 -33.7656 8.48
      vertex -116.504 -37.8546 8.48
    endloop
  endfacet
  facet normal 0 0 1
    outer loop
      vertex -118.861 -29.6354 8.48
      vertex -116.921 -29.1516 8.48
      vertex -117.867 -25.0534 8.48
    endloop
  endfacet
  facet normal 0 0 1
    outer loop
      vertex -119.823 -25.4692 8.48
      vertex -117.867 -25.0534 8.48
      vertex -118.669 -20.9246 8.48
    endloop
  endfacet
  facet normal 0 0 1
    outer loop
      vertex -116.921 -29.1516 8.48
      vertex -118.861 -29.6354 8.48
      vertex -117.755 -33.7656 8.48
    endloop
  endfacet
  facet normal 0 0 1
    outer loop
      vertex -120.639 -21.2719 8.48
      vertex -118.669 -20.9246 8.48
      vertex -119.327 -16.7704 8.48
    endloop
  endfacet
  facet normal 0 0 1
    outer loop
      vertex -117.867 -25.0534 8.48
      vertex -119.823 -25.4692 8.48
      vertex -118.861 -29.6354 8.48
    endloop
  endfacet
  facet normal 0 0 1
    outer loop
      vertex -121.308 -17.0487 8.48
      vertex -119.327 -16.7704 8.48
      vertex -119.84 -12.5957 8.48
    endloop
  endfacet
  facet normal 0 0 1
    outer loop
      vertex -121.829 -12.8047 8.48
      vertex -119.84 -12.5957 8.48
      vertex -120.206 -8.40565 8.48
    endloop
  endfacet
  facet normal 0 0 1
    outer loop
      vertex -122.202 -8.54517 8.48
      vertex -120.206 -8.40565 8.48
      vertex -120.427 -4.20539 8.48
    endloop
  endfacet
  facet normal 0 0 1
    outer loop
      vertex -118.669 -20.9246 8.48
      vertex -120.639 -21.2719 8.48
      vertex -119.823 -25.4692 8.48
    endloop
  endfacet
  facet normal 0 0 1
    outer loop
      vertex -122.425 -4.27519 8.48
      vertex -120.427 -4.20539 8.48
      vertex -120.5 0 8.48
    endloop
  endfacet
  facet normal -0 0 1
    outer loop
      vertex -122.202 8.54517 8.48
      vertex -120.206 8.40565 8.48
      vertex -121.829 12.8047 8.48
    endloop
  endfacet
  facet normal 0 0 1
    outer loop
      vertex -120.206 8.40565 8.48
      vertex -122.202 8.54517 8.48
      vertex -120.427 4.20539 8.48
    endloop
  endfacet
  facet normal 0 0 1
    outer loop
      vertex -119.327 -16.7704 8.48
      vertex -121.308 -17.0487 8.48
      vertex -120.639 -21.2719 8.48
    endloop
  endfacet
  facet normal -0 0 1
    outer loop
      vertex -122.425 4.27519 8.48
      vertex -120.427 4.20539 8.48
      vertex -122.202 8.54517 8.48
    endloop
  endfacet
  facet normal 0 0 1
    outer loop
      vertex -119.84 -12.5957 8.48
      vertex -121.829 -12.8047 8.48
      vertex -121.308 -17.0487 8.48
    endloop
  endfacet
  facet normal 0 0 1
    outer loop
      vertex -120.427 4.20539 8.48
      vertex -122.425 4.27519 8.48
      vertex -120.5 0 8.48
    endloop
  endfacet
  facet normal 0 0 1
    outer loop
      vertex -120.206 -8.40565 8.48
      vertex -122.202 -8.54517 8.48
      vertex -121.829 -12.8047 8.48
    endloop
  endfacet
  facet normal 0 0 1
    outer loop
      vertex -122.5 0 8.48
      vertex -120.5 0 8.48
      vertex -122.425 4.27519 8.48
    endloop
  endfacet
  facet normal 0 0 1
    outer loop
      vertex -120.427 -4.20539 8.48
      vertex -122.425 -4.27519 8.48
      vertex -122.202 -8.54517 8.48
    endloop
  endfacet
  facet normal 0 0 1
    outer loop
      vertex -120.5 0 8.48
      vertex -122.5 0 8.48
      vertex -122.425 -4.27519 8.48
    endloop
  endfacet
  facet normal 0.891025 -0.453955 0
    outer loop
      vertex 108.161 -57.5103 8.48
      vertex 110.102 -53.7005 0
      vertex 110.102 -53.7005 8.48
    endloop
  endfacet
  facet normal 0.891025 -0.453955 0
    outer loop
      vertex 110.102 -53.7005 0
      vertex 108.161 -57.5103 8.48
      vertex 108.161 -57.5103 0
    endloop
  endfacet
  facet normal 0.838647 0.544676 0
    outer loop
      vertex 103.886 64.9151 8.48
      vertex 101.557 68.5011 0
      vertex 101.557 68.5011 8.48
    endloop
  endfacet
  facet normal 0.838647 0.544676 0
    outer loop
      vertex 101.557 68.5011 0
      vertex 103.886 64.9151 8.48
      vertex 103.886 64.9151 0
    endloop
  endfacet
  facet normal -0.629319 0.777147 0
    outer loop
      vertex -75.4185 96.5313 0
      vertex -78.7415 93.8404 8.48
      vertex -75.4185 96.5313 8.48
    endloop
  endfacet
  facet normal -0.629319 0.777147 0
    outer loop
      vertex -78.7415 93.8404 8.48
      vertex -75.4185 96.5313 0
      vertex -78.7415 93.8404 0
    endloop
  endfacet
  facet normal -0.981622 0.190838 0
    outer loop
      vertex -120.639 21.2719 0
      vertex -119.823 25.4692 8.48
      vertex -119.823 25.4692 0
    endloop
  endfacet
  facet normal -0.981622 0.190838 0
    outer loop
      vertex -119.823 25.4692 8.48
      vertex -120.639 21.2719 0
      vertex -120.639 21.2719 8.48
    endloop
  endfacet
  facet normal 0.601825 0.798628 -0
    outer loop
      vertex 75.4185 96.5313 0
      vertex 72.0037 99.1046 8.48
      vertex 75.4185 96.5313 8.48
    endloop
  endfacet
  facet normal 0.601825 0.798628 0
    outer loop
      vertex 72.0037 99.1046 8.48
      vertex 75.4185 96.5313 0
      vertex 72.0037 99.1046 0
    endloop
  endfacet
  facet normal 0.874615 -0.484819 0
    outer loop
      vertex 106.088 -61.25 8.48
      vertex 108.161 -57.5103 0
      vertex 108.161 -57.5103 8.48
    endloop
  endfacet
  facet normal 0.874615 -0.484819 0
    outer loop
      vertex 108.161 -57.5103 0
      vertex 106.088 -61.25 8.48
      vertex 106.088 -61.25 0
    endloop
  endfacet
  facet normal 0.945524 0.325551 0
    outer loop
      vertex 116.504 37.8546 8.48
      vertex 115.112 41.8975 0
      vertex 115.112 41.8975 8.48
    endloop
  endfacet
  facet normal 0.945524 0.325551 0
    outer loop
      vertex 115.112 41.8975 0
      vertex 116.504 37.8546 8.48
      vertex 116.504 37.8546 0
    endloop
  endfacet
  facet normal 0.857189 -0.515001 0
    outer loop
      vertex 103.886 -64.9151 8.48
      vertex 106.088 -61.25 0
      vertex 106.088 -61.25 8.48
    endloop
  endfacet
  facet normal 0.857189 -0.515001 0
    outer loop
      vertex 106.088 -61.25 0
      vertex 103.886 -64.9151 8.48
      vertex 103.886 -64.9151 0
    endloop
  endfacet
  facet normal -0.73135 -0.682002 0
    outer loop
      vertex -88.1191 -85.0956 0
      vertex -91.0352 -81.9685 8.48
      vertex -91.0352 -81.9685 0
    endloop
  endfacet
  facet normal -0.73135 -0.682002 0
    outer loop
      vertex -91.0352 -81.9685 8.48
      vertex -88.1191 -85.0956 0
      vertex -88.1191 -85.0956 8.48
    endloop
  endfacet
  facet normal 0.573553 0.819168 -0
    outer loop
      vertex 72.0037 99.1046 0
      vertex 68.5011 101.557 8.48
      vertex 72.0037 99.1046 8.48
    endloop
  endfacet
  facet normal 0.573553 0.819168 0
    outer loop
      vertex 68.5011 101.557 8.48
      vertex 72.0037 99.1046 0
      vertex 68.5011 101.557 0
    endloop
  endfacet
  facet normal -0.601825 -0.798628 0
    outer loop
      vertex -75.4185 -96.5313 0
      vertex -72.0037 -99.1046 8.48
      vertex -75.4185 -96.5313 8.48
    endloop
  endfacet
  facet normal -0.601825 -0.798628 -0
    outer loop
      vertex -72.0037 -99.1046 8.48
      vertex -75.4185 -96.5313 0
      vertex -72.0037 -99.1046 0
    endloop
  endfacet
  facet normal 0.798628 -0.601825 0
    outer loop
      vertex 96.5313 -75.4185 8.48
      vertex 99.1046 -72.0037 0
      vertex 99.1046 -72.0037 8.48
    endloop
  endfacet
  facet normal 0.798628 -0.601825 0
    outer loop
      vertex 99.1046 -72.0037 0
      vertex 96.5313 -75.4185 8.48
      vertex 96.5313 -75.4185 0
    endloop
  endfacet
  facet normal 0.777147 0.629319 0
    outer loop
      vertex 96.5313 75.4185 8.48
      vertex 93.8404 78.7415 0
      vertex 93.8404 78.7415 8.48
    endloop
  endfacet
  facet normal 0.777147 0.629319 0
    outer loop
      vertex 93.8404 78.7415 0
      vertex 96.5313 75.4185 8.48
      vertex 96.5313 75.4185 0
    endloop
  endfacet
  facet normal 0.73135 0.682002 0
    outer loop
      vertex 91.0352 81.9685 8.48
      vertex 88.1191 85.0956 0
      vertex 88.1191 85.0956 8.48
    endloop
  endfacet
  facet normal 0.73135 0.682002 0
    outer loop
      vertex 88.1191 85.0956 0
      vertex 91.0352 81.9685 8.48
      vertex 91.0352 81.9685 0
    endloop
  endfacet
  facet normal -0.981622 -0.190838 0
    outer loop
      vertex -119.823 -25.4692 0
      vertex -120.639 -21.2719 8.48
      vertex -120.639 -21.2719 0
    endloop
  endfacet
  facet normal -0.981622 -0.190838 0
    outer loop
      vertex -120.639 -21.2719 8.48
      vertex -119.823 -25.4692 0
      vertex -119.823 -25.4692 8.48
    endloop
  endfacet
  facet normal 0.819168 0.573553 0
    outer loop
      vertex 101.557 68.5011 8.48
      vertex 99.1046 72.0037 0
      vertex 99.1046 72.0037 8.48
    endloop
  endfacet
  facet normal 0.819168 0.573553 0
    outer loop
      vertex 99.1046 72.0037 0
      vertex 101.557 68.5011 8.48
      vertex 101.557 68.5011 0
    endloop
  endfacet
  facet normal 0.838647 -0.544676 0
    outer loop
      vertex 101.557 -68.5011 8.48
      vertex 103.886 -64.9151 0
      vertex 103.886 -64.9151 8.48
    endloop
  endfacet
  facet normal 0.838647 -0.544676 0
    outer loop
      vertex 103.886 -64.9151 0
      vertex 101.557 -68.5011 8.48
      vertex 101.557 -68.5011 0
    endloop
  endfacet
  facet normal 0.707107 -0.707107 0
    outer loop
      vertex 85.0956 -88.1191 8.48
      vertex 88.1191 -85.0956 0
      vertex 88.1191 -85.0956 8.48
    endloop
  endfacet
  facet normal 0.707107 -0.707107 0
    outer loop
      vertex 88.1191 -85.0956 0
      vertex 85.0956 -88.1191 8.48
      vertex 85.0956 -88.1191 0
    endloop
  endfacet
  facet normal -0.777147 0.629319 0
    outer loop
      vertex -96.5313 75.4185 0
      vertex -93.8404 78.7415 8.48
      vertex -93.8404 78.7415 0
    endloop
  endfacet
  facet normal -0.777147 0.629319 0
    outer loop
      vertex -93.8404 78.7415 8.48
      vertex -96.5313 75.4185 0
      vertex -96.5313 75.4185 8.48
    endloop
  endfacet
  facet normal -0.601825 0.798628 0
    outer loop
      vertex -72.0037 99.1046 0
      vertex -75.4185 96.5313 8.48
      vertex -72.0037 99.1046 8.48
    endloop
  endfacet
  facet normal -0.601825 0.798628 0
    outer loop
      vertex -75.4185 96.5313 8.48
      vertex -72.0037 99.1046 0
      vertex -75.4185 96.5313 0
    endloop
  endfacet
  facet normal 0.857189 0.515001 0
    outer loop
      vertex 106.088 61.25 8.48
      vertex 103.886 64.9151 0
      vertex 103.886 64.9151 8.48
    endloop
  endfacet
  facet normal 0.857189 0.515001 0
    outer loop
      vertex 103.886 64.9151 0
      vertex 106.088 61.25 8.48
      vertex 106.088 61.25 0
    endloop
  endfacet
  facet normal -0.798628 0.601825 0
    outer loop
      vertex -99.1046 72.0037 0
      vertex -96.5313 75.4185 8.48
      vertex -96.5313 75.4185 0
    endloop
  endfacet
  facet normal -0.798628 0.601825 0
    outer loop
      vertex -96.5313 75.4185 8.48
      vertex -99.1046 72.0037 0
      vertex -99.1046 72.0037 8.48
    endloop
  endfacet
  facet normal -0.358305 -0.933605 0
    outer loop
      vertex -45.8893 -113.58 0
      vertex -41.8975 -115.112 8.48
      vertex -45.8893 -113.58 8.48
    endloop
  endfacet
  facet normal -0.358305 -0.933605 -0
    outer loop
      vertex -41.8975 -115.112 8.48
      vertex -45.8893 -113.58 0
      vertex -41.8975 -115.112 0
    endloop
  endfacet
  facet normal 0.224986 0.974362 -0
    outer loop
      vertex 29.6354 118.861 0
      vertex 25.4692 119.823 8.48
      vertex 29.6354 118.861 8.48
    endloop
  endfacet
  facet normal 0.224986 0.974362 0
    outer loop
      vertex 25.4692 119.823 8.48
      vertex 29.6354 118.861 0
      vertex 25.4692 119.823 0
    endloop
  endfacet
  facet normal 0.754708 -0.656061 0
    outer loop
      vertex 91.0352 -81.9685 8.48
      vertex 93.8404 -78.7415 0
      vertex 93.8404 -78.7415 8.48
    endloop
  endfacet
  facet normal 0.754708 -0.656061 0
    outer loop
      vertex 93.8404 -78.7415 0
      vertex 91.0352 -81.9685 8.48
      vertex 91.0352 -81.9685 0
    endloop
  endfacet
  facet normal -0.819168 0.573553 0
    outer loop
      vertex -101.557 68.5011 0
      vertex -99.1046 72.0037 8.48
      vertex -99.1046 72.0037 0
    endloop
  endfacet
  facet normal -0.819168 0.573553 0
    outer loop
      vertex -99.1046 72.0037 8.48
      vertex -101.557 68.5011 0
      vertex -101.557 68.5011 8.48
    endloop
  endfacet
  facet normal 0.956248 0.292557 0
    outer loop
      vertex 117.755 33.7656 8.48
      vertex 116.504 37.8546 0
      vertex 116.504 37.8546 8.48
    endloop
  endfacet
  facet normal 0.956248 0.292557 0
    outer loop
      vertex 116.504 37.8546 0
      vertex 117.755 33.7656 8.48
      vertex 117.755 33.7656 0
    endloop
  endfacet
  facet normal 0.358305 0.933605 -0
    outer loop
      vertex 45.8893 113.58 0
      vertex 41.8975 115.112 8.48
      vertex 45.8893 113.58 8.48
    endloop
  endfacet
  facet normal 0.358305 0.933605 0
    outer loop
      vertex 41.8975 115.112 8.48
      vertex 45.8893 113.58 0
      vertex 41.8975 115.112 0
    endloop
  endfacet
  facet normal 0.906315 -0.422602 0
    outer loop
      vertex 110.102 -53.7005 8.48
      vertex 111.909 -49.8252 0
      vertex 111.909 -49.8252 8.48
    endloop
  endfacet
  facet normal 0.906315 -0.422602 0
    outer loop
      vertex 111.909 -49.8252 0
      vertex 110.102 -53.7005 8.48
      vertex 110.102 -53.7005 0
    endloop
  endfacet
  facet normal 0.891025 0.453955 0
    outer loop
      vertex 110.102 53.7005 8.48
      vertex 108.161 57.5103 0
      vertex 108.161 57.5103 8.48
    endloop
  endfacet
  facet normal 0.891025 0.453955 0
    outer loop
      vertex 108.161 57.5103 0
      vertex 110.102 53.7005 8.48
      vertex 110.102 53.7005 0
    endloop
  endfacet
  facet normal -0.874615 0.484819 0
    outer loop
      vertex -108.161 57.5103 0
      vertex -106.088 61.25 8.48
      vertex -106.088 61.25 0
    endloop
  endfacet
  facet normal -0.874615 0.484819 0
    outer loop
      vertex -106.088 61.25 8.48
      vertex -108.161 57.5103 0
      vertex -108.161 57.5103 8.48
    endloop
  endfacet
  facet normal -0.819168 -0.573553 0
    outer loop
      vertex -99.1046 -72.0037 0
      vertex -101.557 -68.5011 8.48
      vertex -101.557 -68.5011 0
    endloop
  endfacet
  facet normal -0.819168 -0.573553 0
    outer loop
      vertex -101.557 -68.5011 8.48
      vertex -99.1046 -72.0037 0
      vertex -99.1046 -72.0037 8.48
    endloop
  endfacet
  facet normal 0.0872345 0.996188 -0
    outer loop
      vertex 12.8047 121.829 0
      vertex 8.54517 122.202 8.48
      vertex 12.8047 121.829 8.48
    endloop
  endfacet
  facet normal 0.0872345 0.996188 0
    outer loop
      vertex 8.54517 122.202 8.48
      vertex 12.8047 121.829 0
      vertex 8.54517 122.202 0
    endloop
  endfacet
  facet normal 0.682002 0.73135 -0
    outer loop
      vertex 85.0956 88.1191 0
      vertex 81.9685 91.0352 8.48
      vertex 85.0956 88.1191 8.48
    endloop
  endfacet
  facet normal 0.682002 0.73135 0
    outer loop
      vertex 81.9685 91.0352 8.48
      vertex 85.0956 88.1191 0
      vertex 81.9685 91.0352 0
    endloop
  endfacet
  facet normal 0.484819 -0.874615 0
    outer loop
      vertex 57.5103 -108.161 0
      vertex 61.25 -106.088 8.48
      vertex 57.5103 -108.161 8.48
    endloop
  endfacet
  facet normal 0.484819 -0.874615 0
    outer loop
      vertex 61.25 -106.088 8.48
      vertex 57.5103 -108.161 0
      vertex 61.25 -106.088 0
    endloop
  endfacet
  facet normal 0.292557 0.956248 -0
    outer loop
      vertex 37.8546 116.504 0
      vertex 33.7656 117.755 8.48
      vertex 37.8546 116.504 8.48
    endloop
  endfacet
  facet normal 0.292557 0.956248 0
    outer loop
      vertex 33.7656 117.755 8.48
      vertex 37.8546 116.504 0
      vertex 33.7656 117.755 0
    endloop
  endfacet
  facet normal 0.515001 0.857189 -0
    outer loop
      vertex 64.9151 103.886 0
      vertex 61.25 106.088 8.48
      vertex 64.9151 103.886 8.48
    endloop
  endfacet
  facet normal 0.515001 0.857189 0
    outer loop
      vertex 61.25 106.088 8.48
      vertex 64.9151 103.886 0
      vertex 61.25 106.088 0
    endloop
  endfacet
  facet normal -0.656061 -0.754708 0
    outer loop
      vertex -81.9685 -91.0352 0
      vertex -78.7415 -93.8404 8.48
      vertex -81.9685 -91.0352 8.48
    endloop
  endfacet
  facet normal -0.656061 -0.754708 -0
    outer loop
      vertex -78.7415 -93.8404 8.48
      vertex -81.9685 -91.0352 0
      vertex -78.7415 -93.8404 0
    endloop
  endfacet
  facet normal -0.0175404 0.999846 0
    outer loop
      vertex 0 122.5 0
      vertex -4.27519 122.425 8.48
      vertex 0 122.5 8.48
    endloop
  endfacet
  facet normal -0.0175404 0.999846 0
    outer loop
      vertex -4.27519 122.425 8.48
      vertex 0 122.5 0
      vertex -4.27519 122.425 0
    endloop
  endfacet
  facet normal 0.325551 0.945524 -0
    outer loop
      vertex 41.8975 115.112 0
      vertex 37.8546 116.504 8.48
      vertex 41.8975 115.112 8.48
    endloop
  endfacet
  facet normal 0.325551 0.945524 0
    outer loop
      vertex 37.8546 116.504 8.48
      vertex 41.8975 115.112 0
      vertex 37.8546 116.504 0
    endloop
  endfacet
  facet normal 0.422602 -0.906315 0
    outer loop
      vertex 49.8252 -111.909 0
      vertex 53.7005 -110.102 8.48
      vertex 49.8252 -111.909 8.48
    endloop
  endfacet
  facet normal 0.422602 -0.906315 0
    outer loop
      vertex 53.7005 -110.102 8.48
      vertex 49.8252 -111.909 0
      vertex 53.7005 -110.102 0
    endloop
  endfacet
  facet normal -0.390792 -0.920479 0
    outer loop
      vertex -49.8252 -111.909 0
      vertex -45.8893 -113.58 8.48
      vertex -49.8252 -111.909 8.48
    endloop
  endfacet
  facet normal -0.390792 -0.920479 -0
    outer loop
      vertex -45.8893 -113.58 8.48
      vertex -49.8252 -111.909 0
      vertex -45.8893 -113.58 0
    endloop
  endfacet
  facet normal 0.965966 -0.25867 0
    outer loop
      vertex 117.755 -33.7656 8.48
      vertex 118.861 -29.6354 0
      vertex 118.861 -29.6354 8.48
    endloop
  endfacet
  facet normal 0.965966 -0.25867 0
    outer loop
      vertex 118.861 -29.6354 0
      vertex 117.755 -33.7656 8.48
      vertex 117.755 -33.7656 0
    endloop
  endfacet
  facet normal -0.052154 0.998639 0
    outer loop
      vertex -4.27519 122.425 0
      vertex -8.54517 122.202 8.48
      vertex -4.27519 122.425 8.48
    endloop
  endfacet
  facet normal -0.052154 0.998639 0
    outer loop
      vertex -8.54517 122.202 8.48
      vertex -4.27519 122.425 0
      vertex -8.54517 122.202 0
    endloop
  endfacet
  facet normal -0.956248 0.292557 0
    outer loop
      vertex -117.755 33.7656 0
      vertex -116.504 37.8546 8.48
      vertex -116.504 37.8546 0
    endloop
  endfacet
  facet normal -0.956248 0.292557 0
    outer loop
      vertex -116.504 37.8546 8.48
      vertex -117.755 33.7656 0
      vertex -117.755 33.7656 8.48
    endloop
  endfacet
  facet normal 0.992549 0.121847 0
    outer loop
      vertex 121.829 12.8047 8.48
      vertex 121.308 17.0487 0
      vertex 121.308 17.0487 8.48
    endloop
  endfacet
  facet normal 0.992549 0.121847 0
    outer loop
      vertex 121.308 17.0487 0
      vertex 121.829 12.8047 8.48
      vertex 121.829 12.8047 0
    endloop
  endfacet
  facet normal -0.325551 -0.945524 0
    outer loop
      vertex -41.8975 -115.112 0
      vertex -37.8546 -116.504 8.48
      vertex -41.8975 -115.112 8.48
    endloop
  endfacet
  facet normal -0.325551 -0.945524 -0
    outer loop
      vertex -37.8546 -116.504 8.48
      vertex -41.8975 -115.112 0
      vertex -37.8546 -116.504 0
    endloop
  endfacet
  facet normal 0.292557 -0.956248 0
    outer loop
      vertex 33.7656 -117.755 0
      vertex 37.8546 -116.504 8.48
      vertex 33.7656 -117.755 8.48
    endloop
  endfacet
  facet normal 0.292557 -0.956248 0
    outer loop
      vertex 37.8546 -116.504 8.48
      vertex 33.7656 -117.755 0
      vertex 37.8546 -116.504 0
    endloop
  endfacet
  facet normal 0.121847 0.992549 -0
    outer loop
      vertex 17.0487 121.308 0
      vertex 12.8047 121.829 8.48
      vertex 17.0487 121.308 8.48
    endloop
  endfacet
  facet normal 0.121847 0.992549 0
    outer loop
      vertex 12.8047 121.829 8.48
      vertex 17.0487 121.308 0
      vertex 12.8047 121.829 0
    endloop
  endfacet
  facet normal -0.891025 -0.453955 0
    outer loop
      vertex -108.161 -57.5103 0
      vertex -110.102 -53.7005 8.48
      vertex -110.102 -53.7005 0
    endloop
  endfacet
  facet normal -0.891025 -0.453955 0
    outer loop
      vertex -110.102 -53.7005 8.48
      vertex -108.161 -57.5103 0
      vertex -108.161 -57.5103 8.48
    endloop
  endfacet
  facet normal 0.601825 -0.798628 0
    outer loop
      vertex 72.0037 -99.1046 0
      vertex 75.4185 -96.5313 8.48
      vertex 72.0037 -99.1046 8.48
    endloop
  endfacet
  facet normal 0.601825 -0.798628 0
    outer loop
      vertex 75.4185 -96.5313 8.48
      vertex 72.0037 -99.1046 0
      vertex 75.4185 -96.5313 0
    endloop
  endfacet
  facet normal 0.974362 0.224986 0
    outer loop
      vertex 119.823 25.4692 8.48
      vertex 118.861 29.6354 0
      vertex 118.861 29.6354 8.48
    endloop
  endfacet
  facet normal 0.974362 0.224986 0
    outer loop
      vertex 118.861 29.6354 0
      vertex 119.823 25.4692 8.48
      vertex 119.823 25.4692 0
    endloop
  endfacet
  facet normal -0.573553 0.819168 0
    outer loop
      vertex -68.5011 101.557 0
      vertex -72.0037 99.1046 8.48
      vertex -68.5011 101.557 8.48
    endloop
  endfacet
  facet normal -0.573553 0.819168 0
    outer loop
      vertex -72.0037 99.1046 8.48
      vertex -68.5011 101.557 0
      vertex -72.0037 99.1046 0
    endloop
  endfacet
  facet normal -0.754708 0.656061 0
    outer loop
      vertex -93.8404 78.7415 0
      vertex -91.0352 81.9685 8.48
      vertex -91.0352 81.9685 0
    endloop
  endfacet
  facet normal -0.754708 0.656061 0
    outer loop
      vertex -91.0352 81.9685 8.48
      vertex -93.8404 78.7415 0
      vertex -93.8404 78.7415 8.48
    endloop
  endfacet
  facet normal -0.933605 -0.358305 0
    outer loop
      vertex -113.58 -45.8893 0
      vertex -115.112 -41.8975 8.48
      vertex -115.112 -41.8975 0
    endloop
  endfacet
  facet normal -0.933605 -0.358305 0
    outer loop
      vertex -115.112 -41.8975 8.48
      vertex -113.58 -45.8893 0
      vertex -113.58 -45.8893 8.48
    endloop
  endfacet
  facet normal -0.945524 -0.325551 0
    outer loop
      vertex -115.112 -41.8975 0
      vertex -116.504 -37.8546 8.48
      vertex -116.504 -37.8546 0
    endloop
  endfacet
  facet normal -0.945524 -0.325551 0
    outer loop
      vertex -116.504 -37.8546 8.48
      vertex -115.112 -41.8975 0
      vertex -115.112 -41.8975 8.48
    endloop
  endfacet
  facet normal -0.121847 0.992549 0
    outer loop
      vertex -12.8047 121.829 0
      vertex -17.0487 121.308 8.48
      vertex -12.8047 121.829 8.48
    endloop
  endfacet
  facet normal -0.121847 0.992549 0
    outer loop
      vertex -17.0487 121.308 8.48
      vertex -12.8047 121.829 0
      vertex -17.0487 121.308 0
    endloop
  endfacet
  facet normal 0.258806 -0.965929 0
    outer loop
      vertex 31 -118.496 0
      vertex 33.7656 -117.755 8.48
      vertex 31 -118.496 8.48
    endloop
  endfacet
  facet normal 0.258806 -0.965929 0
    outer loop
      vertex 33.7656 -117.755 8.48
      vertex 31 -118.496 0
      vertex 33.7656 -117.755 0
    endloop
  endfacet
  facet normal 0.544676 -0.838647 0
    outer loop
      vertex 64.9151 -103.886 0
      vertex 68.5011 -101.557 8.48
      vertex 64.9151 -103.886 8.48
    endloop
  endfacet
  facet normal 0.544676 -0.838647 0
    outer loop
      vertex 68.5011 -101.557 8.48
      vertex 64.9151 -103.886 0
      vertex 68.5011 -101.557 0
    endloop
  endfacet
  facet normal 0.15646 0.987684 -0
    outer loop
      vertex 21.2719 120.639 0
      vertex 17.0487 121.308 8.48
      vertex 21.2719 120.639 8.48
    endloop
  endfacet
  facet normal 0.15646 0.987684 0
    outer loop
      vertex 17.0487 121.308 8.48
      vertex 21.2719 120.639 0
      vertex 17.0487 121.308 0
    endloop
  endfacet
  facet normal -0.996188 0.0872345 0
    outer loop
      vertex -122.202 8.54517 0
      vertex -121.829 12.8047 8.48
      vertex -121.829 12.8047 0
    endloop
  endfacet
  facet normal -0.996188 0.0872345 0
    outer loop
      vertex -121.829 12.8047 8.48
      vertex -122.202 8.54517 0
      vertex -122.202 8.54517 8.48
    endloop
  endfacet
  facet normal 0.945524 -0.325551 0
    outer loop
      vertex 115.112 -41.8975 8.48
      vertex 116.504 -37.8546 0
      vertex 116.504 -37.8546 8.48
    endloop
  endfacet
  facet normal 0.945524 -0.325551 0
    outer loop
      vertex 116.504 -37.8546 0
      vertex 115.112 -41.8975 8.48
      vertex 115.112 -41.8975 0
    endloop
  endfacet
  facet normal 0.819168 -0.573553 0
    outer loop
      vertex 99.1046 -72.0037 8.48
      vertex 101.557 -68.5011 0
      vertex 101.557 -68.5011 8.48
    endloop
  endfacet
  facet normal 0.819168 -0.573553 0
    outer loop
      vertex 101.557 -68.5011 0
      vertex 99.1046 -72.0037 8.48
      vertex 99.1046 -72.0037 0
    endloop
  endfacet
  facet normal 0.629319 -0.777147 0
    outer loop
      vertex 75.4185 -96.5313 0
      vertex 78.7415 -93.8404 8.48
      vertex 75.4185 -96.5313 8.48
    endloop
  endfacet
  facet normal 0.629319 -0.777147 0
    outer loop
      vertex 78.7415 -93.8404 8.48
      vertex 75.4185 -96.5313 0
      vertex 78.7415 -93.8404 0
    endloop
  endfacet
  facet normal -0.544676 0.838647 0
    outer loop
      vertex -64.9151 103.886 0
      vertex -68.5011 101.557 8.48
      vertex -64.9151 103.886 8.48
    endloop
  endfacet
  facet normal -0.544676 0.838647 0
    outer loop
      vertex -68.5011 101.557 8.48
      vertex -64.9151 103.886 0
      vertex -68.5011 101.557 0
    endloop
  endfacet
  facet normal 0.987684 0.15646 0
    outer loop
      vertex 121.308 17.0487 8.48
      vertex 120.639 21.2719 0
      vertex 120.639 21.2719 8.48
    endloop
  endfacet
  facet normal 0.987684 0.15646 0
    outer loop
      vertex 120.639 21.2719 0
      vertex 121.308 17.0487 8.48
      vertex 121.308 17.0487 0
    endloop
  endfacet
  facet normal 0.992549 -0.121847 0
    outer loop
      vertex 121.308 -17.0487 8.48
      vertex 121.829 -12.8047 0
      vertex 121.829 -12.8047 8.48
    endloop
  endfacet
  facet normal 0.992549 -0.121847 0
    outer loop
      vertex 121.829 -12.8047 0
      vertex 121.308 -17.0487 8.48
      vertex 121.308 -17.0487 0
    endloop
  endfacet
  facet normal -0.838647 0.544676 0
    outer loop
      vertex -103.886 64.9151 0
      vertex -101.557 68.5011 8.48
      vertex -101.557 68.5011 0
    endloop
  endfacet
  facet normal -0.838647 0.544676 0
    outer loop
      vertex -101.557 68.5011 8.48
      vertex -103.886 64.9151 0
      vertex -103.886 64.9151 8.48
    endloop
  endfacet
  facet normal -0.573553 -0.819168 0
    outer loop
      vertex -72.0037 -99.1046 0
      vertex -68.5011 -101.557 8.48
      vertex -72.0037 -99.1046 8.48
    endloop
  endfacet
  facet normal -0.573553 -0.819168 -0
    outer loop
      vertex -68.5011 -101.557 8.48
      vertex -72.0037 -99.1046 0
      vertex -68.5011 -101.557 0
    endloop
  endfacet
  facet normal -0.965966 -0.25867 0
    outer loop
      vertex -117.755 -33.7656 0
      vertex -118.861 -29.6354 8.48
      vertex -118.861 -29.6354 0
    endloop
  endfacet
  facet normal -0.965966 -0.25867 0
    outer loop
      vertex -118.861 -29.6354 8.48
      vertex -117.755 -33.7656 0
      vertex -117.755 -33.7656 8.48
    endloop
  endfacet
  facet normal 0.422602 0.906315 -0
    outer loop
      vertex 53.7005 110.102 0
      vertex 49.8252 111.909 8.48
      vertex 53.7005 110.102 8.48
    endloop
  endfacet
  facet normal 0.422602 0.906315 0
    outer loop
      vertex 49.8252 111.909 8.48
      vertex 53.7005 110.102 0
      vertex 49.8252 111.909 0
    endloop
  endfacet
  facet normal 0.484819 0.874615 -0
    outer loop
      vertex 61.25 106.088 0
      vertex 57.5103 108.161 8.48
      vertex 61.25 106.088 8.48
    endloop
  endfacet
  facet normal 0.484819 0.874615 0
    outer loop
      vertex 57.5103 108.161 8.48
      vertex 61.25 106.088 0
      vertex 57.5103 108.161 0
    endloop
  endfacet
  facet normal 0.190838 0.981622 -0
    outer loop
      vertex 25.4692 119.823 0
      vertex 21.2719 120.639 8.48
      vertex 25.4692 119.823 8.48
    endloop
  endfacet
  facet normal 0.190838 0.981622 0
    outer loop
      vertex 21.2719 120.639 8.48
      vertex 25.4692 119.823 0
      vertex 21.2719 120.639 0
    endloop
  endfacet
  facet normal -0.0872345 0.996188 0
    outer loop
      vertex -8.54517 122.202 0
      vertex -12.8047 121.829 8.48
      vertex -8.54517 122.202 8.48
    endloop
  endfacet
  facet normal -0.0872345 0.996188 0
    outer loop
      vertex -12.8047 121.829 8.48
      vertex -8.54517 122.202 0
      vertex -12.8047 121.829 0
    endloop
  endfacet
  facet normal 0.656061 -0.754708 0
    outer loop
      vertex 78.7415 -93.8404 0
      vertex 81.9685 -91.0352 8.48
      vertex 78.7415 -93.8404 8.48
    endloop
  endfacet
  facet normal 0.656061 -0.754708 0
    outer loop
      vertex 81.9685 -91.0352 8.48
      vertex 78.7415 -93.8404 0
      vertex 81.9685 -91.0352 0
    endloop
  endfacet
  facet normal 0.390792 -0.920479 0
    outer loop
      vertex 45.8893 -113.58 0
      vertex 49.8252 -111.909 8.48
      vertex 45.8893 -113.58 8.48
    endloop
  endfacet
  facet normal 0.390792 -0.920479 0
    outer loop
      vertex 49.8252 -111.909 8.48
      vertex 45.8893 -113.58 0
      vertex 49.8252 -111.909 0
    endloop
  endfacet
  facet normal 0.707107 0.707107 0
    outer loop
      vertex 88.1191 85.0956 8.48
      vertex 85.0956 88.1191 0
      vertex 85.0956 88.1191 8.48
    endloop
  endfacet
  facet normal 0.707107 0.707107 0
    outer loop
      vertex 85.0956 88.1191 0
      vertex 88.1191 85.0956 8.48
      vertex 88.1191 85.0956 0
    endloop
  endfacet
  facet normal -0.838647 -0.544676 0
    outer loop
      vertex -101.557 -68.5011 0
      vertex -103.886 -64.9151 8.48
      vertex -103.886 -64.9151 0
    endloop
  endfacet
  facet normal -0.838647 -0.544676 0
    outer loop
      vertex -103.886 -64.9151 8.48
      vertex -101.557 -68.5011 0
      vertex -101.557 -68.5011 8.48
    endloop
  endfacet
  facet normal 0.874615 0.484819 0
    outer loop
      vertex 108.161 57.5103 8.48
      vertex 106.088 61.25 0
      vertex 106.088 61.25 8.48
    endloop
  endfacet
  facet normal 0.874615 0.484819 0
    outer loop
      vertex 106.088 61.25 0
      vertex 108.161 57.5103 8.48
      vertex 108.161 57.5103 0
    endloop
  endfacet
  facet normal -0.707107 -0.707107 0
    outer loop
      vertex -85.0956 -88.1191 0
      vertex -88.1191 -85.0956 8.48
      vertex -88.1191 -85.0956 0
    endloop
  endfacet
  facet normal -0.707107 -0.707107 0
    outer loop
      vertex -88.1191 -85.0956 8.48
      vertex -85.0956 -88.1191 0
      vertex -85.0956 -88.1191 8.48
    endloop
  endfacet
  facet normal -0.999846 0.0175404 0
    outer loop
      vertex -122.5 0 0
      vertex -122.425 4.27519 8.48
      vertex -122.425 4.27519 0
    endloop
  endfacet
  facet normal -0.999846 0.0175404 0
    outer loop
      vertex -122.425 4.27519 8.48
      vertex -122.5 0 0
      vertex -122.5 0 8.48
    endloop
  endfacet
  facet normal -0.422602 -0.906315 0
    outer loop
      vertex -53.7005 -110.102 0
      vertex -49.8252 -111.909 8.48
      vertex -53.7005 -110.102 8.48
    endloop
  endfacet
  facet normal -0.422602 -0.906315 -0
    outer loop
      vertex -49.8252 -111.909 8.48
      vertex -53.7005 -110.102 0
      vertex -49.8252 -111.909 0
    endloop
  endfacet
  facet normal -0.754708 -0.656061 0
    outer loop
      vertex -91.0352 -81.9685 0
      vertex -93.8404 -78.7415 8.48
      vertex -93.8404 -78.7415 0
    endloop
  endfacet
  facet normal -0.754708 -0.656061 0
    outer loop
      vertex -93.8404 -78.7415 8.48
      vertex -91.0352 -81.9685 0
      vertex -91.0352 -81.9685 8.48
    endloop
  endfacet
  facet normal 0.974362 -0.224986 0
    outer loop
      vertex 118.861 -29.6354 8.48
      vertex 119.823 -25.4692 0
      vertex 119.823 -25.4692 8.48
    endloop
  endfacet
  facet normal 0.974362 -0.224986 0
    outer loop
      vertex 119.823 -25.4692 0
      vertex 118.861 -29.6354 8.48
      vertex 118.861 -29.6354 0
    endloop
  endfacet
  facet normal -0.974362 0.224986 0
    outer loop
      vertex -119.823 25.4692 0
      vertex -118.861 29.6354 8.48
      vertex -118.861 29.6354 0
    endloop
  endfacet
  facet normal -0.974362 0.224986 0
    outer loop
      vertex -118.861 29.6354 8.48
      vertex -119.823 25.4692 0
      vertex -119.823 25.4692 8.48
    endloop
  endfacet
  facet normal -0.73135 0.682002 0
    outer loop
      vertex -91.0352 81.9685 0
      vertex -88.1191 85.0956 8.48
      vertex -88.1191 85.0956 0
    endloop
  endfacet
  facet normal -0.73135 0.682002 0
    outer loop
      vertex -88.1191 85.0956 8.48
      vertex -91.0352 81.9685 0
      vertex -91.0352 81.9685 8.48
    endloop
  endfacet
  facet normal 0.999846 -0.0175404 0
    outer loop
      vertex 122.425 -4.27519 8.48
      vertex 122.5 0 0
      vertex 122.5 0 8.48
    endloop
  endfacet
  facet normal 0.999846 -0.0175404 0
    outer loop
      vertex 122.5 0 0
      vertex 122.425 -4.27519 8.48
      vertex 122.425 -4.27519 0
    endloop
  endfacet
  facet normal 0.358305 -0.933605 0
    outer loop
      vertex 41.8975 -115.112 0
      vertex 45.8893 -113.58 8.48
      vertex 41.8975 -115.112 8.48
    endloop
  endfacet
  facet normal 0.358305 -0.933605 0
    outer loop
      vertex 45.8893 -113.58 8.48
      vertex 41.8975 -115.112 0
      vertex 45.8893 -113.58 0
    endloop
  endfacet
  facet normal -0.292557 -0.956248 0
    outer loop
      vertex -37.8546 -116.504 0
      vertex -33.7656 -117.755 8.48
      vertex -37.8546 -116.504 8.48
    endloop
  endfacet
  facet normal -0.292557 -0.956248 -0
    outer loop
      vertex -33.7656 -117.755 8.48
      vertex -37.8546 -116.504 0
      vertex -33.7656 -117.755 0
    endloop
  endfacet
  facet normal -0.292557 0.956248 0
    outer loop
      vertex -33.7656 117.755 0
      vertex -37.8546 116.504 8.48
      vertex -33.7656 117.755 8.48
    endloop
  endfacet
  facet normal -0.292557 0.956248 0
    outer loop
      vertex -37.8546 116.504 8.48
      vertex -33.7656 117.755 0
      vertex -37.8546 116.504 0
    endloop
  endfacet
  facet normal 0.573553 -0.819168 0
    outer loop
      vertex 68.5011 -101.557 0
      vertex 72.0037 -99.1046 8.48
      vertex 68.5011 -101.557 8.48
    endloop
  endfacet
  facet normal 0.573553 -0.819168 0
    outer loop
      vertex 72.0037 -99.1046 8.48
      vertex 68.5011 -101.557 0
      vertex 72.0037 -99.1046 0
    endloop
  endfacet
  facet normal -0.874615 -0.484819 0
    outer loop
      vertex -106.088 -61.25 0
      vertex -108.161 -57.5103 8.48
      vertex -108.161 -57.5103 0
    endloop
  endfacet
  facet normal -0.874615 -0.484819 0
    outer loop
      vertex -108.161 -57.5103 8.48
      vertex -106.088 -61.25 0
      vertex -106.088 -61.25 8.48
    endloop
  endfacet
  facet normal -0.998639 0.052154 0
    outer loop
      vertex -122.425 4.27519 0
      vertex -122.202 8.54517 8.48
      vertex -122.202 8.54517 0
    endloop
  endfacet
  facet normal -0.998639 0.052154 0
    outer loop
      vertex -122.202 8.54517 8.48
      vertex -122.425 4.27519 0
      vertex -122.425 4.27519 8.48
    endloop
  endfacet
  facet normal 0.25867 0.965966 -0
    outer loop
      vertex 33.7656 117.755 0
      vertex 29.6354 118.861 8.48
      vertex 33.7656 117.755 8.48
    endloop
  endfacet
  facet normal 0.25867 0.965966 0
    outer loop
      vertex 29.6354 118.861 8.48
      vertex 33.7656 117.755 0
      vertex 29.6354 118.861 0
    endloop
  endfacet
  facet normal -0.956248 -0.292557 0
    outer loop
      vertex -116.504 -37.8546 0
      vertex -117.755 -33.7656 8.48
      vertex -117.755 -33.7656 0
    endloop
  endfacet
  facet normal -0.956248 -0.292557 0
    outer loop
      vertex -117.755 -33.7656 8.48
      vertex -116.504 -37.8546 0
      vertex -116.504 -37.8546 8.48
    endloop
  endfacet
  facet normal -0.15646 0.987684 0
    outer loop
      vertex -17.0487 121.308 0
      vertex -21.2719 120.639 8.48
      vertex -17.0487 121.308 8.48
    endloop
  endfacet
  facet normal -0.15646 0.987684 0
    outer loop
      vertex -21.2719 120.639 8.48
      vertex -17.0487 121.308 0
      vertex -21.2719 120.639 0
    endloop
  endfacet
  facet normal -0.920479 -0.390792 0
    outer loop
      vertex -111.909 -49.8252 0
      vertex -113.58 -45.8893 8.48
      vertex -113.58 -45.8893 0
    endloop
  endfacet
  facet normal -0.920479 -0.390792 0
    outer loop
      vertex -113.58 -45.8893 8.48
      vertex -111.909 -49.8252 0
      vertex -111.909 -49.8252 8.48
    endloop
  endfacet
  facet normal -0.484819 -0.874615 0
    outer loop
      vertex -61.25 -106.088 0
      vertex -57.5103 -108.161 8.48
      vertex -61.25 -106.088 8.48
    endloop
  endfacet
  facet normal -0.484819 -0.874615 -0
    outer loop
      vertex -57.5103 -108.161 8.48
      vertex -61.25 -106.088 0
      vertex -57.5103 -108.161 0
    endloop
  endfacet
  facet normal 0.682002 -0.73135 0
    outer loop
      vertex 81.9685 -91.0352 0
      vertex 85.0956 -88.1191 8.48
      vertex 81.9685 -91.0352 8.48
    endloop
  endfacet
  facet normal 0.682002 -0.73135 0
    outer loop
      vertex 85.0956 -88.1191 8.48
      vertex 81.9685 -91.0352 0
      vertex 85.0956 -88.1191 0
    endloop
  endfacet
  facet normal -0.682002 -0.73135 0
    outer loop
      vertex -85.0956 -88.1191 0
      vertex -81.9685 -91.0352 8.48
      vertex -85.0956 -88.1191 8.48
    endloop
  endfacet
  facet normal -0.682002 -0.73135 -0
    outer loop
      vertex -81.9685 -91.0352 8.48
      vertex -85.0956 -88.1191 0
      vertex -81.9685 -91.0352 0
    endloop
  endfacet
  facet normal 0.920479 -0.390792 0
    outer loop
      vertex 111.909 -49.8252 8.48
      vertex 113.58 -45.8893 0
      vertex 113.58 -45.8893 8.48
    endloop
  endfacet
  facet normal 0.920479 -0.390792 0
    outer loop
      vertex 113.58 -45.8893 0
      vertex 111.909 -49.8252 8.48
      vertex 111.909 -49.8252 0
    endloop
  endfacet
  facet normal -0.629319 -0.777147 0
    outer loop
      vertex -78.7415 -93.8404 0
      vertex -75.4185 -96.5313 8.48
      vertex -78.7415 -93.8404 8.48
    endloop
  endfacet
  facet normal -0.629319 -0.777147 -0
    outer loop
      vertex -75.4185 -96.5313 8.48
      vertex -78.7415 -93.8404 0
      vertex -75.4185 -96.5313 0
    endloop
  endfacet
  facet normal 0.544676 0.838647 -0
    outer loop
      vertex 68.5011 101.557 0
      vertex 64.9151 103.886 8.48
      vertex 68.5011 101.557 8.48
    endloop
  endfacet
  facet normal 0.544676 0.838647 0
    outer loop
      vertex 64.9151 103.886 8.48
      vertex 68.5011 101.557 0
      vertex 64.9151 103.886 0
    endloop
  endfacet
  facet normal 0.754708 0.656061 0
    outer loop
      vertex 93.8404 78.7415 8.48
      vertex 91.0352 81.9685 0
      vertex 91.0352 81.9685 8.48
    endloop
  endfacet
  facet normal 0.754708 0.656061 0
    outer loop
      vertex 91.0352 81.9685 0
      vertex 93.8404 78.7415 8.48
      vertex 93.8404 78.7415 0
    endloop
  endfacet
  facet normal -0.906315 0.422602 0
    outer loop
      vertex -111.909 49.8252 0
      vertex -110.102 53.7005 8.48
      vertex -110.102 53.7005 0
    endloop
  endfacet
  facet normal -0.906315 0.422602 0
    outer loop
      vertex -110.102 53.7005 8.48
      vertex -111.909 49.8252 0
      vertex -111.909 49.8252 8.48
    endloop
  endfacet
  facet normal -0.453955 0.891025 0
    outer loop
      vertex -53.7005 110.102 0
      vertex -57.5103 108.161 8.48
      vertex -53.7005 110.102 8.48
    endloop
  endfacet
  facet normal -0.453955 0.891025 0
    outer loop
      vertex -57.5103 108.161 8.48
      vertex -53.7005 110.102 0
      vertex -57.5103 108.161 0
    endloop
  endfacet
  facet normal -0.987684 -0.15646 0
    outer loop
      vertex -120.639 -21.2719 0
      vertex -121.308 -17.0487 8.48
      vertex -121.308 -17.0487 0
    endloop
  endfacet
  facet normal -0.987684 -0.15646 0
    outer loop
      vertex -121.308 -17.0487 8.48
      vertex -120.639 -21.2719 0
      vertex -120.639 -21.2719 8.48
    endloop
  endfacet
  facet normal -0.992549 -0.121847 0
    outer loop
      vertex -121.308 -17.0487 0
      vertex -121.829 -12.8047 8.48
      vertex -121.829 -12.8047 0
    endloop
  endfacet
  facet normal -0.992549 -0.121847 0
    outer loop
      vertex -121.829 -12.8047 8.48
      vertex -121.308 -17.0487 0
      vertex -121.308 -17.0487 8.48
    endloop
  endfacet
  facet normal -0.544676 -0.838647 0
    outer loop
      vertex -68.5011 -101.557 0
      vertex -64.9151 -103.886 8.48
      vertex -68.5011 -101.557 8.48
    endloop
  endfacet
  facet normal -0.544676 -0.838647 -0
    outer loop
      vertex -64.9151 -103.886 8.48
      vertex -68.5011 -101.557 0
      vertex -64.9151 -103.886 0
    endloop
  endfacet
  facet normal -0.453955 -0.891025 0
    outer loop
      vertex -57.5103 -108.161 0
      vertex -53.7005 -110.102 8.48
      vertex -57.5103 -108.161 8.48
    endloop
  endfacet
  facet normal -0.453955 -0.891025 -0
    outer loop
      vertex -53.7005 -110.102 8.48
      vertex -57.5103 -108.161 0
      vertex -53.7005 -110.102 0
    endloop
  endfacet
  facet normal -0.920479 0.390792 0
    outer loop
      vertex -113.58 45.8893 0
      vertex -111.909 49.8252 8.48
      vertex -111.909 49.8252 0
    endloop
  endfacet
  facet normal -0.920479 0.390792 0
    outer loop
      vertex -111.909 49.8252 8.48
      vertex -113.58 45.8893 0
      vertex -113.58 45.8893 8.48
    endloop
  endfacet
  facet normal -0.857189 -0.515001 0
    outer loop
      vertex -103.886 -64.9151 0
      vertex -106.088 -61.25 8.48
      vertex -106.088 -61.25 0
    endloop
  endfacet
  facet normal -0.857189 -0.515001 0
    outer loop
      vertex -106.088 -61.25 8.48
      vertex -103.886 -64.9151 0
      vertex -103.886 -64.9151 8.48
    endloop
  endfacet
  facet normal -0.258806 -0.965929 0
    outer loop
      vertex -33.7656 -117.755 0
      vertex -31 -118.496 8.48
      vertex -33.7656 -117.755 8.48
    endloop
  endfacet
  facet normal -0.258806 -0.965929 -0
    outer loop
      vertex -31 -118.496 8.48
      vertex -33.7656 -117.755 0
      vertex -31 -118.496 0
    endloop
  endfacet
  facet normal -0.422602 0.906315 0
    outer loop
      vertex -49.8252 111.909 0
      vertex -53.7005 110.102 8.48
      vertex -49.8252 111.909 8.48
    endloop
  endfacet
  facet normal -0.422602 0.906315 0
    outer loop
      vertex -53.7005 110.102 8.48
      vertex -49.8252 111.909 0
      vertex -53.7005 110.102 0
    endloop
  endfacet
  facet normal -0.992549 0.121847 0
    outer loop
      vertex -121.829 12.8047 0
      vertex -121.308 17.0487 8.48
      vertex -121.308 17.0487 0
    endloop
  endfacet
  facet normal -0.992549 0.121847 0
    outer loop
      vertex -121.308 17.0487 8.48
      vertex -121.829 12.8047 0
      vertex -121.829 12.8047 8.48
    endloop
  endfacet
  facet normal -0.515001 -0.857189 0
    outer loop
      vertex -64.9151 -103.886 0
      vertex -61.25 -106.088 8.48
      vertex -64.9151 -103.886 8.48
    endloop
  endfacet
  facet normal -0.515001 -0.857189 -0
    outer loop
      vertex -61.25 -106.088 8.48
      vertex -64.9151 -103.886 0
      vertex -61.25 -106.088 0
    endloop
  endfacet
  facet normal -0.965966 0.25867 0
    outer loop
      vertex -118.861 29.6354 0
      vertex -117.755 33.7656 8.48
      vertex -117.755 33.7656 0
    endloop
  endfacet
  facet normal -0.965966 0.25867 0
    outer loop
      vertex -117.755 33.7656 8.48
      vertex -118.861 29.6354 0
      vertex -118.861 29.6354 8.48
    endloop
  endfacet
  facet normal -0.857189 0.515001 0
    outer loop
      vertex -106.088 61.25 0
      vertex -103.886 64.9151 8.48
      vertex -103.886 64.9151 0
    endloop
  endfacet
  facet normal -0.857189 0.515001 0
    outer loop
      vertex -103.886 64.9151 8.48
      vertex -106.088 61.25 0
      vertex -106.088 61.25 8.48
    endloop
  endfacet
  facet normal -0.906315 -0.422602 0
    outer loop
      vertex -110.102 -53.7005 0
      vertex -111.909 -49.8252 8.48
      vertex -111.909 -49.8252 0
    endloop
  endfacet
  facet normal -0.906315 -0.422602 0
    outer loop
      vertex -111.909 -49.8252 8.48
      vertex -110.102 -53.7005 0
      vertex -110.102 -53.7005 8.48
    endloop
  endfacet
  facet normal 0.514989 -0.857197 0
    outer loop
      vertex -63.8553 102.19 3.5
      vertex -60.25 104.356 8.48
      vertex -63.8553 102.19 8.48
    endloop
  endfacet
  facet normal 0.514989 -0.857197 0
    outer loop
      vertex -60.25 104.356 8.48
      vertex -63.8553 102.19 3.5
      vertex -60.25 104.356 3.5
    endloop
  endfacet
  facet normal -0.906355 -0.422517 0
    outer loop
      vertex 110.082 49.0118 3.5
      vertex 108.305 52.8237 8.48
      vertex 108.305 52.8237 3.5
    endloop
  endfacet
  facet normal -0.906355 -0.422517 0
    outer loop
      vertex 108.305 52.8237 8.48
      vertex 110.082 49.0118 3.5
      vertex 110.082 49.0118 8.48
    endloop
  endfacet
  facet normal -0.998619 0.0525431 0
    outer loop
      vertex 120.206 -8.40565 3.5
      vertex 120.427 -4.20539 8.48
      vertex 120.427 -4.20539 3.5
    endloop
  endfacet
  facet normal -0.998619 0.0525431 0
    outer loop
      vertex 120.427 -4.20539 8.48
      vertex 120.206 -8.40565 3.5
      vertex 120.206 -8.40565 8.48
    endloop
  endfacet
  facet normal -0.544686 0.83864 0
    outer loop
      vertex 67.3827 -99.899 3.5
      vertex 63.8553 -102.19 8.48
      vertex 67.3827 -99.899 8.48
    endloop
  endfacet
  facet normal -0.544686 0.83864 0
    outer loop
      vertex 63.8553 -102.19 8.48
      vertex 67.3827 -99.899 3.5
      vertex 63.8553 -102.19 3.5
    endloop
  endfacet
  facet normal 0.292435 0.956285 -0
    outer loop
      vertex -33.2143 -115.832 3.5
      vertex -37.2365 -114.602 8.48
      vertex -33.2143 -115.832 8.48
    endloop
  endfacet
  facet normal 0.292435 0.956285 0
    outer loop
      vertex -37.2365 -114.602 8.48
      vertex -33.2143 -115.832 3.5
      vertex -37.2365 -114.602 3.5
    endloop
  endfacet
  facet normal 0.890958 -0.454085 0
    outer loop
      vertex -108.305 52.8237 8.48
      vertex -106.395 56.5713 3.5
      vertex -106.395 56.5713 8.48
    endloop
  endfacet
  facet normal 0.890958 -0.454085 0
    outer loop
      vertex -106.395 56.5713 3.5
      vertex -108.305 52.8237 8.48
      vertex -108.305 52.8237 3.5
    endloop
  endfacet
  facet normal -0.83864 -0.544686 0
    outer loop
      vertex 102.19 63.8553 3.5
      vertex 99.899 67.3827 8.48
      vertex 99.899 67.3827 3.5
    endloop
  endfacet
  facet normal -0.83864 -0.544686 0
    outer loop
      vertex 99.899 67.3827 8.48
      vertex 102.19 63.8553 3.5
      vertex 102.19 63.8553 8.48
    endloop
  endfacet
  facet normal 0.819151 -0.573577 0
    outer loop
      vertex -99.899 67.3827 8.48
      vertex -97.4865 70.8281 3.5
      vertex -97.4865 70.8281 8.48
    endloop
  endfacet
  facet normal 0.819151 -0.573577 0
    outer loop
      vertex -97.4865 70.8281 3.5
      vertex -99.899 67.3827 8.48
      vertex -99.899 67.3827 3.5
    endloop
  endfacet
  facet normal 0.987687 0.156444 0
    outer loop
      vertex -118.669 -20.9246 8.48
      vertex -119.327 -16.7704 3.5
      vertex -119.327 -16.7704 8.48
    endloop
  endfacet
  facet normal 0.987687 0.156444 0
    outer loop
      vertex -119.327 -16.7704 3.5
      vertex -118.669 -20.9246 8.48
      vertex -118.669 -20.9246 3.5
    endloop
  endfacet
  facet normal 0.798643 0.601805 0
    outer loop
      vertex -94.9553 -74.1872 8.48
      vertex -97.4865 -70.8281 3.5
      vertex -97.4865 -70.8281 8.48
    endloop
  endfacet
  facet normal 0.798643 0.601805 0
    outer loop
      vertex -97.4865 -70.8281 3.5
      vertex -94.9553 -74.1872 8.48
      vertex -94.9553 -74.1872 3.5
    endloop
  endfacet
  facet normal 0.224919 -0.974378 0
    outer loop
      vertex -29.1516 116.921 3.5
      vertex -25.0534 117.867 8.48
      vertex -29.1516 116.921 8.48
    endloop
  endfacet
  facet normal 0.224919 -0.974378 0
    outer loop
      vertex -25.0534 117.867 8.48
      vertex -29.1516 116.921 3.5
      vertex -25.0534 117.867 3.5
    endloop
  endfacet
  facet normal 0.981652 0.190681 0
    outer loop
      vertex -117.867 -25.0534 8.48
      vertex -118.669 -20.9246 3.5
      vertex -118.669 -20.9246 8.48
    endloop
  endfacet
  facet normal 0.981652 0.190681 0
    outer loop
      vertex -118.669 -20.9246 3.5
      vertex -117.867 -25.0534 8.48
      vertex -117.867 -25.0534 3.5
    endloop
  endfacet
  facet normal -0.358302 0.933606 0
    outer loop
      vertex 45.1401 -111.726 3.5
      vertex 41.2134 -113.233 8.48
      vertex 45.1401 -111.726 8.48
    endloop
  endfacet
  facet normal -0.358302 0.933606 0
    outer loop
      vertex 41.2134 -113.233 8.48
      vertex 45.1401 -111.726 3.5
      vertex 41.2134 -113.233 3.5
    endloop
  endfacet
  facet normal -0.956285 -0.292435 0
    outer loop
      vertex 115.832 33.2143 3.5
      vertex 114.602 37.2365 8.48
      vertex 114.602 37.2365 3.5
    endloop
  endfacet
  facet normal -0.956285 -0.292435 0
    outer loop
      vertex 114.602 37.2365 8.48
      vertex 115.832 33.2143 3.5
      vertex 115.832 33.2143 8.48
    endloop
  endfacet
  facet normal 0.358302 0.933606 -0
    outer loop
      vertex -41.2134 -113.233 3.5
      vertex -45.1401 -111.726 8.48
      vertex -41.2134 -113.233 8.48
    endloop
  endfacet
  facet normal 0.358302 0.933606 0
    outer loop
      vertex -45.1401 -111.726 8.48
      vertex -41.2134 -113.233 3.5
      vertex -45.1401 -111.726 3.5
    endloop
  endfacet
  facet normal -0.754707 -0.656062 0
    outer loop
      vertex 92.3084 77.4559 3.5
      vertex 89.549 80.6302 8.48
      vertex 89.549 80.6302 3.5
    endloop
  endfacet
  facet normal -0.754707 -0.656062 0
    outer loop
      vertex 89.549 80.6302 8.48
      vertex 92.3084 77.4559 3.5
      vertex 92.3084 77.4559 8.48
    endloop
  endfacet
  facet normal 0.544686 -0.83864 0
    outer loop
      vertex -67.3827 99.899 3.5
      vertex -63.8553 102.19 8.48
      vertex -67.3827 99.899 8.48
    endloop
  endfacet
  facet normal 0.544686 -0.83864 0
    outer loop
      vertex -63.8553 102.19 8.48
      vertex -67.3827 99.899 3.5
      vertex -63.8553 102.19 3.5
    endloop
  endfacet
  facet normal -0.906355 0.422517 0
    outer loop
      vertex 108.305 -52.8237 3.5
      vertex 110.082 -49.0118 8.48
      vertex 110.082 -49.0118 3.5
    endloop
  endfacet
  facet normal -0.906355 0.422517 0
    outer loop
      vertex 110.082 -49.0118 8.48
      vertex 108.305 -52.8237 3.5
      vertex 108.305 -52.8237 8.48
    endloop
  endfacet
  facet normal -0.965902 -0.258908 0
    outer loop
      vertex 116.921 29.1516 3.5
      vertex 115.832 33.2143 8.48
      vertex 115.832 33.2143 3.5
    endloop
  endfacet
  facet normal -0.965902 -0.258908 0
    outer loop
      vertex 115.832 33.2143 8.48
      vertex 116.921 29.1516 3.5
      vertex 116.921 29.1516 8.48
    endloop
  endfacet
  facet normal -0.981652 -0.190681 0
    outer loop
      vertex 118.669 20.9246 3.5
      vertex 117.867 25.0534 8.48
      vertex 117.867 25.0534 3.5
    endloop
  endfacet
  facet normal -0.981652 -0.190681 0
    outer loop
      vertex 117.867 25.0534 8.48
      vertex 118.669 20.9246 3.5
      vertex 118.669 20.9246 8.48
    endloop
  endfacet
  facet normal -0.992534 0.121966 0
    outer loop
      vertex 119.327 -16.7704 3.5
      vertex 119.84 -12.5957 8.48
      vertex 119.84 -12.5957 3.5
    endloop
  endfacet
  facet normal -0.992534 0.121966 0
    outer loop
      vertex 119.84 -12.5957 8.48
      vertex 119.327 -16.7704 3.5
      vertex 119.327 -16.7704 8.48
    endloop
  endfacet
  facet normal -0.798643 -0.601805 0
    outer loop
      vertex 97.4865 70.8281 3.5
      vertex 94.9553 74.1872 8.48
      vertex 94.9553 74.1872 3.5
    endloop
  endfacet
  facet normal -0.798643 -0.601805 0
    outer loop
      vertex 94.9553 74.1872 8.48
      vertex 97.4865 70.8281 3.5
      vertex 97.4865 70.8281 8.48
    endloop
  endfacet
  facet normal 0.68201 -0.731343 0
    outer loop
      vertex -83.7063 86.6804 3.5
      vertex -80.6302 89.549 8.48
      vertex -83.7063 86.6804 8.48
    endloop
  endfacet
  facet normal 0.68201 -0.731343 0
    outer loop
      vertex -80.6302 89.549 8.48
      vertex -83.7063 86.6804 3.5
      vertex -80.6302 89.549 3.5
    endloop
  endfacet
  facet normal -0.601805 0.798643 0
    outer loop
      vertex 74.1872 -94.9553 3.5
      vertex 70.8281 -97.4865 8.48
      vertex 74.1872 -94.9553 8.48
    endloop
  endfacet
  facet normal -0.601805 0.798643 0
    outer loop
      vertex 70.8281 -97.4865 8.48
      vertex 74.1872 -94.9553 3.5
      vertex 70.8281 -97.4865 3.5
    endloop
  endfacet
  facet normal -0.965902 0.258908 0
    outer loop
      vertex 115.832 -33.2143 3.5
      vertex 116.921 -29.1516 8.48
      vertex 116.921 -29.1516 3.5
    endloop
  endfacet
  facet normal -0.965902 0.258908 0
    outer loop
      vertex 116.921 -29.1516 8.48
      vertex 115.832 -33.2143 3.5
      vertex 115.832 -33.2143 8.48
    endloop
  endfacet
  facet normal -0.999849 -0.0173561 0
    outer loop
      vertex 120.5 0 3.5
      vertex 120.427 4.20539 8.48
      vertex 120.427 4.20539 3.5
    endloop
  endfacet
  facet normal -0.999849 -0.0173561 0
    outer loop
      vertex 120.427 4.20539 8.48
      vertex 120.5 0 3.5
      vertex 120.5 0 8.48
    endloop
  endfacet
  facet normal -0.292435 0.956285 0
    outer loop
      vertex 37.2365 -114.602 3.5
      vertex 33.2143 -115.832 8.48
      vertex 37.2365 -114.602 8.48
    endloop
  endfacet
  facet normal -0.292435 0.956285 0
    outer loop
      vertex 33.2143 -115.832 8.48
      vertex 37.2365 -114.602 3.5
      vertex 33.2143 -115.832 3.5
    endloop
  endfacet
  facet normal -0.998619 -0.0525431 0
    outer loop
      vertex 120.427 4.20539 3.5
      vertex 120.206 8.40565 8.48
      vertex 120.206 8.40565 3.5
    endloop
  endfacet
  facet normal -0.998619 -0.0525431 0
    outer loop
      vertex 120.206 8.40565 8.48
      vertex 120.427 4.20539 3.5
      vertex 120.427 4.20539 8.48
    endloop
  endfacet
  facet normal -0.325492 0.945545 0
    outer loop
      vertex 41.2134 -113.233 3.5
      vertex 37.2365 -114.602 8.48
      vertex 41.2134 -113.233 8.48
    endloop
  endfacet
  facet normal -0.325492 0.945545 0
    outer loop
      vertex 37.2365 -114.602 8.48
      vertex 41.2134 -113.233 3.5
      vertex 37.2365 -114.602 3.5
    endloop
  endfacet
  facet normal -0.422517 0.906355 0
    outer loop
      vertex 52.8237 -108.305 3.5
      vertex 49.0118 -110.082 8.48
      vertex 52.8237 -108.305 8.48
    endloop
  endfacet
  facet normal -0.422517 0.906355 0
    outer loop
      vertex 49.0118 -110.082 8.48
      vertex 52.8237 -108.305 3.5
      vertex 49.0118 -110.082 3.5
    endloop
  endfacet
  facet normal 0.629314 -0.777151 0
    outer loop
      vertex -77.4559 92.3084 3.5
      vertex -74.1872 94.9553 8.48
      vertex -77.4559 92.3084 8.48
    endloop
  endfacet
  facet normal 0.629314 -0.777151 0
    outer loop
      vertex -74.1872 94.9553 8.48
      vertex -77.4559 92.3084 3.5
      vertex -74.1872 94.9553 3.5
    endloop
  endfacet
  facet normal 0.999849 -0.0173561 0
    outer loop
      vertex -120.5 0 8.48
      vertex -120.427 4.20539 3.5
      vertex -120.427 4.20539 8.48
    endloop
  endfacet
  facet normal 0.999849 -0.0173561 0
    outer loop
      vertex -120.427 4.20539 3.5
      vertex -120.5 0 8.48
      vertex -120.5 0 3.5
    endloop
  endfacet
  facet normal 0.454085 -0.890958 0
    outer loop
      vertex -56.5713 106.395 3.5
      vertex -52.8237 108.305 8.48
      vertex -56.5713 106.395 8.48
    endloop
  endfacet
  facet normal 0.454085 -0.890958 0
    outer loop
      vertex -52.8237 108.305 8.48
      vertex -56.5713 106.395 3.5
      vertex -52.8237 108.305 3.5
    endloop
  endfacet
  facet normal -0.484785 0.874633 0
    outer loop
      vertex 60.25 -104.356 3.5
      vertex 56.5713 -106.395 8.48
      vertex 60.25 -104.356 8.48
    endloop
  endfacet
  facet normal -0.484785 0.874633 0
    outer loop
      vertex 56.5713 -106.395 8.48
      vertex 60.25 -104.356 3.5
      vertex 56.5713 -106.395 3.5
    endloop
  endfacet
  facet normal 0.956285 0.292435 0
    outer loop
      vertex -114.602 -37.2365 8.48
      vertex -115.832 -33.2143 3.5
      vertex -115.832 -33.2143 8.48
    endloop
  endfacet
  facet normal 0.956285 0.292435 0
    outer loop
      vertex -115.832 -33.2143 3.5
      vertex -114.602 -37.2365 8.48
      vertex -114.602 -37.2365 3.5
    endloop
  endfacet
  facet normal -0.629314 -0.777151 0
    outer loop
      vertex 74.1872 94.9553 3.5
      vertex 77.4559 92.3084 8.48
      vertex 74.1872 94.9553 8.48
    endloop
  endfacet
  facet normal -0.629314 -0.777151 -0
    outer loop
      vertex 77.4559 92.3084 8.48
      vertex 74.1872 94.9553 3.5
      vertex 77.4559 92.3084 3.5
    endloop
  endfacet
  facet normal -0.573577 -0.819151 0
    outer loop
      vertex 67.3827 99.899 3.5
      vertex 70.8281 97.4865 8.48
      vertex 67.3827 99.899 8.48
    endloop
  endfacet
  facet normal -0.573577 -0.819151 -0
    outer loop
      vertex 70.8281 97.4865 8.48
      vertex 67.3827 99.899 3.5
      vertex 70.8281 97.4865 3.5
    endloop
  endfacet
  facet normal -0.798643 0.601805 0
    outer loop
      vertex 94.9553 -74.1872 3.5
      vertex 97.4865 -70.8281 8.48
      vertex 97.4865 -70.8281 3.5
    endloop
  endfacet
  facet normal -0.798643 0.601805 0
    outer loop
      vertex 97.4865 -70.8281 8.48
      vertex 94.9553 -74.1872 3.5
      vertex 94.9553 -74.1872 8.48
    endloop
  endfacet
  facet normal -0.544686 -0.83864 0
    outer loop
      vertex 63.8553 102.19 3.5
      vertex 67.3827 99.899 8.48
      vertex 63.8553 102.19 8.48
    endloop
  endfacet
  facet normal -0.544686 -0.83864 -0
    outer loop
      vertex 67.3827 99.899 8.48
      vertex 63.8553 102.19 3.5
      vertex 67.3827 99.899 3.5
    endloop
  endfacet
  facet normal 0.0173561 -0.999849 0
    outer loop
      vertex -4.20539 120.427 3.5
      vertex 0 120.5 8.48
      vertex -4.20539 120.427 8.48
    endloop
  endfacet
  facet normal 0.0173561 -0.999849 0
    outer loop
      vertex 0 120.5 8.48
      vertex -4.20539 120.427 3.5
      vertex 0 120.5 3.5
    endloop
  endfacet
  facet normal -0.707107 -0.707107 0
    outer loop
      vertex 86.6804 83.7063 3.5
      vertex 83.7063 86.6804 8.48
      vertex 83.7063 86.6804 3.5
    endloop
  endfacet
  facet normal -0.707107 -0.707107 0
    outer loop
      vertex 83.7063 86.6804 8.48
      vertex 86.6804 83.7063 3.5
      vertex 86.6804 83.7063 8.48
    endloop
  endfacet
  facet normal -0.920457 0.390844 0
    outer loop
      vertex 110.082 -49.0118 3.5
      vertex 111.726 -45.1401 8.48
      vertex 111.726 -45.1401 3.5
    endloop
  endfacet
  facet normal -0.920457 0.390844 0
    outer loop
      vertex 111.726 -45.1401 8.48
      vertex 110.082 -49.0118 3.5
      vertex 110.082 -49.0118 8.48
    endloop
  endfacet
  facet normal -0.514989 -0.857197 0
    outer loop
      vertex 60.25 104.356 3.5
      vertex 63.8553 102.19 8.48
      vertex 60.25 104.356 8.48
    endloop
  endfacet
  facet normal -0.514989 -0.857197 -0
    outer loop
      vertex 63.8553 102.19 8.48
      vertex 60.25 104.356 3.5
      vertex 63.8553 102.19 3.5
    endloop
  endfacet
  facet normal -0.777151 -0.629314 0
    outer loop
      vertex 94.9553 74.1872 3.5
      vertex 92.3084 77.4559 8.48
      vertex 92.3084 77.4559 3.5
    endloop
  endfacet
  facet normal -0.777151 -0.629314 0
    outer loop
      vertex 92.3084 77.4559 8.48
      vertex 94.9553 74.1872 3.5
      vertex 94.9553 74.1872 8.48
    endloop
  endfacet
  facet normal -0.777151 0.629314 0
    outer loop
      vertex 92.3084 -77.4559 3.5
      vertex 94.9553 -74.1872 8.48
      vertex 94.9553 -74.1872 3.5
    endloop
  endfacet
  facet normal -0.777151 0.629314 0
    outer loop
      vertex 94.9553 -74.1872 8.48
      vertex 92.3084 -77.4559 3.5
      vertex 92.3084 -77.4559 8.48
    endloop
  endfacet
  facet normal -0.601805 -0.798643 0
    outer loop
      vertex 70.8281 97.4865 3.5
      vertex 74.1872 94.9553 8.48
      vertex 70.8281 97.4865 8.48
    endloop
  endfacet
  facet normal -0.601805 -0.798643 -0
    outer loop
      vertex 74.1872 94.9553 8.48
      vertex 70.8281 97.4865 3.5
      vertex 74.1872 94.9553 3.5
    endloop
  endfacet
  facet normal 0.325492 0.945545 -0
    outer loop
      vertex -37.2365 -114.602 3.5
      vertex -41.2134 -113.233 8.48
      vertex -37.2365 -114.602 8.48
    endloop
  endfacet
  facet normal 0.325492 0.945545 0
    outer loop
      vertex -41.2134 -113.233 8.48
      vertex -37.2365 -114.602 3.5
      vertex -41.2134 -113.233 3.5
    endloop
  endfacet
  facet normal 0.0870184 -0.996207 0
    outer loop
      vertex -12.5957 119.84 3.5
      vertex -8.40565 120.206 8.48
      vertex -12.5957 119.84 8.48
    endloop
  endfacet
  facet normal 0.0870184 -0.996207 0
    outer loop
      vertex -8.40565 120.206 8.48
      vertex -12.5957 119.84 3.5
      vertex -8.40565 120.206 3.5
    endloop
  endfacet
  facet normal 0.601805 -0.798643 0
    outer loop
      vertex -74.1872 94.9553 3.5
      vertex -70.8281 97.4865 8.48
      vertex -74.1872 94.9553 8.48
    endloop
  endfacet
  facet normal 0.601805 -0.798643 0
    outer loop
      vertex -70.8281 97.4865 8.48
      vertex -74.1872 94.9553 3.5
      vertex -70.8281 97.4865 3.5
    endloop
  endfacet
  facet normal 0.998619 0.0525431 0
    outer loop
      vertex -120.206 -8.40565 8.48
      vertex -120.427 -4.20539 3.5
      vertex -120.427 -4.20539 8.48
    endloop
  endfacet
  facet normal 0.998619 0.0525431 0
    outer loop
      vertex -120.427 -4.20539 3.5
      vertex -120.206 -8.40565 8.48
      vertex -120.206 -8.40565 3.5
    endloop
  endfacet
  facet normal -0.987687 -0.156444 0
    outer loop
      vertex 119.327 16.7704 3.5
      vertex 118.669 20.9246 8.48
      vertex 118.669 20.9246 3.5
    endloop
  endfacet
  facet normal -0.987687 -0.156444 0
    outer loop
      vertex 118.669 20.9246 8.48
      vertex 119.327 16.7704 3.5
      vertex 119.327 16.7704 8.48
    endloop
  endfacet
  facet normal -0.422517 -0.906355 0
    outer loop
      vertex 49.0118 110.082 3.5
      vertex 52.8237 108.305 8.48
      vertex 49.0118 110.082 8.48
    endloop
  endfacet
  facet normal -0.422517 -0.906355 -0
    outer loop
      vertex 52.8237 108.305 8.48
      vertex 49.0118 110.082 3.5
      vertex 52.8237 108.305 3.5
    endloop
  endfacet
  facet normal -0.656062 0.754707 0
    outer loop
      vertex 80.6302 -89.549 3.5
      vertex 77.4559 -92.3084 8.48
      vertex 80.6302 -89.549 8.48
    endloop
  endfacet
  facet normal -0.656062 0.754707 0
    outer loop
      vertex 77.4559 -92.3084 8.48
      vertex 80.6302 -89.549 3.5
      vertex 77.4559 -92.3084 3.5
    endloop
  endfacet
  facet normal 0.945545 -0.325492 0
    outer loop
      vertex -114.602 37.2365 8.48
      vertex -113.233 41.2134 3.5
      vertex -113.233 41.2134 8.48
    endloop
  endfacet
  facet normal 0.945545 -0.325492 0
    outer loop
      vertex -113.233 41.2134 3.5
      vertex -114.602 37.2365 8.48
      vertex -114.602 37.2365 3.5
    endloop
  endfacet
  facet normal -0.857197 -0.514989 0
    outer loop
      vertex 104.356 60.25 3.5
      vertex 102.19 63.8553 8.48
      vertex 102.19 63.8553 3.5
    endloop
  endfacet
  facet normal -0.857197 -0.514989 0
    outer loop
      vertex 102.19 63.8553 8.48
      vertex 104.356 60.25 3.5
      vertex 104.356 60.25 8.48
    endloop
  endfacet
  facet normal -0.190681 -0.981652 0
    outer loop
      vertex 20.9246 118.669 3.5
      vertex 25.0534 117.867 8.48
      vertex 20.9246 118.669 8.48
    endloop
  endfacet
  facet normal -0.190681 -0.981652 -0
    outer loop
      vertex 25.0534 117.867 8.48
      vertex 20.9246 118.669 3.5
      vertex 25.0534 117.867 3.5
    endloop
  endfacet
  facet normal -0.484785 -0.874633 0
    outer loop
      vertex 56.5713 106.395 3.5
      vertex 60.25 104.356 8.48
      vertex 56.5713 106.395 8.48
    endloop
  endfacet
  facet normal -0.484785 -0.874633 -0
    outer loop
      vertex 60.25 104.356 8.48
      vertex 56.5713 106.395 3.5
      vertex 60.25 104.356 3.5
    endloop
  endfacet
  facet normal -0.390844 -0.920457 0
    outer loop
      vertex 45.1401 111.726 3.5
      vertex 49.0118 110.082 8.48
      vertex 45.1401 111.726 8.48
    endloop
  endfacet
  facet normal -0.390844 -0.920457 -0
    outer loop
      vertex 49.0118 110.082 8.48
      vertex 45.1401 111.726 3.5
      vertex 49.0118 110.082 3.5
    endloop
  endfacet
  facet normal -0.514989 0.857197 0
    outer loop
      vertex 63.8553 -102.19 3.5
      vertex 60.25 -104.356 8.48
      vertex 63.8553 -102.19 8.48
    endloop
  endfacet
  facet normal -0.514989 0.857197 0
    outer loop
      vertex 60.25 -104.356 8.48
      vertex 63.8553 -102.19 3.5
      vertex 60.25 -104.356 3.5
    endloop
  endfacet
  facet normal -0.890958 -0.454085 0
    outer loop
      vertex 108.305 52.8237 3.5
      vertex 106.395 56.5713 8.48
      vertex 106.395 56.5713 3.5
    endloop
  endfacet
  facet normal -0.890958 -0.454085 0
    outer loop
      vertex 106.395 56.5713 8.48
      vertex 108.305 52.8237 3.5
      vertex 108.305 52.8237 8.48
    endloop
  endfacet
  facet normal -0.731343 0.68201 0
    outer loop
      vertex 86.6804 -83.7063 3.5
      vertex 89.549 -80.6302 8.48
      vertex 89.549 -80.6302 3.5
    endloop
  endfacet
  facet normal -0.731343 0.68201 0
    outer loop
      vertex 89.549 -80.6302 8.48
      vertex 86.6804 -83.7063 3.5
      vertex 86.6804 -83.7063 8.48
    endloop
  endfacet
  facet normal 0.777151 0.629314 0
    outer loop
      vertex -92.3084 -77.4559 8.48
      vertex -94.9553 -74.1872 3.5
      vertex -94.9553 -74.1872 8.48
    endloop
  endfacet
  facet normal 0.777151 0.629314 0
    outer loop
      vertex -94.9553 -74.1872 3.5
      vertex -92.3084 -77.4559 8.48
      vertex -92.3084 -77.4559 3.5
    endloop
  endfacet
  facet normal -0.156444 -0.987687 0
    outer loop
      vertex 16.7704 119.327 3.5
      vertex 20.9246 118.669 8.48
      vertex 16.7704 119.327 8.48
    endloop
  endfacet
  facet normal -0.156444 -0.987687 -0
    outer loop
      vertex 20.9246 118.669 8.48
      vertex 16.7704 119.327 3.5
      vertex 20.9246 118.669 3.5
    endloop
  endfacet
  facet normal 0.83864 0.544686 0
    outer loop
      vertex -99.899 -67.3827 8.48
      vertex -102.19 -63.8553 3.5
      vertex -102.19 -63.8553 8.48
    endloop
  endfacet
  facet normal 0.83864 0.544686 0
    outer loop
      vertex -102.19 -63.8553 3.5
      vertex -99.899 -67.3827 8.48
      vertex -99.899 -67.3827 3.5
    endloop
  endfacet
  facet normal -0.358302 -0.933606 0
    outer loop
      vertex 41.2134 113.233 3.5
      vertex 45.1401 111.726 8.48
      vertex 41.2134 113.233 8.48
    endloop
  endfacet
  facet normal -0.358302 -0.933606 -0
    outer loop
      vertex 45.1401 111.726 8.48
      vertex 41.2134 113.233 3.5
      vertex 45.1401 111.726 3.5
    endloop
  endfacet
  facet normal -0.933606 0.358302 0
    outer loop
      vertex 111.726 -45.1401 3.5
      vertex 113.233 -41.2134 8.48
      vertex 113.233 -41.2134 3.5
    endloop
  endfacet
  facet normal -0.933606 0.358302 0
    outer loop
      vertex 113.233 -41.2134 8.48
      vertex 111.726 -45.1401 3.5
      vertex 111.726 -45.1401 8.48
    endloop
  endfacet
  facet normal -0.996207 -0.0870184 0
    outer loop
      vertex 120.206 8.40565 3.5
      vertex 119.84 12.5957 8.48
      vertex 119.84 12.5957 3.5
    endloop
  endfacet
  facet normal -0.996207 -0.0870184 0
    outer loop
      vertex 119.84 12.5957 8.48
      vertex 120.206 8.40565 3.5
      vertex 120.206 8.40565 8.48
    endloop
  endfacet
  facet normal -0.996207 0.0870184 0
    outer loop
      vertex 119.84 -12.5957 3.5
      vertex 120.206 -8.40565 8.48
      vertex 120.206 -8.40565 3.5
    endloop
  endfacet
  facet normal -0.996207 0.0870184 0
    outer loop
      vertex 120.206 -8.40565 8.48
      vertex 119.84 -12.5957 3.5
      vertex 119.84 -12.5957 8.48
    endloop
  endfacet
  facet normal -0.933606 -0.358302 0
    outer loop
      vertex 113.233 41.2134 3.5
      vertex 111.726 45.1401 8.48
      vertex 111.726 45.1401 3.5
    endloop
  endfacet
  facet normal -0.933606 -0.358302 0
    outer loop
      vertex 111.726 45.1401 8.48
      vertex 113.233 41.2134 3.5
      vertex 113.233 41.2134 8.48
    endloop
  endfacet
  facet normal -0.945545 -0.325492 0
    outer loop
      vertex 114.602 37.2365 3.5
      vertex 113.233 41.2134 8.48
      vertex 113.233 41.2134 3.5
    endloop
  endfacet
  facet normal -0.945545 -0.325492 0
    outer loop
      vertex 113.233 41.2134 8.48
      vertex 114.602 37.2365 3.5
      vertex 114.602 37.2365 8.48
    endloop
  endfacet
  facet normal -0.819151 0.573577 0
    outer loop
      vertex 97.4865 -70.8281 3.5
      vertex 99.899 -67.3827 8.48
      vertex 99.899 -67.3827 3.5
    endloop
  endfacet
  facet normal -0.819151 0.573577 0
    outer loop
      vertex 99.899 -67.3827 8.48
      vertex 97.4865 -70.8281 3.5
      vertex 97.4865 -70.8281 8.48
    endloop
  endfacet
  facet normal 0.0525431 -0.998619 0
    outer loop
      vertex -8.40565 120.206 3.5
      vertex -4.20539 120.427 8.48
      vertex -8.40565 120.206 8.48
    endloop
  endfacet
  facet normal 0.0525431 -0.998619 0
    outer loop
      vertex -4.20539 120.427 8.48
      vertex -8.40565 120.206 3.5
      vertex -4.20539 120.427 3.5
    endloop
  endfacet
  facet normal -0.731343 -0.68201 0
    outer loop
      vertex 89.549 80.6302 3.5
      vertex 86.6804 83.7063 8.48
      vertex 86.6804 83.7063 3.5
    endloop
  endfacet
  facet normal -0.731343 -0.68201 0
    outer loop
      vertex 86.6804 83.7063 8.48
      vertex 89.549 80.6302 3.5
      vertex 89.549 80.6302 8.48
    endloop
  endfacet
  facet normal -0.390844 0.920457 0
    outer loop
      vertex 49.0118 -110.082 3.5
      vertex 45.1401 -111.726 8.48
      vertex 49.0118 -110.082 8.48
    endloop
  endfacet
  facet normal -0.390844 0.920457 0
    outer loop
      vertex 45.1401 -111.726 8.48
      vertex 49.0118 -110.082 3.5
      vertex 45.1401 -111.726 3.5
    endloop
  endfacet
  facet normal 0.484785 -0.874633 0
    outer loop
      vertex -60.25 104.356 3.5
      vertex -56.5713 106.395 8.48
      vertex -60.25 104.356 8.48
    endloop
  endfacet
  facet normal 0.484785 -0.874633 0
    outer loop
      vertex -56.5713 106.395 8.48
      vertex -60.25 104.356 3.5
      vertex -56.5713 106.395 3.5
    endloop
  endfacet
  facet normal 0.890958 0.454085 0
    outer loop
      vertex -106.395 -56.5713 8.48
      vertex -108.305 -52.8237 3.5
      vertex -108.305 -52.8237 8.48
    endloop
  endfacet
  facet normal 0.890958 0.454085 0
    outer loop
      vertex -108.305 -52.8237 3.5
      vertex -106.395 -56.5713 8.48
      vertex -106.395 -56.5713 3.5
    endloop
  endfacet
  facet normal 0.514989 0.857197 -0
    outer loop
      vertex -60.25 -104.356 3.5
      vertex -63.8553 -102.19 8.48
      vertex -60.25 -104.356 8.48
    endloop
  endfacet
  facet normal 0.514989 0.857197 0
    outer loop
      vertex -63.8553 -102.19 8.48
      vertex -60.25 -104.356 3.5
      vertex -63.8553 -102.19 3.5
    endloop
  endfacet
  facet normal -0.956285 0.292435 0
    outer loop
      vertex 114.602 -37.2365 3.5
      vertex 115.832 -33.2143 8.48
      vertex 115.832 -33.2143 3.5
    endloop
  endfacet
  facet normal -0.956285 0.292435 0
    outer loop
      vertex 115.832 -33.2143 8.48
      vertex 114.602 -37.2365 3.5
      vertex 114.602 -37.2365 8.48
    endloop
  endfacet
  facet normal -0.874633 0.484785 0
    outer loop
      vertex 104.356 -60.25 3.5
      vertex 106.395 -56.5713 8.48
      vertex 106.395 -56.5713 3.5
    endloop
  endfacet
  facet normal -0.874633 0.484785 0
    outer loop
      vertex 106.395 -56.5713 8.48
      vertex 104.356 -60.25 3.5
      vertex 104.356 -60.25 8.48
    endloop
  endfacet
  facet normal 0.156444 -0.987687 0
    outer loop
      vertex -20.9246 118.669 3.5
      vertex -16.7704 119.327 8.48
      vertex -20.9246 118.669 8.48
    endloop
  endfacet
  facet normal 0.156444 -0.987687 0
    outer loop
      vertex -16.7704 119.327 8.48
      vertex -20.9246 118.669 3.5
      vertex -16.7704 119.327 3.5
    endloop
  endfacet
  facet normal 0.999849 0.0173561 0
    outer loop
      vertex -120.427 -4.20539 8.48
      vertex -120.5 0 3.5
      vertex -120.5 0 8.48
    endloop
  endfacet
  facet normal 0.999849 0.0173561 0
    outer loop
      vertex -120.5 0 3.5
      vertex -120.427 -4.20539 8.48
      vertex -120.427 -4.20539 3.5
    endloop
  endfacet
  facet normal 0.258908 -0.965902 0
    outer loop
      vertex -33.2143 115.832 3.5
      vertex -29.1516 116.921 8.48
      vertex -33.2143 115.832 8.48
    endloop
  endfacet
  facet normal 0.258908 -0.965902 0
    outer loop
      vertex -29.1516 116.921 8.48
      vertex -33.2143 115.832 3.5
      vertex -29.1516 116.921 3.5
    endloop
  endfacet
  facet normal 0.933606 0.358302 0
    outer loop
      vertex -111.726 -45.1401 8.48
      vertex -113.233 -41.2134 3.5
      vertex -113.233 -41.2134 8.48
    endloop
  endfacet
  facet normal 0.933606 0.358302 0
    outer loop
      vertex -113.233 -41.2134 3.5
      vertex -111.726 -45.1401 8.48
      vertex -111.726 -45.1401 3.5
    endloop
  endfacet
  facet normal 0.992534 0.121966 0
    outer loop
      vertex -119.327 -16.7704 8.48
      vertex -119.84 -12.5957 3.5
      vertex -119.84 -12.5957 8.48
    endloop
  endfacet
  facet normal 0.992534 0.121966 0
    outer loop
      vertex -119.84 -12.5957 3.5
      vertex -119.327 -16.7704 8.48
      vertex -119.327 -16.7704 3.5
    endloop
  endfacet
  facet normal 0.629314 0.777151 -0
    outer loop
      vertex -74.1872 -94.9553 3.5
      vertex -77.4559 -92.3084 8.48
      vertex -74.1872 -94.9553 8.48
    endloop
  endfacet
  facet normal 0.629314 0.777151 0
    outer loop
      vertex -77.4559 -92.3084 8.48
      vertex -74.1872 -94.9553 3.5
      vertex -77.4559 -92.3084 3.5
    endloop
  endfacet
  facet normal -0.920457 -0.390844 0
    outer loop
      vertex 111.726 45.1401 3.5
      vertex 110.082 49.0118 8.48
      vertex 110.082 49.0118 3.5
    endloop
  endfacet
  facet normal -0.920457 -0.390844 0
    outer loop
      vertex 110.082 49.0118 8.48
      vertex 111.726 45.1401 3.5
      vertex 111.726 45.1401 8.48
    endloop
  endfacet
  facet normal -0.999849 0.0173561 0
    outer loop
      vertex 120.427 -4.20539 3.5
      vertex 120.5 0 8.48
      vertex 120.5 0 3.5
    endloop
  endfacet
  facet normal -0.999849 0.0173561 0
    outer loop
      vertex 120.5 0 8.48
      vertex 120.427 -4.20539 3.5
      vertex 120.427 -4.20539 8.48
    endloop
  endfacet
  facet normal -0.707107 0.707107 0
    outer loop
      vertex 83.7063 -86.6804 3.5
      vertex 86.6804 -83.7063 8.48
      vertex 86.6804 -83.7063 3.5
    endloop
  endfacet
  facet normal -0.707107 0.707107 0
    outer loop
      vertex 86.6804 -83.7063 8.48
      vertex 83.7063 -86.6804 3.5
      vertex 83.7063 -86.6804 8.48
    endloop
  endfacet
  facet normal 0.358302 -0.933606 0
    outer loop
      vertex -45.1401 111.726 3.5
      vertex -41.2134 113.233 8.48
      vertex -45.1401 111.726 8.48
    endloop
  endfacet
  facet normal 0.358302 -0.933606 0
    outer loop
      vertex -41.2134 113.233 8.48
      vertex -45.1401 111.726 3.5
      vertex -41.2134 113.233 3.5
    endloop
  endfacet
  facet normal 0.601805 0.798643 -0
    outer loop
      vertex -70.8281 -97.4865 3.5
      vertex -74.1872 -94.9553 8.48
      vertex -70.8281 -97.4865 8.48
    endloop
  endfacet
  facet normal 0.601805 0.798643 0
    outer loop
      vertex -74.1872 -94.9553 8.48
      vertex -70.8281 -97.4865 3.5
      vertex -74.1872 -94.9553 3.5
    endloop
  endfacet
  facet normal 0.992534 -0.121966 0
    outer loop
      vertex -119.84 12.5957 8.48
      vertex -119.327 16.7704 3.5
      vertex -119.327 16.7704 8.48
    endloop
  endfacet
  facet normal 0.992534 -0.121966 0
    outer loop
      vertex -119.327 16.7704 3.5
      vertex -119.84 12.5957 8.48
      vertex -119.84 12.5957 3.5
    endloop
  endfacet
  facet normal 0.454085 0.890958 -0
    outer loop
      vertex -52.8237 -108.305 3.5
      vertex -56.5713 -106.395 8.48
      vertex -52.8237 -108.305 8.48
    endloop
  endfacet
  facet normal 0.454085 0.890958 0
    outer loop
      vertex -56.5713 -106.395 8.48
      vertex -52.8237 -108.305 3.5
      vertex -56.5713 -106.395 3.5
    endloop
  endfacet
  facet normal -0.992534 -0.121966 0
    outer loop
      vertex 119.84 12.5957 3.5
      vertex 119.327 16.7704 8.48
      vertex 119.327 16.7704 3.5
    endloop
  endfacet
  facet normal -0.992534 -0.121966 0
    outer loop
      vertex 119.327 16.7704 8.48
      vertex 119.84 12.5957 3.5
      vertex 119.84 12.5957 8.48
    endloop
  endfacet
  facet normal 0.965902 0.258908 0
    outer loop
      vertex -115.832 -33.2143 8.48
      vertex -116.921 -29.1516 3.5
      vertex -116.921 -29.1516 8.48
    endloop
  endfacet
  facet normal 0.965902 0.258908 0
    outer loop
      vertex -116.921 -29.1516 3.5
      vertex -115.832 -33.2143 8.48
      vertex -115.832 -33.2143 3.5
    endloop
  endfacet
  facet normal 0.190681 -0.981652 0
    outer loop
      vertex -25.0534 117.867 3.5
      vertex -20.9246 118.669 8.48
      vertex -25.0534 117.867 8.48
    endloop
  endfacet
  facet normal 0.190681 -0.981652 0
    outer loop
      vertex -20.9246 118.669 8.48
      vertex -25.0534 117.867 3.5
      vertex -20.9246 118.669 3.5
    endloop
  endfacet
  facet normal 0.945545 0.325492 0
    outer loop
      vertex -113.233 -41.2134 8.48
      vertex -114.602 -37.2365 3.5
      vertex -114.602 -37.2365 8.48
    endloop
  endfacet
  facet normal 0.945545 0.325492 0
    outer loop
      vertex -114.602 -37.2365 3.5
      vertex -113.233 -41.2134 8.48
      vertex -113.233 -41.2134 3.5
    endloop
  endfacet
  facet normal -0.0870184 -0.996207 0
    outer loop
      vertex 8.40565 120.206 3.5
      vertex 12.5957 119.84 8.48
      vertex 8.40565 120.206 8.48
    endloop
  endfacet
  facet normal -0.0870184 -0.996207 -0
    outer loop
      vertex 12.5957 119.84 8.48
      vertex 8.40565 120.206 3.5
      vertex 12.5957 119.84 3.5
    endloop
  endfacet
  facet normal 0.754707 0.656062 0
    outer loop
      vertex -89.549 -80.6302 8.48
      vertex -92.3084 -77.4559 3.5
      vertex -92.3084 -77.4559 8.48
    endloop
  endfacet
  facet normal 0.754707 0.656062 0
    outer loop
      vertex -92.3084 -77.4559 3.5
      vertex -89.549 -80.6302 8.48
      vertex -89.549 -80.6302 3.5
    endloop
  endfacet
  facet normal -0.258689 0.965961 0
    outer loop
      vertex 33.2143 -115.832 3.5
      vertex 31 -116.425 8.48
      vertex 33.2143 -115.832 8.48
    endloop
  endfacet
  facet normal -0.258689 0.965961 0
    outer loop
      vertex 31 -116.425 8.48
      vertex 33.2143 -115.832 3.5
      vertex 31 -116.425 3.5
    endloop
  endfacet
  facet normal 0.707107 0.707107 0
    outer loop
      vertex -83.7063 -86.6804 8.48
      vertex -86.6804 -83.7063 3.5
      vertex -86.6804 -83.7063 8.48
    endloop
  endfacet
  facet normal 0.707107 0.707107 0
    outer loop
      vertex -86.6804 -83.7063 3.5
      vertex -83.7063 -86.6804 8.48
      vertex -83.7063 -86.6804 3.5
    endloop
  endfacet
  facet normal -0.945545 0.325492 0
    outer loop
      vertex 113.233 -41.2134 3.5
      vertex 114.602 -37.2365 8.48
      vertex 114.602 -37.2365 3.5
    endloop
  endfacet
  facet normal -0.945545 0.325492 0
    outer loop
      vertex 114.602 -37.2365 8.48
      vertex 113.233 -41.2134 3.5
      vertex 113.233 -41.2134 8.48
    endloop
  endfacet
  facet normal -0.454085 0.890958 0
    outer loop
      vertex 56.5713 -106.395 3.5
      vertex 52.8237 -108.305 8.48
      vertex 56.5713 -106.395 8.48
    endloop
  endfacet
  facet normal -0.454085 0.890958 0
    outer loop
      vertex 52.8237 -108.305 8.48
      vertex 56.5713 -106.395 3.5
      vertex 52.8237 -108.305 3.5
    endloop
  endfacet
  facet normal -0.874633 -0.484785 0
    outer loop
      vertex 106.395 56.5713 3.5
      vertex 104.356 60.25 8.48
      vertex 104.356 60.25 3.5
    endloop
  endfacet
  facet normal -0.874633 -0.484785 0
    outer loop
      vertex 104.356 60.25 8.48
      vertex 106.395 56.5713 3.5
      vertex 106.395 56.5713 8.48
    endloop
  endfacet
  facet normal -0.974378 -0.224919 0
    outer loop
      vertex 117.867 25.0534 3.5
      vertex 116.921 29.1516 8.48
      vertex 116.921 29.1516 3.5
    endloop
  endfacet
  facet normal -0.974378 -0.224919 0
    outer loop
      vertex 116.921 29.1516 8.48
      vertex 117.867 25.0534 3.5
      vertex 117.867 25.0534 8.48
    endloop
  endfacet
  facet normal -0.754707 0.656062 0
    outer loop
      vertex 89.549 -80.6302 3.5
      vertex 92.3084 -77.4559 8.48
      vertex 92.3084 -77.4559 3.5
    endloop
  endfacet
  facet normal -0.754707 0.656062 0
    outer loop
      vertex 92.3084 -77.4559 8.48
      vertex 89.549 -80.6302 3.5
      vertex 89.549 -80.6302 8.48
    endloop
  endfacet
  facet normal 0.656062 -0.754707 0
    outer loop
      vertex -80.6302 89.549 3.5
      vertex -77.4559 92.3084 8.48
      vertex -80.6302 89.549 8.48
    endloop
  endfacet
  facet normal 0.656062 -0.754707 0
    outer loop
      vertex -77.4559 92.3084 8.48
      vertex -80.6302 89.549 3.5
      vertex -77.4559 92.3084 3.5
    endloop
  endfacet
  facet normal -0.68201 -0.731343 0
    outer loop
      vertex 80.6302 89.549 3.5
      vertex 83.7063 86.6804 8.48
      vertex 80.6302 89.549 8.48
    endloop
  endfacet
  facet normal -0.68201 -0.731343 -0
    outer loop
      vertex 83.7063 86.6804 8.48
      vertex 80.6302 89.549 3.5
      vertex 83.7063 86.6804 3.5
    endloop
  endfacet
  facet normal -0.656062 -0.754707 0
    outer loop
      vertex 77.4559 92.3084 3.5
      vertex 80.6302 89.549 8.48
      vertex 77.4559 92.3084 8.48
    endloop
  endfacet
  facet normal -0.656062 -0.754707 -0
    outer loop
      vertex 80.6302 89.549 8.48
      vertex 77.4559 92.3084 3.5
      vertex 80.6302 89.549 3.5
    endloop
  endfacet
  facet normal 0.987687 -0.156444 0
    outer loop
      vertex -119.327 16.7704 8.48
      vertex -118.669 20.9246 3.5
      vertex -118.669 20.9246 8.48
    endloop
  endfacet
  facet normal 0.987687 -0.156444 0
    outer loop
      vertex -118.669 20.9246 3.5
      vertex -119.327 16.7704 8.48
      vertex -119.327 16.7704 3.5
    endloop
  endfacet
  facet normal -0.629314 0.777151 0
    outer loop
      vertex 77.4559 -92.3084 3.5
      vertex 74.1872 -94.9553 8.48
      vertex 77.4559 -92.3084 8.48
    endloop
  endfacet
  facet normal -0.629314 0.777151 0
    outer loop
      vertex 74.1872 -94.9553 8.48
      vertex 77.4559 -92.3084 3.5
      vertex 74.1872 -94.9553 3.5
    endloop
  endfacet
  facet normal 0.731343 0.68201 0
    outer loop
      vertex -86.6804 -83.7063 8.48
      vertex -89.549 -80.6302 3.5
      vertex -89.549 -80.6302 8.48
    endloop
  endfacet
  facet normal 0.731343 0.68201 0
    outer loop
      vertex -89.549 -80.6302 3.5
      vertex -86.6804 -83.7063 8.48
      vertex -86.6804 -83.7063 3.5
    endloop
  endfacet
  facet normal -0.987687 0.156444 0
    outer loop
      vertex 118.669 -20.9246 3.5
      vertex 119.327 -16.7704 8.48
      vertex 119.327 -16.7704 3.5
    endloop
  endfacet
  facet normal -0.987687 0.156444 0
    outer loop
      vertex 119.327 -16.7704 8.48
      vertex 118.669 -20.9246 3.5
      vertex 118.669 -20.9246 8.48
    endloop
  endfacet
  facet normal -0.121966 -0.992534 0
    outer loop
      vertex 12.5957 119.84 3.5
      vertex 16.7704 119.327 8.48
      vertex 12.5957 119.84 8.48
    endloop
  endfacet
  facet normal -0.121966 -0.992534 -0
    outer loop
      vertex 16.7704 119.327 8.48
      vertex 12.5957 119.84 3.5
      vertex 16.7704 119.327 3.5
    endloop
  endfacet
  facet normal -0.83864 0.544686 0
    outer loop
      vertex 99.899 -67.3827 3.5
      vertex 102.19 -63.8553 8.48
      vertex 102.19 -63.8553 3.5
    endloop
  endfacet
  facet normal -0.83864 0.544686 0
    outer loop
      vertex 102.19 -63.8553 8.48
      vertex 99.899 -67.3827 3.5
      vertex 99.899 -67.3827 8.48
    endloop
  endfacet
  facet normal -0.0525431 -0.998619 0
    outer loop
      vertex 4.20539 120.427 3.5
      vertex 8.40565 120.206 8.48
      vertex 4.20539 120.427 8.48
    endloop
  endfacet
  facet normal -0.0525431 -0.998619 -0
    outer loop
      vertex 8.40565 120.206 8.48
      vertex 4.20539 120.427 3.5
      vertex 8.40565 120.206 3.5
    endloop
  endfacet
  facet normal -0.0173561 -0.999849 0
    outer loop
      vertex 0 120.5 3.5
      vertex 4.20539 120.427 8.48
      vertex 0 120.5 8.48
    endloop
  endfacet
  facet normal -0.0173561 -0.999849 -0
    outer loop
      vertex 4.20539 120.427 8.48
      vertex 0 120.5 3.5
      vertex 4.20539 120.427 3.5
    endloop
  endfacet
  facet normal 0.996207 -0.0870184 0
    outer loop
      vertex -120.206 8.40565 8.48
      vertex -119.84 12.5957 3.5
      vertex -119.84 12.5957 8.48
    endloop
  endfacet
  facet normal 0.996207 -0.0870184 0
    outer loop
      vertex -119.84 12.5957 3.5
      vertex -120.206 8.40565 8.48
      vertex -120.206 8.40565 3.5
    endloop
  endfacet
  facet normal 0.874633 0.484785 0
    outer loop
      vertex -104.356 -60.25 8.48
      vertex -106.395 -56.5713 3.5
      vertex -106.395 -56.5713 8.48
    endloop
  endfacet
  facet normal 0.874633 0.484785 0
    outer loop
      vertex -106.395 -56.5713 3.5
      vertex -104.356 -60.25 8.48
      vertex -104.356 -60.25 3.5
    endloop
  endfacet
  facet normal 0.857197 0.514989 0
    outer loop
      vertex -102.19 -63.8553 8.48
      vertex -104.356 -60.25 3.5
      vertex -104.356 -60.25 8.48
    endloop
  endfacet
  facet normal 0.857197 0.514989 0
    outer loop
      vertex -104.356 -60.25 3.5
      vertex -102.19 -63.8553 8.48
      vertex -102.19 -63.8553 3.5
    endloop
  endfacet
  facet normal 0.121966 -0.992534 0
    outer loop
      vertex -16.7704 119.327 3.5
      vertex -12.5957 119.84 8.48
      vertex -16.7704 119.327 8.48
    endloop
  endfacet
  facet normal 0.121966 -0.992534 0
    outer loop
      vertex -12.5957 119.84 8.48
      vertex -16.7704 119.327 3.5
      vertex -12.5957 119.84 3.5
    endloop
  endfacet
  facet normal -0.857197 0.514989 0
    outer loop
      vertex 102.19 -63.8553 3.5
      vertex 104.356 -60.25 8.48
      vertex 104.356 -60.25 3.5
    endloop
  endfacet
  facet normal -0.857197 0.514989 0
    outer loop
      vertex 104.356 -60.25 8.48
      vertex 102.19 -63.8553 3.5
      vertex 102.19 -63.8553 8.48
    endloop
  endfacet
  facet normal 0.933606 -0.358302 0
    outer loop
      vertex -113.233 41.2134 8.48
      vertex -111.726 45.1401 3.5
      vertex -111.726 45.1401 8.48
    endloop
  endfacet
  facet normal 0.933606 -0.358302 0
    outer loop
      vertex -111.726 45.1401 3.5
      vertex -113.233 41.2134 8.48
      vertex -113.233 41.2134 3.5
    endloop
  endfacet
  facet normal -0.454085 -0.890958 0
    outer loop
      vertex 52.8237 108.305 3.5
      vertex 56.5713 106.395 8.48
      vertex 52.8237 108.305 8.48
    endloop
  endfacet
  facet normal -0.454085 -0.890958 -0
    outer loop
      vertex 56.5713 106.395 8.48
      vertex 52.8237 108.305 3.5
      vertex 56.5713 106.395 3.5
    endloop
  endfacet
  facet normal -0.68201 0.731343 0
    outer loop
      vertex 83.7063 -86.6804 3.5
      vertex 80.6302 -89.549 8.48
      vertex 83.7063 -86.6804 8.48
    endloop
  endfacet
  facet normal -0.68201 0.731343 0
    outer loop
      vertex 80.6302 -89.549 8.48
      vertex 83.7063 -86.6804 3.5
      vertex 80.6302 -89.549 3.5
    endloop
  endfacet
  facet normal 0.68201 0.731343 -0
    outer loop
      vertex -80.6302 -89.549 3.5
      vertex -83.7063 -86.6804 8.48
      vertex -80.6302 -89.549 8.48
    endloop
  endfacet
  facet normal 0.68201 0.731343 0
    outer loop
      vertex -83.7063 -86.6804 8.48
      vertex -80.6302 -89.549 3.5
      vertex -83.7063 -86.6804 3.5
    endloop
  endfacet
  facet normal 0.390844 -0.920457 0
    outer loop
      vertex -49.0118 110.082 3.5
      vertex -45.1401 111.726 8.48
      vertex -49.0118 110.082 8.48
    endloop
  endfacet
  facet normal 0.390844 -0.920457 0
    outer loop
      vertex -45.1401 111.726 8.48
      vertex -49.0118 110.082 3.5
      vertex -45.1401 111.726 3.5
    endloop
  endfacet
  facet normal -0.974378 0.224919 0
    outer loop
      vertex 116.921 -29.1516 3.5
      vertex 117.867 -25.0534 8.48
      vertex 117.867 -25.0534 3.5
    endloop
  endfacet
  facet normal -0.974378 0.224919 0
    outer loop
      vertex 117.867 -25.0534 8.48
      vertex 116.921 -29.1516 3.5
      vertex 116.921 -29.1516 8.48
    endloop
  endfacet
  facet normal 0.754707 -0.656062 0
    outer loop
      vertex -92.3084 77.4559 8.48
      vertex -89.549 80.6302 3.5
      vertex -89.549 80.6302 8.48
    endloop
  endfacet
  facet normal 0.754707 -0.656062 0
    outer loop
      vertex -89.549 80.6302 3.5
      vertex -92.3084 77.4559 8.48
      vertex -92.3084 77.4559 3.5
    endloop
  endfacet
  facet normal 0.83864 -0.544686 0
    outer loop
      vertex -102.19 63.8553 8.48
      vertex -99.899 67.3827 3.5
      vertex -99.899 67.3827 8.48
    endloop
  endfacet
  facet normal 0.83864 -0.544686 0
    outer loop
      vertex -99.899 67.3827 3.5
      vertex -102.19 63.8553 8.48
      vertex -102.19 63.8553 3.5
    endloop
  endfacet
  facet normal 0.920457 0.390844 0
    outer loop
      vertex -110.082 -49.0118 8.48
      vertex -111.726 -45.1401 3.5
      vertex -111.726 -45.1401 8.48
    endloop
  endfacet
  facet normal 0.920457 0.390844 0
    outer loop
      vertex -111.726 -45.1401 3.5
      vertex -110.082 -49.0118 8.48
      vertex -110.082 -49.0118 3.5
    endloop
  endfacet
  facet normal 0.874633 -0.484785 0
    outer loop
      vertex -106.395 56.5713 8.48
      vertex -104.356 60.25 3.5
      vertex -104.356 60.25 8.48
    endloop
  endfacet
  facet normal 0.874633 -0.484785 0
    outer loop
      vertex -104.356 60.25 3.5
      vertex -106.395 56.5713 8.48
      vertex -106.395 56.5713 3.5
    endloop
  endfacet
  facet normal 0.573577 0.819151 -0
    outer loop
      vertex -67.3827 -99.899 3.5
      vertex -70.8281 -97.4865 8.48
      vertex -67.3827 -99.899 8.48
    endloop
  endfacet
  facet normal 0.573577 0.819151 0
    outer loop
      vertex -70.8281 -97.4865 8.48
      vertex -67.3827 -99.899 3.5
      vertex -70.8281 -97.4865 3.5
    endloop
  endfacet
  facet normal 0.656062 0.754707 -0
    outer loop
      vertex -77.4559 -92.3084 3.5
      vertex -80.6302 -89.549 8.48
      vertex -77.4559 -92.3084 8.48
    endloop
  endfacet
  facet normal 0.656062 0.754707 0
    outer loop
      vertex -80.6302 -89.549 8.48
      vertex -77.4559 -92.3084 3.5
      vertex -80.6302 -89.549 3.5
    endloop
  endfacet
  facet normal 0.974378 0.224919 0
    outer loop
      vertex -116.921 -29.1516 8.48
      vertex -117.867 -25.0534 3.5
      vertex -117.867 -25.0534 8.48
    endloop
  endfacet
  facet normal 0.974378 0.224919 0
    outer loop
      vertex -117.867 -25.0534 3.5
      vertex -116.921 -29.1516 8.48
      vertex -116.921 -29.1516 3.5
    endloop
  endfacet
  facet normal 0.325492 -0.945545 0
    outer loop
      vertex -41.2134 113.233 3.5
      vertex -37.2365 114.602 8.48
      vertex -41.2134 113.233 8.48
    endloop
  endfacet
  facet normal 0.325492 -0.945545 0
    outer loop
      vertex -37.2365 114.602 8.48
      vertex -41.2134 113.233 3.5
      vertex -37.2365 114.602 3.5
    endloop
  endfacet
  facet normal 0.292435 -0.956285 0
    outer loop
      vertex -37.2365 114.602 3.5
      vertex -33.2143 115.832 8.48
      vertex -37.2365 114.602 8.48
    endloop
  endfacet
  facet normal 0.292435 -0.956285 0
    outer loop
      vertex -33.2143 115.832 8.48
      vertex -37.2365 114.602 3.5
      vertex -33.2143 115.832 3.5
    endloop
  endfacet
  facet normal 0.422517 -0.906355 0
    outer loop
      vertex -52.8237 108.305 3.5
      vertex -49.0118 110.082 8.48
      vertex -52.8237 108.305 8.48
    endloop
  endfacet
  facet normal 0.422517 -0.906355 0
    outer loop
      vertex -49.0118 110.082 8.48
      vertex -52.8237 108.305 3.5
      vertex -49.0118 110.082 3.5
    endloop
  endfacet
  facet normal 0.484785 0.874633 -0
    outer loop
      vertex -56.5713 -106.395 3.5
      vertex -60.25 -104.356 8.48
      vertex -56.5713 -106.395 8.48
    endloop
  endfacet
  facet normal 0.484785 0.874633 0
    outer loop
      vertex -60.25 -104.356 8.48
      vertex -56.5713 -106.395 3.5
      vertex -60.25 -104.356 3.5
    endloop
  endfacet
  facet normal 0.731343 -0.68201 0
    outer loop
      vertex -89.549 80.6302 8.48
      vertex -86.6804 83.7063 3.5
      vertex -86.6804 83.7063 8.48
    endloop
  endfacet
  facet normal 0.731343 -0.68201 0
    outer loop
      vertex -86.6804 83.7063 3.5
      vertex -89.549 80.6302 8.48
      vertex -89.549 80.6302 3.5
    endloop
  endfacet
  facet normal 0.906355 -0.422517 0
    outer loop
      vertex -110.082 49.0118 8.48
      vertex -108.305 52.8237 3.5
      vertex -108.305 52.8237 8.48
    endloop
  endfacet
  facet normal 0.906355 -0.422517 0
    outer loop
      vertex -108.305 52.8237 3.5
      vertex -110.082 49.0118 8.48
      vertex -110.082 49.0118 3.5
    endloop
  endfacet
  facet normal -0.573577 0.819151 0
    outer loop
      vertex 70.8281 -97.4865 3.5
      vertex 67.3827 -99.899 8.48
      vertex 70.8281 -97.4865 8.48
    endloop
  endfacet
  facet normal -0.573577 0.819151 0
    outer loop
      vertex 67.3827 -99.899 8.48
      vertex 70.8281 -97.4865 3.5
      vertex 67.3827 -99.899 3.5
    endloop
  endfacet
  facet normal 0.996207 0.0870184 0
    outer loop
      vertex -119.84 -12.5957 8.48
      vertex -120.206 -8.40565 3.5
      vertex -120.206 -8.40565 8.48
    endloop
  endfacet
  facet normal 0.996207 0.0870184 0
    outer loop
      vertex -120.206 -8.40565 3.5
      vertex -119.84 -12.5957 8.48
      vertex -119.84 -12.5957 3.5
    endloop
  endfacet
  facet normal 0.707107 -0.707107 0
    outer loop
      vertex -86.6804 83.7063 8.48
      vertex -83.7063 86.6804 3.5
      vertex -83.7063 86.6804 8.48
    endloop
  endfacet
  facet normal 0.707107 -0.707107 0
    outer loop
      vertex -83.7063 86.6804 3.5
      vertex -86.6804 83.7063 8.48
      vertex -86.6804 83.7063 3.5
    endloop
  endfacet
  facet normal 0.956285 -0.292435 0
    outer loop
      vertex -115.832 33.2143 8.48
      vertex -114.602 37.2365 3.5
      vertex -114.602 37.2365 8.48
    endloop
  endfacet
  facet normal 0.956285 -0.292435 0
    outer loop
      vertex -114.602 37.2365 3.5
      vertex -115.832 33.2143 8.48
      vertex -115.832 33.2143 3.5
    endloop
  endfacet
  facet normal 0.544686 0.83864 -0
    outer loop
      vertex -63.8553 -102.19 3.5
      vertex -67.3827 -99.899 8.48
      vertex -63.8553 -102.19 8.48
    endloop
  endfacet
  facet normal 0.544686 0.83864 0
    outer loop
      vertex -67.3827 -99.899 8.48
      vertex -63.8553 -102.19 3.5
      vertex -67.3827 -99.899 3.5
    endloop
  endfacet
  facet normal -0.292435 -0.956285 0
    outer loop
      vertex 33.2143 115.832 3.5
      vertex 37.2365 114.602 8.48
      vertex 33.2143 115.832 8.48
    endloop
  endfacet
  facet normal -0.292435 -0.956285 -0
    outer loop
      vertex 37.2365 114.602 8.48
      vertex 33.2143 115.832 3.5
      vertex 37.2365 114.602 3.5
    endloop
  endfacet
  facet normal 0.390844 0.920457 -0
    outer loop
      vertex -45.1401 -111.726 3.5
      vertex -49.0118 -110.082 8.48
      vertex -45.1401 -111.726 8.48
    endloop
  endfacet
  facet normal 0.390844 0.920457 0
    outer loop
      vertex -49.0118 -110.082 8.48
      vertex -45.1401 -111.726 3.5
      vertex -49.0118 -110.082 3.5
    endloop
  endfacet
  facet normal -0.890958 0.454085 0
    outer loop
      vertex 106.395 -56.5713 3.5
      vertex 108.305 -52.8237 8.48
      vertex 108.305 -52.8237 3.5
    endloop
  endfacet
  facet normal -0.890958 0.454085 0
    outer loop
      vertex 108.305 -52.8237 8.48
      vertex 106.395 -56.5713 3.5
      vertex 106.395 -56.5713 8.48
    endloop
  endfacet
  facet normal -0.224919 -0.974378 0
    outer loop
      vertex 25.0534 117.867 3.5
      vertex 29.1516 116.921 8.48
      vertex 25.0534 117.867 8.48
    endloop
  endfacet
  facet normal -0.224919 -0.974378 -0
    outer loop
      vertex 29.1516 116.921 8.48
      vertex 25.0534 117.867 3.5
      vertex 29.1516 116.921 3.5
    endloop
  endfacet
  facet normal 0.974378 -0.224919 0
    outer loop
      vertex -117.867 25.0534 8.48
      vertex -116.921 29.1516 3.5
      vertex -116.921 29.1516 8.48
    endloop
  endfacet
  facet normal 0.974378 -0.224919 0
    outer loop
      vertex -116.921 29.1516 3.5
      vertex -117.867 25.0534 8.48
      vertex -117.867 25.0534 3.5
    endloop
  endfacet
  facet normal 0.819151 0.573577 0
    outer loop
      vertex -97.4865 -70.8281 8.48
      vertex -99.899 -67.3827 3.5
      vertex -99.899 -67.3827 8.48
    endloop
  endfacet
  facet normal 0.819151 0.573577 0
    outer loop
      vertex -99.899 -67.3827 3.5
      vertex -97.4865 -70.8281 8.48
      vertex -97.4865 -70.8281 3.5
    endloop
  endfacet
  facet normal 0.777151 -0.629314 0
    outer loop
      vertex -94.9553 74.1872 8.48
      vertex -92.3084 77.4559 3.5
      vertex -92.3084 77.4559 8.48
    endloop
  endfacet
  facet normal 0.777151 -0.629314 0
    outer loop
      vertex -92.3084 77.4559 3.5
      vertex -94.9553 74.1872 8.48
      vertex -94.9553 74.1872 3.5
    endloop
  endfacet
  facet normal 0.573577 -0.819151 0
    outer loop
      vertex -70.8281 97.4865 3.5
      vertex -67.3827 99.899 8.48
      vertex -70.8281 97.4865 8.48
    endloop
  endfacet
  facet normal 0.573577 -0.819151 0
    outer loop
      vertex -67.3827 99.899 8.48
      vertex -70.8281 97.4865 3.5
      vertex -67.3827 99.899 3.5
    endloop
  endfacet
  facet normal 0.981652 -0.190681 0
    outer loop
      vertex -118.669 20.9246 8.48
      vertex -117.867 25.0534 3.5
      vertex -117.867 25.0534 8.48
    endloop
  endfacet
  facet normal 0.981652 -0.190681 0
    outer loop
      vertex -117.867 25.0534 3.5
      vertex -118.669 20.9246 8.48
      vertex -118.669 20.9246 3.5
    endloop
  endfacet
  facet normal -0.325492 -0.945545 0
    outer loop
      vertex 37.2365 114.602 3.5
      vertex 41.2134 113.233 8.48
      vertex 37.2365 114.602 8.48
    endloop
  endfacet
  facet normal -0.325492 -0.945545 -0
    outer loop
      vertex 41.2134 113.233 8.48
      vertex 37.2365 114.602 3.5
      vertex 41.2134 113.233 3.5
    endloop
  endfacet
  facet normal 0.998619 -0.0525431 0
    outer loop
      vertex -120.427 4.20539 8.48
      vertex -120.206 8.40565 3.5
      vertex -120.206 8.40565 8.48
    endloop
  endfacet
  facet normal 0.998619 -0.0525431 0
    outer loop
      vertex -120.206 8.40565 3.5
      vertex -120.427 4.20539 8.48
      vertex -120.427 4.20539 3.5
    endloop
  endfacet
  facet normal 0.920457 -0.390844 0
    outer loop
      vertex -111.726 45.1401 8.48
      vertex -110.082 49.0118 3.5
      vertex -110.082 49.0118 8.48
    endloop
  endfacet
  facet normal 0.920457 -0.390844 0
    outer loop
      vertex -110.082 49.0118 3.5
      vertex -111.726 45.1401 8.48
      vertex -111.726 45.1401 3.5
    endloop
  endfacet
  facet normal -0.981652 0.190681 0
    outer loop
      vertex 117.867 -25.0534 3.5
      vertex 118.669 -20.9246 8.48
      vertex 118.669 -20.9246 3.5
    endloop
  endfacet
  facet normal -0.981652 0.190681 0
    outer loop
      vertex 118.669 -20.9246 8.48
      vertex 117.867 -25.0534 3.5
      vertex 117.867 -25.0534 8.48
    endloop
  endfacet
  facet normal 0.906355 0.422517 0
    outer loop
      vertex -108.305 -52.8237 8.48
      vertex -110.082 -49.0118 3.5
      vertex -110.082 -49.0118 8.48
    endloop
  endfacet
  facet normal 0.906355 0.422517 0
    outer loop
      vertex -110.082 -49.0118 3.5
      vertex -108.305 -52.8237 8.48
      vertex -108.305 -52.8237 3.5
    endloop
  endfacet
  facet normal -0.819151 -0.573577 0
    outer loop
      vertex 99.899 67.3827 3.5
      vertex 97.4865 70.8281 8.48
      vertex 97.4865 70.8281 3.5
    endloop
  endfacet
  facet normal -0.819151 -0.573577 0
    outer loop
      vertex 97.4865 70.8281 8.48
      vertex 99.899 67.3827 3.5
      vertex 99.899 67.3827 8.48
    endloop
  endfacet
  facet normal -0.258908 -0.965902 0
    outer loop
      vertex 29.1516 116.921 3.5
      vertex 33.2143 115.832 8.48
      vertex 29.1516 116.921 8.48
    endloop
  endfacet
  facet normal -0.258908 -0.965902 -0
    outer loop
      vertex 33.2143 115.832 8.48
      vertex 29.1516 116.921 3.5
      vertex 33.2143 115.832 3.5
    endloop
  endfacet
  facet normal 0.258689 0.965961 -0
    outer loop
      vertex -31 -116.425 3.5
      vertex -33.2143 -115.832 8.48
      vertex -31 -116.425 8.48
    endloop
  endfacet
  facet normal 0.258689 0.965961 0
    outer loop
      vertex -33.2143 -115.832 8.48
      vertex -31 -116.425 3.5
      vertex -33.2143 -115.832 3.5
    endloop
  endfacet
  facet normal 0.965902 -0.258908 0
    outer loop
      vertex -116.921 29.1516 8.48
      vertex -115.832 33.2143 3.5
      vertex -115.832 33.2143 8.48
    endloop
  endfacet
  facet normal 0.965902 -0.258908 0
    outer loop
      vertex -115.832 33.2143 3.5
      vertex -116.921 29.1516 8.48
      vertex -116.921 29.1516 3.5
    endloop
  endfacet
  facet normal 0.798643 -0.601805 0
    outer loop
      vertex -97.4865 70.8281 8.48
      vertex -94.9553 74.1872 3.5
      vertex -94.9553 74.1872 8.48
    endloop
  endfacet
  facet normal 0.798643 -0.601805 0
    outer loop
      vertex -94.9553 74.1872 3.5
      vertex -97.4865 70.8281 8.48
      vertex -97.4865 70.8281 3.5
    endloop
  endfacet
  facet normal 0.422517 0.906355 -0
    outer loop
      vertex -49.0118 -110.082 3.5
      vertex -52.8237 -108.305 8.48
      vertex -49.0118 -110.082 8.48
    endloop
  endfacet
  facet normal 0.422517 0.906355 0
    outer loop
      vertex -52.8237 -108.305 8.48
      vertex -49.0118 -110.082 3.5
      vertex -52.8237 -108.305 3.5
    endloop
  endfacet
  facet normal 0.857197 -0.514989 0
    outer loop
      vertex -104.356 60.25 8.48
      vertex -102.19 63.8553 3.5
      vertex -102.19 63.8553 8.48
    endloop
  endfacet
  facet normal 0.857197 -0.514989 0
    outer loop
      vertex -102.19 63.8553 3.5
      vertex -104.356 60.25 8.48
      vertex -104.356 60.25 3.5
    endloop
  endfacet
  facet normal 0 0 -1
    outer loop
      vertex -31 -118.496 0
      vertex -33.7656 -117.755 0
      vertex -31 -80.5 0
    endloop
  endfacet
  facet normal 0 0 -1
    outer loop
      vertex 18.2213 -55.4205 0
      vertex 122.5 0 0
      vertex 122.425 -4.27519 0
    endloop
  endfacet
  facet normal 0 0 -1
    outer loop
      vertex 18.2213 -55.4205 0
      vertex 122.425 -4.27519 0
      vertex 122.202 -8.54517 0
    endloop
  endfacet
  facet normal 0 0 -1
    outer loop
      vertex 17.335 -54.7998 0
      vertex 122.5 0 0
      vertex 18.2213 -55.4205 0
    endloop
  endfacet
  facet normal 0 0 -1
    outer loop
      vertex 19.0855 -56.0717 0
      vertex 122.202 -8.54517 0
      vertex 121.829 -12.8047 0
    endloop
  endfacet
  facet normal -0 0 -1
    outer loop
      vertex 122.5 0 0
      vertex 17.335 -54.7998 0
      vertex 122.425 4.27519 0
    endloop
  endfacet
  facet normal 0 0 -1
    outer loop
      vertex 19.0855 -56.0717 0
      vertex 121.829 -12.8047 0
      vertex 121.308 -17.0487 0
    endloop
  endfacet
  facet normal -0 0 -1
    outer loop
      vertex 122.425 4.27519 0
      vertex 17.335 -54.7998 0
      vertex 122.202 8.54517 0
    endloop
  endfacet
  facet normal 0 0 -1
    outer loop
      vertex 19.9264 -56.7526 0
      vertex 121.308 -17.0487 0
      vertex 120.639 -21.2719 0
    endloop
  endfacet
  facet normal 0 0 -1
    outer loop
      vertex 16.4275 -54.2105 0
      vertex 122.202 8.54517 0
      vertex 17.335 -54.7998 0
    endloop
  endfacet
  facet normal 0 0 -1
    outer loop
      vertex 20.743 -57.4625 0
      vertex 120.639 -21.2719 0
      vertex 119.823 -25.4692 0
    endloop
  endfacet
  facet normal -0 0 -1
    outer loop
      vertex 122.202 8.54517 0
      vertex 16.4275 -54.2105 0
      vertex 121.829 12.8047 0
    endloop
  endfacet
  facet normal 0 0 -1
    outer loop
      vertex 20.743 -57.4625 0
      vertex 119.823 -25.4692 0
      vertex 118.861 -29.6354 0
    endloop
  endfacet
  facet normal -0 0 -1
    outer loop
      vertex 121.829 12.8047 0
      vertex 16.4275 -54.2105 0
      vertex 121.308 17.0487 0
    endloop
  endfacet
  facet normal 0 0 -1
    outer loop
      vertex 21.5344 -58.2005 0
      vertex 118.861 -29.6354 0
      vertex 117.755 -33.7656 0
    endloop
  endfacet
  facet normal 0 0 -1
    outer loop
      vertex 15.5 -53.6532 0
      vertex 121.308 17.0487 0
      vertex 16.4275 -54.2105 0
    endloop
  endfacet
  facet normal 0 0 -1
    outer loop
      vertex 22.2995 -58.9656 0
      vertex 117.755 -33.7656 0
      vertex 116.504 -37.8546 0
    endloop
  endfacet
  facet normal -0 0 -1
    outer loop
      vertex 121.308 17.0487 0
      vertex 15.5 -53.6532 0
      vertex 120.639 21.2719 0
    endloop
  endfacet
  facet normal 0 0 -1
    outer loop
      vertex 22.2995 -58.9656 0
      vertex 116.504 -37.8546 0
      vertex 115.112 -41.8975 0
    endloop
  endfacet
  facet normal 0 0 -1
    outer loop
      vertex 122.202 -8.54517 0
      vertex 19.0855 -56.0717 0
      vertex 18.2213 -55.4205 0
    endloop
  endfacet
  facet normal 0 0 -1
    outer loop
      vertex 23.0375 -59.757 0
      vertex 115.112 -41.8975 0
      vertex 113.58 -45.8893 0
    endloop
  endfacet
  facet normal -0 0 -1
    outer loop
      vertex 120.639 21.2719 0
      vertex 15.5 -53.6532 0
      vertex 119.823 25.4692 0
    endloop
  endfacet
  facet normal 0 0 -1
    outer loop
      vertex 23.7474 -60.5736 0
      vertex 113.58 -45.8893 0
      vertex 111.909 -49.8252 0
    endloop
  endfacet
  facet normal 0 0 -1
    outer loop
      vertex 14.5536 -53.1286 0
      vertex 119.823 25.4692 0
      vertex 15.5 -53.6532 0
    endloop
  endfacet
  facet normal 0 0 -1
    outer loop
      vertex 24.4283 -61.4145 0
      vertex 111.909 -49.8252 0
      vertex 110.102 -53.7005 0
    endloop
  endfacet
  facet normal -0 0 -1
    outer loop
      vertex 119.823 25.4692 0
      vertex 14.5536 -53.1286 0
      vertex 118.861 29.6354 0
    endloop
  endfacet
  facet normal 0 0 -1
    outer loop
      vertex 25.0795 -62.2787 0
      vertex 110.102 -53.7005 0
      vertex 108.161 -57.5103 0
    endloop
  endfacet
  facet normal 0 0 -1
    outer loop
      vertex 121.308 -17.0487 0
      vertex 19.9264 -56.7526 0
      vertex 19.0855 -56.0717 0
    endloop
  endfacet
  facet normal 0 0 -1
    outer loop
      vertex 25.7002 -63.165 0
      vertex 108.161 -57.5103 0
      vertex 106.088 -61.25 0
    endloop
  endfacet
  facet normal -0 0 -1
    outer loop
      vertex 118.861 29.6354 0
      vertex 14.5536 -53.1286 0
      vertex 117.755 33.7656 0
    endloop
  endfacet
  facet normal 0 0 -1
    outer loop
      vertex 26.2895 -64.0725 0
      vertex 106.088 -61.25 0
      vertex 103.886 -64.9151 0
    endloop
  endfacet
  facet normal 0 0 -1
    outer loop
      vertex 13.5895 -52.6374 0
      vertex 117.755 33.7656 0
      vertex 14.5536 -53.1286 0
    endloop
  endfacet
  facet normal 0 0 -1
    outer loop
      vertex 26.8468 -65 0
      vertex 103.886 -64.9151 0
      vertex 101.557 -68.5011 0
    endloop
  endfacet
  facet normal 0 0 -1
    outer loop
      vertex 120.639 -21.2719 0
      vertex 20.743 -57.4625 0
      vertex 19.9264 -56.7526 0
    endloop
  endfacet
  facet normal 0 0 -1
    outer loop
      vertex 27.3714 -65.9464 0
      vertex 101.557 -68.5011 0
      vertex 99.1046 -72.0037 0
    endloop
  endfacet
  facet normal -0 0 -1
    outer loop
      vertex 117.755 33.7656 0
      vertex 13.5895 -52.6374 0
      vertex 116.504 37.8546 0
    endloop
  endfacet
  facet normal 0 0 -1
    outer loop
      vertex 27.8626 -66.9105 0
      vertex 99.1046 -72.0037 0
      vertex 96.5313 -75.4185 0
    endloop
  endfacet
  facet normal 0 0 -1
    outer loop
      vertex 118.861 -29.6354 0
      vertex 21.5344 -58.2005 0
      vertex 20.743 -57.4625 0
    endloop
  endfacet
  facet normal 0 0 -1
    outer loop
      vertex 28.3199 -67.8912 0
      vertex 96.5313 -75.4185 0
      vertex 93.8404 -78.7415 0
    endloop
  endfacet
  facet normal -0 0 -1
    outer loop
      vertex 116.504 37.8546 0
      vertex 13.5895 -52.6374 0
      vertex 115.112 41.8975 0
    endloop
  endfacet
  facet normal 0 0 -1
    outer loop
      vertex 28.7427 -68.8872 0
      vertex 93.8404 -78.7415 0
      vertex 91.0352 -81.9685 0
    endloop
  endfacet
  facet normal 0 0 -1
    outer loop
      vertex 117.755 -33.7656 0
      vertex 22.2995 -58.9656 0
      vertex 21.5344 -58.2005 0
    endloop
  endfacet
  facet normal 0 0 -1
    outer loop
      vertex 29.4828 -70.9205 0
      vertex 91.0352 -81.9685 0
      vertex 88.1191 -85.0956 0
    endloop
  endfacet
  facet normal 0 0 -1
    outer loop
      vertex 12.6088 -52.1801 0
      vertex 115.112 41.8975 0
      vertex 13.5895 -52.6374 0
    endloop
  endfacet
  facet normal 0 0 -1
    outer loop
      vertex 29.7991 -71.9552 0
      vertex 88.1191 -85.0956 0
      vertex 85.0956 -88.1191 0
    endloop
  endfacet
  facet normal 0 0 -1
    outer loop
      vertex 115.112 -41.8975 0
      vertex 23.0375 -59.757 0
      vertex 22.2995 -58.9656 0
    endloop
  endfacet
  facet normal 0 0 -1
    outer loop
      vertex 30.0792 -73.0004 0
      vertex 85.0956 -88.1191 0
      vertex 81.9685 -91.0352 0
    endloop
  endfacet
  facet normal 0 0 -1
    outer loop
      vertex 113.58 -45.8893 0
      vertex 23.7474 -60.5736 0
      vertex 23.0375 -59.757 0
    endloop
  endfacet
  facet normal 0 0 -1
    outer loop
      vertex 30.529 -75.1169 0
      vertex 81.9685 -91.0352 0
      vertex 78.7415 -93.8404 0
    endloop
  endfacet
  facet normal 0 0 -1
    outer loop
      vertex 111.909 -49.8252 0
      vertex 24.4283 -61.4145 0
      vertex 23.7474 -60.5736 0
    endloop
  endfacet
  facet normal 0 0 -1
    outer loop
      vertex 30.6983 -76.1856 0
      vertex 78.7415 -93.8404 0
      vertex 75.4185 -96.5313 0
    endloop
  endfacet
  facet normal -0 0 -1
    outer loop
      vertex 115.112 41.8975 0
      vertex 12.6088 -52.1801 0
      vertex 113.58 45.8893 0
    endloop
  endfacet
  facet normal 0 0 -1
    outer loop
      vertex 30.9245 -78.3375 0
      vertex 75.4185 -96.5313 0
      vertex 72.0037 -99.1046 0
    endloop
  endfacet
  facet normal 0 0 -1
    outer loop
      vertex 110.102 -53.7005 0
      vertex 25.0795 -62.2787 0
      vertex 24.4283 -61.4145 0
    endloop
  endfacet
  facet normal 0 0 -1
    outer loop
      vertex 31 -80.5 0
      vertex 72.0037 -99.1046 0
      vertex 68.5011 -101.557 0
    endloop
  endfacet
  facet normal 0 0 -1
    outer loop
      vertex 108.161 -57.5103 0
      vertex 25.7002 -63.165 0
      vertex 25.0795 -62.2787 0
    endloop
  endfacet
  facet normal 0 0 -1
    outer loop
      vertex 31 -80.5 0
      vertex 68.5011 -101.557 0
      vertex 64.9151 -103.886 0
    endloop
  endfacet
  facet normal -0 0 -1
    outer loop
      vertex 103.886 -64.9151 0
      vertex 26.8468 -65 0
      vertex 26.2895 -64.0725 0
    endloop
  endfacet
  facet normal 0 0 -1
    outer loop
      vertex 31 -80.5 0
      vertex 64.9151 -103.886 0
      vertex 61.25 -106.088 0
    endloop
  endfacet
  facet normal 0 0 -1
    outer loop
      vertex 101.557 -68.5011 0
      vertex 27.3714 -65.9464 0
      vertex 26.8468 -65 0
    endloop
  endfacet
  facet normal 0 0 -1
    outer loop
      vertex 31 -80.5 0
      vertex 61.25 -106.088 0
      vertex 57.5103 -108.161 0
    endloop
  endfacet
  facet normal 0 0 -1
    outer loop
      vertex 99.1046 -72.0037 0
      vertex 27.8626 -66.9105 0
      vertex 27.3714 -65.9464 0
    endloop
  endfacet
  facet normal 0 0 -1
    outer loop
      vertex 31 -80.5 0
      vertex 57.5103 -108.161 0
      vertex 53.7005 -110.102 0
    endloop
  endfacet
  facet normal 0 0 -1
    outer loop
      vertex 93.8404 -78.7415 0
      vertex 28.7427 -68.8872 0
      vertex 28.3199 -67.8912 0
    endloop
  endfacet
  facet normal 0 0 -1
    outer loop
      vertex 31 -80.5 0
      vertex 53.7005 -110.102 0
      vertex 49.8252 -111.909 0
    endloop
  endfacet
  facet normal 0 0 -1
    outer loop
      vertex 91.0352 -81.9685 0
      vertex 29.1305 -69.8974 0
      vertex 28.7427 -68.8872 0
    endloop
  endfacet
  facet normal 0 0 -1
    outer loop
      vertex 31 -80.5 0
      vertex 49.8252 -111.909 0
      vertex 45.8893 -113.58 0
    endloop
  endfacet
  facet normal 0 0 -1
    outer loop
      vertex 88.1191 -85.0956 0
      vertex 29.7991 -71.9552 0
      vertex 29.4828 -70.9205 0
    endloop
  endfacet
  facet normal 0 0 -1
    outer loop
      vertex 31 -80.5 0
      vertex 45.8893 -113.58 0
      vertex 41.8975 -115.112 0
    endloop
  endfacet
  facet normal 0 0 -1
    outer loop
      vertex 81.9685 -91.0352 0
      vertex 30.3226 -74.0547 0
      vertex 30.0792 -73.0004 0
    endloop
  endfacet
  facet normal 0 0 -1
    outer loop
      vertex 31 -80.5 0
      vertex 41.8975 -115.112 0
      vertex 37.8546 -116.504 0
    endloop
  endfacet
  facet normal 0 0 -1
    outer loop
      vertex 78.7415 -93.8404 0
      vertex 30.6983 -76.1856 0
      vertex 30.529 -75.1169 0
    endloop
  endfacet
  facet normal 0 0 -1
    outer loop
      vertex 31 -80.5 0
      vertex 37.8546 -116.504 0
      vertex 33.7656 -117.755 0
    endloop
  endfacet
  facet normal 0 0 -1
    outer loop
      vertex 72.0037 -99.1046 0
      vertex 30.9811 -79.4181 0
      vertex 30.9245 -78.3375 0
    endloop
  endfacet
  facet normal 0 0 -1
    outer loop
      vertex 31 -80.5 0
      vertex 33.7656 -117.755 0
      vertex 31 -118.496 0
    endloop
  endfacet
  facet normal 0 0 -1
    outer loop
      vertex 72.0037 -99.1046 0
      vertex 31 -80.5 0
      vertex 30.9811 -79.4181 0
    endloop
  endfacet
  facet normal 0 0 -1
    outer loop
      vertex 75.4185 -96.5313 0
      vertex 30.9245 -78.3375 0
      vertex 30.8302 -77.2596 0
    endloop
  endfacet
  facet normal 0 0 -1
    outer loop
      vertex 75.4185 -96.5313 0
      vertex 30.8302 -77.2596 0
      vertex 30.6983 -76.1856 0
    endloop
  endfacet
  facet normal 0 0 -1
    outer loop
      vertex 81.9685 -91.0352 0
      vertex 30.529 -75.1169 0
      vertex 30.3226 -74.0547 0
    endloop
  endfacet
  facet normal 0 0 -1
    outer loop
      vertex 85.0956 -88.1191 0
      vertex 30.0792 -73.0004 0
      vertex 29.7991 -71.9552 0
    endloop
  endfacet
  facet normal 0 0 -1
    outer loop
      vertex 91.0352 -81.9685 0
      vertex 29.4828 -70.9205 0
      vertex 29.1305 -69.8974 0
    endloop
  endfacet
  facet normal 0 0 -1
    outer loop
      vertex 96.5313 -75.4185 0
      vertex 28.3199 -67.8912 0
      vertex 27.8626 -66.9105 0
    endloop
  endfacet
  facet normal 0 0 -1
    outer loop
      vertex 106.088 -61.25 0
      vertex 26.2895 -64.0725 0
      vertex 25.7002 -63.165 0
    endloop
  endfacet
  facet normal -0 0 -1
    outer loop
      vertex 113.58 45.8893 0
      vertex 12.6088 -52.1801 0
      vertex 111.909 49.8252 0
    endloop
  endfacet
  facet normal 0 0 -1
    outer loop
      vertex 11.6128 -51.7573 0
      vertex 111.909 49.8252 0
      vertex 12.6088 -52.1801 0
    endloop
  endfacet
  facet normal -0 0 -1
    outer loop
      vertex 111.909 49.8252 0
      vertex 11.6128 -51.7573 0
      vertex 110.102 53.7005 0
    endloop
  endfacet
  facet normal -0 0 -1
    outer loop
      vertex 110.102 53.7005 0
      vertex 11.6128 -51.7573 0
      vertex 108.161 57.5103 0
    endloop
  endfacet
  facet normal -0 0 -1
    outer loop
      vertex 108.161 57.5103 0
      vertex 11.6128 -51.7573 0
      vertex 106.088 61.25 0
    endloop
  endfacet
  facet normal 0 0 -1
    outer loop
      vertex 10.6026 -51.3695 0
      vertex 106.088 61.25 0
      vertex 11.6128 -51.7573 0
    endloop
  endfacet
  facet normal -0 0 -1
    outer loop
      vertex 106.088 61.25 0
      vertex 10.6026 -51.3695 0
      vertex 103.886 64.9151 0
    endloop
  endfacet
  facet normal -0 0 -1
    outer loop
      vertex 103.886 64.9151 0
      vertex 10.6026 -51.3695 0
      vertex 101.557 68.5011 0
    endloop
  endfacet
  facet normal 0 0 -1
    outer loop
      vertex 9.57953 -51.0172 0
      vertex 101.557 68.5011 0
      vertex 10.6026 -51.3695 0
    endloop
  endfacet
  facet normal -0 0 -1
    outer loop
      vertex 101.557 68.5011 0
      vertex 9.57953 -51.0172 0
      vertex 99.1046 72.0037 0
    endloop
  endfacet
  facet normal -0 0 -1
    outer loop
      vertex 99.1046 72.0037 0
      vertex 9.57953 -51.0172 0
      vertex 96.5313 75.4185 0
    endloop
  endfacet
  facet normal -0 0 -1
    outer loop
      vertex 96.5313 75.4185 0
      vertex 9.57953 -51.0172 0
      vertex 93.8404 78.7415 0
    endloop
  endfacet
  facet normal 0 0 -1
    outer loop
      vertex 8.54476 -50.7009 0
      vertex 93.8404 78.7415 0
      vertex 9.57953 -51.0172 0
    endloop
  endfacet
  facet normal -0 0 -1
    outer loop
      vertex 93.8404 78.7415 0
      vertex 8.54476 -50.7009 0
      vertex 91.0352 81.9685 0
    endloop
  endfacet
  facet normal -0 0 -1
    outer loop
      vertex 91.0352 81.9685 0
      vertex 8.54476 -50.7009 0
      vertex 88.1191 85.0956 0
    endloop
  endfacet
  facet normal -0 0 -1
    outer loop
      vertex 88.1191 85.0956 0
      vertex 8.54476 -50.7009 0
      vertex 85.0956 88.1191 0
    endloop
  endfacet
  facet normal 0 0 -1
    outer loop
      vertex 7.49958 -50.4208 0
      vertex 85.0956 88.1191 0
      vertex 8.54476 -50.7009 0
    endloop
  endfacet
  facet normal -0 0 -1
    outer loop
      vertex 85.0956 88.1191 0
      vertex 7.49958 -50.4208 0
      vertex 81.9685 91.0352 0
    endloop
  endfacet
  facet normal -0 0 -1
    outer loop
      vertex 81.9685 91.0352 0
      vertex 7.49958 -50.4208 0
      vertex 78.7415 93.8404 0
    endloop
  endfacet
  facet normal -0 0 -1
    outer loop
      vertex 78.7415 93.8404 0
      vertex 7.49958 -50.4208 0
      vertex 75.4185 96.5313 0
    endloop
  endfacet
  facet normal 0 0 -1
    outer loop
      vertex 6.44526 -50.1774 0
      vertex 75.4185 96.5313 0
      vertex 7.49958 -50.4208 0
    endloop
  endfacet
  facet normal -0 0 -1
    outer loop
      vertex 75.4185 96.5313 0
      vertex 6.44526 -50.1774 0
      vertex 72.0037 99.1046 0
    endloop
  endfacet
  facet normal -0 0 -1
    outer loop
      vertex 72.0037 99.1046 0
      vertex 6.44526 -50.1774 0
      vertex 68.5011 101.557 0
    endloop
  endfacet
  facet normal 0 0 -1
    outer loop
      vertex 5.38309 -49.971 0
      vertex 68.5011 101.557 0
      vertex 6.44526 -50.1774 0
    endloop
  endfacet
  facet normal -0 0 -1
    outer loop
      vertex 68.5011 101.557 0
      vertex 5.38309 -49.971 0
      vertex 64.9151 103.886 0
    endloop
  endfacet
  facet normal -0 0 -1
    outer loop
      vertex 64.9151 103.886 0
      vertex 5.38309 -49.971 0
      vertex 61.25 106.088 0
    endloop
  endfacet
  facet normal -0 0 -1
    outer loop
      vertex 61.25 106.088 0
      vertex 5.38309 -49.971 0
      vertex 57.5103 108.161 0
    endloop
  endfacet
  facet normal 0 0 -1
    outer loop
      vertex 4.31437 -49.8017 0
      vertex 57.5103 108.161 0
      vertex 5.38309 -49.971 0
    endloop
  endfacet
  facet normal -0 0 -1
    outer loop
      vertex 57.5103 108.161 0
      vertex 4.31437 -49.8017 0
      vertex 53.7005 110.102 0
    endloop
  endfacet
  facet normal -0 0 -1
    outer loop
      vertex 53.7005 110.102 0
      vertex 4.31437 -49.8017 0
      vertex 49.8252 111.909 0
    endloop
  endfacet
  facet normal -0 0 -1
    outer loop
      vertex 49.8252 111.909 0
      vertex 4.31437 -49.8017 0
      vertex 45.8893 113.58 0
    endloop
  endfacet
  facet normal -0 0 -1
    outer loop
      vertex 45.8893 113.58 0
      vertex 4.31437 -49.8017 0
      vertex 41.8975 115.112 0
    endloop
  endfacet
  facet normal 0 0 -1
    outer loop
      vertex 3.24038 -49.6698 0
      vertex 41.8975 115.112 0
      vertex 4.31437 -49.8017 0
    endloop
  endfacet
  facet normal -0 0 -1
    outer loop
      vertex 41.8975 115.112 0
      vertex 3.24038 -49.6698 0
      vertex 37.8546 116.504 0
    endloop
  endfacet
  facet normal -0 0 -1
    outer loop
      vertex 37.8546 116.504 0
      vertex 3.24038 -49.6698 0
      vertex 33.7656 117.755 0
    endloop
  endfacet
  facet normal -0 0 -1
    outer loop
      vertex 33.7656 117.755 0
      vertex 3.24038 -49.6698 0
      vertex 29.6354 118.861 0
    endloop
  endfacet
  facet normal 0 0 -1
    outer loop
      vertex 2.16245 -49.5755 0
      vertex 29.6354 118.861 0
      vertex 3.24038 -49.6698 0
    endloop
  endfacet
  facet normal -0 0 -1
    outer loop
      vertex 29.6354 118.861 0
      vertex 2.16245 -49.5755 0
      vertex 25.4692 119.823 0
    endloop
  endfacet
  facet normal -0 0 -1
    outer loop
      vertex 25.4692 119.823 0
      vertex 2.16245 -49.5755 0
      vertex 21.2719 120.639 0
    endloop
  endfacet
  facet normal -0 0 -1
    outer loop
      vertex 21.2719 120.639 0
      vertex 2.16245 -49.5755 0
      vertex 17.0487 121.308 0
    endloop
  endfacet
  facet normal 0 0 -1
    outer loop
      vertex 1.08188 -49.5189 0
      vertex 17.0487 121.308 0
      vertex 2.16245 -49.5755 0
    endloop
  endfacet
  facet normal -0 0 -1
    outer loop
      vertex 17.0487 121.308 0
      vertex 1.08188 -49.5189 0
      vertex 12.8047 121.829 0
    endloop
  endfacet
  facet normal -0 0 -1
    outer loop
      vertex 12.8047 121.829 0
      vertex 1.08188 -49.5189 0
      vertex 8.54517 122.202 0
    endloop
  endfacet
  facet normal -0 0 -1
    outer loop
      vertex 8.54517 122.202 0
      vertex 1.08188 -49.5189 0
      vertex 4.27519 122.425 0
    endloop
  endfacet
  facet normal 0 0 -1
    outer loop
      vertex 0 -49.5 0
      vertex 4.27519 122.425 0
      vertex 1.08188 -49.5189 0
    endloop
  endfacet
  facet normal 0 0 -1
    outer loop
      vertex 0 -49.5 0
      vertex 0 122.5 0
      vertex 4.27519 122.425 0
    endloop
  endfacet
  facet normal 0 0 -1
    outer loop
      vertex -4.27519 122.425 0
      vertex 0 -49.5 0
      vertex -1.08188 -49.5189 0
    endloop
  endfacet
  facet normal 0 0 -1
    outer loop
      vertex -17.0487 121.308 0
      vertex -1.08188 -49.5189 0
      vertex -2.16245 -49.5755 0
    endloop
  endfacet
  facet normal 0 0 -1
    outer loop
      vertex -29.6354 118.861 0
      vertex -2.16245 -49.5755 0
      vertex -3.24038 -49.6698 0
    endloop
  endfacet
  facet normal 0 0 -1
    outer loop
      vertex 0 -49.5 0
      vertex -4.27519 122.425 0
      vertex 0 122.5 0
    endloop
  endfacet
  facet normal 0 0 -1
    outer loop
      vertex -41.8975 115.112 0
      vertex -3.24038 -49.6698 0
      vertex -4.31437 -49.8017 0
    endloop
  endfacet
  facet normal 0 0 -1
    outer loop
      vertex -57.5103 108.161 0
      vertex -4.31437 -49.8017 0
      vertex -5.38309 -49.971 0
    endloop
  endfacet
  facet normal 0 0 -1
    outer loop
      vertex -68.5011 101.557 0
      vertex -5.38309 -49.971 0
      vertex -6.44526 -50.1774 0
    endloop
  endfacet
  facet normal 0 0 -1
    outer loop
      vertex -75.4185 96.5313 0
      vertex -6.44526 -50.1774 0
      vertex -7.49958 -50.4208 0
    endloop
  endfacet
  facet normal 0 0 -1
    outer loop
      vertex -85.0956 88.1191 0
      vertex -7.49958 -50.4208 0
      vertex -8.54476 -50.7009 0
    endloop
  endfacet
  facet normal 0 0 -1
    outer loop
      vertex -1.08188 -49.5189 0
      vertex -8.54517 122.202 0
      vertex -4.27519 122.425 0
    endloop
  endfacet
  facet normal 0 0 -1
    outer loop
      vertex -93.8404 78.7415 0
      vertex -8.54476 -50.7009 0
      vertex -9.57953 -51.0172 0
    endloop
  endfacet
  facet normal 0 0 -1
    outer loop
      vertex -101.557 68.5011 0
      vertex -9.57953 -51.0172 0
      vertex -10.6026 -51.3695 0
    endloop
  endfacet
  facet normal 0 0 -1
    outer loop
      vertex -106.088 61.25 0
      vertex -10.6026 -51.3695 0
      vertex -11.6128 -51.7573 0
    endloop
  endfacet
  facet normal 0 0 -1
    outer loop
      vertex -111.909 49.8252 0
      vertex -11.6128 -51.7573 0
      vertex -12.6088 -52.1801 0
    endloop
  endfacet
  facet normal 0 0 -1
    outer loop
      vertex -1.08188 -49.5189 0
      vertex -12.8047 121.829 0
      vertex -8.54517 122.202 0
    endloop
  endfacet
  facet normal 0 0 -1
    outer loop
      vertex -115.112 41.8975 0
      vertex -12.6088 -52.1801 0
      vertex -13.5895 -52.6374 0
    endloop
  endfacet
  facet normal 0 0 -1
    outer loop
      vertex -117.755 33.7656 0
      vertex -13.5895 -52.6374 0
      vertex -14.5536 -53.1286 0
    endloop
  endfacet
  facet normal 0 0 -1
    outer loop
      vertex -119.823 25.4692 0
      vertex -14.5536 -53.1286 0
      vertex -15.5 -53.6532 0
    endloop
  endfacet
  facet normal 0 0 -1
    outer loop
      vertex -121.308 17.0487 0
      vertex -15.5 -53.6532 0
      vertex -16.4275 -54.2105 0
    endloop
  endfacet
  facet normal 0 0 -1
    outer loop
      vertex -1.08188 -49.5189 0
      vertex -17.0487 121.308 0
      vertex -12.8047 121.829 0
    endloop
  endfacet
  facet normal 0 0 -1
    outer loop
      vertex -122.202 8.54517 0
      vertex -16.4275 -54.2105 0
      vertex -17.335 -54.7998 0
    endloop
  endfacet
  facet normal 0 0 -1
    outer loop
      vertex -122.5 0 0
      vertex -17.335 -54.7998 0
      vertex -18.2213 -55.4205 0
    endloop
  endfacet
  facet normal 0 0 -1
    outer loop
      vertex -122.202 -8.54517 0
      vertex -18.2213 -55.4205 0
      vertex -19.0855 -56.0717 0
    endloop
  endfacet
  facet normal 0 0 -1
    outer loop
      vertex -121.829 -12.8047 0
      vertex -19.0855 -56.0717 0
      vertex -19.9264 -56.7526 0
    endloop
  endfacet
  facet normal 0 0 -1
    outer loop
      vertex -120.639 -21.2719 0
      vertex -19.9264 -56.7526 0
      vertex -20.743 -57.4625 0
    endloop
  endfacet
  facet normal 0 0 -1
    outer loop
      vertex -2.16245 -49.5755 0
      vertex -21.2719 120.639 0
      vertex -17.0487 121.308 0
    endloop
  endfacet
  facet normal 0 0 -1
    outer loop
      vertex -119.823 -25.4692 0
      vertex -20.743 -57.4625 0
      vertex -21.5344 -58.2005 0
    endloop
  endfacet
  facet normal 0 0 -1
    outer loop
      vertex -117.755 -33.7656 0
      vertex -21.5344 -58.2005 0
      vertex -22.2995 -58.9656 0
    endloop
  endfacet
  facet normal 0 0 -1
    outer loop
      vertex -116.504 -37.8546 0
      vertex -22.2995 -58.9656 0
      vertex -23.0375 -59.757 0
    endloop
  endfacet
  facet normal 0 0 -1
    outer loop
      vertex -115.112 -41.8975 0
      vertex -23.0375 -59.757 0
      vertex -23.7474 -60.5736 0
    endloop
  endfacet
  facet normal 0 0 -1
    outer loop
      vertex -111.909 -49.8252 0
      vertex -23.7474 -60.5736 0
      vertex -24.4283 -61.4145 0
    endloop
  endfacet
  facet normal 0 0 -1
    outer loop
      vertex -110.102 -53.7005 0
      vertex -24.4283 -61.4145 0
      vertex -25.0795 -62.2787 0
    endloop
  endfacet
  facet normal 0 0 -1
    outer loop
      vertex -2.16245 -49.5755 0
      vertex -25.4692 119.823 0
      vertex -21.2719 120.639 0
    endloop
  endfacet
  facet normal 0 0 -1
    outer loop
      vertex -108.161 -57.5103 0
      vertex -25.0795 -62.2787 0
      vertex -25.7002 -63.165 0
    endloop
  endfacet
  facet normal 0 0 -1
    outer loop
      vertex -106.088 -61.25 0
      vertex -25.7002 -63.165 0
      vertex -26.2895 -64.0725 0
    endloop
  endfacet
  facet normal 0 0 -1
    outer loop
      vertex -103.886 -64.9151 0
      vertex -26.2895 -64.0725 0
      vertex -26.8468 -65 0
    endloop
  endfacet
  facet normal 0 0 -1
    outer loop
      vertex -101.557 -68.5011 0
      vertex -26.8468 -65 0
      vertex -27.3714 -65.9464 0
    endloop
  endfacet
  facet normal 0 0 -1
    outer loop
      vertex -99.1046 -72.0037 0
      vertex -27.3714 -65.9464 0
      vertex -27.8626 -66.9105 0
    endloop
  endfacet
  facet normal 0 0 -1
    outer loop
      vertex -96.5313 -75.4185 0
      vertex -27.8626 -66.9105 0
      vertex -28.3199 -67.8912 0
    endloop
  endfacet
  facet normal 0 0 -1
    outer loop
      vertex -93.8404 -78.7415 0
      vertex -28.3199 -67.8912 0
      vertex -28.7427 -68.8872 0
    endloop
  endfacet
  facet normal 0 0 -1
    outer loop
      vertex -93.8404 -78.7415 0
      vertex -28.7427 -68.8872 0
      vertex -29.1305 -69.8974 0
    endloop
  endfacet
  facet normal 0 0 -1
    outer loop
      vertex -91.0352 -81.9685 0
      vertex -29.1305 -69.8974 0
      vertex -29.4828 -70.9205 0
    endloop
  endfacet
  facet normal 0 0 -1
    outer loop
      vertex -2.16245 -49.5755 0
      vertex -29.6354 118.861 0
      vertex -25.4692 119.823 0
    endloop
  endfacet
  facet normal 0 0 -1
    outer loop
      vertex -88.1191 -85.0956 0
      vertex -29.4828 -70.9205 0
      vertex -29.7991 -71.9552 0
    endloop
  endfacet
  facet normal 0 0 -1
    outer loop
      vertex -85.0956 -88.1191 0
      vertex -29.7991 -71.9552 0
      vertex -30.0792 -73.0004 0
    endloop
  endfacet
  facet normal 0 0 -1
    outer loop
      vertex -85.0956 -88.1191 0
      vertex -30.0792 -73.0004 0
      vertex -30.3226 -74.0547 0
    endloop
  endfacet
  facet normal 0 0 -1
    outer loop
      vertex -81.9685 -91.0352 0
      vertex -30.3226 -74.0547 0
      vertex -30.529 -75.1169 0
    endloop
  endfacet
  facet normal 0 0 -1
    outer loop
      vertex -78.7415 -93.8404 0
      vertex -30.529 -75.1169 0
      vertex -30.6983 -76.1856 0
    endloop
  endfacet
  facet normal 0 0 -1
    outer loop
      vertex -78.7415 -93.8404 0
      vertex -30.6983 -76.1856 0
      vertex -30.8302 -77.2596 0
    endloop
  endfacet
  facet normal 0 0 -1
    outer loop
      vertex -75.4185 -96.5313 0
      vertex -30.8302 -77.2596 0
      vertex -30.9245 -78.3375 0
    endloop
  endfacet
  facet normal 0 0 -1
    outer loop
      vertex -72.0037 -99.1046 0
      vertex -30.9245 -78.3375 0
      vertex -30.9811 -79.4181 0
    endloop
  endfacet
  facet normal 0 0 -1
    outer loop
      vertex -72.0037 -99.1046 0
      vertex -30.9811 -79.4181 0
      vertex -31 -80.5 0
    endloop
  endfacet
  facet normal 0 0 -1
    outer loop
      vertex -37.8546 -116.504 0
      vertex -31 -80.5 0
      vertex -33.7656 -117.755 0
    endloop
  endfacet
  facet normal 0 0 -1
    outer loop
      vertex -3.24038 -49.6698 0
      vertex -33.7656 117.755 0
      vertex -29.6354 118.861 0
    endloop
  endfacet
  facet normal 0 0 -1
    outer loop
      vertex -41.8975 -115.112 0
      vertex -31 -80.5 0
      vertex -37.8546 -116.504 0
    endloop
  endfacet
  facet normal 0 0 -1
    outer loop
      vertex -3.24038 -49.6698 0
      vertex -37.8546 116.504 0
      vertex -33.7656 117.755 0
    endloop
  endfacet
  facet normal 0 0 -1
    outer loop
      vertex -45.8893 -113.58 0
      vertex -31 -80.5 0
      vertex -41.8975 -115.112 0
    endloop
  endfacet
  facet normal 0 0 -1
    outer loop
      vertex -3.24038 -49.6698 0
      vertex -41.8975 115.112 0
      vertex -37.8546 116.504 0
    endloop
  endfacet
  facet normal 0 0 -1
    outer loop
      vertex -49.8252 -111.909 0
      vertex -31 -80.5 0
      vertex -45.8893 -113.58 0
    endloop
  endfacet
  facet normal 0 0 -1
    outer loop
      vertex -4.31437 -49.8017 0
      vertex -45.8893 113.58 0
      vertex -41.8975 115.112 0
    endloop
  endfacet
  facet normal 0 0 -1
    outer loop
      vertex -53.7005 -110.102 0
      vertex -31 -80.5 0
      vertex -49.8252 -111.909 0
    endloop
  endfacet
  facet normal 0 0 -1
    outer loop
      vertex -4.31437 -49.8017 0
      vertex -49.8252 111.909 0
      vertex -45.8893 113.58 0
    endloop
  endfacet
  facet normal 0 0 -1
    outer loop
      vertex -57.5103 -108.161 0
      vertex -31 -80.5 0
      vertex -53.7005 -110.102 0
    endloop
  endfacet
  facet normal 0 0 -1
    outer loop
      vertex -4.31437 -49.8017 0
      vertex -53.7005 110.102 0
      vertex -49.8252 111.909 0
    endloop
  endfacet
  facet normal 0 0 -1
    outer loop
      vertex -61.25 -106.088 0
      vertex -31 -80.5 0
      vertex -57.5103 -108.161 0
    endloop
  endfacet
  facet normal 0 0 -1
    outer loop
      vertex -4.31437 -49.8017 0
      vertex -57.5103 108.161 0
      vertex -53.7005 110.102 0
    endloop
  endfacet
  facet normal 0 0 -1
    outer loop
      vertex -64.9151 -103.886 0
      vertex -31 -80.5 0
      vertex -61.25 -106.088 0
    endloop
  endfacet
  facet normal 0 0 -1
    outer loop
      vertex -5.38309 -49.971 0
      vertex -61.25 106.088 0
      vertex -57.5103 108.161 0
    endloop
  endfacet
  facet normal 0 0 -1
    outer loop
      vertex -68.5011 -101.557 0
      vertex -31 -80.5 0
      vertex -64.9151 -103.886 0
    endloop
  endfacet
  facet normal 0 0 -1
    outer loop
      vertex -5.38309 -49.971 0
      vertex -64.9151 103.886 0
      vertex -61.25 106.088 0
    endloop
  endfacet
  facet normal 0 0 -1
    outer loop
      vertex -72.0037 -99.1046 0
      vertex -31 -80.5 0
      vertex -68.5011 -101.557 0
    endloop
  endfacet
  facet normal 0 0 -1
    outer loop
      vertex -5.38309 -49.971 0
      vertex -68.5011 101.557 0
      vertex -64.9151 103.886 0
    endloop
  endfacet
  facet normal 0 0 -1
    outer loop
      vertex -30.9245 -78.3375 0
      vertex -72.0037 -99.1046 0
      vertex -75.4185 -96.5313 0
    endloop
  endfacet
  facet normal 0 0 -1
    outer loop
      vertex -6.44526 -50.1774 0
      vertex -72.0037 99.1046 0
      vertex -68.5011 101.557 0
    endloop
  endfacet
  facet normal 0 0 -1
    outer loop
      vertex -30.8302 -77.2596 0
      vertex -75.4185 -96.5313 0
      vertex -78.7415 -93.8404 0
    endloop
  endfacet
  facet normal 0 0 -1
    outer loop
      vertex -6.44526 -50.1774 0
      vertex -75.4185 96.5313 0
      vertex -72.0037 99.1046 0
    endloop
  endfacet
  facet normal 0 0 -1
    outer loop
      vertex -30.529 -75.1169 0
      vertex -78.7415 -93.8404 0
      vertex -81.9685 -91.0352 0
    endloop
  endfacet
  facet normal 0 0 -1
    outer loop
      vertex -7.49958 -50.4208 0
      vertex -78.7415 93.8404 0
      vertex -75.4185 96.5313 0
    endloop
  endfacet
  facet normal 0 0 -1
    outer loop
      vertex -30.3226 -74.0547 0
      vertex -81.9685 -91.0352 0
      vertex -85.0956 -88.1191 0
    endloop
  endfacet
  facet normal 0 0 -1
    outer loop
      vertex -7.49958 -50.4208 0
      vertex -81.9685 91.0352 0
      vertex -78.7415 93.8404 0
    endloop
  endfacet
  facet normal 0 0 -1
    outer loop
      vertex -29.7991 -71.9552 0
      vertex -85.0956 -88.1191 0
      vertex -88.1191 -85.0956 0
    endloop
  endfacet
  facet normal 0 0 -1
    outer loop
      vertex -7.49958 -50.4208 0
      vertex -85.0956 88.1191 0
      vertex -81.9685 91.0352 0
    endloop
  endfacet
  facet normal 0 0 -1
    outer loop
      vertex -29.4828 -70.9205 0
      vertex -88.1191 -85.0956 0
      vertex -91.0352 -81.9685 0
    endloop
  endfacet
  facet normal 0 0 -1
    outer loop
      vertex -8.54476 -50.7009 0
      vertex -88.1191 85.0956 0
      vertex -85.0956 88.1191 0
    endloop
  endfacet
  facet normal 0 0 -1
    outer loop
      vertex -29.1305 -69.8974 0
      vertex -91.0352 -81.9685 0
      vertex -93.8404 -78.7415 0
    endloop
  endfacet
  facet normal 0 0 -1
    outer loop
      vertex -8.54476 -50.7009 0
      vertex -91.0352 81.9685 0
      vertex -88.1191 85.0956 0
    endloop
  endfacet
  facet normal 0 0 -1
    outer loop
      vertex -28.3199 -67.8912 0
      vertex -93.8404 -78.7415 0
      vertex -96.5313 -75.4185 0
    endloop
  endfacet
  facet normal 0 0 -1
    outer loop
      vertex -8.54476 -50.7009 0
      vertex -93.8404 78.7415 0
      vertex -91.0352 81.9685 0
    endloop
  endfacet
  facet normal 0 0 -1
    outer loop
      vertex -27.8626 -66.9105 0
      vertex -96.5313 -75.4185 0
      vertex -99.1046 -72.0037 0
    endloop
  endfacet
  facet normal 0 0 -1
    outer loop
      vertex -9.57953 -51.0172 0
      vertex -96.5313 75.4185 0
      vertex -93.8404 78.7415 0
    endloop
  endfacet
  facet normal 0 0 -1
    outer loop
      vertex -27.3714 -65.9464 0
      vertex -99.1046 -72.0037 0
      vertex -101.557 -68.5011 0
    endloop
  endfacet
  facet normal 0 0 -1
    outer loop
      vertex -9.57953 -51.0172 0
      vertex -99.1046 72.0037 0
      vertex -96.5313 75.4185 0
    endloop
  endfacet
  facet normal -0 0 -1
    outer loop
      vertex -26.8468 -65 0
      vertex -101.557 -68.5011 0
      vertex -103.886 -64.9151 0
    endloop
  endfacet
  facet normal 0 0 -1
    outer loop
      vertex -9.57953 -51.0172 0
      vertex -101.557 68.5011 0
      vertex -99.1046 72.0037 0
    endloop
  endfacet
  facet normal -0 0 -1
    outer loop
      vertex -26.2895 -64.0725 0
      vertex -103.886 -64.9151 0
      vertex -106.088 -61.25 0
    endloop
  endfacet
  facet normal 0 0 -1
    outer loop
      vertex -10.6026 -51.3695 0
      vertex -103.886 64.9151 0
      vertex -101.557 68.5011 0
    endloop
  endfacet
  facet normal 0 0 -1
    outer loop
      vertex -25.7002 -63.165 0
      vertex -106.088 -61.25 0
      vertex -108.161 -57.5103 0
    endloop
  endfacet
  facet normal 0 0 -1
    outer loop
      vertex -10.6026 -51.3695 0
      vertex -106.088 61.25 0
      vertex -103.886 64.9151 0
    endloop
  endfacet
  facet normal 0 0 -1
    outer loop
      vertex -25.0795 -62.2787 0
      vertex -108.161 -57.5103 0
      vertex -110.102 -53.7005 0
    endloop
  endfacet
  facet normal 0 0 -1
    outer loop
      vertex -11.6128 -51.7573 0
      vertex -108.161 57.5103 0
      vertex -106.088 61.25 0
    endloop
  endfacet
  facet normal 0 0 -1
    outer loop
      vertex -24.4283 -61.4145 0
      vertex -110.102 -53.7005 0
      vertex -111.909 -49.8252 0
    endloop
  endfacet
  facet normal 0 0 -1
    outer loop
      vertex -11.6128 -51.7573 0
      vertex -110.102 53.7005 0
      vertex -108.161 57.5103 0
    endloop
  endfacet
  facet normal 0 0 -1
    outer loop
      vertex -23.7474 -60.5736 0
      vertex -111.909 -49.8252 0
      vertex -113.58 -45.8893 0
    endloop
  endfacet
  facet normal 0 0 -1
    outer loop
      vertex -11.6128 -51.7573 0
      vertex -111.909 49.8252 0
      vertex -110.102 53.7005 0
    endloop
  endfacet
  facet normal 0 0 -1
    outer loop
      vertex -23.7474 -60.5736 0
      vertex -113.58 -45.8893 0
      vertex -115.112 -41.8975 0
    endloop
  endfacet
  facet normal 0 0 -1
    outer loop
      vertex -12.6088 -52.1801 0
      vertex -113.58 45.8893 0
      vertex -111.909 49.8252 0
    endloop
  endfacet
  facet normal 0 0 -1
    outer loop
      vertex -23.0375 -59.757 0
      vertex -115.112 -41.8975 0
      vertex -116.504 -37.8546 0
    endloop
  endfacet
  facet normal 0 0 -1
    outer loop
      vertex -12.6088 -52.1801 0
      vertex -115.112 41.8975 0
      vertex -113.58 45.8893 0
    endloop
  endfacet
  facet normal 0 0 -1
    outer loop
      vertex -22.2995 -58.9656 0
      vertex -116.504 -37.8546 0
      vertex -117.755 -33.7656 0
    endloop
  endfacet
  facet normal 0 0 -1
    outer loop
      vertex -13.5895 -52.6374 0
      vertex -116.504 37.8546 0
      vertex -115.112 41.8975 0
    endloop
  endfacet
  facet normal 0 0 -1
    outer loop
      vertex -21.5344 -58.2005 0
      vertex -117.755 -33.7656 0
      vertex -118.861 -29.6354 0
    endloop
  endfacet
  facet normal 0 0 -1
    outer loop
      vertex -13.5895 -52.6374 0
      vertex -117.755 33.7656 0
      vertex -116.504 37.8546 0
    endloop
  endfacet
  facet normal 0 0 -1
    outer loop
      vertex -21.5344 -58.2005 0
      vertex -118.861 -29.6354 0
      vertex -119.823 -25.4692 0
    endloop
  endfacet
  facet normal 0 0 -1
    outer loop
      vertex -14.5536 -53.1286 0
      vertex -118.861 29.6354 0
      vertex -117.755 33.7656 0
    endloop
  endfacet
  facet normal 0 0 -1
    outer loop
      vertex -20.743 -57.4625 0
      vertex -119.823 -25.4692 0
      vertex -120.639 -21.2719 0
    endloop
  endfacet
  facet normal 0 0 -1
    outer loop
      vertex -14.5536 -53.1286 0
      vertex -119.823 25.4692 0
      vertex -118.861 29.6354 0
    endloop
  endfacet
  facet normal 0 0 -1
    outer loop
      vertex -19.9264 -56.7526 0
      vertex -120.639 -21.2719 0
      vertex -121.308 -17.0487 0
    endloop
  endfacet
  facet normal 0 0 -1
    outer loop
      vertex -15.5 -53.6532 0
      vertex -120.639 21.2719 0
      vertex -119.823 25.4692 0
    endloop
  endfacet
  facet normal 0 0 -1
    outer loop
      vertex -19.9264 -56.7526 0
      vertex -121.308 -17.0487 0
      vertex -121.829 -12.8047 0
    endloop
  endfacet
  facet normal 0 0 -1
    outer loop
      vertex -15.5 -53.6532 0
      vertex -121.308 17.0487 0
      vertex -120.639 21.2719 0
    endloop
  endfacet
  facet normal 0 0 -1
    outer loop
      vertex -19.0855 -56.0717 0
      vertex -121.829 -12.8047 0
      vertex -122.202 -8.54517 0
    endloop
  endfacet
  facet normal 0 0 -1
    outer loop
      vertex -16.4275 -54.2105 0
      vertex -121.829 12.8047 0
      vertex -121.308 17.0487 0
    endloop
  endfacet
  facet normal 0 0 -1
    outer loop
      vertex -18.2213 -55.4205 0
      vertex -122.202 -8.54517 0
      vertex -122.425 -4.27519 0
    endloop
  endfacet
  facet normal 0 0 -1
    outer loop
      vertex -16.4275 -54.2105 0
      vertex -122.202 8.54517 0
      vertex -121.829 12.8047 0
    endloop
  endfacet
  facet normal 0 0 -1
    outer loop
      vertex -18.2213 -55.4205 0
      vertex -122.425 -4.27519 0
      vertex -122.5 0 0
    endloop
  endfacet
  facet normal 0 0 -1
    outer loop
      vertex -17.335 -54.7998 0
      vertex -122.425 4.27519 0
      vertex -122.202 8.54517 0
    endloop
  endfacet
  facet normal 0 0 -1
    outer loop
      vertex -17.335 -54.7998 0
      vertex -122.5 0 0
      vertex -122.425 4.27519 0
    endloop
  endfacet
  facet normal 0 0 1
    outer loop
      vertex 17.335 -54.7998 3.5
      vertex 120.5 0 3.5
      vertex 120.427 4.20539 3.5
    endloop
  endfacet
  facet normal 0 0 1
    outer loop
      vertex 16.4275 -54.2105 3.5
      vertex 120.427 4.20539 3.5
      vertex 120.206 8.40565 3.5
    endloop
  endfacet
  facet normal 0 0 1
    outer loop
      vertex 120.5 0 3.5
      vertex 17.335 -54.7998 3.5
      vertex 120.427 -4.20539 3.5
    endloop
  endfacet
  facet normal 0 0 1
    outer loop
      vertex 16.4275 -54.2105 3.5
      vertex 120.206 8.40565 3.5
      vertex 119.84 12.5957 3.5
    endloop
  endfacet
  facet normal 0 -0 1
    outer loop
      vertex 18.2213 -55.4205 3.5
      vertex 120.427 -4.20539 3.5
      vertex 17.335 -54.7998 3.5
    endloop
  endfacet
  facet normal 0 0 1
    outer loop
      vertex 15.5 -53.6532 3.5
      vertex 119.84 12.5957 3.5
      vertex 119.327 16.7704 3.5
    endloop
  endfacet
  facet normal 0 0 1
    outer loop
      vertex 120.427 -4.20539 3.5
      vertex 18.2213 -55.4205 3.5
      vertex 120.206 -8.40565 3.5
    endloop
  endfacet
  facet normal 0 0 1
    outer loop
      vertex 15.5 -53.6532 3.5
      vertex 119.327 16.7704 3.5
      vertex 118.669 20.9246 3.5
    endloop
  endfacet
  facet normal 0 0 1
    outer loop
      vertex 120.206 -8.40565 3.5
      vertex 18.2213 -55.4205 3.5
      vertex 119.84 -12.5957 3.5
    endloop
  endfacet
  facet normal 0 0 1
    outer loop
      vertex 14.5536 -53.1286 3.5
      vertex 118.669 20.9246 3.5
      vertex 117.867 25.0534 3.5
    endloop
  endfacet
  facet normal 0 -0 1
    outer loop
      vertex 19.0855 -56.0717 3.5
      vertex 119.84 -12.5957 3.5
      vertex 18.2213 -55.4205 3.5
    endloop
  endfacet
  facet normal 0 0 1
    outer loop
      vertex 14.5536 -53.1286 3.5
      vertex 117.867 25.0534 3.5
      vertex 116.921 29.1516 3.5
    endloop
  endfacet
  facet normal 0 0 1
    outer loop
      vertex 119.84 -12.5957 3.5
      vertex 19.0855 -56.0717 3.5
      vertex 119.327 -16.7704 3.5
    endloop
  endfacet
  facet normal 0 0 1
    outer loop
      vertex 13.5895 -52.6374 3.5
      vertex 116.921 29.1516 3.5
      vertex 115.832 33.2143 3.5
    endloop
  endfacet
  facet normal 0 -0 1
    outer loop
      vertex 19.9264 -56.7526 3.5
      vertex 119.327 -16.7704 3.5
      vertex 19.0855 -56.0717 3.5
    endloop
  endfacet
  facet normal 0 0 1
    outer loop
      vertex 13.5895 -52.6374 3.5
      vertex 115.832 33.2143 3.5
      vertex 114.602 37.2365 3.5
    endloop
  endfacet
  facet normal 0 0 1
    outer loop
      vertex 118.669 -20.9246 3.5
      vertex 19.9264 -56.7526 3.5
      vertex 117.867 -25.0534 3.5
    endloop
  endfacet
  facet normal 0 0 1
    outer loop
      vertex 13.5895 -52.6374 3.5
      vertex 114.602 37.2365 3.5
      vertex 113.233 41.2134 3.5
    endloop
  endfacet
  facet normal 0 -0 1
    outer loop
      vertex 20.743 -57.4625 3.5
      vertex 117.867 -25.0534 3.5
      vertex 19.9264 -56.7526 3.5
    endloop
  endfacet
  facet normal 0 0 1
    outer loop
      vertex 12.6088 -52.1801 3.5
      vertex 113.233 41.2134 3.5
      vertex 111.726 45.1401 3.5
    endloop
  endfacet
  facet normal 0 0 1
    outer loop
      vertex 117.867 -25.0534 3.5
      vertex 20.743 -57.4625 3.5
      vertex 116.921 -29.1516 3.5
    endloop
  endfacet
  facet normal 0 0 1
    outer loop
      vertex 12.6088 -52.1801 3.5
      vertex 111.726 45.1401 3.5
      vertex 110.082 49.0118 3.5
    endloop
  endfacet
  facet normal 0 -0 1
    outer loop
      vertex 21.5344 -58.2005 3.5
      vertex 116.921 -29.1516 3.5
      vertex 20.743 -57.4625 3.5
    endloop
  endfacet
  facet normal 0 0 1
    outer loop
      vertex 11.6128 -51.7573 3.5
      vertex 110.082 49.0118 3.5
      vertex 108.305 52.8237 3.5
    endloop
  endfacet
  facet normal 0 0 1
    outer loop
      vertex 116.921 -29.1516 3.5
      vertex 21.5344 -58.2005 3.5
      vertex 115.832 -33.2143 3.5
    endloop
  endfacet
  facet normal 0 0 1
    outer loop
      vertex 11.6128 -51.7573 3.5
      vertex 108.305 52.8237 3.5
      vertex 106.395 56.5713 3.5
    endloop
  endfacet
  facet normal 0 -0 1
    outer loop
      vertex 22.2995 -58.9656 3.5
      vertex 114.602 -37.2365 3.5
      vertex 21.5344 -58.2005 3.5
    endloop
  endfacet
  facet normal 0 0 1
    outer loop
      vertex 10.6026 -51.3695 3.5
      vertex 106.395 56.5713 3.5
      vertex 104.356 60.25 3.5
    endloop
  endfacet
  facet normal 0 0 1
    outer loop
      vertex 114.602 -37.2365 3.5
      vertex 22.2995 -58.9656 3.5
      vertex 113.233 -41.2134 3.5
    endloop
  endfacet
  facet normal 0 0 1
    outer loop
      vertex 10.6026 -51.3695 3.5
      vertex 104.356 60.25 3.5
      vertex 102.19 63.8553 3.5
    endloop
  endfacet
  facet normal 0 -0 1
    outer loop
      vertex 23.0375 -59.757 3.5
      vertex 113.233 -41.2134 3.5
      vertex 22.2995 -58.9656 3.5
    endloop
  endfacet
  facet normal 0 0 1
    outer loop
      vertex 10.6026 -51.3695 3.5
      vertex 102.19 63.8553 3.5
      vertex 99.899 67.3827 3.5
    endloop
  endfacet
  facet normal 0 -0 1
    outer loop
      vertex 23.7474 -60.5736 3.5
      vertex 111.726 -45.1401 3.5
      vertex 23.0375 -59.757 3.5
    endloop
  endfacet
  facet normal 0 0 1
    outer loop
      vertex 9.57953 -51.0172 3.5
      vertex 99.899 67.3827 3.5
      vertex 97.4865 70.8281 3.5
    endloop
  endfacet
  facet normal 0 0 1
    outer loop
      vertex 111.726 -45.1401 3.5
      vertex 23.7474 -60.5736 3.5
      vertex 110.082 -49.0118 3.5
    endloop
  endfacet
  facet normal 0 0 1
    outer loop
      vertex 9.57953 -51.0172 3.5
      vertex 97.4865 70.8281 3.5
      vertex 94.9553 74.1872 3.5
    endloop
  endfacet
  facet normal 0 -0 1
    outer loop
      vertex 24.4283 -61.4145 3.5
      vertex 108.305 -52.8237 3.5
      vertex 23.7474 -60.5736 3.5
    endloop
  endfacet
  facet normal 0 0 1
    outer loop
      vertex 9.57953 -51.0172 3.5
      vertex 94.9553 74.1872 3.5
      vertex 92.3084 77.4559 3.5
    endloop
  endfacet
  facet normal 0 0 1
    outer loop
      vertex 108.305 -52.8237 3.5
      vertex 24.4283 -61.4145 3.5
      vertex 106.395 -56.5713 3.5
    endloop
  endfacet
  facet normal 0 0 1
    outer loop
      vertex 8.54476 -50.7009 3.5
      vertex 92.3084 77.4559 3.5
      vertex 89.549 80.6302 3.5
    endloop
  endfacet
  facet normal 0 0 1
    outer loop
      vertex 106.395 -56.5713 3.5
      vertex 25.0795 -62.2787 3.5
      vertex 104.356 -60.25 3.5
    endloop
  endfacet
  facet normal 0 0 1
    outer loop
      vertex 8.54476 -50.7009 3.5
      vertex 89.549 80.6302 3.5
      vertex 86.6804 83.7063 3.5
    endloop
  endfacet
  facet normal 0 -0 1
    outer loop
      vertex 25.7002 -63.165 3.5
      vertex 104.356 -60.25 3.5
      vertex 25.0795 -62.2787 3.5
    endloop
  endfacet
  facet normal 0 0 1
    outer loop
      vertex 7.49958 -50.4208 3.5
      vertex 86.6804 83.7063 3.5
      vertex 83.7063 86.6804 3.5
    endloop
  endfacet
  facet normal 0 -0 1
    outer loop
      vertex 26.2895 -64.0725 3.5
      vertex 102.19 -63.8553 3.5
      vertex 25.7002 -63.165 3.5
    endloop
  endfacet
  facet normal 0 0 1
    outer loop
      vertex 7.49958 -50.4208 3.5
      vertex 83.7063 86.6804 3.5
      vertex 80.6302 89.549 3.5
    endloop
  endfacet
  facet normal 0 0 1
    outer loop
      vertex 102.19 -63.8553 3.5
      vertex 26.2895 -64.0725 3.5
      vertex 99.899 -67.3827 3.5
    endloop
  endfacet
  facet normal 0 0 1
    outer loop
      vertex 7.49958 -50.4208 3.5
      vertex 80.6302 89.549 3.5
      vertex 77.4559 92.3084 3.5
    endloop
  endfacet
  facet normal 0 0 1
    outer loop
      vertex 99.899 -67.3827 3.5
      vertex 26.8468 -65 3.5
      vertex 97.4865 -70.8281 3.5
    endloop
  endfacet
  facet normal 0 0 1
    outer loop
      vertex 6.44526 -50.1774 3.5
      vertex 77.4559 92.3084 3.5
      vertex 74.1872 94.9553 3.5
    endloop
  endfacet
  facet normal 0 0 1
    outer loop
      vertex 97.4865 -70.8281 3.5
      vertex 27.3714 -65.9464 3.5
      vertex 94.9553 -74.1872 3.5
    endloop
  endfacet
  facet normal 0 0 1
    outer loop
      vertex 6.44526 -50.1774 3.5
      vertex 74.1872 94.9553 3.5
      vertex 70.8281 97.4865 3.5
    endloop
  endfacet
  facet normal -0 -0 1
    outer loop
      vertex 28.3199 -67.8912 3.5
      vertex 94.9553 -74.1872 3.5
      vertex 27.8626 -66.9105 3.5
    endloop
  endfacet
  facet normal 0 0 1
    outer loop
      vertex 6.44526 -50.1774 3.5
      vertex 70.8281 97.4865 3.5
      vertex 67.3827 99.899 3.5
    endloop
  endfacet
  facet normal -0 -0 1
    outer loop
      vertex 28.7427 -68.8872 3.5
      vertex 92.3084 -77.4559 3.5
      vertex 28.3199 -67.8912 3.5
    endloop
  endfacet
  facet normal 0 0 1
    outer loop
      vertex 5.38309 -49.971 3.5
      vertex 67.3827 99.899 3.5
      vertex 63.8553 102.19 3.5
    endloop
  endfacet
  facet normal -0 -0 1
    outer loop
      vertex 29.1305 -69.8974 3.5
      vertex 89.549 -80.6302 3.5
      vertex 28.7427 -68.8872 3.5
    endloop
  endfacet
  facet normal 0 0 1
    outer loop
      vertex 5.38309 -49.971 3.5
      vertex 63.8553 102.19 3.5
      vertex 60.25 104.356 3.5
    endloop
  endfacet
  facet normal -0 -0 1
    outer loop
      vertex 29.4828 -70.9205 3.5
      vertex 86.6804 -83.7063 3.5
      vertex 29.1305 -69.8974 3.5
    endloop
  endfacet
  facet normal 0 0 1
    outer loop
      vertex 5.38309 -49.971 3.5
      vertex 60.25 104.356 3.5
      vertex 56.5713 106.395 3.5
    endloop
  endfacet
  facet normal -0 -0 1
    outer loop
      vertex 29.7991 -71.9552 3.5
      vertex 83.7063 -86.6804 3.5
      vertex 29.4828 -70.9205 3.5
    endloop
  endfacet
  facet normal 0 0 1
    outer loop
      vertex 4.31437 -49.8017 3.5
      vertex 56.5713 106.395 3.5
      vertex 52.8237 108.305 3.5
    endloop
  endfacet
  facet normal -0 -0 1
    outer loop
      vertex 30.3226 -74.0547 3.5
      vertex 80.6302 -89.549 3.5
      vertex 30.0792 -73.0004 3.5
    endloop
  endfacet
  facet normal 0 0 1
    outer loop
      vertex 4.31437 -49.8017 3.5
      vertex 52.8237 108.305 3.5
      vertex 49.0118 110.082 3.5
    endloop
  endfacet
  facet normal -0 -0 1
    outer loop
      vertex 30.529 -75.1169 3.5
      vertex 77.4559 -92.3084 3.5
      vertex 30.3226 -74.0547 3.5
    endloop
  endfacet
  facet normal 0 0 1
    outer loop
      vertex 4.31437 -49.8017 3.5
      vertex 49.0118 110.082 3.5
      vertex 45.1401 111.726 3.5
    endloop
  endfacet
  facet normal -0 -0 1
    outer loop
      vertex 30.8302 -77.2596 3.5
      vertex 74.1872 -94.9553 3.5
      vertex 30.6983 -76.1856 3.5
    endloop
  endfacet
  facet normal 0 0 1
    outer loop
      vertex 3.24038 -49.6698 3.5
      vertex 45.1401 111.726 3.5
      vertex 41.2134 113.233 3.5
    endloop
  endfacet
  facet normal -0 -0 1
    outer loop
      vertex 30.9811 -79.4181 3.5
      vertex 70.8281 -97.4865 3.5
      vertex 30.9245 -78.3375 3.5
    endloop
  endfacet
  facet normal 0 0 1
    outer loop
      vertex 3.24038 -49.6698 3.5
      vertex 41.2134 113.233 3.5
      vertex 37.2365 114.602 3.5
    endloop
  endfacet
  facet normal 0 0 1
    outer loop
      vertex 67.3827 -99.899 3.5
      vertex 31 -80.5 3.5
      vertex 63.8553 -102.19 3.5
    endloop
  endfacet
  facet normal 0 0 1
    outer loop
      vertex 3.24038 -49.6698 3.5
      vertex 37.2365 114.602 3.5
      vertex 33.2143 115.832 3.5
    endloop
  endfacet
  facet normal 0 0 1
    outer loop
      vertex 56.5713 -106.395 3.5
      vertex 31 -80.5 3.5
      vertex 52.8237 -108.305 3.5
    endloop
  endfacet
  facet normal 0 0 1
    outer loop
      vertex 41.2134 -113.233 3.5
      vertex 31 -80.5 3.5
      vertex 37.2365 -114.602 3.5
    endloop
  endfacet
  facet normal 0 0 1
    outer loop
      vertex 37.2365 -114.602 3.5
      vertex 31 -80.5 3.5
      vertex 33.2143 -115.832 3.5
    endloop
  endfacet
  facet normal 0 0 1
    outer loop
      vertex 45.1401 -111.726 3.5
      vertex 31 -80.5 3.5
      vertex 41.2134 -113.233 3.5
    endloop
  endfacet
  facet normal 0 0 1
    outer loop
      vertex 49.0118 -110.082 3.5
      vertex 31 -80.5 3.5
      vertex 45.1401 -111.726 3.5
    endloop
  endfacet
  facet normal 0 0 1
    outer loop
      vertex 52.8237 -108.305 3.5
      vertex 31 -80.5 3.5
      vertex 49.0118 -110.082 3.5
    endloop
  endfacet
  facet normal 0 0 1
    outer loop
      vertex 60.25 -104.356 3.5
      vertex 31 -80.5 3.5
      vertex 56.5713 -106.395 3.5
    endloop
  endfacet
  facet normal 0 0 1
    outer loop
      vertex 63.8553 -102.19 3.5
      vertex 31 -80.5 3.5
      vertex 60.25 -104.356 3.5
    endloop
  endfacet
  facet normal -0 -0 1
    outer loop
      vertex 31 -80.5 3.5
      vertex 67.3827 -99.899 3.5
      vertex 30.9811 -79.4181 3.5
    endloop
  endfacet
  facet normal 0 0 1
    outer loop
      vertex 70.8281 -97.4865 3.5
      vertex 30.9811 -79.4181 3.5
      vertex 67.3827 -99.899 3.5
    endloop
  endfacet
  facet normal -0 -0 1
    outer loop
      vertex 30.9245 -78.3375 3.5
      vertex 70.8281 -97.4865 3.5
      vertex 30.8302 -77.2596 3.5
    endloop
  endfacet
  facet normal 0 0 1
    outer loop
      vertex 3.24038 -49.6698 3.5
      vertex 33.2143 115.832 3.5
      vertex 29.1516 116.921 3.5
    endloop
  endfacet
  facet normal 0 0 1
    outer loop
      vertex 74.1872 -94.9553 3.5
      vertex 30.8302 -77.2596 3.5
      vertex 70.8281 -97.4865 3.5
    endloop
  endfacet
  facet normal 0 0 1
    outer loop
      vertex 77.4559 -92.3084 3.5
      vertex 30.6983 -76.1856 3.5
      vertex 74.1872 -94.9553 3.5
    endloop
  endfacet
  facet normal -0 -0 1
    outer loop
      vertex 30.6983 -76.1856 3.5
      vertex 77.4559 -92.3084 3.5
      vertex 30.529 -75.1169 3.5
    endloop
  endfacet
  facet normal 0 0 1
    outer loop
      vertex 80.6302 -89.549 3.5
      vertex 30.3226 -74.0547 3.5
      vertex 77.4559 -92.3084 3.5
    endloop
  endfacet
  facet normal 0 0 1
    outer loop
      vertex 83.7063 -86.6804 3.5
      vertex 30.0792 -73.0004 3.5
      vertex 80.6302 -89.549 3.5
    endloop
  endfacet
  facet normal -0 -0 1
    outer loop
      vertex 30.0792 -73.0004 3.5
      vertex 83.7063 -86.6804 3.5
      vertex 29.7991 -71.9552 3.5
    endloop
  endfacet
  facet normal 0 0 1
    outer loop
      vertex 86.6804 -83.7063 3.5
      vertex 29.4828 -70.9205 3.5
      vertex 83.7063 -86.6804 3.5
    endloop
  endfacet
  facet normal 0 0 1
    outer loop
      vertex 89.549 -80.6302 3.5
      vertex 29.1305 -69.8974 3.5
      vertex 86.6804 -83.7063 3.5
    endloop
  endfacet
  facet normal 0 0 1
    outer loop
      vertex 92.3084 -77.4559 3.5
      vertex 28.7427 -68.8872 3.5
      vertex 89.549 -80.6302 3.5
    endloop
  endfacet
  facet normal 0 0 1
    outer loop
      vertex 2.16245 -49.5755 3.5
      vertex 29.1516 116.921 3.5
      vertex 25.0534 117.867 3.5
    endloop
  endfacet
  facet normal 0 0 1
    outer loop
      vertex 94.9553 -74.1872 3.5
      vertex 28.3199 -67.8912 3.5
      vertex 92.3084 -77.4559 3.5
    endloop
  endfacet
  facet normal -0 -0 1
    outer loop
      vertex 27.8626 -66.9105 3.5
      vertex 94.9553 -74.1872 3.5
      vertex 27.3714 -65.9464 3.5
    endloop
  endfacet
  facet normal -0 -0 1
    outer loop
      vertex 27.3714 -65.9464 3.5
      vertex 97.4865 -70.8281 3.5
      vertex 26.8468 -65 3.5
    endloop
  endfacet
  facet normal -0 -0 1
    outer loop
      vertex 26.8468 -65 3.5
      vertex 99.899 -67.3827 3.5
      vertex 26.2895 -64.0725 3.5
    endloop
  endfacet
  facet normal 0 0 1
    outer loop
      vertex 104.356 -60.25 3.5
      vertex 25.7002 -63.165 3.5
      vertex 102.19 -63.8553 3.5
    endloop
  endfacet
  facet normal 0 0 1
    outer loop
      vertex 2.16245 -49.5755 3.5
      vertex 25.0534 117.867 3.5
      vertex 20.9246 118.669 3.5
    endloop
  endfacet
  facet normal 0 -0 1
    outer loop
      vertex 25.0795 -62.2787 3.5
      vertex 106.395 -56.5713 3.5
      vertex 24.4283 -61.4145 3.5
    endloop
  endfacet
  facet normal 0 0 1
    outer loop
      vertex 110.082 -49.0118 3.5
      vertex 23.7474 -60.5736 3.5
      vertex 108.305 -52.8237 3.5
    endloop
  endfacet
  facet normal 0 0 1
    outer loop
      vertex 113.233 -41.2134 3.5
      vertex 23.0375 -59.757 3.5
      vertex 111.726 -45.1401 3.5
    endloop
  endfacet
  facet normal 0 0 1
    outer loop
      vertex 115.832 -33.2143 3.5
      vertex 21.5344 -58.2005 3.5
      vertex 114.602 -37.2365 3.5
    endloop
  endfacet
  facet normal 0 0 1
    outer loop
      vertex 119.327 -16.7704 3.5
      vertex 19.9264 -56.7526 3.5
      vertex 118.669 -20.9246 3.5
    endloop
  endfacet
  facet normal 0 0 1
    outer loop
      vertex 2.16245 -49.5755 3.5
      vertex 20.9246 118.669 3.5
      vertex 16.7704 119.327 3.5
    endloop
  endfacet
  facet normal 0 0 1
    outer loop
      vertex 120.427 4.20539 3.5
      vertex 16.4275 -54.2105 3.5
      vertex 17.335 -54.7998 3.5
    endloop
  endfacet
  facet normal 0 0 1
    outer loop
      vertex 119.84 12.5957 3.5
      vertex 15.5 -53.6532 3.5
      vertex 16.4275 -54.2105 3.5
    endloop
  endfacet
  facet normal 0 0 1
    outer loop
      vertex 118.669 20.9246 3.5
      vertex 14.5536 -53.1286 3.5
      vertex 15.5 -53.6532 3.5
    endloop
  endfacet
  facet normal 0 0 1
    outer loop
      vertex 116.921 29.1516 3.5
      vertex 13.5895 -52.6374 3.5
      vertex 14.5536 -53.1286 3.5
    endloop
  endfacet
  facet normal 0 0 1
    outer loop
      vertex 113.233 41.2134 3.5
      vertex 12.6088 -52.1801 3.5
      vertex 13.5895 -52.6374 3.5
    endloop
  endfacet
  facet normal 0 0 1
    outer loop
      vertex 1.08188 -49.5189 3.5
      vertex 16.7704 119.327 3.5
      vertex 12.5957 119.84 3.5
    endloop
  endfacet
  facet normal 0 0 1
    outer loop
      vertex 110.082 49.0118 3.5
      vertex 11.6128 -51.7573 3.5
      vertex 12.6088 -52.1801 3.5
    endloop
  endfacet
  facet normal 0 0 1
    outer loop
      vertex 106.395 56.5713 3.5
      vertex 10.6026 -51.3695 3.5
      vertex 11.6128 -51.7573 3.5
    endloop
  endfacet
  facet normal 0 0 1
    outer loop
      vertex 99.899 67.3827 3.5
      vertex 9.57953 -51.0172 3.5
      vertex 10.6026 -51.3695 3.5
    endloop
  endfacet
  facet normal 0 0 1
    outer loop
      vertex 92.3084 77.4559 3.5
      vertex 8.54476 -50.7009 3.5
      vertex 9.57953 -51.0172 3.5
    endloop
  endfacet
  facet normal 0 0 1
    outer loop
      vertex 1.08188 -49.5189 3.5
      vertex 12.5957 119.84 3.5
      vertex 8.40565 120.206 3.5
    endloop
  endfacet
  facet normal 0 0 1
    outer loop
      vertex 86.6804 83.7063 3.5
      vertex 7.49958 -50.4208 3.5
      vertex 8.54476 -50.7009 3.5
    endloop
  endfacet
  facet normal 0 0 1
    outer loop
      vertex 77.4559 92.3084 3.5
      vertex 6.44526 -50.1774 3.5
      vertex 7.49958 -50.4208 3.5
    endloop
  endfacet
  facet normal 0 0 1
    outer loop
      vertex 67.3827 99.899 3.5
      vertex 5.38309 -49.971 3.5
      vertex 6.44526 -50.1774 3.5
    endloop
  endfacet
  facet normal 0 0 1
    outer loop
      vertex 56.5713 106.395 3.5
      vertex 4.31437 -49.8017 3.5
      vertex 5.38309 -49.971 3.5
    endloop
  endfacet
  facet normal 0 0 1
    outer loop
      vertex 1.08188 -49.5189 3.5
      vertex 8.40565 120.206 3.5
      vertex 4.20539 120.427 3.5
    endloop
  endfacet
  facet normal 0 0 1
    outer loop
      vertex 45.1401 111.726 3.5
      vertex 3.24038 -49.6698 3.5
      vertex 4.31437 -49.8017 3.5
    endloop
  endfacet
  facet normal 0 0 1
    outer loop
      vertex 29.1516 116.921 3.5
      vertex 2.16245 -49.5755 3.5
      vertex 3.24038 -49.6698 3.5
    endloop
  endfacet
  facet normal 0 0 1
    outer loop
      vertex 16.7704 119.327 3.5
      vertex 1.08188 -49.5189 3.5
      vertex 2.16245 -49.5755 3.5
    endloop
  endfacet
  facet normal 0 0 1
    outer loop
      vertex 0 -49.5 3.5
      vertex 4.20539 120.427 3.5
      vertex 0 120.5 3.5
    endloop
  endfacet
  facet normal 0 0 1
    outer loop
      vertex 4.20539 120.427 3.5
      vertex 0 -49.5 3.5
      vertex 1.08188 -49.5189 3.5
    endloop
  endfacet
  facet normal -0 0 1
    outer loop
      vertex -4.20539 120.427 3.5
      vertex 0 -49.5 3.5
      vertex 0 120.5 3.5
    endloop
  endfacet
  facet normal 0 0 1
    outer loop
      vertex 0 -49.5 3.5
      vertex -4.20539 120.427 3.5
      vertex -1.08188 -49.5189 3.5
    endloop
  endfacet
  facet normal -0 0 1
    outer loop
      vertex -8.40565 120.206 3.5
      vertex -1.08188 -49.5189 3.5
      vertex -4.20539 120.427 3.5
    endloop
  endfacet
  facet normal -0 0 1
    outer loop
      vertex -12.5957 119.84 3.5
      vertex -1.08188 -49.5189 3.5
      vertex -8.40565 120.206 3.5
    endloop
  endfacet
  facet normal -0 0 1
    outer loop
      vertex -16.7704 119.327 3.5
      vertex -1.08188 -49.5189 3.5
      vertex -12.5957 119.84 3.5
    endloop
  endfacet
  facet normal 0 0 1
    outer loop
      vertex -1.08188 -49.5189 3.5
      vertex -16.7704 119.327 3.5
      vertex -2.16245 -49.5755 3.5
    endloop
  endfacet
  facet normal -0 0 1
    outer loop
      vertex -20.9246 118.669 3.5
      vertex -2.16245 -49.5755 3.5
      vertex -16.7704 119.327 3.5
    endloop
  endfacet
  facet normal -0 0 1
    outer loop
      vertex -25.0534 117.867 3.5
      vertex -2.16245 -49.5755 3.5
      vertex -20.9246 118.669 3.5
    endloop
  endfacet
  facet normal -0 0 1
    outer loop
      vertex -29.1516 116.921 3.5
      vertex -2.16245 -49.5755 3.5
      vertex -25.0534 117.867 3.5
    endloop
  endfacet
  facet normal 0 0 1
    outer loop
      vertex -2.16245 -49.5755 3.5
      vertex -29.1516 116.921 3.5
      vertex -3.24038 -49.6698 3.5
    endloop
  endfacet
  facet normal -0 0 1
    outer loop
      vertex -33.2143 115.832 3.5
      vertex -3.24038 -49.6698 3.5
      vertex -29.1516 116.921 3.5
    endloop
  endfacet
  facet normal -0 0 1
    outer loop
      vertex -37.2365 114.602 3.5
      vertex -3.24038 -49.6698 3.5
      vertex -33.2143 115.832 3.5
    endloop
  endfacet
  facet normal -0 0 1
    outer loop
      vertex -41.2134 113.233 3.5
      vertex -3.24038 -49.6698 3.5
      vertex -37.2365 114.602 3.5
    endloop
  endfacet
  facet normal -0 0 1
    outer loop
      vertex -45.1401 111.726 3.5
      vertex -3.24038 -49.6698 3.5
      vertex -41.2134 113.233 3.5
    endloop
  endfacet
  facet normal 0 0 1
    outer loop
      vertex -3.24038 -49.6698 3.5
      vertex -45.1401 111.726 3.5
      vertex -4.31437 -49.8017 3.5
    endloop
  endfacet
  facet normal -0 0 1
    outer loop
      vertex -49.0118 110.082 3.5
      vertex -4.31437 -49.8017 3.5
      vertex -45.1401 111.726 3.5
    endloop
  endfacet
  facet normal -0 0 1
    outer loop
      vertex -52.8237 108.305 3.5
      vertex -4.31437 -49.8017 3.5
      vertex -49.0118 110.082 3.5
    endloop
  endfacet
  facet normal -0 0 1
    outer loop
      vertex -56.5713 106.395 3.5
      vertex -4.31437 -49.8017 3.5
      vertex -52.8237 108.305 3.5
    endloop
  endfacet
  facet normal 0 0 1
    outer loop
      vertex -4.31437 -49.8017 3.5
      vertex -56.5713 106.395 3.5
      vertex -5.38309 -49.971 3.5
    endloop
  endfacet
  facet normal -0 0 1
    outer loop
      vertex -60.25 104.356 3.5
      vertex -5.38309 -49.971 3.5
      vertex -56.5713 106.395 3.5
    endloop
  endfacet
  facet normal -0 0 1
    outer loop
      vertex -63.8553 102.19 3.5
      vertex -5.38309 -49.971 3.5
      vertex -60.25 104.356 3.5
    endloop
  endfacet
  facet normal -0 0 1
    outer loop
      vertex -67.3827 99.899 3.5
      vertex -5.38309 -49.971 3.5
      vertex -63.8553 102.19 3.5
    endloop
  endfacet
  facet normal 0 0 1
    outer loop
      vertex -5.38309 -49.971 3.5
      vertex -67.3827 99.899 3.5
      vertex -6.44526 -50.1774 3.5
    endloop
  endfacet
  facet normal -0 0 1
    outer loop
      vertex -70.8281 97.4865 3.5
      vertex -6.44526 -50.1774 3.5
      vertex -67.3827 99.899 3.5
    endloop
  endfacet
  facet normal -0 0 1
    outer loop
      vertex -74.1872 94.9553 3.5
      vertex -6.44526 -50.1774 3.5
      vertex -70.8281 97.4865 3.5
    endloop
  endfacet
  facet normal -0 0 1
    outer loop
      vertex -77.4559 92.3084 3.5
      vertex -6.44526 -50.1774 3.5
      vertex -74.1872 94.9553 3.5
    endloop
  endfacet
  facet normal 0 0 1
    outer loop
      vertex -6.44526 -50.1774 3.5
      vertex -77.4559 92.3084 3.5
      vertex -7.49958 -50.4208 3.5
    endloop
  endfacet
  facet normal -0 0 1
    outer loop
      vertex -80.6302 89.549 3.5
      vertex -7.49958 -50.4208 3.5
      vertex -77.4559 92.3084 3.5
    endloop
  endfacet
  facet normal -0 0 1
    outer loop
      vertex -83.7063 86.6804 3.5
      vertex -7.49958 -50.4208 3.5
      vertex -80.6302 89.549 3.5
    endloop
  endfacet
  facet normal -0 0 1
    outer loop
      vertex -86.6804 83.7063 3.5
      vertex -7.49958 -50.4208 3.5
      vertex -83.7063 86.6804 3.5
    endloop
  endfacet
  facet normal 0 0 1
    outer loop
      vertex -7.49958 -50.4208 3.5
      vertex -86.6804 83.7063 3.5
      vertex -8.54476 -50.7009 3.5
    endloop
  endfacet
  facet normal -0 0 1
    outer loop
      vertex -89.549 80.6302 3.5
      vertex -8.54476 -50.7009 3.5
      vertex -86.6804 83.7063 3.5
    endloop
  endfacet
  facet normal -0 0 1
    outer loop
      vertex -92.3084 77.4559 3.5
      vertex -8.54476 -50.7009 3.5
      vertex -89.549 80.6302 3.5
    endloop
  endfacet
  facet normal 0 0 1
    outer loop
      vertex -8.54476 -50.7009 3.5
      vertex -92.3084 77.4559 3.5
      vertex -9.57953 -51.0172 3.5
    endloop
  endfacet
  facet normal -0 0 1
    outer loop
      vertex -94.9553 74.1872 3.5
      vertex -9.57953 -51.0172 3.5
      vertex -92.3084 77.4559 3.5
    endloop
  endfacet
  facet normal -0 0 1
    outer loop
      vertex -97.4865 70.8281 3.5
      vertex -9.57953 -51.0172 3.5
      vertex -94.9553 74.1872 3.5
    endloop
  endfacet
  facet normal -0 0 1
    outer loop
      vertex -99.899 67.3827 3.5
      vertex -9.57953 -51.0172 3.5
      vertex -97.4865 70.8281 3.5
    endloop
  endfacet
  facet normal 0 0 1
    outer loop
      vertex -9.57953 -51.0172 3.5
      vertex -99.899 67.3827 3.5
      vertex -10.6026 -51.3695 3.5
    endloop
  endfacet
  facet normal -0 0 1
    outer loop
      vertex -102.19 63.8553 3.5
      vertex -10.6026 -51.3695 3.5
      vertex -99.899 67.3827 3.5
    endloop
  endfacet
  facet normal -0 0 1
    outer loop
      vertex -104.356 60.25 3.5
      vertex -10.6026 -51.3695 3.5
      vertex -102.19 63.8553 3.5
    endloop
  endfacet
  facet normal -0 0 1
    outer loop
      vertex -106.395 56.5713 3.5
      vertex -10.6026 -51.3695 3.5
      vertex -104.356 60.25 3.5
    endloop
  endfacet
  facet normal 0 0 1
    outer loop
      vertex -10.6026 -51.3695 3.5
      vertex -106.395 56.5713 3.5
      vertex -11.6128 -51.7573 3.5
    endloop
  endfacet
  facet normal -0 0 1
    outer loop
      vertex -108.305 52.8237 3.5
      vertex -11.6128 -51.7573 3.5
      vertex -106.395 56.5713 3.5
    endloop
  endfacet
  facet normal -0 0 1
    outer loop
      vertex -110.082 49.0118 3.5
      vertex -11.6128 -51.7573 3.5
      vertex -108.305 52.8237 3.5
    endloop
  endfacet
  facet normal 0 0 1
    outer loop
      vertex -11.6128 -51.7573 3.5
      vertex -110.082 49.0118 3.5
      vertex -12.6088 -52.1801 3.5
    endloop
  endfacet
  facet normal -0 0 1
    outer loop
      vertex -111.726 45.1401 3.5
      vertex -12.6088 -52.1801 3.5
      vertex -110.082 49.0118 3.5
    endloop
  endfacet
  facet normal -0 0 1
    outer loop
      vertex -113.233 41.2134 3.5
      vertex -12.6088 -52.1801 3.5
      vertex -111.726 45.1401 3.5
    endloop
  endfacet
  facet normal 0 0 1
    outer loop
      vertex -12.6088 -52.1801 3.5
      vertex -113.233 41.2134 3.5
      vertex -13.5895 -52.6374 3.5
    endloop
  endfacet
  facet normal -0 0 1
    outer loop
      vertex -114.602 37.2365 3.5
      vertex -13.5895 -52.6374 3.5
      vertex -113.233 41.2134 3.5
    endloop
  endfacet
  facet normal -0 0 1
    outer loop
      vertex -115.832 33.2143 3.5
      vertex -13.5895 -52.6374 3.5
      vertex -114.602 37.2365 3.5
    endloop
  endfacet
  facet normal -0 0 1
    outer loop
      vertex -116.921 29.1516 3.5
      vertex -13.5895 -52.6374 3.5
      vertex -115.832 33.2143 3.5
    endloop
  endfacet
  facet normal 0 0 1
    outer loop
      vertex -13.5895 -52.6374 3.5
      vertex -116.921 29.1516 3.5
      vertex -14.5536 -53.1286 3.5
    endloop
  endfacet
  facet normal -0 0 1
    outer loop
      vertex -117.867 25.0534 3.5
      vertex -14.5536 -53.1286 3.5
      vertex -116.921 29.1516 3.5
    endloop
  endfacet
  facet normal -0 0 1
    outer loop
      vertex -118.669 20.9246 3.5
      vertex -14.5536 -53.1286 3.5
      vertex -117.867 25.0534 3.5
    endloop
  endfacet
  facet normal 0 0 1
    outer loop
      vertex -31 -80.5 3.5
      vertex -33.2143 -115.832 3.5
      vertex -31 -116.425 3.5
    endloop
  endfacet
  facet normal 0 0 1
    outer loop
      vertex -14.5536 -53.1286 3.5
      vertex -118.669 20.9246 3.5
      vertex -15.5 -53.6532 3.5
    endloop
  endfacet
  facet normal 0 0 1
    outer loop
      vertex -31 -80.5 3.5
      vertex -37.2365 -114.602 3.5
      vertex -33.2143 -115.832 3.5
    endloop
  endfacet
  facet normal -0 0 1
    outer loop
      vertex -119.327 16.7704 3.5
      vertex -15.5 -53.6532 3.5
      vertex -118.669 20.9246 3.5
    endloop
  endfacet
  facet normal 0 0 1
    outer loop
      vertex -31 -80.5 3.5
      vertex -41.2134 -113.233 3.5
      vertex -37.2365 -114.602 3.5
    endloop
  endfacet
  facet normal -0 0 1
    outer loop
      vertex -119.84 12.5957 3.5
      vertex -15.5 -53.6532 3.5
      vertex -119.327 16.7704 3.5
    endloop
  endfacet
  facet normal 0 0 1
    outer loop
      vertex -31 -80.5 3.5
      vertex -45.1401 -111.726 3.5
      vertex -41.2134 -113.233 3.5
    endloop
  endfacet
  facet normal 0 0 1
    outer loop
      vertex -15.5 -53.6532 3.5
      vertex -119.84 12.5957 3.5
      vertex -16.4275 -54.2105 3.5
    endloop
  endfacet
  facet normal 0 0 1
    outer loop
      vertex -31 -80.5 3.5
      vertex -49.0118 -110.082 3.5
      vertex -45.1401 -111.726 3.5
    endloop
  endfacet
  facet normal -0 0 1
    outer loop
      vertex -120.206 8.40565 3.5
      vertex -16.4275 -54.2105 3.5
      vertex -119.84 12.5957 3.5
    endloop
  endfacet
  facet normal 0 0 1
    outer loop
      vertex -31 -80.5 3.5
      vertex -52.8237 -108.305 3.5
      vertex -49.0118 -110.082 3.5
    endloop
  endfacet
  facet normal -0 0 1
    outer loop
      vertex -120.427 4.20539 3.5
      vertex -16.4275 -54.2105 3.5
      vertex -120.206 8.40565 3.5
    endloop
  endfacet
  facet normal 0 0 1
    outer loop
      vertex -31 -80.5 3.5
      vertex -56.5713 -106.395 3.5
      vertex -52.8237 -108.305 3.5
    endloop
  endfacet
  facet normal 0 0 1
    outer loop
      vertex -16.4275 -54.2105 3.5
      vertex -120.427 4.20539 3.5
      vertex -17.335 -54.7998 3.5
    endloop
  endfacet
  facet normal 0 0 1
    outer loop
      vertex -31 -80.5 3.5
      vertex -60.25 -104.356 3.5
      vertex -56.5713 -106.395 3.5
    endloop
  endfacet
  facet normal -0 0 1
    outer loop
      vertex -120.5 0 3.5
      vertex -17.335 -54.7998 3.5
      vertex -120.427 4.20539 3.5
    endloop
  endfacet
  facet normal 0 0 1
    outer loop
      vertex -31 -80.5 3.5
      vertex -63.8553 -102.19 3.5
      vertex -60.25 -104.356 3.5
    endloop
  endfacet
  facet normal -0 -0 1
    outer loop
      vertex -120.427 -4.20539 3.5
      vertex -17.335 -54.7998 3.5
      vertex -120.5 0 3.5
    endloop
  endfacet
  facet normal 0 0 1
    outer loop
      vertex -31 -80.5 3.5
      vertex -67.3827 -99.899 3.5
      vertex -63.8553 -102.19 3.5
    endloop
  endfacet
  facet normal 0 0 1
    outer loop
      vertex -17.335 -54.7998 3.5
      vertex -120.427 -4.20539 3.5
      vertex -18.2213 -55.4205 3.5
    endloop
  endfacet
  facet normal 0 0 1
    outer loop
      vertex -30.9811 -79.4181 3.5
      vertex -67.3827 -99.899 3.5
      vertex -31 -80.5 3.5
    endloop
  endfacet
  facet normal -0 -0 1
    outer loop
      vertex -120.206 -8.40565 3.5
      vertex -18.2213 -55.4205 3.5
      vertex -120.427 -4.20539 3.5
    endloop
  endfacet
  facet normal 0 -0 1
    outer loop
      vertex -67.3827 -99.899 3.5
      vertex -30.9811 -79.4181 3.5
      vertex -70.8281 -97.4865 3.5
    endloop
  endfacet
  facet normal 0 0 1
    outer loop
      vertex -18.2213 -55.4205 3.5
      vertex -120.206 -8.40565 3.5
      vertex -19.0855 -56.0717 3.5
    endloop
  endfacet
  facet normal 0 0 1
    outer loop
      vertex -30.9245 -78.3375 3.5
      vertex -70.8281 -97.4865 3.5
      vertex -30.9811 -79.4181 3.5
    endloop
  endfacet
  facet normal -0 -0 1
    outer loop
      vertex -119.84 -12.5957 3.5
      vertex -19.0855 -56.0717 3.5
      vertex -120.206 -8.40565 3.5
    endloop
  endfacet
  facet normal 0 -0 1
    outer loop
      vertex -70.8281 -97.4865 3.5
      vertex -30.9245 -78.3375 3.5
      vertex -74.1872 -94.9553 3.5
    endloop
  endfacet
  facet normal -0 -0 1
    outer loop
      vertex -119.327 -16.7704 3.5
      vertex -19.0855 -56.0717 3.5
      vertex -119.84 -12.5957 3.5
    endloop
  endfacet
  facet normal 0 0 1
    outer loop
      vertex -30.8302 -77.2596 3.5
      vertex -74.1872 -94.9553 3.5
      vertex -30.9245 -78.3375 3.5
    endloop
  endfacet
  facet normal 0 0 1
    outer loop
      vertex -19.0855 -56.0717 3.5
      vertex -119.327 -16.7704 3.5
      vertex -19.9264 -56.7526 3.5
    endloop
  endfacet
  facet normal 0 0 1
    outer loop
      vertex -30.6983 -76.1856 3.5
      vertex -74.1872 -94.9553 3.5
      vertex -30.8302 -77.2596 3.5
    endloop
  endfacet
  facet normal -0 -0 1
    outer loop
      vertex -118.669 -20.9246 3.5
      vertex -19.9264 -56.7526 3.5
      vertex -119.327 -16.7704 3.5
    endloop
  endfacet
  facet normal 0 -0 1
    outer loop
      vertex -74.1872 -94.9553 3.5
      vertex -30.6983 -76.1856 3.5
      vertex -77.4559 -92.3084 3.5
    endloop
  endfacet
  facet normal 0 0 1
    outer loop
      vertex -19.9264 -56.7526 3.5
      vertex -118.669 -20.9246 3.5
      vertex -20.743 -57.4625 3.5
    endloop
  endfacet
  facet normal 0 0 1
    outer loop
      vertex -30.529 -75.1169 3.5
      vertex -77.4559 -92.3084 3.5
      vertex -30.6983 -76.1856 3.5
    endloop
  endfacet
  facet normal -0 -0 1
    outer loop
      vertex -117.867 -25.0534 3.5
      vertex -20.743 -57.4625 3.5
      vertex -118.669 -20.9246 3.5
    endloop
  endfacet
  facet normal 0 0 1
    outer loop
      vertex -30.3226 -74.0547 3.5
      vertex -77.4559 -92.3084 3.5
      vertex -30.529 -75.1169 3.5
    endloop
  endfacet
  facet normal -0 -0 1
    outer loop
      vertex -116.921 -29.1516 3.5
      vertex -20.743 -57.4625 3.5
      vertex -117.867 -25.0534 3.5
    endloop
  endfacet
  facet normal 0 -0 1
    outer loop
      vertex -77.4559 -92.3084 3.5
      vertex -30.3226 -74.0547 3.5
      vertex -80.6302 -89.549 3.5
    endloop
  endfacet
  facet normal 0 0 1
    outer loop
      vertex -20.743 -57.4625 3.5
      vertex -116.921 -29.1516 3.5
      vertex -21.5344 -58.2005 3.5
    endloop
  endfacet
  facet normal 0 0 1
    outer loop
      vertex -30.0792 -73.0004 3.5
      vertex -80.6302 -89.549 3.5
      vertex -30.3226 -74.0547 3.5
    endloop
  endfacet
  facet normal -0 -0 1
    outer loop
      vertex -115.832 -33.2143 3.5
      vertex -21.5344 -58.2005 3.5
      vertex -116.921 -29.1516 3.5
    endloop
  endfacet
  facet normal 0 -0 1
    outer loop
      vertex -80.6302 -89.549 3.5
      vertex -30.0792 -73.0004 3.5
      vertex -83.7063 -86.6804 3.5
    endloop
  endfacet
  facet normal 0 0 1
    outer loop
      vertex -21.5344 -58.2005 3.5
      vertex -115.832 -33.2143 3.5
      vertex -22.2995 -58.9656 3.5
    endloop
  endfacet
  facet normal 0 0 1
    outer loop
      vertex -29.7991 -71.9552 3.5
      vertex -83.7063 -86.6804 3.5
      vertex -30.0792 -73.0004 3.5
    endloop
  endfacet
  facet normal -0 -0 1
    outer loop
      vertex -114.602 -37.2365 3.5
      vertex -22.2995 -58.9656 3.5
      vertex -115.832 -33.2143 3.5
    endloop
  endfacet
  facet normal 0 -0 1
    outer loop
      vertex -83.7063 -86.6804 3.5
      vertex -29.7991 -71.9552 3.5
      vertex -86.6804 -83.7063 3.5
    endloop
  endfacet
  facet normal -0 -0 1
    outer loop
      vertex -113.233 -41.2134 3.5
      vertex -22.2995 -58.9656 3.5
      vertex -114.602 -37.2365 3.5
    endloop
  endfacet
  facet normal 0 0 1
    outer loop
      vertex -29.4828 -70.9205 3.5
      vertex -86.6804 -83.7063 3.5
      vertex -29.7991 -71.9552 3.5
    endloop
  endfacet
  facet normal 0 0 1
    outer loop
      vertex -22.2995 -58.9656 3.5
      vertex -113.233 -41.2134 3.5
      vertex -23.0375 -59.757 3.5
    endloop
  endfacet
  facet normal 0 0 1
    outer loop
      vertex -29.1305 -69.8974 3.5
      vertex -86.6804 -83.7063 3.5
      vertex -29.4828 -70.9205 3.5
    endloop
  endfacet
  facet normal -0 -0 1
    outer loop
      vertex -111.726 -45.1401 3.5
      vertex -23.0375 -59.757 3.5
      vertex -113.233 -41.2134 3.5
    endloop
  endfacet
  facet normal 0 -0 1
    outer loop
      vertex -86.6804 -83.7063 3.5
      vertex -29.1305 -69.8974 3.5
      vertex -89.549 -80.6302 3.5
    endloop
  endfacet
  facet normal 0 0 1
    outer loop
      vertex -23.0375 -59.757 3.5
      vertex -111.726 -45.1401 3.5
      vertex -23.7474 -60.5736 3.5
    endloop
  endfacet
  facet normal 0 0 1
    outer loop
      vertex -28.7427 -68.8872 3.5
      vertex -89.549 -80.6302 3.5
      vertex -29.1305 -69.8974 3.5
    endloop
  endfacet
  facet normal -0 -0 1
    outer loop
      vertex -110.082 -49.0118 3.5
      vertex -23.7474 -60.5736 3.5
      vertex -111.726 -45.1401 3.5
    endloop
  endfacet
  facet normal 0 -0 1
    outer loop
      vertex -89.549 -80.6302 3.5
      vertex -28.7427 -68.8872 3.5
      vertex -92.3084 -77.4559 3.5
    endloop
  endfacet
  facet normal 0 0 1
    outer loop
      vertex -23.7474 -60.5736 3.5
      vertex -110.082 -49.0118 3.5
      vertex -24.4283 -61.4145 3.5
    endloop
  endfacet
  facet normal 0 0 1
    outer loop
      vertex -28.3199 -67.8912 3.5
      vertex -92.3084 -77.4559 3.5
      vertex -28.7427 -68.8872 3.5
    endloop
  endfacet
  facet normal -0 -0 1
    outer loop
      vertex -108.305 -52.8237 3.5
      vertex -24.4283 -61.4145 3.5
      vertex -110.082 -49.0118 3.5
    endloop
  endfacet
  facet normal 0 -0 1
    outer loop
      vertex -92.3084 -77.4559 3.5
      vertex -28.3199 -67.8912 3.5
      vertex -94.9553 -74.1872 3.5
    endloop
  endfacet
  facet normal 0 0 1
    outer loop
      vertex -24.4283 -61.4145 3.5
      vertex -108.305 -52.8237 3.5
      vertex -25.0795 -62.2787 3.5
    endloop
  endfacet
  facet normal 0 0 1
    outer loop
      vertex -27.8626 -66.9105 3.5
      vertex -94.9553 -74.1872 3.5
      vertex -28.3199 -67.8912 3.5
    endloop
  endfacet
  facet normal -0 -0 1
    outer loop
      vertex -106.395 -56.5713 3.5
      vertex -25.0795 -62.2787 3.5
      vertex -108.305 -52.8237 3.5
    endloop
  endfacet
  facet normal 0 -0 1
    outer loop
      vertex -94.9553 -74.1872 3.5
      vertex -27.8626 -66.9105 3.5
      vertex -97.4865 -70.8281 3.5
    endloop
  endfacet
  facet normal 0 0 1
    outer loop
      vertex -25.0795 -62.2787 3.5
      vertex -106.395 -56.5713 3.5
      vertex -25.7002 -63.165 3.5
    endloop
  endfacet
  facet normal 0 0 1
    outer loop
      vertex -27.3714 -65.9464 3.5
      vertex -97.4865 -70.8281 3.5
      vertex -27.8626 -66.9105 3.5
    endloop
  endfacet
  facet normal -0 -0 1
    outer loop
      vertex -104.356 -60.25 3.5
      vertex -25.7002 -63.165 3.5
      vertex -106.395 -56.5713 3.5
    endloop
  endfacet
  facet normal 0 -0 1
    outer loop
      vertex -97.4865 -70.8281 3.5
      vertex -27.3714 -65.9464 3.5
      vertex -99.899 -67.3827 3.5
    endloop
  endfacet
  facet normal 0 0 1
    outer loop
      vertex -25.7002 -63.165 3.5
      vertex -104.356 -60.25 3.5
      vertex -26.2895 -64.0725 3.5
    endloop
  endfacet
  facet normal 0 0 1
    outer loop
      vertex -26.8468 -65 3.5
      vertex -99.899 -67.3827 3.5
      vertex -27.3714 -65.9464 3.5
    endloop
  endfacet
  facet normal -0 -0 1
    outer loop
      vertex -102.19 -63.8553 3.5
      vertex -26.2895 -64.0725 3.5
      vertex -104.356 -60.25 3.5
    endloop
  endfacet
  facet normal 0 -0 1
    outer loop
      vertex -99.899 -67.3827 3.5
      vertex -26.8468 -65 3.5
      vertex -102.19 -63.8553 3.5
    endloop
  endfacet
  facet normal 0 0 1
    outer loop
      vertex -26.2895 -64.0725 3.5
      vertex -102.19 -63.8553 3.5
      vertex -26.8468 -65 3.5
    endloop
  endfacet
  facet normal 0 0 1
    outer loop
      vertex 33.2143 -115.832 3.5
      vertex 31 -80.5 3.5
      vertex 31 -116.425 3.5
    endloop
  endfacet
  facet normal -0.998631 -0.0523066 0
    outer loop
      vertex 30.9811 -79.4181 0
      vertex 30.9245 -78.3375 3.5
      vertex 30.9245 -78.3375 0
    endloop
  endfacet
  facet normal -0.998631 -0.0523066 0
    outer loop
      vertex 30.9245 -78.3375 3.5
      vertex 30.9811 -79.4181 0
      vertex 30.9811 -79.4181 3.5
    endloop
  endfacet
  facet normal -0.999847 -0.0174666 0
    outer loop
      vertex 31 -80.5 0
      vertex 30.9811 -79.4181 3.5
      vertex 30.9811 -79.4181 0
    endloop
  endfacet
  facet normal -0.999847 -0.0174666 0
    outer loop
      vertex 30.9811 -79.4181 3.5
      vertex 31 -80.5 0
      vertex 31 -80.5 3.5
    endloop
  endfacet
  facet normal -0.838686 -0.544615 0
    outer loop
      vertex 26.2895 -64.0725 0
      vertex 25.7002 -63.165 3.5
      vertex 25.7002 -63.165 0
    endloop
  endfacet
  facet normal -0.838686 -0.544615 0
    outer loop
      vertex 25.7002 -63.165 3.5
      vertex 26.2895 -64.0725 0
      vertex 26.2895 -64.0725 3.5
    endloop
  endfacet
  facet normal 0.891019 -0.453966 0
    outer loop
      vertex -27.8626 -66.9105 3.5
      vertex -27.3714 -65.9464 0
      vertex -27.3714 -65.9464 3.5
    endloop
  endfacet
  facet normal 0.891019 -0.453966 0
    outer loop
      vertex -27.3714 -65.9464 0
      vertex -27.8626 -66.9105 3.5
      vertex -27.8626 -66.9105 0
    endloop
  endfacet
  facet normal -0.945513 -0.325583 0
    outer loop
      vertex 29.4828 -70.9205 0
      vertex 29.1305 -69.8974 3.5
      vertex 29.1305 -69.8974 0
    endloop
  endfacet
  facet normal -0.945513 -0.325583 0
    outer loop
      vertex 29.1305 -69.8974 3.5
      vertex 29.4828 -70.9205 0
      vertex 29.4828 -70.9205 3.5
    endloop
  endfacet
  facet normal -0.629294 -0.777167 0
    outer loop
      vertex 19.0855 -56.0717 0
      vertex 19.9264 -56.7526 3.5
      vertex 19.0855 -56.0717 3.5
    endloop
  endfacet
  facet normal -0.629294 -0.777167 -0
    outer loop
      vertex 19.9264 -56.7526 3.5
      vertex 19.0855 -56.0717 0
      vertex 19.9264 -56.7526 0
    endloop
  endfacet
  facet normal 0.0174669 -0.999847 0
    outer loop
      vertex -1.08188 -49.5189 0
      vertex 0 -49.5 3.5
      vertex -1.08188 -49.5189 3.5
    endloop
  endfacet
  facet normal 0.0174669 -0.999847 0
    outer loop
      vertex 0 -49.5 3.5
      vertex -1.08188 -49.5189 0
      vertex 0 -49.5 0
    endloop
  endfacet
  facet normal -0.874619 -0.484811 0
    outer loop
      vertex 27.3714 -65.9464 0
      vertex 26.8468 -65 3.5
      vertex 26.8468 -65 0
    endloop
  endfacet
  facet normal -0.874619 -0.484811 0
    outer loop
      vertex 26.8468 -65 3.5
      vertex 27.3714 -65.9464 0
      vertex 27.3714 -65.9464 3.5
    endloop
  endfacet
  facet normal -0.325592 -0.94551 0
    outer loop
      vertex 9.57953 -51.0172 0
      vertex 10.6026 -51.3695 3.5
      vertex 9.57953 -51.0172 3.5
    endloop
  endfacet
  facet normal -0.325592 -0.94551 -0
    outer loop
      vertex 10.6026 -51.3695 3.5
      vertex 9.57953 -51.0172 0
      vertex 10.6026 -51.3695 0
    endloop
  endfacet
  facet normal 0.358385 -0.933574 0
    outer loop
      vertex -11.6128 -51.7573 0
      vertex -10.6026 -51.3695 3.5
      vertex -11.6128 -51.7573 3.5
    endloop
  endfacet
  facet normal 0.358385 -0.933574 0
    outer loop
      vertex -10.6026 -51.3695 3.5
      vertex -11.6128 -51.7573 0
      vertex -10.6026 -51.3695 0
    endloop
  endfacet
  facet normal 0.390749 -0.920497 0
    outer loop
      vertex -12.6088 -52.1801 0
      vertex -11.6128 -51.7573 3.5
      vertex -12.6088 -52.1801 3.5
    endloop
  endfacet
  facet normal 0.390749 -0.920497 0
    outer loop
      vertex -11.6128 -51.7573 3.5
      vertex -12.6088 -52.1801 0
      vertex -11.6128 -51.7573 0
    endloop
  endfacet
  facet normal 0.422612 -0.906311 0
    outer loop
      vertex -13.5895 -52.6374 0
      vertex -12.6088 -52.1801 3.5
      vertex -13.5895 -52.6374 3.5
    endloop
  endfacet
  facet normal 0.422612 -0.906311 0
    outer loop
      vertex -12.6088 -52.1801 3.5
      vertex -13.5895 -52.6374 0
      vertex -12.6088 -52.1801 0
    endloop
  endfacet
  facet normal 0.0523081 -0.998631 0
    outer loop
      vertex -2.16245 -49.5755 0
      vertex -1.08188 -49.5189 3.5
      vertex -2.16245 -49.5755 3.5
    endloop
  endfacet
  facet normal 0.0523081 -0.998631 0
    outer loop
      vertex -1.08188 -49.5189 3.5
      vertex -2.16245 -49.5755 0
      vertex -1.08188 -49.5189 0
    endloop
  endfacet
  facet normal -0.573642 -0.819106 0
    outer loop
      vertex 17.335 -54.7998 0
      vertex 18.2213 -55.4205 3.5
      vertex 17.335 -54.7998 3.5
    endloop
  endfacet
  facet normal -0.573642 -0.819106 -0
    outer loop
      vertex 18.2213 -55.4205 3.5
      vertex 17.335 -54.7998 0
      vertex 18.2213 -55.4205 0
    endloop
  endfacet
  facet normal 0.798645 -0.601802 0
    outer loop
      vertex -25.0795 -62.2787 3.5
      vertex -24.4283 -61.4145 0
      vertex -24.4283 -61.4145 3.5
    endloop
  endfacet
  facet normal 0.798645 -0.601802 0
    outer loop
      vertex -24.4283 -61.4145 0
      vertex -25.0795 -62.2787 3.5
      vertex -25.0795 -62.2787 0
    endloop
  endfacet
  facet normal -0.857167 -0.515039 0
    outer loop
      vertex 26.8468 -65 0
      vertex 26.2895 -64.0725 3.5
      vertex 26.2895 -64.0725 0
    endloop
  endfacet
  facet normal -0.857167 -0.515039 0
    outer loop
      vertex 26.2895 -64.0725 3.5
      vertex 26.8468 -65 0
      vertex 26.8468 -65 3.5
    endloop
  endfacet
  facet normal -0.358385 -0.933574 0
    outer loop
      vertex 10.6026 -51.3695 0
      vertex 11.6128 -51.7573 3.5
      vertex 10.6026 -51.3695 3.5
    endloop
  endfacet
  facet normal -0.358385 -0.933574 -0
    outer loop
      vertex 11.6128 -51.7573 3.5
      vertex 10.6026 -51.3695 0
      vertex 11.6128 -51.7573 0
    endloop
  endfacet
  facet normal -0.601802 -0.798645 0
    outer loop
      vertex 18.2213 -55.4205 0
      vertex 19.0855 -56.0717 3.5
      vertex 18.2213 -55.4205 3.5
    endloop
  endfacet
  facet normal -0.601802 -0.798645 -0
    outer loop
      vertex 19.0855 -56.0717 3.5
      vertex 18.2213 -55.4205 0
      vertex 19.0855 -56.0717 0
    endloop
  endfacet
  facet normal 0.453966 -0.891019 0
    outer loop
      vertex -14.5536 -53.1286 0
      vertex -13.5895 -52.6374 3.5
      vertex -14.5536 -53.1286 3.5
    endloop
  endfacet
  facet normal 0.453966 -0.891019 0
    outer loop
      vertex -13.5895 -52.6374 3.5
      vertex -14.5536 -53.1286 0
      vertex -13.5895 -52.6374 0
    endloop
  endfacet
  facet normal 0.121897 -0.992543 0
    outer loop
      vertex -4.31437 -49.8017 0
      vertex -3.24038 -49.6698 3.5
      vertex -4.31437 -49.8017 3.5
    endloop
  endfacet
  facet normal 0.121897 -0.992543 0
    outer loop
      vertex -3.24038 -49.6698 3.5
      vertex -4.31437 -49.8017 0
      vertex -3.24038 -49.6698 0
    endloop
  endfacet
  facet normal 0.707107 -0.707107 0
    outer loop
      vertex -22.2995 -58.9656 3.5
      vertex -21.5344 -58.2005 0
      vertex -21.5344 -58.2005 3.5
    endloop
  endfacet
  facet normal 0.707107 -0.707107 0
    outer loop
      vertex -21.5344 -58.2005 0
      vertex -22.2995 -58.9656 3.5
      vertex -22.2995 -58.9656 0
    endloop
  endfacet
  facet normal -0.0523081 -0.998631 0
    outer loop
      vertex 1.08188 -49.5189 0
      vertex 2.16245 -49.5755 3.5
      vertex 1.08188 -49.5189 3.5
    endloop
  endfacet
  facet normal -0.0523081 -0.998631 -0
    outer loop
      vertex 2.16245 -49.5755 3.5
      vertex 1.08188 -49.5189 0
      vertex 2.16245 -49.5755 0
    endloop
  endfacet
  facet normal -0.515039 -0.857167 0
    outer loop
      vertex 15.5 -53.6532 0
      vertex 16.4275 -54.2105 3.5
      vertex 15.5 -53.6532 3.5
    endloop
  endfacet
  facet normal -0.515039 -0.857167 -0
    outer loop
      vertex 16.4275 -54.2105 3.5
      vertex 15.5 -53.6532 0
      vertex 16.4275 -54.2105 0
    endloop
  endfacet
  facet normal 0.156463 -0.987684 0
    outer loop
      vertex -5.38309 -49.971 0
      vertex -4.31437 -49.8017 3.5
      vertex -5.38309 -49.971 3.5
    endloop
  endfacet
  facet normal 0.156463 -0.987684 0
    outer loop
      vertex -4.31437 -49.8017 3.5
      vertex -5.38309 -49.971 0
      vertex -4.31437 -49.8017 0
    endloop
  endfacet
  facet normal 0.682002 -0.73135 0
    outer loop
      vertex -21.5344 -58.2005 0
      vertex -20.743 -57.4625 3.5
      vertex -21.5344 -58.2005 3.5
    endloop
  endfacet
  facet normal 0.682002 -0.73135 0
    outer loop
      vertex -20.743 -57.4625 3.5
      vertex -21.5344 -58.2005 0
      vertex -20.743 -57.4625 0
    endloop
  endfacet
  facet normal -0.891019 -0.453966 0
    outer loop
      vertex 27.8626 -66.9105 0
      vertex 27.3714 -65.9464 3.5
      vertex 27.3714 -65.9464 0
    endloop
  endfacet
  facet normal -0.891019 -0.453966 0
    outer loop
      vertex 27.3714 -65.9464 3.5
      vertex 27.8626 -66.9105 0
      vertex 27.8626 -66.9105 3.5
    endloop
  endfacet
  facet normal 0.906311 -0.422612 0
    outer loop
      vertex -28.3199 -67.8912 3.5
      vertex -27.8626 -66.9105 0
      vertex -27.8626 -66.9105 3.5
    endloop
  endfacet
  facet normal 0.906311 -0.422612 0
    outer loop
      vertex -27.8626 -66.9105 0
      vertex -28.3199 -67.8912 3.5
      vertex -28.3199 -67.8912 0
    endloop
  endfacet
  facet normal -0.390749 -0.920497 0
    outer loop
      vertex 11.6128 -51.7573 0
      vertex 12.6088 -52.1801 3.5
      vertex 11.6128 -51.7573 3.5
    endloop
  endfacet
  facet normal -0.390749 -0.920497 -0
    outer loop
      vertex 12.6088 -52.1801 3.5
      vertex 11.6128 -51.7573 0
      vertex 12.6088 -52.1801 0
    endloop
  endfacet
  facet normal -0.156463 -0.987684 0
    outer loop
      vertex 4.31437 -49.8017 0
      vertex 5.38309 -49.971 3.5
      vertex 4.31437 -49.8017 3.5
    endloop
  endfacet
  facet normal -0.156463 -0.987684 -0
    outer loop
      vertex 5.38309 -49.971 3.5
      vertex 4.31437 -49.8017 0
      vertex 5.38309 -49.971 0
    endloop
  endfacet
  facet normal -0.754691 -0.65608 0
    outer loop
      vertex 23.7474 -60.5736 0
      vertex 23.0375 -59.757 3.5
      vertex 23.0375 -59.757 0
    endloop
  endfacet
  facet normal -0.754691 -0.65608 0
    outer loop
      vertex 23.0375 -59.757 3.5
      vertex 23.7474 -60.5736 0
      vertex 23.7474 -60.5736 3.5
    endloop
  endfacet
  facet normal -0.190751 -0.981638 0
    outer loop
      vertex 5.38309 -49.971 0
      vertex 6.44526 -50.1774 3.5
      vertex 5.38309 -49.971 3.5
    endloop
  endfacet
  facet normal -0.190751 -0.981638 -0
    outer loop
      vertex 6.44526 -50.1774 3.5
      vertex 5.38309 -49.971 0
      vertex 6.44526 -50.1774 0
    endloop
  endfacet
  facet normal -0.798645 -0.601802 0
    outer loop
      vertex 25.0795 -62.2787 0
      vertex 24.4283 -61.4145 3.5
      vertex 24.4283 -61.4145 0
    endloop
  endfacet
  facet normal -0.798645 -0.601802 0
    outer loop
      vertex 24.4283 -61.4145 3.5
      vertex 25.0795 -62.2787 0
      vertex 25.0795 -62.2787 3.5
    endloop
  endfacet
  facet normal -0.73135 -0.682002 0
    outer loop
      vertex 23.0375 -59.757 0
      vertex 22.2995 -58.9656 3.5
      vertex 22.2995 -58.9656 0
    endloop
  endfacet
  facet normal -0.73135 -0.682002 0
    outer loop
      vertex 22.2995 -58.9656 3.5
      vertex 23.0375 -59.757 0
      vertex 23.0375 -59.757 3.5
    endloop
  endfacet
  facet normal -0.258858 -0.965915 0
    outer loop
      vertex 7.49958 -50.4208 0
      vertex 8.54476 -50.7009 3.5
      vertex 7.49958 -50.4208 3.5
    endloop
  endfacet
  facet normal -0.258858 -0.965915 -0
    outer loop
      vertex 8.54476 -50.7009 3.5
      vertex 7.49958 -50.4208 0
      vertex 8.54476 -50.7009 0
    endloop
  endfacet
  facet normal -0.992543 -0.121896 0
    outer loop
      vertex 30.8302 -77.2596 0
      vertex 30.6983 -76.1856 3.5
      vertex 30.6983 -76.1856 0
    endloop
  endfacet
  facet normal -0.992543 -0.121896 0
    outer loop
      vertex 30.6983 -76.1856 3.5
      vertex 30.8302 -77.2596 0
      vertex 30.8302 -77.2596 3.5
    endloop
  endfacet
  facet normal 0.573642 -0.819106 0
    outer loop
      vertex -18.2213 -55.4205 0
      vertex -17.335 -54.7998 3.5
      vertex -18.2213 -55.4205 3.5
    endloop
  endfacet
  facet normal 0.573642 -0.819106 0
    outer loop
      vertex -17.335 -54.7998 3.5
      vertex -18.2213 -55.4205 0
      vertex -17.335 -54.7998 0
    endloop
  endfacet
  facet normal 0.992543 -0.121896 0
    outer loop
      vertex -30.8302 -77.2596 3.5
      vertex -30.6983 -76.1856 0
      vertex -30.6983 -76.1856 3.5
    endloop
  endfacet
  facet normal 0.992543 -0.121896 0
    outer loop
      vertex -30.6983 -76.1856 0
      vertex -30.8302 -77.2596 3.5
      vertex -30.8302 -77.2596 0
    endloop
  endfacet
  facet normal -0.0174669 -0.999847 0
    outer loop
      vertex 0 -49.5 0
      vertex 1.08188 -49.5189 3.5
      vertex 0 -49.5 3.5
    endloop
  endfacet
  facet normal -0.0174669 -0.999847 -0
    outer loop
      vertex 1.08188 -49.5189 3.5
      vertex 0 -49.5 0
      vertex 1.08188 -49.5189 0
    endloop
  endfacet
  facet normal 0.987683 -0.156466 0
    outer loop
      vertex -30.6983 -76.1856 3.5
      vertex -30.529 -75.1169 0
      vertex -30.529 -75.1169 3.5
    endloop
  endfacet
  facet normal 0.987683 -0.156466 0
    outer loop
      vertex -30.529 -75.1169 0
      vertex -30.6983 -76.1856 3.5
      vertex -30.6983 -76.1856 0
    endloop
  endfacet
  facet normal -0.987683 -0.156466 0
    outer loop
      vertex 30.6983 -76.1856 0
      vertex 30.529 -75.1169 3.5
      vertex 30.529 -75.1169 0
    endloop
  endfacet
  facet normal -0.987683 -0.156466 0
    outer loop
      vertex 30.529 -75.1169 3.5
      vertex 30.6983 -76.1856 0
      vertex 30.6983 -76.1856 3.5
    endloop
  endfacet
  facet normal 0.933574 -0.358385 0
    outer loop
      vertex -29.1305 -69.8974 3.5
      vertex -28.7427 -68.8872 0
      vertex -28.7427 -68.8872 3.5
    endloop
  endfacet
  facet normal 0.933574 -0.358385 0
    outer loop
      vertex -28.7427 -68.8872 0
      vertex -29.1305 -69.8974 3.5
      vertex -29.1305 -69.8974 0
    endloop
  endfacet
  facet normal 0.956315 -0.292338 0
    outer loop
      vertex -29.7991 -71.9552 3.5
      vertex -29.4828 -70.9205 0
      vertex -29.4828 -70.9205 3.5
    endloop
  endfacet
  facet normal 0.956315 -0.292338 0
    outer loop
      vertex -29.4828 -70.9205 0
      vertex -29.7991 -71.9552 3.5
      vertex -29.7991 -71.9552 0
    endloop
  endfacet
  facet normal 0.981639 -0.190746 0
    outer loop
      vertex -30.529 -75.1169 3.5
      vertex -30.3226 -74.0547 0
      vertex -30.3226 -74.0547 3.5
    endloop
  endfacet
  facet normal 0.981639 -0.190746 0
    outer loop
      vertex -30.3226 -74.0547 0
      vertex -30.529 -75.1169 3.5
      vertex -30.529 -75.1169 0
    endloop
  endfacet
  facet normal 0.544615 -0.838686 0
    outer loop
      vertex -17.335 -54.7998 0
      vertex -16.4275 -54.2105 3.5
      vertex -17.335 -54.7998 3.5
    endloop
  endfacet
  facet normal 0.544615 -0.838686 0
    outer loop
      vertex -16.4275 -54.2105 3.5
      vertex -17.335 -54.7998 0
      vertex -16.4275 -54.2105 0
    endloop
  endfacet
  facet normal 0.996195 -0.087152 0
    outer loop
      vertex -30.9245 -78.3375 3.5
      vertex -30.8302 -77.2596 0
      vertex -30.8302 -77.2596 3.5
    endloop
  endfacet
  facet normal 0.996195 -0.087152 0
    outer loop
      vertex -30.8302 -77.2596 0
      vertex -30.9245 -78.3375 3.5
      vertex -30.9245 -78.3375 0
    endloop
  endfacet
  facet normal -0.981639 -0.190746 0
    outer loop
      vertex 30.529 -75.1169 0
      vertex 30.3226 -74.0547 3.5
      vertex 30.3226 -74.0547 0
    endloop
  endfacet
  facet normal -0.981639 -0.190746 0
    outer loop
      vertex 30.3226 -74.0547 3.5
      vertex 30.529 -75.1169 0
      vertex 30.529 -75.1169 3.5
    endloop
  endfacet
  facet normal 0.819106 -0.573642 0
    outer loop
      vertex -25.7002 -63.165 3.5
      vertex -25.0795 -62.2787 0
      vertex -25.0795 -62.2787 3.5
    endloop
  endfacet
  facet normal 0.819106 -0.573642 0
    outer loop
      vertex -25.0795 -62.2787 0
      vertex -25.7002 -63.165 3.5
      vertex -25.7002 -63.165 0
    endloop
  endfacet
  facet normal -0.974371 -0.224947 0
    outer loop
      vertex 30.3226 -74.0547 0
      vertex 30.0792 -73.0004 3.5
      vertex 30.0792 -73.0004 0
    endloop
  endfacet
  facet normal -0.974371 -0.224947 0
    outer loop
      vertex 30.0792 -73.0004 3.5
      vertex 30.3226 -74.0547 0
      vertex 30.3226 -74.0547 3.5
    endloop
  endfacet
  facet normal 0.325592 -0.94551 0
    outer loop
      vertex -10.6026 -51.3695 0
      vertex -9.57953 -51.0172 3.5
      vertex -10.6026 -51.3695 3.5
    endloop
  endfacet
  facet normal 0.325592 -0.94551 0
    outer loop
      vertex -9.57953 -51.0172 3.5
      vertex -10.6026 -51.3695 0
      vertex -9.57953 -51.0172 0
    endloop
  endfacet
  facet normal 0.754691 -0.65608 0
    outer loop
      vertex -23.7474 -60.5736 3.5
      vertex -23.0375 -59.757 0
      vertex -23.0375 -59.757 3.5
    endloop
  endfacet
  facet normal 0.754691 -0.65608 0
    outer loop
      vertex -23.0375 -59.757 0
      vertex -23.7474 -60.5736 3.5
      vertex -23.7474 -60.5736 0
    endloop
  endfacet
  facet normal 0.945513 -0.325583 0
    outer loop
      vertex -29.4828 -70.9205 3.5
      vertex -29.1305 -69.8974 0
      vertex -29.1305 -69.8974 3.5
    endloop
  endfacet
  facet normal 0.945513 -0.325583 0
    outer loop
      vertex -29.1305 -69.8974 0
      vertex -29.4828 -70.9205 3.5
      vertex -29.4828 -70.9205 0
    endloop
  endfacet
  facet normal -0.682002 -0.73135 0
    outer loop
      vertex 20.743 -57.4625 0
      vertex 21.5344 -58.2005 3.5
      vertex 20.743 -57.4625 3.5
    endloop
  endfacet
  facet normal -0.682002 -0.73135 -0
    outer loop
      vertex 21.5344 -58.2005 3.5
      vertex 20.743 -57.4625 0
      vertex 21.5344 -58.2005 0
    endloop
  endfacet
  facet normal 0.974371 -0.224947 0
    outer loop
      vertex -30.3226 -74.0547 3.5
      vertex -30.0792 -73.0004 0
      vertex -30.0792 -73.0004 3.5
    endloop
  endfacet
  facet normal 0.974371 -0.224947 0
    outer loop
      vertex -30.0792 -73.0004 0
      vertex -30.3226 -74.0547 3.5
      vertex -30.3226 -74.0547 0
    endloop
  endfacet
  facet normal 0.73135 -0.682002 0
    outer loop
      vertex -23.0375 -59.757 3.5
      vertex -22.2995 -58.9656 0
      vertex -22.2995 -58.9656 3.5
    endloop
  endfacet
  facet normal 0.73135 -0.682002 0
    outer loop
      vertex -22.2995 -58.9656 0
      vertex -23.0375 -59.757 3.5
      vertex -23.0375 -59.757 0
    endloop
  endfacet
  facet normal -0.707107 -0.707107 0
    outer loop
      vertex 22.2995 -58.9656 0
      vertex 21.5344 -58.2005 3.5
      vertex 21.5344 -58.2005 0
    endloop
  endfacet
  facet normal -0.707107 -0.707107 0
    outer loop
      vertex 21.5344 -58.2005 3.5
      vertex 22.2995 -58.9656 0
      vertex 22.2995 -58.9656 3.5
    endloop
  endfacet
  facet normal -0.544615 -0.838686 0
    outer loop
      vertex 16.4275 -54.2105 0
      vertex 17.335 -54.7998 3.5
      vertex 16.4275 -54.2105 3.5
    endloop
  endfacet
  facet normal -0.544615 -0.838686 -0
    outer loop
      vertex 17.335 -54.7998 3.5
      vertex 16.4275 -54.2105 0
      vertex 17.335 -54.7998 0
    endloop
  endfacet
  facet normal 0.0871496 -0.996195 0
    outer loop
      vertex -3.24038 -49.6698 0
      vertex -2.16245 -49.5755 3.5
      vertex -3.24038 -49.6698 3.5
    endloop
  endfacet
  facet normal 0.0871496 -0.996195 0
    outer loop
      vertex -2.16245 -49.5755 3.5
      vertex -3.24038 -49.6698 0
      vertex -2.16245 -49.5755 0
    endloop
  endfacet
  facet normal -0.956315 -0.292338 0
    outer loop
      vertex 29.7991 -71.9552 0
      vertex 29.4828 -70.9205 3.5
      vertex 29.4828 -70.9205 0
    endloop
  endfacet
  facet normal -0.956315 -0.292338 0
    outer loop
      vertex 29.4828 -70.9205 3.5
      vertex 29.7991 -71.9552 0
      vertex 29.7991 -71.9552 3.5
    endloop
  endfacet
  facet normal -0.453966 -0.891019 0
    outer loop
      vertex 13.5895 -52.6374 0
      vertex 14.5536 -53.1286 3.5
      vertex 13.5895 -52.6374 3.5
    endloop
  endfacet
  facet normal -0.453966 -0.891019 -0
    outer loop
      vertex 14.5536 -53.1286 3.5
      vertex 13.5895 -52.6374 0
      vertex 14.5536 -53.1286 0
    endloop
  endfacet
  facet normal 0.190751 -0.981638 0
    outer loop
      vertex -6.44526 -50.1774 0
      vertex -5.38309 -49.971 3.5
      vertex -6.44526 -50.1774 3.5
    endloop
  endfacet
  facet normal 0.190751 -0.981638 0
    outer loop
      vertex -5.38309 -49.971 3.5
      vertex -6.44526 -50.1774 0
      vertex -5.38309 -49.971 0
    endloop
  endfacet
  facet normal 0.258858 -0.965915 0
    outer loop
      vertex -8.54476 -50.7009 0
      vertex -7.49958 -50.4208 3.5
      vertex -8.54476 -50.7009 3.5
    endloop
  endfacet
  facet normal 0.258858 -0.965915 0
    outer loop
      vertex -7.49958 -50.4208 3.5
      vertex -8.54476 -50.7009 0
      vertex -7.49958 -50.4208 0
    endloop
  endfacet
  facet normal -0.777167 -0.629294 0
    outer loop
      vertex 24.4283 -61.4145 0
      vertex 23.7474 -60.5736 3.5
      vertex 23.7474 -60.5736 0
    endloop
  endfacet
  facet normal -0.777167 -0.629294 0
    outer loop
      vertex 23.7474 -60.5736 3.5
      vertex 24.4283 -61.4145 0
      vertex 24.4283 -61.4145 3.5
    endloop
  endfacet
  facet normal -0.0871496 -0.996195 0
    outer loop
      vertex 2.16245 -49.5755 0
      vertex 3.24038 -49.6698 3.5
      vertex 2.16245 -49.5755 3.5
    endloop
  endfacet
  facet normal -0.0871496 -0.996195 -0
    outer loop
      vertex 3.24038 -49.6698 3.5
      vertex 2.16245 -49.5755 0
      vertex 3.24038 -49.6698 0
    endloop
  endfacet
  facet normal 0.601802 -0.798645 0
    outer loop
      vertex -19.0855 -56.0717 0
      vertex -18.2213 -55.4205 3.5
      vertex -19.0855 -56.0717 3.5
    endloop
  endfacet
  facet normal 0.601802 -0.798645 0
    outer loop
      vertex -18.2213 -55.4205 3.5
      vertex -19.0855 -56.0717 0
      vertex -18.2213 -55.4205 0
    endloop
  endfacet
  facet normal -0.65608 -0.754691 0
    outer loop
      vertex 19.9264 -56.7526 0
      vertex 20.743 -57.4625 3.5
      vertex 19.9264 -56.7526 3.5
    endloop
  endfacet
  facet normal -0.65608 -0.754691 -0
    outer loop
      vertex 20.743 -57.4625 3.5
      vertex 19.9264 -56.7526 0
      vertex 20.743 -57.4625 0
    endloop
  endfacet
  facet normal -0.996195 -0.087152 0
    outer loop
      vertex 30.9245 -78.3375 0
      vertex 30.8302 -77.2596 3.5
      vertex 30.8302 -77.2596 0
    endloop
  endfacet
  facet normal -0.996195 -0.087152 0
    outer loop
      vertex 30.8302 -77.2596 3.5
      vertex 30.9245 -78.3375 0
      vertex 30.9245 -78.3375 3.5
    endloop
  endfacet
  facet normal -0.121897 -0.992543 0
    outer loop
      vertex 3.24038 -49.6698 0
      vertex 4.31437 -49.8017 3.5
      vertex 3.24038 -49.6698 3.5
    endloop
  endfacet
  facet normal -0.121897 -0.992543 -0
    outer loop
      vertex 4.31437 -49.8017 3.5
      vertex 3.24038 -49.6698 0
      vertex 4.31437 -49.8017 0
    endloop
  endfacet
  facet normal 0.629294 -0.777167 0
    outer loop
      vertex -19.9264 -56.7526 0
      vertex -19.0855 -56.0717 3.5
      vertex -19.9264 -56.7526 3.5
    endloop
  endfacet
  facet normal 0.629294 -0.777167 0
    outer loop
      vertex -19.0855 -56.0717 3.5
      vertex -19.9264 -56.7526 0
      vertex -19.0855 -56.0717 0
    endloop
  endfacet
  facet normal -0.920497 -0.390749 0
    outer loop
      vertex 28.7427 -68.8872 0
      vertex 28.3199 -67.8912 3.5
      vertex 28.3199 -67.8912 0
    endloop
  endfacet
  facet normal -0.920497 -0.390749 0
    outer loop
      vertex 28.3199 -67.8912 3.5
      vertex 28.7427 -68.8872 0
      vertex 28.7427 -68.8872 3.5
    endloop
  endfacet
  facet normal -0.484811 -0.874619 0
    outer loop
      vertex 14.5536 -53.1286 0
      vertex 15.5 -53.6532 3.5
      vertex 14.5536 -53.1286 3.5
    endloop
  endfacet
  facet normal -0.484811 -0.874619 -0
    outer loop
      vertex 15.5 -53.6532 3.5
      vertex 14.5536 -53.1286 0
      vertex 15.5 -53.6532 0
    endloop
  endfacet
  facet normal 0.224943 -0.974372 0
    outer loop
      vertex -7.49958 -50.4208 0
      vertex -6.44526 -50.1774 3.5
      vertex -7.49958 -50.4208 3.5
    endloop
  endfacet
  facet normal 0.224943 -0.974372 0
    outer loop
      vertex -6.44526 -50.1774 3.5
      vertex -7.49958 -50.4208 0
      vertex -6.44526 -50.1774 0
    endloop
  endfacet
  facet normal -0.965917 -0.258853 0
    outer loop
      vertex 30.0792 -73.0004 0
      vertex 29.7991 -71.9552 3.5
      vertex 29.7991 -71.9552 0
    endloop
  endfacet
  facet normal -0.965917 -0.258853 0
    outer loop
      vertex 29.7991 -71.9552 3.5
      vertex 30.0792 -73.0004 0
      vertex 30.0792 -73.0004 3.5
    endloop
  endfacet
  facet normal -0.906311 -0.422612 0
    outer loop
      vertex 28.3199 -67.8912 0
      vertex 27.8626 -66.9105 3.5
      vertex 27.8626 -66.9105 0
    endloop
  endfacet
  facet normal -0.906311 -0.422612 0
    outer loop
      vertex 27.8626 -66.9105 3.5
      vertex 28.3199 -67.8912 0
      vertex 28.3199 -67.8912 3.5
    endloop
  endfacet
  facet normal -0.819106 -0.573642 0
    outer loop
      vertex 25.7002 -63.165 0
      vertex 25.0795 -62.2787 3.5
      vertex 25.0795 -62.2787 0
    endloop
  endfacet
  facet normal -0.819106 -0.573642 0
    outer loop
      vertex 25.0795 -62.2787 3.5
      vertex 25.7002 -63.165 0
      vertex 25.7002 -63.165 3.5
    endloop
  endfacet
  facet normal -0.422612 -0.906311 0
    outer loop
      vertex 12.6088 -52.1801 0
      vertex 13.5895 -52.6374 3.5
      vertex 12.6088 -52.1801 3.5
    endloop
  endfacet
  facet normal -0.422612 -0.906311 -0
    outer loop
      vertex 13.5895 -52.6374 3.5
      vertex 12.6088 -52.1801 0
      vertex 13.5895 -52.6374 0
    endloop
  endfacet
  facet normal -0.933574 -0.358385 0
    outer loop
      vertex 29.1305 -69.8974 0
      vertex 28.7427 -68.8872 3.5
      vertex 28.7427 -68.8872 0
    endloop
  endfacet
  facet normal -0.933574 -0.358385 0
    outer loop
      vertex 28.7427 -68.8872 3.5
      vertex 29.1305 -69.8974 0
      vertex 29.1305 -69.8974 3.5
    endloop
  endfacet
  facet normal 0.515039 -0.857167 0
    outer loop
      vertex -16.4275 -54.2105 0
      vertex -15.5 -53.6532 3.5
      vertex -16.4275 -54.2105 3.5
    endloop
  endfacet
  facet normal 0.515039 -0.857167 0
    outer loop
      vertex -15.5 -53.6532 3.5
      vertex -16.4275 -54.2105 0
      vertex -15.5 -53.6532 0
    endloop
  endfacet
  facet normal 0.777167 -0.629294 0
    outer loop
      vertex -24.4283 -61.4145 3.5
      vertex -23.7474 -60.5736 0
      vertex -23.7474 -60.5736 3.5
    endloop
  endfacet
  facet normal 0.777167 -0.629294 0
    outer loop
      vertex -23.7474 -60.5736 0
      vertex -24.4283 -61.4145 3.5
      vertex -24.4283 -61.4145 0
    endloop
  endfacet
  facet normal 0.857167 -0.515039 0
    outer loop
      vertex -26.8468 -65 3.5
      vertex -26.2895 -64.0725 0
      vertex -26.2895 -64.0725 3.5
    endloop
  endfacet
  facet normal 0.857167 -0.515039 0
    outer loop
      vertex -26.2895 -64.0725 0
      vertex -26.8468 -65 3.5
      vertex -26.8468 -65 0
    endloop
  endfacet
  facet normal -0.29232 -0.956321 0
    outer loop
      vertex 8.54476 -50.7009 0
      vertex 9.57953 -51.0172 3.5
      vertex 8.54476 -50.7009 3.5
    endloop
  endfacet
  facet normal -0.29232 -0.956321 -0
    outer loop
      vertex 9.57953 -51.0172 3.5
      vertex 8.54476 -50.7009 0
      vertex 9.57953 -51.0172 0
    endloop
  endfacet
  facet normal 0.65608 -0.754691 0
    outer loop
      vertex -20.743 -57.4625 0
      vertex -19.9264 -56.7526 3.5
      vertex -20.743 -57.4625 3.5
    endloop
  endfacet
  facet normal 0.65608 -0.754691 0
    outer loop
      vertex -19.9264 -56.7526 3.5
      vertex -20.743 -57.4625 0
      vertex -19.9264 -56.7526 0
    endloop
  endfacet
  facet normal 0.998631 -0.0523066 0
    outer loop
      vertex -30.9811 -79.4181 3.5
      vertex -30.9245 -78.3375 0
      vertex -30.9245 -78.3375 3.5
    endloop
  endfacet
  facet normal 0.998631 -0.0523066 0
    outer loop
      vertex -30.9245 -78.3375 0
      vertex -30.9811 -79.4181 3.5
      vertex -30.9811 -79.4181 0
    endloop
  endfacet
  facet normal 0.999847 -0.0174666 0
    outer loop
      vertex -31 -80.5 3.5
      vertex -30.9811 -79.4181 0
      vertex -30.9811 -79.4181 3.5
    endloop
  endfacet
  facet normal 0.999847 -0.0174666 0
    outer loop
      vertex -30.9811 -79.4181 0
      vertex -31 -80.5 3.5
      vertex -31 -80.5 0
    endloop
  endfacet
  facet normal 0.838686 -0.544615 0
    outer loop
      vertex -26.2895 -64.0725 3.5
      vertex -25.7002 -63.165 0
      vertex -25.7002 -63.165 3.5
    endloop
  endfacet
  facet normal 0.838686 -0.544615 0
    outer loop
      vertex -25.7002 -63.165 0
      vertex -26.2895 -64.0725 3.5
      vertex -26.2895 -64.0725 0
    endloop
  endfacet
  facet normal 0.484811 -0.874619 0
    outer loop
      vertex -15.5 -53.6532 0
      vertex -14.5536 -53.1286 3.5
      vertex -15.5 -53.6532 3.5
    endloop
  endfacet
  facet normal 0.484811 -0.874619 0
    outer loop
      vertex -14.5536 -53.1286 3.5
      vertex -15.5 -53.6532 0
      vertex -14.5536 -53.1286 0
    endloop
  endfacet
  facet normal 0.965917 -0.258853 0
    outer loop
      vertex -30.0792 -73.0004 3.5
      vertex -29.7991 -71.9552 0
      vertex -29.7991 -71.9552 3.5
    endloop
  endfacet
  facet normal 0.965917 -0.258853 0
    outer loop
      vertex -29.7991 -71.9552 0
      vertex -30.0792 -73.0004 3.5
      vertex -30.0792 -73.0004 0
    endloop
  endfacet
  facet normal 0.920497 -0.390749 0
    outer loop
      vertex -28.7427 -68.8872 3.5
      vertex -28.3199 -67.8912 0
      vertex -28.3199 -67.8912 3.5
    endloop
  endfacet
  facet normal 0.920497 -0.390749 0
    outer loop
      vertex -28.3199 -67.8912 0
      vertex -28.7427 -68.8872 3.5
      vertex -28.7427 -68.8872 0
    endloop
  endfacet
  facet normal 0.29232 -0.956321 0
    outer loop
      vertex -9.57953 -51.0172 0
      vertex -8.54476 -50.7009 3.5
      vertex -9.57953 -51.0172 3.5
    endloop
  endfacet
  facet normal 0.29232 -0.956321 0
    outer loop
      vertex -8.54476 -50.7009 3.5
      vertex -9.57953 -51.0172 0
      vertex -8.54476 -50.7009 0
    endloop
  endfacet
  facet normal -0.224943 -0.974372 0
    outer loop
      vertex 6.44526 -50.1774 0
      vertex 7.49958 -50.4208 3.5
      vertex 6.44526 -50.1774 3.5
    endloop
  endfacet
  facet normal -0.224943 -0.974372 -0
    outer loop
      vertex 7.49958 -50.4208 3.5
      vertex 6.44526 -50.1774 0
      vertex 7.49958 -50.4208 0
    endloop
  endfacet
  facet normal 0.874619 -0.484811 0
    outer loop
      vertex -27.3714 -65.9464 3.5
      vertex -26.8468 -65 0
      vertex -26.8468 -65 3.5
    endloop
  endfacet
  facet normal 0.874619 -0.484811 0
    outer loop
      vertex -26.8468 -65 0
      vertex -27.3714 -65.9464 3.5
      vertex -27.3714 -65.9464 0
    endloop
  endfacet
  facet normal -1 0 0
    outer loop
      vertex 31 -80.5 0
      vertex 31 -116.425 3.5
      vertex 31 -80.5 3.5
    endloop
  endfacet
  facet normal -1 0 0
    outer loop
      vertex 31 -118.496 0
      vertex 31 -116.425 3.5
      vertex 31 -80.5 0
    endloop
  endfacet
  facet normal -1 0 0
    outer loop
      vertex 31 -118.496 8.48
      vertex 31 -116.425 3.5
      vertex 31 -118.496 0
    endloop
  endfacet
  facet normal -1 0 0
    outer loop
      vertex 31 -116.425 3.5
      vertex 31 -118.496 8.48
      vertex 31 -116.425 8.48
    endloop
  endfacet
  facet normal 1 0 0
    outer loop
      vertex -31 -116.425 8.48
      vertex -31 -118.496 8.48
      vertex -31 -116.425 3.5
    endloop
  endfacet
  facet normal 1 -0 0
    outer loop
      vertex -31 -116.425 3.5
      vertex -31 -80.5 0
      vertex -31 -80.5 3.5
    endloop
  endfacet
  facet normal 1 0 0
    outer loop
      vertex -31 -116.425 3.5
      vertex -31 -118.496 0
      vertex -31 -80.5 0
    endloop
  endfacet
  facet normal 1 0 0
    outer loop
      vertex -31 -118.496 0
      vertex -31 -116.425 3.5
      vertex -31 -118.496 8.48
    endloop
  endfacet
endsolid OpenSCAD_Model
