solid OpenSCAD_Model
  facet normal 0 0 -1
    outer loop
      vertex -89.4 3.03 0
      vertex -113.33 7.95782 0
      vertex -89.4 19.3319 0
    endloop
  endfacet
  facet normal 0 0 -1
    outer loop
      vertex -89.4 19.3319 0
      vertex -113.279 22.8069 0
      vertex -113.262 23.15 0
    endloop
  endfacet
  facet normal 0 0 -1
    outer loop
      vertex -113.413 8.291 0
      vertex -89.4 19.3319 0
      vertex -113.33 7.95782 0
    endloop
  endfacet
  facet normal 0 0 -1
    outer loop
      vertex -89.4 19.3319 0
      vertex -113.33 22.4672 0
      vertex -113.279 22.8069 0
    endloop
  endfacet
  facet normal 0 0 -1
    outer loop
      vertex -113.529 8.61439 0
      vertex -89.4 19.3319 0
      vertex -113.413 8.291 0
    endloop
  endfacet
  facet normal 0 0 -1
    outer loop
      vertex -89.4 19.3319 0
      vertex -113.413 22.134 0
      vertex -113.33 22.4672 0
    endloop
  endfacet
  facet normal 0 0 -1
    outer loop
      vertex -113.676 8.92489 0
      vertex -89.4 19.3319 0
      vertex -113.529 8.61439 0
    endloop
  endfacet
  facet normal 0 0 -1
    outer loop
      vertex -89.4 19.3319 0
      vertex -113.529 21.8106 0
      vertex -113.413 22.134 0
    endloop
  endfacet
  facet normal 0 0 -1
    outer loop
      vertex -113.676 21.5001 0
      vertex -89.4 19.3319 0
      vertex -113.676 8.92489 0
    endloop
  endfacet
  facet normal 0 0 -1
    outer loop
      vertex -89.4 19.3319 0
      vertex -113.676 21.5001 0
      vertex -113.529 21.8106 0
    endloop
  endfacet
  facet normal 0 0 -1
    outer loop
      vertex -113.852 9.2195 0
      vertex -113.676 21.5001 0
      vertex -113.676 8.92489 0
    endloop
  endfacet
  facet normal 0 0 -1
    outer loop
      vertex -113.852 9.2195 0
      vertex -113.852 21.2055 0
      vertex -113.676 21.5001 0
    endloop
  endfacet
  facet normal 0 0 -1
    outer loop
      vertex -114.057 9.49538 0
      vertex -113.852 21.2055 0
      vertex -113.852 9.2195 0
    endloop
  endfacet
  facet normal 0 0 -1
    outer loop
      vertex -114.057 9.49538 0
      vertex -114.057 20.9296 0
      vertex -113.852 21.2055 0
    endloop
  endfacet
  facet normal 0 0 -1
    outer loop
      vertex -114.288 9.74987 0
      vertex -114.057 20.9296 0
      vertex -114.057 9.49538 0
    endloop
  endfacet
  facet normal 0 0 -1
    outer loop
      vertex -114.288 9.74987 0
      vertex -114.288 20.6751 0
      vertex -114.057 20.9296 0
    endloop
  endfacet
  facet normal 0 0 -1
    outer loop
      vertex -114.542 9.98054 0
      vertex -114.288 20.6751 0
      vertex -114.288 9.74987 0
    endloop
  endfacet
  facet normal 0 0 -1
    outer loop
      vertex -114.542 9.98054 0
      vertex -114.542 20.4445 0
      vertex -114.288 20.6751 0
    endloop
  endfacet
  facet normal 0 0 -1
    outer loop
      vertex -114.818 10.1851 0
      vertex -114.542 20.4445 0
      vertex -114.542 9.98054 0
    endloop
  endfacet
  facet normal 0 0 -1
    outer loop
      vertex -114.818 10.1851 0
      vertex -114.818 20.2399 0
      vertex -114.542 20.4445 0
    endloop
  endfacet
  facet normal 0 0 -1
    outer loop
      vertex -115.113 10.3617 0
      vertex -114.818 20.2399 0
      vertex -114.818 10.1851 0
    endloop
  endfacet
  facet normal 0 0 -1
    outer loop
      vertex -115.113 10.3617 0
      vertex -115.113 20.0633 0
      vertex -114.818 20.2399 0
    endloop
  endfacet
  facet normal 0 0 -1
    outer loop
      vertex -115.423 10.5086 0
      vertex -115.113 20.0633 0
      vertex -115.113 10.3617 0
    endloop
  endfacet
  facet normal 0 0 -1
    outer loop
      vertex -115.423 10.5086 0
      vertex -115.423 19.9164 0
      vertex -115.113 20.0633 0
    endloop
  endfacet
  facet normal 0 0 -1
    outer loop
      vertex -115.747 10.6243 0
      vertex -115.423 19.9164 0
      vertex -115.423 10.5086 0
    endloop
  endfacet
  facet normal 0 0 -1
    outer loop
      vertex -115.747 10.6243 0
      vertex -115.747 19.8007 0
      vertex -115.423 19.9164 0
    endloop
  endfacet
  facet normal 0 0 -1
    outer loop
      vertex -116.08 10.7077 0
      vertex -115.747 19.8007 0
      vertex -115.747 10.6243 0
    endloop
  endfacet
  facet normal 0 0 -1
    outer loop
      vertex -116.08 10.7077 0
      vertex -116.08 19.7173 0
      vertex -115.747 19.8007 0
    endloop
  endfacet
  facet normal 0 0 -1
    outer loop
      vertex -116.419 10.7581 0
      vertex -116.08 19.7173 0
      vertex -116.08 10.7077 0
    endloop
  endfacet
  facet normal 0 0 -1
    outer loop
      vertex -116.419 10.7581 0
      vertex -116.419 19.6669 0
      vertex -116.08 19.7173 0
    endloop
  endfacet
  facet normal 0 0 -1
    outer loop
      vertex -116.762 10.775 0
      vertex -116.419 19.6669 0
      vertex -116.419 10.7581 0
    endloop
  endfacet
  facet normal 0 0 -1
    outer loop
      vertex -116.762 10.775 0
      vertex -116.762 19.65 0
      vertex -116.419 19.6669 0
    endloop
  endfacet
  facet normal 0 0 -1
    outer loop
      vertex -119.762 10.775 0
      vertex -116.762 19.65 0
      vertex -116.762 10.775 0
    endloop
  endfacet
  facet normal 0 0 -1
    outer loop
      vertex -119.762 10.775 0
      vertex -119.762 19.65 0
      vertex -116.762 19.65 0
    endloop
  endfacet
  facet normal 0 0 -1
    outer loop
      vertex -120.106 10.7581 0
      vertex -119.762 19.65 0
      vertex -119.762 10.775 0
    endloop
  endfacet
  facet normal 0 0 -1
    outer loop
      vertex -120.106 10.7581 0
      vertex -120.106 19.6669 0
      vertex -119.762 19.65 0
    endloop
  endfacet
  facet normal 0 0 -1
    outer loop
      vertex -120.445 10.7077 0
      vertex -120.106 19.6669 0
      vertex -120.106 10.7581 0
    endloop
  endfacet
  facet normal 0 0 -1
    outer loop
      vertex -120.445 10.7077 0
      vertex -120.445 19.7173 0
      vertex -120.106 19.6669 0
    endloop
  endfacet
  facet normal 0 0 -1
    outer loop
      vertex -120.778 10.6243 0
      vertex -120.445 19.7173 0
      vertex -120.445 10.7077 0
    endloop
  endfacet
  facet normal 0 0 -1
    outer loop
      vertex -120.778 10.6243 0
      vertex -120.778 19.8007 0
      vertex -120.445 19.7173 0
    endloop
  endfacet
  facet normal 0 0 -1
    outer loop
      vertex -121.102 10.5086 0
      vertex -120.778 19.8007 0
      vertex -120.778 10.6243 0
    endloop
  endfacet
  facet normal 0 0 -1
    outer loop
      vertex -121.102 10.5086 0
      vertex -121.102 19.9164 0
      vertex -120.778 19.8007 0
    endloop
  endfacet
  facet normal 0 0 -1
    outer loop
      vertex -121.412 10.3617 0
      vertex -121.102 19.9164 0
      vertex -121.102 10.5086 0
    endloop
  endfacet
  facet normal 0 0 -1
    outer loop
      vertex -121.412 10.3617 0
      vertex -121.412 20.0633 0
      vertex -121.102 19.9164 0
    endloop
  endfacet
  facet normal 0 0 -1
    outer loop
      vertex -121.707 10.1851 0
      vertex -121.412 20.0633 0
      vertex -121.412 10.3617 0
    endloop
  endfacet
  facet normal 0 0 -1
    outer loop
      vertex -121.707 10.1851 0
      vertex -121.707 20.2399 0
      vertex -121.412 20.0633 0
    endloop
  endfacet
  facet normal 0 0 -1
    outer loop
      vertex -121.983 9.98054 0
      vertex -121.707 20.2399 0
      vertex -121.707 10.1851 0
    endloop
  endfacet
  facet normal 0 0 -1
    outer loop
      vertex -121.983 9.98054 0
      vertex -121.983 20.4445 0
      vertex -121.707 20.2399 0
    endloop
  endfacet
  facet normal 0 0 -1
    outer loop
      vertex -122.237 9.74987 0
      vertex -121.983 20.4445 0
      vertex -121.983 9.98054 0
    endloop
  endfacet
  facet normal 0 0 -1
    outer loop
      vertex -122.237 9.74987 0
      vertex -122.237 20.6751 0
      vertex -121.983 20.4445 0
    endloop
  endfacet
  facet normal 0 0 -1
    outer loop
      vertex -122.468 9.49538 0
      vertex -122.237 20.6751 0
      vertex -122.237 9.74987 0
    endloop
  endfacet
  facet normal 0 0 -1
    outer loop
      vertex -122.468 9.49538 0
      vertex -122.468 20.9296 0
      vertex -122.237 20.6751 0
    endloop
  endfacet
  facet normal 0 0 -1
    outer loop
      vertex -122.673 9.2195 0
      vertex -122.468 20.9296 0
      vertex -122.468 9.49538 0
    endloop
  endfacet
  facet normal 0 0 -1
    outer loop
      vertex -122.673 9.2195 0
      vertex -122.673 21.2055 0
      vertex -122.468 20.9296 0
    endloop
  endfacet
  facet normal 0 0 -1
    outer loop
      vertex -122.849 8.92489 0
      vertex -122.673 21.2055 0
      vertex -122.673 9.2195 0
    endloop
  endfacet
  facet normal 0 0 -1
    outer loop
      vertex -122.849 8.92489 0
      vertex -122.849 21.5001 0
      vertex -122.673 21.2055 0
    endloop
  endfacet
  facet normal 0 0 -1
    outer loop
      vertex -127 25.5 0
      vertex -122.849 8.92489 0
      vertex -122.996 8.61439 0
    endloop
  endfacet
  facet normal 0 0 -1
    outer loop
      vertex -122.849 8.92489 0
      vertex -127 25.5 0
      vertex -122.849 21.5001 0
    endloop
  endfacet
  facet normal 0 0 -1
    outer loop
      vertex -127 25.5 0
      vertex -122.996 8.61439 0
      vertex -123.112 8.291 0
    endloop
  endfacet
  facet normal 0 0 -1
    outer loop
      vertex -122.849 21.5001 0
      vertex -127 25.5 0
      vertex -122.996 21.8106 0
    endloop
  endfacet
  facet normal 0 0 -1
    outer loop
      vertex -127 25.5 0
      vertex -123.112 8.291 0
      vertex -123.195 7.95782 0
    endloop
  endfacet
  facet normal 0 0 -1
    outer loop
      vertex -122.996 21.8106 0
      vertex -127 25.5 0
      vertex -123.112 22.134 0
    endloop
  endfacet
  facet normal 0 0 -1
    outer loop
      vertex -127 25.5 0
      vertex -123.195 7.95782 0
      vertex -123.246 7.61806 0
    endloop
  endfacet
  facet normal 0 0 -1
    outer loop
      vertex -123.112 22.134 0
      vertex -127 25.5 0
      vertex -123.195 22.4672 0
    endloop
  endfacet
  facet normal 0 0 -1
    outer loop
      vertex -127 25.5 0
      vertex -123.246 7.61806 0
      vertex -123.262 7.275 0
    endloop
  endfacet
  facet normal 0 0 -1
    outer loop
      vertex -123.195 22.4672 0
      vertex -127 25.5 0
      vertex -123.246 22.8069 0
    endloop
  endfacet
  facet normal 0 0 -1
    outer loop
      vertex -113.413 -7.584 0
      vertex -89.4 -5.6681 0
      vertex -113.33 -7.91718 0
    endloop
  endfacet
  facet normal 0 0 -1
    outer loop
      vertex -89.4 3.03 0
      vertex -113.279 6.93194 0
      vertex -113.262 7.275 0
    endloop
  endfacet
  facet normal 0 0 -1
    outer loop
      vertex -113.529 -7.26061 0
      vertex -89.4 -5.6681 0
      vertex -113.413 -7.584 0
    endloop
  endfacet
  facet normal 0 0 -1
    outer loop
      vertex -89.4 3.03 0
      vertex -113.33 6.59218 0
      vertex -113.279 6.93194 0
    endloop
  endfacet
  facet normal 0 0 -1
    outer loop
      vertex -113.676 -6.95011 0
      vertex -89.4 -5.6681 0
      vertex -113.529 -7.26061 0
    endloop
  endfacet
  facet normal 0 0 -1
    outer loop
      vertex -89.4 3.03 0
      vertex -113.413 6.259 0
      vertex -113.33 6.59218 0
    endloop
  endfacet
  facet normal -0 0 -1
    outer loop
      vertex -89.4 -5.6681 0
      vertex -113.676 -6.95011 0
      vertex -89.4 3.03 0
    endloop
  endfacet
  facet normal 0 0 -1
    outer loop
      vertex -89.4 3.03 0
      vertex -113.529 5.93561 0
      vertex -113.413 6.259 0
    endloop
  endfacet
  facet normal 0 0 -1
    outer loop
      vertex -113.676 5.62511 0
      vertex -89.4 3.03 0
      vertex -113.676 -6.95011 0
    endloop
  endfacet
  facet normal 0 0 -1
    outer loop
      vertex -89.4 3.03 0
      vertex -113.676 5.62511 0
      vertex -113.529 5.93561 0
    endloop
  endfacet
  facet normal 0 0 -1
    outer loop
      vertex -113.852 -6.6555 0
      vertex -113.676 5.62511 0
      vertex -113.676 -6.95011 0
    endloop
  endfacet
  facet normal 0 0 -1
    outer loop
      vertex -113.852 -6.6555 0
      vertex -113.852 5.3305 0
      vertex -113.676 5.62511 0
    endloop
  endfacet
  facet normal 0 0 -1
    outer loop
      vertex -114.057 -6.37962 0
      vertex -113.852 5.3305 0
      vertex -113.852 -6.6555 0
    endloop
  endfacet
  facet normal 0 0 -1
    outer loop
      vertex -114.057 -6.37962 0
      vertex -114.057 5.05462 0
      vertex -113.852 5.3305 0
    endloop
  endfacet
  facet normal 0 0 -1
    outer loop
      vertex -114.288 -6.12513 0
      vertex -114.057 5.05462 0
      vertex -114.057 -6.37962 0
    endloop
  endfacet
  facet normal 0 0 -1
    outer loop
      vertex -114.288 -6.12513 0
      vertex -114.288 4.80013 0
      vertex -114.057 5.05462 0
    endloop
  endfacet
  facet normal 0 0 -1
    outer loop
      vertex -114.542 -5.89446 0
      vertex -114.288 4.80013 0
      vertex -114.288 -6.12513 0
    endloop
  endfacet
  facet normal 0 0 -1
    outer loop
      vertex -114.542 -5.89446 0
      vertex -114.542 4.56946 0
      vertex -114.288 4.80013 0
    endloop
  endfacet
  facet normal 0 0 -1
    outer loop
      vertex -114.818 -5.68986 0
      vertex -114.542 4.56946 0
      vertex -114.542 -5.89446 0
    endloop
  endfacet
  facet normal 0 0 -1
    outer loop
      vertex -114.818 -5.68986 0
      vertex -114.818 4.36486 0
      vertex -114.542 4.56946 0
    endloop
  endfacet
  facet normal 0 0 -1
    outer loop
      vertex -115.113 -5.51328 0
      vertex -114.818 4.36486 0
      vertex -114.818 -5.68986 0
    endloop
  endfacet
  facet normal 0 0 -1
    outer loop
      vertex -115.113 -5.51328 0
      vertex -115.113 4.18828 0
      vertex -114.818 4.36486 0
    endloop
  endfacet
  facet normal 0 0 -1
    outer loop
      vertex -115.423 -5.36642 0
      vertex -115.113 4.18828 0
      vertex -115.113 -5.51328 0
    endloop
  endfacet
  facet normal 0 0 -1
    outer loop
      vertex -115.423 -5.36642 0
      vertex -115.423 4.04142 0
      vertex -115.113 4.18828 0
    endloop
  endfacet
  facet normal 0 0 -1
    outer loop
      vertex -115.747 -5.25071 0
      vertex -115.423 4.04142 0
      vertex -115.423 -5.36642 0
    endloop
  endfacet
  facet normal 0 0 -1
    outer loop
      vertex -115.747 -5.25071 0
      vertex -115.747 3.92571 0
      vertex -115.423 4.04142 0
    endloop
  endfacet
  facet normal 0 0 -1
    outer loop
      vertex -116.08 -5.16725 0
      vertex -115.747 3.92571 0
      vertex -115.747 -5.25071 0
    endloop
  endfacet
  facet normal 0 0 -1
    outer loop
      vertex -116.08 -5.16725 0
      vertex -116.08 3.84225 0
      vertex -115.747 3.92571 0
    endloop
  endfacet
  facet normal 0 0 -1
    outer loop
      vertex -116.419 -5.11685 0
      vertex -116.08 3.84225 0
      vertex -116.08 -5.16725 0
    endloop
  endfacet
  facet normal 0 0 -1
    outer loop
      vertex -116.419 -5.11685 0
      vertex -116.419 3.79185 0
      vertex -116.08 3.84225 0
    endloop
  endfacet
  facet normal 0 0 -1
    outer loop
      vertex -116.762 -5.1 0
      vertex -116.419 3.79185 0
      vertex -116.419 -5.11685 0
    endloop
  endfacet
  facet normal 0 0 -1
    outer loop
      vertex -116.762 -5.1 0
      vertex -116.762 3.775 0
      vertex -116.419 3.79185 0
    endloop
  endfacet
  facet normal 0 0 -1
    outer loop
      vertex -119.762 -5.1 0
      vertex -116.762 3.775 0
      vertex -116.762 -5.1 0
    endloop
  endfacet
  facet normal 0 0 -1
    outer loop
      vertex -119.762 -5.1 0
      vertex -119.762 3.775 0
      vertex -116.762 3.775 0
    endloop
  endfacet
  facet normal 0 0 -1
    outer loop
      vertex -120.106 -5.11685 0
      vertex -119.762 3.775 0
      vertex -119.762 -5.1 0
    endloop
  endfacet
  facet normal 0 0 -1
    outer loop
      vertex -120.106 -5.11685 0
      vertex -120.106 3.79185 0
      vertex -119.762 3.775 0
    endloop
  endfacet
  facet normal 0 0 -1
    outer loop
      vertex -120.445 -5.16725 0
      vertex -120.106 3.79185 0
      vertex -120.106 -5.11685 0
    endloop
  endfacet
  facet normal 0 0 -1
    outer loop
      vertex -120.445 -5.16725 0
      vertex -120.445 3.84225 0
      vertex -120.106 3.79185 0
    endloop
  endfacet
  facet normal 0 0 -1
    outer loop
      vertex -120.778 -5.25071 0
      vertex -120.445 3.84225 0
      vertex -120.445 -5.16725 0
    endloop
  endfacet
  facet normal 0 0 -1
    outer loop
      vertex -120.778 -5.25071 0
      vertex -120.778 3.92571 0
      vertex -120.445 3.84225 0
    endloop
  endfacet
  facet normal 0 0 -1
    outer loop
      vertex -121.102 -5.36642 0
      vertex -120.778 3.92571 0
      vertex -120.778 -5.25071 0
    endloop
  endfacet
  facet normal 0 0 -1
    outer loop
      vertex -121.102 -5.36642 0
      vertex -121.102 4.04142 0
      vertex -120.778 3.92571 0
    endloop
  endfacet
  facet normal 0 0 -1
    outer loop
      vertex -121.412 -5.51328 0
      vertex -121.102 4.04142 0
      vertex -121.102 -5.36642 0
    endloop
  endfacet
  facet normal 0 0 -1
    outer loop
      vertex -121.412 -5.51328 0
      vertex -121.412 4.18828 0
      vertex -121.102 4.04142 0
    endloop
  endfacet
  facet normal 0 0 -1
    outer loop
      vertex -121.707 -5.68986 0
      vertex -121.412 4.18828 0
      vertex -121.412 -5.51328 0
    endloop
  endfacet
  facet normal 0 0 -1
    outer loop
      vertex -121.707 -5.68986 0
      vertex -121.707 4.36486 0
      vertex -121.412 4.18828 0
    endloop
  endfacet
  facet normal 0 0 -1
    outer loop
      vertex -121.983 -5.89446 0
      vertex -121.707 4.36486 0
      vertex -121.707 -5.68986 0
    endloop
  endfacet
  facet normal 0 0 -1
    outer loop
      vertex -121.983 -5.89446 0
      vertex -121.983 4.56946 0
      vertex -121.707 4.36486 0
    endloop
  endfacet
  facet normal 0 0 -1
    outer loop
      vertex -122.237 -6.12513 0
      vertex -121.983 4.56946 0
      vertex -121.983 -5.89446 0
    endloop
  endfacet
  facet normal 0 0 -1
    outer loop
      vertex -122.237 -6.12513 0
      vertex -122.237 4.80013 0
      vertex -121.983 4.56946 0
    endloop
  endfacet
  facet normal 0 0 -1
    outer loop
      vertex -122.468 -6.37962 0
      vertex -122.237 4.80013 0
      vertex -122.237 -6.12513 0
    endloop
  endfacet
  facet normal 0 0 -1
    outer loop
      vertex -122.468 -6.37962 0
      vertex -122.468 5.05462 0
      vertex -122.237 4.80013 0
    endloop
  endfacet
  facet normal 0 0 -1
    outer loop
      vertex -122.673 -6.6555 0
      vertex -122.468 5.05462 0
      vertex -122.468 -6.37962 0
    endloop
  endfacet
  facet normal 0 0 -1
    outer loop
      vertex -122.673 -6.6555 0
      vertex -122.673 5.3305 0
      vertex -122.468 5.05462 0
    endloop
  endfacet
  facet normal 0 0 -1
    outer loop
      vertex -122.849 -6.95011 0
      vertex -122.673 5.3305 0
      vertex -122.673 -6.6555 0
    endloop
  endfacet
  facet normal 0 0 -1
    outer loop
      vertex -122.849 -6.95011 0
      vertex -122.849 5.62511 0
      vertex -122.673 5.3305 0
    endloop
  endfacet
  facet normal 0 0 -1
    outer loop
      vertex -122.996 -7.26061 0
      vertex -122.849 5.62511 0
      vertex -122.849 -6.95011 0
    endloop
  endfacet
  facet normal 0 0 -1
    outer loop
      vertex -122.996 -7.26061 0
      vertex -122.996 5.93561 0
      vertex -122.849 5.62511 0
    endloop
  endfacet
  facet normal 0 0 -1
    outer loop
      vertex -123.112 -7.584 0
      vertex -122.996 5.93561 0
      vertex -122.996 -7.26061 0
    endloop
  endfacet
  facet normal 0 0 -1
    outer loop
      vertex -123.112 -7.584 0
      vertex -123.112 6.259 0
      vertex -122.996 5.93561 0
    endloop
  endfacet
  facet normal 0 0 -1
    outer loop
      vertex -123.195 -7.91718 0
      vertex -123.112 6.259 0
      vertex -123.112 -7.584 0
    endloop
  endfacet
  facet normal 0 0 -1
    outer loop
      vertex -123.195 -7.91718 0
      vertex -123.195 6.59218 0
      vertex -123.112 6.259 0
    endloop
  endfacet
  facet normal 0 0 -1
    outer loop
      vertex -123.246 -8.25694 0
      vertex -123.195 6.59218 0
      vertex -123.195 -7.91718 0
    endloop
  endfacet
  facet normal 0 0 -1
    outer loop
      vertex -123.246 -8.25694 0
      vertex -123.246 6.93194 0
      vertex -123.195 6.59218 0
    endloop
  endfacet
  facet normal 0 0 -1
    outer loop
      vertex -127 -25.5 0
      vertex -123.246 -8.25694 0
      vertex -123.262 -8.6 0
    endloop
  endfacet
  facet normal -0 0 -1
    outer loop
      vertex -123.246 -8.25694 0
      vertex -127 -25.5 0
      vertex -123.246 6.93194 0
    endloop
  endfacet
  facet normal 0 0 -1
    outer loop
      vertex -113.33 -20.6172 0
      vertex -89.4 -21.97 0
      vertex -113.279 -20.9569 0
    endloop
  endfacet
  facet normal 0 0 -1
    outer loop
      vertex -89.4 -21.97 0
      vertex -113.279 -8.94306 0
      vertex -113.262 -8.6 0
    endloop
  endfacet
  facet normal 0 0 -1
    outer loop
      vertex -113.413 -20.284 0
      vertex -89.4 -21.97 0
      vertex -113.33 -20.6172 0
    endloop
  endfacet
  facet normal 0 0 -1
    outer loop
      vertex -89.4 -21.97 0
      vertex -113.33 -9.28282 0
      vertex -113.279 -8.94306 0
    endloop
  endfacet
  facet normal 0 0 -1
    outer loop
      vertex -113.529 -19.9606 0
      vertex -89.4 -21.97 0
      vertex -113.413 -20.284 0
    endloop
  endfacet
  facet normal 0 0 -1
    outer loop
      vertex -89.4 -21.97 0
      vertex -113.413 -9.616 0
      vertex -113.33 -9.28282 0
    endloop
  endfacet
  facet normal 0 0 -1
    outer loop
      vertex -113.529 -9.93939 0
      vertex -89.4 -21.97 0
      vertex -113.529 -19.9606 0
    endloop
  endfacet
  facet normal 0 0 -1
    outer loop
      vertex -89.4 -21.97 0
      vertex -113.529 -9.93939 0
      vertex -113.413 -9.616 0
    endloop
  endfacet
  facet normal 0 0 -1
    outer loop
      vertex -113.676 -19.6501 0
      vertex -113.529 -9.93939 0
      vertex -113.529 -19.9606 0
    endloop
  endfacet
  facet normal 0 0 -1
    outer loop
      vertex -113.676 -19.6501 0
      vertex -113.676 -10.2499 0
      vertex -113.529 -9.93939 0
    endloop
  endfacet
  facet normal 0 0 -1
    outer loop
      vertex -113.852 -19.3555 0
      vertex -113.676 -10.2499 0
      vertex -113.676 -19.6501 0
    endloop
  endfacet
  facet normal 0 0 -1
    outer loop
      vertex -113.852 -19.3555 0
      vertex -113.852 -10.5445 0
      vertex -113.676 -10.2499 0
    endloop
  endfacet
  facet normal 0 0 -1
    outer loop
      vertex -114.057 -19.0796 0
      vertex -113.852 -10.5445 0
      vertex -113.852 -19.3555 0
    endloop
  endfacet
  facet normal 0 0 -1
    outer loop
      vertex -114.057 -19.0796 0
      vertex -114.057 -10.8204 0
      vertex -113.852 -10.5445 0
    endloop
  endfacet
  facet normal 0 0 -1
    outer loop
      vertex -114.288 -18.8251 0
      vertex -114.057 -10.8204 0
      vertex -114.057 -19.0796 0
    endloop
  endfacet
  facet normal 0 0 -1
    outer loop
      vertex -114.288 -18.8251 0
      vertex -114.288 -11.0749 0
      vertex -114.057 -10.8204 0
    endloop
  endfacet
  facet normal 0 0 -1
    outer loop
      vertex -114.542 -18.5945 0
      vertex -114.288 -11.0749 0
      vertex -114.288 -18.8251 0
    endloop
  endfacet
  facet normal 0 0 -1
    outer loop
      vertex -114.542 -18.5945 0
      vertex -114.542 -11.3055 0
      vertex -114.288 -11.0749 0
    endloop
  endfacet
  facet normal 0 0 -1
    outer loop
      vertex -114.818 -18.3899 0
      vertex -114.542 -11.3055 0
      vertex -114.542 -18.5945 0
    endloop
  endfacet
  facet normal 0 0 -1
    outer loop
      vertex -114.818 -18.3899 0
      vertex -114.818 -11.5101 0
      vertex -114.542 -11.3055 0
    endloop
  endfacet
  facet normal 0 0 -1
    outer loop
      vertex -115.113 -18.2133 0
      vertex -114.818 -11.5101 0
      vertex -114.818 -18.3899 0
    endloop
  endfacet
  facet normal 0 0 -1
    outer loop
      vertex -115.113 -18.2133 0
      vertex -115.113 -11.6867 0
      vertex -114.818 -11.5101 0
    endloop
  endfacet
  facet normal 0 0 -1
    outer loop
      vertex -115.423 -18.0664 0
      vertex -115.113 -11.6867 0
      vertex -115.113 -18.2133 0
    endloop
  endfacet
  facet normal 0 0 -1
    outer loop
      vertex -115.423 -18.0664 0
      vertex -115.423 -11.8336 0
      vertex -115.113 -11.6867 0
    endloop
  endfacet
  facet normal 0 0 -1
    outer loop
      vertex -115.747 -17.9507 0
      vertex -115.423 -11.8336 0
      vertex -115.423 -18.0664 0
    endloop
  endfacet
  facet normal 0 0 -1
    outer loop
      vertex -115.747 -17.9507 0
      vertex -115.747 -11.9493 0
      vertex -115.423 -11.8336 0
    endloop
  endfacet
  facet normal 0 0 -1
    outer loop
      vertex -116.08 -17.8673 0
      vertex -115.747 -11.9493 0
      vertex -115.747 -17.9507 0
    endloop
  endfacet
  facet normal 0 0 -1
    outer loop
      vertex -116.08 -17.8673 0
      vertex -116.08 -12.0327 0
      vertex -115.747 -11.9493 0
    endloop
  endfacet
  facet normal 0 0 -1
    outer loop
      vertex -116.419 -17.8169 0
      vertex -116.08 -12.0327 0
      vertex -116.08 -17.8673 0
    endloop
  endfacet
  facet normal 0 0 -1
    outer loop
      vertex -116.419 -17.8169 0
      vertex -116.419 -12.0831 0
      vertex -116.08 -12.0327 0
    endloop
  endfacet
  facet normal 0 0 -1
    outer loop
      vertex -116.762 -17.8 0
      vertex -116.419 -12.0831 0
      vertex -116.419 -17.8169 0
    endloop
  endfacet
  facet normal 0 0 -1
    outer loop
      vertex -116.762 -17.8 0
      vertex -116.762 -12.1 0
      vertex -116.419 -12.0831 0
    endloop
  endfacet
  facet normal 0 0 -1
    outer loop
      vertex -119.762 -17.8 0
      vertex -116.762 -12.1 0
      vertex -116.762 -17.8 0
    endloop
  endfacet
  facet normal 0 0 -1
    outer loop
      vertex -119.762 -17.8 0
      vertex -119.762 -12.1 0
      vertex -116.762 -12.1 0
    endloop
  endfacet
  facet normal 0 0 -1
    outer loop
      vertex -120.106 -17.8169 0
      vertex -119.762 -12.1 0
      vertex -119.762 -17.8 0
    endloop
  endfacet
  facet normal 0 0 -1
    outer loop
      vertex -120.106 -17.8169 0
      vertex -120.106 -12.0831 0
      vertex -119.762 -12.1 0
    endloop
  endfacet
  facet normal 0 0 -1
    outer loop
      vertex -120.445 -17.8673 0
      vertex -120.106 -12.0831 0
      vertex -120.106 -17.8169 0
    endloop
  endfacet
  facet normal 0 0 -1
    outer loop
      vertex -120.445 -17.8673 0
      vertex -120.445 -12.0327 0
      vertex -120.106 -12.0831 0
    endloop
  endfacet
  facet normal 0 0 -1
    outer loop
      vertex -120.778 -17.9507 0
      vertex -120.445 -12.0327 0
      vertex -120.445 -17.8673 0
    endloop
  endfacet
  facet normal 0 0 -1
    outer loop
      vertex -120.778 -17.9507 0
      vertex -120.778 -11.9493 0
      vertex -120.445 -12.0327 0
    endloop
  endfacet
  facet normal 0 0 -1
    outer loop
      vertex -121.102 -18.0664 0
      vertex -120.778 -11.9493 0
      vertex -120.778 -17.9507 0
    endloop
  endfacet
  facet normal 0 0 -1
    outer loop
      vertex -121.102 -18.0664 0
      vertex -121.102 -11.8336 0
      vertex -120.778 -11.9493 0
    endloop
  endfacet
  facet normal 0 0 -1
    outer loop
      vertex -121.412 -18.2133 0
      vertex -121.102 -11.8336 0
      vertex -121.102 -18.0664 0
    endloop
  endfacet
  facet normal 0 0 -1
    outer loop
      vertex -121.412 -18.2133 0
      vertex -121.412 -11.6867 0
      vertex -121.102 -11.8336 0
    endloop
  endfacet
  facet normal 0 0 -1
    outer loop
      vertex -121.707 -18.3899 0
      vertex -121.412 -11.6867 0
      vertex -121.412 -18.2133 0
    endloop
  endfacet
  facet normal 0 0 -1
    outer loop
      vertex -121.707 -18.3899 0
      vertex -121.707 -11.5101 0
      vertex -121.412 -11.6867 0
    endloop
  endfacet
  facet normal 0 0 -1
    outer loop
      vertex -121.983 -18.5945 0
      vertex -121.707 -11.5101 0
      vertex -121.707 -18.3899 0
    endloop
  endfacet
  facet normal 0 0 -1
    outer loop
      vertex -121.983 -18.5945 0
      vertex -121.983 -11.3055 0
      vertex -121.707 -11.5101 0
    endloop
  endfacet
  facet normal 0 0 -1
    outer loop
      vertex -122.237 -18.8251 0
      vertex -121.983 -11.3055 0
      vertex -121.983 -18.5945 0
    endloop
  endfacet
  facet normal 0 0 -1
    outer loop
      vertex -122.237 -18.8251 0
      vertex -122.237 -11.0749 0
      vertex -121.983 -11.3055 0
    endloop
  endfacet
  facet normal 0 0 -1
    outer loop
      vertex -122.468 -19.0796 0
      vertex -122.237 -11.0749 0
      vertex -122.237 -18.8251 0
    endloop
  endfacet
  facet normal 0 0 -1
    outer loop
      vertex -122.468 -19.0796 0
      vertex -122.468 -10.8204 0
      vertex -122.237 -11.0749 0
    endloop
  endfacet
  facet normal 0 0 -1
    outer loop
      vertex -122.673 -19.3555 0
      vertex -122.468 -10.8204 0
      vertex -122.468 -19.0796 0
    endloop
  endfacet
  facet normal 0 0 -1
    outer loop
      vertex -122.673 -19.3555 0
      vertex -122.673 -10.5445 0
      vertex -122.468 -10.8204 0
    endloop
  endfacet
  facet normal 0 0 -1
    outer loop
      vertex -122.849 -19.6501 0
      vertex -122.673 -10.5445 0
      vertex -122.673 -19.3555 0
    endloop
  endfacet
  facet normal 0 0 -1
    outer loop
      vertex -122.849 -19.6501 0
      vertex -122.849 -10.2499 0
      vertex -122.673 -10.5445 0
    endloop
  endfacet
  facet normal 0 0 -1
    outer loop
      vertex -122.996 -19.9606 0
      vertex -122.849 -10.2499 0
      vertex -122.849 -19.6501 0
    endloop
  endfacet
  facet normal 0 0 -1
    outer loop
      vertex -122.996 -19.9606 0
      vertex -122.996 -9.93939 0
      vertex -122.849 -10.2499 0
    endloop
  endfacet
  facet normal 0 0 -1
    outer loop
      vertex -127 -25.5 0
      vertex -122.996 -19.9606 0
      vertex -123.112 -20.284 0
    endloop
  endfacet
  facet normal -0 0 -1
    outer loop
      vertex -122.996 -19.9606 0
      vertex -127 -25.5 0
      vertex -122.996 -9.93939 0
    endloop
  endfacet
  facet normal 0 0 -1
    outer loop
      vertex -127 -25.5 0
      vertex -123.112 -20.284 0
      vertex -123.195 -20.6172 0
    endloop
  endfacet
  facet normal -0 0 -1
    outer loop
      vertex -122.996 -9.93939 0
      vertex -127 -25.5 0
      vertex -123.112 -9.616 0
    endloop
  endfacet
  facet normal 0 0 -1
    outer loop
      vertex -127 -25.5 0
      vertex -123.195 -20.6172 0
      vertex -123.246 -20.9569 0
    endloop
  endfacet
  facet normal -0 0 -1
    outer loop
      vertex -123.112 -9.616 0
      vertex -127 -25.5 0
      vertex -123.195 -9.28282 0
    endloop
  endfacet
  facet normal 0 0 -1
    outer loop
      vertex -127 -25.5 0
      vertex -123.246 -20.9569 0
      vertex -123.262 -21.3 0
    endloop
  endfacet
  facet normal -0 0 -1
    outer loop
      vertex -123.195 -9.28282 0
      vertex -127 -25.5 0
      vertex -123.246 -8.94306 0
    endloop
  endfacet
  facet normal 0 0 -1
    outer loop
      vertex -89.4 -5.6681 0
      vertex -74.5 3.03 0
      vertex -74.5 -5.6681 0
    endloop
  endfacet
  facet normal -0 0 -1
    outer loop
      vertex -74.5 3.03 0
      vertex -89.4 -5.6681 0
      vertex -89.4 3.03 0
    endloop
  endfacet
  facet normal 0 0 -1
    outer loop
      vertex -66.5 -5.6681 0
      vertex -51.6 3.03 0
      vertex -51.6 -5.6681 0
    endloop
  endfacet
  facet normal -0 0 -1
    outer loop
      vertex -51.6 3.03 0
      vertex -66.5 -5.6681 0
      vertex -66.5 3.03 0
    endloop
  endfacet
  facet normal 0 0 -1
    outer loop
      vertex 123.195 7.95782 0
      vertex 127 25.5 0
      vertex 123.246 7.61806 0
    endloop
  endfacet
  facet normal 0 0 -1
    outer loop
      vertex 127 25.5 0
      vertex 123.246 22.8069 0
      vertex 123.262 23.15 0
    endloop
  endfacet
  facet normal 0 0 -1
    outer loop
      vertex 123.112 8.291 0
      vertex 127 25.5 0
      vertex 123.195 7.95782 0
    endloop
  endfacet
  facet normal 0 0 -1
    outer loop
      vertex 127 25.5 0
      vertex 123.195 22.4672 0
      vertex 123.246 22.8069 0
    endloop
  endfacet
  facet normal 0 0 -1
    outer loop
      vertex 122.996 8.61439 0
      vertex 127 25.5 0
      vertex 123.112 8.291 0
    endloop
  endfacet
  facet normal 0 0 -1
    outer loop
      vertex 127 25.5 0
      vertex 123.112 22.134 0
      vertex 123.195 22.4672 0
    endloop
  endfacet
  facet normal 0 0 -1
    outer loop
      vertex 122.849 8.92489 0
      vertex 127 25.5 0
      vertex 122.996 8.61439 0
    endloop
  endfacet
  facet normal 0 0 -1
    outer loop
      vertex 127 25.5 0
      vertex 122.996 21.8106 0
      vertex 123.112 22.134 0
    endloop
  endfacet
  facet normal 0 0 -1
    outer loop
      vertex 122.849 21.5001 0
      vertex 127 25.5 0
      vertex 122.849 8.92489 0
    endloop
  endfacet
  facet normal 0 0 -1
    outer loop
      vertex 127 25.5 0
      vertex 122.849 21.5001 0
      vertex 122.996 21.8106 0
    endloop
  endfacet
  facet normal 0 0 -1
    outer loop
      vertex 122.673 9.2195 0
      vertex 122.849 21.5001 0
      vertex 122.849 8.92489 0
    endloop
  endfacet
  facet normal 0 0 -1
    outer loop
      vertex 122.673 9.2195 0
      vertex 122.673 21.2055 0
      vertex 122.849 21.5001 0
    endloop
  endfacet
  facet normal 0 0 -1
    outer loop
      vertex 122.468 9.49538 0
      vertex 122.673 21.2055 0
      vertex 122.673 9.2195 0
    endloop
  endfacet
  facet normal 0 0 -1
    outer loop
      vertex 122.468 9.49538 0
      vertex 122.468 20.9296 0
      vertex 122.673 21.2055 0
    endloop
  endfacet
  facet normal 0 0 -1
    outer loop
      vertex 122.237 9.74987 0
      vertex 122.468 20.9296 0
      vertex 122.468 9.49538 0
    endloop
  endfacet
  facet normal 0 0 -1
    outer loop
      vertex 122.237 9.74987 0
      vertex 122.237 20.6751 0
      vertex 122.468 20.9296 0
    endloop
  endfacet
  facet normal 0 0 -1
    outer loop
      vertex 121.983 9.98054 0
      vertex 122.237 20.6751 0
      vertex 122.237 9.74987 0
    endloop
  endfacet
  facet normal 0 0 -1
    outer loop
      vertex 121.983 9.98054 0
      vertex 121.983 20.4445 0
      vertex 122.237 20.6751 0
    endloop
  endfacet
  facet normal 0 0 -1
    outer loop
      vertex 121.707 10.1851 0
      vertex 121.983 20.4445 0
      vertex 121.983 9.98054 0
    endloop
  endfacet
  facet normal 0 0 -1
    outer loop
      vertex 121.707 10.1851 0
      vertex 121.707 20.2399 0
      vertex 121.983 20.4445 0
    endloop
  endfacet
  facet normal 0 0 -1
    outer loop
      vertex 121.412 10.3617 0
      vertex 121.707 20.2399 0
      vertex 121.707 10.1851 0
    endloop
  endfacet
  facet normal 0 0 -1
    outer loop
      vertex 121.412 10.3617 0
      vertex 121.412 20.0633 0
      vertex 121.707 20.2399 0
    endloop
  endfacet
  facet normal 0 0 -1
    outer loop
      vertex 121.102 10.5086 0
      vertex 121.412 20.0633 0
      vertex 121.412 10.3617 0
    endloop
  endfacet
  facet normal 0 0 -1
    outer loop
      vertex 121.102 10.5086 0
      vertex 121.102 19.9164 0
      vertex 121.412 20.0633 0
    endloop
  endfacet
  facet normal 0 0 -1
    outer loop
      vertex 120.778 10.6243 0
      vertex 121.102 19.9164 0
      vertex 121.102 10.5086 0
    endloop
  endfacet
  facet normal 0 0 -1
    outer loop
      vertex 120.778 10.6243 0
      vertex 120.778 19.8007 0
      vertex 121.102 19.9164 0
    endloop
  endfacet
  facet normal 0 0 -1
    outer loop
      vertex 120.445 10.7077 0
      vertex 120.778 19.8007 0
      vertex 120.778 10.6243 0
    endloop
  endfacet
  facet normal 0 0 -1
    outer loop
      vertex 120.445 10.7077 0
      vertex 120.445 19.7173 0
      vertex 120.778 19.8007 0
    endloop
  endfacet
  facet normal 0 0 -1
    outer loop
      vertex 120.106 10.7581 0
      vertex 120.445 19.7173 0
      vertex 120.445 10.7077 0
    endloop
  endfacet
  facet normal 0 0 -1
    outer loop
      vertex 120.106 10.7581 0
      vertex 120.106 19.6669 0
      vertex 120.445 19.7173 0
    endloop
  endfacet
  facet normal 0 0 -1
    outer loop
      vertex 119.762 10.775 0
      vertex 120.106 19.6669 0
      vertex 120.106 10.7581 0
    endloop
  endfacet
  facet normal 0 0 -1
    outer loop
      vertex 119.762 10.775 0
      vertex 119.762 19.65 0
      vertex 120.106 19.6669 0
    endloop
  endfacet
  facet normal 0 0 -1
    outer loop
      vertex 116.762 10.775 0
      vertex 119.762 19.65 0
      vertex 119.762 10.775 0
    endloop
  endfacet
  facet normal 0 0 -1
    outer loop
      vertex 116.762 10.775 0
      vertex 116.762 19.65 0
      vertex 119.762 19.65 0
    endloop
  endfacet
  facet normal 0 0 -1
    outer loop
      vertex 116.419 10.7581 0
      vertex 116.762 19.65 0
      vertex 116.762 10.775 0
    endloop
  endfacet
  facet normal 0 0 -1
    outer loop
      vertex 116.419 10.7581 0
      vertex 116.419 19.6669 0
      vertex 116.762 19.65 0
    endloop
  endfacet
  facet normal 0 0 -1
    outer loop
      vertex 116.08 10.7077 0
      vertex 116.419 19.6669 0
      vertex 116.419 10.7581 0
    endloop
  endfacet
  facet normal 0 0 -1
    outer loop
      vertex 116.08 10.7077 0
      vertex 116.08 19.7173 0
      vertex 116.419 19.6669 0
    endloop
  endfacet
  facet normal 0 0 -1
    outer loop
      vertex 115.747 10.6243 0
      vertex 116.08 19.7173 0
      vertex 116.08 10.7077 0
    endloop
  endfacet
  facet normal 0 0 -1
    outer loop
      vertex 115.747 10.6243 0
      vertex 115.747 19.8007 0
      vertex 116.08 19.7173 0
    endloop
  endfacet
  facet normal 0 0 -1
    outer loop
      vertex 115.423 10.5086 0
      vertex 115.747 19.8007 0
      vertex 115.747 10.6243 0
    endloop
  endfacet
  facet normal 0 0 -1
    outer loop
      vertex 115.423 10.5086 0
      vertex 115.423 19.9164 0
      vertex 115.747 19.8007 0
    endloop
  endfacet
  facet normal 0 0 -1
    outer loop
      vertex 115.113 10.3617 0
      vertex 115.423 19.9164 0
      vertex 115.423 10.5086 0
    endloop
  endfacet
  facet normal 0 0 -1
    outer loop
      vertex 115.113 10.3617 0
      vertex 115.113 20.0633 0
      vertex 115.423 19.9164 0
    endloop
  endfacet
  facet normal 0 0 -1
    outer loop
      vertex 114.818 10.1851 0
      vertex 115.113 20.0633 0
      vertex 115.113 10.3617 0
    endloop
  endfacet
  facet normal 0 0 -1
    outer loop
      vertex 114.818 10.1851 0
      vertex 114.818 20.2399 0
      vertex 115.113 20.0633 0
    endloop
  endfacet
  facet normal 0 0 -1
    outer loop
      vertex 114.542 9.98054 0
      vertex 114.818 20.2399 0
      vertex 114.818 10.1851 0
    endloop
  endfacet
  facet normal 0 0 -1
    outer loop
      vertex 114.542 9.98054 0
      vertex 114.542 20.4445 0
      vertex 114.818 20.2399 0
    endloop
  endfacet
  facet normal 0 0 -1
    outer loop
      vertex 105.179 11.9288 0
      vertex 114.542 9.98054 0
      vertex 114.288 9.74987 0
    endloop
  endfacet
  facet normal 0 0 -1
    outer loop
      vertex 114.542 9.98054 0
      vertex 104.732 13.1762 0
      vertex 114.542 20.4445 0
    endloop
  endfacet
  facet normal 0 0 -1
    outer loop
      vertex 105.179 11.9288 0
      vertex 114.288 9.74987 0
      vertex 114.057 9.49538 0
    endloop
  endfacet
  facet normal -0 0 -1
    outer loop
      vertex 114.542 20.4445 0
      vertex 104.732 13.1762 0
      vertex 114.288 20.6751 0
    endloop
  endfacet
  facet normal 0 0 -1
    outer loop
      vertex 105.501 10.6437 0
      vertex 114.057 9.49538 0
      vertex 113.852 9.2195 0
    endloop
  endfacet
  facet normal 0 0 -1
    outer loop
      vertex 104.166 14.3739 0
      vertex 114.288 20.6751 0
      vertex 104.732 13.1762 0
    endloop
  endfacet
  facet normal 0 0 -1
    outer loop
      vertex 105.501 10.6437 0
      vertex 113.852 9.2195 0
      vertex 113.676 8.92489 0
    endloop
  endfacet
  facet normal -0 0 -1
    outer loop
      vertex 114.288 20.6751 0
      vertex 104.166 14.3739 0
      vertex 114.057 20.9296 0
    endloop
  endfacet
  facet normal 0 0 -1
    outer loop
      vertex 105.501 10.6437 0
      vertex 113.676 8.92489 0
      vertex 113.529 8.61439 0
    endloop
  endfacet
  facet normal -0 0 -1
    outer loop
      vertex 114.057 20.9296 0
      vertex 104.166 14.3739 0
      vertex 113.852 21.2055 0
    endloop
  endfacet
  facet normal 0 0 -1
    outer loop
      vertex 105.695 9.33323 0
      vertex 113.529 8.61439 0
      vertex 113.413 8.291 0
    endloop
  endfacet
  facet normal 0 0 -1
    outer loop
      vertex 103.485 15.5102 0
      vertex 113.852 21.2055 0
      vertex 104.166 14.3739 0
    endloop
  endfacet
  facet normal 0 0 -1
    outer loop
      vertex 105.695 9.33323 0
      vertex 113.413 8.291 0
      vertex 113.33 7.95782 0
    endloop
  endfacet
  facet normal -0 0 -1
    outer loop
      vertex 113.852 21.2055 0
      vertex 103.485 15.5102 0
      vertex 113.676 21.5001 0
    endloop
  endfacet
  facet normal 0 0 -1
    outer loop
      vertex 105.76 8.01 0
      vertex 113.33 7.95782 0
      vertex 113.279 7.61806 0
    endloop
  endfacet
  facet normal -0 0 -1
    outer loop
      vertex 113.676 21.5001 0
      vertex 103.485 15.5102 0
      vertex 113.529 21.8106 0
    endloop
  endfacet
  facet normal 0 0 -1
    outer loop
      vertex 105.76 8.01 0
      vertex 113.279 7.61806 0
      vertex 113.262 7.275 0
    endloop
  endfacet
  facet normal 0 0 -1
    outer loop
      vertex 114.542 9.98054 0
      vertex 105.179 11.9288 0
      vertex 104.732 13.1762 0
    endloop
  endfacet
  facet normal 0 0 -1
    outer loop
      vertex 123.246 6.93194 0
      vertex 127 -25.5 0
      vertex 123.246 -8.25694 0
    endloop
  endfacet
  facet normal 0 0 -1
    outer loop
      vertex 127 -25.5 0
      vertex 123.246 6.93194 0
      vertex 123.262 7.275 0
    endloop
  endfacet
  facet normal 0 0 -1
    outer loop
      vertex 123.195 -7.91718 0
      vertex 123.246 6.93194 0
      vertex 123.246 -8.25694 0
    endloop
  endfacet
  facet normal 0 0 -1
    outer loop
      vertex 123.195 -7.91718 0
      vertex 123.195 6.59218 0
      vertex 123.246 6.93194 0
    endloop
  endfacet
  facet normal 0 0 -1
    outer loop
      vertex 123.112 -7.584 0
      vertex 123.195 6.59218 0
      vertex 123.195 -7.91718 0
    endloop
  endfacet
  facet normal 0 0 -1
    outer loop
      vertex 123.112 -7.584 0
      vertex 123.112 6.259 0
      vertex 123.195 6.59218 0
    endloop
  endfacet
  facet normal 0 0 -1
    outer loop
      vertex 122.996 -7.26061 0
      vertex 123.112 6.259 0
      vertex 123.112 -7.584 0
    endloop
  endfacet
  facet normal 0 0 -1
    outer loop
      vertex 122.996 -7.26061 0
      vertex 122.996 5.93561 0
      vertex 123.112 6.259 0
    endloop
  endfacet
  facet normal 0 0 -1
    outer loop
      vertex 122.849 -6.95011 0
      vertex 122.996 5.93561 0
      vertex 122.996 -7.26061 0
    endloop
  endfacet
  facet normal 0 0 -1
    outer loop
      vertex 122.849 -6.95011 0
      vertex 122.849 5.62511 0
      vertex 122.996 5.93561 0
    endloop
  endfacet
  facet normal 0 0 -1
    outer loop
      vertex 122.673 -6.6555 0
      vertex 122.849 5.62511 0
      vertex 122.849 -6.95011 0
    endloop
  endfacet
  facet normal 0 0 -1
    outer loop
      vertex 122.673 -6.6555 0
      vertex 122.673 5.3305 0
      vertex 122.849 5.62511 0
    endloop
  endfacet
  facet normal 0 0 -1
    outer loop
      vertex 122.468 -6.37962 0
      vertex 122.673 5.3305 0
      vertex 122.673 -6.6555 0
    endloop
  endfacet
  facet normal 0 0 -1
    outer loop
      vertex 122.468 -6.37962 0
      vertex 122.468 5.05462 0
      vertex 122.673 5.3305 0
    endloop
  endfacet
  facet normal 0 0 -1
    outer loop
      vertex 122.237 -6.12513 0
      vertex 122.468 5.05462 0
      vertex 122.468 -6.37962 0
    endloop
  endfacet
  facet normal 0 0 -1
    outer loop
      vertex 122.237 -6.12513 0
      vertex 122.237 4.80013 0
      vertex 122.468 5.05462 0
    endloop
  endfacet
  facet normal 0 0 -1
    outer loop
      vertex 121.983 -5.89446 0
      vertex 122.237 4.80013 0
      vertex 122.237 -6.12513 0
    endloop
  endfacet
  facet normal 0 0 -1
    outer loop
      vertex 121.983 -5.89446 0
      vertex 121.983 4.56946 0
      vertex 122.237 4.80013 0
    endloop
  endfacet
  facet normal 0 0 -1
    outer loop
      vertex 121.707 -5.68986 0
      vertex 121.983 4.56946 0
      vertex 121.983 -5.89446 0
    endloop
  endfacet
  facet normal 0 0 -1
    outer loop
      vertex 121.707 -5.68986 0
      vertex 121.707 4.36486 0
      vertex 121.983 4.56946 0
    endloop
  endfacet
  facet normal 0 0 -1
    outer loop
      vertex 121.412 -5.51328 0
      vertex 121.707 4.36486 0
      vertex 121.707 -5.68986 0
    endloop
  endfacet
  facet normal 0 0 -1
    outer loop
      vertex 121.412 -5.51328 0
      vertex 121.412 4.18828 0
      vertex 121.707 4.36486 0
    endloop
  endfacet
  facet normal 0 0 -1
    outer loop
      vertex 121.102 -5.36642 0
      vertex 121.412 4.18828 0
      vertex 121.412 -5.51328 0
    endloop
  endfacet
  facet normal 0 0 -1
    outer loop
      vertex 121.102 -5.36642 0
      vertex 121.102 4.04142 0
      vertex 121.412 4.18828 0
    endloop
  endfacet
  facet normal 0 0 -1
    outer loop
      vertex 120.778 -5.25071 0
      vertex 121.102 4.04142 0
      vertex 121.102 -5.36642 0
    endloop
  endfacet
  facet normal 0 0 -1
    outer loop
      vertex 120.778 -5.25071 0
      vertex 120.778 3.92571 0
      vertex 121.102 4.04142 0
    endloop
  endfacet
  facet normal 0 0 -1
    outer loop
      vertex 120.445 -5.16725 0
      vertex 120.778 3.92571 0
      vertex 120.778 -5.25071 0
    endloop
  endfacet
  facet normal 0 0 -1
    outer loop
      vertex 120.445 -5.16725 0
      vertex 120.445 3.84225 0
      vertex 120.778 3.92571 0
    endloop
  endfacet
  facet normal 0 0 -1
    outer loop
      vertex 120.106 -5.11685 0
      vertex 120.445 3.84225 0
      vertex 120.445 -5.16725 0
    endloop
  endfacet
  facet normal 0 0 -1
    outer loop
      vertex 120.106 -5.11685 0
      vertex 120.106 3.79185 0
      vertex 120.445 3.84225 0
    endloop
  endfacet
  facet normal 0 0 -1
    outer loop
      vertex 119.762 -5.1 0
      vertex 120.106 3.79185 0
      vertex 120.106 -5.11685 0
    endloop
  endfacet
  facet normal 0 0 -1
    outer loop
      vertex 119.762 -5.1 0
      vertex 119.762 3.775 0
      vertex 120.106 3.79185 0
    endloop
  endfacet
  facet normal 0 0 -1
    outer loop
      vertex 116.762 -5.1 0
      vertex 119.762 3.775 0
      vertex 119.762 -5.1 0
    endloop
  endfacet
  facet normal 0 0 -1
    outer loop
      vertex 116.762 -5.1 0
      vertex 116.762 3.775 0
      vertex 119.762 3.775 0
    endloop
  endfacet
  facet normal 0 0 -1
    outer loop
      vertex 116.419 -5.11685 0
      vertex 116.762 3.775 0
      vertex 116.762 -5.1 0
    endloop
  endfacet
  facet normal 0 0 -1
    outer loop
      vertex 116.419 -5.11685 0
      vertex 116.419 3.79185 0
      vertex 116.762 3.775 0
    endloop
  endfacet
  facet normal 0 0 -1
    outer loop
      vertex 116.08 -5.16725 0
      vertex 116.419 3.79185 0
      vertex 116.419 -5.11685 0
    endloop
  endfacet
  facet normal 0 0 -1
    outer loop
      vertex 116.08 -5.16725 0
      vertex 116.08 3.84225 0
      vertex 116.419 3.79185 0
    endloop
  endfacet
  facet normal 0 0 -1
    outer loop
      vertex 115.747 -5.25071 0
      vertex 116.08 3.84225 0
      vertex 116.08 -5.16725 0
    endloop
  endfacet
  facet normal 0 0 -1
    outer loop
      vertex 115.747 -5.25071 0
      vertex 115.747 3.92571 0
      vertex 116.08 3.84225 0
    endloop
  endfacet
  facet normal 0 0 -1
    outer loop
      vertex 115.423 -5.36642 0
      vertex 115.747 3.92571 0
      vertex 115.747 -5.25071 0
    endloop
  endfacet
  facet normal 0 0 -1
    outer loop
      vertex 115.423 -5.36642 0
      vertex 115.423 4.04142 0
      vertex 115.747 3.92571 0
    endloop
  endfacet
  facet normal 0 0 -1
    outer loop
      vertex 115.113 -5.51328 0
      vertex 115.423 4.04142 0
      vertex 115.423 -5.36642 0
    endloop
  endfacet
  facet normal 0 0 -1
    outer loop
      vertex 115.113 -5.51328 0
      vertex 115.113 4.18828 0
      vertex 115.423 4.04142 0
    endloop
  endfacet
  facet normal 0 0 -1
    outer loop
      vertex 114.818 -5.68986 0
      vertex 115.113 4.18828 0
      vertex 115.113 -5.51328 0
    endloop
  endfacet
  facet normal 0 0 -1
    outer loop
      vertex 114.818 -5.68986 0
      vertex 114.818 4.36486 0
      vertex 115.113 4.18828 0
    endloop
  endfacet
  facet normal 0 0 -1
    outer loop
      vertex 114.542 -5.89446 0
      vertex 114.818 4.36486 0
      vertex 114.818 -5.68986 0
    endloop
  endfacet
  facet normal 0 0 -1
    outer loop
      vertex 114.542 -5.89446 0
      vertex 114.542 4.56946 0
      vertex 114.818 4.36486 0
    endloop
  endfacet
  facet normal 0 0 -1
    outer loop
      vertex 114.288 -6.12513 0
      vertex 114.542 4.56946 0
      vertex 114.542 -5.89446 0
    endloop
  endfacet
  facet normal 0 0 -1
    outer loop
      vertex 114.288 -6.12513 0
      vertex 114.288 4.80013 0
      vertex 114.542 4.56946 0
    endloop
  endfacet
  facet normal 0 0 -1
    outer loop
      vertex 105.76 -8.01 0
      vertex 114.288 -6.12513 0
      vertex 114.057 -6.37962 0
    endloop
  endfacet
  facet normal -0 0 -1
    outer loop
      vertex 114.288 -6.12513 0
      vertex 105.76 -8.01 0
      vertex 114.288 4.80013 0
    endloop
  endfacet
  facet normal 0 0 -1
    outer loop
      vertex 105.76 -8.01 0
      vertex 114.057 -6.37962 0
      vertex 113.852 -6.6555 0
    endloop
  endfacet
  facet normal -0 0 -1
    outer loop
      vertex 114.288 4.80013 0
      vertex 105.76 -8.01 0
      vertex 114.057 5.05462 0
    endloop
  endfacet
  facet normal 0 0 -1
    outer loop
      vertex 105.76 -8.01 0
      vertex 113.852 -6.6555 0
      vertex 113.676 -6.95011 0
    endloop
  endfacet
  facet normal 0 0 -1
    outer loop
      vertex 105.76 8.01 0
      vertex 114.057 5.05462 0
      vertex 105.76 -8.01 0
    endloop
  endfacet
  facet normal 0 0 -1
    outer loop
      vertex 105.76 -8.01 0
      vertex 113.676 -6.95011 0
      vertex 113.529 -7.26061 0
    endloop
  endfacet
  facet normal 0 0 -1
    outer loop
      vertex 114.057 5.05462 0
      vertex 105.76 8.01 0
      vertex 113.852 5.3305 0
    endloop
  endfacet
  facet normal 0 0 -1
    outer loop
      vertex 105.76 -8.01 0
      vertex 113.529 -7.26061 0
      vertex 113.413 -7.584 0
    endloop
  endfacet
  facet normal 0 0 -1
    outer loop
      vertex 113.852 5.3305 0
      vertex 105.76 8.01 0
      vertex 113.676 5.62511 0
    endloop
  endfacet
  facet normal 0 0 -1
    outer loop
      vertex 105.76 -8.01 0
      vertex 113.413 -7.584 0
      vertex 113.33 -7.91718 0
    endloop
  endfacet
  facet normal 0 0 -1
    outer loop
      vertex 113.676 5.62511 0
      vertex 105.76 8.01 0
      vertex 113.529 5.93561 0
    endloop
  endfacet
  facet normal 0 0 -1
    outer loop
      vertex 105.76 -8.01 0
      vertex 113.33 -7.91718 0
      vertex 113.279 -8.25694 0
    endloop
  endfacet
  facet normal 0 0 -1
    outer loop
      vertex 113.529 5.93561 0
      vertex 105.76 8.01 0
      vertex 113.413 6.259 0
    endloop
  endfacet
  facet normal 0 0 -1
    outer loop
      vertex 105.76 -8.01 0
      vertex 113.279 -8.25694 0
      vertex 113.262 -8.6 0
    endloop
  endfacet
  facet normal 0 0 -1
    outer loop
      vertex 113.413 6.259 0
      vertex 105.76 8.01 0
      vertex 113.33 6.59218 0
    endloop
  endfacet
  facet normal 0 0 -1
    outer loop
      vertex 123.195 -20.6172 0
      vertex 127 -25.5 0
      vertex 123.246 -20.9569 0
    endloop
  endfacet
  facet normal 0 0 -1
    outer loop
      vertex 127 -25.5 0
      vertex 123.246 -8.94306 0
      vertex 123.262 -8.6 0
    endloop
  endfacet
  facet normal 0 0 -1
    outer loop
      vertex 123.112 -20.284 0
      vertex 127 -25.5 0
      vertex 123.195 -20.6172 0
    endloop
  endfacet
  facet normal 0 0 -1
    outer loop
      vertex 127 -25.5 0
      vertex 123.195 -9.28282 0
      vertex 123.246 -8.94306 0
    endloop
  endfacet
  facet normal 0 0 -1
    outer loop
      vertex 122.996 -19.9606 0
      vertex 127 -25.5 0
      vertex 123.112 -20.284 0
    endloop
  endfacet
  facet normal 0 0 -1
    outer loop
      vertex 127 -25.5 0
      vertex 123.112 -9.616 0
      vertex 123.195 -9.28282 0
    endloop
  endfacet
  facet normal 0 0 -1
    outer loop
      vertex 122.996 -9.93939 0
      vertex 127 -25.5 0
      vertex 122.996 -19.9606 0
    endloop
  endfacet
  facet normal 0 0 -1
    outer loop
      vertex 127 -25.5 0
      vertex 122.996 -9.93939 0
      vertex 123.112 -9.616 0
    endloop
  endfacet
  facet normal 0 0 -1
    outer loop
      vertex 122.849 -19.6501 0
      vertex 122.996 -9.93939 0
      vertex 122.996 -19.9606 0
    endloop
  endfacet
  facet normal 0 0 -1
    outer loop
      vertex 122.849 -19.6501 0
      vertex 122.849 -10.2499 0
      vertex 122.996 -9.93939 0
    endloop
  endfacet
  facet normal 0 0 -1
    outer loop
      vertex 122.673 -19.3555 0
      vertex 122.849 -10.2499 0
      vertex 122.849 -19.6501 0
    endloop
  endfacet
  facet normal 0 0 -1
    outer loop
      vertex 122.673 -19.3555 0
      vertex 122.673 -10.5445 0
      vertex 122.849 -10.2499 0
    endloop
  endfacet
  facet normal 0 0 -1
    outer loop
      vertex 122.468 -19.0796 0
      vertex 122.673 -10.5445 0
      vertex 122.673 -19.3555 0
    endloop
  endfacet
  facet normal 0 0 -1
    outer loop
      vertex 122.468 -19.0796 0
      vertex 122.468 -10.8204 0
      vertex 122.673 -10.5445 0
    endloop
  endfacet
  facet normal 0 0 -1
    outer loop
      vertex 122.237 -18.8251 0
      vertex 122.468 -10.8204 0
      vertex 122.468 -19.0796 0
    endloop
  endfacet
  facet normal 0 0 -1
    outer loop
      vertex 122.237 -18.8251 0
      vertex 122.237 -11.0749 0
      vertex 122.468 -10.8204 0
    endloop
  endfacet
  facet normal 0 0 -1
    outer loop
      vertex 121.983 -18.5945 0
      vertex 122.237 -11.0749 0
      vertex 122.237 -18.8251 0
    endloop
  endfacet
  facet normal 0 0 -1
    outer loop
      vertex 121.983 -18.5945 0
      vertex 121.983 -11.3055 0
      vertex 122.237 -11.0749 0
    endloop
  endfacet
  facet normal 0 0 -1
    outer loop
      vertex 121.707 -18.3899 0
      vertex 121.983 -11.3055 0
      vertex 121.983 -18.5945 0
    endloop
  endfacet
  facet normal 0 0 -1
    outer loop
      vertex 121.707 -18.3899 0
      vertex 121.707 -11.5101 0
      vertex 121.983 -11.3055 0
    endloop
  endfacet
  facet normal 0 0 -1
    outer loop
      vertex 121.412 -18.2133 0
      vertex 121.707 -11.5101 0
      vertex 121.707 -18.3899 0
    endloop
  endfacet
  facet normal 0 0 -1
    outer loop
      vertex 121.412 -18.2133 0
      vertex 121.412 -11.6867 0
      vertex 121.707 -11.5101 0
    endloop
  endfacet
  facet normal 0 0 -1
    outer loop
      vertex 121.102 -18.0664 0
      vertex 121.412 -11.6867 0
      vertex 121.412 -18.2133 0
    endloop
  endfacet
  facet normal 0 0 -1
    outer loop
      vertex 121.102 -18.0664 0
      vertex 121.102 -11.8336 0
      vertex 121.412 -11.6867 0
    endloop
  endfacet
  facet normal 0 0 -1
    outer loop
      vertex 120.778 -17.9507 0
      vertex 121.102 -11.8336 0
      vertex 121.102 -18.0664 0
    endloop
  endfacet
  facet normal 0 0 -1
    outer loop
      vertex 120.778 -17.9507 0
      vertex 120.778 -11.9493 0
      vertex 121.102 -11.8336 0
    endloop
  endfacet
  facet normal 0 0 -1
    outer loop
      vertex 120.445 -17.8673 0
      vertex 120.778 -11.9493 0
      vertex 120.778 -17.9507 0
    endloop
  endfacet
  facet normal 0 0 -1
    outer loop
      vertex 120.445 -17.8673 0
      vertex 120.445 -12.0327 0
      vertex 120.778 -11.9493 0
    endloop
  endfacet
  facet normal 0 0 -1
    outer loop
      vertex 120.106 -17.8169 0
      vertex 120.445 -12.0327 0
      vertex 120.445 -17.8673 0
    endloop
  endfacet
  facet normal 0 0 -1
    outer loop
      vertex 120.106 -17.8169 0
      vertex 120.106 -12.0831 0
      vertex 120.445 -12.0327 0
    endloop
  endfacet
  facet normal 0 0 -1
    outer loop
      vertex 119.762 -17.8 0
      vertex 120.106 -12.0831 0
      vertex 120.106 -17.8169 0
    endloop
  endfacet
  facet normal 0 0 -1
    outer loop
      vertex 119.762 -17.8 0
      vertex 119.762 -12.1 0
      vertex 120.106 -12.0831 0
    endloop
  endfacet
  facet normal 0 0 -1
    outer loop
      vertex 116.762 -17.8 0
      vertex 119.762 -12.1 0
      vertex 119.762 -17.8 0
    endloop
  endfacet
  facet normal 0 0 -1
    outer loop
      vertex 116.762 -17.8 0
      vertex 116.762 -12.1 0
      vertex 119.762 -12.1 0
    endloop
  endfacet
  facet normal 0 0 -1
    outer loop
      vertex 116.419 -17.8169 0
      vertex 116.762 -12.1 0
      vertex 116.762 -17.8 0
    endloop
  endfacet
  facet normal 0 0 -1
    outer loop
      vertex 116.419 -17.8169 0
      vertex 116.419 -12.0831 0
      vertex 116.762 -12.1 0
    endloop
  endfacet
  facet normal 0 0 -1
    outer loop
      vertex 116.08 -17.8673 0
      vertex 116.419 -12.0831 0
      vertex 116.419 -17.8169 0
    endloop
  endfacet
  facet normal 0 0 -1
    outer loop
      vertex 116.08 -17.8673 0
      vertex 116.08 -12.0327 0
      vertex 116.419 -12.0831 0
    endloop
  endfacet
  facet normal 0 0 -1
    outer loop
      vertex 115.747 -17.9507 0
      vertex 116.08 -12.0327 0
      vertex 116.08 -17.8673 0
    endloop
  endfacet
  facet normal 0 0 -1
    outer loop
      vertex 115.747 -17.9507 0
      vertex 115.747 -11.9493 0
      vertex 116.08 -12.0327 0
    endloop
  endfacet
  facet normal 0 0 -1
    outer loop
      vertex 115.423 -18.0664 0
      vertex 115.747 -11.9493 0
      vertex 115.747 -17.9507 0
    endloop
  endfacet
  facet normal 0 0 -1
    outer loop
      vertex 115.423 -18.0664 0
      vertex 115.423 -11.8336 0
      vertex 115.747 -11.9493 0
    endloop
  endfacet
  facet normal 0 0 -1
    outer loop
      vertex 115.113 -18.2133 0
      vertex 115.423 -11.8336 0
      vertex 115.423 -18.0664 0
    endloop
  endfacet
  facet normal 0 0 -1
    outer loop
      vertex 115.113 -18.2133 0
      vertex 115.113 -11.6867 0
      vertex 115.423 -11.8336 0
    endloop
  endfacet
  facet normal 0 0 -1
    outer loop
      vertex 114.818 -18.3899 0
      vertex 115.113 -11.6867 0
      vertex 115.113 -18.2133 0
    endloop
  endfacet
  facet normal 0 0 -1
    outer loop
      vertex 114.818 -18.3899 0
      vertex 114.818 -11.5101 0
      vertex 115.113 -11.6867 0
    endloop
  endfacet
  facet normal 0 0 -1
    outer loop
      vertex 114.542 -18.5945 0
      vertex 114.818 -11.5101 0
      vertex 114.818 -18.3899 0
    endloop
  endfacet
  facet normal 0 0 -1
    outer loop
      vertex 114.542 -18.5945 0
      vertex 114.542 -11.3055 0
      vertex 114.818 -11.5101 0
    endloop
  endfacet
  facet normal 0 0 -1
    outer loop
      vertex 114.288 -18.8251 0
      vertex 114.542 -11.3055 0
      vertex 114.542 -18.5945 0
    endloop
  endfacet
  facet normal 0 0 -1
    outer loop
      vertex 114.288 -18.8251 0
      vertex 114.288 -11.0749 0
      vertex 114.542 -11.3055 0
    endloop
  endfacet
  facet normal 0 0 -1
    outer loop
      vertex 104.732 -13.1762 0
      vertex 114.288 -18.8251 0
      vertex 114.057 -19.0796 0
    endloop
  endfacet
  facet normal 0 0 -1
    outer loop
      vertex 114.288 -18.8251 0
      vertex 104.732 -13.1762 0
      vertex 114.288 -11.0749 0
    endloop
  endfacet
  facet normal 0 0 -1
    outer loop
      vertex 104.732 -13.1762 0
      vertex 114.057 -19.0796 0
      vertex 113.852 -19.3555 0
    endloop
  endfacet
  facet normal -0 0 -1
    outer loop
      vertex 114.288 -11.0749 0
      vertex 104.732 -13.1762 0
      vertex 114.057 -10.8204 0
    endloop
  endfacet
  facet normal 0 0 -1
    outer loop
      vertex 104.166 -14.3739 0
      vertex 113.852 -19.3555 0
      vertex 113.676 -19.6501 0
    endloop
  endfacet
  facet normal 0 -0 -1
    outer loop
      vertex 105.179 -11.9288 0
      vertex 114.057 -10.8204 0
      vertex 104.732 -13.1762 0
    endloop
  endfacet
  facet normal 0 0 -1
    outer loop
      vertex 104.166 -14.3739 0
      vertex 113.676 -19.6501 0
      vertex 113.529 -19.9606 0
    endloop
  endfacet
  facet normal -0 0 -1
    outer loop
      vertex 114.057 -10.8204 0
      vertex 105.179 -11.9288 0
      vertex 113.852 -10.5445 0
    endloop
  endfacet
  facet normal 0 0 -1
    outer loop
      vertex 103.485 -15.5102 0
      vertex 113.529 -19.9606 0
      vertex 113.413 -20.284 0
    endloop
  endfacet
  facet normal -0 0 -1
    outer loop
      vertex 113.852 -10.5445 0
      vertex 105.179 -11.9288 0
      vertex 113.676 -10.2499 0
    endloop
  endfacet
  facet normal 0 0 -1
    outer loop
      vertex 103.485 -15.5102 0
      vertex 113.413 -20.284 0
      vertex 113.33 -20.6172 0
    endloop
  endfacet
  facet normal 0 -0 -1
    outer loop
      vertex 105.501 -10.6437 0
      vertex 113.676 -10.2499 0
      vertex 105.179 -11.9288 0
    endloop
  endfacet
  facet normal 0 0 -1
    outer loop
      vertex 102.696 -16.5743 0
      vertex 113.33 -20.6172 0
      vertex 113.279 -20.9569 0
    endloop
  endfacet
  facet normal -0 0 -1
    outer loop
      vertex 113.676 -10.2499 0
      vertex 105.501 -10.6437 0
      vertex 113.529 -9.93939 0
    endloop
  endfacet
  facet normal 0 0 -1
    outer loop
      vertex 102.696 -16.5743 0
      vertex 113.279 -20.9569 0
      vertex 113.262 -21.3 0
    endloop
  endfacet
  facet normal -0 0 -1
    outer loop
      vertex 113.529 -9.93939 0
      vertex 105.501 -10.6437 0
      vertex 113.413 -9.616 0
    endloop
  endfacet
  facet normal 0 0 -1
    outer loop
      vertex 122.237 -23.7749 0
      vertex 127 -25.5 0
      vertex 126.981 -25.8921 0
    endloop
  endfacet
  facet normal 0 0 -1
    outer loop
      vertex 127 -25.5 0
      vertex 123.262 7.275 0
      vertex 127 25.5 0
    endloop
  endfacet
  facet normal 0 0 -1
    outer loop
      vertex 122.237 -23.7749 0
      vertex 126.981 -25.8921 0
      vertex 126.923 -26.2804 0
    endloop
  endfacet
  facet normal 0 0 -1
    outer loop
      vertex 123.246 7.61806 0
      vertex 127 25.5 0
      vertex 123.262 7.275 0
    endloop
  endfacet
  facet normal 0 0 -1
    outer loop
      vertex 122.237 -23.7749 0
      vertex 126.923 -26.2804 0
      vertex 126.828 -26.6611 0
    endloop
  endfacet
  facet normal 0 0 -1
    outer loop
      vertex 123.246 23.4931 0
      vertex 127 25.5 0
      vertex 123.262 23.15 0
    endloop
  endfacet
  facet normal 0 0 -1
    outer loop
      vertex 122.237 -23.7749 0
      vertex 126.828 -26.6611 0
      vertex 126.696 -27.0307 0
    endloop
  endfacet
  facet normal 0 0 -1
    outer loop
      vertex 123.195 23.8328 0
      vertex 127 25.5 0
      vertex 123.246 23.4931 0
    endloop
  endfacet
  facet normal 0 0 -1
    outer loop
      vertex 122.237 -23.7749 0
      vertex 126.696 -27.0307 0
      vertex 126.528 -27.3856 0
    endloop
  endfacet
  facet normal 0 0 -1
    outer loop
      vertex 123.112 24.166 0
      vertex 127 25.5 0
      vertex 123.195 23.8328 0
    endloop
  endfacet
  facet normal 0 0 -1
    outer loop
      vertex 121.983 -24.0055 0
      vertex 126.528 -27.3856 0
      vertex 126.326 -27.7223 0
    endloop
  endfacet
  facet normal 0 0 -1
    outer loop
      vertex 122.996 24.4894 0
      vertex 127 25.5 0
      vertex 123.112 24.166 0
    endloop
  endfacet
  facet normal 0 0 -1
    outer loop
      vertex 121.983 -24.0055 0
      vertex 126.326 -27.7223 0
      vertex 126.092 -28.0376 0
    endloop
  endfacet
  facet normal 0 0 -1
    outer loop
      vertex 123.246 -8.25694 0
      vertex 127 -25.5 0
      vertex 123.262 -8.6 0
    endloop
  endfacet
  facet normal 0 0 -1
    outer loop
      vertex 121.983 -24.0055 0
      vertex 126.092 -28.0376 0
      vertex 125.828 -28.3284 0
    endloop
  endfacet
  facet normal 0 0 -1
    outer loop
      vertex 122.849 24.7999 0
      vertex 127 25.5 0
      vertex 122.996 24.4894 0
    endloop
  endfacet
  facet normal 0 0 -1
    outer loop
      vertex 121.983 -24.0055 0
      vertex 125.828 -28.3284 0
      vertex 125.538 -28.592 0
    endloop
  endfacet
  facet normal -0 0 -1
    outer loop
      vertex 127 25.5 0
      vertex 122.849 24.7999 0
      vertex 126.981 25.8921 0
    endloop
  endfacet
  facet normal 0 0 -1
    outer loop
      vertex 121.983 -24.0055 0
      vertex 125.538 -28.592 0
      vertex 125.222 -28.8259 0
    endloop
  endfacet
  facet normal -0 0 -1
    outer loop
      vertex 126.981 25.8921 0
      vertex 122.849 24.7999 0
      vertex 126.923 26.2804 0
    endloop
  endfacet
  facet normal 0 0 -1
    outer loop
      vertex 121.983 -24.0055 0
      vertex 125.222 -28.8259 0
      vertex 124.886 -29.0277 0
    endloop
  endfacet
  facet normal -0 0 -1
    outer loop
      vertex 126.923 26.2804 0
      vertex 122.849 24.7999 0
      vertex 126.828 26.6611 0
    endloop
  endfacet
  facet normal 0 0 -1
    outer loop
      vertex 121.707 -24.2101 0
      vertex 124.886 -29.0277 0
      vertex 124.531 -29.1955 0
    endloop
  endfacet
  facet normal -0 0 -1
    outer loop
      vertex 126.828 26.6611 0
      vertex 122.849 24.7999 0
      vertex 126.696 27.0307 0
    endloop
  endfacet
  facet normal 0 0 -1
    outer loop
      vertex 121.707 -24.2101 0
      vertex 124.531 -29.1955 0
      vertex 124.161 -29.3278 0
    endloop
  endfacet
  facet normal 0 0 -1
    outer loop
      vertex 122.673 25.0945 0
      vertex 126.696 27.0307 0
      vertex 122.849 24.7999 0
    endloop
  endfacet
  facet normal 0 0 -1
    outer loop
      vertex 121.707 -24.2101 0
      vertex 124.161 -29.3278 0
      vertex 123.78 -29.4231 0
    endloop
  endfacet
  facet normal -0 0 -1
    outer loop
      vertex 126.696 27.0307 0
      vertex 122.673 25.0945 0
      vertex 126.528 27.3856 0
    endloop
  endfacet
  facet normal 0 0 -1
    outer loop
      vertex 121.707 -24.2101 0
      vertex 123.78 -29.4231 0
      vertex 123.392 -29.4807 0
    endloop
  endfacet
  facet normal -0 0 -1
    outer loop
      vertex 126.528 27.3856 0
      vertex 122.673 25.0945 0
      vertex 126.326 27.7223 0
    endloop
  endfacet
  facet normal 0 0 -1
    outer loop
      vertex 123.246 -20.9569 0
      vertex 127 -25.5 0
      vertex 123.262 -21.3 0
    endloop
  endfacet
  facet normal 0 0 -1
    outer loop
      vertex 127 -25.5 0
      vertex 123.246 -21.6431 0
      vertex 123.262 -21.3 0
    endloop
  endfacet
  facet normal 0 0 -1
    outer loop
      vertex 127 -25.5 0
      vertex 123.195 -21.9828 0
      vertex 123.246 -21.6431 0
    endloop
  endfacet
  facet normal 0 0 -1
    outer loop
      vertex 127 -25.5 0
      vertex 123.112 -22.316 0
      vertex 123.195 -21.9828 0
    endloop
  endfacet
  facet normal 0 0 -1
    outer loop
      vertex 121.707 -24.2101 0
      vertex 123.392 -29.4807 0
      vertex 123 -29.5 0
    endloop
  endfacet
  facet normal 0 0 -1
    outer loop
      vertex 127 -25.5 0
      vertex 122.996 -22.6394 0
      vertex 123.112 -22.316 0
    endloop
  endfacet
  facet normal 0 0 -1
    outer loop
      vertex 127 -25.5 0
      vertex 122.849 -22.9499 0
      vertex 122.996 -22.6394 0
    endloop
  endfacet
  facet normal 0 0 -1
    outer loop
      vertex 127 -25.5 0
      vertex 122.673 -23.2445 0
      vertex 122.849 -22.9499 0
    endloop
  endfacet
  facet normal 0 0 -1
    outer loop
      vertex 127 -25.5 0
      vertex 122.468 -23.5204 0
      vertex 122.673 -23.2445 0
    endloop
  endfacet
  facet normal 0 0 -1
    outer loop
      vertex 127 -25.5 0
      vertex 122.237 -23.7749 0
      vertex 122.468 -23.5204 0
    endloop
  endfacet
  facet normal 0 0 -1
    outer loop
      vertex 126.528 -27.3856 0
      vertex 121.983 -24.0055 0
      vertex 122.237 -23.7749 0
    endloop
  endfacet
  facet normal 0 0 -1
    outer loop
      vertex 124.886 -29.0277 0
      vertex 121.707 -24.2101 0
      vertex 121.983 -24.0055 0
    endloop
  endfacet
  facet normal 0 0 -1
    outer loop
      vertex 123 -29.5 0
      vertex 121.412 -24.3867 0
      vertex 121.707 -24.2101 0
    endloop
  endfacet
  facet normal 0 0 -1
    outer loop
      vertex 123 -29.5 0
      vertex 121.102 -24.5336 0
      vertex 121.412 -24.3867 0
    endloop
  endfacet
  facet normal 0 0 -1
    outer loop
      vertex 123 -29.5 0
      vertex 120.778 -24.6493 0
      vertex 121.102 -24.5336 0
    endloop
  endfacet
  facet normal 0 0 -1
    outer loop
      vertex 123 -29.5 0
      vertex 120.445 -24.7327 0
      vertex 120.778 -24.6493 0
    endloop
  endfacet
  facet normal 0 0 -1
    outer loop
      vertex 123 -29.5 0
      vertex 120.106 -24.7831 0
      vertex 120.445 -24.7327 0
    endloop
  endfacet
  facet normal 0 0 -1
    outer loop
      vertex 123 -29.5 0
      vertex 119.762 -24.8 0
      vertex 120.106 -24.7831 0
    endloop
  endfacet
  facet normal 0 0 -1
    outer loop
      vertex 123 -29.5 0
      vertex 116.762 -24.8 0
      vertex 119.762 -24.8 0
    endloop
  endfacet
  facet normal 0 0 -1
    outer loop
      vertex 123 -29.5 0
      vertex 116.419 -24.7831 0
      vertex 116.762 -24.8 0
    endloop
  endfacet
  facet normal 0 0 -1
    outer loop
      vertex 123 -29.5 0
      vertex 116.08 -24.7327 0
      vertex 116.419 -24.7831 0
    endloop
  endfacet
  facet normal 0 0 -1
    outer loop
      vertex 123 -29.5 0
      vertex 115.747 -24.6493 0
      vertex 116.08 -24.7327 0
    endloop
  endfacet
  facet normal 0 0 -1
    outer loop
      vertex 123 -29.5 0
      vertex 115.423 -24.5336 0
      vertex 115.747 -24.6493 0
    endloop
  endfacet
  facet normal 0 0 -1
    outer loop
      vertex 123 -29.5 0
      vertex 115.113 -24.3867 0
      vertex 115.423 -24.5336 0
    endloop
  endfacet
  facet normal 0 0 -1
    outer loop
      vertex 94.8937 -21.2506 0
      vertex 115.113 -24.3867 0
      vertex 123 -29.5 0
    endloop
  endfacet
  facet normal 0 -0 -1
    outer loop
      vertex 105.695 -9.33323 0
      vertex 113.413 -9.616 0
      vertex 105.501 -10.6437 0
    endloop
  endfacet
  facet normal 0 0 -1
    outer loop
      vertex 113.33 6.59218 0
      vertex 105.76 8.01 0
      vertex 113.279 6.93194 0
    endloop
  endfacet
  facet normal 0 0 -1
    outer loop
      vertex 113.279 6.93194 0
      vertex 105.76 8.01 0
      vertex 113.262 7.275 0
    endloop
  endfacet
  facet normal 0 0 -1
    outer loop
      vertex 101.806 -17.5559 0
      vertex 113.262 -21.3 0
      vertex 113.279 -21.6431 0
    endloop
  endfacet
  facet normal 0 0 -1
    outer loop
      vertex 101.806 -17.5559 0
      vertex 113.279 -21.6431 0
      vertex 113.33 -21.9828 0
    endloop
  endfacet
  facet normal 0 0 -1
    outer loop
      vertex 100.824 -18.4456 0
      vertex 113.33 -21.9828 0
      vertex 113.413 -22.316 0
    endloop
  endfacet
  facet normal 0 0 -1
    outer loop
      vertex 100.824 -18.4456 0
      vertex 113.413 -22.316 0
      vertex 113.529 -22.6394 0
    endloop
  endfacet
  facet normal 0 0 -1
    outer loop
      vertex 99.7602 -19.2348 0
      vertex 113.529 -22.6394 0
      vertex 113.676 -22.9499 0
    endloop
  endfacet
  facet normal -0 0 -1
    outer loop
      vertex 113.262 -8.6 0
      vertex 105.695 -9.33323 0
      vertex 105.76 -8.01 0
    endloop
  endfacet
  facet normal -0 0 -1
    outer loop
      vertex 113.279 -8.94306 0
      vertex 105.695 -9.33323 0
      vertex 113.262 -8.6 0
    endloop
  endfacet
  facet normal 0 0 -1
    outer loop
      vertex 99.7602 -19.2348 0
      vertex 113.676 -22.9499 0
      vertex 113.852 -23.2445 0
    endloop
  endfacet
  facet normal -0 0 -1
    outer loop
      vertex 113.33 -9.28282 0
      vertex 105.695 -9.33323 0
      vertex 113.279 -8.94306 0
    endloop
  endfacet
  facet normal 0 0 -1
    outer loop
      vertex 98.6239 -19.9159 0
      vertex 113.852 -23.2445 0
      vertex 114.057 -23.5204 0
    endloop
  endfacet
  facet normal 0 0 -1
    outer loop
      vertex 113.413 -9.616 0
      vertex 105.695 -9.33323 0
      vertex 113.33 -9.28282 0
    endloop
  endfacet
  facet normal 0 0 -1
    outer loop
      vertex 113.852 -19.3555 0
      vertex 104.166 -14.3739 0
      vertex 104.732 -13.1762 0
    endloop
  endfacet
  facet normal 0 0 -1
    outer loop
      vertex 97.4262 -20.4824 0
      vertex 114.057 -23.5204 0
      vertex 114.288 -23.7749 0
    endloop
  endfacet
  facet normal 0 0 -1
    outer loop
      vertex 113.529 -19.9606 0
      vertex 103.485 -15.5102 0
      vertex 104.166 -14.3739 0
    endloop
  endfacet
  facet normal 0 0 -1
    outer loop
      vertex 97.4262 -20.4824 0
      vertex 114.288 -23.7749 0
      vertex 114.542 -24.0055 0
    endloop
  endfacet
  facet normal 0 0 -1
    outer loop
      vertex 113.33 -20.6172 0
      vertex 102.696 -16.5743 0
      vertex 103.485 -15.5102 0
    endloop
  endfacet
  facet normal 0 0 -1
    outer loop
      vertex 96.1788 -20.9287 0
      vertex 114.542 -24.0055 0
      vertex 114.818 -24.2101 0
    endloop
  endfacet
  facet normal 0 0 -1
    outer loop
      vertex 115.113 -24.3867 0
      vertex 94.8937 -21.2506 0
      vertex 114.818 -24.2101 0
    endloop
  endfacet
  facet normal 0 0 -1
    outer loop
      vertex 113.262 -21.3 0
      vertex 101.806 -17.5559 0
      vertex 102.696 -16.5743 0
    endloop
  endfacet
  facet normal 0 0 -1
    outer loop
      vertex 113.33 -21.9828 0
      vertex 100.824 -18.4456 0
      vertex 101.806 -17.5559 0
    endloop
  endfacet
  facet normal 0 0 -1
    outer loop
      vertex 113.529 -22.6394 0
      vertex 99.7602 -19.2348 0
      vertex 100.824 -18.4456 0
    endloop
  endfacet
  facet normal 0 0 -1
    outer loop
      vertex 113.852 -23.2445 0
      vertex 98.6239 -19.9159 0
      vertex 99.7602 -19.2348 0
    endloop
  endfacet
  facet normal 0 0 -1
    outer loop
      vertex 114.057 -23.5204 0
      vertex 97.4262 -20.4824 0
      vertex 98.6239 -19.9159 0
    endloop
  endfacet
  facet normal 0 0 -1
    outer loop
      vertex 114.542 -24.0055 0
      vertex 96.1788 -20.9287 0
      vertex 97.4262 -20.4824 0
    endloop
  endfacet
  facet normal 0 0 -1
    outer loop
      vertex 114.818 -24.2101 0
      vertex 94.8937 -21.2506 0
      vertex 96.1788 -20.9287 0
    endloop
  endfacet
  facet normal 0 0 -1
    outer loop
      vertex 123 -29.5 0
      vertex 93.5832 -21.445 0
      vertex 94.8937 -21.2506 0
    endloop
  endfacet
  facet normal 0 0 -1
    outer loop
      vertex 123 -29.5 0
      vertex 92.26 -21.51 0
      vertex 93.5832 -21.445 0
    endloop
  endfacet
  facet normal 0 0 -1
    outer loop
      vertex 123 -29.5 0
      vertex -11.76 -21.51 0
      vertex 92.26 -21.51 0
    endloop
  endfacet
  facet normal 0 0 -1
    outer loop
      vertex -123 -29.5 0
      vertex -11.76 -21.51 0
      vertex 123 -29.5 0
    endloop
  endfacet
  facet normal 0 0 -1
    outer loop
      vertex -25.195 -9.33323 0
      vertex -51.6 -5.6681 0
      vertex -25.26 -8.01 0
    endloop
  endfacet
  facet normal 0 0 -1
    outer loop
      vertex -25.0006 -10.6437 0
      vertex -51.6 -5.6681 0
      vertex -25.195 -9.33323 0
    endloop
  endfacet
  facet normal 0 0 -1
    outer loop
      vertex -51.6 -5.6681 0
      vertex -25.0006 -10.6437 0
      vertex -51.6 -21.97 0
    endloop
  endfacet
  facet normal -0 0 -1
    outer loop
      vertex -24.6787 -11.9288 0
      vertex -51.6 -21.97 0
      vertex -25.0006 -10.6437 0
    endloop
  endfacet
  facet normal -0 0 -1
    outer loop
      vertex -24.2324 -13.1762 0
      vertex -51.6 -21.97 0
      vertex -24.6787 -11.9288 0
    endloop
  endfacet
  facet normal -0 0 -1
    outer loop
      vertex -23.6659 -14.3739 0
      vertex -51.6 -21.97 0
      vertex -24.2324 -13.1762 0
    endloop
  endfacet
  facet normal -0 0 -1
    outer loop
      vertex -22.9848 -15.5102 0
      vertex -51.6 -21.97 0
      vertex -23.6659 -14.3739 0
    endloop
  endfacet
  facet normal -0 0 -1
    outer loop
      vertex -22.1956 -16.5743 0
      vertex -51.6 -21.97 0
      vertex -22.9848 -15.5102 0
    endloop
  endfacet
  facet normal -0 0 -1
    outer loop
      vertex -21.3059 -17.5559 0
      vertex -51.6 -21.97 0
      vertex -22.1956 -16.5743 0
    endloop
  endfacet
  facet normal -0 0 -1
    outer loop
      vertex -20.3243 -18.4456 0
      vertex -51.6 -21.97 0
      vertex -21.3059 -17.5559 0
    endloop
  endfacet
  facet normal -0 0 -1
    outer loop
      vertex -19.2602 -19.2348 0
      vertex -51.6 -21.97 0
      vertex -20.3243 -18.4456 0
    endloop
  endfacet
  facet normal -0 0 -1
    outer loop
      vertex -18.1239 -19.9159 0
      vertex -51.6 -21.97 0
      vertex -19.2602 -19.2348 0
    endloop
  endfacet
  facet normal -0 0 -1
    outer loop
      vertex -16.9262 -20.4824 0
      vertex -51.6 -21.97 0
      vertex -18.1239 -19.9159 0
    endloop
  endfacet
  facet normal -0 0 -1
    outer loop
      vertex -15.6788 -20.9287 0
      vertex -51.6 -21.97 0
      vertex -16.9262 -20.4824 0
    endloop
  endfacet
  facet normal -0 0 -1
    outer loop
      vertex -14.3937 -21.2506 0
      vertex -51.6 -21.97 0
      vertex -15.6788 -20.9287 0
    endloop
  endfacet
  facet normal -0 0 -1
    outer loop
      vertex -13.0832 -21.445 0
      vertex -51.6 -21.97 0
      vertex -14.3937 -21.2506 0
    endloop
  endfacet
  facet normal 0 -0 -1
    outer loop
      vertex -51.6 -21.97 0
      vertex -11.76 -21.51 0
      vertex -123 -29.5 0
    endloop
  endfacet
  facet normal -0 0 -1
    outer loop
      vertex -11.76 -21.51 0
      vertex -51.6 -21.97 0
      vertex -13.0832 -21.445 0
    endloop
  endfacet
  facet normal 0 0 -1
    outer loop
      vertex -74.5 -5.6681 0
      vertex -66.5 -5.6681 0
      vertex -66.5 -21.97 0
    endloop
  endfacet
  facet normal 0 0 -1
    outer loop
      vertex -66.5 -5.6681 0
      vertex -74.5 -5.6681 0
      vertex -66.5 3.03 0
    endloop
  endfacet
  facet normal 0 0 -1
    outer loop
      vertex -74.5 -5.6681 0
      vertex -66.5 -21.97 0
      vertex -74.5 -21.97 0
    endloop
  endfacet
  facet normal -0 0 -1
    outer loop
      vertex -51.6 -21.97 0
      vertex -123 -29.5 0
      vertex -66.5 -21.97 0
    endloop
  endfacet
  facet normal -0 0 -1
    outer loop
      vertex -66.5 -21.97 0
      vertex -123 -29.5 0
      vertex -74.5 -21.97 0
    endloop
  endfacet
  facet normal 0 0 -1
    outer loop
      vertex -113.262 -8.6 0
      vertex -89.4 -5.6681 0
      vertex -89.4 -21.97 0
    endloop
  endfacet
  facet normal 0 0 -1
    outer loop
      vertex -113.279 -8.25694 0
      vertex -89.4 -5.6681 0
      vertex -113.262 -8.6 0
    endloop
  endfacet
  facet normal 0 0 -1
    outer loop
      vertex -113.279 -20.9569 0
      vertex -89.4 -21.97 0
      vertex -113.262 -21.3 0
    endloop
  endfacet
  facet normal -0 0 -1
    outer loop
      vertex -74.5 -21.97 0
      vertex -123 -29.5 0
      vertex -89.4 -21.97 0
    endloop
  endfacet
  facet normal 0 0 -1
    outer loop
      vertex -89.4 -21.97 0
      vertex -113.279 -21.6431 0
      vertex -113.262 -21.3 0
    endloop
  endfacet
  facet normal -0 0 -1
    outer loop
      vertex -89.4 -21.97 0
      vertex -113.33 -21.9828 0
      vertex -113.279 -21.6431 0
    endloop
  endfacet
  facet normal 0 0 -1
    outer loop
      vertex -89.4 -21.97 0
      vertex -113.413 -22.316 0
      vertex -113.33 -21.9828 0
    endloop
  endfacet
  facet normal 0 0 -1
    outer loop
      vertex -89.4 -21.97 0
      vertex -113.529 -22.6394 0
      vertex -113.413 -22.316 0
    endloop
  endfacet
  facet normal 0 0 -1
    outer loop
      vertex -89.4 -21.97 0
      vertex -113.676 -22.9499 0
      vertex -113.529 -22.6394 0
    endloop
  endfacet
  facet normal 0 0 -1
    outer loop
      vertex -89.4 -21.97 0
      vertex -113.852 -23.2445 0
      vertex -113.676 -22.9499 0
    endloop
  endfacet
  facet normal 0 0 -1
    outer loop
      vertex -89.4 -21.97 0
      vertex -114.057 -23.5204 0
      vertex -113.852 -23.2445 0
    endloop
  endfacet
  facet normal 0 0 -1
    outer loop
      vertex -89.4 -21.97 0
      vertex -114.288 -23.7749 0
      vertex -114.057 -23.5204 0
    endloop
  endfacet
  facet normal 0 0 -1
    outer loop
      vertex -89.4 -21.97 0
      vertex -114.542 -24.0055 0
      vertex -114.288 -23.7749 0
    endloop
  endfacet
  facet normal 0 0 -1
    outer loop
      vertex -89.4 -21.97 0
      vertex -114.818 -24.2101 0
      vertex -114.542 -24.0055 0
    endloop
  endfacet
  facet normal 0 -0 -1
    outer loop
      vertex -115.113 -24.3867 0
      vertex -89.4 -21.97 0
      vertex -123 -29.5 0
    endloop
  endfacet
  facet normal 0 0 -1
    outer loop
      vertex -89.4 -21.97 0
      vertex -115.113 -24.3867 0
      vertex -114.818 -24.2101 0
    endloop
  endfacet
  facet normal 0 0 -1
    outer loop
      vertex -115.113 -24.3867 0
      vertex -123 -29.5 0
      vertex -115.423 -24.5336 0
    endloop
  endfacet
  facet normal 0 0 -1
    outer loop
      vertex -115.423 -24.5336 0
      vertex -123 -29.5 0
      vertex -115.747 -24.6493 0
    endloop
  endfacet
  facet normal 0 0 -1
    outer loop
      vertex -115.747 -24.6493 0
      vertex -123 -29.5 0
      vertex -116.08 -24.7327 0
    endloop
  endfacet
  facet normal 0 0 -1
    outer loop
      vertex -116.08 -24.7327 0
      vertex -123 -29.5 0
      vertex -116.419 -24.7831 0
    endloop
  endfacet
  facet normal 0 0 -1
    outer loop
      vertex -116.419 -24.7831 0
      vertex -123 -29.5 0
      vertex -116.762 -24.8 0
    endloop
  endfacet
  facet normal -0 0 -1
    outer loop
      vertex -116.762 -24.8 0
      vertex -123 -29.5 0
      vertex -119.762 -24.8 0
    endloop
  endfacet
  facet normal 0 0 -1
    outer loop
      vertex -123 -29.5 0
      vertex -120.106 -24.7831 0
      vertex -119.762 -24.8 0
    endloop
  endfacet
  facet normal 0 0 -1
    outer loop
      vertex -123 -29.5 0
      vertex -120.445 -24.7327 0
      vertex -120.106 -24.7831 0
    endloop
  endfacet
  facet normal 0 0 -1
    outer loop
      vertex -123 -29.5 0
      vertex -120.778 -24.6493 0
      vertex -120.445 -24.7327 0
    endloop
  endfacet
  facet normal 0 0 -1
    outer loop
      vertex -123 -29.5 0
      vertex -121.102 -24.5336 0
      vertex -120.778 -24.6493 0
    endloop
  endfacet
  facet normal 0 0 -1
    outer loop
      vertex -123 -29.5 0
      vertex -121.412 -24.3867 0
      vertex -121.102 -24.5336 0
    endloop
  endfacet
  facet normal 0 0 -1
    outer loop
      vertex -123 -29.5 0
      vertex -121.707 -24.2101 0
      vertex -121.412 -24.3867 0
    endloop
  endfacet
  facet normal 0 0 -1
    outer loop
      vertex -123.392 -29.4807 0
      vertex -121.707 -24.2101 0
      vertex -123 -29.5 0
    endloop
  endfacet
  facet normal 0 0 -1
    outer loop
      vertex -123.78 -29.4231 0
      vertex -121.707 -24.2101 0
      vertex -123.392 -29.4807 0
    endloop
  endfacet
  facet normal 0 0 -1
    outer loop
      vertex -124.161 -29.3278 0
      vertex -121.707 -24.2101 0
      vertex -123.78 -29.4231 0
    endloop
  endfacet
  facet normal 0 0 -1
    outer loop
      vertex -124.531 -29.1955 0
      vertex -121.707 -24.2101 0
      vertex -124.161 -29.3278 0
    endloop
  endfacet
  facet normal 0 0 -1
    outer loop
      vertex -124.886 -29.0277 0
      vertex -121.707 -24.2101 0
      vertex -124.531 -29.1955 0
    endloop
  endfacet
  facet normal -0 0 -1
    outer loop
      vertex -121.707 -24.2101 0
      vertex -124.886 -29.0277 0
      vertex -121.983 -24.0055 0
    endloop
  endfacet
  facet normal 0 0 -1
    outer loop
      vertex -125.222 -28.8259 0
      vertex -121.983 -24.0055 0
      vertex -124.886 -29.0277 0
    endloop
  endfacet
  facet normal 0 0 -1
    outer loop
      vertex -125.538 -28.592 0
      vertex -121.983 -24.0055 0
      vertex -125.222 -28.8259 0
    endloop
  endfacet
  facet normal 0 0 -1
    outer loop
      vertex -125.828 -28.3284 0
      vertex -121.983 -24.0055 0
      vertex -125.538 -28.592 0
    endloop
  endfacet
  facet normal 0 0 -1
    outer loop
      vertex -126.092 -28.0376 0
      vertex -121.983 -24.0055 0
      vertex -125.828 -28.3284 0
    endloop
  endfacet
  facet normal -0 0 -1
    outer loop
      vertex -123.246 -8.94306 0
      vertex -127 -25.5 0
      vertex -123.262 -8.6 0
    endloop
  endfacet
  facet normal 0 0 -1
    outer loop
      vertex -127 25.5 0
      vertex -123.246 6.93194 0
      vertex -127 -25.5 0
    endloop
  endfacet
  facet normal -0 0 -1
    outer loop
      vertex -123.246 -21.6431 0
      vertex -127 -25.5 0
      vertex -123.262 -21.3 0
    endloop
  endfacet
  facet normal 0 0 -1
    outer loop
      vertex -126.326 -27.7223 0
      vertex -121.983 -24.0055 0
      vertex -126.092 -28.0376 0
    endloop
  endfacet
  facet normal -0 0 -1
    outer loop
      vertex 126.326 27.7223 0
      vertex 122.673 25.0945 0
      vertex 126.092 28.0376 0
    endloop
  endfacet
  facet normal 0 0 -1
    outer loop
      vertex 122.468 25.3704 0
      vertex 126.092 28.0376 0
      vertex 122.673 25.0945 0
    endloop
  endfacet
  facet normal -0 0 -1
    outer loop
      vertex 126.092 28.0376 0
      vertex 122.468 25.3704 0
      vertex 125.828 28.3284 0
    endloop
  endfacet
  facet normal -0 0 -1
    outer loop
      vertex 125.828 28.3284 0
      vertex 122.468 25.3704 0
      vertex 125.538 28.592 0
    endloop
  endfacet
  facet normal -0 0 -1
    outer loop
      vertex 125.538 28.592 0
      vertex 122.468 25.3704 0
      vertex 125.222 28.8259 0
    endloop
  endfacet
  facet normal 0 0 -1
    outer loop
      vertex 122.237 25.6249 0
      vertex 125.222 28.8259 0
      vertex 122.468 25.3704 0
    endloop
  endfacet
  facet normal -0 0 -1
    outer loop
      vertex 125.222 28.8259 0
      vertex 122.237 25.6249 0
      vertex 124.886 29.0277 0
    endloop
  endfacet
  facet normal -0 0 -1
    outer loop
      vertex 124.886 29.0277 0
      vertex 122.237 25.6249 0
      vertex 124.531 29.1955 0
    endloop
  endfacet
  facet normal -0 0 -1
    outer loop
      vertex 124.531 29.1955 0
      vertex 122.237 25.6249 0
      vertex 124.161 29.3278 0
    endloop
  endfacet
  facet normal 0 0 -1
    outer loop
      vertex 121.983 25.8555 0
      vertex 124.161 29.3278 0
      vertex 122.237 25.6249 0
    endloop
  endfacet
  facet normal -0 0 -1
    outer loop
      vertex 124.161 29.3278 0
      vertex 121.983 25.8555 0
      vertex 123.78 29.4231 0
    endloop
  endfacet
  facet normal -0 0 -1
    outer loop
      vertex 123.78 29.4231 0
      vertex 121.983 25.8555 0
      vertex 123.392 29.4807 0
    endloop
  endfacet
  facet normal -0 0 -1
    outer loop
      vertex 123.392 29.4807 0
      vertex 121.983 25.8555 0
      vertex 123 29.5 0
    endloop
  endfacet
  facet normal 0 0 -1
    outer loop
      vertex 121.707 26.0601 0
      vertex 123 29.5 0
      vertex 121.983 25.8555 0
    endloop
  endfacet
  facet normal 0 0 -1
    outer loop
      vertex 121.412 26.2367 0
      vertex 123 29.5 0
      vertex 121.707 26.0601 0
    endloop
  endfacet
  facet normal 0 0 -1
    outer loop
      vertex 121.102 26.3836 0
      vertex 123 29.5 0
      vertex 121.412 26.2367 0
    endloop
  endfacet
  facet normal 0 0 -1
    outer loop
      vertex 120.778 26.4993 0
      vertex 123 29.5 0
      vertex 121.102 26.3836 0
    endloop
  endfacet
  facet normal 0 0 -1
    outer loop
      vertex 120.445 26.5827 0
      vertex 123 29.5 0
      vertex 120.778 26.4993 0
    endloop
  endfacet
  facet normal 0 0 -1
    outer loop
      vertex 120.106 26.6331 0
      vertex 123 29.5 0
      vertex 120.445 26.5827 0
    endloop
  endfacet
  facet normal 0 0 -1
    outer loop
      vertex 119.762 26.65 0
      vertex 123 29.5 0
      vertex 120.106 26.6331 0
    endloop
  endfacet
  facet normal 0 0 -1
    outer loop
      vertex 116.762 26.65 0
      vertex 123 29.5 0
      vertex 119.762 26.65 0
    endloop
  endfacet
  facet normal 0 0 -1
    outer loop
      vertex 116.419 26.6331 0
      vertex 123 29.5 0
      vertex 116.762 26.65 0
    endloop
  endfacet
  facet normal 0 0 -1
    outer loop
      vertex 116.08 26.5827 0
      vertex 123 29.5 0
      vertex 116.419 26.6331 0
    endloop
  endfacet
  facet normal 0 0 -1
    outer loop
      vertex 115.747 26.4993 0
      vertex 123 29.5 0
      vertex 116.08 26.5827 0
    endloop
  endfacet
  facet normal 0 0 -1
    outer loop
      vertex 115.423 26.3836 0
      vertex 123 29.5 0
      vertex 115.747 26.4993 0
    endloop
  endfacet
  facet normal 0 0 -1
    outer loop
      vertex 113.33 7.95782 0
      vertex 105.76 8.01 0
      vertex 105.695 9.33323 0
    endloop
  endfacet
  facet normal 0 0 -1
    outer loop
      vertex 113.529 8.61439 0
      vertex 105.695 9.33323 0
      vertex 105.501 10.6437 0
    endloop
  endfacet
  facet normal 0 0 -1
    outer loop
      vertex 114.057 9.49538 0
      vertex 105.501 10.6437 0
      vertex 105.179 11.9288 0
    endloop
  endfacet
  facet normal 0 0 -1
    outer loop
      vertex 102.696 16.5743 0
      vertex 113.529 21.8106 0
      vertex 103.485 15.5102 0
    endloop
  endfacet
  facet normal -0 0 -1
    outer loop
      vertex 113.529 21.8106 0
      vertex 102.696 16.5743 0
      vertex 113.413 22.134 0
    endloop
  endfacet
  facet normal -0 0 -1
    outer loop
      vertex 113.413 22.134 0
      vertex 102.696 16.5743 0
      vertex 113.33 22.4672 0
    endloop
  endfacet
  facet normal 0 0 -1
    outer loop
      vertex 101.806 17.5559 0
      vertex 113.33 22.4672 0
      vertex 102.696 16.5743 0
    endloop
  endfacet
  facet normal -0 0 -1
    outer loop
      vertex 113.33 22.4672 0
      vertex 101.806 17.5559 0
      vertex 113.279 22.8069 0
    endloop
  endfacet
  facet normal -0 0 -1
    outer loop
      vertex 113.279 22.8069 0
      vertex 101.806 17.5559 0
      vertex 113.262 23.15 0
    endloop
  endfacet
  facet normal 0 0 -1
    outer loop
      vertex 100.824 18.4456 0
      vertex 113.262 23.15 0
      vertex 101.806 17.5559 0
    endloop
  endfacet
  facet normal -0 0 -1
    outer loop
      vertex 113.262 23.15 0
      vertex 100.824 18.4456 0
      vertex 113.279 23.4931 0
    endloop
  endfacet
  facet normal -0 0 -1
    outer loop
      vertex 113.279 23.4931 0
      vertex 100.824 18.4456 0
      vertex 113.33 23.8328 0
    endloop
  endfacet
  facet normal 0 0 -1
    outer loop
      vertex 99.7602 19.2348 0
      vertex 113.33 23.8328 0
      vertex 100.824 18.4456 0
    endloop
  endfacet
  facet normal -0 0 -1
    outer loop
      vertex 113.33 23.8328 0
      vertex 99.7602 19.2348 0
      vertex 113.413 24.166 0
    endloop
  endfacet
  facet normal -0 0 -1
    outer loop
      vertex 113.413 24.166 0
      vertex 99.7602 19.2348 0
      vertex 113.529 24.4894 0
    endloop
  endfacet
  facet normal 0 0 -1
    outer loop
      vertex 98.6239 19.9159 0
      vertex 113.529 24.4894 0
      vertex 99.7602 19.2348 0
    endloop
  endfacet
  facet normal -0 0 -1
    outer loop
      vertex 113.529 24.4894 0
      vertex 98.6239 19.9159 0
      vertex 113.676 24.7999 0
    endloop
  endfacet
  facet normal -0 0 -1
    outer loop
      vertex 113.676 24.7999 0
      vertex 98.6239 19.9159 0
      vertex 113.852 25.0945 0
    endloop
  endfacet
  facet normal 0 0 -1
    outer loop
      vertex 97.4262 20.4824 0
      vertex 113.852 25.0945 0
      vertex 98.6239 19.9159 0
    endloop
  endfacet
  facet normal -0 0 -1
    outer loop
      vertex 113.852 25.0945 0
      vertex 97.4262 20.4824 0
      vertex 114.057 25.3704 0
    endloop
  endfacet
  facet normal 0 0 -1
    outer loop
      vertex 96.1788 20.9287 0
      vertex 114.057 25.3704 0
      vertex 97.4262 20.4824 0
    endloop
  endfacet
  facet normal -0 0 -1
    outer loop
      vertex 114.057 25.3704 0
      vertex 96.1788 20.9287 0
      vertex 114.288 25.6249 0
    endloop
  endfacet
  facet normal -0 0 -1
    outer loop
      vertex 114.288 25.6249 0
      vertex 96.1788 20.9287 0
      vertex 114.542 25.8555 0
    endloop
  endfacet
  facet normal 0 0 -1
    outer loop
      vertex 94.8937 21.2506 0
      vertex 114.542 25.8555 0
      vertex 96.1788 20.9287 0
    endloop
  endfacet
  facet normal -0 0 -1
    outer loop
      vertex 114.542 25.8555 0
      vertex 94.8937 21.2506 0
      vertex 114.818 26.0601 0
    endloop
  endfacet
  facet normal 0 0 -1
    outer loop
      vertex 93.5832 21.445 0
      vertex 114.818 26.0601 0
      vertex 94.8937 21.2506 0
    endloop
  endfacet
  facet normal -0 0 -1
    outer loop
      vertex 114.818 26.0601 0
      vertex 93.5832 21.445 0
      vertex 115.113 26.2367 0
    endloop
  endfacet
  facet normal 0 0 -1
    outer loop
      vertex 92.26 21.51 0
      vertex 115.113 26.2367 0
      vertex 93.5832 21.445 0
    endloop
  endfacet
  facet normal -0 0 -1
    outer loop
      vertex 115.113 26.2367 0
      vertex 92.26 21.51 0
      vertex 115.423 26.3836 0
    endloop
  endfacet
  facet normal -0 0 -1
    outer loop
      vertex 115.423 26.3836 0
      vertex 92.26 21.51 0
      vertex 123 29.5 0
    endloop
  endfacet
  facet normal 0 0 -1
    outer loop
      vertex -11.76 21.51 0
      vertex 123 29.5 0
      vertex 92.26 21.51 0
    endloop
  endfacet
  facet normal 0 0 -1
    outer loop
      vertex -123 29.5 0
      vertex -11.76 21.51 0
      vertex -13.0832 21.445 0
    endloop
  endfacet
  facet normal 0 0 -1
    outer loop
      vertex -51.6 3.03 0
      vertex -25.26 -8.01 0
      vertex -51.6 -5.6681 0
    endloop
  endfacet
  facet normal 0 0 -1
    outer loop
      vertex -25.26 -8.01 0
      vertex -51.6 3.03 0
      vertex -25.26 8.01 0
    endloop
  endfacet
  facet normal -0 0 -1
    outer loop
      vertex -25.26 8.01 0
      vertex -51.6 3.03 0
      vertex -25.195 9.33323 0
    endloop
  endfacet
  facet normal 0 0 -1
    outer loop
      vertex -51.6 19.3319 0
      vertex -25.195 9.33323 0
      vertex -51.6 3.03 0
    endloop
  endfacet
  facet normal 0 0 -1
    outer loop
      vertex -25.195 9.33323 0
      vertex -51.6 19.3319 0
      vertex -25.0006 10.6437 0
    endloop
  endfacet
  facet normal 0 0 -1
    outer loop
      vertex -25.0006 10.6437 0
      vertex -51.6 19.3319 0
      vertex -24.6787 11.9288 0
    endloop
  endfacet
  facet normal 0 0 -1
    outer loop
      vertex -24.6787 11.9288 0
      vertex -51.6 19.3319 0
      vertex -24.2324 13.1762 0
    endloop
  endfacet
  facet normal 0 0 -1
    outer loop
      vertex -24.2324 13.1762 0
      vertex -51.6 19.3319 0
      vertex -23.6659 14.3739 0
    endloop
  endfacet
  facet normal 0 0 -1
    outer loop
      vertex -23.6659 14.3739 0
      vertex -51.6 19.3319 0
      vertex -22.9848 15.5102 0
    endloop
  endfacet
  facet normal 0 0 -1
    outer loop
      vertex -22.9848 15.5102 0
      vertex -51.6 19.3319 0
      vertex -22.1956 16.5743 0
    endloop
  endfacet
  facet normal 0 0 -1
    outer loop
      vertex -22.1956 16.5743 0
      vertex -51.6 19.3319 0
      vertex -21.3059 17.5559 0
    endloop
  endfacet
  facet normal 0 0 -1
    outer loop
      vertex -21.3059 17.5559 0
      vertex -51.6 19.3319 0
      vertex -20.3243 18.4456 0
    endloop
  endfacet
  facet normal 0 0 -1
    outer loop
      vertex -20.3243 18.4456 0
      vertex -51.6 19.3319 0
      vertex -19.2602 19.2348 0
    endloop
  endfacet
  facet normal 0 0 -1
    outer loop
      vertex -19.2602 19.2348 0
      vertex -51.6 19.3319 0
      vertex -18.1239 19.9159 0
    endloop
  endfacet
  facet normal 0 0 -1
    outer loop
      vertex -51.6 19.3319 0
      vertex -16.9262 20.4824 0
      vertex -18.1239 19.9159 0
    endloop
  endfacet
  facet normal 0 0 -1
    outer loop
      vertex -51.6 19.3319 0
      vertex -15.6788 20.9287 0
      vertex -16.9262 20.4824 0
    endloop
  endfacet
  facet normal 0 0 -1
    outer loop
      vertex -51.6 19.3319 0
      vertex -14.3937 21.2506 0
      vertex -15.6788 20.9287 0
    endloop
  endfacet
  facet normal 0 0 -1
    outer loop
      vertex -51.6 19.3319 0
      vertex -13.0832 21.445 0
      vertex -14.3937 21.2506 0
    endloop
  endfacet
  facet normal 0 0 -1
    outer loop
      vertex -123 29.5 0
      vertex -13.0832 21.445 0
      vertex -51.6 19.3319 0
    endloop
  endfacet
  facet normal 0 0 -1
    outer loop
      vertex -123 29.5 0
      vertex -51.6 19.3319 0
      vertex -66.5 19.3319 0
    endloop
  endfacet
  facet normal 0 0 -1
    outer loop
      vertex -74.5 3.03 0
      vertex -66.5 3.03 0
      vertex -74.5 -5.6681 0
    endloop
  endfacet
  facet normal 0 0 -1
    outer loop
      vertex -66.5 3.03 0
      vertex -74.5 3.03 0
      vertex -66.5 19.3319 0
    endloop
  endfacet
  facet normal 0 0 -1
    outer loop
      vertex -74.5 19.3319 0
      vertex -66.5 19.3319 0
      vertex -74.5 3.03 0
    endloop
  endfacet
  facet normal 0 0 -1
    outer loop
      vertex -123 29.5 0
      vertex -66.5 19.3319 0
      vertex -74.5 19.3319 0
    endloop
  endfacet
  facet normal 0 0 -1
    outer loop
      vertex -115.423 26.3836 0
      vertex -74.5 19.3319 0
      vertex -89.4 19.3319 0
    endloop
  endfacet
  facet normal 0 0 -1
    outer loop
      vertex -113.33 -7.91718 0
      vertex -89.4 -5.6681 0
      vertex -113.279 -8.25694 0
    endloop
  endfacet
  facet normal 0 0 -1
    outer loop
      vertex -113.279 7.61806 0
      vertex -89.4 3.03 0
      vertex -113.262 7.275 0
    endloop
  endfacet
  facet normal 0 0 -1
    outer loop
      vertex -113.33 7.95782 0
      vertex -89.4 3.03 0
      vertex -113.279 7.61806 0
    endloop
  endfacet
  facet normal 0 0 -1
    outer loop
      vertex -113.279 23.4931 0
      vertex -89.4 19.3319 0
      vertex -113.262 23.15 0
    endloop
  endfacet
  facet normal 0 0 -1
    outer loop
      vertex -113.33 23.8328 0
      vertex -89.4 19.3319 0
      vertex -113.279 23.4931 0
    endloop
  endfacet
  facet normal 0 0 -1
    outer loop
      vertex -113.413 24.166 0
      vertex -89.4 19.3319 0
      vertex -113.33 23.8328 0
    endloop
  endfacet
  facet normal 0 0 -1
    outer loop
      vertex -113.529 24.4894 0
      vertex -89.4 19.3319 0
      vertex -113.413 24.166 0
    endloop
  endfacet
  facet normal 0 0 -1
    outer loop
      vertex -113.676 24.7999 0
      vertex -89.4 19.3319 0
      vertex -113.529 24.4894 0
    endloop
  endfacet
  facet normal 0 0 -1
    outer loop
      vertex -113.852 25.0945 0
      vertex -89.4 19.3319 0
      vertex -113.676 24.7999 0
    endloop
  endfacet
  facet normal 0 0 -1
    outer loop
      vertex -114.057 25.3704 0
      vertex -89.4 19.3319 0
      vertex -113.852 25.0945 0
    endloop
  endfacet
  facet normal 0 0 -1
    outer loop
      vertex -114.288 25.6249 0
      vertex -89.4 19.3319 0
      vertex -114.057 25.3704 0
    endloop
  endfacet
  facet normal 0 0 -1
    outer loop
      vertex -114.542 25.8555 0
      vertex -89.4 19.3319 0
      vertex -114.288 25.6249 0
    endloop
  endfacet
  facet normal 0 0 -1
    outer loop
      vertex -114.818 26.0601 0
      vertex -89.4 19.3319 0
      vertex -114.542 25.8555 0
    endloop
  endfacet
  facet normal 0 0 -1
    outer loop
      vertex -115.113 26.2367 0
      vertex -89.4 19.3319 0
      vertex -114.818 26.0601 0
    endloop
  endfacet
  facet normal 0 0 -1
    outer loop
      vertex -115.423 26.3836 0
      vertex -89.4 19.3319 0
      vertex -115.113 26.2367 0
    endloop
  endfacet
  facet normal 0 0 -1
    outer loop
      vertex -74.5 19.3319 0
      vertex -115.423 26.3836 0
      vertex -123 29.5 0
    endloop
  endfacet
  facet normal 0 0 -1
    outer loop
      vertex -123 29.5 0
      vertex -115.423 26.3836 0
      vertex -115.747 26.4993 0
    endloop
  endfacet
  facet normal 0 0 -1
    outer loop
      vertex -123 29.5 0
      vertex -115.747 26.4993 0
      vertex -116.08 26.5827 0
    endloop
  endfacet
  facet normal 0 0 -1
    outer loop
      vertex -123 29.5 0
      vertex -116.08 26.5827 0
      vertex -116.419 26.6331 0
    endloop
  endfacet
  facet normal 0 0 -1
    outer loop
      vertex -123 29.5 0
      vertex -116.419 26.6331 0
      vertex -116.762 26.65 0
    endloop
  endfacet
  facet normal 0 0 -1
    outer loop
      vertex -123 29.5 0
      vertex -116.762 26.65 0
      vertex -119.762 26.65 0
    endloop
  endfacet
  facet normal 0 0 -1
    outer loop
      vertex -11.76 21.51 0
      vertex -123 29.5 0
      vertex 123 29.5 0
    endloop
  endfacet
  facet normal 0 0 -1
    outer loop
      vertex -120.106 26.6331 0
      vertex -123 29.5 0
      vertex -119.762 26.65 0
    endloop
  endfacet
  facet normal 0 0 -1
    outer loop
      vertex -120.445 26.5827 0
      vertex -123 29.5 0
      vertex -120.106 26.6331 0
    endloop
  endfacet
  facet normal 0 0 -1
    outer loop
      vertex -120.778 26.4993 0
      vertex -123 29.5 0
      vertex -120.445 26.5827 0
    endloop
  endfacet
  facet normal 0 0 -1
    outer loop
      vertex -121.102 26.3836 0
      vertex -123 29.5 0
      vertex -120.778 26.4993 0
    endloop
  endfacet
  facet normal 0 0 -1
    outer loop
      vertex -121.412 26.2367 0
      vertex -123 29.5 0
      vertex -121.102 26.3836 0
    endloop
  endfacet
  facet normal 0 0 -1
    outer loop
      vertex -121.707 26.0601 0
      vertex -123 29.5 0
      vertex -121.412 26.2367 0
    endloop
  endfacet
  facet normal 0 0 -1
    outer loop
      vertex -121.983 25.8555 0
      vertex -123 29.5 0
      vertex -121.707 26.0601 0
    endloop
  endfacet
  facet normal 0 0 -1
    outer loop
      vertex -124.161 29.3278 0
      vertex -121.983 25.8555 0
      vertex -122.237 25.6249 0
    endloop
  endfacet
  facet normal 0 0 -1
    outer loop
      vertex -125.222 28.8259 0
      vertex -122.237 25.6249 0
      vertex -122.468 25.3704 0
    endloop
  endfacet
  facet normal 0 0 -1
    outer loop
      vertex -126.092 28.0376 0
      vertex -122.468 25.3704 0
      vertex -122.673 25.0945 0
    endloop
  endfacet
  facet normal 0 0 -1
    outer loop
      vertex -126.696 27.0307 0
      vertex -122.673 25.0945 0
      vertex -122.849 24.7999 0
    endloop
  endfacet
  facet normal 0 0 -1
    outer loop
      vertex -127 25.5 0
      vertex -122.849 24.7999 0
      vertex -122.996 24.4894 0
    endloop
  endfacet
  facet normal 0 0 -1
    outer loop
      vertex -127 25.5 0
      vertex -122.996 24.4894 0
      vertex -123.112 24.166 0
    endloop
  endfacet
  facet normal 0 0 -1
    outer loop
      vertex -127 25.5 0
      vertex -123.112 24.166 0
      vertex -123.195 23.8328 0
    endloop
  endfacet
  facet normal 0 0 -1
    outer loop
      vertex -127 25.5 0
      vertex -123.195 23.8328 0
      vertex -123.246 23.4931 0
    endloop
  endfacet
  facet normal 0 0 -1
    outer loop
      vertex -127 25.5 0
      vertex -123.246 23.4931 0
      vertex -123.262 23.15 0
    endloop
  endfacet
  facet normal 0 0 -1
    outer loop
      vertex -121.983 25.8555 0
      vertex -123.392 29.4807 0
      vertex -123 29.5 0
    endloop
  endfacet
  facet normal 0 0 -1
    outer loop
      vertex -123.246 6.93194 0
      vertex -127 25.5 0
      vertex -123.262 7.275 0
    endloop
  endfacet
  facet normal 0 0 -1
    outer loop
      vertex -126.528 -27.3856 0
      vertex -121.983 -24.0055 0
      vertex -126.326 -27.7223 0
    endloop
  endfacet
  facet normal 0 0 -1
    outer loop
      vertex -123.246 22.8069 0
      vertex -127 25.5 0
      vertex -123.262 23.15 0
    endloop
  endfacet
  facet normal -0 0 -1
    outer loop
      vertex -121.983 -24.0055 0
      vertex -126.528 -27.3856 0
      vertex -122.237 -23.7749 0
    endloop
  endfacet
  facet normal 0 0 -1
    outer loop
      vertex -122.849 24.7999 0
      vertex -127 25.5 0
      vertex -126.981 25.8921 0
    endloop
  endfacet
  facet normal 0 0 -1
    outer loop
      vertex -126.696 -27.0307 0
      vertex -122.237 -23.7749 0
      vertex -126.528 -27.3856 0
    endloop
  endfacet
  facet normal 0 0 -1
    outer loop
      vertex -121.983 25.8555 0
      vertex -123.78 29.4231 0
      vertex -123.392 29.4807 0
    endloop
  endfacet
  facet normal 0 0 -1
    outer loop
      vertex -126.828 -26.6611 0
      vertex -122.237 -23.7749 0
      vertex -126.696 -27.0307 0
    endloop
  endfacet
  facet normal 0 0 -1
    outer loop
      vertex -121.983 25.8555 0
      vertex -124.161 29.3278 0
      vertex -123.78 29.4231 0
    endloop
  endfacet
  facet normal 0 0 -1
    outer loop
      vertex -126.923 -26.2804 0
      vertex -122.237 -23.7749 0
      vertex -126.828 -26.6611 0
    endloop
  endfacet
  facet normal 0 0 -1
    outer loop
      vertex -122.237 25.6249 0
      vertex -124.531 29.1955 0
      vertex -124.161 29.3278 0
    endloop
  endfacet
  facet normal 0 0 -1
    outer loop
      vertex -126.981 -25.8921 0
      vertex -122.237 -23.7749 0
      vertex -126.923 -26.2804 0
    endloop
  endfacet
  facet normal 0 0 -1
    outer loop
      vertex -122.237 25.6249 0
      vertex -124.886 29.0277 0
      vertex -124.531 29.1955 0
    endloop
  endfacet
  facet normal 0 0 -1
    outer loop
      vertex -127 -25.5 0
      vertex -122.237 -23.7749 0
      vertex -126.981 -25.8921 0
    endloop
  endfacet
  facet normal 0 0 -1
    outer loop
      vertex -122.237 25.6249 0
      vertex -125.222 28.8259 0
      vertex -124.886 29.0277 0
    endloop
  endfacet
  facet normal -0 0 -1
    outer loop
      vertex -123.195 -21.9828 0
      vertex -127 -25.5 0
      vertex -123.246 -21.6431 0
    endloop
  endfacet
  facet normal 0 0 -1
    outer loop
      vertex -122.468 25.3704 0
      vertex -125.538 28.592 0
      vertex -125.222 28.8259 0
    endloop
  endfacet
  facet normal -0 0 -1
    outer loop
      vertex -122.237 -23.7749 0
      vertex -127 -25.5 0
      vertex -122.468 -23.5204 0
    endloop
  endfacet
  facet normal 0 0 -1
    outer loop
      vertex -122.468 25.3704 0
      vertex -125.828 28.3284 0
      vertex -125.538 28.592 0
    endloop
  endfacet
  facet normal -0 0 -1
    outer loop
      vertex -122.468 -23.5204 0
      vertex -127 -25.5 0
      vertex -122.673 -23.2445 0
    endloop
  endfacet
  facet normal 0 0 -1
    outer loop
      vertex -122.468 25.3704 0
      vertex -126.092 28.0376 0
      vertex -125.828 28.3284 0
    endloop
  endfacet
  facet normal -0 0 -1
    outer loop
      vertex -122.673 -23.2445 0
      vertex -127 -25.5 0
      vertex -122.849 -22.9499 0
    endloop
  endfacet
  facet normal 0 0 -1
    outer loop
      vertex -122.673 25.0945 0
      vertex -126.326 27.7223 0
      vertex -126.092 28.0376 0
    endloop
  endfacet
  facet normal -0 0 -1
    outer loop
      vertex -122.849 -22.9499 0
      vertex -127 -25.5 0
      vertex -122.996 -22.6394 0
    endloop
  endfacet
  facet normal 0 0 -1
    outer loop
      vertex -122.673 25.0945 0
      vertex -126.528 27.3856 0
      vertex -126.326 27.7223 0
    endloop
  endfacet
  facet normal -0 0 -1
    outer loop
      vertex -122.996 -22.6394 0
      vertex -127 -25.5 0
      vertex -123.112 -22.316 0
    endloop
  endfacet
  facet normal 0 0 -1
    outer loop
      vertex -122.673 25.0945 0
      vertex -126.696 27.0307 0
      vertex -126.528 27.3856 0
    endloop
  endfacet
  facet normal -0 0 -1
    outer loop
      vertex -123.112 -22.316 0
      vertex -127 -25.5 0
      vertex -123.195 -21.9828 0
    endloop
  endfacet
  facet normal 0 0 -1
    outer loop
      vertex -122.849 24.7999 0
      vertex -126.828 26.6611 0
      vertex -126.696 27.0307 0
    endloop
  endfacet
  facet normal 0 0 -1
    outer loop
      vertex -122.849 24.7999 0
      vertex -126.923 26.2804 0
      vertex -126.828 26.6611 0
    endloop
  endfacet
  facet normal 0 0 -1
    outer loop
      vertex -122.849 24.7999 0
      vertex -126.981 25.8921 0
      vertex -126.923 26.2804 0
    endloop
  endfacet
  facet normal -0.989028 -0.14773 0
    outer loop
      vertex -126.923 -26.2804 0
      vertex -126.981 -25.8921 4
      vertex -126.981 -25.8921 0
    endloop
  endfacet
  facet normal -0.989028 -0.14773 0
    outer loop
      vertex -126.981 -25.8921 4
      vertex -126.923 -26.2804 0
      vertex -126.923 -26.2804 4
    endloop
  endfacet
  facet normal -0.998828 -0.0484002 0
    outer loop
      vertex -126.981 -25.8921 0
      vertex -127 -25.5 4
      vertex -127 -25.5 0
    endloop
  endfacet
  facet normal -0.998828 -0.0484002 0
    outer loop
      vertex -127 -25.5 4
      vertex -126.981 -25.8921 0
      vertex -126.981 -25.8921 4
    endloop
  endfacet
  facet normal 0.903847 -0.427856 0
    outer loop
      vertex 126.528 -27.3856 4
      vertex 126.696 -27.0307 0
      vertex 126.696 -27.0307 4
    endloop
  endfacet
  facet normal 0.903847 -0.427856 0
    outer loop
      vertex 126.696 -27.0307 0
      vertex 126.528 -27.3856 4
      vertex 126.528 -27.3856 0
    endloop
  endfacet
  facet normal 0.857515 0.514458 0
    outer loop
      vertex 126.528 27.3856 4
      vertex 126.326 27.7223 0
      vertex 126.326 27.7223 4
    endloop
  endfacet
  facet normal 0.857515 0.514458 0
    outer loop
      vertex 126.326 27.7223 0
      vertex 126.528 27.3856 4
      vertex 126.528 27.3856 0
    endloop
  endfacet
  facet normal 0.514871 -0.857268 0
    outer loop
      vertex 124.886 -29.0277 0
      vertex 125.222 -28.8259 4
      vertex 124.886 -29.0277 4
    endloop
  endfacet
  facet normal 0.514871 -0.857268 0
    outer loop
      vertex 125.222 -28.8259 4
      vertex 124.886 -29.0277 0
      vertex 125.222 -28.8259 0
    endloop
  endfacet
  facet normal 0.146844 -0.98916 0
    outer loop
      vertex 123.392 -29.4807 0
      vertex 123.78 -29.4231 4
      vertex 123.392 -29.4807 4
    endloop
  endfacet
  facet normal 0.146844 -0.98916 0
    outer loop
      vertex 123.78 -29.4231 4
      vertex 123.392 -29.4807 0
      vertex 123.78 -29.4231 0
    endloop
  endfacet
  facet normal 0.998828 0.0484002 0
    outer loop
      vertex 127 25.5 4
      vertex 126.981 25.8921 0
      vertex 126.981 25.8921 4
    endloop
  endfacet
  facet normal 0.998828 0.0484002 0
    outer loop
      vertex 126.981 25.8921 0
      vertex 127 25.5 4
      vertex 127 25.5 0
    endloop
  endfacet
  facet normal 0.941742 0.336336 0
    outer loop
      vertex 126.828 26.6611 4
      vertex 126.696 27.0307 0
      vertex 126.696 27.0307 4
    endloop
  endfacet
  facet normal 0.941742 0.336336 0
    outer loop
      vertex 126.696 27.0307 0
      vertex 126.828 26.6611 4
      vertex 126.828 26.6611 0
    endloop
  endfacet
  facet normal 0 -1 0
    outer loop
      vertex -123 -29.5 0
      vertex -18.76 -29.5 4
      vertex -123 -29.5 4
    endloop
  endfacet
  facet normal 0 -1 -0
    outer loop
      vertex -18.76 -29.5 4
      vertex -123 -29.5 0
      vertex -15.76 -29.5 4
    endloop
  endfacet
  facet normal 0 -1 0
    outer loop
      vertex 123 -29.5 0
      vertex -15.76 -29.5 4
      vertex -123 -29.5 0
    endloop
  endfacet
  facet normal 0 -1 0
    outer loop
      vertex -15.76 -29.5 4
      vertex 123 -29.5 0
      vertex 96.26 -29.5 4
    endloop
  endfacet
  facet normal 0 -1 0
    outer loop
      vertex 96.26 -29.5 4
      vertex 123 -29.5 0
      vertex 99.26 -29.5 4
    endloop
  endfacet
  facet normal 0 -1 0
    outer loop
      vertex 99.26 -29.5 4
      vertex 123 -29.5 0
      vertex 123 -29.5 4
    endloop
  endfacet
  facet normal 0 -1 0
    outer loop
      vertex -18.76 -29.5 4
      vertex -15.76 -29.5 131
      vertex -18.76 -29.5 131
    endloop
  endfacet
  facet normal 0 -1 -0
    outer loop
      vertex -15.76 -29.5 131
      vertex -18.76 -29.5 4
      vertex -15.76 -29.5 4
    endloop
  endfacet
  facet normal 0 -1 0
    outer loop
      vertex 96.26 -29.5 4
      vertex 99.26 -29.5 131
      vertex 96.26 -29.5 131
    endloop
  endfacet
  facet normal 0 -1 -0
    outer loop
      vertex 99.26 -29.5 131
      vertex 96.26 -29.5 4
      vertex 99.26 -29.5 4
    endloop
  endfacet
  facet normal 0.427342 -0.90409 0
    outer loop
      vertex 124.531 -29.1955 0
      vertex 124.886 -29.0277 4
      vertex 124.531 -29.1955 4
    endloop
  endfacet
  facet normal 0.427342 -0.90409 0
    outer loop
      vertex 124.886 -29.0277 4
      vertex 124.531 -29.1955 0
      vertex 124.886 -29.0277 0
    endloop
  endfacet
  facet normal 0 1 -0
    outer loop
      vertex 123 29.5 0
      vertex -123 29.5 4
      vertex 123 29.5 4
    endloop
  endfacet
  facet normal 0 1 0
    outer loop
      vertex -123 29.5 4
      vertex 123 29.5 0
      vertex -123 29.5 0
    endloop
  endfacet
  facet normal -0.336691 0.941615 0
    outer loop
      vertex -124.161 29.3278 0
      vertex -124.531 29.1955 4
      vertex -124.161 29.3278 4
    endloop
  endfacet
  facet normal -0.336691 0.941615 0
    outer loop
      vertex -124.531 29.1955 4
      vertex -124.161 29.3278 0
      vertex -124.531 29.1955 0
    endloop
  endfacet
  facet normal 0.740401 0.672166 0
    outer loop
      vertex 126.092 28.0376 4
      vertex 125.828 28.3284 0
      vertex 125.828 28.3284 4
    endloop
  endfacet
  facet normal 0.740401 0.672166 0
    outer loop
      vertex 125.828 28.3284 0
      vertex 126.092 28.0376 4
      vertex 126.092 28.0376 0
    endloop
  endfacet
  facet normal 0.242655 0.970113 -0
    outer loop
      vertex 124.161 29.3278 0
      vertex 123.78 29.4231 4
      vertex 124.161 29.3278 4
    endloop
  endfacet
  facet normal 0.242655 0.970113 0
    outer loop
      vertex 123.78 29.4231 4
      vertex 124.161 29.3278 0
      vertex 123.78 29.4231 0
    endloop
  endfacet
  facet normal -0.998828 0.0484002 0
    outer loop
      vertex -127 25.5 0
      vertex -126.981 25.8921 4
      vertex -126.981 25.8921 0
    endloop
  endfacet
  facet normal -0.998828 0.0484002 0
    outer loop
      vertex -126.981 25.8921 4
      vertex -127 25.5 0
      vertex -127 25.5 4
    endloop
  endfacet
  facet normal -1 0 0
    outer loop
      vertex -127 -25.5 0
      vertex -127 25.5 4
      vertex -127 25.5 0
    endloop
  endfacet
  facet normal -1 -0 0
    outer loop
      vertex -127 25.5 4
      vertex -127 -25.5 0
      vertex -127 -25.5 4
    endloop
  endfacet
  facet normal 0.0491751 -0.99879 0
    outer loop
      vertex 123 -29.5 0
      vertex 123.392 -29.4807 4
      vertex 123 -29.5 4
    endloop
  endfacet
  facet normal 0.0491751 -0.99879 0
    outer loop
      vertex 123.392 -29.4807 4
      vertex 123 -29.5 0
      vertex 123.392 -29.4807 0
    endloop
  endfacet
  facet normal 0.594942 0.803769 -0
    outer loop
      vertex 125.538 28.592 0
      vertex 125.222 28.8259 4
      vertex 125.538 28.592 4
    endloop
  endfacet
  facet normal 0.594942 0.803769 0
    outer loop
      vertex 125.222 28.8259 4
      vertex 125.538 28.592 0
      vertex 125.222 28.8259 0
    endloop
  endfacet
  facet normal 0.998828 -0.0484002 0
    outer loop
      vertex 126.981 -25.8921 4
      vertex 127 -25.5 0
      vertex 127 -25.5 4
    endloop
  endfacet
  facet normal 0.998828 -0.0484002 0
    outer loop
      vertex 127 -25.5 0
      vertex 126.981 -25.8921 4
      vertex 126.981 -25.8921 0
    endloop
  endfacet
  facet normal -0.336691 -0.941615 0
    outer loop
      vertex -124.531 -29.1955 0
      vertex -124.161 -29.3278 4
      vertex -124.531 -29.1955 4
    endloop
  endfacet
  facet normal -0.336691 -0.941615 -0
    outer loop
      vertex -124.161 -29.3278 4
      vertex -124.531 -29.1955 0
      vertex -124.161 -29.3278 0
    endloop
  endfacet
  facet normal 0.672622 -0.739986 0
    outer loop
      vertex 125.538 -28.592 0
      vertex 125.828 -28.3284 4
      vertex 125.538 -28.592 4
    endloop
  endfacet
  facet normal 0.672622 -0.739986 0
    outer loop
      vertex 125.828 -28.3284 4
      vertex 125.538 -28.592 0
      vertex 125.828 -28.3284 0
    endloop
  endfacet
  facet normal -0.594942 0.803769 0
    outer loop
      vertex -125.222 28.8259 0
      vertex -125.538 28.592 4
      vertex -125.222 28.8259 4
    endloop
  endfacet
  facet normal -0.594942 0.803769 0
    outer loop
      vertex -125.538 28.592 4
      vertex -125.222 28.8259 0
      vertex -125.538 28.592 0
    endloop
  endfacet
  facet normal -0.803015 0.595958 0
    outer loop
      vertex -126.326 27.7223 0
      vertex -126.092 28.0376 4
      vertex -126.092 28.0376 0
    endloop
  endfacet
  facet normal -0.803015 0.595958 0
    outer loop
      vertex -126.092 28.0376 4
      vertex -126.326 27.7223 0
      vertex -126.326 27.7223 4
    endloop
  endfacet
  facet normal 1 -0 0
    outer loop
      vertex 127 -25.5 4
      vertex 127 25.5 0
      vertex 127 25.5 4
    endloop
  endfacet
  facet normal 1 0 0
    outer loop
      vertex 127 25.5 0
      vertex 127 -25.5 4
      vertex 127 -25.5 0
    endloop
  endfacet
  facet normal -0.514871 0.857268 0
    outer loop
      vertex -124.886 29.0277 0
      vertex -125.222 28.8259 4
      vertex -124.886 29.0277 4
    endloop
  endfacet
  facet normal -0.514871 0.857268 0
    outer loop
      vertex -125.222 28.8259 4
      vertex -124.886 29.0277 0
      vertex -125.222 28.8259 0
    endloop
  endfacet
  facet normal -0.740401 0.672166 0
    outer loop
      vertex -126.092 28.0376 0
      vertex -125.828 28.3284 4
      vertex -125.828 28.3284 0
    endloop
  endfacet
  facet normal -0.740401 0.672166 0
    outer loop
      vertex -125.828 28.3284 4
      vertex -126.092 28.0376 0
      vertex -126.092 28.0376 4
    endloop
  endfacet
  facet normal 0.903847 0.427856 0
    outer loop
      vertex 126.696 27.0307 4
      vertex 126.528 27.3856 0
      vertex 126.528 27.3856 4
    endloop
  endfacet
  facet normal 0.903847 0.427856 0
    outer loop
      vertex 126.528 27.3856 0
      vertex 126.696 27.0307 4
      vertex 126.696 27.0307 0
    endloop
  endfacet
  facet normal -0.242655 0.970113 0
    outer loop
      vertex -123.78 29.4231 0
      vertex -124.161 29.3278 4
      vertex -123.78 29.4231 4
    endloop
  endfacet
  facet normal -0.242655 0.970113 0
    outer loop
      vertex -124.161 29.3278 4
      vertex -123.78 29.4231 0
      vertex -124.161 29.3278 0
    endloop
  endfacet
  facet normal 0.672622 0.739986 -0
    outer loop
      vertex 125.828 28.3284 0
      vertex 125.538 28.592 4
      vertex 125.828 28.3284 4
    endloop
  endfacet
  facet normal 0.672622 0.739986 0
    outer loop
      vertex 125.538 28.592 4
      vertex 125.828 28.3284 0
      vertex 125.538 28.592 0
    endloop
  endfacet
  facet normal -0.857515 0.514458 0
    outer loop
      vertex -126.528 27.3856 0
      vertex -126.326 27.7223 4
      vertex -126.326 27.7223 0
    endloop
  endfacet
  facet normal -0.857515 0.514458 0
    outer loop
      vertex -126.326 27.7223 4
      vertex -126.528 27.3856 0
      vertex -126.528 27.3856 4
    endloop
  endfacet
  facet normal 0.427342 0.90409 -0
    outer loop
      vertex 124.886 29.0277 0
      vertex 124.531 29.1955 4
      vertex 124.886 29.0277 4
    endloop
  endfacet
  facet normal 0.427342 0.90409 0
    outer loop
      vertex 124.531 29.1955 4
      vertex 124.886 29.0277 0
      vertex 124.531 29.1955 0
    endloop
  endfacet
  facet normal -0.672622 0.739986 0
    outer loop
      vertex -125.538 28.592 0
      vertex -125.828 28.3284 4
      vertex -125.538 28.592 4
    endloop
  endfacet
  facet normal -0.672622 0.739986 0
    outer loop
      vertex -125.828 28.3284 4
      vertex -125.538 28.592 0
      vertex -125.828 28.3284 0
    endloop
  endfacet
  facet normal 0.594942 -0.803769 0
    outer loop
      vertex 125.222 -28.8259 0
      vertex 125.538 -28.592 4
      vertex 125.222 -28.8259 4
    endloop
  endfacet
  facet normal 0.594942 -0.803769 0
    outer loop
      vertex 125.538 -28.592 4
      vertex 125.222 -28.8259 0
      vertex 125.538 -28.592 0
    endloop
  endfacet
  facet normal 0.336691 0.941615 -0
    outer loop
      vertex 124.531 29.1955 0
      vertex 124.161 29.3278 4
      vertex 124.531 29.1955 4
    endloop
  endfacet
  facet normal 0.336691 0.941615 0
    outer loop
      vertex 124.161 29.3278 4
      vertex 124.531 29.1955 0
      vertex 124.161 29.3278 0
    endloop
  endfacet
  facet normal 0.970247 0.242116 0
    outer loop
      vertex 126.923 26.2804 4
      vertex 126.828 26.6611 0
      vertex 126.828 26.6611 4
    endloop
  endfacet
  facet normal 0.970247 0.242116 0
    outer loop
      vertex 126.828 26.6611 0
      vertex 126.923 26.2804 4
      vertex 126.923 26.2804 0
    endloop
  endfacet
  facet normal -0.146844 0.98916 0
    outer loop
      vertex -123.392 29.4807 0
      vertex -123.78 29.4231 4
      vertex -123.392 29.4807 4
    endloop
  endfacet
  facet normal -0.146844 0.98916 0
    outer loop
      vertex -123.78 29.4231 4
      vertex -123.392 29.4807 0
      vertex -123.78 29.4231 0
    endloop
  endfacet
  facet normal -0.146844 -0.98916 0
    outer loop
      vertex -123.78 -29.4231 0
      vertex -123.392 -29.4807 4
      vertex -123.78 -29.4231 4
    endloop
  endfacet
  facet normal -0.146844 -0.98916 -0
    outer loop
      vertex -123.392 -29.4807 4
      vertex -123.78 -29.4231 0
      vertex -123.392 -29.4807 0
    endloop
  endfacet
  facet normal -0.0491751 0.99879 0
    outer loop
      vertex -123 29.5 0
      vertex -123.392 29.4807 4
      vertex -123 29.5 4
    endloop
  endfacet
  facet normal -0.0491751 0.99879 0
    outer loop
      vertex -123.392 29.4807 4
      vertex -123 29.5 0
      vertex -123.392 29.4807 0
    endloop
  endfacet
  facet normal 0.740401 -0.672166 0
    outer loop
      vertex 125.828 -28.3284 4
      vertex 126.092 -28.0376 0
      vertex 126.092 -28.0376 4
    endloop
  endfacet
  facet normal 0.740401 -0.672166 0
    outer loop
      vertex 126.092 -28.0376 0
      vertex 125.828 -28.3284 4
      vertex 125.828 -28.3284 0
    endloop
  endfacet
  facet normal 0.989028 0.14773 0
    outer loop
      vertex 126.981 25.8921 4
      vertex 126.923 26.2804 0
      vertex 126.923 26.2804 4
    endloop
  endfacet
  facet normal 0.989028 0.14773 0
    outer loop
      vertex 126.923 26.2804 0
      vertex 126.981 25.8921 4
      vertex 126.981 25.8921 0
    endloop
  endfacet
  facet normal -0.941742 0.336336 0
    outer loop
      vertex -126.828 26.6611 0
      vertex -126.696 27.0307 4
      vertex -126.696 27.0307 0
    endloop
  endfacet
  facet normal -0.941742 0.336336 0
    outer loop
      vertex -126.696 27.0307 4
      vertex -126.828 26.6611 0
      vertex -126.828 26.6611 4
    endloop
  endfacet
  facet normal -0.672622 -0.739986 0
    outer loop
      vertex -125.828 -28.3284 0
      vertex -125.538 -28.592 4
      vertex -125.828 -28.3284 4
    endloop
  endfacet
  facet normal -0.672622 -0.739986 -0
    outer loop
      vertex -125.538 -28.592 4
      vertex -125.828 -28.3284 0
      vertex -125.538 -28.592 0
    endloop
  endfacet
  facet normal -0 0 1
    outer loop
      vertex -15.76 -26.5 4
      vertex 96.26 -29.5 4
      vertex 96.26 -26.5 4
    endloop
  endfacet
  facet normal 0 0 1
    outer loop
      vertex 96.26 -29.5 4
      vertex -15.76 -26.5 4
      vertex -15.76 -29.5 4
    endloop
  endfacet
  facet normal -0 0 1
    outer loop
      vertex -113.33 -9.28282 4
      vertex -91.9 -26.25 4
      vertex -113.279 -8.94306 4
    endloop
  endfacet
  facet normal 0 0 1
    outer loop
      vertex -91.9 -26.25 4
      vertex -113.279 -20.9569 4
      vertex -113.262 -21.3 4
    endloop
  endfacet
  facet normal -0 0 1
    outer loop
      vertex -113.413 -9.616 4
      vertex -91.9 -26.25 4
      vertex -113.33 -9.28282 4
    endloop
  endfacet
  facet normal 0 0 1
    outer loop
      vertex -91.9 -26.25 4
      vertex -113.33 -20.6172 4
      vertex -113.279 -20.9569 4
    endloop
  endfacet
  facet normal -0 0 1
    outer loop
      vertex -113.529 -9.93939 4
      vertex -91.9 -26.25 4
      vertex -113.413 -9.616 4
    endloop
  endfacet
  facet normal 0 0 1
    outer loop
      vertex -91.9 -26.25 4
      vertex -113.413 -20.284 4
      vertex -113.33 -20.6172 4
    endloop
  endfacet
  facet normal -0 0 1
    outer loop
      vertex -113.529 -19.9606 4
      vertex -91.9 -26.25 4
      vertex -113.529 -9.93939 4
    endloop
  endfacet
  facet normal 0 0 1
    outer loop
      vertex -91.9 -26.25 4
      vertex -113.529 -19.9606 4
      vertex -113.413 -20.284 4
    endloop
  endfacet
  facet normal -0 0 1
    outer loop
      vertex -113.676 -10.2499 4
      vertex -113.529 -19.9606 4
      vertex -113.529 -9.93939 4
    endloop
  endfacet
  facet normal 0 0 1
    outer loop
      vertex -113.676 -10.2499 4
      vertex -113.676 -19.6501 4
      vertex -113.529 -19.9606 4
    endloop
  endfacet
  facet normal -0 0 1
    outer loop
      vertex -113.852 -10.5445 4
      vertex -113.676 -19.6501 4
      vertex -113.676 -10.2499 4
    endloop
  endfacet
  facet normal 0 0 1
    outer loop
      vertex -113.852 -10.5445 4
      vertex -113.852 -19.3555 4
      vertex -113.676 -19.6501 4
    endloop
  endfacet
  facet normal -0 0 1
    outer loop
      vertex -114.057 -10.8204 4
      vertex -113.852 -19.3555 4
      vertex -113.852 -10.5445 4
    endloop
  endfacet
  facet normal 0 0 1
    outer loop
      vertex -114.057 -10.8204 4
      vertex -114.057 -19.0796 4
      vertex -113.852 -19.3555 4
    endloop
  endfacet
  facet normal -0 0 1
    outer loop
      vertex -114.288 -11.0749 4
      vertex -114.057 -19.0796 4
      vertex -114.057 -10.8204 4
    endloop
  endfacet
  facet normal 0 0 1
    outer loop
      vertex -114.288 -11.0749 4
      vertex -114.288 -18.8251 4
      vertex -114.057 -19.0796 4
    endloop
  endfacet
  facet normal -0 0 1
    outer loop
      vertex -114.542 -11.3055 4
      vertex -114.288 -18.8251 4
      vertex -114.288 -11.0749 4
    endloop
  endfacet
  facet normal 0 0 1
    outer loop
      vertex -114.542 -11.3055 4
      vertex -114.542 -18.5945 4
      vertex -114.288 -18.8251 4
    endloop
  endfacet
  facet normal -0 0 1
    outer loop
      vertex -114.818 -11.5101 4
      vertex -114.542 -18.5945 4
      vertex -114.542 -11.3055 4
    endloop
  endfacet
  facet normal 0 0 1
    outer loop
      vertex -114.818 -11.5101 4
      vertex -114.818 -18.3899 4
      vertex -114.542 -18.5945 4
    endloop
  endfacet
  facet normal -0 0 1
    outer loop
      vertex -115.113 -11.6867 4
      vertex -114.818 -18.3899 4
      vertex -114.818 -11.5101 4
    endloop
  endfacet
  facet normal 0 0 1
    outer loop
      vertex -115.113 -11.6867 4
      vertex -115.113 -18.2133 4
      vertex -114.818 -18.3899 4
    endloop
  endfacet
  facet normal -0 0 1
    outer loop
      vertex -115.423 -11.8336 4
      vertex -115.113 -18.2133 4
      vertex -115.113 -11.6867 4
    endloop
  endfacet
  facet normal 0 0 1
    outer loop
      vertex -115.423 -11.8336 4
      vertex -115.423 -18.0664 4
      vertex -115.113 -18.2133 4
    endloop
  endfacet
  facet normal -0 0 1
    outer loop
      vertex -115.747 -11.9493 4
      vertex -115.423 -18.0664 4
      vertex -115.423 -11.8336 4
    endloop
  endfacet
  facet normal 0 0 1
    outer loop
      vertex -115.747 -11.9493 4
      vertex -115.747 -17.9507 4
      vertex -115.423 -18.0664 4
    endloop
  endfacet
  facet normal -0 0 1
    outer loop
      vertex -116.08 -12.0327 4
      vertex -115.747 -17.9507 4
      vertex -115.747 -11.9493 4
    endloop
  endfacet
  facet normal 0 0 1
    outer loop
      vertex -116.08 -12.0327 4
      vertex -116.08 -17.8673 4
      vertex -115.747 -17.9507 4
    endloop
  endfacet
  facet normal -0 0 1
    outer loop
      vertex -116.419 -12.0831 4
      vertex -116.08 -17.8673 4
      vertex -116.08 -12.0327 4
    endloop
  endfacet
  facet normal 0 0 1
    outer loop
      vertex -116.419 -12.0831 4
      vertex -116.419 -17.8169 4
      vertex -116.08 -17.8673 4
    endloop
  endfacet
  facet normal -0 0 1
    outer loop
      vertex -116.762 -12.1 4
      vertex -116.419 -17.8169 4
      vertex -116.419 -12.0831 4
    endloop
  endfacet
  facet normal 0 0 1
    outer loop
      vertex -116.762 -12.1 4
      vertex -116.762 -17.8 4
      vertex -116.419 -17.8169 4
    endloop
  endfacet
  facet normal -0 0 1
    outer loop
      vertex -119.762 -12.1 4
      vertex -116.762 -17.8 4
      vertex -116.762 -12.1 4
    endloop
  endfacet
  facet normal 0 0 1
    outer loop
      vertex -119.762 -12.1 4
      vertex -119.762 -17.8 4
      vertex -116.762 -17.8 4
    endloop
  endfacet
  facet normal 0 0 1
    outer loop
      vertex -120.106 -12.0831 4
      vertex -119.762 -17.8 4
      vertex -119.762 -12.1 4
    endloop
  endfacet
  facet normal 0 0 1
    outer loop
      vertex -120.106 -12.0831 4
      vertex -120.106 -17.8169 4
      vertex -119.762 -17.8 4
    endloop
  endfacet
  facet normal 0 0 1
    outer loop
      vertex -120.445 -12.0327 4
      vertex -120.106 -17.8169 4
      vertex -120.106 -12.0831 4
    endloop
  endfacet
  facet normal 0 0 1
    outer loop
      vertex -120.445 -12.0327 4
      vertex -120.445 -17.8673 4
      vertex -120.106 -17.8169 4
    endloop
  endfacet
  facet normal 0 0 1
    outer loop
      vertex -120.778 -11.9493 4
      vertex -120.445 -17.8673 4
      vertex -120.445 -12.0327 4
    endloop
  endfacet
  facet normal 0 0 1
    outer loop
      vertex -120.778 -11.9493 4
      vertex -120.778 -17.9507 4
      vertex -120.445 -17.8673 4
    endloop
  endfacet
  facet normal 0 0 1
    outer loop
      vertex -121.102 -11.8336 4
      vertex -120.778 -17.9507 4
      vertex -120.778 -11.9493 4
    endloop
  endfacet
  facet normal 0 0 1
    outer loop
      vertex -121.102 -11.8336 4
      vertex -121.102 -18.0664 4
      vertex -120.778 -17.9507 4
    endloop
  endfacet
  facet normal 0 0 1
    outer loop
      vertex -121.412 -11.6867 4
      vertex -121.102 -18.0664 4
      vertex -121.102 -11.8336 4
    endloop
  endfacet
  facet normal 0 0 1
    outer loop
      vertex -121.412 -11.6867 4
      vertex -121.412 -18.2133 4
      vertex -121.102 -18.0664 4
    endloop
  endfacet
  facet normal 0 0 1
    outer loop
      vertex -121.707 -11.5101 4
      vertex -121.412 -18.2133 4
      vertex -121.412 -11.6867 4
    endloop
  endfacet
  facet normal 0 0 1
    outer loop
      vertex -121.707 -11.5101 4
      vertex -121.707 -18.3899 4
      vertex -121.412 -18.2133 4
    endloop
  endfacet
  facet normal 0 0 1
    outer loop
      vertex -121.983 -11.3055 4
      vertex -121.707 -18.3899 4
      vertex -121.707 -11.5101 4
    endloop
  endfacet
  facet normal 0 0 1
    outer loop
      vertex -121.983 -11.3055 4
      vertex -121.983 -18.5945 4
      vertex -121.707 -18.3899 4
    endloop
  endfacet
  facet normal 0 0 1
    outer loop
      vertex -122.237 -11.0749 4
      vertex -121.983 -18.5945 4
      vertex -121.983 -11.3055 4
    endloop
  endfacet
  facet normal 0 0 1
    outer loop
      vertex -122.237 -11.0749 4
      vertex -122.237 -18.8251 4
      vertex -121.983 -18.5945 4
    endloop
  endfacet
  facet normal 0 0 1
    outer loop
      vertex -122.468 -10.8204 4
      vertex -122.237 -18.8251 4
      vertex -122.237 -11.0749 4
    endloop
  endfacet
  facet normal 0 0 1
    outer loop
      vertex -122.468 -10.8204 4
      vertex -122.468 -19.0796 4
      vertex -122.237 -18.8251 4
    endloop
  endfacet
  facet normal 0 0 1
    outer loop
      vertex -122.673 -10.5445 4
      vertex -122.468 -19.0796 4
      vertex -122.468 -10.8204 4
    endloop
  endfacet
  facet normal 0 0 1
    outer loop
      vertex -122.673 -10.5445 4
      vertex -122.673 -19.3555 4
      vertex -122.468 -19.0796 4
    endloop
  endfacet
  facet normal 0 0 1
    outer loop
      vertex -122.849 -10.2499 4
      vertex -122.673 -19.3555 4
      vertex -122.673 -10.5445 4
    endloop
  endfacet
  facet normal 0 0 1
    outer loop
      vertex -122.849 -10.2499 4
      vertex -122.849 -19.6501 4
      vertex -122.673 -19.3555 4
    endloop
  endfacet
  facet normal 0 0 1
    outer loop
      vertex -122.996 -9.93939 4
      vertex -122.849 -19.6501 4
      vertex -122.849 -10.2499 4
    endloop
  endfacet
  facet normal 0 0 1
    outer loop
      vertex -122.996 -9.93939 4
      vertex -122.996 -19.9606 4
      vertex -122.849 -19.6501 4
    endloop
  endfacet
  facet normal 0 0 1
    outer loop
      vertex -127 -25.5 4
      vertex -122.996 -9.93939 4
      vertex -123.112 -9.616 4
    endloop
  endfacet
  facet normal 0 0 1
    outer loop
      vertex -122.996 -9.93939 4
      vertex -127 -25.5 4
      vertex -122.996 -19.9606 4
    endloop
  endfacet
  facet normal 0 0 1
    outer loop
      vertex -127 -25.5 4
      vertex -123.112 -9.616 4
      vertex -123.195 -9.28282 4
    endloop
  endfacet
  facet normal 0 0 1
    outer loop
      vertex -122.996 -19.9606 4
      vertex -127 -25.5 4
      vertex -123.112 -20.284 4
    endloop
  endfacet
  facet normal 0 0 1
    outer loop
      vertex -127 -25.5 4
      vertex -123.195 -9.28282 4
      vertex -123.246 -8.94306 4
    endloop
  endfacet
  facet normal 0 0 1
    outer loop
      vertex -123.112 -20.284 4
      vertex -127 -25.5 4
      vertex -123.195 -20.6172 4
    endloop
  endfacet
  facet normal 0 0 1
    outer loop
      vertex -127 -25.5 4
      vertex -123.246 -8.94306 4
      vertex -123.262 -8.6 4
    endloop
  endfacet
  facet normal 0 0 1
    outer loop
      vertex -123.195 -20.6172 4
      vertex -127 -25.5 4
      vertex -123.246 -20.9569 4
    endloop
  endfacet
  facet normal 0 0 1
    outer loop
      vertex -91.9 26.25 4
      vertex -113.33 6.59218 4
      vertex -91.9 -26.25 4
    endloop
  endfacet
  facet normal 0 0 1
    outer loop
      vertex -91.9 -26.25 4
      vertex -113.279 -8.25694 4
      vertex -113.262 -8.6 4
    endloop
  endfacet
  facet normal -0 0 1
    outer loop
      vertex -113.413 6.259 4
      vertex -91.9 -26.25 4
      vertex -113.33 6.59218 4
    endloop
  endfacet
  facet normal 0 0 1
    outer loop
      vertex -91.9 -26.25 4
      vertex -113.33 -7.91718 4
      vertex -113.279 -8.25694 4
    endloop
  endfacet
  facet normal -0 0 1
    outer loop
      vertex -113.413 -7.584 4
      vertex -91.9 -26.25 4
      vertex -113.413 6.259 4
    endloop
  endfacet
  facet normal 0 0 1
    outer loop
      vertex -91.9 -26.25 4
      vertex -113.413 -7.584 4
      vertex -113.33 -7.91718 4
    endloop
  endfacet
  facet normal -0 0 1
    outer loop
      vertex -113.529 5.93561 4
      vertex -113.413 -7.584 4
      vertex -113.413 6.259 4
    endloop
  endfacet
  facet normal 0 0 1
    outer loop
      vertex -113.529 5.93561 4
      vertex -113.529 -7.26061 4
      vertex -113.413 -7.584 4
    endloop
  endfacet
  facet normal -0 0 1
    outer loop
      vertex -113.676 5.62511 4
      vertex -113.529 -7.26061 4
      vertex -113.529 5.93561 4
    endloop
  endfacet
  facet normal 0 0 1
    outer loop
      vertex -113.676 5.62511 4
      vertex -113.676 -6.95011 4
      vertex -113.529 -7.26061 4
    endloop
  endfacet
  facet normal -0 0 1
    outer loop
      vertex -113.852 5.3305 4
      vertex -113.676 -6.95011 4
      vertex -113.676 5.62511 4
    endloop
  endfacet
  facet normal 0 0 1
    outer loop
      vertex -113.852 5.3305 4
      vertex -113.852 -6.6555 4
      vertex -113.676 -6.95011 4
    endloop
  endfacet
  facet normal -0 0 1
    outer loop
      vertex -114.057 5.05462 4
      vertex -113.852 -6.6555 4
      vertex -113.852 5.3305 4
    endloop
  endfacet
  facet normal 0 0 1
    outer loop
      vertex -114.057 5.05462 4
      vertex -114.057 -6.37962 4
      vertex -113.852 -6.6555 4
    endloop
  endfacet
  facet normal -0 0 1
    outer loop
      vertex -114.288 4.80013 4
      vertex -114.057 -6.37962 4
      vertex -114.057 5.05462 4
    endloop
  endfacet
  facet normal 0 0 1
    outer loop
      vertex -114.288 4.80013 4
      vertex -114.288 -6.12513 4
      vertex -114.057 -6.37962 4
    endloop
  endfacet
  facet normal -0 0 1
    outer loop
      vertex -114.542 4.56946 4
      vertex -114.288 -6.12513 4
      vertex -114.288 4.80013 4
    endloop
  endfacet
  facet normal 0 0 1
    outer loop
      vertex -114.542 4.56946 4
      vertex -114.542 -5.89446 4
      vertex -114.288 -6.12513 4
    endloop
  endfacet
  facet normal -0 0 1
    outer loop
      vertex -114.818 4.36486 4
      vertex -114.542 -5.89446 4
      vertex -114.542 4.56946 4
    endloop
  endfacet
  facet normal 0 0 1
    outer loop
      vertex -114.818 4.36486 4
      vertex -114.818 -5.68986 4
      vertex -114.542 -5.89446 4
    endloop
  endfacet
  facet normal -0 0 1
    outer loop
      vertex -115.113 4.18828 4
      vertex -114.818 -5.68986 4
      vertex -114.818 4.36486 4
    endloop
  endfacet
  facet normal 0 0 1
    outer loop
      vertex -115.113 4.18828 4
      vertex -115.113 -5.51328 4
      vertex -114.818 -5.68986 4
    endloop
  endfacet
  facet normal -0 0 1
    outer loop
      vertex -115.423 4.04142 4
      vertex -115.113 -5.51328 4
      vertex -115.113 4.18828 4
    endloop
  endfacet
  facet normal 0 0 1
    outer loop
      vertex -115.423 4.04142 4
      vertex -115.423 -5.36642 4
      vertex -115.113 -5.51328 4
    endloop
  endfacet
  facet normal -0 0 1
    outer loop
      vertex -115.747 3.92571 4
      vertex -115.423 -5.36642 4
      vertex -115.423 4.04142 4
    endloop
  endfacet
  facet normal 0 0 1
    outer loop
      vertex -115.747 3.92571 4
      vertex -115.747 -5.25071 4
      vertex -115.423 -5.36642 4
    endloop
  endfacet
  facet normal -0 0 1
    outer loop
      vertex -116.08 3.84225 4
      vertex -115.747 -5.25071 4
      vertex -115.747 3.92571 4
    endloop
  endfacet
  facet normal 0 0 1
    outer loop
      vertex -116.08 3.84225 4
      vertex -116.08 -5.16725 4
      vertex -115.747 -5.25071 4
    endloop
  endfacet
  facet normal -0 0 1
    outer loop
      vertex -116.419 3.79185 4
      vertex -116.08 -5.16725 4
      vertex -116.08 3.84225 4
    endloop
  endfacet
  facet normal 0 0 1
    outer loop
      vertex -116.419 3.79185 4
      vertex -116.419 -5.11685 4
      vertex -116.08 -5.16725 4
    endloop
  endfacet
  facet normal -0 0 1
    outer loop
      vertex -116.762 3.775 4
      vertex -116.419 -5.11685 4
      vertex -116.419 3.79185 4
    endloop
  endfacet
  facet normal 0 0 1
    outer loop
      vertex -116.762 3.775 4
      vertex -116.762 -5.1 4
      vertex -116.419 -5.11685 4
    endloop
  endfacet
  facet normal -0 0 1
    outer loop
      vertex -119.762 3.775 4
      vertex -116.762 -5.1 4
      vertex -116.762 3.775 4
    endloop
  endfacet
  facet normal 0 0 1
    outer loop
      vertex -119.762 3.775 4
      vertex -119.762 -5.1 4
      vertex -116.762 -5.1 4
    endloop
  endfacet
  facet normal 0 0 1
    outer loop
      vertex -120.106 3.79185 4
      vertex -119.762 -5.1 4
      vertex -119.762 3.775 4
    endloop
  endfacet
  facet normal 0 0 1
    outer loop
      vertex -120.106 3.79185 4
      vertex -120.106 -5.11685 4
      vertex -119.762 -5.1 4
    endloop
  endfacet
  facet normal 0 0 1
    outer loop
      vertex -120.445 3.84225 4
      vertex -120.106 -5.11685 4
      vertex -120.106 3.79185 4
    endloop
  endfacet
  facet normal 0 0 1
    outer loop
      vertex -120.445 3.84225 4
      vertex -120.445 -5.16725 4
      vertex -120.106 -5.11685 4
    endloop
  endfacet
  facet normal 0 0 1
    outer loop
      vertex -120.778 3.92571 4
      vertex -120.445 -5.16725 4
      vertex -120.445 3.84225 4
    endloop
  endfacet
  facet normal 0 0 1
    outer loop
      vertex -120.778 3.92571 4
      vertex -120.778 -5.25071 4
      vertex -120.445 -5.16725 4
    endloop
  endfacet
  facet normal 0 0 1
    outer loop
      vertex -121.102 4.04142 4
      vertex -120.778 -5.25071 4
      vertex -120.778 3.92571 4
    endloop
  endfacet
  facet normal 0 0 1
    outer loop
      vertex -121.102 4.04142 4
      vertex -121.102 -5.36642 4
      vertex -120.778 -5.25071 4
    endloop
  endfacet
  facet normal 0 0 1
    outer loop
      vertex -121.412 4.18828 4
      vertex -121.102 -5.36642 4
      vertex -121.102 4.04142 4
    endloop
  endfacet
  facet normal 0 0 1
    outer loop
      vertex -121.412 4.18828 4
      vertex -121.412 -5.51328 4
      vertex -121.102 -5.36642 4
    endloop
  endfacet
  facet normal 0 0 1
    outer loop
      vertex -121.707 4.36486 4
      vertex -121.412 -5.51328 4
      vertex -121.412 4.18828 4
    endloop
  endfacet
  facet normal 0 0 1
    outer loop
      vertex -121.707 4.36486 4
      vertex -121.707 -5.68986 4
      vertex -121.412 -5.51328 4
    endloop
  endfacet
  facet normal 0 0 1
    outer loop
      vertex -121.983 4.56946 4
      vertex -121.707 -5.68986 4
      vertex -121.707 4.36486 4
    endloop
  endfacet
  facet normal 0 0 1
    outer loop
      vertex -121.983 4.56946 4
      vertex -121.983 -5.89446 4
      vertex -121.707 -5.68986 4
    endloop
  endfacet
  facet normal 0 0 1
    outer loop
      vertex -122.237 4.80013 4
      vertex -121.983 -5.89446 4
      vertex -121.983 4.56946 4
    endloop
  endfacet
  facet normal 0 0 1
    outer loop
      vertex -122.237 4.80013 4
      vertex -122.237 -6.12513 4
      vertex -121.983 -5.89446 4
    endloop
  endfacet
  facet normal 0 0 1
    outer loop
      vertex -122.468 5.05462 4
      vertex -122.237 -6.12513 4
      vertex -122.237 4.80013 4
    endloop
  endfacet
  facet normal 0 0 1
    outer loop
      vertex -122.468 5.05462 4
      vertex -122.468 -6.37962 4
      vertex -122.237 -6.12513 4
    endloop
  endfacet
  facet normal 0 0 1
    outer loop
      vertex -122.673 5.3305 4
      vertex -122.468 -6.37962 4
      vertex -122.468 5.05462 4
    endloop
  endfacet
  facet normal 0 0 1
    outer loop
      vertex -122.673 5.3305 4
      vertex -122.673 -6.6555 4
      vertex -122.468 -6.37962 4
    endloop
  endfacet
  facet normal 0 0 1
    outer loop
      vertex -122.849 5.62511 4
      vertex -122.673 -6.6555 4
      vertex -122.673 5.3305 4
    endloop
  endfacet
  facet normal 0 0 1
    outer loop
      vertex -122.849 5.62511 4
      vertex -122.849 -6.95011 4
      vertex -122.673 -6.6555 4
    endloop
  endfacet
  facet normal 0 0 1
    outer loop
      vertex -122.996 5.93561 4
      vertex -122.849 -6.95011 4
      vertex -122.849 5.62511 4
    endloop
  endfacet
  facet normal 0 0 1
    outer loop
      vertex -122.996 5.93561 4
      vertex -122.996 -7.26061 4
      vertex -122.849 -6.95011 4
    endloop
  endfacet
  facet normal 0 0 1
    outer loop
      vertex -123.112 6.259 4
      vertex -122.996 -7.26061 4
      vertex -122.996 5.93561 4
    endloop
  endfacet
  facet normal 0 0 1
    outer loop
      vertex -123.112 6.259 4
      vertex -123.112 -7.584 4
      vertex -122.996 -7.26061 4
    endloop
  endfacet
  facet normal 0 0 1
    outer loop
      vertex -123.195 6.59218 4
      vertex -123.112 -7.584 4
      vertex -123.112 6.259 4
    endloop
  endfacet
  facet normal 0 0 1
    outer loop
      vertex -123.195 6.59218 4
      vertex -123.195 -7.91718 4
      vertex -123.112 -7.584 4
    endloop
  endfacet
  facet normal 0 0 1
    outer loop
      vertex -123.246 6.93194 4
      vertex -123.195 -7.91718 4
      vertex -123.195 6.59218 4
    endloop
  endfacet
  facet normal 0 0 1
    outer loop
      vertex -123.246 6.93194 4
      vertex -123.246 -8.25694 4
      vertex -123.195 -7.91718 4
    endloop
  endfacet
  facet normal 0 0 1
    outer loop
      vertex -127 25.5 4
      vertex -123.246 6.93194 4
      vertex -123.262 7.275 4
    endloop
  endfacet
  facet normal 0 0 1
    outer loop
      vertex -123.246 6.93194 4
      vertex -127 -25.5 4
      vertex -123.246 -8.25694 4
    endloop
  endfacet
  facet normal 0 0 1
    outer loop
      vertex -113.33 22.4672 4
      vertex -91.9 26.25 4
      vertex -113.279 22.8069 4
    endloop
  endfacet
  facet normal 0 0 1
    outer loop
      vertex -91.9 26.25 4
      vertex -113.279 7.61806 4
      vertex -113.262 7.275 4
    endloop
  endfacet
  facet normal 0 0 1
    outer loop
      vertex -113.413 22.134 4
      vertex -91.9 26.25 4
      vertex -113.33 22.4672 4
    endloop
  endfacet
  facet normal 0 0 1
    outer loop
      vertex -91.9 26.25 4
      vertex -113.33 7.95782 4
      vertex -113.279 7.61806 4
    endloop
  endfacet
  facet normal 0 0 1
    outer loop
      vertex -113.529 21.8106 4
      vertex -91.9 26.25 4
      vertex -113.413 22.134 4
    endloop
  endfacet
  facet normal 0 0 1
    outer loop
      vertex -91.9 26.25 4
      vertex -113.413 8.291 4
      vertex -113.33 7.95782 4
    endloop
  endfacet
  facet normal 0 0 1
    outer loop
      vertex -113.676 21.5001 4
      vertex -91.9 26.25 4
      vertex -113.529 21.8106 4
    endloop
  endfacet
  facet normal 0 0 1
    outer loop
      vertex -91.9 26.25 4
      vertex -113.529 8.61439 4
      vertex -113.413 8.291 4
    endloop
  endfacet
  facet normal 0 0 1
    outer loop
      vertex -113.676 8.92489 4
      vertex -91.9 26.25 4
      vertex -113.676 21.5001 4
    endloop
  endfacet
  facet normal 0 0 1
    outer loop
      vertex -91.9 26.25 4
      vertex -113.676 8.92489 4
      vertex -113.529 8.61439 4
    endloop
  endfacet
  facet normal -0 0 1
    outer loop
      vertex -113.852 21.2055 4
      vertex -113.676 8.92489 4
      vertex -113.676 21.5001 4
    endloop
  endfacet
  facet normal 0 0 1
    outer loop
      vertex -113.852 21.2055 4
      vertex -113.852 9.2195 4
      vertex -113.676 8.92489 4
    endloop
  endfacet
  facet normal -0 0 1
    outer loop
      vertex -114.057 20.9296 4
      vertex -113.852 9.2195 4
      vertex -113.852 21.2055 4
    endloop
  endfacet
  facet normal 0 0 1
    outer loop
      vertex -114.057 20.9296 4
      vertex -114.057 9.49538 4
      vertex -113.852 9.2195 4
    endloop
  endfacet
  facet normal -0 0 1
    outer loop
      vertex -114.288 20.6751 4
      vertex -114.057 9.49538 4
      vertex -114.057 20.9296 4
    endloop
  endfacet
  facet normal 0 0 1
    outer loop
      vertex -114.288 20.6751 4
      vertex -114.288 9.74987 4
      vertex -114.057 9.49538 4
    endloop
  endfacet
  facet normal -0 0 1
    outer loop
      vertex -114.542 20.4445 4
      vertex -114.288 9.74987 4
      vertex -114.288 20.6751 4
    endloop
  endfacet
  facet normal 0 0 1
    outer loop
      vertex -114.542 20.4445 4
      vertex -114.542 9.98054 4
      vertex -114.288 9.74987 4
    endloop
  endfacet
  facet normal -0 0 1
    outer loop
      vertex -114.818 20.2399 4
      vertex -114.542 9.98054 4
      vertex -114.542 20.4445 4
    endloop
  endfacet
  facet normal 0 0 1
    outer loop
      vertex -114.818 20.2399 4
      vertex -114.818 10.1851 4
      vertex -114.542 9.98054 4
    endloop
  endfacet
  facet normal -0 0 1
    outer loop
      vertex -115.113 20.0633 4
      vertex -114.818 10.1851 4
      vertex -114.818 20.2399 4
    endloop
  endfacet
  facet normal 0 0 1
    outer loop
      vertex -115.113 20.0633 4
      vertex -115.113 10.3617 4
      vertex -114.818 10.1851 4
    endloop
  endfacet
  facet normal -0 0 1
    outer loop
      vertex -115.423 19.9164 4
      vertex -115.113 10.3617 4
      vertex -115.113 20.0633 4
    endloop
  endfacet
  facet normal 0 0 1
    outer loop
      vertex -115.423 19.9164 4
      vertex -115.423 10.5086 4
      vertex -115.113 10.3617 4
    endloop
  endfacet
  facet normal -0 0 1
    outer loop
      vertex -115.747 19.8007 4
      vertex -115.423 10.5086 4
      vertex -115.423 19.9164 4
    endloop
  endfacet
  facet normal 0 0 1
    outer loop
      vertex -115.747 19.8007 4
      vertex -115.747 10.6243 4
      vertex -115.423 10.5086 4
    endloop
  endfacet
  facet normal -0 0 1
    outer loop
      vertex -116.08 19.7173 4
      vertex -115.747 10.6243 4
      vertex -115.747 19.8007 4
    endloop
  endfacet
  facet normal 0 0 1
    outer loop
      vertex -116.08 19.7173 4
      vertex -116.08 10.7077 4
      vertex -115.747 10.6243 4
    endloop
  endfacet
  facet normal -0 0 1
    outer loop
      vertex -116.419 19.6669 4
      vertex -116.08 10.7077 4
      vertex -116.08 19.7173 4
    endloop
  endfacet
  facet normal 0 0 1
    outer loop
      vertex -116.419 19.6669 4
      vertex -116.419 10.7581 4
      vertex -116.08 10.7077 4
    endloop
  endfacet
  facet normal -0 0 1
    outer loop
      vertex -116.762 19.65 4
      vertex -116.419 10.7581 4
      vertex -116.419 19.6669 4
    endloop
  endfacet
  facet normal 0 0 1
    outer loop
      vertex -116.762 19.65 4
      vertex -116.762 10.775 4
      vertex -116.419 10.7581 4
    endloop
  endfacet
  facet normal -0 0 1
    outer loop
      vertex -119.762 19.65 4
      vertex -116.762 10.775 4
      vertex -116.762 19.65 4
    endloop
  endfacet
  facet normal 0 0 1
    outer loop
      vertex -119.762 19.65 4
      vertex -119.762 10.775 4
      vertex -116.762 10.775 4
    endloop
  endfacet
  facet normal 0 0 1
    outer loop
      vertex -120.106 19.6669 4
      vertex -119.762 10.775 4
      vertex -119.762 19.65 4
    endloop
  endfacet
  facet normal 0 0 1
    outer loop
      vertex -120.106 19.6669 4
      vertex -120.106 10.7581 4
      vertex -119.762 10.775 4
    endloop
  endfacet
  facet normal 0 0 1
    outer loop
      vertex -120.445 19.7173 4
      vertex -120.106 10.7581 4
      vertex -120.106 19.6669 4
    endloop
  endfacet
  facet normal 0 0 1
    outer loop
      vertex -120.445 19.7173 4
      vertex -120.445 10.7077 4
      vertex -120.106 10.7581 4
    endloop
  endfacet
  facet normal 0 0 1
    outer loop
      vertex -120.778 19.8007 4
      vertex -120.445 10.7077 4
      vertex -120.445 19.7173 4
    endloop
  endfacet
  facet normal 0 0 1
    outer loop
      vertex -120.778 19.8007 4
      vertex -120.778 10.6243 4
      vertex -120.445 10.7077 4
    endloop
  endfacet
  facet normal 0 0 1
    outer loop
      vertex -121.102 19.9164 4
      vertex -120.778 10.6243 4
      vertex -120.778 19.8007 4
    endloop
  endfacet
  facet normal 0 0 1
    outer loop
      vertex -121.102 19.9164 4
      vertex -121.102 10.5086 4
      vertex -120.778 10.6243 4
    endloop
  endfacet
  facet normal 0 0 1
    outer loop
      vertex -121.412 20.0633 4
      vertex -121.102 10.5086 4
      vertex -121.102 19.9164 4
    endloop
  endfacet
  facet normal 0 0 1
    outer loop
      vertex -121.412 20.0633 4
      vertex -121.412 10.3617 4
      vertex -121.102 10.5086 4
    endloop
  endfacet
  facet normal 0 0 1
    outer loop
      vertex -121.707 20.2399 4
      vertex -121.412 10.3617 4
      vertex -121.412 20.0633 4
    endloop
  endfacet
  facet normal 0 0 1
    outer loop
      vertex -121.707 20.2399 4
      vertex -121.707 10.1851 4
      vertex -121.412 10.3617 4
    endloop
  endfacet
  facet normal 0 0 1
    outer loop
      vertex -121.983 20.4445 4
      vertex -121.707 10.1851 4
      vertex -121.707 20.2399 4
    endloop
  endfacet
  facet normal 0 0 1
    outer loop
      vertex -121.983 20.4445 4
      vertex -121.983 9.98054 4
      vertex -121.707 10.1851 4
    endloop
  endfacet
  facet normal 0 0 1
    outer loop
      vertex -122.237 20.6751 4
      vertex -121.983 9.98054 4
      vertex -121.983 20.4445 4
    endloop
  endfacet
  facet normal 0 0 1
    outer loop
      vertex -122.237 20.6751 4
      vertex -122.237 9.74987 4
      vertex -121.983 9.98054 4
    endloop
  endfacet
  facet normal 0 0 1
    outer loop
      vertex -122.468 20.9296 4
      vertex -122.237 9.74987 4
      vertex -122.237 20.6751 4
    endloop
  endfacet
  facet normal 0 0 1
    outer loop
      vertex -122.468 20.9296 4
      vertex -122.468 9.49538 4
      vertex -122.237 9.74987 4
    endloop
  endfacet
  facet normal 0 0 1
    outer loop
      vertex -122.673 21.2055 4
      vertex -122.468 9.49538 4
      vertex -122.468 20.9296 4
    endloop
  endfacet
  facet normal 0 0 1
    outer loop
      vertex -122.673 21.2055 4
      vertex -122.673 9.2195 4
      vertex -122.468 9.49538 4
    endloop
  endfacet
  facet normal 0 0 1
    outer loop
      vertex -122.849 21.5001 4
      vertex -122.673 9.2195 4
      vertex -122.673 21.2055 4
    endloop
  endfacet
  facet normal 0 0 1
    outer loop
      vertex -122.849 21.5001 4
      vertex -122.849 8.92489 4
      vertex -122.673 9.2195 4
    endloop
  endfacet
  facet normal 0 0 1
    outer loop
      vertex -127 25.5 4
      vertex -122.849 21.5001 4
      vertex -122.996 21.8106 4
    endloop
  endfacet
  facet normal 0 0 1
    outer loop
      vertex -122.849 21.5001 4
      vertex -127 25.5 4
      vertex -122.849 8.92489 4
    endloop
  endfacet
  facet normal 0 0 1
    outer loop
      vertex -127 25.5 4
      vertex -122.996 21.8106 4
      vertex -123.112 22.134 4
    endloop
  endfacet
  facet normal 0 0 1
    outer loop
      vertex -122.849 8.92489 4
      vertex -127 25.5 4
      vertex -122.996 8.61439 4
    endloop
  endfacet
  facet normal 0 0 1
    outer loop
      vertex -127 25.5 4
      vertex -123.112 22.134 4
      vertex -123.195 22.4672 4
    endloop
  endfacet
  facet normal 0 0 1
    outer loop
      vertex -122.996 8.61439 4
      vertex -127 25.5 4
      vertex -123.112 8.291 4
    endloop
  endfacet
  facet normal 0 0 1
    outer loop
      vertex -127 25.5 4
      vertex -123.195 22.4672 4
      vertex -123.246 22.8069 4
    endloop
  endfacet
  facet normal 0 0 1
    outer loop
      vertex -123.112 8.291 4
      vertex -127 25.5 4
      vertex -123.195 7.95782 4
    endloop
  endfacet
  facet normal 0 0 1
    outer loop
      vertex -127 25.5 4
      vertex -123.246 22.8069 4
      vertex -123.262 23.15 4
    endloop
  endfacet
  facet normal 0 0 1
    outer loop
      vertex -123.195 7.95782 4
      vertex -127 25.5 4
      vertex -123.246 7.61806 4
    endloop
  endfacet
  facet normal -0 0 1
    outer loop
      vertex 123.195 -9.28282 4
      vertex 127 -25.5 4
      vertex 123.246 -8.94306 4
    endloop
  endfacet
  facet normal 0 0 1
    outer loop
      vertex 127 -25.5 4
      vertex 123.246 -20.9569 4
      vertex 123.262 -21.3 4
    endloop
  endfacet
  facet normal -0 0 1
    outer loop
      vertex 123.112 -9.616 4
      vertex 127 -25.5 4
      vertex 123.195 -9.28282 4
    endloop
  endfacet
  facet normal 0 0 1
    outer loop
      vertex 127 -25.5 4
      vertex 123.195 -20.6172 4
      vertex 123.246 -20.9569 4
    endloop
  endfacet
  facet normal -0 0 1
    outer loop
      vertex 122.996 -9.93939 4
      vertex 127 -25.5 4
      vertex 123.112 -9.616 4
    endloop
  endfacet
  facet normal 0 0 1
    outer loop
      vertex 127 -25.5 4
      vertex 123.112 -20.284 4
      vertex 123.195 -20.6172 4
    endloop
  endfacet
  facet normal -0 0 1
    outer loop
      vertex 122.996 -19.9606 4
      vertex 127 -25.5 4
      vertex 122.996 -9.93939 4
    endloop
  endfacet
  facet normal 0 0 1
    outer loop
      vertex 127 -25.5 4
      vertex 122.996 -19.9606 4
      vertex 123.112 -20.284 4
    endloop
  endfacet
  facet normal -0 0 1
    outer loop
      vertex 122.849 -10.2499 4
      vertex 122.996 -19.9606 4
      vertex 122.996 -9.93939 4
    endloop
  endfacet
  facet normal 0 0 1
    outer loop
      vertex 122.849 -10.2499 4
      vertex 122.849 -19.6501 4
      vertex 122.996 -19.9606 4
    endloop
  endfacet
  facet normal -0 0 1
    outer loop
      vertex 122.673 -10.5445 4
      vertex 122.849 -19.6501 4
      vertex 122.849 -10.2499 4
    endloop
  endfacet
  facet normal 0 0 1
    outer loop
      vertex 122.673 -10.5445 4
      vertex 122.673 -19.3555 4
      vertex 122.849 -19.6501 4
    endloop
  endfacet
  facet normal -0 0 1
    outer loop
      vertex 122.468 -10.8204 4
      vertex 122.673 -19.3555 4
      vertex 122.673 -10.5445 4
    endloop
  endfacet
  facet normal 0 0 1
    outer loop
      vertex 122.468 -10.8204 4
      vertex 122.468 -19.0796 4
      vertex 122.673 -19.3555 4
    endloop
  endfacet
  facet normal -0 0 1
    outer loop
      vertex 122.237 -11.0749 4
      vertex 122.468 -19.0796 4
      vertex 122.468 -10.8204 4
    endloop
  endfacet
  facet normal 0 0 1
    outer loop
      vertex 122.237 -11.0749 4
      vertex 122.237 -18.8251 4
      vertex 122.468 -19.0796 4
    endloop
  endfacet
  facet normal -0 0 1
    outer loop
      vertex 121.983 -11.3055 4
      vertex 122.237 -18.8251 4
      vertex 122.237 -11.0749 4
    endloop
  endfacet
  facet normal 0 0 1
    outer loop
      vertex 121.983 -11.3055 4
      vertex 121.983 -18.5945 4
      vertex 122.237 -18.8251 4
    endloop
  endfacet
  facet normal -0 0 1
    outer loop
      vertex 121.707 -11.5101 4
      vertex 121.983 -18.5945 4
      vertex 121.983 -11.3055 4
    endloop
  endfacet
  facet normal 0 0 1
    outer loop
      vertex 121.707 -11.5101 4
      vertex 121.707 -18.3899 4
      vertex 121.983 -18.5945 4
    endloop
  endfacet
  facet normal -0 0 1
    outer loop
      vertex 121.412 -11.6867 4
      vertex 121.707 -18.3899 4
      vertex 121.707 -11.5101 4
    endloop
  endfacet
  facet normal 0 0 1
    outer loop
      vertex 121.412 -11.6867 4
      vertex 121.412 -18.2133 4
      vertex 121.707 -18.3899 4
    endloop
  endfacet
  facet normal -0 0 1
    outer loop
      vertex 121.102 -11.8336 4
      vertex 121.412 -18.2133 4
      vertex 121.412 -11.6867 4
    endloop
  endfacet
  facet normal 0 0 1
    outer loop
      vertex 121.102 -11.8336 4
      vertex 121.102 -18.0664 4
      vertex 121.412 -18.2133 4
    endloop
  endfacet
  facet normal -0 0 1
    outer loop
      vertex 120.778 -11.9493 4
      vertex 121.102 -18.0664 4
      vertex 121.102 -11.8336 4
    endloop
  endfacet
  facet normal 0 0 1
    outer loop
      vertex 120.778 -11.9493 4
      vertex 120.778 -17.9507 4
      vertex 121.102 -18.0664 4
    endloop
  endfacet
  facet normal -0 0 1
    outer loop
      vertex 120.445 -12.0327 4
      vertex 120.778 -17.9507 4
      vertex 120.778 -11.9493 4
    endloop
  endfacet
  facet normal 0 0 1
    outer loop
      vertex 120.445 -12.0327 4
      vertex 120.445 -17.8673 4
      vertex 120.778 -17.9507 4
    endloop
  endfacet
  facet normal -0 0 1
    outer loop
      vertex 120.106 -12.0831 4
      vertex 120.445 -17.8673 4
      vertex 120.445 -12.0327 4
    endloop
  endfacet
  facet normal 0 0 1
    outer loop
      vertex 120.106 -12.0831 4
      vertex 120.106 -17.8169 4
      vertex 120.445 -17.8673 4
    endloop
  endfacet
  facet normal -0 0 1
    outer loop
      vertex 119.762 -12.1 4
      vertex 120.106 -17.8169 4
      vertex 120.106 -12.0831 4
    endloop
  endfacet
  facet normal 0 0 1
    outer loop
      vertex 119.762 -12.1 4
      vertex 119.762 -17.8 4
      vertex 120.106 -17.8169 4
    endloop
  endfacet
  facet normal -0 0 1
    outer loop
      vertex 116.762 -12.1 4
      vertex 119.762 -17.8 4
      vertex 119.762 -12.1 4
    endloop
  endfacet
  facet normal 0 0 1
    outer loop
      vertex 116.762 -12.1 4
      vertex 116.762 -17.8 4
      vertex 119.762 -17.8 4
    endloop
  endfacet
  facet normal 0 0 1
    outer loop
      vertex 116.419 -12.0831 4
      vertex 116.762 -17.8 4
      vertex 116.762 -12.1 4
    endloop
  endfacet
  facet normal 0 0 1
    outer loop
      vertex 116.419 -12.0831 4
      vertex 116.419 -17.8169 4
      vertex 116.762 -17.8 4
    endloop
  endfacet
  facet normal 0 0 1
    outer loop
      vertex 116.08 -12.0327 4
      vertex 116.419 -17.8169 4
      vertex 116.419 -12.0831 4
    endloop
  endfacet
  facet normal 0 0 1
    outer loop
      vertex 116.08 -12.0327 4
      vertex 116.08 -17.8673 4
      vertex 116.419 -17.8169 4
    endloop
  endfacet
  facet normal 0 0 1
    outer loop
      vertex 115.747 -11.9493 4
      vertex 116.08 -17.8673 4
      vertex 116.08 -12.0327 4
    endloop
  endfacet
  facet normal 0 0 1
    outer loop
      vertex 115.747 -11.9493 4
      vertex 115.747 -17.9507 4
      vertex 116.08 -17.8673 4
    endloop
  endfacet
  facet normal 0 0 1
    outer loop
      vertex 115.423 -11.8336 4
      vertex 115.747 -17.9507 4
      vertex 115.747 -11.9493 4
    endloop
  endfacet
  facet normal 0 0 1
    outer loop
      vertex 115.423 -11.8336 4
      vertex 115.423 -18.0664 4
      vertex 115.747 -17.9507 4
    endloop
  endfacet
  facet normal 0 0 1
    outer loop
      vertex 110.75 -16 4
      vertex 115.423 -11.8336 4
      vertex 115.113 -11.6867 4
    endloop
  endfacet
  facet normal 0 0 1
    outer loop
      vertex 115.423 -11.8336 4
      vertex 110.75 -16 4
      vertex 115.423 -18.0664 4
    endloop
  endfacet
  facet normal 0 0 1
    outer loop
      vertex 110.75 -16 4
      vertex 115.113 -11.6867 4
      vertex 114.818 -11.5101 4
    endloop
  endfacet
  facet normal 0 0 1
    outer loop
      vertex 115.423 -18.0664 4
      vertex 110.75 -16 4
      vertex 115.113 -18.2133 4
    endloop
  endfacet
  facet normal 0 0 1
    outer loop
      vertex 110.75 -16 4
      vertex 114.818 -11.5101 4
      vertex 114.542 -11.3055 4
    endloop
  endfacet
  facet normal 0 0 1
    outer loop
      vertex 115.113 -18.2133 4
      vertex 110.75 -16 4
      vertex 114.818 -18.3899 4
    endloop
  endfacet
  facet normal 0 0 1
    outer loop
      vertex 110.75 -16 4
      vertex 114.542 -11.3055 4
      vertex 114.288 -11.0749 4
    endloop
  endfacet
  facet normal 0 0 1
    outer loop
      vertex 114.818 -18.3899 4
      vertex 110.75 -16 4
      vertex 114.542 -18.5945 4
    endloop
  endfacet
  facet normal 0 0 1
    outer loop
      vertex 110.75 -16 4
      vertex 114.288 -11.0749 4
      vertex 114.057 -10.8204 4
    endloop
  endfacet
  facet normal -0 0 1
    outer loop
      vertex 110.699 -17.0292 4
      vertex 114.542 -18.5945 4
      vertex 110.75 -16 4
    endloop
  endfacet
  facet normal 0 0 1
    outer loop
      vertex 110.75 -16 4
      vertex 114.057 -10.8204 4
      vertex 113.852 -10.5445 4
    endloop
  endfacet
  facet normal 0 0 1
    outer loop
      vertex 114.542 -18.5945 4
      vertex 110.699 -17.0292 4
      vertex 114.288 -18.8251 4
    endloop
  endfacet
  facet normal 0 0 1
    outer loop
      vertex 110.75 -16 4
      vertex 113.852 -10.5445 4
      vertex 113.676 -10.2499 4
    endloop
  endfacet
  facet normal 0 0 1
    outer loop
      vertex 114.288 -18.8251 4
      vertex 110.699 -17.0292 4
      vertex 114.057 -19.0796 4
    endloop
  endfacet
  facet normal 0 0 1
    outer loop
      vertex 110.75 -16 4
      vertex 113.676 -10.2499 4
      vertex 113.529 -9.93939 4
    endloop
  endfacet
  facet normal -0 0 1
    outer loop
      vertex 110.548 -18.0484 4
      vertex 114.057 -19.0796 4
      vertex 110.699 -17.0292 4
    endloop
  endfacet
  facet normal 0 0 1
    outer loop
      vertex 110.75 -16 4
      vertex 113.529 -9.93939 4
      vertex 113.413 -9.616 4
    endloop
  endfacet
  facet normal 0 0 1
    outer loop
      vertex 114.057 -19.0796 4
      vertex 110.548 -18.0484 4
      vertex 113.852 -19.3555 4
    endloop
  endfacet
  facet normal 0 0 1
    outer loop
      vertex 110.75 -16 4
      vertex 113.413 -9.616 4
      vertex 113.33 -9.28282 4
    endloop
  endfacet
  facet normal 0 0 1
    outer loop
      vertex 113.852 -19.3555 4
      vertex 110.548 -18.0484 4
      vertex 113.676 -19.6501 4
    endloop
  endfacet
  facet normal 0 0 1
    outer loop
      vertex 110.75 -16 4
      vertex 113.33 -9.28282 4
      vertex 113.279 -8.94306 4
    endloop
  endfacet
  facet normal -0 0 1
    outer loop
      vertex 110.298 -19.048 4
      vertex 113.676 -19.6501 4
      vertex 110.548 -18.0484 4
    endloop
  endfacet
  facet normal 0 0 1
    outer loop
      vertex 110.75 -16 4
      vertex 113.279 -8.94306 4
      vertex 113.262 -8.6 4
    endloop
  endfacet
  facet normal 0 0 1
    outer loop
      vertex 113.676 -19.6501 4
      vertex 110.298 -19.048 4
      vertex 113.529 -19.9606 4
    endloop
  endfacet
  facet normal -0 0 1
    outer loop
      vertex 123.246 -8.25694 4
      vertex 127 -25.5 4
      vertex 123.246 6.93194 4
    endloop
  endfacet
  facet normal 0 0 1
    outer loop
      vertex 127 -25.5 4
      vertex 123.246 -8.25694 4
      vertex 123.262 -8.6 4
    endloop
  endfacet
  facet normal -0 0 1
    outer loop
      vertex 123.195 6.59218 4
      vertex 123.246 -8.25694 4
      vertex 123.246 6.93194 4
    endloop
  endfacet
  facet normal 0 0 1
    outer loop
      vertex 123.195 6.59218 4
      vertex 123.195 -7.91718 4
      vertex 123.246 -8.25694 4
    endloop
  endfacet
  facet normal -0 0 1
    outer loop
      vertex 123.112 6.259 4
      vertex 123.195 -7.91718 4
      vertex 123.195 6.59218 4
    endloop
  endfacet
  facet normal 0 0 1
    outer loop
      vertex 123.112 6.259 4
      vertex 123.112 -7.584 4
      vertex 123.195 -7.91718 4
    endloop
  endfacet
  facet normal -0 0 1
    outer loop
      vertex 122.996 5.93561 4
      vertex 123.112 -7.584 4
      vertex 123.112 6.259 4
    endloop
  endfacet
  facet normal 0 0 1
    outer loop
      vertex 122.996 5.93561 4
      vertex 122.996 -7.26061 4
      vertex 123.112 -7.584 4
    endloop
  endfacet
  facet normal -0 0 1
    outer loop
      vertex 122.849 5.62511 4
      vertex 122.996 -7.26061 4
      vertex 122.996 5.93561 4
    endloop
  endfacet
  facet normal 0 0 1
    outer loop
      vertex 122.849 5.62511 4
      vertex 122.849 -6.95011 4
      vertex 122.996 -7.26061 4
    endloop
  endfacet
  facet normal -0 0 1
    outer loop
      vertex 122.673 5.3305 4
      vertex 122.849 -6.95011 4
      vertex 122.849 5.62511 4
    endloop
  endfacet
  facet normal 0 0 1
    outer loop
      vertex 122.673 5.3305 4
      vertex 122.673 -6.6555 4
      vertex 122.849 -6.95011 4
    endloop
  endfacet
  facet normal -0 0 1
    outer loop
      vertex 122.468 5.05462 4
      vertex 122.673 -6.6555 4
      vertex 122.673 5.3305 4
    endloop
  endfacet
  facet normal 0 0 1
    outer loop
      vertex 122.468 5.05462 4
      vertex 122.468 -6.37962 4
      vertex 122.673 -6.6555 4
    endloop
  endfacet
  facet normal -0 0 1
    outer loop
      vertex 122.237 4.80013 4
      vertex 122.468 -6.37962 4
      vertex 122.468 5.05462 4
    endloop
  endfacet
  facet normal 0 0 1
    outer loop
      vertex 122.237 4.80013 4
      vertex 122.237 -6.12513 4
      vertex 122.468 -6.37962 4
    endloop
  endfacet
  facet normal -0 0 1
    outer loop
      vertex 121.983 4.56946 4
      vertex 122.237 -6.12513 4
      vertex 122.237 4.80013 4
    endloop
  endfacet
  facet normal 0 0 1
    outer loop
      vertex 121.983 4.56946 4
      vertex 121.983 -5.89446 4
      vertex 122.237 -6.12513 4
    endloop
  endfacet
  facet normal -0 0 1
    outer loop
      vertex 121.707 4.36486 4
      vertex 121.983 -5.89446 4
      vertex 121.983 4.56946 4
    endloop
  endfacet
  facet normal 0 0 1
    outer loop
      vertex 121.707 4.36486 4
      vertex 121.707 -5.68986 4
      vertex 121.983 -5.89446 4
    endloop
  endfacet
  facet normal -0 0 1
    outer loop
      vertex 121.412 4.18828 4
      vertex 121.707 -5.68986 4
      vertex 121.707 4.36486 4
    endloop
  endfacet
  facet normal 0 0 1
    outer loop
      vertex 121.412 4.18828 4
      vertex 121.412 -5.51328 4
      vertex 121.707 -5.68986 4
    endloop
  endfacet
  facet normal -0 0 1
    outer loop
      vertex 121.102 4.04142 4
      vertex 121.412 -5.51328 4
      vertex 121.412 4.18828 4
    endloop
  endfacet
  facet normal 0 0 1
    outer loop
      vertex 121.102 4.04142 4
      vertex 121.102 -5.36642 4
      vertex 121.412 -5.51328 4
    endloop
  endfacet
  facet normal -0 0 1
    outer loop
      vertex 120.778 3.92571 4
      vertex 121.102 -5.36642 4
      vertex 121.102 4.04142 4
    endloop
  endfacet
  facet normal 0 0 1
    outer loop
      vertex 120.778 3.92571 4
      vertex 120.778 -5.25071 4
      vertex 121.102 -5.36642 4
    endloop
  endfacet
  facet normal -0 0 1
    outer loop
      vertex 120.445 3.84225 4
      vertex 120.778 -5.25071 4
      vertex 120.778 3.92571 4
    endloop
  endfacet
  facet normal 0 0 1
    outer loop
      vertex 120.445 3.84225 4
      vertex 120.445 -5.16725 4
      vertex 120.778 -5.25071 4
    endloop
  endfacet
  facet normal -0 0 1
    outer loop
      vertex 120.106 3.79185 4
      vertex 120.445 -5.16725 4
      vertex 120.445 3.84225 4
    endloop
  endfacet
  facet normal 0 0 1
    outer loop
      vertex 120.106 3.79185 4
      vertex 120.106 -5.11685 4
      vertex 120.445 -5.16725 4
    endloop
  endfacet
  facet normal -0 0 1
    outer loop
      vertex 119.762 3.775 4
      vertex 120.106 -5.11685 4
      vertex 120.106 3.79185 4
    endloop
  endfacet
  facet normal 0 0 1
    outer loop
      vertex 119.762 3.775 4
      vertex 119.762 -5.1 4
      vertex 120.106 -5.11685 4
    endloop
  endfacet
  facet normal -0 0 1
    outer loop
      vertex 116.762 3.775 4
      vertex 119.762 -5.1 4
      vertex 119.762 3.775 4
    endloop
  endfacet
  facet normal 0 0 1
    outer loop
      vertex 116.762 3.775 4
      vertex 116.762 -5.1 4
      vertex 119.762 -5.1 4
    endloop
  endfacet
  facet normal 0 0 1
    outer loop
      vertex 116.419 3.79185 4
      vertex 116.762 -5.1 4
      vertex 116.762 3.775 4
    endloop
  endfacet
  facet normal 0 0 1
    outer loop
      vertex 116.419 3.79185 4
      vertex 116.419 -5.11685 4
      vertex 116.762 -5.1 4
    endloop
  endfacet
  facet normal 0 0 1
    outer loop
      vertex 116.08 3.84225 4
      vertex 116.419 -5.11685 4
      vertex 116.419 3.79185 4
    endloop
  endfacet
  facet normal 0 0 1
    outer loop
      vertex 116.08 3.84225 4
      vertex 116.08 -5.16725 4
      vertex 116.419 -5.11685 4
    endloop
  endfacet
  facet normal 0 0 1
    outer loop
      vertex 115.747 3.92571 4
      vertex 116.08 -5.16725 4
      vertex 116.08 3.84225 4
    endloop
  endfacet
  facet normal 0 0 1
    outer loop
      vertex 115.747 3.92571 4
      vertex 115.747 -5.25071 4
      vertex 116.08 -5.16725 4
    endloop
  endfacet
  facet normal 0 0 1
    outer loop
      vertex 115.423 4.04142 4
      vertex 115.747 -5.25071 4
      vertex 115.747 3.92571 4
    endloop
  endfacet
  facet normal 0 0 1
    outer loop
      vertex 115.423 4.04142 4
      vertex 115.423 -5.36642 4
      vertex 115.747 -5.25071 4
    endloop
  endfacet
  facet normal 0 0 1
    outer loop
      vertex 115.113 4.18828 4
      vertex 115.423 -5.36642 4
      vertex 115.423 4.04142 4
    endloop
  endfacet
  facet normal 0 0 1
    outer loop
      vertex 115.113 4.18828 4
      vertex 115.113 -5.51328 4
      vertex 115.423 -5.36642 4
    endloop
  endfacet
  facet normal 0 0 1
    outer loop
      vertex 114.818 4.36486 4
      vertex 115.113 -5.51328 4
      vertex 115.113 4.18828 4
    endloop
  endfacet
  facet normal 0 0 1
    outer loop
      vertex 114.818 4.36486 4
      vertex 114.818 -5.68986 4
      vertex 115.113 -5.51328 4
    endloop
  endfacet
  facet normal 0 0 1
    outer loop
      vertex 114.542 4.56946 4
      vertex 114.818 -5.68986 4
      vertex 114.818 4.36486 4
    endloop
  endfacet
  facet normal 0 0 1
    outer loop
      vertex 114.542 4.56946 4
      vertex 114.542 -5.89446 4
      vertex 114.818 -5.68986 4
    endloop
  endfacet
  facet normal 0 0 1
    outer loop
      vertex 114.288 4.80013 4
      vertex 114.542 -5.89446 4
      vertex 114.542 4.56946 4
    endloop
  endfacet
  facet normal 0 0 1
    outer loop
      vertex 114.288 4.80013 4
      vertex 114.288 -6.12513 4
      vertex 114.542 -5.89446 4
    endloop
  endfacet
  facet normal 0 0 1
    outer loop
      vertex 114.057 5.05462 4
      vertex 114.288 -6.12513 4
      vertex 114.288 4.80013 4
    endloop
  endfacet
  facet normal 0 0 1
    outer loop
      vertex 114.057 5.05462 4
      vertex 114.057 -6.37962 4
      vertex 114.288 -6.12513 4
    endloop
  endfacet
  facet normal 0 0 1
    outer loop
      vertex 113.852 5.3305 4
      vertex 114.057 -6.37962 4
      vertex 114.057 5.05462 4
    endloop
  endfacet
  facet normal 0 0 1
    outer loop
      vertex 113.852 5.3305 4
      vertex 113.852 -6.6555 4
      vertex 114.057 -6.37962 4
    endloop
  endfacet
  facet normal 0 0 1
    outer loop
      vertex 113.676 5.62511 4
      vertex 113.852 -6.6555 4
      vertex 113.852 5.3305 4
    endloop
  endfacet
  facet normal 0 0 1
    outer loop
      vertex 113.676 5.62511 4
      vertex 113.676 -6.95011 4
      vertex 113.852 -6.6555 4
    endloop
  endfacet
  facet normal 0 0 1
    outer loop
      vertex 113.529 5.93561 4
      vertex 113.676 -6.95011 4
      vertex 113.676 5.62511 4
    endloop
  endfacet
  facet normal 0 0 1
    outer loop
      vertex 113.529 5.93561 4
      vertex 113.529 -7.26061 4
      vertex 113.676 -6.95011 4
    endloop
  endfacet
  facet normal 0 0 1
    outer loop
      vertex 113.413 6.259 4
      vertex 113.529 -7.26061 4
      vertex 113.529 5.93561 4
    endloop
  endfacet
  facet normal 0 0 1
    outer loop
      vertex 113.413 6.259 4
      vertex 113.413 -7.584 4
      vertex 113.529 -7.26061 4
    endloop
  endfacet
  facet normal 0 0 1
    outer loop
      vertex 113.33 6.59218 4
      vertex 113.413 -7.584 4
      vertex 113.413 6.259 4
    endloop
  endfacet
  facet normal 0 0 1
    outer loop
      vertex 113.33 6.59218 4
      vertex 113.33 -7.91718 4
      vertex 113.413 -7.584 4
    endloop
  endfacet
  facet normal 0 0 1
    outer loop
      vertex 110.75 16 4
      vertex 113.33 6.59218 4
      vertex 113.279 6.93194 4
    endloop
  endfacet
  facet normal 0 0 1
    outer loop
      vertex 113.33 6.59218 4
      vertex 110.75 -16 4
      vertex 113.33 -7.91718 4
    endloop
  endfacet
  facet normal 0 0 1
    outer loop
      vertex 110.75 16 4
      vertex 113.279 6.93194 4
      vertex 113.262 7.275 4
    endloop
  endfacet
  facet normal 0 0 1
    outer loop
      vertex 113.33 -7.91718 4
      vertex 110.75 -16 4
      vertex 113.279 -8.25694 4
    endloop
  endfacet
  facet normal 0 0 1
    outer loop
      vertex 123.195 22.4672 4
      vertex 127 25.5 4
      vertex 123.246 22.8069 4
    endloop
  endfacet
  facet normal 0 0 1
    outer loop
      vertex 127 25.5 4
      vertex 123.246 7.61806 4
      vertex 123.262 7.275 4
    endloop
  endfacet
  facet normal 0 0 1
    outer loop
      vertex 123.112 22.134 4
      vertex 127 25.5 4
      vertex 123.195 22.4672 4
    endloop
  endfacet
  facet normal 0 0 1
    outer loop
      vertex 127 25.5 4
      vertex 123.195 7.95782 4
      vertex 123.246 7.61806 4
    endloop
  endfacet
  facet normal 0 0 1
    outer loop
      vertex 122.996 21.8106 4
      vertex 127 25.5 4
      vertex 123.112 22.134 4
    endloop
  endfacet
  facet normal 0 0 1
    outer loop
      vertex 127 25.5 4
      vertex 123.112 8.291 4
      vertex 123.195 7.95782 4
    endloop
  endfacet
  facet normal 0 0 1
    outer loop
      vertex 122.849 21.5001 4
      vertex 127 25.5 4
      vertex 122.996 21.8106 4
    endloop
  endfacet
  facet normal 0 0 1
    outer loop
      vertex 127 25.5 4
      vertex 122.996 8.61439 4
      vertex 123.112 8.291 4
    endloop
  endfacet
  facet normal 0 0 1
    outer loop
      vertex 122.849 8.92489 4
      vertex 127 25.5 4
      vertex 122.849 21.5001 4
    endloop
  endfacet
  facet normal 0 0 1
    outer loop
      vertex 127 25.5 4
      vertex 122.849 8.92489 4
      vertex 122.996 8.61439 4
    endloop
  endfacet
  facet normal -0 0 1
    outer loop
      vertex 122.673 21.2055 4
      vertex 122.849 8.92489 4
      vertex 122.849 21.5001 4
    endloop
  endfacet
  facet normal 0 0 1
    outer loop
      vertex 122.673 21.2055 4
      vertex 122.673 9.2195 4
      vertex 122.849 8.92489 4
    endloop
  endfacet
  facet normal -0 0 1
    outer loop
      vertex 122.468 20.9296 4
      vertex 122.673 9.2195 4
      vertex 122.673 21.2055 4
    endloop
  endfacet
  facet normal 0 0 1
    outer loop
      vertex 122.468 20.9296 4
      vertex 122.468 9.49538 4
      vertex 122.673 9.2195 4
    endloop
  endfacet
  facet normal -0 0 1
    outer loop
      vertex 122.237 20.6751 4
      vertex 122.468 9.49538 4
      vertex 122.468 20.9296 4
    endloop
  endfacet
  facet normal 0 0 1
    outer loop
      vertex 122.237 20.6751 4
      vertex 122.237 9.74987 4
      vertex 122.468 9.49538 4
    endloop
  endfacet
  facet normal -0 0 1
    outer loop
      vertex 121.983 20.4445 4
      vertex 122.237 9.74987 4
      vertex 122.237 20.6751 4
    endloop
  endfacet
  facet normal 0 0 1
    outer loop
      vertex 121.983 20.4445 4
      vertex 121.983 9.98054 4
      vertex 122.237 9.74987 4
    endloop
  endfacet
  facet normal -0 0 1
    outer loop
      vertex 121.707 20.2399 4
      vertex 121.983 9.98054 4
      vertex 121.983 20.4445 4
    endloop
  endfacet
  facet normal 0 0 1
    outer loop
      vertex 121.707 20.2399 4
      vertex 121.707 10.1851 4
      vertex 121.983 9.98054 4
    endloop
  endfacet
  facet normal -0 0 1
    outer loop
      vertex 121.412 20.0633 4
      vertex 121.707 10.1851 4
      vertex 121.707 20.2399 4
    endloop
  endfacet
  facet normal 0 0 1
    outer loop
      vertex 121.412 20.0633 4
      vertex 121.412 10.3617 4
      vertex 121.707 10.1851 4
    endloop
  endfacet
  facet normal -0 0 1
    outer loop
      vertex 121.102 19.9164 4
      vertex 121.412 10.3617 4
      vertex 121.412 20.0633 4
    endloop
  endfacet
  facet normal 0 0 1
    outer loop
      vertex 121.102 19.9164 4
      vertex 121.102 10.5086 4
      vertex 121.412 10.3617 4
    endloop
  endfacet
  facet normal -0 0 1
    outer loop
      vertex 120.778 19.8007 4
      vertex 121.102 10.5086 4
      vertex 121.102 19.9164 4
    endloop
  endfacet
  facet normal 0 0 1
    outer loop
      vertex 120.778 19.8007 4
      vertex 120.778 10.6243 4
      vertex 121.102 10.5086 4
    endloop
  endfacet
  facet normal -0 0 1
    outer loop
      vertex 120.445 19.7173 4
      vertex 120.778 10.6243 4
      vertex 120.778 19.8007 4
    endloop
  endfacet
  facet normal 0 0 1
    outer loop
      vertex 120.445 19.7173 4
      vertex 120.445 10.7077 4
      vertex 120.778 10.6243 4
    endloop
  endfacet
  facet normal -0 0 1
    outer loop
      vertex 120.106 19.6669 4
      vertex 120.445 10.7077 4
      vertex 120.445 19.7173 4
    endloop
  endfacet
  facet normal 0 0 1
    outer loop
      vertex 120.106 19.6669 4
      vertex 120.106 10.7581 4
      vertex 120.445 10.7077 4
    endloop
  endfacet
  facet normal -0 0 1
    outer loop
      vertex 119.762 19.65 4
      vertex 120.106 10.7581 4
      vertex 120.106 19.6669 4
    endloop
  endfacet
  facet normal 0 0 1
    outer loop
      vertex 119.762 19.65 4
      vertex 119.762 10.775 4
      vertex 120.106 10.7581 4
    endloop
  endfacet
  facet normal -0 0 1
    outer loop
      vertex 116.762 19.65 4
      vertex 119.762 10.775 4
      vertex 119.762 19.65 4
    endloop
  endfacet
  facet normal 0 0 1
    outer loop
      vertex 116.762 19.65 4
      vertex 116.762 10.775 4
      vertex 119.762 10.775 4
    endloop
  endfacet
  facet normal 0 0 1
    outer loop
      vertex 116.419 19.6669 4
      vertex 116.762 10.775 4
      vertex 116.762 19.65 4
    endloop
  endfacet
  facet normal 0 0 1
    outer loop
      vertex 116.419 19.6669 4
      vertex 116.419 10.7581 4
      vertex 116.762 10.775 4
    endloop
  endfacet
  facet normal 0 0 1
    outer loop
      vertex 116.08 19.7173 4
      vertex 116.419 10.7581 4
      vertex 116.419 19.6669 4
    endloop
  endfacet
  facet normal 0 0 1
    outer loop
      vertex 116.08 19.7173 4
      vertex 116.08 10.7077 4
      vertex 116.419 10.7581 4
    endloop
  endfacet
  facet normal 0 0 1
    outer loop
      vertex 110.75 16 4
      vertex 116.08 19.7173 4
      vertex 115.747 19.8007 4
    endloop
  endfacet
  facet normal 0 0 1
    outer loop
      vertex 116.08 19.7173 4
      vertex 110.75 16 4
      vertex 116.08 10.7077 4
    endloop
  endfacet
  facet normal 0 0 1
    outer loop
      vertex 110.75 16 4
      vertex 115.747 19.8007 4
      vertex 115.423 19.9164 4
    endloop
  endfacet
  facet normal 0 0 1
    outer loop
      vertex 116.08 10.7077 4
      vertex 110.75 16 4
      vertex 115.747 10.6243 4
    endloop
  endfacet
  facet normal 0 0 1
    outer loop
      vertex 110.699 17.0292 4
      vertex 115.423 19.9164 4
      vertex 115.113 20.0633 4
    endloop
  endfacet
  facet normal 0 0 1
    outer loop
      vertex 115.747 10.6243 4
      vertex 110.75 16 4
      vertex 115.423 10.5086 4
    endloop
  endfacet
  facet normal 0 0 1
    outer loop
      vertex 110.699 17.0292 4
      vertex 115.113 20.0633 4
      vertex 114.818 20.2399 4
    endloop
  endfacet
  facet normal 0 0 1
    outer loop
      vertex 115.423 10.5086 4
      vertex 110.75 16 4
      vertex 115.113 10.3617 4
    endloop
  endfacet
  facet normal 0 0 1
    outer loop
      vertex 110.548 18.0484 4
      vertex 114.818 20.2399 4
      vertex 114.542 20.4445 4
    endloop
  endfacet
  facet normal 0 0 1
    outer loop
      vertex 115.113 10.3617 4
      vertex 110.75 16 4
      vertex 114.818 10.1851 4
    endloop
  endfacet
  facet normal 0 0 1
    outer loop
      vertex 110.548 18.0484 4
      vertex 114.542 20.4445 4
      vertex 114.288 20.6751 4
    endloop
  endfacet
  facet normal 0 0 1
    outer loop
      vertex 114.818 10.1851 4
      vertex 110.75 16 4
      vertex 114.542 9.98054 4
    endloop
  endfacet
  facet normal 0 0 1
    outer loop
      vertex 110.298 19.048 4
      vertex 114.288 20.6751 4
      vertex 114.057 20.9296 4
    endloop
  endfacet
  facet normal 0 0 1
    outer loop
      vertex 114.542 9.98054 4
      vertex 110.75 16 4
      vertex 114.288 9.74987 4
    endloop
  endfacet
  facet normal 0 0 1
    outer loop
      vertex 110.298 19.048 4
      vertex 114.057 20.9296 4
      vertex 113.852 21.2055 4
    endloop
  endfacet
  facet normal 0 0 1
    outer loop
      vertex 114.288 9.74987 4
      vertex 110.75 16 4
      vertex 114.057 9.49538 4
    endloop
  endfacet
  facet normal 0 0 1
    outer loop
      vertex 109.951 20.0182 4
      vertex 113.852 21.2055 4
      vertex 113.676 21.5001 4
    endloop
  endfacet
  facet normal 0 0 1
    outer loop
      vertex 114.057 9.49538 4
      vertex 110.75 16 4
      vertex 113.852 9.2195 4
    endloop
  endfacet
  facet normal 0 0 1
    outer loop
      vertex 109.951 20.0182 4
      vertex 113.676 21.5001 4
      vertex 113.529 21.8106 4
    endloop
  endfacet
  facet normal 0 0 1
    outer loop
      vertex 113.852 9.2195 4
      vertex 110.75 16 4
      vertex 113.676 8.92489 4
    endloop
  endfacet
  facet normal 0 0 1
    outer loop
      vertex 109.951 20.0182 4
      vertex 113.529 21.8106 4
      vertex 113.413 22.134 4
    endloop
  endfacet
  facet normal 0 0 1
    outer loop
      vertex 113.676 8.92489 4
      vertex 110.75 16 4
      vertex 113.529 8.61439 4
    endloop
  endfacet
  facet normal 0 0 1
    outer loop
      vertex 109.51 20.9497 4
      vertex 113.413 22.134 4
      vertex 113.33 22.4672 4
    endloop
  endfacet
  facet normal 0 0 1
    outer loop
      vertex 113.529 8.61439 4
      vertex 110.75 16 4
      vertex 113.413 8.291 4
    endloop
  endfacet
  facet normal 0 0 1
    outer loop
      vertex 109.51 20.9497 4
      vertex 113.33 22.4672 4
      vertex 113.279 22.8069 4
    endloop
  endfacet
  facet normal 0 0 1
    outer loop
      vertex 113.413 8.291 4
      vertex 110.75 16 4
      vertex 113.33 7.95782 4
    endloop
  endfacet
  facet normal 0 0 1
    outer loop
      vertex 108.98 21.8335 4
      vertex 113.279 22.8069 4
      vertex 113.262 23.15 4
    endloop
  endfacet
  facet normal 0 0 1
    outer loop
      vertex 113.33 7.95782 4
      vertex 110.75 16 4
      vertex 113.279 7.61806 4
    endloop
  endfacet
  facet normal 0 0 1
    outer loop
      vertex 122.849 24.7999 4
      vertex 127 25.5 4
      vertex 126.981 25.8921 4
    endloop
  endfacet
  facet normal 0 0 1
    outer loop
      vertex 123.246 6.93194 4
      vertex 127 25.5 4
      vertex 123.262 7.275 4
    endloop
  endfacet
  facet normal 0 0 1
    outer loop
      vertex 122.849 24.7999 4
      vertex 126.981 25.8921 4
      vertex 126.923 26.2804 4
    endloop
  endfacet
  facet normal 0 0 1
    outer loop
      vertex 127 25.5 4
      vertex 123.246 6.93194 4
      vertex 127 -25.5 4
    endloop
  endfacet
  facet normal 0 0 1
    outer loop
      vertex 122.849 24.7999 4
      vertex 126.923 26.2804 4
      vertex 126.828 26.6611 4
    endloop
  endfacet
  facet normal -0 0 1
    outer loop
      vertex 123.246 -8.94306 4
      vertex 127 -25.5 4
      vertex 123.262 -8.6 4
    endloop
  endfacet
  facet normal 0 0 1
    outer loop
      vertex 122.849 24.7999 4
      vertex 126.828 26.6611 4
      vertex 126.696 27.0307 4
    endloop
  endfacet
  facet normal -0 0 1
    outer loop
      vertex 123.246 -21.6431 4
      vertex 127 -25.5 4
      vertex 123.262 -21.3 4
    endloop
  endfacet
  facet normal 0 0 1
    outer loop
      vertex 122.673 25.0945 4
      vertex 126.696 27.0307 4
      vertex 126.528 27.3856 4
    endloop
  endfacet
  facet normal -0 0 1
    outer loop
      vertex 123.195 -21.9828 4
      vertex 127 -25.5 4
      vertex 123.246 -21.6431 4
    endloop
  endfacet
  facet normal 0 0 1
    outer loop
      vertex 122.673 25.0945 4
      vertex 126.528 27.3856 4
      vertex 126.326 27.7223 4
    endloop
  endfacet
  facet normal -0 0 1
    outer loop
      vertex 123.112 -22.316 4
      vertex 127 -25.5 4
      vertex 123.195 -21.9828 4
    endloop
  endfacet
  facet normal 0 0 1
    outer loop
      vertex 122.673 25.0945 4
      vertex 126.326 27.7223 4
      vertex 126.092 28.0376 4
    endloop
  endfacet
  facet normal -0 0 1
    outer loop
      vertex 122.996 -22.6394 4
      vertex 127 -25.5 4
      vertex 123.112 -22.316 4
    endloop
  endfacet
  facet normal 0 0 1
    outer loop
      vertex 122.468 25.3704 4
      vertex 126.092 28.0376 4
      vertex 125.828 28.3284 4
    endloop
  endfacet
  facet normal -0 0 1
    outer loop
      vertex 122.849 -22.9499 4
      vertex 127 -25.5 4
      vertex 122.996 -22.6394 4
    endloop
  endfacet
  facet normal 0 0 1
    outer loop
      vertex 122.468 25.3704 4
      vertex 125.828 28.3284 4
      vertex 125.538 28.592 4
    endloop
  endfacet
  facet normal -0 0 1
    outer loop
      vertex 122.673 -23.2445 4
      vertex 127 -25.5 4
      vertex 122.849 -22.9499 4
    endloop
  endfacet
  facet normal 0 0 1
    outer loop
      vertex 122.468 25.3704 4
      vertex 125.538 28.592 4
      vertex 125.222 28.8259 4
    endloop
  endfacet
  facet normal -0 0 1
    outer loop
      vertex 122.468 -23.5204 4
      vertex 127 -25.5 4
      vertex 122.673 -23.2445 4
    endloop
  endfacet
  facet normal 0 0 1
    outer loop
      vertex 122.237 25.6249 4
      vertex 125.222 28.8259 4
      vertex 124.886 29.0277 4
    endloop
  endfacet
  facet normal -0 0 1
    outer loop
      vertex 122.237 -23.7749 4
      vertex 127 -25.5 4
      vertex 122.468 -23.5204 4
    endloop
  endfacet
  facet normal 0 0 1
    outer loop
      vertex 122.237 25.6249 4
      vertex 124.886 29.0277 4
      vertex 124.531 29.1955 4
    endloop
  endfacet
  facet normal 0 0 1
    outer loop
      vertex 127 -25.5 4
      vertex 122.237 -23.7749 4
      vertex 126.981 -25.8921 4
    endloop
  endfacet
  facet normal 0 0 1
    outer loop
      vertex 122.237 25.6249 4
      vertex 124.531 29.1955 4
      vertex 124.161 29.3278 4
    endloop
  endfacet
  facet normal 0 0 1
    outer loop
      vertex 126.981 -25.8921 4
      vertex 122.237 -23.7749 4
      vertex 126.923 -26.2804 4
    endloop
  endfacet
  facet normal 0 0 1
    outer loop
      vertex 121.983 25.8555 4
      vertex 124.161 29.3278 4
      vertex 123.78 29.4231 4
    endloop
  endfacet
  facet normal 0 0 1
    outer loop
      vertex 126.923 -26.2804 4
      vertex 122.237 -23.7749 4
      vertex 126.828 -26.6611 4
    endloop
  endfacet
  facet normal 0 0 1
    outer loop
      vertex 121.983 25.8555 4
      vertex 123.78 29.4231 4
      vertex 123.392 29.4807 4
    endloop
  endfacet
  facet normal 0 0 1
    outer loop
      vertex 126.828 -26.6611 4
      vertex 122.237 -23.7749 4
      vertex 126.696 -27.0307 4
    endloop
  endfacet
  facet normal 0 0 1
    outer loop
      vertex 123.246 22.8069 4
      vertex 127 25.5 4
      vertex 123.262 23.15 4
    endloop
  endfacet
  facet normal 0 0 1
    outer loop
      vertex 127 25.5 4
      vertex 123.246 23.4931 4
      vertex 123.262 23.15 4
    endloop
  endfacet
  facet normal 0 0 1
    outer loop
      vertex 127 25.5 4
      vertex 123.195 23.8328 4
      vertex 123.246 23.4931 4
    endloop
  endfacet
  facet normal 0 0 1
    outer loop
      vertex 127 25.5 4
      vertex 123.112 24.166 4
      vertex 123.195 23.8328 4
    endloop
  endfacet
  facet normal 0 0 1
    outer loop
      vertex 121.983 25.8555 4
      vertex 123.392 29.4807 4
      vertex 123 29.5 4
    endloop
  endfacet
  facet normal 0 0 1
    outer loop
      vertex 127 25.5 4
      vertex 122.996 24.4894 4
      vertex 123.112 24.166 4
    endloop
  endfacet
  facet normal 0 0 1
    outer loop
      vertex 127 25.5 4
      vertex 122.849 24.7999 4
      vertex 122.996 24.4894 4
    endloop
  endfacet
  facet normal 0 0 1
    outer loop
      vertex 126.696 27.0307 4
      vertex 122.673 25.0945 4
      vertex 122.849 24.7999 4
    endloop
  endfacet
  facet normal 0 0 1
    outer loop
      vertex 126.092 28.0376 4
      vertex 122.468 25.3704 4
      vertex 122.673 25.0945 4
    endloop
  endfacet
  facet normal 0 0 1
    outer loop
      vertex 125.222 28.8259 4
      vertex 122.237 25.6249 4
      vertex 122.468 25.3704 4
    endloop
  endfacet
  facet normal 0 0 1
    outer loop
      vertex 124.161 29.3278 4
      vertex 121.983 25.8555 4
      vertex 122.237 25.6249 4
    endloop
  endfacet
  facet normal 0 0 1
    outer loop
      vertex 123 29.5 4
      vertex 121.707 26.0601 4
      vertex 121.983 25.8555 4
    endloop
  endfacet
  facet normal 0 0 1
    outer loop
      vertex 123 29.5 4
      vertex 121.412 26.2367 4
      vertex 121.707 26.0601 4
    endloop
  endfacet
  facet normal 0 0 1
    outer loop
      vertex 123 29.5 4
      vertex 121.102 26.3836 4
      vertex 121.412 26.2367 4
    endloop
  endfacet
  facet normal 0 0 1
    outer loop
      vertex 123 29.5 4
      vertex 120.778 26.4993 4
      vertex 121.102 26.3836 4
    endloop
  endfacet
  facet normal 0 0 1
    outer loop
      vertex 123 29.5 4
      vertex 120.445 26.5827 4
      vertex 120.778 26.4993 4
    endloop
  endfacet
  facet normal 0 0 1
    outer loop
      vertex 123 29.5 4
      vertex 120.106 26.6331 4
      vertex 120.445 26.5827 4
    endloop
  endfacet
  facet normal 0 0 1
    outer loop
      vertex 123 29.5 4
      vertex 119.762 26.65 4
      vertex 120.106 26.6331 4
    endloop
  endfacet
  facet normal 0 0 1
    outer loop
      vertex 123 29.5 4
      vertex 116.762 26.65 4
      vertex 119.762 26.65 4
    endloop
  endfacet
  facet normal 0 0 1
    outer loop
      vertex 123 29.5 4
      vertex 116.419 26.6331 4
      vertex 116.762 26.65 4
    endloop
  endfacet
  facet normal 0 0 1
    outer loop
      vertex 123 29.5 4
      vertex 116.08 26.5827 4
      vertex 116.419 26.6331 4
    endloop
  endfacet
  facet normal 0 0 1
    outer loop
      vertex 123 29.5 4
      vertex 115.747 26.4993 4
      vertex 116.08 26.5827 4
    endloop
  endfacet
  facet normal 0 0 1
    outer loop
      vertex 102.298 26.2982 4
      vertex 115.747 26.4993 4
      vertex 123 29.5 4
    endloop
  endfacet
  facet normal 0 0 1
    outer loop
      vertex 113.279 7.61806 4
      vertex 110.75 16 4
      vertex 113.262 7.275 4
    endloop
  endfacet
  facet normal 0 0 1
    outer loop
      vertex 113.33 6.59218 4
      vertex 110.75 16 4
      vertex 110.75 -16 4
    endloop
  endfacet
  facet normal 0 0 1
    outer loop
      vertex 113.279 -8.25694 4
      vertex 110.75 -16 4
      vertex 113.262 -8.6 4
    endloop
  endfacet
  facet normal 0 0 1
    outer loop
      vertex 108.98 21.8335 4
      vertex 113.262 23.15 4
      vertex 113.279 23.4931 4
    endloop
  endfacet
  facet normal 0 0 1
    outer loop
      vertex 108.367 22.6611 4
      vertex 113.279 23.4931 4
      vertex 113.33 23.8328 4
    endloop
  endfacet
  facet normal 0 0 1
    outer loop
      vertex 108.367 22.6611 4
      vertex 113.33 23.8328 4
      vertex 113.413 24.166 4
    endloop
  endfacet
  facet normal 0 0 1
    outer loop
      vertex 115.423 19.9164 4
      vertex 110.699 17.0292 4
      vertex 110.75 16 4
    endloop
  endfacet
  facet normal 0 0 1
    outer loop
      vertex 107.675 23.4246 4
      vertex 113.413 24.166 4
      vertex 113.529 24.4894 4
    endloop
  endfacet
  facet normal 0 0 1
    outer loop
      vertex 114.818 20.2399 4
      vertex 110.548 18.0484 4
      vertex 110.699 17.0292 4
    endloop
  endfacet
  facet normal 0 0 1
    outer loop
      vertex 114.288 20.6751 4
      vertex 110.298 19.048 4
      vertex 110.548 18.0484 4
    endloop
  endfacet
  facet normal 0 0 1
    outer loop
      vertex 107.675 23.4246 4
      vertex 113.529 24.4894 4
      vertex 113.676 24.7999 4
    endloop
  endfacet
  facet normal 0 0 1
    outer loop
      vertex 113.852 21.2055 4
      vertex 109.951 20.0182 4
      vertex 110.298 19.048 4
    endloop
  endfacet
  facet normal 0 0 1
    outer loop
      vertex 106.911 24.1166 4
      vertex 113.676 24.7999 4
      vertex 113.852 25.0945 4
    endloop
  endfacet
  facet normal 0 0 1
    outer loop
      vertex 106.911 24.1166 4
      vertex 113.852 25.0945 4
      vertex 114.057 25.3704 4
    endloop
  endfacet
  facet normal 0 0 1
    outer loop
      vertex 113.413 22.134 4
      vertex 109.51 20.9497 4
      vertex 109.951 20.0182 4
    endloop
  endfacet
  facet normal 0 0 1
    outer loop
      vertex 106.083 24.7304 4
      vertex 114.057 25.3704 4
      vertex 114.288 25.6249 4
    endloop
  endfacet
  facet normal 0 0 1
    outer loop
      vertex 113.279 22.8069 4
      vertex 108.98 21.8335 4
      vertex 109.51 20.9497 4
    endloop
  endfacet
  facet normal 0 0 1
    outer loop
      vertex 106.083 24.7304 4
      vertex 114.288 25.6249 4
      vertex 114.542 25.8555 4
    endloop
  endfacet
  facet normal 0 0 1
    outer loop
      vertex 105.2 25.2602 4
      vertex 114.542 25.8555 4
      vertex 114.818 26.0601 4
    endloop
  endfacet
  facet normal 0 0 1
    outer loop
      vertex 113.279 23.4931 4
      vertex 108.367 22.6611 4
      vertex 108.98 21.8335 4
    endloop
  endfacet
  facet normal 0 0 1
    outer loop
      vertex 104.268 25.7007 4
      vertex 114.818 26.0601 4
      vertex 115.113 26.2367 4
    endloop
  endfacet
  facet normal 0 0 1
    outer loop
      vertex 113.413 24.166 4
      vertex 107.675 23.4246 4
      vertex 108.367 22.6611 4
    endloop
  endfacet
  facet normal 0 0 1
    outer loop
      vertex 104.268 25.7007 4
      vertex 115.113 26.2367 4
      vertex 115.423 26.3836 4
    endloop
  endfacet
  facet normal 0 -0 1
    outer loop
      vertex 103.298 26.0479 4
      vertex 115.747 26.4993 4
      vertex 102.298 26.2982 4
    endloop
  endfacet
  facet normal 0 0 1
    outer loop
      vertex 113.676 24.7999 4
      vertex 106.911 24.1166 4
      vertex 107.675 23.4246 4
    endloop
  endfacet
  facet normal 0 0 1
    outer loop
      vertex 114.057 25.3704 4
      vertex 106.083 24.7304 4
      vertex 106.911 24.1166 4
    endloop
  endfacet
  facet normal 0 0 1
    outer loop
      vertex 114.542 25.8555 4
      vertex 105.2 25.2602 4
      vertex 106.083 24.7304 4
    endloop
  endfacet
  facet normal 0 0 1
    outer loop
      vertex 114.818 26.0601 4
      vertex 104.268 25.7007 4
      vertex 105.2 25.2602 4
    endloop
  endfacet
  facet normal 0 0 1
    outer loop
      vertex 115.423 26.3836 4
      vertex 103.298 26.0479 4
      vertex 104.268 25.7007 4
    endloop
  endfacet
  facet normal 0 0 1
    outer loop
      vertex 115.747 26.4993 4
      vertex 103.298 26.0479 4
      vertex 115.423 26.3836 4
    endloop
  endfacet
  facet normal 0 0 1
    outer loop
      vertex 123 29.5 4
      vertex 101.279 26.4494 4
      vertex 102.298 26.2982 4
    endloop
  endfacet
  facet normal 0 0 1
    outer loop
      vertex 123 29.5 4
      vertex 100.25 26.5 4
      vertex 101.279 26.4494 4
    endloop
  endfacet
  facet normal 0 0 1
    outer loop
      vertex 123 29.5 4
      vertex -19.75 26.5 4
      vertex 100.25 26.5 4
    endloop
  endfacet
  facet normal 0 0 1
    outer loop
      vertex -30.25 16 4
      vertex -49.1 26.25 4
      vertex -30.25 -16 4
    endloop
  endfacet
  facet normal 0 0 1
    outer loop
      vertex -30.1994 17.0292 4
      vertex -49.1 26.25 4
      vertex -30.25 16 4
    endloop
  endfacet
  facet normal 0 0 1
    outer loop
      vertex -30.0482 18.0484 4
      vertex -49.1 26.25 4
      vertex -30.1994 17.0292 4
    endloop
  endfacet
  facet normal 0 0 1
    outer loop
      vertex -29.7979 19.048 4
      vertex -49.1 26.25 4
      vertex -30.0482 18.0484 4
    endloop
  endfacet
  facet normal 0 0 1
    outer loop
      vertex -29.4507 20.0182 4
      vertex -49.1 26.25 4
      vertex -29.7979 19.048 4
    endloop
  endfacet
  facet normal 0 0 1
    outer loop
      vertex -29.0102 20.9497 4
      vertex -49.1 26.25 4
      vertex -29.4507 20.0182 4
    endloop
  endfacet
  facet normal 0 0 1
    outer loop
      vertex -28.4804 21.8335 4
      vertex -49.1 26.25 4
      vertex -29.0102 20.9497 4
    endloop
  endfacet
  facet normal 0 0 1
    outer loop
      vertex -27.8666 22.6611 4
      vertex -49.1 26.25 4
      vertex -28.4804 21.8335 4
    endloop
  endfacet
  facet normal 0 0 1
    outer loop
      vertex -27.1746 23.4246 4
      vertex -49.1 26.25 4
      vertex -27.8666 22.6611 4
    endloop
  endfacet
  facet normal 0 0 1
    outer loop
      vertex -26.4111 24.1166 4
      vertex -49.1 26.25 4
      vertex -27.1746 23.4246 4
    endloop
  endfacet
  facet normal 0 0 1
    outer loop
      vertex -25.5835 24.7304 4
      vertex -49.1 26.25 4
      vertex -26.4111 24.1166 4
    endloop
  endfacet
  facet normal 0 0 1
    outer loop
      vertex -24.6997 25.2602 4
      vertex -49.1 26.25 4
      vertex -25.5835 24.7304 4
    endloop
  endfacet
  facet normal 0 0 1
    outer loop
      vertex -23.7682 25.7007 4
      vertex -49.1 26.25 4
      vertex -24.6997 25.2602 4
    endloop
  endfacet
  facet normal 0 0 1
    outer loop
      vertex -22.798 26.0479 4
      vertex -49.1 26.25 4
      vertex -23.7682 25.7007 4
    endloop
  endfacet
  facet normal 0 0 1
    outer loop
      vertex -21.7984 26.2982 4
      vertex -49.1 26.25 4
      vertex -22.798 26.0479 4
    endloop
  endfacet
  facet normal 0 0 1
    outer loop
      vertex -20.7792 26.4494 4
      vertex -49.1 26.25 4
      vertex -21.7984 26.2982 4
    endloop
  endfacet
  facet normal 0 0 1
    outer loop
      vertex -19.75 26.5 4
      vertex -49.1 26.25 4
      vertex -20.7792 26.4494 4
    endloop
  endfacet
  facet normal -0 0 1
    outer loop
      vertex -123 29.5 4
      vertex -19.75 26.5 4
      vertex 123 29.5 4
    endloop
  endfacet
  facet normal 0 0 1
    outer loop
      vertex -19.75 26.5 4
      vertex -123 29.5 4
      vertex -49.1 26.25 4
    endloop
  endfacet
  facet normal 0 0 1
    outer loop
      vertex -69 26.25 4
      vertex -72 26.25 4
      vertex -69 -26.25 4
    endloop
  endfacet
  facet normal 0 0 1
    outer loop
      vertex -49.1 26.25 4
      vertex -123 29.5 4
      vertex -69 26.25 4
    endloop
  endfacet
  facet normal 0 0 1
    outer loop
      vertex -69 26.25 4
      vertex -123 29.5 4
      vertex -72 26.25 4
    endloop
  endfacet
  facet normal 0 0 1
    outer loop
      vertex -113.279 22.8069 4
      vertex -91.9 26.25 4
      vertex -113.262 23.15 4
    endloop
  endfacet
  facet normal 0 0 1
    outer loop
      vertex -91.9 26.25 4
      vertex -113.279 23.4931 4
      vertex -113.262 23.15 4
    endloop
  endfacet
  facet normal 0 0 1
    outer loop
      vertex -91.9 26.25 4
      vertex -113.33 23.8328 4
      vertex -113.279 23.4931 4
    endloop
  endfacet
  facet normal 0 0 1
    outer loop
      vertex -91.9 26.25 4
      vertex -113.413 24.166 4
      vertex -113.33 23.8328 4
    endloop
  endfacet
  facet normal 0 0 1
    outer loop
      vertex -91.9 26.25 4
      vertex -113.529 24.4894 4
      vertex -113.413 24.166 4
    endloop
  endfacet
  facet normal 0 0 1
    outer loop
      vertex -91.9 26.25 4
      vertex -113.676 24.7999 4
      vertex -113.529 24.4894 4
    endloop
  endfacet
  facet normal 0 0 1
    outer loop
      vertex -91.9 26.25 4
      vertex -113.852 25.0945 4
      vertex -113.676 24.7999 4
    endloop
  endfacet
  facet normal 0 0 1
    outer loop
      vertex -91.9 26.25 4
      vertex -114.057 25.3704 4
      vertex -113.852 25.0945 4
    endloop
  endfacet
  facet normal 0 0 1
    outer loop
      vertex -91.9 26.25 4
      vertex -114.288 25.6249 4
      vertex -114.057 25.3704 4
    endloop
  endfacet
  facet normal 0 0 1
    outer loop
      vertex -91.9 26.25 4
      vertex -114.542 25.8555 4
      vertex -114.288 25.6249 4
    endloop
  endfacet
  facet normal 0 0 1
    outer loop
      vertex -91.9 26.25 4
      vertex -114.818 26.0601 4
      vertex -114.542 25.8555 4
    endloop
  endfacet
  facet normal 0 0 1
    outer loop
      vertex -72 26.25 4
      vertex -123 29.5 4
      vertex -91.9 26.25 4
    endloop
  endfacet
  facet normal 0 0 1
    outer loop
      vertex -91.9 26.25 4
      vertex -115.113 26.2367 4
      vertex -114.818 26.0601 4
    endloop
  endfacet
  facet normal 0 0 1
    outer loop
      vertex -91.9 26.25 4
      vertex -115.423 26.3836 4
      vertex -115.113 26.2367 4
    endloop
  endfacet
  facet normal -0 -0 1
    outer loop
      vertex -115.747 26.4993 4
      vertex -91.9 26.25 4
      vertex -123 29.5 4
    endloop
  endfacet
  facet normal 0 0 1
    outer loop
      vertex -91.9 26.25 4
      vertex -115.747 26.4993 4
      vertex -115.423 26.3836 4
    endloop
  endfacet
  facet normal 0 0 1
    outer loop
      vertex -115.747 26.4993 4
      vertex -123 29.5 4
      vertex -116.08 26.5827 4
    endloop
  endfacet
  facet normal 0 0 1
    outer loop
      vertex -116.08 26.5827 4
      vertex -123 29.5 4
      vertex -116.419 26.6331 4
    endloop
  endfacet
  facet normal 0 0 1
    outer loop
      vertex -116.419 26.6331 4
      vertex -123 29.5 4
      vertex -116.762 26.65 4
    endloop
  endfacet
  facet normal 0 0 1
    outer loop
      vertex -116.762 26.65 4
      vertex -123 29.5 4
      vertex -119.762 26.65 4
    endloop
  endfacet
  facet normal 0 0 1
    outer loop
      vertex -123 29.5 4
      vertex -120.106 26.6331 4
      vertex -119.762 26.65 4
    endloop
  endfacet
  facet normal 0 0 1
    outer loop
      vertex -123 29.5 4
      vertex -120.445 26.5827 4
      vertex -120.106 26.6331 4
    endloop
  endfacet
  facet normal 0 0 1
    outer loop
      vertex -123 29.5 4
      vertex -120.778 26.4993 4
      vertex -120.445 26.5827 4
    endloop
  endfacet
  facet normal 0 0 1
    outer loop
      vertex -123 29.5 4
      vertex -121.102 26.3836 4
      vertex -120.778 26.4993 4
    endloop
  endfacet
  facet normal 0 0 1
    outer loop
      vertex -123 29.5 4
      vertex -121.412 26.2367 4
      vertex -121.102 26.3836 4
    endloop
  endfacet
  facet normal 0 0 1
    outer loop
      vertex -123 29.5 4
      vertex -121.707 26.0601 4
      vertex -121.412 26.2367 4
    endloop
  endfacet
  facet normal 0 0 1
    outer loop
      vertex -123 29.5 4
      vertex -121.983 25.8555 4
      vertex -121.707 26.0601 4
    endloop
  endfacet
  facet normal -0 0 1
    outer loop
      vertex -123.392 29.4807 4
      vertex -121.983 25.8555 4
      vertex -123 29.5 4
    endloop
  endfacet
  facet normal -0 0 1
    outer loop
      vertex -123.78 29.4231 4
      vertex -121.983 25.8555 4
      vertex -123.392 29.4807 4
    endloop
  endfacet
  facet normal -0 0 1
    outer loop
      vertex -124.161 29.3278 4
      vertex -121.983 25.8555 4
      vertex -123.78 29.4231 4
    endloop
  endfacet
  facet normal 0 0 1
    outer loop
      vertex -121.983 25.8555 4
      vertex -124.161 29.3278 4
      vertex -122.237 25.6249 4
    endloop
  endfacet
  facet normal -0 0 1
    outer loop
      vertex -124.531 29.1955 4
      vertex -122.237 25.6249 4
      vertex -124.161 29.3278 4
    endloop
  endfacet
  facet normal -0 0 1
    outer loop
      vertex -124.886 29.0277 4
      vertex -122.237 25.6249 4
      vertex -124.531 29.1955 4
    endloop
  endfacet
  facet normal -0 0 1
    outer loop
      vertex -125.222 28.8259 4
      vertex -122.237 25.6249 4
      vertex -124.886 29.0277 4
    endloop
  endfacet
  facet normal 0 0 1
    outer loop
      vertex -122.237 25.6249 4
      vertex -125.222 28.8259 4
      vertex -122.468 25.3704 4
    endloop
  endfacet
  facet normal -0 0 1
    outer loop
      vertex -125.538 28.592 4
      vertex -122.468 25.3704 4
      vertex -125.222 28.8259 4
    endloop
  endfacet
  facet normal 0 0 1
    outer loop
      vertex -123.246 7.61806 4
      vertex -127 25.5 4
      vertex -123.262 7.275 4
    endloop
  endfacet
  facet normal 0 0 1
    outer loop
      vertex -123.246 6.93194 4
      vertex -127 25.5 4
      vertex -127 -25.5 4
    endloop
  endfacet
  facet normal -0 0 1
    outer loop
      vertex -126.092 28.0376 4
      vertex -122.468 25.3704 4
      vertex -125.828 28.3284 4
    endloop
  endfacet
  facet normal -0 0 1
    outer loop
      vertex -125.828 28.3284 4
      vertex -122.468 25.3704 4
      vertex -125.538 28.592 4
    endloop
  endfacet
  facet normal 0 0 1
    outer loop
      vertex 126.696 -27.0307 4
      vertex 122.237 -23.7749 4
      vertex 126.528 -27.3856 4
    endloop
  endfacet
  facet normal -0 0 1
    outer loop
      vertex 121.983 -24.0055 4
      vertex 126.528 -27.3856 4
      vertex 122.237 -23.7749 4
    endloop
  endfacet
  facet normal 0 0 1
    outer loop
      vertex 126.528 -27.3856 4
      vertex 121.983 -24.0055 4
      vertex 126.326 -27.7223 4
    endloop
  endfacet
  facet normal 0 0 1
    outer loop
      vertex 126.326 -27.7223 4
      vertex 121.983 -24.0055 4
      vertex 126.092 -28.0376 4
    endloop
  endfacet
  facet normal 0 0 1
    outer loop
      vertex 126.092 -28.0376 4
      vertex 121.983 -24.0055 4
      vertex 125.828 -28.3284 4
    endloop
  endfacet
  facet normal 0 0 1
    outer loop
      vertex 125.828 -28.3284 4
      vertex 121.983 -24.0055 4
      vertex 125.538 -28.592 4
    endloop
  endfacet
  facet normal 0 0 1
    outer loop
      vertex 125.538 -28.592 4
      vertex 121.983 -24.0055 4
      vertex 125.222 -28.8259 4
    endloop
  endfacet
  facet normal 0 0 1
    outer loop
      vertex 125.222 -28.8259 4
      vertex 121.983 -24.0055 4
      vertex 124.886 -29.0277 4
    endloop
  endfacet
  facet normal -0 0 1
    outer loop
      vertex 121.707 -24.2101 4
      vertex 124.886 -29.0277 4
      vertex 121.983 -24.0055 4
    endloop
  endfacet
  facet normal 0 0 1
    outer loop
      vertex 124.886 -29.0277 4
      vertex 121.707 -24.2101 4
      vertex 124.531 -29.1955 4
    endloop
  endfacet
  facet normal 0 0 1
    outer loop
      vertex 124.531 -29.1955 4
      vertex 121.707 -24.2101 4
      vertex 124.161 -29.3278 4
    endloop
  endfacet
  facet normal 0 0 1
    outer loop
      vertex 124.161 -29.3278 4
      vertex 121.707 -24.2101 4
      vertex 123.78 -29.4231 4
    endloop
  endfacet
  facet normal 0 0 1
    outer loop
      vertex 123.78 -29.4231 4
      vertex 121.707 -24.2101 4
      vertex 123.392 -29.4807 4
    endloop
  endfacet
  facet normal 0 0 1
    outer loop
      vertex 123.392 -29.4807 4
      vertex 121.707 -24.2101 4
      vertex 123 -29.5 4
    endloop
  endfacet
  facet normal -0 0 1
    outer loop
      vertex 121.412 -24.3867 4
      vertex 123 -29.5 4
      vertex 121.707 -24.2101 4
    endloop
  endfacet
  facet normal -0 0 1
    outer loop
      vertex 121.102 -24.5336 4
      vertex 123 -29.5 4
      vertex 121.412 -24.3867 4
    endloop
  endfacet
  facet normal -0 0 1
    outer loop
      vertex 120.778 -24.6493 4
      vertex 123 -29.5 4
      vertex 121.102 -24.5336 4
    endloop
  endfacet
  facet normal -0 0 1
    outer loop
      vertex 120.445 -24.7327 4
      vertex 123 -29.5 4
      vertex 120.778 -24.6493 4
    endloop
  endfacet
  facet normal -0 0 1
    outer loop
      vertex 120.106 -24.7831 4
      vertex 123 -29.5 4
      vertex 120.445 -24.7327 4
    endloop
  endfacet
  facet normal -0 0 1
    outer loop
      vertex 119.762 -24.8 4
      vertex 123 -29.5 4
      vertex 120.106 -24.7831 4
    endloop
  endfacet
  facet normal -0 0 1
    outer loop
      vertex 116.762 -24.8 4
      vertex 123 -29.5 4
      vertex 119.762 -24.8 4
    endloop
  endfacet
  facet normal 0 0 1
    outer loop
      vertex 116.419 -24.7831 4
      vertex 123 -29.5 4
      vertex 116.762 -24.8 4
    endloop
  endfacet
  facet normal 0 0 1
    outer loop
      vertex 116.08 -24.7327 4
      vertex 123 -29.5 4
      vertex 116.419 -24.7831 4
    endloop
  endfacet
  facet normal 0 0 1
    outer loop
      vertex 115.747 -24.6493 4
      vertex 123 -29.5 4
      vertex 116.08 -24.7327 4
    endloop
  endfacet
  facet normal 0 0 1
    outer loop
      vertex 105.2 -25.2602 4
      vertex 115.747 -24.6493 4
      vertex 115.423 -24.5336 4
    endloop
  endfacet
  facet normal 0 0 1
    outer loop
      vertex 106.083 -24.7304 4
      vertex 115.423 -24.5336 4
      vertex 115.113 -24.3867 4
    endloop
  endfacet
  facet normal 0 0 1
    outer loop
      vertex 106.083 -24.7304 4
      vertex 115.113 -24.3867 4
      vertex 114.818 -24.2101 4
    endloop
  endfacet
  facet normal 0 0 1
    outer loop
      vertex 113.529 -19.9606 4
      vertex 110.298 -19.048 4
      vertex 113.413 -20.284 4
    endloop
  endfacet
  facet normal 0 0 1
    outer loop
      vertex 113.413 -20.284 4
      vertex 110.298 -19.048 4
      vertex 113.33 -20.6172 4
    endloop
  endfacet
  facet normal -0 0 1
    outer loop
      vertex 109.951 -20.0182 4
      vertex 113.33 -20.6172 4
      vertex 110.298 -19.048 4
    endloop
  endfacet
  facet normal 0 0 1
    outer loop
      vertex 113.33 -20.6172 4
      vertex 109.951 -20.0182 4
      vertex 113.279 -20.9569 4
    endloop
  endfacet
  facet normal 0 0 1
    outer loop
      vertex 113.279 -20.9569 4
      vertex 109.951 -20.0182 4
      vertex 113.262 -21.3 4
    endloop
  endfacet
  facet normal -0 0 1
    outer loop
      vertex 109.51 -20.9497 4
      vertex 113.262 -21.3 4
      vertex 109.951 -20.0182 4
    endloop
  endfacet
  facet normal 0 0 1
    outer loop
      vertex 113.262 -21.3 4
      vertex 109.51 -20.9497 4
      vertex 113.279 -21.6431 4
    endloop
  endfacet
  facet normal 0 0 1
    outer loop
      vertex 113.279 -21.6431 4
      vertex 109.51 -20.9497 4
      vertex 113.33 -21.9828 4
    endloop
  endfacet
  facet normal -0 0 1
    outer loop
      vertex 108.98 -21.8335 4
      vertex 113.33 -21.9828 4
      vertex 109.51 -20.9497 4
    endloop
  endfacet
  facet normal 0 0 1
    outer loop
      vertex 113.33 -21.9828 4
      vertex 108.98 -21.8335 4
      vertex 113.413 -22.316 4
    endloop
  endfacet
  facet normal 0 0 1
    outer loop
      vertex 113.413 -22.316 4
      vertex 108.98 -21.8335 4
      vertex 113.529 -22.6394 4
    endloop
  endfacet
  facet normal 0 0 1
    outer loop
      vertex 108.367 -22.6611 4
      vertex 113.529 -22.6394 4
      vertex 108.98 -21.8335 4
    endloop
  endfacet
  facet normal 0 0 1
    outer loop
      vertex 113.529 -22.6394 4
      vertex 108.367 -22.6611 4
      vertex 113.676 -22.9499 4
    endloop
  endfacet
  facet normal 0 0 1
    outer loop
      vertex 113.676 -22.9499 4
      vertex 108.367 -22.6611 4
      vertex 113.852 -23.2445 4
    endloop
  endfacet
  facet normal 0 0 1
    outer loop
      vertex 107.675 -23.4246 4
      vertex 113.852 -23.2445 4
      vertex 108.367 -22.6611 4
    endloop
  endfacet
  facet normal 0 0 1
    outer loop
      vertex 113.852 -23.2445 4
      vertex 107.675 -23.4246 4
      vertex 114.057 -23.5204 4
    endloop
  endfacet
  facet normal 0 0 1
    outer loop
      vertex 114.057 -23.5204 4
      vertex 107.675 -23.4246 4
      vertex 114.288 -23.7749 4
    endloop
  endfacet
  facet normal 0 0 1
    outer loop
      vertex 106.911 -24.1166 4
      vertex 114.288 -23.7749 4
      vertex 107.675 -23.4246 4
    endloop
  endfacet
  facet normal 0 0 1
    outer loop
      vertex 114.288 -23.7749 4
      vertex 106.911 -24.1166 4
      vertex 114.542 -24.0055 4
    endloop
  endfacet
  facet normal 0 0 1
    outer loop
      vertex 114.542 -24.0055 4
      vertex 106.911 -24.1166 4
      vertex 114.818 -24.2101 4
    endloop
  endfacet
  facet normal 0 0 1
    outer loop
      vertex 106.083 -24.7304 4
      vertex 114.818 -24.2101 4
      vertex 106.911 -24.1166 4
    endloop
  endfacet
  facet normal 0 0 1
    outer loop
      vertex 115.423 -24.5336 4
      vertex 106.083 -24.7304 4
      vertex 105.2 -25.2602 4
    endloop
  endfacet
  facet normal 0 0 1
    outer loop
      vertex 115.747 -24.6493 4
      vertex 105.2 -25.2602 4
      vertex 123 -29.5 4
    endloop
  endfacet
  facet normal -0 0 1
    outer loop
      vertex 104.268 -25.7007 4
      vertex 123 -29.5 4
      vertex 105.2 -25.2602 4
    endloop
  endfacet
  facet normal 0 0 1
    outer loop
      vertex 99.26 -29.5 4
      vertex 104.268 -25.7007 4
      vertex 103.298 -26.0479 4
    endloop
  endfacet
  facet normal 0 0 1
    outer loop
      vertex 99.26 -29.5 4
      vertex 103.298 -26.0479 4
      vertex 102.298 -26.2982 4
    endloop
  endfacet
  facet normal 0 0 1
    outer loop
      vertex 99.26 -29.5 4
      vertex 102.298 -26.2982 4
      vertex 101.279 -26.4494 4
    endloop
  endfacet
  facet normal 0 0 1
    outer loop
      vertex 99.26 -29.5 4
      vertex 101.279 -26.4494 4
      vertex 100.25 -26.5 4
    endloop
  endfacet
  facet normal 0 0 1
    outer loop
      vertex 99.26 -29.5 4
      vertex 100.25 -26.5 4
      vertex 99.26 -26.5 4
    endloop
  endfacet
  facet normal 0 0 1
    outer loop
      vertex 104.268 -25.7007 4
      vertex 99.26 -29.5 4
      vertex 123 -29.5 4
    endloop
  endfacet
  facet normal -0 0 1
    outer loop
      vertex -19.75 -26.5 4
      vertex -18.76 -29.5 4
      vertex -18.76 -26.5 4
    endloop
  endfacet
  facet normal 0 0 1
    outer loop
      vertex -20.7792 -26.4494 4
      vertex -18.76 -29.5 4
      vertex -19.75 -26.5 4
    endloop
  endfacet
  facet normal 0 0 1
    outer loop
      vertex -21.7984 -26.2982 4
      vertex -18.76 -29.5 4
      vertex -20.7792 -26.4494 4
    endloop
  endfacet
  facet normal 0 0 1
    outer loop
      vertex -22.798 -26.0479 4
      vertex -18.76 -29.5 4
      vertex -21.7984 -26.2982 4
    endloop
  endfacet
  facet normal 0 0 1
    outer loop
      vertex -23.7682 -25.7007 4
      vertex -18.76 -29.5 4
      vertex -22.798 -26.0479 4
    endloop
  endfacet
  facet normal 0 0 1
    outer loop
      vertex -24.6997 -25.2602 4
      vertex -18.76 -29.5 4
      vertex -23.7682 -25.7007 4
    endloop
  endfacet
  facet normal 0 0 1
    outer loop
      vertex -49.1 -26.25 4
      vertex -24.6997 -25.2602 4
      vertex -25.5835 -24.7304 4
    endloop
  endfacet
  facet normal 0 0 1
    outer loop
      vertex -49.1 -26.25 4
      vertex -30.25 -16 4
      vertex -49.1 26.25 4
    endloop
  endfacet
  facet normal 0 0 1
    outer loop
      vertex -30.25 -16 4
      vertex -49.1 -26.25 4
      vertex -30.1994 -17.0292 4
    endloop
  endfacet
  facet normal 0 0 1
    outer loop
      vertex -30.1994 -17.0292 4
      vertex -49.1 -26.25 4
      vertex -30.0482 -18.0484 4
    endloop
  endfacet
  facet normal 0 0 1
    outer loop
      vertex -30.0482 -18.0484 4
      vertex -49.1 -26.25 4
      vertex -29.7979 -19.048 4
    endloop
  endfacet
  facet normal 0 0 1
    outer loop
      vertex -29.7979 -19.048 4
      vertex -49.1 -26.25 4
      vertex -29.4507 -20.0182 4
    endloop
  endfacet
  facet normal 0 0 1
    outer loop
      vertex -49.1 -26.25 4
      vertex -29.0102 -20.9497 4
      vertex -29.4507 -20.0182 4
    endloop
  endfacet
  facet normal 0 0 1
    outer loop
      vertex -49.1 -26.25 4
      vertex -28.4804 -21.8335 4
      vertex -29.0102 -20.9497 4
    endloop
  endfacet
  facet normal 0 0 1
    outer loop
      vertex -49.1 -26.25 4
      vertex -27.8666 -22.6611 4
      vertex -28.4804 -21.8335 4
    endloop
  endfacet
  facet normal 0 0 1
    outer loop
      vertex -49.1 -26.25 4
      vertex -27.1746 -23.4246 4
      vertex -27.8666 -22.6611 4
    endloop
  endfacet
  facet normal 0 0 1
    outer loop
      vertex -49.1 -26.25 4
      vertex -26.4111 -24.1166 4
      vertex -27.1746 -23.4246 4
    endloop
  endfacet
  facet normal 0 0 1
    outer loop
      vertex -49.1 -26.25 4
      vertex -25.5835 -24.7304 4
      vertex -26.4111 -24.1166 4
    endloop
  endfacet
  facet normal 0 0 1
    outer loop
      vertex -24.6997 -25.2602 4
      vertex -49.1 -26.25 4
      vertex -18.76 -29.5 4
    endloop
  endfacet
  facet normal -0 0 1
    outer loop
      vertex -69 -26.25 4
      vertex -18.76 -29.5 4
      vertex -49.1 -26.25 4
    endloop
  endfacet
  facet normal 0 0 1
    outer loop
      vertex -72 -26.25 4
      vertex -69 -26.25 4
      vertex -72 26.25 4
    endloop
  endfacet
  facet normal -0 0 1
    outer loop
      vertex -72 -26.25 4
      vertex -18.76 -29.5 4
      vertex -69 -26.25 4
    endloop
  endfacet
  facet normal 0 0 1
    outer loop
      vertex -123 -29.5 4
      vertex -72 -26.25 4
      vertex -91.9 -26.25 4
    endloop
  endfacet
  facet normal 0 0 1
    outer loop
      vertex -113.279 6.93194 4
      vertex -91.9 26.25 4
      vertex -113.262 7.275 4
    endloop
  endfacet
  facet normal 0 0 1
    outer loop
      vertex -113.33 6.59218 4
      vertex -91.9 26.25 4
      vertex -113.279 6.93194 4
    endloop
  endfacet
  facet normal -0 0 1
    outer loop
      vertex -113.279 -8.94306 4
      vertex -91.9 -26.25 4
      vertex -113.262 -8.6 4
    endloop
  endfacet
  facet normal -0 0 1
    outer loop
      vertex -113.279 -21.6431 4
      vertex -91.9 -26.25 4
      vertex -113.262 -21.3 4
    endloop
  endfacet
  facet normal -0 0 1
    outer loop
      vertex -113.33 -21.9828 4
      vertex -91.9 -26.25 4
      vertex -113.279 -21.6431 4
    endloop
  endfacet
  facet normal -0 0 1
    outer loop
      vertex -113.413 -22.316 4
      vertex -91.9 -26.25 4
      vertex -113.33 -21.9828 4
    endloop
  endfacet
  facet normal -0 0 1
    outer loop
      vertex -113.529 -22.6394 4
      vertex -91.9 -26.25 4
      vertex -113.413 -22.316 4
    endloop
  endfacet
  facet normal -0 0 1
    outer loop
      vertex -113.676 -22.9499 4
      vertex -91.9 -26.25 4
      vertex -113.529 -22.6394 4
    endloop
  endfacet
  facet normal -0 0 1
    outer loop
      vertex -113.852 -23.2445 4
      vertex -91.9 -26.25 4
      vertex -113.676 -22.9499 4
    endloop
  endfacet
  facet normal -0 0 1
    outer loop
      vertex -114.057 -23.5204 4
      vertex -91.9 -26.25 4
      vertex -113.852 -23.2445 4
    endloop
  endfacet
  facet normal -0 0 1
    outer loop
      vertex -114.288 -23.7749 4
      vertex -91.9 -26.25 4
      vertex -114.057 -23.5204 4
    endloop
  endfacet
  facet normal -0 0 1
    outer loop
      vertex -114.542 -24.0055 4
      vertex -91.9 -26.25 4
      vertex -114.288 -23.7749 4
    endloop
  endfacet
  facet normal -0 0 1
    outer loop
      vertex -114.818 -24.2101 4
      vertex -91.9 -26.25 4
      vertex -114.542 -24.0055 4
    endloop
  endfacet
  facet normal -0 0 1
    outer loop
      vertex -115.113 -24.3867 4
      vertex -91.9 -26.25 4
      vertex -114.818 -24.2101 4
    endloop
  endfacet
  facet normal -0 0 1
    outer loop
      vertex -115.423 -24.5336 4
      vertex -91.9 -26.25 4
      vertex -115.113 -24.3867 4
    endloop
  endfacet
  facet normal 0 0 1
    outer loop
      vertex -123 -29.5 4
      vertex -115.423 -24.5336 4
      vertex -115.747 -24.6493 4
    endloop
  endfacet
  facet normal 0 0 1
    outer loop
      vertex -123 -29.5 4
      vertex -115.747 -24.6493 4
      vertex -116.08 -24.7327 4
    endloop
  endfacet
  facet normal 0 0 1
    outer loop
      vertex -123 -29.5 4
      vertex -116.08 -24.7327 4
      vertex -116.419 -24.7831 4
    endloop
  endfacet
  facet normal 0 0 1
    outer loop
      vertex -123 -29.5 4
      vertex -116.419 -24.7831 4
      vertex -116.762 -24.8 4
    endloop
  endfacet
  facet normal 0 0 1
    outer loop
      vertex -123 -29.5 4
      vertex -116.762 -24.8 4
      vertex -119.762 -24.8 4
    endloop
  endfacet
  facet normal 0 0 1
    outer loop
      vertex -123 -29.5 4
      vertex -119.762 -24.8 4
      vertex -120.106 -24.7831 4
    endloop
  endfacet
  facet normal 0 0 1
    outer loop
      vertex -72 -26.25 4
      vertex -123 -29.5 4
      vertex -18.76 -29.5 4
    endloop
  endfacet
  facet normal 0 0 1
    outer loop
      vertex -115.423 -24.5336 4
      vertex -123 -29.5 4
      vertex -91.9 -26.25 4
    endloop
  endfacet
  facet normal 0 0 1
    outer loop
      vertex -120.445 -24.7327 4
      vertex -123 -29.5 4
      vertex -120.106 -24.7831 4
    endloop
  endfacet
  facet normal 0 0 1
    outer loop
      vertex -120.778 -24.6493 4
      vertex -123 -29.5 4
      vertex -120.445 -24.7327 4
    endloop
  endfacet
  facet normal 0 0 1
    outer loop
      vertex -121.102 -24.5336 4
      vertex -123 -29.5 4
      vertex -120.778 -24.6493 4
    endloop
  endfacet
  facet normal 0 0 1
    outer loop
      vertex -121.412 -24.3867 4
      vertex -123 -29.5 4
      vertex -121.102 -24.5336 4
    endloop
  endfacet
  facet normal 0 0 1
    outer loop
      vertex -121.707 -24.2101 4
      vertex -123 -29.5 4
      vertex -121.412 -24.3867 4
    endloop
  endfacet
  facet normal 0 0 1
    outer loop
      vertex -124.886 -29.0277 4
      vertex -121.707 -24.2101 4
      vertex -121.983 -24.0055 4
    endloop
  endfacet
  facet normal 0 0 1
    outer loop
      vertex -126.528 -27.3856 4
      vertex -121.983 -24.0055 4
      vertex -122.237 -23.7749 4
    endloop
  endfacet
  facet normal 0 0 1
    outer loop
      vertex -127 -25.5 4
      vertex -122.237 -23.7749 4
      vertex -122.468 -23.5204 4
    endloop
  endfacet
  facet normal 0 0 1
    outer loop
      vertex -127 -25.5 4
      vertex -122.468 -23.5204 4
      vertex -122.673 -23.2445 4
    endloop
  endfacet
  facet normal 0 0 1
    outer loop
      vertex -127 -25.5 4
      vertex -122.673 -23.2445 4
      vertex -122.849 -22.9499 4
    endloop
  endfacet
  facet normal 0 0 1
    outer loop
      vertex -127 -25.5 4
      vertex -122.849 -22.9499 4
      vertex -122.996 -22.6394 4
    endloop
  endfacet
  facet normal 0 0 1
    outer loop
      vertex -127 -25.5 4
      vertex -122.996 -22.6394 4
      vertex -123.112 -22.316 4
    endloop
  endfacet
  facet normal 0 0 1
    outer loop
      vertex -127 -25.5 4
      vertex -123.112 -22.316 4
      vertex -123.195 -21.9828 4
    endloop
  endfacet
  facet normal 0 0 1
    outer loop
      vertex -127 -25.5 4
      vertex -123.195 -21.9828 4
      vertex -123.246 -21.6431 4
    endloop
  endfacet
  facet normal 0 0 1
    outer loop
      vertex -127 -25.5 4
      vertex -123.246 -21.6431 4
      vertex -123.262 -21.3 4
    endloop
  endfacet
  facet normal 0 0 1
    outer loop
      vertex -122.237 -23.7749 4
      vertex -127 -25.5 4
      vertex -126.981 -25.8921 4
    endloop
  endfacet
  facet normal 0 0 1
    outer loop
      vertex -123.246 -8.25694 4
      vertex -127 -25.5 4
      vertex -123.262 -8.6 4
    endloop
  endfacet
  facet normal 0 0 1
    outer loop
      vertex -122.468 25.3704 4
      vertex -126.092 28.0376 4
      vertex -122.673 25.0945 4
    endloop
  endfacet
  facet normal 0 0 1
    outer loop
      vertex -123.246 -20.9569 4
      vertex -127 -25.5 4
      vertex -123.262 -21.3 4
    endloop
  endfacet
  facet normal -0 0 1
    outer loop
      vertex -126.326 27.7223 4
      vertex -122.673 25.0945 4
      vertex -126.092 28.0376 4
    endloop
  endfacet
  facet normal 0 0 1
    outer loop
      vertex -121.707 -24.2101 4
      vertex -123.392 -29.4807 4
      vertex -123 -29.5 4
    endloop
  endfacet
  facet normal -0 0 1
    outer loop
      vertex -126.528 27.3856 4
      vertex -122.673 25.0945 4
      vertex -126.326 27.7223 4
    endloop
  endfacet
  facet normal 0 0 1
    outer loop
      vertex -121.707 -24.2101 4
      vertex -123.78 -29.4231 4
      vertex -123.392 -29.4807 4
    endloop
  endfacet
  facet normal -0 0 1
    outer loop
      vertex -126.696 27.0307 4
      vertex -122.673 25.0945 4
      vertex -126.528 27.3856 4
    endloop
  endfacet
  facet normal 0 0 1
    outer loop
      vertex -121.707 -24.2101 4
      vertex -124.161 -29.3278 4
      vertex -123.78 -29.4231 4
    endloop
  endfacet
  facet normal 0 0 1
    outer loop
      vertex -122.673 25.0945 4
      vertex -126.696 27.0307 4
      vertex -122.849 24.7999 4
    endloop
  endfacet
  facet normal 0 0 1
    outer loop
      vertex -121.707 -24.2101 4
      vertex -124.531 -29.1955 4
      vertex -124.161 -29.3278 4
    endloop
  endfacet
  facet normal -0 0 1
    outer loop
      vertex -126.828 26.6611 4
      vertex -122.849 24.7999 4
      vertex -126.696 27.0307 4
    endloop
  endfacet
  facet normal 0 0 1
    outer loop
      vertex -121.707 -24.2101 4
      vertex -124.886 -29.0277 4
      vertex -124.531 -29.1955 4
    endloop
  endfacet
  facet normal -0 0 1
    outer loop
      vertex -126.923 26.2804 4
      vertex -122.849 24.7999 4
      vertex -126.828 26.6611 4
    endloop
  endfacet
  facet normal 0 0 1
    outer loop
      vertex -121.983 -24.0055 4
      vertex -125.222 -28.8259 4
      vertex -124.886 -29.0277 4
    endloop
  endfacet
  facet normal -0 0 1
    outer loop
      vertex -126.981 25.8921 4
      vertex -122.849 24.7999 4
      vertex -126.923 26.2804 4
    endloop
  endfacet
  facet normal 0 0 1
    outer loop
      vertex -121.983 -24.0055 4
      vertex -125.538 -28.592 4
      vertex -125.222 -28.8259 4
    endloop
  endfacet
  facet normal -0 0 1
    outer loop
      vertex -127 25.5 4
      vertex -122.849 24.7999 4
      vertex -126.981 25.8921 4
    endloop
  endfacet
  facet normal 0 0 1
    outer loop
      vertex -121.983 -24.0055 4
      vertex -125.828 -28.3284 4
      vertex -125.538 -28.592 4
    endloop
  endfacet
  facet normal 0 0 1
    outer loop
      vertex -122.849 24.7999 4
      vertex -127 25.5 4
      vertex -122.996 24.4894 4
    endloop
  endfacet
  facet normal 0 0 1
    outer loop
      vertex -121.983 -24.0055 4
      vertex -126.092 -28.0376 4
      vertex -125.828 -28.3284 4
    endloop
  endfacet
  facet normal 0 0 1
    outer loop
      vertex -122.996 24.4894 4
      vertex -127 25.5 4
      vertex -123.112 24.166 4
    endloop
  endfacet
  facet normal 0 0 1
    outer loop
      vertex -121.983 -24.0055 4
      vertex -126.326 -27.7223 4
      vertex -126.092 -28.0376 4
    endloop
  endfacet
  facet normal 0 0 1
    outer loop
      vertex -123.112 24.166 4
      vertex -127 25.5 4
      vertex -123.195 23.8328 4
    endloop
  endfacet
  facet normal 0 0 1
    outer loop
      vertex -121.983 -24.0055 4
      vertex -126.528 -27.3856 4
      vertex -126.326 -27.7223 4
    endloop
  endfacet
  facet normal 0 0 1
    outer loop
      vertex -123.195 23.8328 4
      vertex -127 25.5 4
      vertex -123.246 23.4931 4
    endloop
  endfacet
  facet normal 0 0 1
    outer loop
      vertex -122.237 -23.7749 4
      vertex -126.696 -27.0307 4
      vertex -126.528 -27.3856 4
    endloop
  endfacet
  facet normal 0 0 1
    outer loop
      vertex -123.246 23.4931 4
      vertex -127 25.5 4
      vertex -123.262 23.15 4
    endloop
  endfacet
  facet normal 0 0 1
    outer loop
      vertex -122.237 -23.7749 4
      vertex -126.828 -26.6611 4
      vertex -126.696 -27.0307 4
    endloop
  endfacet
  facet normal 0 0 1
    outer loop
      vertex -122.237 -23.7749 4
      vertex -126.923 -26.2804 4
      vertex -126.828 -26.6611 4
    endloop
  endfacet
  facet normal 0 0 1
    outer loop
      vertex -122.237 -23.7749 4
      vertex -126.981 -25.8921 4
      vertex -126.923 -26.2804 4
    endloop
  endfacet
  facet normal 0.514871 0.857268 -0
    outer loop
      vertex 125.222 28.8259 0
      vertex 124.886 29.0277 4
      vertex 125.222 28.8259 4
    endloop
  endfacet
  facet normal 0.514871 0.857268 0
    outer loop
      vertex 124.886 29.0277 4
      vertex 125.222 28.8259 0
      vertex 124.886 29.0277 0
    endloop
  endfacet
  facet normal -0.970247 0.242116 0
    outer loop
      vertex -126.923 26.2804 0
      vertex -126.828 26.6611 4
      vertex -126.828 26.6611 0
    endloop
  endfacet
  facet normal -0.970247 0.242116 0
    outer loop
      vertex -126.828 26.6611 4
      vertex -126.923 26.2804 0
      vertex -126.923 26.2804 4
    endloop
  endfacet
  facet normal -0.970247 -0.242116 0
    outer loop
      vertex -126.828 -26.6611 0
      vertex -126.923 -26.2804 4
      vertex -126.923 -26.2804 0
    endloop
  endfacet
  facet normal -0.970247 -0.242116 0
    outer loop
      vertex -126.923 -26.2804 4
      vertex -126.828 -26.6611 0
      vertex -126.828 -26.6611 4
    endloop
  endfacet
  facet normal -0.989028 0.14773 0
    outer loop
      vertex -126.981 25.8921 0
      vertex -126.923 26.2804 4
      vertex -126.923 26.2804 0
    endloop
  endfacet
  facet normal -0.989028 0.14773 0
    outer loop
      vertex -126.923 26.2804 4
      vertex -126.981 25.8921 0
      vertex -126.981 25.8921 4
    endloop
  endfacet
  facet normal 0.941742 -0.336336 0
    outer loop
      vertex 126.696 -27.0307 4
      vertex 126.828 -26.6611 0
      vertex 126.828 -26.6611 4
    endloop
  endfacet
  facet normal 0.941742 -0.336336 0
    outer loop
      vertex 126.828 -26.6611 0
      vertex 126.696 -27.0307 4
      vertex 126.696 -27.0307 0
    endloop
  endfacet
  facet normal -0.803015 -0.595958 0
    outer loop
      vertex -126.092 -28.0376 0
      vertex -126.326 -27.7223 4
      vertex -126.326 -27.7223 0
    endloop
  endfacet
  facet normal -0.803015 -0.595958 0
    outer loop
      vertex -126.326 -27.7223 4
      vertex -126.092 -28.0376 0
      vertex -126.092 -28.0376 4
    endloop
  endfacet
  facet normal -0.427342 0.90409 0
    outer loop
      vertex -124.531 29.1955 0
      vertex -124.886 29.0277 4
      vertex -124.531 29.1955 4
    endloop
  endfacet
  facet normal -0.427342 0.90409 0
    outer loop
      vertex -124.886 29.0277 4
      vertex -124.531 29.1955 0
      vertex -124.886 29.0277 0
    endloop
  endfacet
  facet normal 0.803015 0.595958 0
    outer loop
      vertex 126.326 27.7223 4
      vertex 126.092 28.0376 0
      vertex 126.092 28.0376 4
    endloop
  endfacet
  facet normal 0.803015 0.595958 0
    outer loop
      vertex 126.092 28.0376 0
      vertex 126.326 27.7223 4
      vertex 126.326 27.7223 0
    endloop
  endfacet
  facet normal -0.903847 -0.427856 0
    outer loop
      vertex -126.528 -27.3856 0
      vertex -126.696 -27.0307 4
      vertex -126.696 -27.0307 0
    endloop
  endfacet
  facet normal -0.903847 -0.427856 0
    outer loop
      vertex -126.696 -27.0307 4
      vertex -126.528 -27.3856 0
      vertex -126.528 -27.3856 4
    endloop
  endfacet
  facet normal 0.803015 -0.595958 0
    outer loop
      vertex 126.092 -28.0376 4
      vertex 126.326 -27.7223 0
      vertex 126.326 -27.7223 4
    endloop
  endfacet
  facet normal 0.803015 -0.595958 0
    outer loop
      vertex 126.326 -27.7223 0
      vertex 126.092 -28.0376 4
      vertex 126.092 -28.0376 0
    endloop
  endfacet
  facet normal -0.903847 0.427856 0
    outer loop
      vertex -126.696 27.0307 0
      vertex -126.528 27.3856 4
      vertex -126.528 27.3856 0
    endloop
  endfacet
  facet normal -0.903847 0.427856 0
    outer loop
      vertex -126.528 27.3856 4
      vertex -126.696 27.0307 0
      vertex -126.696 27.0307 4
    endloop
  endfacet
  facet normal -0.857515 -0.514458 0
    outer loop
      vertex -126.326 -27.7223 0
      vertex -126.528 -27.3856 4
      vertex -126.528 -27.3856 0
    endloop
  endfacet
  facet normal -0.857515 -0.514458 0
    outer loop
      vertex -126.528 -27.3856 4
      vertex -126.326 -27.7223 0
      vertex -126.326 -27.7223 4
    endloop
  endfacet
  facet normal 0.0491751 0.99879 -0
    outer loop
      vertex 123.392 29.4807 0
      vertex 123 29.5 4
      vertex 123.392 29.4807 4
    endloop
  endfacet
  facet normal 0.0491751 0.99879 0
    outer loop
      vertex 123 29.5 4
      vertex 123.392 29.4807 0
      vertex 123 29.5 0
    endloop
  endfacet
  facet normal 0.970247 -0.242116 0
    outer loop
      vertex 126.828 -26.6611 4
      vertex 126.923 -26.2804 0
      vertex 126.923 -26.2804 4
    endloop
  endfacet
  facet normal 0.970247 -0.242116 0
    outer loop
      vertex 126.923 -26.2804 0
      vertex 126.828 -26.6611 4
      vertex 126.828 -26.6611 0
    endloop
  endfacet
  facet normal -0.594942 -0.803769 0
    outer loop
      vertex -125.538 -28.592 0
      vertex -125.222 -28.8259 4
      vertex -125.538 -28.592 4
    endloop
  endfacet
  facet normal -0.594942 -0.803769 -0
    outer loop
      vertex -125.222 -28.8259 4
      vertex -125.538 -28.592 0
      vertex -125.222 -28.8259 0
    endloop
  endfacet
  facet normal 0.146844 0.98916 -0
    outer loop
      vertex 123.78 29.4231 0
      vertex 123.392 29.4807 4
      vertex 123.78 29.4231 4
    endloop
  endfacet
  facet normal 0.146844 0.98916 0
    outer loop
      vertex 123.392 29.4807 4
      vertex 123.78 29.4231 0
      vertex 123.392 29.4807 0
    endloop
  endfacet
  facet normal -0.740401 -0.672166 0
    outer loop
      vertex -125.828 -28.3284 0
      vertex -126.092 -28.0376 4
      vertex -126.092 -28.0376 0
    endloop
  endfacet
  facet normal -0.740401 -0.672166 0
    outer loop
      vertex -126.092 -28.0376 4
      vertex -125.828 -28.3284 0
      vertex -125.828 -28.3284 4
    endloop
  endfacet
  facet normal 0.336691 -0.941615 0
    outer loop
      vertex 124.161 -29.3278 0
      vertex 124.531 -29.1955 4
      vertex 124.161 -29.3278 4
    endloop
  endfacet
  facet normal 0.336691 -0.941615 0
    outer loop
      vertex 124.531 -29.1955 4
      vertex 124.161 -29.3278 0
      vertex 124.531 -29.1955 0
    endloop
  endfacet
  facet normal 0.857515 -0.514458 0
    outer loop
      vertex 126.326 -27.7223 4
      vertex 126.528 -27.3856 0
      vertex 126.528 -27.3856 4
    endloop
  endfacet
  facet normal 0.857515 -0.514458 0
    outer loop
      vertex 126.528 -27.3856 0
      vertex 126.326 -27.7223 4
      vertex 126.326 -27.7223 0
    endloop
  endfacet
  facet normal 0.989028 -0.14773 0
    outer loop
      vertex 126.923 -26.2804 4
      vertex 126.981 -25.8921 0
      vertex 126.981 -25.8921 4
    endloop
  endfacet
  facet normal 0.989028 -0.14773 0
    outer loop
      vertex 126.981 -25.8921 0
      vertex 126.923 -26.2804 4
      vertex 126.923 -26.2804 0
    endloop
  endfacet
  facet normal 0.242655 -0.970113 0
    outer loop
      vertex 123.78 -29.4231 0
      vertex 124.161 -29.3278 4
      vertex 123.78 -29.4231 4
    endloop
  endfacet
  facet normal 0.242655 -0.970113 0
    outer loop
      vertex 124.161 -29.3278 4
      vertex 123.78 -29.4231 0
      vertex 124.161 -29.3278 0
    endloop
  endfacet
  facet normal -0.0491751 -0.99879 0
    outer loop
      vertex -123.392 -29.4807 0
      vertex -123 -29.5 4
      vertex -123.392 -29.4807 4
    endloop
  endfacet
  facet normal -0.0491751 -0.99879 -0
    outer loop
      vertex -123 -29.5 4
      vertex -123.392 -29.4807 0
      vertex -123 -29.5 0
    endloop
  endfacet
  facet normal -0.514871 -0.857268 0
    outer loop
      vertex -125.222 -28.8259 0
      vertex -124.886 -29.0277 4
      vertex -125.222 -28.8259 4
    endloop
  endfacet
  facet normal -0.514871 -0.857268 -0
    outer loop
      vertex -124.886 -29.0277 4
      vertex -125.222 -28.8259 0
      vertex -124.886 -29.0277 0
    endloop
  endfacet
  facet normal -0.427342 -0.90409 0
    outer loop
      vertex -124.886 -29.0277 0
      vertex -124.531 -29.1955 4
      vertex -124.886 -29.0277 4
    endloop
  endfacet
  facet normal -0.427342 -0.90409 -0
    outer loop
      vertex -124.531 -29.1955 4
      vertex -124.886 -29.0277 0
      vertex -124.531 -29.1955 0
    endloop
  endfacet
  facet normal -0.242655 -0.970113 0
    outer loop
      vertex -124.161 -29.3278 0
      vertex -123.78 -29.4231 4
      vertex -124.161 -29.3278 4
    endloop
  endfacet
  facet normal -0.242655 -0.970113 -0
    outer loop
      vertex -123.78 -29.4231 4
      vertex -124.161 -29.3278 0
      vertex -123.78 -29.4231 0
    endloop
  endfacet
  facet normal -0.941742 -0.336336 0
    outer loop
      vertex -126.696 -27.0307 0
      vertex -126.828 -26.6611 4
      vertex -126.828 -26.6611 0
    endloop
  endfacet
  facet normal -0.941742 -0.336336 0
    outer loop
      vertex -126.828 -26.6611 4
      vertex -126.696 -27.0307 0
      vertex -126.696 -27.0307 4
    endloop
  endfacet
  facet normal -0.989174 -0.146746 0
    outer loop
      vertex -30.0482 -18.0484 4
      vertex -30.1994 -17.0292 141
      vertex -30.1994 -17.0292 4
    endloop
  endfacet
  facet normal -0.989174 -0.146746 0
    outer loop
      vertex -30.1994 -17.0292 141
      vertex -30.0482 -18.0484 4
      vertex -30.0482 -18.0484 141
    endloop
  endfacet
  facet normal -1 0 0
    outer loop
      vertex -30.25 -16 4
      vertex -30.25 16 141
      vertex -30.25 16 4
    endloop
  endfacet
  facet normal -1 -0 0
    outer loop
      vertex -30.25 16 141
      vertex -30.25 -16 4
      vertex -30.25 -16 141
    endloop
  endfacet
  facet normal -0.998794 0.0491051 0
    outer loop
      vertex -30.25 16 4
      vertex -30.1994 17.0292 141
      vertex -30.1994 17.0292 4
    endloop
  endfacet
  facet normal -0.998794 0.0491051 0
    outer loop
      vertex -30.1994 17.0292 141
      vertex -30.25 16 4
      vertex -30.25 16 141
    endloop
  endfacet
  facet normal -0.242901 0.970051 0
    outer loop
      vertex -21.7984 26.2982 4
      vertex -22.798 26.0479 141
      vertex -21.7984 26.2982 141
    endloop
  endfacet
  facet normal -0.242901 0.970051 0
    outer loop
      vertex -22.798 26.0479 141
      vertex -21.7984 26.2982 4
      vertex -22.798 26.0479 4
    endloop
  endfacet
  facet normal -0.904014 -0.427502 0
    outer loop
      vertex -29.0102 -20.9497 4
      vertex -29.4507 -20.0182 141
      vertex -29.4507 -20.0182 4
    endloop
  endfacet
  facet normal -0.904014 -0.427502 0
    outer loop
      vertex -29.4507 -20.0182 141
      vertex -29.0102 -20.9497 4
      vertex -29.0102 -20.9497 141
    endloop
  endfacet
  facet normal -0.242901 -0.970051 0
    outer loop
      vertex -22.798 -26.0479 4
      vertex -21.7984 -26.2982 141
      vertex -22.798 -26.0479 141
    endloop
  endfacet
  facet normal -0.242901 -0.970051 -0
    outer loop
      vertex -21.7984 -26.2982 141
      vertex -22.798 -26.0479 4
      vertex -21.7984 -26.2982 4
    endloop
  endfacet
  facet normal -0.998794 -0.0491051 0
    outer loop
      vertex -30.1994 -17.0292 4
      vertex -30.25 -16 141
      vertex -30.25 -16 4
    endloop
  endfacet
  facet normal -0.998794 -0.0491051 0
    outer loop
      vertex -30.25 -16 141
      vertex -30.1994 -17.0292 4
      vertex -30.1994 -17.0292 141
    endloop
  endfacet
  facet normal -0.989174 0.146746 0
    outer loop
      vertex -30.1994 17.0292 4
      vertex -30.0482 18.0484 141
      vertex -30.0482 18.0484 4
    endloop
  endfacet
  facet normal -0.989174 0.146746 0
    outer loop
      vertex -30.0482 18.0484 141
      vertex -30.1994 17.0292 4
      vertex -30.1994 17.0292 141
    endloop
  endfacet
  facet normal 0 -1 0
    outer loop
      vertex 82.9515 -26.5 127.845
      vertex 100.25 -26.5 141
      vertex -2.4515 -26.5 127.845
    endloop
  endfacet
  facet normal 0 -1 0
    outer loop
      vertex -19.75 -26.5 141
      vertex -3.43981 -26.5 127.796
      vertex -2.4515 -26.5 127.845
    endloop
  endfacet
  facet normal 0 -1 0
    outer loop
      vertex -19.75 -26.5 141
      vertex -4.4186 -26.5 127.651
      vertex -3.43981 -26.5 127.796
    endloop
  endfacet
  facet normal 0 -1 0
    outer loop
      vertex -15.76 -26.5 131
      vertex -5.37844 -26.5 127.411
      vertex -4.4186 -26.5 127.651
    endloop
  endfacet
  facet normal 0 -1 0
    outer loop
      vertex -15.76 -26.5 131
      vertex -6.3101 -26.5 127.077
      vertex -5.37844 -26.5 127.411
    endloop
  endfacet
  facet normal 0 -1 0
    outer loop
      vertex -15.76 -26.5 131
      vertex -7.20459 -26.5 126.654
      vertex -6.3101 -26.5 127.077
    endloop
  endfacet
  facet normal 0 -1 0
    outer loop
      vertex -15.76 -26.5 131
      vertex -8.05332 -26.5 126.146
      vertex -7.20459 -26.5 126.654
    endloop
  endfacet
  facet normal 0 -1 0
    outer loop
      vertex -15.76 -26.5 131
      vertex -8.84809 -26.5 125.556
      vertex -8.05332 -26.5 126.146
    endloop
  endfacet
  facet normal 0 -1 0
    outer loop
      vertex -15.76 -26.5 131
      vertex -9.58126 -26.5 124.892
      vertex -8.84809 -26.5 125.556
    endloop
  endfacet
  facet normal 0 -1 0
    outer loop
      vertex -15.76 -26.5 131
      vertex -10.2458 -26.5 124.159
      vertex -9.58126 -26.5 124.892
    endloop
  endfacet
  facet normal 0 -1 0
    outer loop
      vertex -15.76 -26.5 131
      vertex -10.8352 -26.5 123.364
      vertex -10.2458 -26.5 124.159
    endloop
  endfacet
  facet normal 0 -1 0
    outer loop
      vertex -15.76 -26.5 131
      vertex -11.3439 -26.5 122.515
      vertex -10.8352 -26.5 123.364
    endloop
  endfacet
  facet normal 0 -1 0
    outer loop
      vertex -15.76 -26.5 131
      vertex -11.767 -26.5 121.621
      vertex -11.3439 -26.5 122.515
    endloop
  endfacet
  facet normal 0 -1 0
    outer loop
      vertex -15.76 -26.5 131
      vertex -12.1003 -26.5 120.689
      vertex -11.767 -26.5 121.621
    endloop
  endfacet
  facet normal 0 -1 0
    outer loop
      vertex -15.76 -26.5 131
      vertex -12.3408 -26.5 119.729
      vertex -12.1003 -26.5 120.689
    endloop
  endfacet
  facet normal 0 -1 0
    outer loop
      vertex -15.76 -26.5 131
      vertex -12.4859 -26.5 118.75
      vertex -12.3408 -26.5 119.729
    endloop
  endfacet
  facet normal 0 -1 0
    outer loop
      vertex -15.76 -26.5 131
      vertex -12.5345 -26.5 117.762
      vertex -12.4859 -26.5 118.75
    endloop
  endfacet
  facet normal 0 -1 0
    outer loop
      vertex -15.76 -26.5 131
      vertex -12.5345 -26.5 26.189
      vertex -12.5345 -26.5 117.762
    endloop
  endfacet
  facet normal 0 -1 -0
    outer loop
      vertex -2.4515 -26.5 16.106
      vertex -15.76 -26.5 4
      vertex 82.9515 -26.5 16.106
    endloop
  endfacet
  facet normal 0 -1 -0
    outer loop
      vertex -3.43981 -26.5 16.1546
      vertex -15.76 -26.5 4
      vertex -2.4515 -26.5 16.106
    endloop
  endfacet
  facet normal 0 -1 -0
    outer loop
      vertex -4.4186 -26.5 16.2997
      vertex -15.76 -26.5 4
      vertex -3.43981 -26.5 16.1546
    endloop
  endfacet
  facet normal 0 -1 -0
    outer loop
      vertex -5.37844 -26.5 16.5402
      vertex -15.76 -26.5 4
      vertex -4.4186 -26.5 16.2997
    endloop
  endfacet
  facet normal 0 -1 -0
    outer loop
      vertex -6.3101 -26.5 16.8735
      vertex -15.76 -26.5 4
      vertex -5.37844 -26.5 16.5402
    endloop
  endfacet
  facet normal 0 -1 -0
    outer loop
      vertex -7.20459 -26.5 17.2966
      vertex -15.76 -26.5 4
      vertex -6.3101 -26.5 16.8735
    endloop
  endfacet
  facet normal 0 -1 -0
    outer loop
      vertex -8.05332 -26.5 17.8053
      vertex -15.76 -26.5 4
      vertex -7.20459 -26.5 17.2966
    endloop
  endfacet
  facet normal 0 -1 -0
    outer loop
      vertex -8.84809 -26.5 18.3947
      vertex -15.76 -26.5 4
      vertex -8.05332 -26.5 17.8053
    endloop
  endfacet
  facet normal 0 -1 -0
    outer loop
      vertex -9.58126 -26.5 19.0592
      vertex -15.76 -26.5 4
      vertex -8.84809 -26.5 18.3947
    endloop
  endfacet
  facet normal 0 -1 -0
    outer loop
      vertex -10.2458 -26.5 19.7924
      vertex -15.76 -26.5 4
      vertex -9.58126 -26.5 19.0592
    endloop
  endfacet
  facet normal 0 -1 -0
    outer loop
      vertex -10.8352 -26.5 20.5872
      vertex -15.76 -26.5 4
      vertex -10.2458 -26.5 19.7924
    endloop
  endfacet
  facet normal 0 -1 -0
    outer loop
      vertex -11.3439 -26.5 21.4359
      vertex -15.76 -26.5 4
      vertex -10.8352 -26.5 20.5872
    endloop
  endfacet
  facet normal 0 -1 -0
    outer loop
      vertex -11.767 -26.5 22.3304
      vertex -15.76 -26.5 4
      vertex -11.3439 -26.5 21.4359
    endloop
  endfacet
  facet normal 0 -1 -0
    outer loop
      vertex -12.1003 -26.5 23.2621
      vertex -15.76 -26.5 4
      vertex -11.767 -26.5 22.3304
    endloop
  endfacet
  facet normal 0 -1 -0
    outer loop
      vertex -12.3408 -26.5 24.2219
      vertex -15.76 -26.5 4
      vertex -12.1003 -26.5 23.2621
    endloop
  endfacet
  facet normal 0 -1 -0
    outer loop
      vertex -12.4859 -26.5 25.2007
      vertex -15.76 -26.5 4
      vertex -12.3408 -26.5 24.2219
    endloop
  endfacet
  facet normal 0 -1 -0
    outer loop
      vertex -12.5345 -26.5 26.189
      vertex -15.76 -26.5 4
      vertex -12.4859 -26.5 25.2007
    endloop
  endfacet
  facet normal 0 -1 0
    outer loop
      vertex -15.76 -26.5 4
      vertex -12.5345 -26.5 26.189
      vertex -15.76 -26.5 131
    endloop
  endfacet
  facet normal 0 -1 0
    outer loop
      vertex -15.76 -26.5 131
      vertex -19.75 -26.5 141
      vertex -18.76 -26.5 131
    endloop
  endfacet
  facet normal 0 -1 0
    outer loop
      vertex -19.75 -26.5 4
      vertex -18.76 -26.5 131
      vertex -19.75 -26.5 141
    endloop
  endfacet
  facet normal 0 -1 -0
    outer loop
      vertex -18.76 -26.5 131
      vertex -19.75 -26.5 4
      vertex -18.76 -26.5 4
    endloop
  endfacet
  facet normal 0 -1 0
    outer loop
      vertex -4.4186 -26.5 127.651
      vertex -19.75 -26.5 141
      vertex -15.76 -26.5 131
    endloop
  endfacet
  facet normal 0 -1 0
    outer loop
      vertex -19.75 -26.5 141
      vertex -2.4515 -26.5 127.845
      vertex 100.25 -26.5 141
    endloop
  endfacet
  facet normal 0 -1 0
    outer loop
      vertex 99.26 -26.5 131
      vertex 100.25 -26.5 141
      vertex 96.26 -26.5 131
    endloop
  endfacet
  facet normal 0 -1 0
    outer loop
      vertex 100.25 -26.5 4
      vertex 99.26 -26.5 131
      vertex 99.26 -26.5 4
    endloop
  endfacet
  facet normal 0 -1 0
    outer loop
      vertex 99.26 -26.5 131
      vertex 100.25 -26.5 4
      vertex 100.25 -26.5 141
    endloop
  endfacet
  facet normal 0 -1 0
    outer loop
      vertex 83.9398 -26.5 127.796
      vertex 100.25 -26.5 141
      vertex 82.9515 -26.5 127.845
    endloop
  endfacet
  facet normal 0 -1 0
    outer loop
      vertex 84.9186 -26.5 127.651
      vertex 100.25 -26.5 141
      vertex 83.9398 -26.5 127.796
    endloop
  endfacet
  facet normal 0 -1 0
    outer loop
      vertex 100.25 -26.5 141
      vertex 84.9186 -26.5 127.651
      vertex 96.26 -26.5 131
    endloop
  endfacet
  facet normal 0 -1 0
    outer loop
      vertex 85.8784 -26.5 127.411
      vertex 96.26 -26.5 131
      vertex 84.9186 -26.5 127.651
    endloop
  endfacet
  facet normal 0 -1 0
    outer loop
      vertex 86.8101 -26.5 127.077
      vertex 96.26 -26.5 131
      vertex 85.8784 -26.5 127.411
    endloop
  endfacet
  facet normal 0 -1 0
    outer loop
      vertex 87.7046 -26.5 126.654
      vertex 96.26 -26.5 131
      vertex 86.8101 -26.5 127.077
    endloop
  endfacet
  facet normal 0 -1 0
    outer loop
      vertex 88.5533 -26.5 126.146
      vertex 96.26 -26.5 131
      vertex 87.7046 -26.5 126.654
    endloop
  endfacet
  facet normal 0 -1 0
    outer loop
      vertex 89.3481 -26.5 125.556
      vertex 96.26 -26.5 131
      vertex 88.5533 -26.5 126.146
    endloop
  endfacet
  facet normal 0 -1 0
    outer loop
      vertex 90.0813 -26.5 124.892
      vertex 96.26 -26.5 131
      vertex 89.3481 -26.5 125.556
    endloop
  endfacet
  facet normal 0 -1 0
    outer loop
      vertex 90.7458 -26.5 124.159
      vertex 96.26 -26.5 131
      vertex 90.0813 -26.5 124.892
    endloop
  endfacet
  facet normal 0 -1 0
    outer loop
      vertex 91.3352 -26.5 123.364
      vertex 96.26 -26.5 131
      vertex 90.7458 -26.5 124.159
    endloop
  endfacet
  facet normal 0 -1 0
    outer loop
      vertex 91.8439 -26.5 122.515
      vertex 96.26 -26.5 131
      vertex 91.3352 -26.5 123.364
    endloop
  endfacet
  facet normal 0 -1 0
    outer loop
      vertex 92.267 -26.5 121.621
      vertex 96.26 -26.5 131
      vertex 91.8439 -26.5 122.515
    endloop
  endfacet
  facet normal 0 -1 0
    outer loop
      vertex 92.6003 -26.5 120.689
      vertex 96.26 -26.5 131
      vertex 92.267 -26.5 121.621
    endloop
  endfacet
  facet normal 0 -1 0
    outer loop
      vertex 92.8408 -26.5 119.729
      vertex 96.26 -26.5 131
      vertex 92.6003 -26.5 120.689
    endloop
  endfacet
  facet normal 0 -1 0
    outer loop
      vertex 92.9859 -26.5 118.75
      vertex 96.26 -26.5 131
      vertex 92.8408 -26.5 119.729
    endloop
  endfacet
  facet normal 0 -1 0
    outer loop
      vertex 93.0345 -26.5 117.762
      vertex 96.26 -26.5 131
      vertex 92.9859 -26.5 118.75
    endloop
  endfacet
  facet normal 0 -1 0
    outer loop
      vertex 93.0345 -26.5 26.189
      vertex 96.26 -26.5 131
      vertex 93.0345 -26.5 117.762
    endloop
  endfacet
  facet normal 0 -1 0
    outer loop
      vertex 96.26 -26.5 4
      vertex 82.9515 -26.5 16.106
      vertex -15.76 -26.5 4
    endloop
  endfacet
  facet normal 0 -1 0
    outer loop
      vertex 93.0345 -26.5 26.189
      vertex 96.26 -26.5 4
      vertex 96.26 -26.5 131
    endloop
  endfacet
  facet normal 0 -1 0
    outer loop
      vertex 92.9859 -26.5 25.2007
      vertex 96.26 -26.5 4
      vertex 93.0345 -26.5 26.189
    endloop
  endfacet
  facet normal 0 -1 0
    outer loop
      vertex 92.8408 -26.5 24.2219
      vertex 96.26 -26.5 4
      vertex 92.9859 -26.5 25.2007
    endloop
  endfacet
  facet normal 0 -1 0
    outer loop
      vertex 92.6003 -26.5 23.2621
      vertex 96.26 -26.5 4
      vertex 92.8408 -26.5 24.2219
    endloop
  endfacet
  facet normal 0 -1 0
    outer loop
      vertex 92.267 -26.5 22.3304
      vertex 96.26 -26.5 4
      vertex 92.6003 -26.5 23.2621
    endloop
  endfacet
  facet normal 0 -1 0
    outer loop
      vertex 91.8439 -26.5 21.4359
      vertex 96.26 -26.5 4
      vertex 92.267 -26.5 22.3304
    endloop
  endfacet
  facet normal 0 -1 0
    outer loop
      vertex 91.3352 -26.5 20.5872
      vertex 96.26 -26.5 4
      vertex 91.8439 -26.5 21.4359
    endloop
  endfacet
  facet normal 0 -1 0
    outer loop
      vertex 90.7458 -26.5 19.7924
      vertex 96.26 -26.5 4
      vertex 91.3352 -26.5 20.5872
    endloop
  endfacet
  facet normal 0 -1 0
    outer loop
      vertex 90.0813 -26.5 19.0592
      vertex 96.26 -26.5 4
      vertex 90.7458 -26.5 19.7924
    endloop
  endfacet
  facet normal 0 -1 0
    outer loop
      vertex 89.3481 -26.5 18.3947
      vertex 96.26 -26.5 4
      vertex 90.0813 -26.5 19.0592
    endloop
  endfacet
  facet normal 0 -1 0
    outer loop
      vertex 88.5533 -26.5 17.8053
      vertex 96.26 -26.5 4
      vertex 89.3481 -26.5 18.3947
    endloop
  endfacet
  facet normal 0 -1 0
    outer loop
      vertex 87.7046 -26.5 17.2966
      vertex 96.26 -26.5 4
      vertex 88.5533 -26.5 17.8053
    endloop
  endfacet
  facet normal 0 -1 0
    outer loop
      vertex 86.8101 -26.5 16.8735
      vertex 96.26 -26.5 4
      vertex 87.7046 -26.5 17.2966
    endloop
  endfacet
  facet normal 0 -1 0
    outer loop
      vertex 85.8784 -26.5 16.5402
      vertex 96.26 -26.5 4
      vertex 86.8101 -26.5 16.8735
    endloop
  endfacet
  facet normal 0 -1 0
    outer loop
      vertex 84.9186 -26.5 16.2997
      vertex 96.26 -26.5 4
      vertex 85.8784 -26.5 16.5402
    endloop
  endfacet
  facet normal 0 -1 0
    outer loop
      vertex 83.9398 -26.5 16.1546
      vertex 96.26 -26.5 4
      vertex 84.9186 -26.5 16.2997
    endloop
  endfacet
  facet normal 0 -1 0
    outer loop
      vertex 82.9515 -26.5 16.106
      vertex 96.26 -26.5 4
      vertex 83.9398 -26.5 16.1546
    endloop
  endfacet
  facet normal 0.146774 0.98917 -0
    outer loop
      vertex 102.298 26.2982 4
      vertex 101.279 26.4494 141
      vertex 102.298 26.2982 141
    endloop
  endfacet
  facet normal 0.146774 0.98917 0
    outer loop
      vertex 101.279 26.4494 141
      vertex 102.298 26.2982 4
      vertex 101.279 26.4494 4
    endloop
  endfacet
  facet normal 0.59552 -0.803341 0
    outer loop
      vertex 106.083 -24.7304 4
      vertex 106.911 -24.1166 141
      vertex 106.083 -24.7304 141
    endloop
  endfacet
  facet normal 0.59552 -0.803341 0
    outer loop
      vertex 106.911 -24.1166 141
      vertex 106.083 -24.7304 4
      vertex 106.911 -24.1166 4
    endloop
  endfacet
  facet normal -0.0491051 0.998794 0
    outer loop
      vertex -19.75 26.5 4
      vertex -20.7792 26.4494 141
      vertex -19.75 26.5 141
    endloop
  endfacet
  facet normal -0.0491051 0.998794 0
    outer loop
      vertex -20.7792 26.4494 141
      vertex -19.75 26.5 4
      vertex -20.7792 26.4494 4
    endloop
  endfacet
  facet normal -0.671561 -0.740949 0
    outer loop
      vertex -27.1746 -23.4246 4
      vertex -26.4111 -24.1166 141
      vertex -27.1746 -23.4246 141
    endloop
  endfacet
  facet normal -0.671561 -0.740949 -0
    outer loop
      vertex -26.4111 -24.1166 141
      vertex -27.1746 -23.4246 4
      vertex -26.4111 -24.1166 4
    endloop
  endfacet
  facet normal 0.0491146 0.998793 -0
    outer loop
      vertex 101.279 26.4494 4
      vertex 100.25 26.5 141
      vertex 101.279 26.4494 141
    endloop
  endfacet
  facet normal 0.0491146 0.998793 0
    outer loop
      vertex 100.25 26.5 141
      vertex 101.279 26.4494 4
      vertex 100.25 26.5 4
    endloop
  endfacet
  facet normal 0.989202 -0.146556 0
    outer loop
      vertex 110.548 -18.0484 141
      vertex 110.699 -17.0292 4
      vertex 110.699 -17.0292 141
    endloop
  endfacet
  facet normal 0.989202 -0.146556 0
    outer loop
      vertex 110.699 -17.0292 4
      vertex 110.548 -18.0484 141
      vertex 110.548 -18.0484 4
    endloop
  endfacet
  facet normal 0.989202 0.146556 0
    outer loop
      vertex 110.699 17.0292 141
      vertex 110.548 18.0484 4
      vertex 110.548 18.0484 141
    endloop
  endfacet
  facet normal 0.989202 0.146556 0
    outer loop
      vertex 110.548 18.0484 4
      vertex 110.699 17.0292 141
      vertex 110.699 17.0292 4
    endloop
  endfacet
  facet normal 0.803574 -0.595204 0
    outer loop
      vertex 108.367 -22.6611 141
      vertex 108.98 -21.8335 4
      vertex 108.98 -21.8335 141
    endloop
  endfacet
  facet normal 0.803574 -0.595204 0
    outer loop
      vertex 108.98 -21.8335 4
      vertex 108.367 -22.6611 141
      vertex 108.367 -22.6611 4
    endloop
  endfacet
  facet normal 0.998775 0.0494923 0
    outer loop
      vertex 110.75 16 141
      vertex 110.699 17.0292 4
      vertex 110.699 17.0292 141
    endloop
  endfacet
  facet normal 0.998775 0.0494923 0
    outer loop
      vertex 110.699 17.0292 4
      vertex 110.75 16 141
      vertex 110.75 16 4
    endloop
  endfacet
  facet normal -0.427502 0.904014 0
    outer loop
      vertex -23.7682 25.7007 4
      vertex -24.6997 25.2602 141
      vertex -23.7682 25.7007 141
    endloop
  endfacet
  facet normal -0.427502 0.904014 0
    outer loop
      vertex -24.6997 25.2602 141
      vertex -23.7682 25.7007 4
      vertex -24.6997 25.2602 4
    endloop
  endfacet
  facet normal -0.857698 0.514153 0
    outer loop
      vertex -29.0102 20.9497 4
      vertex -28.4804 21.8335 141
      vertex -28.4804 21.8335 4
    endloop
  endfacet
  facet normal -0.857698 0.514153 0
    outer loop
      vertex -28.4804 21.8335 141
      vertex -29.0102 20.9497 4
      vertex -29.0102 20.9497 141
    endloop
  endfacet
  facet normal 0.998775 -0.0494923 0
    outer loop
      vertex 110.699 -17.0292 141
      vertex 110.75 -16 4
      vertex 110.75 -16 141
    endloop
  endfacet
  facet normal 0.998775 -0.0494923 0
    outer loop
      vertex 110.75 -16 4
      vertex 110.699 -17.0292 141
      vertex 110.699 -17.0292 4
    endloop
  endfacet
  facet normal 0.97012 0.242627 0
    outer loop
      vertex 110.548 18.0484 141
      vertex 110.298 19.048 4
      vertex 110.298 19.048 141
    endloop
  endfacet
  facet normal 0.97012 0.242627 0
    outer loop
      vertex 110.298 19.048 4
      vertex 110.548 18.0484 141
      vertex 110.548 18.0484 4
    endloop
  endfacet
  facet normal 0.337 0.941505 -0
    outer loop
      vertex 104.268 25.7007 4
      vertex 103.298 26.0479 141
      vertex 104.268 25.7007 141
    endloop
  endfacet
  facet normal 0.337 0.941505 0
    outer loop
      vertex 103.298 26.0479 141
      vertex 104.268 25.7007 4
      vertex 103.298 26.0479 4
    endloop
  endfacet
  facet normal -0.970051 -0.242901 0
    outer loop
      vertex -29.7979 -19.048 4
      vertex -30.0482 -18.0484 141
      vertex -30.0482 -18.0484 4
    endloop
  endfacet
  facet normal -0.970051 -0.242901 0
    outer loop
      vertex -30.0482 -18.0484 141
      vertex -29.7979 -19.048 4
      vertex -29.7979 -19.048 141
    endloop
  endfacet
  facet normal -0.514153 0.857698 0
    outer loop
      vertex -24.6997 25.2602 4
      vertex -25.5835 24.7304 141
      vertex -24.6997 25.2602 141
    endloop
  endfacet
  facet normal -0.514153 0.857698 0
    outer loop
      vertex -25.5835 24.7304 141
      vertex -24.6997 25.2602 4
      vertex -25.5835 24.7304 4
    endloop
  endfacet
  facet normal -0.0491051 -0.998794 0
    outer loop
      vertex -20.7792 -26.4494 4
      vertex -19.75 -26.5 141
      vertex -20.7792 -26.4494 141
    endloop
  endfacet
  facet normal -0.0491051 -0.998794 -0
    outer loop
      vertex -19.75 -26.5 141
      vertex -20.7792 -26.4494 4
      vertex -19.75 -26.5 4
    endloop
  endfacet
  facet normal -0.941527 0.336939 0
    outer loop
      vertex -29.7979 19.048 4
      vertex -29.4507 20.0182 141
      vertex -29.4507 20.0182 4
    endloop
  endfacet
  facet normal -0.941527 0.336939 0
    outer loop
      vertex -29.4507 20.0182 141
      vertex -29.7979 19.048 4
      vertex -29.7979 19.048 141
    endloop
  endfacet
  facet normal 0.427315 -0.904103 0
    outer loop
      vertex 104.268 -25.7007 4
      vertex 105.2 -25.2602 141
      vertex 104.268 -25.7007 141
    endloop
  endfacet
  facet normal 0.427315 -0.904103 0
    outer loop
      vertex 105.2 -25.2602 141
      vertex 104.268 -25.7007 4
      vertex 105.2 -25.2602 4
    endloop
  endfacet
  facet normal 0 1 0
    outer loop
      vertex 100.25 26.5 141
      vertex 87.677 26.5 131
      vertex -19.75 26.5 141
    endloop
  endfacet
  facet normal 0 1 0
    outer loop
      vertex 100.25 26.5 141
      vertex 88.6653 26.5 130.951
      vertex 87.677 26.5 131
    endloop
  endfacet
  facet normal 0 1 0
    outer loop
      vertex 100.25 26.5 141
      vertex 89.6441 26.5 130.806
      vertex 88.6653 26.5 130.951
    endloop
  endfacet
  facet normal 0 1 0
    outer loop
      vertex 100.25 26.5 141
      vertex 90.6039 26.5 130.566
      vertex 89.6441 26.5 130.806
    endloop
  endfacet
  facet normal 0 1 0
    outer loop
      vertex 100.25 26.5 141
      vertex 91.5356 26.5 130.232
      vertex 90.6039 26.5 130.566
    endloop
  endfacet
  facet normal 0 1 0
    outer loop
      vertex 100.25 26.5 141
      vertex 92.4301 26.5 129.809
      vertex 91.5356 26.5 130.232
    endloop
  endfacet
  facet normal 0 1 0
    outer loop
      vertex 100.25 26.5 141
      vertex 93.2788 26.5 129.301
      vertex 92.4301 26.5 129.809
    endloop
  endfacet
  facet normal 0 1 0
    outer loop
      vertex 100.25 26.5 141
      vertex 94.0736 26.5 128.711
      vertex 93.2788 26.5 129.301
    endloop
  endfacet
  facet normal 0 1 0
    outer loop
      vertex 100.25 26.5 141
      vertex 94.8068 26.5 128.047
      vertex 94.0736 26.5 128.711
    endloop
  endfacet
  facet normal 0 1 0
    outer loop
      vertex 100.25 26.5 141
      vertex 95.4713 26.5 127.314
      vertex 94.8068 26.5 128.047
    endloop
  endfacet
  facet normal 0 1 0
    outer loop
      vertex 100.25 26.5 141
      vertex 96.0607 26.5 126.519
      vertex 95.4713 26.5 127.314
    endloop
  endfacet
  facet normal 0 1 0
    outer loop
      vertex 100.25 26.5 141
      vertex 96.5694 26.5 125.67
      vertex 96.0607 26.5 126.519
    endloop
  endfacet
  facet normal 0 1 0
    outer loop
      vertex 100.25 26.5 141
      vertex 96.9925 26.5 124.776
      vertex 96.5694 26.5 125.67
    endloop
  endfacet
  facet normal 0 1 0
    outer loop
      vertex 100.25 26.5 141
      vertex 97.3258 26.5 123.844
      vertex 96.9925 26.5 124.776
    endloop
  endfacet
  facet normal 0 1 0
    outer loop
      vertex 100.25 26.5 141
      vertex 97.5663 26.5 122.884
      vertex 97.3258 26.5 123.844
    endloop
  endfacet
  facet normal 0 1 0
    outer loop
      vertex 100.25 26.5 141
      vertex 97.7114 26.5 121.905
      vertex 97.5663 26.5 122.884
    endloop
  endfacet
  facet normal 0 1 0
    outer loop
      vertex 100.25 26.5 141
      vertex 97.76 26.5 120.917
      vertex 97.7114 26.5 121.905
    endloop
  endfacet
  facet normal 0 1 0
    outer loop
      vertex 100.25 26.5 141
      vertex 97.76 26.5 24.083
      vertex 97.76 26.5 120.917
    endloop
  endfacet
  facet normal 0 1 0
    outer loop
      vertex 87.677 26.5 14
      vertex 100.25 26.5 4
      vertex -7.177 26.5 14
    endloop
  endfacet
  facet normal 0 1 0
    outer loop
      vertex 88.6653 26.5 14.0486
      vertex 100.25 26.5 4
      vertex 87.677 26.5 14
    endloop
  endfacet
  facet normal 0 1 0
    outer loop
      vertex 89.6441 26.5 14.1937
      vertex 100.25 26.5 4
      vertex 88.6653 26.5 14.0486
    endloop
  endfacet
  facet normal 0 1 0
    outer loop
      vertex 90.6039 26.5 14.4342
      vertex 100.25 26.5 4
      vertex 89.6441 26.5 14.1937
    endloop
  endfacet
  facet normal 0 1 0
    outer loop
      vertex 91.5356 26.5 14.7675
      vertex 100.25 26.5 4
      vertex 90.6039 26.5 14.4342
    endloop
  endfacet
  facet normal 0 1 0
    outer loop
      vertex 92.4301 26.5 15.1906
      vertex 100.25 26.5 4
      vertex 91.5356 26.5 14.7675
    endloop
  endfacet
  facet normal 0 1 0
    outer loop
      vertex 93.2788 26.5 15.6993
      vertex 100.25 26.5 4
      vertex 92.4301 26.5 15.1906
    endloop
  endfacet
  facet normal 0 1 0
    outer loop
      vertex 94.0736 26.5 16.2887
      vertex 100.25 26.5 4
      vertex 93.2788 26.5 15.6993
    endloop
  endfacet
  facet normal 0 1 0
    outer loop
      vertex 94.8068 26.5 16.9532
      vertex 100.25 26.5 4
      vertex 94.0736 26.5 16.2887
    endloop
  endfacet
  facet normal 0 1 0
    outer loop
      vertex 95.4713 26.5 17.6864
      vertex 100.25 26.5 4
      vertex 94.8068 26.5 16.9532
    endloop
  endfacet
  facet normal 0 1 0
    outer loop
      vertex 96.0607 26.5 18.4812
      vertex 100.25 26.5 4
      vertex 95.4713 26.5 17.6864
    endloop
  endfacet
  facet normal 0 1 0
    outer loop
      vertex 96.5694 26.5 19.3299
      vertex 100.25 26.5 4
      vertex 96.0607 26.5 18.4812
    endloop
  endfacet
  facet normal 0 1 0
    outer loop
      vertex 96.9925 26.5 20.2244
      vertex 100.25 26.5 4
      vertex 96.5694 26.5 19.3299
    endloop
  endfacet
  facet normal 0 1 0
    outer loop
      vertex 97.3258 26.5 21.1561
      vertex 100.25 26.5 4
      vertex 96.9925 26.5 20.2244
    endloop
  endfacet
  facet normal 0 1 0
    outer loop
      vertex 97.5663 26.5 22.1159
      vertex 100.25 26.5 4
      vertex 97.3258 26.5 21.1561
    endloop
  endfacet
  facet normal 0 1 0
    outer loop
      vertex 97.7114 26.5 23.0947
      vertex 100.25 26.5 4
      vertex 97.5663 26.5 22.1159
    endloop
  endfacet
  facet normal 0 1 0
    outer loop
      vertex 97.76 26.5 24.083
      vertex 100.25 26.5 4
      vertex 97.7114 26.5 23.0947
    endloop
  endfacet
  facet normal 0 1 -0
    outer loop
      vertex 100.25 26.5 4
      vertex 97.76 26.5 24.083
      vertex 100.25 26.5 141
    endloop
  endfacet
  facet normal 0 1 -0
    outer loop
      vertex -7.177 26.5 131
      vertex -19.75 26.5 141
      vertex 87.677 26.5 131
    endloop
  endfacet
  facet normal 0 1 -0
    outer loop
      vertex -8.16531 26.5 130.951
      vertex -19.75 26.5 141
      vertex -7.177 26.5 131
    endloop
  endfacet
  facet normal 0 1 -0
    outer loop
      vertex -9.1441 26.5 130.806
      vertex -19.75 26.5 141
      vertex -8.16531 26.5 130.951
    endloop
  endfacet
  facet normal 0 1 -0
    outer loop
      vertex -10.1039 26.5 130.566
      vertex -19.75 26.5 141
      vertex -9.1441 26.5 130.806
    endloop
  endfacet
  facet normal 0 1 -0
    outer loop
      vertex -11.0356 26.5 130.232
      vertex -19.75 26.5 141
      vertex -10.1039 26.5 130.566
    endloop
  endfacet
  facet normal 0 1 -0
    outer loop
      vertex -11.9301 26.5 129.809
      vertex -19.75 26.5 141
      vertex -11.0356 26.5 130.232
    endloop
  endfacet
  facet normal 0 1 -0
    outer loop
      vertex -12.7788 26.5 129.301
      vertex -19.75 26.5 141
      vertex -11.9301 26.5 129.809
    endloop
  endfacet
  facet normal 0 1 -0
    outer loop
      vertex -13.5736 26.5 128.711
      vertex -19.75 26.5 141
      vertex -12.7788 26.5 129.301
    endloop
  endfacet
  facet normal 0 1 -0
    outer loop
      vertex -14.3068 26.5 128.047
      vertex -19.75 26.5 141
      vertex -13.5736 26.5 128.711
    endloop
  endfacet
  facet normal 0 1 -0
    outer loop
      vertex -14.9713 26.5 127.314
      vertex -19.75 26.5 141
      vertex -14.3068 26.5 128.047
    endloop
  endfacet
  facet normal 0 1 -0
    outer loop
      vertex -15.5607 26.5 126.519
      vertex -19.75 26.5 141
      vertex -14.9713 26.5 127.314
    endloop
  endfacet
  facet normal 0 1 -0
    outer loop
      vertex -16.0694 26.5 125.67
      vertex -19.75 26.5 141
      vertex -15.5607 26.5 126.519
    endloop
  endfacet
  facet normal 0 1 -0
    outer loop
      vertex -16.4925 26.5 124.776
      vertex -19.75 26.5 141
      vertex -16.0694 26.5 125.67
    endloop
  endfacet
  facet normal 0 1 -0
    outer loop
      vertex -16.8258 26.5 123.844
      vertex -19.75 26.5 141
      vertex -16.4925 26.5 124.776
    endloop
  endfacet
  facet normal 0 1 -0
    outer loop
      vertex -17.0663 26.5 122.884
      vertex -19.75 26.5 141
      vertex -16.8258 26.5 123.844
    endloop
  endfacet
  facet normal 0 1 -0
    outer loop
      vertex -17.2114 26.5 121.905
      vertex -19.75 26.5 141
      vertex -17.0663 26.5 122.884
    endloop
  endfacet
  facet normal 0 1 -0
    outer loop
      vertex -17.26 26.5 120.917
      vertex -19.75 26.5 141
      vertex -17.2114 26.5 121.905
    endloop
  endfacet
  facet normal 0 1 -0
    outer loop
      vertex -17.26 26.5 24.083
      vertex -19.75 26.5 141
      vertex -17.26 26.5 120.917
    endloop
  endfacet
  facet normal 0 1 0
    outer loop
      vertex -19.75 26.5 4
      vertex -7.177 26.5 14
      vertex 100.25 26.5 4
    endloop
  endfacet
  facet normal 0 1 0
    outer loop
      vertex -17.26 26.5 24.083
      vertex -19.75 26.5 4
      vertex -19.75 26.5 141
    endloop
  endfacet
  facet normal 0 1 0
    outer loop
      vertex -17.2114 26.5 23.0947
      vertex -19.75 26.5 4
      vertex -17.26 26.5 24.083
    endloop
  endfacet
  facet normal 0 1 0
    outer loop
      vertex -17.0663 26.5 22.1159
      vertex -19.75 26.5 4
      vertex -17.2114 26.5 23.0947
    endloop
  endfacet
  facet normal 0 1 0
    outer loop
      vertex -16.8258 26.5 21.1561
      vertex -19.75 26.5 4
      vertex -17.0663 26.5 22.1159
    endloop
  endfacet
  facet normal 0 1 0
    outer loop
      vertex -16.4925 26.5 20.2244
      vertex -19.75 26.5 4
      vertex -16.8258 26.5 21.1561
    endloop
  endfacet
  facet normal 0 1 0
    outer loop
      vertex -16.0694 26.5 19.3299
      vertex -19.75 26.5 4
      vertex -16.4925 26.5 20.2244
    endloop
  endfacet
  facet normal 0 1 0
    outer loop
      vertex -15.5607 26.5 18.4812
      vertex -19.75 26.5 4
      vertex -16.0694 26.5 19.3299
    endloop
  endfacet
  facet normal 0 1 0
    outer loop
      vertex -14.9713 26.5 17.6864
      vertex -19.75 26.5 4
      vertex -15.5607 26.5 18.4812
    endloop
  endfacet
  facet normal 0 1 0
    outer loop
      vertex -14.3068 26.5 16.9532
      vertex -19.75 26.5 4
      vertex -14.9713 26.5 17.6864
    endloop
  endfacet
  facet normal 0 1 0
    outer loop
      vertex -13.5736 26.5 16.2887
      vertex -19.75 26.5 4
      vertex -14.3068 26.5 16.9532
    endloop
  endfacet
  facet normal 0 1 0
    outer loop
      vertex -12.7788 26.5 15.6993
      vertex -19.75 26.5 4
      vertex -13.5736 26.5 16.2887
    endloop
  endfacet
  facet normal 0 1 0
    outer loop
      vertex -11.9301 26.5 15.1906
      vertex -19.75 26.5 4
      vertex -12.7788 26.5 15.6993
    endloop
  endfacet
  facet normal 0 1 0
    outer loop
      vertex -11.0356 26.5 14.7675
      vertex -19.75 26.5 4
      vertex -11.9301 26.5 15.1906
    endloop
  endfacet
  facet normal 0 1 0
    outer loop
      vertex -10.1039 26.5 14.4342
      vertex -19.75 26.5 4
      vertex -11.0356 26.5 14.7675
    endloop
  endfacet
  facet normal 0 1 0
    outer loop
      vertex -9.1441 26.5 14.1937
      vertex -19.75 26.5 4
      vertex -10.1039 26.5 14.4342
    endloop
  endfacet
  facet normal 0 1 0
    outer loop
      vertex -8.16531 26.5 14.0486
      vertex -19.75 26.5 4
      vertex -9.1441 26.5 14.1937
    endloop
  endfacet
  facet normal 0 1 0
    outer loop
      vertex -7.177 26.5 14
      vertex -19.75 26.5 4
      vertex -8.16531 26.5 14.0486
    endloop
  endfacet
  facet normal -0.146746 -0.989174 0
    outer loop
      vertex -21.7984 -26.2982 4
      vertex -20.7792 -26.4494 141
      vertex -21.7984 -26.2982 141
    endloop
  endfacet
  facet normal -0.146746 -0.989174 -0
    outer loop
      vertex -20.7792 -26.4494 141
      vertex -21.7984 -26.2982 4
      vertex -20.7792 -26.4494 4
    endloop
  endfacet
  facet normal -0.970051 0.242901 0
    outer loop
      vertex -30.0482 18.0484 4
      vertex -29.7979 19.048 141
      vertex -29.7979 19.048 4
    endloop
  endfacet
  facet normal -0.970051 0.242901 0
    outer loop
      vertex -29.7979 19.048 141
      vertex -30.0482 18.0484 4
      vertex -30.0482 18.0484 141
    endloop
  endfacet
  facet normal 0.903827 0.427899 0
    outer loop
      vertex 109.951 20.0182 141
      vertex 109.51 20.9497 4
      vertex 109.51 20.9497 141
    endloop
  endfacet
  facet normal 0.903827 0.427899 0
    outer loop
      vertex 109.51 20.9497 4
      vertex 109.951 20.0182 141
      vertex 109.951 20.0182 4
    endloop
  endfacet
  facet normal 0.941588 -0.336767 0
    outer loop
      vertex 109.951 -20.0182 141
      vertex 110.298 -19.048 4
      vertex 110.298 -19.048 141
    endloop
  endfacet
  facet normal 0.941588 -0.336767 0
    outer loop
      vertex 110.298 -19.048 4
      vertex 109.951 -20.0182 141
      vertex 109.951 -20.0182 4
    endloop
  endfacet
  facet normal -0.803203 0.595706 0
    outer loop
      vertex -28.4804 21.8335 4
      vertex -27.8666 22.6611 141
      vertex -27.8666 22.6611 4
    endloop
  endfacet
  facet normal -0.803203 0.595706 0
    outer loop
      vertex -27.8666 22.6611 141
      vertex -28.4804 21.8335 4
      vertex -28.4804 21.8335 141
    endloop
  endfacet
  facet normal -0.904014 0.427502 0
    outer loop
      vertex -29.4507 20.0182 4
      vertex -29.0102 20.9497 141
      vertex -29.0102 20.9497 4
    endloop
  endfacet
  facet normal -0.904014 0.427502 0
    outer loop
      vertex -29.0102 20.9497 141
      vertex -29.4507 20.0182 4
      vertex -29.4507 20.0182 141
    endloop
  endfacet
  facet normal 0.514496 0.857493 -0
    outer loop
      vertex 106.083 24.7304 4
      vertex 105.2 25.2602 141
      vertex 106.083 24.7304 141
    endloop
  endfacet
  facet normal 0.514496 0.857493 0
    outer loop
      vertex 105.2 25.2602 141
      vertex 106.083 24.7304 4
      vertex 105.2 25.2602 4
    endloop
  endfacet
  facet normal 0.427315 0.904103 -0
    outer loop
      vertex 105.2 25.2602 4
      vertex 104.268 25.7007 141
      vertex 105.2 25.2602 141
    endloop
  endfacet
  facet normal 0.427315 0.904103 0
    outer loop
      vertex 104.268 25.7007 141
      vertex 105.2 25.2602 4
      vertex 104.268 25.7007 4
    endloop
  endfacet
  facet normal 0.0491146 -0.998793 0
    outer loop
      vertex 100.25 -26.5 4
      vertex 101.279 -26.4494 141
      vertex 100.25 -26.5 141
    endloop
  endfacet
  facet normal 0.0491146 -0.998793 0
    outer loop
      vertex 101.279 -26.4494 141
      vertex 100.25 -26.5 4
      vertex 101.279 -26.4494 4
    endloop
  endfacet
  facet normal -0.671561 0.740949 0
    outer loop
      vertex -26.4111 24.1166 4
      vertex -27.1746 23.4246 141
      vertex -26.4111 24.1166 141
    endloop
  endfacet
  facet normal -0.671561 0.740949 0
    outer loop
      vertex -27.1746 23.4246 141
      vertex -26.4111 24.1166 4
      vertex -27.1746 23.4246 4
    endloop
  endfacet
  facet normal 0.857613 -0.514296 0
    outer loop
      vertex 108.98 -21.8335 141
      vertex 109.51 -20.9497 4
      vertex 109.51 -20.9497 141
    endloop
  endfacet
  facet normal 0.857613 -0.514296 0
    outer loop
      vertex 109.51 -20.9497 4
      vertex 108.98 -21.8335 141
      vertex 108.98 -21.8335 4
    endloop
  endfacet
  facet normal -0.427502 -0.904014 0
    outer loop
      vertex -24.6997 -25.2602 4
      vertex -23.7682 -25.7007 141
      vertex -24.6997 -25.2602 141
    endloop
  endfacet
  facet normal -0.427502 -0.904014 -0
    outer loop
      vertex -23.7682 -25.7007 141
      vertex -24.6997 -25.2602 4
      vertex -23.7682 -25.7007 4
    endloop
  endfacet
  facet normal -0.514153 -0.857698 0
    outer loop
      vertex -25.5835 -24.7304 4
      vertex -24.6997 -25.2602 141
      vertex -25.5835 -24.7304 141
    endloop
  endfacet
  facet normal -0.514153 -0.857698 -0
    outer loop
      vertex -24.6997 -25.2602 141
      vertex -25.5835 -24.7304 4
      vertex -24.6997 -25.2602 4
    endloop
  endfacet
  facet normal 1 -0 0
    outer loop
      vertex 110.75 -16 141
      vertex 110.75 16 4
      vertex 110.75 16 141
    endloop
  endfacet
  facet normal 1 0 0
    outer loop
      vertex 110.75 16 4
      vertex 110.75 -16 141
      vertex 110.75 -16 4
    endloop
  endfacet
  facet normal -0.941527 -0.336939 0
    outer loop
      vertex -29.4507 -20.0182 4
      vertex -29.7979 -19.048 141
      vertex -29.7979 -19.048 4
    endloop
  endfacet
  facet normal -0.941527 -0.336939 0
    outer loop
      vertex -29.7979 -19.048 141
      vertex -29.4507 -20.0182 4
      vertex -29.4507 -20.0182 141
    endloop
  endfacet
  facet normal 0.514496 -0.857493 0
    outer loop
      vertex 105.2 -25.2602 4
      vertex 106.083 -24.7304 141
      vertex 105.2 -25.2602 141
    endloop
  endfacet
  facet normal 0.514496 -0.857493 0
    outer loop
      vertex 106.083 -24.7304 141
      vertex 105.2 -25.2602 4
      vertex 106.083 -24.7304 4
    endloop
  endfacet
  facet normal 0.857613 0.514296 0
    outer loop
      vertex 109.51 20.9497 141
      vertex 108.98 21.8335 4
      vertex 108.98 21.8335 141
    endloop
  endfacet
  facet normal 0.857613 0.514296 0
    outer loop
      vertex 108.98 21.8335 4
      vertex 109.51 20.9497 141
      vertex 109.51 20.9497 4
    endloop
  endfacet
  facet normal -0.740949 0.671561 0
    outer loop
      vertex -27.8666 22.6611 4
      vertex -27.1746 23.4246 141
      vertex -27.1746 23.4246 4
    endloop
  endfacet
  facet normal -0.740949 0.671561 0
    outer loop
      vertex -27.1746 23.4246 141
      vertex -27.8666 22.6611 4
      vertex -27.8666 22.6611 141
    endloop
  endfacet
  facet normal -0.146746 0.989174 0
    outer loop
      vertex -20.7792 26.4494 4
      vertex -21.7984 26.2982 141
      vertex -20.7792 26.4494 141
    endloop
  endfacet
  facet normal -0.146746 0.989174 0
    outer loop
      vertex -21.7984 26.2982 141
      vertex -20.7792 26.4494 4
      vertex -21.7984 26.2982 4
    endloop
  endfacet
  facet normal 0.146774 -0.98917 0
    outer loop
      vertex 101.279 -26.4494 4
      vertex 102.298 -26.2982 141
      vertex 101.279 -26.4494 141
    endloop
  endfacet
  facet normal 0.146774 -0.98917 0
    outer loop
      vertex 102.298 -26.2982 141
      vertex 101.279 -26.4494 4
      vertex 102.298 -26.2982 4
    endloop
  endfacet
  facet normal -0.336939 -0.941527 0
    outer loop
      vertex -23.7682 -25.7007 4
      vertex -22.798 -26.0479 141
      vertex -23.7682 -25.7007 141
    endloop
  endfacet
  facet normal -0.336939 -0.941527 -0
    outer loop
      vertex -22.798 -26.0479 141
      vertex -23.7682 -25.7007 4
      vertex -22.798 -26.0479 4
    endloop
  endfacet
  facet normal 0.24281 -0.970074 0
    outer loop
      vertex 102.298 -26.2982 4
      vertex 103.298 -26.0479 141
      vertex 102.298 -26.2982 141
    endloop
  endfacet
  facet normal 0.24281 -0.970074 0
    outer loop
      vertex 103.298 -26.0479 141
      vertex 102.298 -26.2982 4
      vertex 103.298 -26.0479 4
    endloop
  endfacet
  facet normal 0.941588 0.336767 0
    outer loop
      vertex 110.298 19.048 141
      vertex 109.951 20.0182 4
      vertex 109.951 20.0182 141
    endloop
  endfacet
  facet normal 0.941588 0.336767 0
    outer loop
      vertex 109.951 20.0182 4
      vertex 110.298 19.048 141
      vertex 110.298 19.048 4
    endloop
  endfacet
  facet normal 0.803574 0.595204 0
    outer loop
      vertex 108.98 21.8335 141
      vertex 108.367 22.6611 4
      vertex 108.367 22.6611 141
    endloop
  endfacet
  facet normal 0.803574 0.595204 0
    outer loop
      vertex 108.367 22.6611 4
      vertex 108.98 21.8335 141
      vertex 108.98 21.8335 4
    endloop
  endfacet
  facet normal -0.336939 0.941527 0
    outer loop
      vertex -22.798 26.0479 4
      vertex -23.7682 25.7007 141
      vertex -22.798 26.0479 141
    endloop
  endfacet
  facet normal -0.336939 0.941527 0
    outer loop
      vertex -23.7682 25.7007 141
      vertex -22.798 26.0479 4
      vertex -23.7682 25.7007 4
    endloop
  endfacet
  facet normal 0.903827 -0.427899 0
    outer loop
      vertex 109.51 -20.9497 141
      vertex 109.951 -20.0182 4
      vertex 109.951 -20.0182 141
    endloop
  endfacet
  facet normal 0.903827 -0.427899 0
    outer loop
      vertex 109.951 -20.0182 4
      vertex 109.51 -20.9497 141
      vertex 109.51 -20.9497 4
    endloop
  endfacet
  facet normal -0.857698 -0.514153 0
    outer loop
      vertex -28.4804 -21.8335 4
      vertex -29.0102 -20.9497 141
      vertex -29.0102 -20.9497 4
    endloop
  endfacet
  facet normal -0.857698 -0.514153 0
    outer loop
      vertex -29.0102 -20.9497 141
      vertex -28.4804 -21.8335 4
      vertex -28.4804 -21.8335 141
    endloop
  endfacet
  facet normal -0.595706 0.803203 0
    outer loop
      vertex -25.5835 24.7304 4
      vertex -26.4111 24.1166 141
      vertex -25.5835 24.7304 141
    endloop
  endfacet
  facet normal -0.595706 0.803203 0
    outer loop
      vertex -26.4111 24.1166 141
      vertex -25.5835 24.7304 4
      vertex -26.4111 24.1166 4
    endloop
  endfacet
  facet normal 0.97012 -0.242627 0
    outer loop
      vertex 110.298 -19.048 141
      vertex 110.548 -18.0484 4
      vertex 110.548 -18.0484 141
    endloop
  endfacet
  facet normal 0.97012 -0.242627 0
    outer loop
      vertex 110.548 -18.0484 4
      vertex 110.298 -19.048 141
      vertex 110.298 -19.048 4
    endloop
  endfacet
  facet normal 0.67132 -0.741168 0
    outer loop
      vertex 106.911 -24.1166 4
      vertex 107.675 -23.4246 141
      vertex 106.911 -24.1166 141
    endloop
  endfacet
  facet normal 0.67132 -0.741168 0
    outer loop
      vertex 107.675 -23.4246 141
      vertex 106.911 -24.1166 4
      vertex 107.675 -23.4246 4
    endloop
  endfacet
  facet normal -0.803203 -0.595706 0
    outer loop
      vertex -27.8666 -22.6611 4
      vertex -28.4804 -21.8335 141
      vertex -28.4804 -21.8335 4
    endloop
  endfacet
  facet normal -0.803203 -0.595706 0
    outer loop
      vertex -28.4804 -21.8335 141
      vertex -27.8666 -22.6611 4
      vertex -27.8666 -22.6611 141
    endloop
  endfacet
  facet normal 0.24281 0.970074 -0
    outer loop
      vertex 103.298 26.0479 4
      vertex 102.298 26.2982 141
      vertex 103.298 26.0479 141
    endloop
  endfacet
  facet normal 0.24281 0.970074 0
    outer loop
      vertex 102.298 26.2982 141
      vertex 103.298 26.0479 4
      vertex 102.298 26.2982 4
    endloop
  endfacet
  facet normal 0.337 -0.941505 0
    outer loop
      vertex 103.298 -26.0479 4
      vertex 104.268 -25.7007 141
      vertex 103.298 -26.0479 141
    endloop
  endfacet
  facet normal 0.337 -0.941505 0
    outer loop
      vertex 104.268 -25.7007 141
      vertex 103.298 -26.0479 4
      vertex 104.268 -25.7007 4
    endloop
  endfacet
  facet normal 0.740949 -0.671561 0
    outer loop
      vertex 107.675 -23.4246 141
      vertex 108.367 -22.6611 4
      vertex 108.367 -22.6611 141
    endloop
  endfacet
  facet normal 0.740949 -0.671561 0
    outer loop
      vertex 108.367 -22.6611 4
      vertex 107.675 -23.4246 141
      vertex 107.675 -23.4246 4
    endloop
  endfacet
  facet normal 0.740949 0.671561 0
    outer loop
      vertex 108.367 22.6611 141
      vertex 107.675 23.4246 4
      vertex 107.675 23.4246 141
    endloop
  endfacet
  facet normal 0.740949 0.671561 0
    outer loop
      vertex 107.675 23.4246 4
      vertex 108.367 22.6611 141
      vertex 108.367 22.6611 4
    endloop
  endfacet
  facet normal 0 0 1
    outer loop
      vertex 107.76 16 141
      vertex 110.75 16 141
      vertex 110.699 17.0292 141
    endloop
  endfacet
  facet normal 0 0 1
    outer loop
      vertex 110.75 16 141
      vertex 107.76 16 141
      vertex 110.75 -16 141
    endloop
  endfacet
  facet normal 0 0 1
    outer loop
      vertex 107.724 16.7361 141
      vertex 110.699 17.0292 141
      vertex 110.548 18.0484 141
    endloop
  endfacet
  facet normal 0 0 1
    outer loop
      vertex 107.76 -16 141
      vertex 110.75 -16 141
      vertex 107.76 16 141
    endloop
  endfacet
  facet normal 0 0 1
    outer loop
      vertex 107.616 17.4651 141
      vertex 110.548 18.0484 141
      vertex 110.298 19.048 141
    endloop
  endfacet
  facet normal 0 0 1
    outer loop
      vertex 110.75 -16 141
      vertex 107.76 -16 141
      vertex 110.699 -17.0292 141
    endloop
  endfacet
  facet normal 0 0 1
    outer loop
      vertex 107.437 18.18 141
      vertex 110.298 19.048 141
      vertex 109.951 20.0182 141
    endloop
  endfacet
  facet normal -0 0 1
    outer loop
      vertex 107.724 -16.7361 141
      vertex 110.699 -17.0292 141
      vertex 107.76 -16 141
    endloop
  endfacet
  facet normal 0 0 1
    outer loop
      vertex 107.188 18.874 141
      vertex 109.951 20.0182 141
      vertex 109.51 20.9497 141
    endloop
  endfacet
  facet normal 0 0 1
    outer loop
      vertex 110.699 -17.0292 141
      vertex 107.724 -16.7361 141
      vertex 110.548 -18.0484 141
    endloop
  endfacet
  facet normal 0 0 1
    outer loop
      vertex 106.873 19.5402 141
      vertex 109.51 20.9497 141
      vertex 108.98 21.8335 141
    endloop
  endfacet
  facet normal -0 0 1
    outer loop
      vertex 107.616 -17.4651 141
      vertex 110.548 -18.0484 141
      vertex 107.724 -16.7361 141
    endloop
  endfacet
  facet normal 0 0 1
    outer loop
      vertex 106.494 20.1723 141
      vertex 108.98 21.8335 141
      vertex 108.367 22.6611 141
    endloop
  endfacet
  facet normal 0 0 1
    outer loop
      vertex 110.548 -18.0484 141
      vertex 107.616 -17.4651 141
      vertex 110.298 -19.048 141
    endloop
  endfacet
  facet normal -0 0 1
    outer loop
      vertex 107.437 -18.18 141
      vertex 110.298 -19.048 141
      vertex 107.616 -17.4651 141
    endloop
  endfacet
  facet normal 0 0 1
    outer loop
      vertex 110.699 17.0292 141
      vertex 107.724 16.7361 141
      vertex 107.76 16 141
    endloop
  endfacet
  facet normal 0 0 1
    outer loop
      vertex 106.055 20.7643 141
      vertex 108.367 22.6611 141
      vertex 107.675 23.4246 141
    endloop
  endfacet
  facet normal 0 0 1
    outer loop
      vertex 110.548 18.0484 141
      vertex 107.616 17.4651 141
      vertex 107.724 16.7361 141
    endloop
  endfacet
  facet normal 0 0 1
    outer loop
      vertex 110.298 19.048 141
      vertex 107.437 18.18 141
      vertex 107.616 17.4651 141
    endloop
  endfacet
  facet normal 0 0 1
    outer loop
      vertex 109.951 20.0182 141
      vertex 107.188 18.874 141
      vertex 107.437 18.18 141
    endloop
  endfacet
  facet normal 0 0 1
    outer loop
      vertex 105.56 21.3104 141
      vertex 107.675 23.4246 141
      vertex 106.911 24.1166 141
    endloop
  endfacet
  facet normal 0 0 1
    outer loop
      vertex 109.51 20.9497 141
      vertex 106.873 19.5402 141
      vertex 107.188 18.874 141
    endloop
  endfacet
  facet normal 0 0 1
    outer loop
      vertex 108.98 21.8335 141
      vertex 106.494 20.1723 141
      vertex 106.873 19.5402 141
    endloop
  endfacet
  facet normal 0 0 1
    outer loop
      vertex 105.014 21.8053 141
      vertex 106.911 24.1166 141
      vertex 106.083 24.7304 141
    endloop
  endfacet
  facet normal 0 0 1
    outer loop
      vertex 108.367 22.6611 141
      vertex 106.055 20.7643 141
      vertex 106.494 20.1723 141
    endloop
  endfacet
  facet normal 0 0 1
    outer loop
      vertex 107.675 23.4246 141
      vertex 105.56 21.3104 141
      vertex 106.055 20.7643 141
    endloop
  endfacet
  facet normal 0 0 1
    outer loop
      vertex 104.422 22.2443 141
      vertex 106.083 24.7304 141
      vertex 105.2 25.2602 141
    endloop
  endfacet
  facet normal 0 0 1
    outer loop
      vertex 106.911 24.1166 141
      vertex 105.014 21.8053 141
      vertex 105.56 21.3104 141
    endloop
  endfacet
  facet normal 0 0 1
    outer loop
      vertex 106.083 24.7304 141
      vertex 104.422 22.2443 141
      vertex 105.014 21.8053 141
    endloop
  endfacet
  facet normal 0 0 1
    outer loop
      vertex 103.79 22.6232 141
      vertex 105.2 25.2602 141
      vertex 104.268 25.7007 141
    endloop
  endfacet
  facet normal 0 0 1
    outer loop
      vertex 105.2 25.2602 141
      vertex 103.79 22.6232 141
      vertex 104.422 22.2443 141
    endloop
  endfacet
  facet normal 0 0 1
    outer loop
      vertex 103.124 22.9383 141
      vertex 104.268 25.7007 141
      vertex 103.298 26.0479 141
    endloop
  endfacet
  facet normal 0 0 1
    outer loop
      vertex 104.268 25.7007 141
      vertex 103.124 22.9383 141
      vertex 103.79 22.6232 141
    endloop
  endfacet
  facet normal 0 0 1
    outer loop
      vertex 103.298 26.0479 141
      vertex 102.43 23.1866 141
      vertex 103.124 22.9383 141
    endloop
  endfacet
  facet normal 0 0 1
    outer loop
      vertex 102.298 26.2982 141
      vertex 102.43 23.1866 141
      vertex 103.298 26.0479 141
    endloop
  endfacet
  facet normal 0 0 1
    outer loop
      vertex 102.298 26.2982 141
      vertex 101.715 23.3657 141
      vertex 102.43 23.1866 141
    endloop
  endfacet
  facet normal 0 0 1
    outer loop
      vertex 101.279 26.4494 141
      vertex 101.715 23.3657 141
      vertex 102.298 26.2982 141
    endloop
  endfacet
  facet normal 0 0 1
    outer loop
      vertex 101.279 26.4494 141
      vertex 100.986 23.4738 141
      vertex 101.715 23.3657 141
    endloop
  endfacet
  facet normal 0 0 1
    outer loop
      vertex 100.25 26.5 141
      vertex 100.986 23.4738 141
      vertex 101.279 26.4494 141
    endloop
  endfacet
  facet normal 0 0 1
    outer loop
      vertex 100.25 26.5 141
      vertex 100.25 23.51 141
      vertex 100.986 23.4738 141
    endloop
  endfacet
  facet normal -0 0 1
    outer loop
      vertex -19.75 26.5 141
      vertex 100.25 23.51 141
      vertex 100.25 26.5 141
    endloop
  endfacet
  facet normal 0 0 1
    outer loop
      vertex -19.75 26.5 141
      vertex -19.75 23.51 141
      vertex 100.25 23.51 141
    endloop
  endfacet
  facet normal 0 0 1
    outer loop
      vertex -19.75 26.5 141
      vertex -20.4861 23.4738 141
      vertex -19.75 23.51 141
    endloop
  endfacet
  facet normal -0 0 1
    outer loop
      vertex -20.7792 26.4494 141
      vertex -20.4861 23.4738 141
      vertex -19.75 26.5 141
    endloop
  endfacet
  facet normal 0 0 1
    outer loop
      vertex -20.7792 26.4494 141
      vertex -21.2151 23.3657 141
      vertex -20.4861 23.4738 141
    endloop
  endfacet
  facet normal -0 0 1
    outer loop
      vertex -21.7984 26.2982 141
      vertex -21.2151 23.3657 141
      vertex -20.7792 26.4494 141
    endloop
  endfacet
  facet normal 0 0 1
    outer loop
      vertex -21.7984 26.2982 141
      vertex -21.93 23.1866 141
      vertex -21.2151 23.3657 141
    endloop
  endfacet
  facet normal -0 0 1
    outer loop
      vertex -22.798 26.0479 141
      vertex -21.93 23.1866 141
      vertex -21.7984 26.2982 141
    endloop
  endfacet
  facet normal 0 0 1
    outer loop
      vertex -21.93 23.1866 141
      vertex -22.798 26.0479 141
      vertex -22.624 22.9383 141
    endloop
  endfacet
  facet normal -0 0 1
    outer loop
      vertex -23.7682 25.7007 141
      vertex -22.624 22.9383 141
      vertex -22.798 26.0479 141
    endloop
  endfacet
  facet normal 0 0 1
    outer loop
      vertex -22.624 22.9383 141
      vertex -23.7682 25.7007 141
      vertex -23.2902 22.6232 141
    endloop
  endfacet
  facet normal -0 0 1
    outer loop
      vertex -24.6997 25.2602 141
      vertex -23.2902 22.6232 141
      vertex -23.7682 25.7007 141
    endloop
  endfacet
  facet normal 0 0 1
    outer loop
      vertex -23.2902 22.6232 141
      vertex -24.6997 25.2602 141
      vertex -23.9223 22.2443 141
    endloop
  endfacet
  facet normal -0 0 1
    outer loop
      vertex -25.5835 24.7304 141
      vertex -23.9223 22.2443 141
      vertex -24.6997 25.2602 141
    endloop
  endfacet
  facet normal 0 0 1
    outer loop
      vertex -23.9223 22.2443 141
      vertex -25.5835 24.7304 141
      vertex -24.5143 21.8053 141
    endloop
  endfacet
  facet normal -0 0 1
    outer loop
      vertex -26.4111 24.1166 141
      vertex -24.5143 21.8053 141
      vertex -25.5835 24.7304 141
    endloop
  endfacet
  facet normal 0 0 1
    outer loop
      vertex -24.5143 21.8053 141
      vertex -26.4111 24.1166 141
      vertex -25.0604 21.3104 141
    endloop
  endfacet
  facet normal -0 0 1
    outer loop
      vertex -27.1746 23.4246 141
      vertex -25.0604 21.3104 141
      vertex -26.4111 24.1166 141
    endloop
  endfacet
  facet normal 0 0 1
    outer loop
      vertex -25.0604 21.3104 141
      vertex -27.1746 23.4246 141
      vertex -25.5553 20.7643 141
    endloop
  endfacet
  facet normal -0 0 1
    outer loop
      vertex -27.8666 22.6611 141
      vertex -25.5553 20.7643 141
      vertex -27.1746 23.4246 141
    endloop
  endfacet
  facet normal 0 0 1
    outer loop
      vertex -25.5553 20.7643 141
      vertex -27.8666 22.6611 141
      vertex -25.9943 20.1723 141
    endloop
  endfacet
  facet normal -0 0 1
    outer loop
      vertex -28.4804 21.8335 141
      vertex -25.9943 20.1723 141
      vertex -27.8666 22.6611 141
    endloop
  endfacet
  facet normal 0 0 1
    outer loop
      vertex -25.9943 20.1723 141
      vertex -28.4804 21.8335 141
      vertex -26.3732 19.5402 141
    endloop
  endfacet
  facet normal -0 0 1
    outer loop
      vertex -29.0102 20.9497 141
      vertex -26.3732 19.5402 141
      vertex -28.4804 21.8335 141
    endloop
  endfacet
  facet normal 0 0 1
    outer loop
      vertex -26.3732 19.5402 141
      vertex -29.0102 20.9497 141
      vertex -26.6883 18.874 141
    endloop
  endfacet
  facet normal -0 0 1
    outer loop
      vertex -29.4507 20.0182 141
      vertex -26.6883 18.874 141
      vertex -29.0102 20.9497 141
    endloop
  endfacet
  facet normal -0 0 1
    outer loop
      vertex -29.7979 19.048 141
      vertex -26.9366 18.18 141
      vertex -29.4507 20.0182 141
    endloop
  endfacet
  facet normal 0 0 1
    outer loop
      vertex -26.6883 18.874 141
      vertex -29.4507 20.0182 141
      vertex -26.9366 18.18 141
    endloop
  endfacet
  facet normal 0 0 1
    outer loop
      vertex 110.298 -19.048 141
      vertex 107.437 -18.18 141
      vertex 109.951 -20.0182 141
    endloop
  endfacet
  facet normal -0 0 1
    outer loop
      vertex 107.188 -18.874 141
      vertex 109.951 -20.0182 141
      vertex 107.437 -18.18 141
    endloop
  endfacet
  facet normal 0 0 1
    outer loop
      vertex 109.951 -20.0182 141
      vertex 107.188 -18.874 141
      vertex 109.51 -20.9497 141
    endloop
  endfacet
  facet normal -0 0 1
    outer loop
      vertex 106.873 -19.5402 141
      vertex 109.51 -20.9497 141
      vertex 107.188 -18.874 141
    endloop
  endfacet
  facet normal 0 0 1
    outer loop
      vertex 109.51 -20.9497 141
      vertex 106.873 -19.5402 141
      vertex 108.98 -21.8335 141
    endloop
  endfacet
  facet normal -0 0 1
    outer loop
      vertex 106.494 -20.1723 141
      vertex 108.98 -21.8335 141
      vertex 106.873 -19.5402 141
    endloop
  endfacet
  facet normal 0 0 1
    outer loop
      vertex 108.98 -21.8335 141
      vertex 106.494 -20.1723 141
      vertex 108.367 -22.6611 141
    endloop
  endfacet
  facet normal -0 0 1
    outer loop
      vertex 106.055 -20.7643 141
      vertex 108.367 -22.6611 141
      vertex 106.494 -20.1723 141
    endloop
  endfacet
  facet normal 0 0 1
    outer loop
      vertex 108.367 -22.6611 141
      vertex 106.055 -20.7643 141
      vertex 107.675 -23.4246 141
    endloop
  endfacet
  facet normal -0 0 1
    outer loop
      vertex 105.56 -21.3104 141
      vertex 107.675 -23.4246 141
      vertex 106.055 -20.7643 141
    endloop
  endfacet
  facet normal 0 0 1
    outer loop
      vertex 107.675 -23.4246 141
      vertex 105.56 -21.3104 141
      vertex 106.911 -24.1166 141
    endloop
  endfacet
  facet normal -0 0 1
    outer loop
      vertex 105.014 -21.8053 141
      vertex 106.911 -24.1166 141
      vertex 105.56 -21.3104 141
    endloop
  endfacet
  facet normal 0 0 1
    outer loop
      vertex 106.911 -24.1166 141
      vertex 105.014 -21.8053 141
      vertex 106.083 -24.7304 141
    endloop
  endfacet
  facet normal -0 0 1
    outer loop
      vertex 104.422 -22.2443 141
      vertex 106.083 -24.7304 141
      vertex 105.014 -21.8053 141
    endloop
  endfacet
  facet normal 0 0 1
    outer loop
      vertex 106.083 -24.7304 141
      vertex 104.422 -22.2443 141
      vertex 105.2 -25.2602 141
    endloop
  endfacet
  facet normal -0 0 1
    outer loop
      vertex 103.79 -22.6232 141
      vertex 105.2 -25.2602 141
      vertex 104.422 -22.2443 141
    endloop
  endfacet
  facet normal 0 0 1
    outer loop
      vertex 105.2 -25.2602 141
      vertex 103.79 -22.6232 141
      vertex 104.268 -25.7007 141
    endloop
  endfacet
  facet normal -0 0 1
    outer loop
      vertex 103.124 -22.9383 141
      vertex 104.268 -25.7007 141
      vertex 103.79 -22.6232 141
    endloop
  endfacet
  facet normal 0 0 1
    outer loop
      vertex 104.268 -25.7007 141
      vertex 103.124 -22.9383 141
      vertex 103.298 -26.0479 141
    endloop
  endfacet
  facet normal -0 0 1
    outer loop
      vertex 102.43 -23.1866 141
      vertex 103.298 -26.0479 141
      vertex 103.124 -22.9383 141
    endloop
  endfacet
  facet normal 0 0 1
    outer loop
      vertex 102.43 -23.1866 141
      vertex 102.298 -26.2982 141
      vertex 103.298 -26.0479 141
    endloop
  endfacet
  facet normal -0 0 1
    outer loop
      vertex 101.715 -23.3657 141
      vertex 102.298 -26.2982 141
      vertex 102.43 -23.1866 141
    endloop
  endfacet
  facet normal 0 0 1
    outer loop
      vertex 101.715 -23.3657 141
      vertex 101.279 -26.4494 141
      vertex 102.298 -26.2982 141
    endloop
  endfacet
  facet normal -0 0 1
    outer loop
      vertex 100.986 -23.4738 141
      vertex 101.279 -26.4494 141
      vertex 101.715 -23.3657 141
    endloop
  endfacet
  facet normal -0 0 1
    outer loop
      vertex 100.25 -23.51 141
      vertex 101.279 -26.4494 141
      vertex 100.986 -23.4738 141
    endloop
  endfacet
  facet normal 0 0 1
    outer loop
      vertex 100.25 -23.51 141
      vertex 100.25 -26.5 141
      vertex 101.279 -26.4494 141
    endloop
  endfacet
  facet normal -0 0 1
    outer loop
      vertex -19.75 -23.51 141
      vertex 100.25 -26.5 141
      vertex 100.25 -23.51 141
    endloop
  endfacet
  facet normal 0 0 1
    outer loop
      vertex -19.75 -23.51 141
      vertex -19.75 -26.5 141
      vertex 100.25 -26.5 141
    endloop
  endfacet
  facet normal 0 0 1
    outer loop
      vertex -20.4861 -23.4738 141
      vertex -19.75 -26.5 141
      vertex -19.75 -23.51 141
    endloop
  endfacet
  facet normal 0 0 1
    outer loop
      vertex -20.4861 -23.4738 141
      vertex -20.7792 -26.4494 141
      vertex -19.75 -26.5 141
    endloop
  endfacet
  facet normal 0 0 1
    outer loop
      vertex -21.2151 -23.3657 141
      vertex -20.7792 -26.4494 141
      vertex -20.4861 -23.4738 141
    endloop
  endfacet
  facet normal 0 0 1
    outer loop
      vertex -21.2151 -23.3657 141
      vertex -21.7984 -26.2982 141
      vertex -20.7792 -26.4494 141
    endloop
  endfacet
  facet normal 0 0 1
    outer loop
      vertex -21.93 -23.1866 141
      vertex -21.7984 -26.2982 141
      vertex -21.2151 -23.3657 141
    endloop
  endfacet
  facet normal 0 0 1
    outer loop
      vertex -22.798 -26.0479 141
      vertex -21.93 -23.1866 141
      vertex -22.624 -22.9383 141
    endloop
  endfacet
  facet normal 0 0 1
    outer loop
      vertex -21.93 -23.1866 141
      vertex -22.798 -26.0479 141
      vertex -21.7984 -26.2982 141
    endloop
  endfacet
  facet normal 0 0 1
    outer loop
      vertex -23.7682 -25.7007 141
      vertex -22.624 -22.9383 141
      vertex -23.2902 -22.6232 141
    endloop
  endfacet
  facet normal 0 0 1
    outer loop
      vertex -22.624 -22.9383 141
      vertex -23.7682 -25.7007 141
      vertex -22.798 -26.0479 141
    endloop
  endfacet
  facet normal 0 0 1
    outer loop
      vertex -24.6997 -25.2602 141
      vertex -23.2902 -22.6232 141
      vertex -23.9223 -22.2443 141
    endloop
  endfacet
  facet normal 0 0 1
    outer loop
      vertex -25.5835 -24.7304 141
      vertex -23.9223 -22.2443 141
      vertex -24.5143 -21.8053 141
    endloop
  endfacet
  facet normal 0 0 1
    outer loop
      vertex -23.2902 -22.6232 141
      vertex -24.6997 -25.2602 141
      vertex -23.7682 -25.7007 141
    endloop
  endfacet
  facet normal 0 0 1
    outer loop
      vertex -26.4111 -24.1166 141
      vertex -24.5143 -21.8053 141
      vertex -25.0604 -21.3104 141
    endloop
  endfacet
  facet normal 0 0 1
    outer loop
      vertex -27.1746 -23.4246 141
      vertex -25.0604 -21.3104 141
      vertex -25.5553 -20.7643 141
    endloop
  endfacet
  facet normal 0 0 1
    outer loop
      vertex -23.9223 -22.2443 141
      vertex -25.5835 -24.7304 141
      vertex -24.6997 -25.2602 141
    endloop
  endfacet
  facet normal 0 0 1
    outer loop
      vertex -27.8666 -22.6611 141
      vertex -25.5553 -20.7643 141
      vertex -25.9943 -20.1723 141
    endloop
  endfacet
  facet normal 0 0 1
    outer loop
      vertex -28.4804 -21.8335 141
      vertex -25.9943 -20.1723 141
      vertex -26.3732 -19.5402 141
    endloop
  endfacet
  facet normal 0 0 1
    outer loop
      vertex -24.5143 -21.8053 141
      vertex -26.4111 -24.1166 141
      vertex -25.5835 -24.7304 141
    endloop
  endfacet
  facet normal 0 0 1
    outer loop
      vertex -29.0102 -20.9497 141
      vertex -26.3732 -19.5402 141
      vertex -26.6883 -18.874 141
    endloop
  endfacet
  facet normal 0 0 1
    outer loop
      vertex -29.4507 -20.0182 141
      vertex -26.6883 -18.874 141
      vertex -26.9366 -18.18 141
    endloop
  endfacet
  facet normal 0 0 1
    outer loop
      vertex -29.7979 -19.048 141
      vertex -26.9366 -18.18 141
      vertex -27.1157 -17.4651 141
    endloop
  endfacet
  facet normal 0 0 1
    outer loop
      vertex -25.0604 -21.3104 141
      vertex -27.1746 -23.4246 141
      vertex -26.4111 -24.1166 141
    endloop
  endfacet
  facet normal 0 0 1
    outer loop
      vertex -30.0482 -18.0484 141
      vertex -27.1157 -17.4651 141
      vertex -27.2238 -16.7361 141
    endloop
  endfacet
  facet normal 0 0 1
    outer loop
      vertex -30.1994 -17.0292 141
      vertex -27.2238 -16.7361 141
      vertex -27.26 -16 141
    endloop
  endfacet
  facet normal 0 0 1
    outer loop
      vertex -27.26 16 141
      vertex -30.25 16 141
      vertex -27.26 -16 141
    endloop
  endfacet
  facet normal 0 0 1
    outer loop
      vertex -30.25 -16 141
      vertex -27.26 -16 141
      vertex -30.25 16 141
    endloop
  endfacet
  facet normal 0 0 1
    outer loop
      vertex -26.9366 18.18 141
      vertex -29.7979 19.048 141
      vertex -27.1157 17.4651 141
    endloop
  endfacet
  facet normal 0 -0 1
    outer loop
      vertex -30.1994 -17.0292 141
      vertex -27.26 -16 141
      vertex -30.25 -16 141
    endloop
  endfacet
  facet normal -0 0 1
    outer loop
      vertex -30.0482 18.0484 141
      vertex -27.1157 17.4651 141
      vertex -29.7979 19.048 141
    endloop
  endfacet
  facet normal 0 0 1
    outer loop
      vertex -25.5553 -20.7643 141
      vertex -27.8666 -22.6611 141
      vertex -27.1746 -23.4246 141
    endloop
  endfacet
  facet normal 0 0 1
    outer loop
      vertex -27.1157 17.4651 141
      vertex -30.0482 18.0484 141
      vertex -27.2238 16.7361 141
    endloop
  endfacet
  facet normal 0 0 1
    outer loop
      vertex -25.9943 -20.1723 141
      vertex -28.4804 -21.8335 141
      vertex -27.8666 -22.6611 141
    endloop
  endfacet
  facet normal -0 0 1
    outer loop
      vertex -30.1994 17.0292 141
      vertex -27.2238 16.7361 141
      vertex -30.0482 18.0484 141
    endloop
  endfacet
  facet normal 0 0 1
    outer loop
      vertex -26.3732 -19.5402 141
      vertex -29.0102 -20.9497 141
      vertex -28.4804 -21.8335 141
    endloop
  endfacet
  facet normal 0 0 1
    outer loop
      vertex -27.2238 16.7361 141
      vertex -30.1994 17.0292 141
      vertex -27.26 16 141
    endloop
  endfacet
  facet normal 0 0 1
    outer loop
      vertex -26.6883 -18.874 141
      vertex -29.4507 -20.0182 141
      vertex -29.0102 -20.9497 141
    endloop
  endfacet
  facet normal 0 0 1
    outer loop
      vertex -27.26 16 141
      vertex -30.1994 17.0292 141
      vertex -30.25 16 141
    endloop
  endfacet
  facet normal 0 0 1
    outer loop
      vertex -26.9366 -18.18 141
      vertex -29.7979 -19.048 141
      vertex -29.4507 -20.0182 141
    endloop
  endfacet
  facet normal 0 0 1
    outer loop
      vertex -27.1157 -17.4651 141
      vertex -30.0482 -18.0484 141
      vertex -29.7979 -19.048 141
    endloop
  endfacet
  facet normal 0 0 1
    outer loop
      vertex -27.2238 -16.7361 141
      vertex -30.1994 -17.0292 141
      vertex -30.0482 -18.0484 141
    endloop
  endfacet
  facet normal -0.595706 -0.803203 0
    outer loop
      vertex -26.4111 -24.1166 4
      vertex -25.5835 -24.7304 141
      vertex -26.4111 -24.1166 141
    endloop
  endfacet
  facet normal -0.595706 -0.803203 -0
    outer loop
      vertex -25.5835 -24.7304 141
      vertex -26.4111 -24.1166 4
      vertex -25.5835 -24.7304 4
    endloop
  endfacet
  facet normal 0.67132 0.741168 -0
    outer loop
      vertex 107.675 23.4246 4
      vertex 106.911 24.1166 141
      vertex 107.675 23.4246 141
    endloop
  endfacet
  facet normal 0.67132 0.741168 0
    outer loop
      vertex 106.911 24.1166 141
      vertex 107.675 23.4246 4
      vertex 106.911 24.1166 4
    endloop
  endfacet
  facet normal -0.740949 -0.671561 0
    outer loop
      vertex -27.1746 -23.4246 4
      vertex -27.8666 -22.6611 141
      vertex -27.8666 -22.6611 4
    endloop
  endfacet
  facet normal -0.740949 -0.671561 0
    outer loop
      vertex -27.8666 -22.6611 141
      vertex -27.1746 -23.4246 4
      vertex -27.1746 -23.4246 141
    endloop
  endfacet
  facet normal 0.59552 0.803341 -0
    outer loop
      vertex 106.911 24.1166 4
      vertex 106.083 24.7304 141
      vertex 106.911 24.1166 141
    endloop
  endfacet
  facet normal 0.59552 0.803341 0
    outer loop
      vertex 106.083 24.7304 141
      vertex 106.911 24.1166 4
      vertex 106.083 24.7304 4
    endloop
  endfacet
  facet normal 0.989175 0.146738 0
    outer loop
      vertex -25.0006 -10.6437 3
      vertex -25.195 -9.33323 0
      vertex -25.195 -9.33323 3
    endloop
  endfacet
  facet normal 0.989175 0.146738 0
    outer loop
      vertex -25.195 -9.33323 0
      vertex -25.0006 -10.6437 3
      vertex -25.0006 -10.6437 0
    endloop
  endfacet
  facet normal -0.146735 -0.989176 0
    outer loop
      vertex 93.5832 21.445 0
      vertex 94.8937 21.2506 3
      vertex 93.5832 21.445 3
    endloop
  endfacet
  facet normal -0.146735 -0.989176 -0
    outer loop
      vertex 94.8937 21.2506 3
      vertex 93.5832 21.445 0
      vertex 94.8937 21.2506 0
    endloop
  endfacet
  facet normal -0.24298 -0.970031 0
    outer loop
      vertex 94.8937 21.2506 0
      vertex 96.1788 20.9287 3
      vertex 94.8937 21.2506 3
    endloop
  endfacet
  facet normal -0.24298 -0.970031 -0
    outer loop
      vertex 96.1788 20.9287 3
      vertex 94.8937 21.2506 0
      vertex 96.1788 20.9287 0
    endloop
  endfacet
  facet normal 0.998796 0.0490631 0
    outer loop
      vertex -25.195 -9.33323 3
      vertex -25.26 -8.01 0
      vertex -25.26 -8.01 3
    endloop
  endfacet
  facet normal 0.998796 0.0490631 0
    outer loop
      vertex -25.26 -8.01 0
      vertex -25.195 -9.33323 3
      vertex -25.195 -9.33323 0
    endloop
  endfacet
  facet normal -0.740827 -0.671696 0
    outer loop
      vertex 102.696 16.5743 0
      vertex 101.806 17.5559 3
      vertex 101.806 17.5559 0
    endloop
  endfacet
  facet normal -0.740827 -0.671696 0
    outer loop
      vertex 101.806 17.5559 3
      vertex 102.696 16.5743 0
      vertex 102.696 16.5743 3
    endloop
  endfacet
  facet normal 0.336872 -0.94155 0
    outer loop
      vertex -16.9262 20.4824 0
      vertex -15.6788 20.9287 3
      vertex -16.9262 20.4824 3
    endloop
  endfacet
  facet normal 0.336872 -0.94155 0
    outer loop
      vertex -15.6788 20.9287 3
      vertex -16.9262 20.4824 0
      vertex -15.6788 20.9287 0
    endloop
  endfacet
  facet normal 0.989175 -0.146738 0
    outer loop
      vertex -25.195 9.33323 3
      vertex -25.0006 10.6437 0
      vertex -25.0006 10.6437 3
    endloop
  endfacet
  facet normal 0.989175 -0.146738 0
    outer loop
      vertex -25.0006 10.6437 0
      vertex -25.195 9.33323 3
      vertex -25.195 9.33323 0
    endloop
  endfacet
  facet normal -0.970014 0.243051 0
    outer loop
      vertex 105.179 -11.9288 0
      vertex 105.501 -10.6437 3
      vertex 105.501 -10.6437 0
    endloop
  endfacet
  facet normal -0.970014 0.243051 0
    outer loop
      vertex 105.501 -10.6437 3
      vertex 105.179 -11.9288 0
      vertex 105.179 -11.9288 3
    endloop
  endfacet
  facet normal 0.903981 0.427574 0
    outer loop
      vertex -23.6659 -14.3739 3
      vertex -24.2324 -13.1762 0
      vertex -24.2324 -13.1762 3
    endloop
  endfacet
  facet normal 0.903981 0.427574 0
    outer loop
      vertex -24.2324 -13.1762 0
      vertex -23.6659 -14.3739 3
      vertex -23.6659 -14.3739 0
    endloop
  endfacet
  facet normal 0.857719 -0.514118 0
    outer loop
      vertex -23.6659 14.3739 3
      vertex -22.9848 15.5102 0
      vertex -22.9848 15.5102 3
    endloop
  endfacet
  facet normal 0.857719 -0.514118 0
    outer loop
      vertex -22.9848 15.5102 0
      vertex -23.6659 14.3739 3
      vertex -23.6659 14.3739 0
    endloop
  endfacet
  facet normal 0.336872 0.94155 -0
    outer loop
      vertex -15.6788 -20.9287 0
      vertex -16.9262 -20.4824 3
      vertex -15.6788 -20.9287 3
    endloop
  endfacet
  facet normal 0.336872 0.94155 0
    outer loop
      vertex -16.9262 -20.4824 3
      vertex -15.6788 -20.9287 0
      vertex -16.9262 -20.4824 0
    endloop
  endfacet
  facet normal -0.0490642 -0.998796 0
    outer loop
      vertex 92.26 21.51 0
      vertex 93.5832 21.445 3
      vertex 92.26 21.51 3
    endloop
  endfacet
  facet normal -0.0490642 -0.998796 -0
    outer loop
      vertex 93.5832 21.445 3
      vertex 92.26 21.51 0
      vertex 93.5832 21.445 0
    endloop
  endfacet
  facet normal 1 -0 0
    outer loop
      vertex -25.26 -8.01 3
      vertex -25.26 8.01 0
      vertex -25.26 8.01 3
    endloop
  endfacet
  facet normal 1 0 0
    outer loop
      vertex -25.26 8.01 0
      vertex -25.26 -8.01 3
      vertex -25.26 -8.01 0
    endloop
  endfacet
  facet normal 0.998796 -0.0490631 0
    outer loop
      vertex -25.26 8.01 3
      vertex -25.195 9.33323 0
      vertex -25.195 9.33323 3
    endloop
  endfacet
  facet normal 0.998796 -0.0490631 0
    outer loop
      vertex -25.195 9.33323 0
      vertex -25.26 8.01 3
      vertex -25.26 8.01 0
    endloop
  endfacet
  facet normal -0.989219 0.146443 0
    outer loop
      vertex 105.501 -10.6437 0
      vertex 105.695 -9.33323 3
      vertex 105.695 -9.33323 0
    endloop
  endfacet
  facet normal -0.989219 0.146443 0
    outer loop
      vertex 105.695 -9.33323 3
      vertex 105.501 -10.6437 0
      vertex 105.501 -10.6437 3
    endloop
  endfacet
  facet normal 0.903981 -0.427574 0
    outer loop
      vertex -24.2324 13.1762 3
      vertex -23.6659 14.3739 0
      vertex -23.6659 14.3739 3
    endloop
  endfacet
  facet normal 0.903981 -0.427574 0
    outer loop
      vertex -23.6659 14.3739 0
      vertex -24.2324 13.1762 3
      vertex -24.2324 13.1762 0
    endloop
  endfacet
  facet normal 0.857719 0.514118 0
    outer loop
      vertex -22.9848 -15.5102 3
      vertex -23.6659 -14.3739 0
      vertex -23.6659 -14.3739 3
    endloop
  endfacet
  facet normal 0.857719 0.514118 0
    outer loop
      vertex -23.6659 -14.3739 0
      vertex -22.9848 -15.5102 3
      vertex -22.9848 -15.5102 0
    endloop
  endfacet
  facet normal 0.0490642 0.998796 -0
    outer loop
      vertex -11.76 -21.51 0
      vertex -13.0832 -21.445 3
      vertex -11.76 -21.51 3
    endloop
  endfacet
  facet normal 0.0490642 0.998796 0
    outer loop
      vertex -13.0832 -21.445 3
      vertex -11.76 -21.51 0
      vertex -13.0832 -21.445 0
    endloop
  endfacet
  facet normal 0 1 -0
    outer loop
      vertex 92.26 -21.51 0
      vertex -11.76 -21.51 3
      vertex 92.26 -21.51 3
    endloop
  endfacet
  facet normal 0 1 0
    outer loop
      vertex -11.76 -21.51 3
      vertex 92.26 -21.51 0
      vertex -11.76 -21.51 0
    endloop
  endfacet
  facet normal -0.514118 -0.857719 0
    outer loop
      vertex 98.6239 19.9159 0
      vertex 99.7602 19.2348 3
      vertex 98.6239 19.9159 3
    endloop
  endfacet
  facet normal -0.514118 -0.857719 -0
    outer loop
      vertex 99.7602 19.2348 3
      vertex 98.6239 19.9159 0
      vertex 99.7602 19.2348 0
    endloop
  endfacet
  facet normal -0.0490642 0.998796 0
    outer loop
      vertex 93.5832 -21.445 0
      vertex 92.26 -21.51 3
      vertex 93.5832 -21.445 3
    endloop
  endfacet
  facet normal -0.0490642 0.998796 0
    outer loop
      vertex 92.26 -21.51 3
      vertex 93.5832 -21.445 0
      vertex 92.26 -21.51 0
    endloop
  endfacet
  facet normal -0.336872 -0.94155 0
    outer loop
      vertex 96.1788 20.9287 0
      vertex 97.4262 20.4824 3
      vertex 96.1788 20.9287 3
    endloop
  endfacet
  facet normal -0.336872 -0.94155 -0
    outer loop
      vertex 97.4262 20.4824 3
      vertex 96.1788 20.9287 0
      vertex 97.4262 20.4824 0
    endloop
  endfacet
  facet normal 0.595704 -0.803204 0
    outer loop
      vertex -20.3243 18.4456 0
      vertex -19.2602 19.2348 3
      vertex -20.3243 18.4456 3
    endloop
  endfacet
  facet normal 0.595704 -0.803204 0
    outer loop
      vertex -19.2602 19.2348 3
      vertex -20.3243 18.4456 0
      vertex -19.2602 19.2348 0
    endloop
  endfacet
  facet normal -0.803276 -0.595607 0
    outer loop
      vertex 103.485 15.5102 0
      vertex 102.696 16.5743 3
      vertex 102.696 16.5743 0
    endloop
  endfacet
  facet normal -0.803276 -0.595607 0
    outer loop
      vertex 102.696 16.5743 3
      vertex 103.485 15.5102 0
      vertex 103.485 15.5102 3
    endloop
  endfacet
  facet normal 0.0490642 -0.998796 0
    outer loop
      vertex -13.0832 21.445 0
      vertex -11.76 21.51 3
      vertex -13.0832 21.445 3
    endloop
  endfacet
  facet normal 0.0490642 -0.998796 0
    outer loop
      vertex -11.76 21.51 3
      vertex -13.0832 21.445 0
      vertex -11.76 21.51 0
    endloop
  endfacet
  facet normal -1 0 0
    outer loop
      vertex 105.76 -8.01 0
      vertex 105.76 8.01 3
      vertex 105.76 8.01 0
    endloop
  endfacet
  facet normal -1 -0 0
    outer loop
      vertex 105.76 8.01 3
      vertex 105.76 -8.01 0
      vertex 105.76 -8.01 3
    endloop
  endfacet
  facet normal 0.24298 -0.970031 0
    outer loop
      vertex -15.6788 20.9287 0
      vertex -14.3937 21.2506 3
      vertex -15.6788 20.9287 3
    endloop
  endfacet
  facet normal 0.24298 -0.970031 0
    outer loop
      vertex -14.3937 21.2506 3
      vertex -15.6788 20.9287 0
      vertex -14.3937 21.2506 0
    endloop
  endfacet
  facet normal 0.146735 -0.989176 0
    outer loop
      vertex -14.3937 21.2506 0
      vertex -13.0832 21.445 3
      vertex -14.3937 21.2506 3
    endloop
  endfacet
  facet normal 0.146735 -0.989176 0
    outer loop
      vertex -13.0832 21.445 3
      vertex -14.3937 21.2506 0
      vertex -13.0832 21.445 0
    endloop
  endfacet
  facet normal -0.998796 -0.0490631 0
    outer loop
      vertex 105.76 8.01 0
      vertex 105.695 9.33323 3
      vertex 105.695 9.33323 0
    endloop
  endfacet
  facet normal -0.998796 -0.0490631 0
    outer loop
      vertex 105.695 9.33323 3
      vertex 105.76 8.01 0
      vertex 105.76 8.01 3
    endloop
  endfacet
  facet normal -0.998796 0.0490631 0
    outer loop
      vertex 105.695 -9.33323 0
      vertex 105.76 -8.01 3
      vertex 105.76 -8.01 0
    endloop
  endfacet
  facet normal -0.998796 0.0490631 0
    outer loop
      vertex 105.76 -8.01 3
      vertex 105.695 -9.33323 0
      vertex 105.695 -9.33323 3
    endloop
  endfacet
  facet normal 0.970031 0.24298 0
    outer loop
      vertex -24.6787 -11.9288 3
      vertex -25.0006 -10.6437 0
      vertex -25.0006 -10.6437 3
    endloop
  endfacet
  facet normal 0.970031 0.24298 0
    outer loop
      vertex -25.0006 -10.6437 0
      vertex -24.6787 -11.9288 3
      vertex -24.6787 -11.9288 0
    endloop
  endfacet
  facet normal 0.94155 -0.336872 0
    outer loop
      vertex -24.6787 11.9288 3
      vertex -24.2324 13.1762 0
      vertex -24.2324 13.1762 3
    endloop
  endfacet
  facet normal 0.94155 -0.336872 0
    outer loop
      vertex -24.2324 13.1762 0
      vertex -24.6787 11.9288 3
      vertex -24.6787 11.9288 0
    endloop
  endfacet
  facet normal 0.970031 -0.24298 0
    outer loop
      vertex -25.0006 10.6437 3
      vertex -24.6787 11.9288 0
      vertex -24.6787 11.9288 3
    endloop
  endfacet
  facet normal 0.970031 -0.24298 0
    outer loop
      vertex -24.6787 11.9288 0
      vertex -25.0006 10.6437 3
      vertex -25.0006 10.6437 0
    endloop
  endfacet
  facet normal -0.970014 -0.243051 0
    outer loop
      vertex 105.501 10.6437 0
      vertex 105.179 11.9288 3
      vertex 105.179 11.9288 0
    endloop
  endfacet
  facet normal -0.970014 -0.243051 0
    outer loop
      vertex 105.179 11.9288 3
      vertex 105.501 10.6437 0
      vertex 105.501 10.6437 3
    endloop
  endfacet
  facet normal -0.941383 -0.33734 0
    outer loop
      vertex 105.179 11.9288 0
      vertex 104.732 13.1762 3
      vertex 104.732 13.1762 0
    endloop
  endfacet
  facet normal -0.941383 -0.33734 0
    outer loop
      vertex 104.732 13.1762 3
      vertex 105.179 11.9288 0
      vertex 105.179 11.9288 3
    endloop
  endfacet
  facet normal -0.857753 -0.514063 0
    outer loop
      vertex 104.166 14.3739 0
      vertex 103.485 15.5102 3
      vertex 103.485 15.5102 0
    endloop
  endfacet
  facet normal -0.857753 -0.514063 0
    outer loop
      vertex 103.485 15.5102 3
      vertex 104.166 14.3739 0
      vertex 104.166 14.3739 3
    endloop
  endfacet
  facet normal -0.989219 -0.146443 0
    outer loop
      vertex 105.695 9.33323 0
      vertex 105.501 10.6437 3
      vertex 105.501 10.6437 0
    endloop
  endfacet
  facet normal -0.989219 -0.146443 0
    outer loop
      vertex 105.501 10.6437 3
      vertex 105.695 9.33323 0
      vertex 105.695 9.33323 3
    endloop
  endfacet
  facet normal -0.427574 -0.903981 0
    outer loop
      vertex 97.4262 20.4824 0
      vertex 98.6239 19.9159 3
      vertex 97.4262 20.4824 3
    endloop
  endfacet
  facet normal -0.427574 -0.903981 -0
    outer loop
      vertex 98.6239 19.9159 3
      vertex 97.4262 20.4824 0
      vertex 98.6239 19.9159 0
    endloop
  endfacet
  facet normal 0.427574 -0.903981 0
    outer loop
      vertex -18.1239 19.9159 0
      vertex -16.9262 20.4824 3
      vertex -18.1239 19.9159 3
    endloop
  endfacet
  facet normal 0.427574 -0.903981 0
    outer loop
      vertex -16.9262 20.4824 3
      vertex -18.1239 19.9159 0
      vertex -16.9262 20.4824 0
    endloop
  endfacet
  facet normal 0.803204 -0.595704 0
    outer loop
      vertex -22.9848 15.5102 3
      vertex -22.1956 16.5743 0
      vertex -22.1956 16.5743 3
    endloop
  endfacet
  facet normal 0.803204 -0.595704 0
    outer loop
      vertex -22.1956 16.5743 0
      vertex -22.9848 15.5102 3
      vertex -22.9848 15.5102 0
    endloop
  endfacet
  facet normal -0.146735 0.989176 0
    outer loop
      vertex 94.8937 -21.2506 0
      vertex 93.5832 -21.445 3
      vertex 94.8937 -21.2506 3
    endloop
  endfacet
  facet normal -0.146735 0.989176 0
    outer loop
      vertex 93.5832 -21.445 3
      vertex 94.8937 -21.2506 0
      vertex 93.5832 -21.445 0
    endloop
  endfacet
  facet normal 0.671571 -0.74094 0
    outer loop
      vertex -21.3059 17.5559 0
      vertex -20.3243 18.4456 3
      vertex -21.3059 17.5559 3
    endloop
  endfacet
  facet normal 0.671571 -0.74094 0
    outer loop
      vertex -20.3243 18.4456 3
      vertex -21.3059 17.5559 0
      vertex -20.3243 18.4456 0
    endloop
  endfacet
  facet normal 0 -1 0
    outer loop
      vertex -11.76 21.51 0
      vertex 92.26 21.51 3
      vertex -11.76 21.51 3
    endloop
  endfacet
  facet normal 0 -1 -0
    outer loop
      vertex 92.26 21.51 3
      vertex -11.76 21.51 0
      vertex 92.26 21.51 0
    endloop
  endfacet
  facet normal 0.514118 -0.857719 0
    outer loop
      vertex -19.2602 19.2348 0
      vertex -18.1239 19.9159 3
      vertex -19.2602 19.2348 3
    endloop
  endfacet
  facet normal 0.514118 -0.857719 0
    outer loop
      vertex -18.1239 19.9159 3
      vertex -19.2602 19.2348 0
      vertex -18.1239 19.9159 0
    endloop
  endfacet
  facet normal -0.595812 0.803124 0
    outer loop
      vertex 100.824 -18.4456 0
      vertex 99.7602 -19.2348 3
      vertex 100.824 -18.4456 3
    endloop
  endfacet
  facet normal -0.595812 0.803124 0
    outer loop
      vertex 99.7602 -19.2348 3
      vertex 100.824 -18.4456 0
      vertex 99.7602 -19.2348 0
    endloop
  endfacet
  facet normal -0.514118 0.857719 0
    outer loop
      vertex 99.7602 -19.2348 0
      vertex 98.6239 -19.9159 3
      vertex 99.7602 -19.2348 3
    endloop
  endfacet
  facet normal -0.514118 0.857719 0
    outer loop
      vertex 98.6239 -19.9159 3
      vertex 99.7602 -19.2348 0
      vertex 98.6239 -19.9159 0
    endloop
  endfacet
  facet normal -0.803276 0.595607 0
    outer loop
      vertex 102.696 -16.5743 0
      vertex 103.485 -15.5102 3
      vertex 103.485 -15.5102 0
    endloop
  endfacet
  facet normal -0.803276 0.595607 0
    outer loop
      vertex 103.485 -15.5102 3
      vertex 102.696 -16.5743 0
      vertex 102.696 -16.5743 3
    endloop
  endfacet
  facet normal -0.904126 -0.427265 0
    outer loop
      vertex 104.732 13.1762 0
      vertex 104.166 14.3739 3
      vertex 104.166 14.3739 0
    endloop
  endfacet
  facet normal -0.904126 -0.427265 0
    outer loop
      vertex 104.166 14.3739 3
      vertex 104.732 13.1762 0
      vertex 104.732 13.1762 3
    endloop
  endfacet
  facet normal -0.857753 0.514063 0
    outer loop
      vertex 103.485 -15.5102 0
      vertex 104.166 -14.3739 3
      vertex 104.166 -14.3739 0
    endloop
  endfacet
  facet normal -0.857753 0.514063 0
    outer loop
      vertex 104.166 -14.3739 3
      vertex 103.485 -15.5102 0
      vertex 103.485 -15.5102 3
    endloop
  endfacet
  facet normal -0.595812 -0.803124 0
    outer loop
      vertex 99.7602 19.2348 0
      vertex 100.824 18.4456 3
      vertex 99.7602 19.2348 3
    endloop
  endfacet
  facet normal -0.595812 -0.803124 -0
    outer loop
      vertex 100.824 18.4456 3
      vertex 99.7602 19.2348 0
      vertex 100.824 18.4456 0
    endloop
  endfacet
  facet normal 0.803204 0.595704 0
    outer loop
      vertex -22.1956 -16.5743 3
      vertex -22.9848 -15.5102 0
      vertex -22.9848 -15.5102 3
    endloop
  endfacet
  facet normal 0.803204 0.595704 0
    outer loop
      vertex -22.9848 -15.5102 0
      vertex -22.1956 -16.5743 3
      vertex -22.1956 -16.5743 0
    endloop
  endfacet
  facet normal -0.671421 -0.741076 0
    outer loop
      vertex 100.824 18.4456 0
      vertex 101.806 17.5559 3
      vertex 100.824 18.4456 3
    endloop
  endfacet
  facet normal -0.671421 -0.741076 -0
    outer loop
      vertex 101.806 17.5559 3
      vertex 100.824 18.4456 0
      vertex 101.806 17.5559 0
    endloop
  endfacet
  facet normal -0.427574 0.903981 0
    outer loop
      vertex 98.6239 -19.9159 0
      vertex 97.4262 -20.4824 3
      vertex 98.6239 -19.9159 3
    endloop
  endfacet
  facet normal -0.427574 0.903981 0
    outer loop
      vertex 97.4262 -20.4824 3
      vertex 98.6239 -19.9159 0
      vertex 97.4262 -20.4824 0
    endloop
  endfacet
  facet normal 0.74094 -0.671571 0
    outer loop
      vertex -22.1956 16.5743 3
      vertex -21.3059 17.5559 0
      vertex -21.3059 17.5559 3
    endloop
  endfacet
  facet normal 0.74094 -0.671571 0
    outer loop
      vertex -21.3059 17.5559 0
      vertex -22.1956 16.5743 3
      vertex -22.1956 16.5743 0
    endloop
  endfacet
  facet normal 0.74094 0.671571 0
    outer loop
      vertex -21.3059 -17.5559 3
      vertex -22.1956 -16.5743 0
      vertex -22.1956 -16.5743 3
    endloop
  endfacet
  facet normal 0.74094 0.671571 0
    outer loop
      vertex -22.1956 -16.5743 0
      vertex -21.3059 -17.5559 3
      vertex -21.3059 -17.5559 0
    endloop
  endfacet
  facet normal -0.336872 0.94155 0
    outer loop
      vertex 97.4262 -20.4824 0
      vertex 96.1788 -20.9287 3
      vertex 97.4262 -20.4824 3
    endloop
  endfacet
  facet normal -0.336872 0.94155 0
    outer loop
      vertex 96.1788 -20.9287 3
      vertex 97.4262 -20.4824 0
      vertex 96.1788 -20.9287 0
    endloop
  endfacet
  facet normal -0.24298 0.970031 0
    outer loop
      vertex 96.1788 -20.9287 0
      vertex 94.8937 -21.2506 3
      vertex 96.1788 -20.9287 3
    endloop
  endfacet
  facet normal -0.24298 0.970031 0
    outer loop
      vertex 94.8937 -21.2506 3
      vertex 96.1788 -20.9287 0
      vertex 94.8937 -21.2506 0
    endloop
  endfacet
  facet normal 0.671571 0.74094 -0
    outer loop
      vertex -20.3243 -18.4456 0
      vertex -21.3059 -17.5559 3
      vertex -20.3243 -18.4456 3
    endloop
  endfacet
  facet normal 0.671571 0.74094 0
    outer loop
      vertex -21.3059 -17.5559 3
      vertex -20.3243 -18.4456 0
      vertex -21.3059 -17.5559 0
    endloop
  endfacet
  facet normal -0.904126 0.427265 0
    outer loop
      vertex 104.166 -14.3739 0
      vertex 104.732 -13.1762 3
      vertex 104.732 -13.1762 0
    endloop
  endfacet
  facet normal -0.904126 0.427265 0
    outer loop
      vertex 104.732 -13.1762 3
      vertex 104.166 -14.3739 0
      vertex 104.166 -14.3739 3
    endloop
  endfacet
  facet normal 0.427574 0.903981 -0
    outer loop
      vertex -16.9262 -20.4824 0
      vertex -18.1239 -19.9159 3
      vertex -16.9262 -20.4824 3
    endloop
  endfacet
  facet normal 0.427574 0.903981 0
    outer loop
      vertex -18.1239 -19.9159 3
      vertex -16.9262 -20.4824 0
      vertex -18.1239 -19.9159 0
    endloop
  endfacet
  facet normal -0.941383 0.33734 0
    outer loop
      vertex 104.732 -13.1762 0
      vertex 105.179 -11.9288 3
      vertex 105.179 -11.9288 0
    endloop
  endfacet
  facet normal -0.941383 0.33734 0
    outer loop
      vertex 105.179 -11.9288 3
      vertex 104.732 -13.1762 0
      vertex 104.732 -13.1762 3
    endloop
  endfacet
  facet normal 0.146735 0.989176 -0
    outer loop
      vertex -13.0832 -21.445 0
      vertex -14.3937 -21.2506 3
      vertex -13.0832 -21.445 3
    endloop
  endfacet
  facet normal 0.146735 0.989176 0
    outer loop
      vertex -14.3937 -21.2506 3
      vertex -13.0832 -21.445 0
      vertex -14.3937 -21.2506 0
    endloop
  endfacet
  facet normal -0.671421 0.741076 0
    outer loop
      vertex 101.806 -17.5559 0
      vertex 100.824 -18.4456 3
      vertex 101.806 -17.5559 3
    endloop
  endfacet
  facet normal -0.671421 0.741076 0
    outer loop
      vertex 100.824 -18.4456 3
      vertex 101.806 -17.5559 0
      vertex 100.824 -18.4456 0
    endloop
  endfacet
  facet normal 0.24298 0.970031 -0
    outer loop
      vertex -14.3937 -21.2506 0
      vertex -15.6788 -20.9287 3
      vertex -14.3937 -21.2506 3
    endloop
  endfacet
  facet normal 0.24298 0.970031 0
    outer loop
      vertex -15.6788 -20.9287 3
      vertex -14.3937 -21.2506 0
      vertex -15.6788 -20.9287 0
    endloop
  endfacet
  facet normal 0.595704 0.803204 -0
    outer loop
      vertex -19.2602 -19.2348 0
      vertex -20.3243 -18.4456 3
      vertex -19.2602 -19.2348 3
    endloop
  endfacet
  facet normal 0.595704 0.803204 0
    outer loop
      vertex -20.3243 -18.4456 3
      vertex -19.2602 -19.2348 0
      vertex -20.3243 -18.4456 0
    endloop
  endfacet
  facet normal -0.740827 0.671696 0
    outer loop
      vertex 101.806 -17.5559 0
      vertex 102.696 -16.5743 3
      vertex 102.696 -16.5743 0
    endloop
  endfacet
  facet normal -0.740827 0.671696 0
    outer loop
      vertex 102.696 -16.5743 3
      vertex 101.806 -17.5559 0
      vertex 101.806 -17.5559 3
    endloop
  endfacet
  facet normal 0.514118 0.857719 -0
    outer loop
      vertex -18.1239 -19.9159 0
      vertex -19.2602 -19.2348 3
      vertex -18.1239 -19.9159 3
    endloop
  endfacet
  facet normal 0.514118 0.857719 0
    outer loop
      vertex -19.2602 -19.2348 3
      vertex -18.1239 -19.9159 0
      vertex -19.2602 -19.2348 0
    endloop
  endfacet
  facet normal 0.94155 0.336872 0
    outer loop
      vertex -24.2324 -13.1762 3
      vertex -24.6787 -11.9288 0
      vertex -24.6787 -11.9288 3
    endloop
  endfacet
  facet normal 0.94155 0.336872 0
    outer loop
      vertex -24.6787 -11.9288 0
      vertex -24.2324 -13.1762 3
      vertex -24.2324 -13.1762 0
    endloop
  endfacet
  facet normal 0.989184 0.146681 0
    outer loop
      vertex -27.1157 -17.4651 141
      vertex -27.2238 -16.7361 3
      vertex -27.2238 -16.7361 141
    endloop
  endfacet
  facet normal 0.989184 0.146681 0
    outer loop
      vertex -27.2238 -16.7361 3
      vertex -27.1157 -17.4651 141
      vertex -27.1157 -17.4651 3
    endloop
  endfacet
  facet normal 0.857708 0.514137 0
    outer loop
      vertex -25.9943 -20.1723 141
      vertex -26.3732 -19.5402 3
      vertex -26.3732 -19.5402 141
    endloop
  endfacet
  facet normal 0.857708 0.514137 0
    outer loop
      vertex -26.3732 -19.5402 3
      vertex -25.9943 -20.1723 141
      vertex -25.9943 -20.1723 3
    endloop
  endfacet
  facet normal 0.857708 -0.514137 0
    outer loop
      vertex -26.3732 19.5402 141
      vertex -25.9943 20.1723 3
      vertex -25.9943 20.1723 141
    endloop
  endfacet
  facet normal 0.857708 -0.514137 0
    outer loop
      vertex -25.9943 20.1723 3
      vertex -26.3732 19.5402 141
      vertex -26.3732 19.5402 3
    endloop
  endfacet
  facet normal 0.998793 0.0491187 0
    outer loop
      vertex -27.2238 -16.7361 141
      vertex -27.26 -16 3
      vertex -27.26 -16 141
    endloop
  endfacet
  facet normal 0.998793 0.0491187 0
    outer loop
      vertex -27.26 -16 3
      vertex -27.2238 -16.7361 141
      vertex -27.2238 -16.7361 3
    endloop
  endfacet
  facet normal -0.740922 -0.671592 0
    outer loop
      vertex 106.055 20.7643 3
      vertex 105.56 21.3104 141
      vertex 105.56 21.3104 3
    endloop
  endfacet
  facet normal -0.740922 -0.671592 0
    outer loop
      vertex 105.56 21.3104 141
      vertex 106.055 20.7643 3
      vertex 106.055 20.7643 141
    endloop
  endfacet
  facet normal 0.989184 -0.146681 0
    outer loop
      vertex -27.2238 16.7361 141
      vertex -27.1157 17.4651 3
      vertex -27.1157 17.4651 141
    endloop
  endfacet
  facet normal 0.989184 -0.146681 0
    outer loop
      vertex -27.1157 17.4651 3
      vertex -27.2238 16.7361 141
      vertex -27.2238 16.7361 3
    endloop
  endfacet
  facet normal 0.336869 -0.941551 0
    outer loop
      vertex -22.624 22.9383 3
      vertex -21.93 23.1866 141
      vertex -22.624 22.9383 141
    endloop
  endfacet
  facet normal 0.336869 -0.941551 0
    outer loop
      vertex -21.93 23.1866 141
      vertex -22.624 22.9383 3
      vertex -21.93 23.1866 3
    endloop
  endfacet
  facet normal 0.243014 -0.970023 0
    outer loop
      vertex -21.93 23.1866 3
      vertex -21.2151 23.3657 141
      vertex -21.93 23.1866 141
    endloop
  endfacet
  facet normal 0.243014 -0.970023 0
    outer loop
      vertex -21.2151 23.3657 141
      vertex -21.93 23.1866 3
      vertex -21.2151 23.3657 3
    endloop
  endfacet
  facet normal 0.740989 -0.671517 0
    outer loop
      vertex -25.5553 20.7643 141
      vertex -25.0604 21.3104 3
      vertex -25.0604 21.3104 141
    endloop
  endfacet
  facet normal 0.740989 -0.671517 0
    outer loop
      vertex -25.0604 21.3104 3
      vertex -25.5553 20.7643 141
      vertex -25.5553 20.7643 3
    endloop
  endfacet
  facet normal -0.146681 0.989184 0
    outer loop
      vertex 101.715 -23.3657 3
      vertex 100.986 -23.4738 141
      vertex 101.715 -23.3657 141
    endloop
  endfacet
  facet normal -0.146681 0.989184 0
    outer loop
      vertex 100.986 -23.4738 141
      vertex 101.715 -23.3657 3
      vertex 100.986 -23.4738 3
    endloop
  endfacet
  facet normal 0.427567 -0.903984 0
    outer loop
      vertex -23.2902 22.6232 3
      vertex -22.624 22.9383 141
      vertex -23.2902 22.6232 141
    endloop
  endfacet
  facet normal 0.427567 -0.903984 0
    outer loop
      vertex -22.624 22.9383 141
      vertex -23.2902 22.6232 3
      vertex -22.624 22.9383 3
    endloop
  endfacet
  facet normal 0.595649 0.803245 -0
    outer loop
      vertex -23.9223 -22.2443 3
      vertex -24.5143 -21.8053 141
      vertex -23.9223 -22.2443 141
    endloop
  endfacet
  facet normal 0.595649 0.803245 0
    outer loop
      vertex -24.5143 -21.8053 141
      vertex -23.9223 -22.2443 3
      vertex -24.5143 -21.8053 3
    endloop
  endfacet
  facet normal -0.998806 -0.048848 0
    outer loop
      vertex 107.76 16 3
      vertex 107.724 16.7361 141
      vertex 107.724 16.7361 3
    endloop
  endfacet
  facet normal -0.998806 -0.048848 0
    outer loop
      vertex 107.724 16.7361 141
      vertex 107.76 16 3
      vertex 107.76 16 141
    endloop
  endfacet
  facet normal 0 1 0
    outer loop
      vertex 100.25 -23.51 141
      vertex 82.9515 -23.51 127.845
      vertex -19.75 -23.51 141
    endloop
  endfacet
  facet normal 0 1 0
    outer loop
      vertex 100.25 -23.51 141
      vertex 83.9398 -23.51 127.796
      vertex 82.9515 -23.51 127.845
    endloop
  endfacet
  facet normal 0 1 0
    outer loop
      vertex 100.25 -23.51 141
      vertex 84.9186 -23.51 127.651
      vertex 83.9398 -23.51 127.796
    endloop
  endfacet
  facet normal 0 1 0
    outer loop
      vertex 100.25 -23.51 141
      vertex 85.8784 -23.51 127.411
      vertex 84.9186 -23.51 127.651
    endloop
  endfacet
  facet normal 0 1 0
    outer loop
      vertex 100.25 -23.51 141
      vertex 86.8101 -23.51 127.077
      vertex 85.8784 -23.51 127.411
    endloop
  endfacet
  facet normal 0 1 0
    outer loop
      vertex 100.25 -23.51 141
      vertex 87.7046 -23.51 126.654
      vertex 86.8101 -23.51 127.077
    endloop
  endfacet
  facet normal 0 1 0
    outer loop
      vertex 100.25 -23.51 141
      vertex 88.5533 -23.51 126.146
      vertex 87.7046 -23.51 126.654
    endloop
  endfacet
  facet normal 0 1 0
    outer loop
      vertex 100.25 -23.51 141
      vertex 89.3481 -23.51 125.556
      vertex 88.5533 -23.51 126.146
    endloop
  endfacet
  facet normal 0 1 0
    outer loop
      vertex 100.25 -23.51 141
      vertex 90.0813 -23.51 124.892
      vertex 89.3481 -23.51 125.556
    endloop
  endfacet
  facet normal 0 1 0
    outer loop
      vertex 100.25 -23.51 141
      vertex 90.7458 -23.51 124.159
      vertex 90.0813 -23.51 124.892
    endloop
  endfacet
  facet normal 0 1 0
    outer loop
      vertex 100.25 -23.51 141
      vertex 91.3352 -23.51 123.364
      vertex 90.7458 -23.51 124.159
    endloop
  endfacet
  facet normal 0 1 0
    outer loop
      vertex 100.25 -23.51 141
      vertex 91.8439 -23.51 122.515
      vertex 91.3352 -23.51 123.364
    endloop
  endfacet
  facet normal 0 1 0
    outer loop
      vertex 100.25 -23.51 141
      vertex 92.267 -23.51 121.621
      vertex 91.8439 -23.51 122.515
    endloop
  endfacet
  facet normal 0 1 0
    outer loop
      vertex 100.25 -23.51 141
      vertex 92.6003 -23.51 120.689
      vertex 92.267 -23.51 121.621
    endloop
  endfacet
  facet normal 0 1 0
    outer loop
      vertex 100.25 -23.51 141
      vertex 92.8408 -23.51 119.729
      vertex 92.6003 -23.51 120.689
    endloop
  endfacet
  facet normal 0 1 0
    outer loop
      vertex 100.25 -23.51 141
      vertex 92.9859 -23.51 118.75
      vertex 92.8408 -23.51 119.729
    endloop
  endfacet
  facet normal 0 1 0
    outer loop
      vertex 100.25 -23.51 141
      vertex 93.0345 -23.51 117.762
      vertex 92.9859 -23.51 118.75
    endloop
  endfacet
  facet normal 0 1 0
    outer loop
      vertex 100.25 -23.51 141
      vertex 93.0345 -23.51 26.189
      vertex 93.0345 -23.51 117.762
    endloop
  endfacet
  facet normal 0 1 -0
    outer loop
      vertex 100.25 -23.51 3
      vertex 93.0345 -23.51 26.189
      vertex 100.25 -23.51 141
    endloop
  endfacet
  facet normal 0 1 0
    outer loop
      vertex 82.9515 -23.51 16.106
      vertex 100.25 -23.51 3
      vertex -2.4515 -23.51 16.106
    endloop
  endfacet
  facet normal 0 1 0
    outer loop
      vertex 83.9398 -23.51 16.1546
      vertex 100.25 -23.51 3
      vertex 82.9515 -23.51 16.106
    endloop
  endfacet
  facet normal 0 1 0
    outer loop
      vertex 84.9186 -23.51 16.2997
      vertex 100.25 -23.51 3
      vertex 83.9398 -23.51 16.1546
    endloop
  endfacet
  facet normal 0 1 0
    outer loop
      vertex 85.8784 -23.51 16.5402
      vertex 100.25 -23.51 3
      vertex 84.9186 -23.51 16.2997
    endloop
  endfacet
  facet normal 0 1 0
    outer loop
      vertex 86.8101 -23.51 16.8735
      vertex 100.25 -23.51 3
      vertex 85.8784 -23.51 16.5402
    endloop
  endfacet
  facet normal 0 1 0
    outer loop
      vertex 87.7046 -23.51 17.2966
      vertex 100.25 -23.51 3
      vertex 86.8101 -23.51 16.8735
    endloop
  endfacet
  facet normal 0 1 0
    outer loop
      vertex 88.5533 -23.51 17.8053
      vertex 100.25 -23.51 3
      vertex 87.7046 -23.51 17.2966
    endloop
  endfacet
  facet normal 0 1 0
    outer loop
      vertex 89.3481 -23.51 18.3947
      vertex 100.25 -23.51 3
      vertex 88.5533 -23.51 17.8053
    endloop
  endfacet
  facet normal 0 1 0
    outer loop
      vertex 90.0813 -23.51 19.0592
      vertex 100.25 -23.51 3
      vertex 89.3481 -23.51 18.3947
    endloop
  endfacet
  facet normal 0 1 0
    outer loop
      vertex 90.7458 -23.51 19.7924
      vertex 100.25 -23.51 3
      vertex 90.0813 -23.51 19.0592
    endloop
  endfacet
  facet normal 0 1 0
    outer loop
      vertex 91.3352 -23.51 20.5872
      vertex 100.25 -23.51 3
      vertex 90.7458 -23.51 19.7924
    endloop
  endfacet
  facet normal 0 1 0
    outer loop
      vertex 91.8439 -23.51 21.4359
      vertex 100.25 -23.51 3
      vertex 91.3352 -23.51 20.5872
    endloop
  endfacet
  facet normal 0 1 0
    outer loop
      vertex 92.267 -23.51 22.3304
      vertex 100.25 -23.51 3
      vertex 91.8439 -23.51 21.4359
    endloop
  endfacet
  facet normal 0 1 0
    outer loop
      vertex 92.6003 -23.51 23.2621
      vertex 100.25 -23.51 3
      vertex 92.267 -23.51 22.3304
    endloop
  endfacet
  facet normal 0 1 0
    outer loop
      vertex 92.8408 -23.51 24.2219
      vertex 100.25 -23.51 3
      vertex 92.6003 -23.51 23.2621
    endloop
  endfacet
  facet normal 0 1 0
    outer loop
      vertex 92.9859 -23.51 25.2007
      vertex 100.25 -23.51 3
      vertex 92.8408 -23.51 24.2219
    endloop
  endfacet
  facet normal 0 1 0
    outer loop
      vertex 93.0345 -23.51 26.189
      vertex 100.25 -23.51 3
      vertex 92.9859 -23.51 25.2007
    endloop
  endfacet
  facet normal 0 1 -0
    outer loop
      vertex -2.4515 -23.51 127.845
      vertex -19.75 -23.51 141
      vertex 82.9515 -23.51 127.845
    endloop
  endfacet
  facet normal 0 1 -0
    outer loop
      vertex -3.43981 -23.51 127.796
      vertex -19.75 -23.51 141
      vertex -2.4515 -23.51 127.845
    endloop
  endfacet
  facet normal 0 1 -0
    outer loop
      vertex -4.4186 -23.51 127.651
      vertex -19.75 -23.51 141
      vertex -3.43981 -23.51 127.796
    endloop
  endfacet
  facet normal 0 1 -0
    outer loop
      vertex -5.37844 -23.51 127.411
      vertex -19.75 -23.51 141
      vertex -4.4186 -23.51 127.651
    endloop
  endfacet
  facet normal 0 1 -0
    outer loop
      vertex -6.3101 -23.51 127.077
      vertex -19.75 -23.51 141
      vertex -5.37844 -23.51 127.411
    endloop
  endfacet
  facet normal 0 1 -0
    outer loop
      vertex -7.20459 -23.51 126.654
      vertex -19.75 -23.51 141
      vertex -6.3101 -23.51 127.077
    endloop
  endfacet
  facet normal 0 1 -0
    outer loop
      vertex -8.05332 -23.51 126.146
      vertex -19.75 -23.51 141
      vertex -7.20459 -23.51 126.654
    endloop
  endfacet
  facet normal 0 1 -0
    outer loop
      vertex -8.84809 -23.51 125.556
      vertex -19.75 -23.51 141
      vertex -8.05332 -23.51 126.146
    endloop
  endfacet
  facet normal 0 1 -0
    outer loop
      vertex -9.58126 -23.51 124.892
      vertex -19.75 -23.51 141
      vertex -8.84809 -23.51 125.556
    endloop
  endfacet
  facet normal 0 1 -0
    outer loop
      vertex -10.2458 -23.51 124.159
      vertex -19.75 -23.51 141
      vertex -9.58126 -23.51 124.892
    endloop
  endfacet
  facet normal 0 1 -0
    outer loop
      vertex -10.8352 -23.51 123.364
      vertex -19.75 -23.51 141
      vertex -10.2458 -23.51 124.159
    endloop
  endfacet
  facet normal 0 1 -0
    outer loop
      vertex -11.3439 -23.51 122.515
      vertex -19.75 -23.51 141
      vertex -10.8352 -23.51 123.364
    endloop
  endfacet
  facet normal 0 1 -0
    outer loop
      vertex -11.767 -23.51 121.621
      vertex -19.75 -23.51 141
      vertex -11.3439 -23.51 122.515
    endloop
  endfacet
  facet normal 0 1 -0
    outer loop
      vertex -12.1003 -23.51 120.689
      vertex -19.75 -23.51 141
      vertex -11.767 -23.51 121.621
    endloop
  endfacet
  facet normal 0 1 -0
    outer loop
      vertex -12.3408 -23.51 119.729
      vertex -19.75 -23.51 141
      vertex -12.1003 -23.51 120.689
    endloop
  endfacet
  facet normal 0 1 -0
    outer loop
      vertex -12.4859 -23.51 118.75
      vertex -19.75 -23.51 141
      vertex -12.3408 -23.51 119.729
    endloop
  endfacet
  facet normal 0 1 -0
    outer loop
      vertex -12.5345 -23.51 117.762
      vertex -19.75 -23.51 141
      vertex -12.4859 -23.51 118.75
    endloop
  endfacet
  facet normal 0 1 -0
    outer loop
      vertex -12.5345 -23.51 26.189
      vertex -19.75 -23.51 141
      vertex -12.5345 -23.51 117.762
    endloop
  endfacet
  facet normal 0 1 0
    outer loop
      vertex -19.75 -23.51 3
      vertex -12.5345 -23.51 26.189
      vertex -12.4859 -23.51 25.2007
    endloop
  endfacet
  facet normal 0 1 0
    outer loop
      vertex -19.75 -23.51 3
      vertex -2.4515 -23.51 16.106
      vertex 100.25 -23.51 3
    endloop
  endfacet
  facet normal 0 1 0
    outer loop
      vertex -12.5345 -23.51 26.189
      vertex -19.75 -23.51 3
      vertex -19.75 -23.51 141
    endloop
  endfacet
  facet normal 0 1 0
    outer loop
      vertex -12.3408 -23.51 24.2219
      vertex -19.75 -23.51 3
      vertex -12.4859 -23.51 25.2007
    endloop
  endfacet
  facet normal 0 1 0
    outer loop
      vertex -12.1003 -23.51 23.2621
      vertex -19.75 -23.51 3
      vertex -12.3408 -23.51 24.2219
    endloop
  endfacet
  facet normal 0 1 0
    outer loop
      vertex -11.767 -23.51 22.3304
      vertex -19.75 -23.51 3
      vertex -12.1003 -23.51 23.2621
    endloop
  endfacet
  facet normal 0 1 0
    outer loop
      vertex -11.3439 -23.51 21.4359
      vertex -19.75 -23.51 3
      vertex -11.767 -23.51 22.3304
    endloop
  endfacet
  facet normal 0 1 0
    outer loop
      vertex -10.8352 -23.51 20.5872
      vertex -19.75 -23.51 3
      vertex -11.3439 -23.51 21.4359
    endloop
  endfacet
  facet normal 0 1 0
    outer loop
      vertex -10.2458 -23.51 19.7924
      vertex -19.75 -23.51 3
      vertex -10.8352 -23.51 20.5872
    endloop
  endfacet
  facet normal 0 1 0
    outer loop
      vertex -9.58126 -23.51 19.0592
      vertex -19.75 -23.51 3
      vertex -10.2458 -23.51 19.7924
    endloop
  endfacet
  facet normal 0 1 0
    outer loop
      vertex -8.84809 -23.51 18.3947
      vertex -19.75 -23.51 3
      vertex -9.58126 -23.51 19.0592
    endloop
  endfacet
  facet normal 0 1 0
    outer loop
      vertex -8.05332 -23.51 17.8053
      vertex -19.75 -23.51 3
      vertex -8.84809 -23.51 18.3947
    endloop
  endfacet
  facet normal 0 1 0
    outer loop
      vertex -7.20459 -23.51 17.2966
      vertex -19.75 -23.51 3
      vertex -8.05332 -23.51 17.8053
    endloop
  endfacet
  facet normal 0 1 0
    outer loop
      vertex -6.3101 -23.51 16.8735
      vertex -19.75 -23.51 3
      vertex -7.20459 -23.51 17.2966
    endloop
  endfacet
  facet normal 0 1 0
    outer loop
      vertex -5.37844 -23.51 16.5402
      vertex -19.75 -23.51 3
      vertex -6.3101 -23.51 16.8735
    endloop
  endfacet
  facet normal 0 1 0
    outer loop
      vertex -4.4186 -23.51 16.2997
      vertex -19.75 -23.51 3
      vertex -5.37844 -23.51 16.5402
    endloop
  endfacet
  facet normal 0 1 0
    outer loop
      vertex -3.43981 -23.51 16.1546
      vertex -19.75 -23.51 3
      vertex -4.4186 -23.51 16.2997
    endloop
  endfacet
  facet normal 0 1 0
    outer loop
      vertex -2.4515 -23.51 16.106
      vertex -19.75 -23.51 3
      vertex -3.43981 -23.51 16.1546
    endloop
  endfacet
  facet normal -0.904036 0.427456 0
    outer loop
      vertex 106.873 -19.5402 3
      vertex 107.188 -18.874 141
      vertex 107.188 -18.874 3
    endloop
  endfacet
  facet normal -0.904036 0.427456 0
    outer loop
      vertex 107.188 -18.874 141
      vertex 106.873 -19.5402 3
      vertex 106.873 -19.5402 141
    endloop
  endfacet
  facet normal -0.671585 0.740928 0
    outer loop
      vertex 105.56 -21.3104 3
      vertex 105.014 -21.8053 141
      vertex 105.56 -21.3104 141
    endloop
  endfacet
  facet normal -0.671585 0.740928 0
    outer loop
      vertex 105.014 -21.8053 141
      vertex 105.56 -21.3104 3
      vertex 105.014 -21.8053 3
    endloop
  endfacet
  facet normal -0.146681 -0.989184 0
    outer loop
      vertex 100.986 23.4738 3
      vertex 101.715 23.3657 141
      vertex 100.986 23.4738 141
    endloop
  endfacet
  facet normal -0.146681 -0.989184 -0
    outer loop
      vertex 101.715 23.3657 141
      vertex 100.986 23.4738 3
      vertex 101.715 23.3657 3
    endloop
  endfacet
  facet normal 0.595649 -0.803245 0
    outer loop
      vertex -24.5143 21.8053 3
      vertex -23.9223 22.2443 141
      vertex -24.5143 21.8053 141
    endloop
  endfacet
  facet normal 0.595649 -0.803245 0
    outer loop
      vertex -23.9223 22.2443 141
      vertex -24.5143 21.8053 3
      vertex -23.9223 22.2443 3
    endloop
  endfacet
  facet normal 0.998793 -0.0491187 0
    outer loop
      vertex -27.26 16 141
      vertex -27.2238 16.7361 3
      vertex -27.2238 16.7361 141
    endloop
  endfacet
  facet normal 0.998793 -0.0491187 0
    outer loop
      vertex -27.2238 16.7361 3
      vertex -27.26 16 141
      vertex -27.26 16 3
    endloop
  endfacet
  facet normal 0.0491187 -0.998793 0
    outer loop
      vertex -20.4861 23.4738 3
      vertex -19.75 23.51 141
      vertex -20.4861 23.4738 141
    endloop
  endfacet
  facet normal 0.0491187 -0.998793 0
    outer loop
      vertex -19.75 23.51 141
      vertex -20.4861 23.4738 3
      vertex -19.75 23.51 3
    endloop
  endfacet
  facet normal 0.336869 0.941551 -0
    outer loop
      vertex -21.93 -23.1866 3
      vertex -22.624 -22.9383 141
      vertex -21.93 -23.1866 141
    endloop
  endfacet
  facet normal 0.336869 0.941551 0
    outer loop
      vertex -22.624 -22.9383 141
      vertex -21.93 -23.1866 3
      vertex -22.624 -22.9383 3
    endloop
  endfacet
  facet normal -0.94125 -0.337711 0
    outer loop
      vertex 107.437 18.18 3
      vertex 107.188 18.874 141
      vertex 107.188 18.874 3
    endloop
  endfacet
  facet normal -0.94125 -0.337711 0
    outer loop
      vertex 107.188 18.874 141
      vertex 107.437 18.18 3
      vertex 107.437 18.18 141
    endloop
  endfacet
  facet normal -0.970055 -0.242887 0
    outer loop
      vertex 107.616 17.4651 3
      vertex 107.437 18.18 141
      vertex 107.437 18.18 3
    endloop
  endfacet
  facet normal -0.970055 -0.242887 0
    outer loop
      vertex 107.437 18.18 141
      vertex 107.616 17.4651 3
      vertex 107.616 17.4651 141
    endloop
  endfacet
  facet normal 1 -0 0
    outer loop
      vertex -27.26 -16 141
      vertex -27.26 16 3
      vertex -27.26 16 141
    endloop
  endfacet
  facet normal 1 0 0
    outer loop
      vertex -27.26 16 3
      vertex -27.26 -16 141
      vertex -27.26 -16 3
    endloop
  endfacet
  facet normal -0.514196 -0.857672 0
    outer loop
      vertex 103.79 22.6232 3
      vertex 104.422 22.2443 141
      vertex 103.79 22.6232 141
    endloop
  endfacet
  facet normal -0.514196 -0.857672 -0
    outer loop
      vertex 104.422 22.2443 141
      vertex 103.79 22.6232 3
      vertex 104.422 22.2443 3
    endloop
  endfacet
  facet normal 0.514137 -0.857708 0
    outer loop
      vertex -23.9223 22.2443 3
      vertex -23.2902 22.6232 141
      vertex -23.9223 22.2443 141
    endloop
  endfacet
  facet normal 0.514137 -0.857708 0
    outer loop
      vertex -23.2902 22.6232 141
      vertex -23.9223 22.2443 3
      vertex -23.2902 22.6232 3
    endloop
  endfacet
  facet normal -1 0 0
    outer loop
      vertex 107.76 -16 3
      vertex 107.76 16 141
      vertex 107.76 16 3
    endloop
  endfacet
  facet normal -1 -0 0
    outer loop
      vertex 107.76 16 141
      vertex 107.76 -16 3
      vertex 107.76 -16 141
    endloop
  endfacet
  facet normal -0.0491254 0.998793 0
    outer loop
      vertex 100.986 -23.4738 3
      vertex 100.25 -23.51 141
      vertex 100.986 -23.4738 141
    endloop
  endfacet
  facet normal -0.0491254 0.998793 0
    outer loop
      vertex 100.25 -23.51 141
      vertex 100.986 -23.4738 3
      vertex 100.25 -23.51 3
    endloop
  endfacet
  facet normal 0.671517 -0.740989 0
    outer loop
      vertex -25.0604 21.3104 3
      vertex -24.5143 21.8053 141
      vertex -25.0604 21.3104 141
    endloop
  endfacet
  facet normal 0.671517 -0.740989 0
    outer loop
      vertex -24.5143 21.8053 141
      vertex -25.0604 21.3104 3
      vertex -24.5143 21.8053 3
    endloop
  endfacet
  facet normal -0.242983 0.970031 0
    outer loop
      vertex 102.43 -23.1866 3
      vertex 101.715 -23.3657 141
      vertex 102.43 -23.1866 141
    endloop
  endfacet
  facet normal -0.242983 0.970031 0
    outer loop
      vertex 101.715 -23.3657 141
      vertex 102.43 -23.1866 3
      vertex 101.715 -23.3657 3
    endloop
  endfacet
  facet normal 0.514137 0.857708 -0
    outer loop
      vertex -23.2902 -22.6232 3
      vertex -23.9223 -22.2443 141
      vertex -23.2902 -22.6232 141
    endloop
  endfacet
  facet normal 0.514137 0.857708 0
    outer loop
      vertex -23.9223 -22.2443 141
      vertex -23.2902 -22.6232 3
      vertex -23.9223 -22.2443 3
    endloop
  endfacet
  facet normal -0.998806 0.048848 0
    outer loop
      vertex 107.724 -16.7361 3
      vertex 107.76 -16 141
      vertex 107.76 -16 3
    endloop
  endfacet
  facet normal -0.998806 0.048848 0
    outer loop
      vertex 107.76 -16 141
      vertex 107.724 -16.7361 3
      vertex 107.724 -16.7361 141
    endloop
  endfacet
  facet normal 0.427567 0.903984 -0
    outer loop
      vertex -22.624 -22.9383 3
      vertex -23.2902 -22.6232 141
      vertex -22.624 -22.9383 141
    endloop
  endfacet
  facet normal 0.427567 0.903984 0
    outer loop
      vertex -23.2902 -22.6232 141
      vertex -22.624 -22.9383 3
      vertex -23.2902 -22.6232 3
    endloop
  endfacet
  facet normal 0.146681 -0.989184 0
    outer loop
      vertex -21.2151 23.3657 3
      vertex -20.4861 23.4738 141
      vertex -21.2151 23.3657 141
    endloop
  endfacet
  facet normal 0.146681 -0.989184 0
    outer loop
      vertex -20.4861 23.4738 141
      vertex -21.2151 23.3657 3
      vertex -20.4861 23.4738 3
    endloop
  endfacet
  facet normal 0 -1 0
    outer loop
      vertex -19.75 23.51 141
      vertex -7.177 23.51 131
      vertex 100.25 23.51 141
    endloop
  endfacet
  facet normal 0 -1 0
    outer loop
      vertex -19.75 23.51 141
      vertex -8.16531 23.51 130.951
      vertex -7.177 23.51 131
    endloop
  endfacet
  facet normal 0 -1 0
    outer loop
      vertex -19.75 23.51 141
      vertex -9.1441 23.51 130.806
      vertex -8.16531 23.51 130.951
    endloop
  endfacet
  facet normal 0 -1 0
    outer loop
      vertex -19.75 23.51 141
      vertex -10.1039 23.51 130.566
      vertex -9.1441 23.51 130.806
    endloop
  endfacet
  facet normal 0 -1 0
    outer loop
      vertex -19.75 23.51 141
      vertex -11.0356 23.51 130.232
      vertex -10.1039 23.51 130.566
    endloop
  endfacet
  facet normal 0 -1 0
    outer loop
      vertex -19.75 23.51 141
      vertex -11.9301 23.51 129.809
      vertex -11.0356 23.51 130.232
    endloop
  endfacet
  facet normal 0 -1 0
    outer loop
      vertex -19.75 23.51 141
      vertex -12.7788 23.51 129.301
      vertex -11.9301 23.51 129.809
    endloop
  endfacet
  facet normal 0 -1 0
    outer loop
      vertex -19.75 23.51 141
      vertex -13.5736 23.51 128.711
      vertex -12.7788 23.51 129.301
    endloop
  endfacet
  facet normal 0 -1 0
    outer loop
      vertex -19.75 23.51 141
      vertex -14.3068 23.51 128.047
      vertex -13.5736 23.51 128.711
    endloop
  endfacet
  facet normal 0 -1 0
    outer loop
      vertex -19.75 23.51 141
      vertex -14.9713 23.51 127.314
      vertex -14.3068 23.51 128.047
    endloop
  endfacet
  facet normal 0 -1 0
    outer loop
      vertex -19.75 23.51 141
      vertex -15.5607 23.51 126.519
      vertex -14.9713 23.51 127.314
    endloop
  endfacet
  facet normal 0 -1 0
    outer loop
      vertex -19.75 23.51 141
      vertex -16.0694 23.51 125.67
      vertex -15.5607 23.51 126.519
    endloop
  endfacet
  facet normal 0 -1 0
    outer loop
      vertex -19.75 23.51 141
      vertex -16.4925 23.51 124.776
      vertex -16.0694 23.51 125.67
    endloop
  endfacet
  facet normal 0 -1 0
    outer loop
      vertex -19.75 23.51 141
      vertex -16.8258 23.51 123.844
      vertex -16.4925 23.51 124.776
    endloop
  endfacet
  facet normal 0 -1 0
    outer loop
      vertex -19.75 23.51 141
      vertex -17.0663 23.51 122.884
      vertex -16.8258 23.51 123.844
    endloop
  endfacet
  facet normal 0 -1 0
    outer loop
      vertex -19.75 23.51 141
      vertex -17.2114 23.51 121.905
      vertex -17.0663 23.51 122.884
    endloop
  endfacet
  facet normal 0 -1 0
    outer loop
      vertex -19.75 23.51 141
      vertex -17.26 23.51 120.917
      vertex -17.2114 23.51 121.905
    endloop
  endfacet
  facet normal 0 -1 0
    outer loop
      vertex -19.75 23.51 141
      vertex -17.26 23.51 24.083
      vertex -17.26 23.51 120.917
    endloop
  endfacet
  facet normal 0 -1 -0
    outer loop
      vertex -7.177 23.51 14
      vertex -19.75 23.51 3
      vertex 87.677 23.51 14
    endloop
  endfacet
  facet normal 0 -1 -0
    outer loop
      vertex -8.16531 23.51 14.0486
      vertex -19.75 23.51 3
      vertex -7.177 23.51 14
    endloop
  endfacet
  facet normal 0 -1 -0
    outer loop
      vertex -9.1441 23.51 14.1937
      vertex -19.75 23.51 3
      vertex -8.16531 23.51 14.0486
    endloop
  endfacet
  facet normal 0 -1 -0
    outer loop
      vertex -10.1039 23.51 14.4342
      vertex -19.75 23.51 3
      vertex -9.1441 23.51 14.1937
    endloop
  endfacet
  facet normal 0 -1 -0
    outer loop
      vertex -11.0356 23.51 14.7675
      vertex -19.75 23.51 3
      vertex -10.1039 23.51 14.4342
    endloop
  endfacet
  facet normal 0 -1 -0
    outer loop
      vertex -11.9301 23.51 15.1906
      vertex -19.75 23.51 3
      vertex -11.0356 23.51 14.7675
    endloop
  endfacet
  facet normal 0 -1 -0
    outer loop
      vertex -12.7788 23.51 15.6993
      vertex -19.75 23.51 3
      vertex -11.9301 23.51 15.1906
    endloop
  endfacet
  facet normal 0 -1 -0
    outer loop
      vertex -13.5736 23.51 16.2887
      vertex -19.75 23.51 3
      vertex -12.7788 23.51 15.6993
    endloop
  endfacet
  facet normal 0 -1 -0
    outer loop
      vertex -14.3068 23.51 16.9532
      vertex -19.75 23.51 3
      vertex -13.5736 23.51 16.2887
    endloop
  endfacet
  facet normal 0 -1 -0
    outer loop
      vertex -14.9713 23.51 17.6864
      vertex -19.75 23.51 3
      vertex -14.3068 23.51 16.9532
    endloop
  endfacet
  facet normal 0 -1 -0
    outer loop
      vertex -15.5607 23.51 18.4812
      vertex -19.75 23.51 3
      vertex -14.9713 23.51 17.6864
    endloop
  endfacet
  facet normal 0 -1 -0
    outer loop
      vertex -16.0694 23.51 19.3299
      vertex -19.75 23.51 3
      vertex -15.5607 23.51 18.4812
    endloop
  endfacet
  facet normal 0 -1 -0
    outer loop
      vertex -16.4925 23.51 20.2244
      vertex -19.75 23.51 3
      vertex -16.0694 23.51 19.3299
    endloop
  endfacet
  facet normal 0 -1 -0
    outer loop
      vertex -16.8258 23.51 21.1561
      vertex -19.75 23.51 3
      vertex -16.4925 23.51 20.2244
    endloop
  endfacet
  facet normal 0 -1 -0
    outer loop
      vertex -17.0663 23.51 22.1159
      vertex -19.75 23.51 3
      vertex -16.8258 23.51 21.1561
    endloop
  endfacet
  facet normal 0 -1 -0
    outer loop
      vertex -17.2114 23.51 23.0947
      vertex -19.75 23.51 3
      vertex -17.0663 23.51 22.1159
    endloop
  endfacet
  facet normal 0 -1 -0
    outer loop
      vertex -17.26 23.51 24.083
      vertex -19.75 23.51 3
      vertex -17.2114 23.51 23.0947
    endloop
  endfacet
  facet normal 0 -1 0
    outer loop
      vertex -19.75 23.51 3
      vertex -17.26 23.51 24.083
      vertex -19.75 23.51 141
    endloop
  endfacet
  facet normal 0 -1 0
    outer loop
      vertex 87.677 23.51 131
      vertex 100.25 23.51 141
      vertex -7.177 23.51 131
    endloop
  endfacet
  facet normal 0 -1 0
    outer loop
      vertex 88.6653 23.51 130.951
      vertex 100.25 23.51 141
      vertex 87.677 23.51 131
    endloop
  endfacet
  facet normal 0 -1 0
    outer loop
      vertex 89.6441 23.51 130.806
      vertex 100.25 23.51 141
      vertex 88.6653 23.51 130.951
    endloop
  endfacet
  facet normal 0 -1 0
    outer loop
      vertex 90.6039 23.51 130.566
      vertex 100.25 23.51 141
      vertex 89.6441 23.51 130.806
    endloop
  endfacet
  facet normal 0 -1 0
    outer loop
      vertex 91.5356 23.51 130.232
      vertex 100.25 23.51 141
      vertex 90.6039 23.51 130.566
    endloop
  endfacet
  facet normal 0 -1 0
    outer loop
      vertex 92.4301 23.51 129.809
      vertex 100.25 23.51 141
      vertex 91.5356 23.51 130.232
    endloop
  endfacet
  facet normal 0 -1 0
    outer loop
      vertex 93.2788 23.51 129.301
      vertex 100.25 23.51 141
      vertex 92.4301 23.51 129.809
    endloop
  endfacet
  facet normal 0 -1 0
    outer loop
      vertex 94.0736 23.51 128.711
      vertex 100.25 23.51 141
      vertex 93.2788 23.51 129.301
    endloop
  endfacet
  facet normal 0 -1 0
    outer loop
      vertex 94.8068 23.51 128.047
      vertex 100.25 23.51 141
      vertex 94.0736 23.51 128.711
    endloop
  endfacet
  facet normal 0 -1 0
    outer loop
      vertex 95.4713 23.51 127.314
      vertex 100.25 23.51 141
      vertex 94.8068 23.51 128.047
    endloop
  endfacet
  facet normal 0 -1 0
    outer loop
      vertex 96.0607 23.51 126.519
      vertex 100.25 23.51 141
      vertex 95.4713 23.51 127.314
    endloop
  endfacet
  facet normal 0 -1 0
    outer loop
      vertex 96.5694 23.51 125.67
      vertex 100.25 23.51 141
      vertex 96.0607 23.51 126.519
    endloop
  endfacet
  facet normal 0 -1 0
    outer loop
      vertex 96.9925 23.51 124.776
      vertex 100.25 23.51 141
      vertex 96.5694 23.51 125.67
    endloop
  endfacet
  facet normal 0 -1 0
    outer loop
      vertex 97.3258 23.51 123.844
      vertex 100.25 23.51 141
      vertex 96.9925 23.51 124.776
    endloop
  endfacet
  facet normal 0 -1 0
    outer loop
      vertex 97.5663 23.51 122.884
      vertex 100.25 23.51 141
      vertex 97.3258 23.51 123.844
    endloop
  endfacet
  facet normal 0 -1 0
    outer loop
      vertex 97.7114 23.51 121.905
      vertex 100.25 23.51 141
      vertex 97.5663 23.51 122.884
    endloop
  endfacet
  facet normal 0 -1 0
    outer loop
      vertex 97.76 23.51 120.917
      vertex 100.25 23.51 141
      vertex 97.7114 23.51 121.905
    endloop
  endfacet
  facet normal 0 -1 0
    outer loop
      vertex 97.76 23.51 24.083
      vertex 100.25 23.51 141
      vertex 97.76 23.51 120.917
    endloop
  endfacet
  facet normal 0 -1 0
    outer loop
      vertex 100.25 23.51 3
      vertex 87.677 23.51 14
      vertex -19.75 23.51 3
    endloop
  endfacet
  facet normal 0 -1 0
    outer loop
      vertex 97.76 23.51 24.083
      vertex 100.25 23.51 3
      vertex 100.25 23.51 141
    endloop
  endfacet
  facet normal 0 -1 0
    outer loop
      vertex 97.7114 23.51 23.0947
      vertex 100.25 23.51 3
      vertex 97.76 23.51 24.083
    endloop
  endfacet
  facet normal 0 -1 0
    outer loop
      vertex 97.5663 23.51 22.1159
      vertex 100.25 23.51 3
      vertex 97.7114 23.51 23.0947
    endloop
  endfacet
  facet normal 0 -1 0
    outer loop
      vertex 97.3258 23.51 21.1561
      vertex 100.25 23.51 3
      vertex 97.5663 23.51 22.1159
    endloop
  endfacet
  facet normal 0 -1 0
    outer loop
      vertex 96.9925 23.51 20.2244
      vertex 100.25 23.51 3
      vertex 97.3258 23.51 21.1561
    endloop
  endfacet
  facet normal 0 -1 0
    outer loop
      vertex 96.5694 23.51 19.3299
      vertex 100.25 23.51 3
      vertex 96.9925 23.51 20.2244
    endloop
  endfacet
  facet normal 0 -1 0
    outer loop
      vertex 96.0607 23.51 18.4812
      vertex 100.25 23.51 3
      vertex 96.5694 23.51 19.3299
    endloop
  endfacet
  facet normal 0 -1 0
    outer loop
      vertex 95.4713 23.51 17.6864
      vertex 100.25 23.51 3
      vertex 96.0607 23.51 18.4812
    endloop
  endfacet
  facet normal 0 -1 0
    outer loop
      vertex 94.8068 23.51 16.9532
      vertex 100.25 23.51 3
      vertex 95.4713 23.51 17.6864
    endloop
  endfacet
  facet normal 0 -1 0
    outer loop
      vertex 94.0736 23.51 16.2887
      vertex 100.25 23.51 3
      vertex 94.8068 23.51 16.9532
    endloop
  endfacet
  facet normal 0 -1 0
    outer loop
      vertex 93.2788 23.51 15.6993
      vertex 100.25 23.51 3
      vertex 94.0736 23.51 16.2887
    endloop
  endfacet
  facet normal 0 -1 0
    outer loop
      vertex 92.4301 23.51 15.1906
      vertex 100.25 23.51 3
      vertex 93.2788 23.51 15.6993
    endloop
  endfacet
  facet normal 0 -1 0
    outer loop
      vertex 91.5356 23.51 14.7675
      vertex 100.25 23.51 3
      vertex 92.4301 23.51 15.1906
    endloop
  endfacet
  facet normal 0 -1 0
    outer loop
      vertex 90.6039 23.51 14.4342
      vertex 100.25 23.51 3
      vertex 91.5356 23.51 14.7675
    endloop
  endfacet
  facet normal 0 -1 0
    outer loop
      vertex 89.6441 23.51 14.1937
      vertex 100.25 23.51 3
      vertex 90.6039 23.51 14.4342
    endloop
  endfacet
  facet normal 0 -1 0
    outer loop
      vertex 88.6653 23.51 14.0486
      vertex 100.25 23.51 3
      vertex 89.6441 23.51 14.1937
    endloop
  endfacet
  facet normal 0 -1 0
    outer loop
      vertex 87.677 23.51 14
      vertex 100.25 23.51 3
      vertex 88.6653 23.51 14.0486
    endloop
  endfacet
  facet normal -0.904036 -0.427456 0
    outer loop
      vertex 107.188 18.874 3
      vertex 106.873 19.5402 141
      vertex 106.873 19.5402 3
    endloop
  endfacet
  facet normal -0.904036 -0.427456 0
    outer loop
      vertex 106.873 19.5402 141
      vertex 107.188 18.874 3
      vertex 107.188 18.874 141
    endloop
  endfacet
  facet normal 0.803245 -0.595649 0
    outer loop
      vertex -25.9943 20.1723 141
      vertex -25.5553 20.7643 3
      vertex -25.5553 20.7643 141
    endloop
  endfacet
  facet normal 0.803245 -0.595649 0
    outer loop
      vertex -25.5553 20.7643 3
      vertex -25.9943 20.1723 141
      vertex -25.9943 20.1723 3
    endloop
  endfacet
  facet normal -0.0491254 -0.998793 0
    outer loop
      vertex 100.25 23.51 3
      vertex 100.986 23.4738 141
      vertex 100.25 23.51 141
    endloop
  endfacet
  facet normal -0.0491254 -0.998793 -0
    outer loop
      vertex 100.986 23.4738 141
      vertex 100.25 23.51 3
      vertex 100.986 23.4738 3
    endloop
  endfacet
  facet normal -0.336869 -0.941551 0
    outer loop
      vertex 102.43 23.1866 3
      vertex 103.124 22.9383 141
      vertex 102.43 23.1866 141
    endloop
  endfacet
  facet normal -0.336869 -0.941551 -0
    outer loop
      vertex 103.124 22.9383 141
      vertex 102.43 23.1866 3
      vertex 103.124 22.9383 3
    endloop
  endfacet
  facet normal -0.671585 -0.740928 0
    outer loop
      vertex 105.014 21.8053 3
      vertex 105.56 21.3104 141
      vertex 105.014 21.8053 141
    endloop
  endfacet
  facet normal -0.671585 -0.740928 -0
    outer loop
      vertex 105.56 21.3104 141
      vertex 105.014 21.8053 3
      vertex 105.56 21.3104 3
    endloop
  endfacet
  facet normal -0.427672 -0.903934 0
    outer loop
      vertex 103.124 22.9383 3
      vertex 103.79 22.6232 141
      vertex 103.124 22.9383 141
    endloop
  endfacet
  facet normal -0.427672 -0.903934 -0
    outer loop
      vertex 103.79 22.6232 141
      vertex 103.124 22.9383 3
      vertex 103.79 22.6232 3
    endloop
  endfacet
  facet normal -0.336869 0.941551 0
    outer loop
      vertex 103.124 -22.9383 3
      vertex 102.43 -23.1866 141
      vertex 103.124 -22.9383 141
    endloop
  endfacet
  facet normal -0.336869 0.941551 0
    outer loop
      vertex 102.43 -23.1866 141
      vertex 103.124 -22.9383 3
      vertex 102.43 -23.1866 3
    endloop
  endfacet
  facet normal 0.941551 -0.336869 0
    outer loop
      vertex -26.9366 18.18 141
      vertex -26.6883 18.874 3
      vertex -26.6883 18.874 141
    endloop
  endfacet
  facet normal 0.941551 -0.336869 0
    outer loop
      vertex -26.6883 18.874 3
      vertex -26.9366 18.18 141
      vertex -26.9366 18.18 3
    endloop
  endfacet
  facet normal -0.857649 -0.514236 0
    outer loop
      vertex 106.873 19.5402 3
      vertex 106.494 20.1723 141
      vertex 106.494 20.1723 3
    endloop
  endfacet
  facet normal -0.857649 -0.514236 0
    outer loop
      vertex 106.494 20.1723 141
      vertex 106.873 19.5402 3
      vertex 106.873 19.5402 141
    endloop
  endfacet
  facet normal -0.989203 -0.146549 0
    outer loop
      vertex 107.724 16.7361 3
      vertex 107.616 17.4651 141
      vertex 107.616 17.4651 3
    endloop
  endfacet
  facet normal -0.989203 -0.146549 0
    outer loop
      vertex 107.616 17.4651 141
      vertex 107.724 16.7361 3
      vertex 107.724 16.7361 141
    endloop
  endfacet
  facet normal -0.595649 -0.803245 0
    outer loop
      vertex 104.422 22.2443 3
      vertex 105.014 21.8053 141
      vertex 104.422 22.2443 141
    endloop
  endfacet
  facet normal -0.595649 -0.803245 -0
    outer loop
      vertex 105.014 21.8053 141
      vertex 104.422 22.2443 3
      vertex 105.014 21.8053 3
    endloop
  endfacet
  facet normal -0.427672 0.903934 0
    outer loop
      vertex 103.79 -22.6232 3
      vertex 103.124 -22.9383 141
      vertex 103.79 -22.6232 141
    endloop
  endfacet
  facet normal -0.427672 0.903934 0
    outer loop
      vertex 103.124 -22.9383 141
      vertex 103.79 -22.6232 3
      vertex 103.124 -22.9383 3
    endloop
  endfacet
  facet normal -0.595649 0.803245 0
    outer loop
      vertex 105.014 -21.8053 3
      vertex 104.422 -22.2443 141
      vertex 105.014 -21.8053 141
    endloop
  endfacet
  facet normal -0.595649 0.803245 0
    outer loop
      vertex 104.422 -22.2443 141
      vertex 105.014 -21.8053 3
      vertex 104.422 -22.2443 3
    endloop
  endfacet
  facet normal -0.94125 0.337711 0
    outer loop
      vertex 107.188 -18.874 3
      vertex 107.437 -18.18 141
      vertex 107.437 -18.18 3
    endloop
  endfacet
  facet normal -0.94125 0.337711 0
    outer loop
      vertex 107.437 -18.18 141
      vertex 107.188 -18.874 3
      vertex 107.188 -18.874 141
    endloop
  endfacet
  facet normal -0.242983 -0.970031 0
    outer loop
      vertex 101.715 23.3657 3
      vertex 102.43 23.1866 141
      vertex 101.715 23.3657 141
    endloop
  endfacet
  facet normal -0.242983 -0.970031 -0
    outer loop
      vertex 102.43 23.1866 141
      vertex 101.715 23.3657 3
      vertex 102.43 23.1866 3
    endloop
  endfacet
  facet normal 0.970023 -0.243014 0
    outer loop
      vertex -27.1157 17.4651 141
      vertex -26.9366 18.18 3
      vertex -26.9366 18.18 141
    endloop
  endfacet
  facet normal 0.970023 -0.243014 0
    outer loop
      vertex -26.9366 18.18 3
      vertex -27.1157 17.4651 141
      vertex -27.1157 17.4651 3
    endloop
  endfacet
  facet normal -0.803245 -0.595649 0
    outer loop
      vertex 106.494 20.1723 3
      vertex 106.055 20.7643 141
      vertex 106.055 20.7643 3
    endloop
  endfacet
  facet normal -0.803245 -0.595649 0
    outer loop
      vertex 106.055 20.7643 141
      vertex 106.494 20.1723 3
      vertex 106.494 20.1723 141
    endloop
  endfacet
  facet normal -0.514196 0.857672 0
    outer loop
      vertex 104.422 -22.2443 3
      vertex 103.79 -22.6232 141
      vertex 104.422 -22.2443 141
    endloop
  endfacet
  facet normal -0.514196 0.857672 0
    outer loop
      vertex 103.79 -22.6232 141
      vertex 104.422 -22.2443 3
      vertex 103.79 -22.6232 3
    endloop
  endfacet
  facet normal 0.803245 0.595649 0
    outer loop
      vertex -25.5553 -20.7643 141
      vertex -25.9943 -20.1723 3
      vertex -25.9943 -20.1723 141
    endloop
  endfacet
  facet normal 0.803245 0.595649 0
    outer loop
      vertex -25.9943 -20.1723 3
      vertex -25.5553 -20.7643 141
      vertex -25.5553 -20.7643 3
    endloop
  endfacet
  facet normal 0.903984 -0.427567 0
    outer loop
      vertex -26.6883 18.874 141
      vertex -26.3732 19.5402 3
      vertex -26.3732 19.5402 141
    endloop
  endfacet
  facet normal 0.903984 -0.427567 0
    outer loop
      vertex -26.3732 19.5402 3
      vertex -26.6883 18.874 141
      vertex -26.6883 18.874 3
    endloop
  endfacet
  facet normal 0.970023 0.243014 0
    outer loop
      vertex -26.9366 -18.18 141
      vertex -27.1157 -17.4651 3
      vertex -27.1157 -17.4651 141
    endloop
  endfacet
  facet normal 0.970023 0.243014 0
    outer loop
      vertex -27.1157 -17.4651 3
      vertex -26.9366 -18.18 141
      vertex -26.9366 -18.18 3
    endloop
  endfacet
  facet normal 0.903984 0.427567 0
    outer loop
      vertex -26.3732 -19.5402 141
      vertex -26.6883 -18.874 3
      vertex -26.6883 -18.874 141
    endloop
  endfacet
  facet normal 0.903984 0.427567 0
    outer loop
      vertex -26.6883 -18.874 3
      vertex -26.3732 -19.5402 141
      vertex -26.3732 -19.5402 3
    endloop
  endfacet
  facet normal -0.970055 0.242887 0
    outer loop
      vertex 107.437 -18.18 3
      vertex 107.616 -17.4651 141
      vertex 107.616 -17.4651 3
    endloop
  endfacet
  facet normal -0.970055 0.242887 0
    outer loop
      vertex 107.616 -17.4651 141
      vertex 107.437 -18.18 3
      vertex 107.437 -18.18 141
    endloop
  endfacet
  facet normal -0.740922 0.671592 0
    outer loop
      vertex 105.56 -21.3104 3
      vertex 106.055 -20.7643 141
      vertex 106.055 -20.7643 3
    endloop
  endfacet
  facet normal -0.740922 0.671592 0
    outer loop
      vertex 106.055 -20.7643 141
      vertex 105.56 -21.3104 3
      vertex 105.56 -21.3104 141
    endloop
  endfacet
  facet normal 0.671517 0.740989 -0
    outer loop
      vertex -24.5143 -21.8053 3
      vertex -25.0604 -21.3104 141
      vertex -24.5143 -21.8053 141
    endloop
  endfacet
  facet normal 0.671517 0.740989 0
    outer loop
      vertex -25.0604 -21.3104 141
      vertex -24.5143 -21.8053 3
      vertex -25.0604 -21.3104 3
    endloop
  endfacet
  facet normal -0.989203 0.146549 0
    outer loop
      vertex 107.616 -17.4651 3
      vertex 107.724 -16.7361 141
      vertex 107.724 -16.7361 3
    endloop
  endfacet
  facet normal -0.989203 0.146549 0
    outer loop
      vertex 107.724 -16.7361 141
      vertex 107.616 -17.4651 3
      vertex 107.616 -17.4651 141
    endloop
  endfacet
  facet normal 0.740989 0.671517 0
    outer loop
      vertex -25.0604 -21.3104 141
      vertex -25.5553 -20.7643 3
      vertex -25.5553 -20.7643 141
    endloop
  endfacet
  facet normal 0.740989 0.671517 0
    outer loop
      vertex -25.5553 -20.7643 3
      vertex -25.0604 -21.3104 141
      vertex -25.0604 -21.3104 3
    endloop
  endfacet
  facet normal 0.0491187 0.998793 -0
    outer loop
      vertex -19.75 -23.51 3
      vertex -20.4861 -23.4738 141
      vertex -19.75 -23.51 141
    endloop
  endfacet
  facet normal 0.0491187 0.998793 0
    outer loop
      vertex -20.4861 -23.4738 141
      vertex -19.75 -23.51 3
      vertex -20.4861 -23.4738 3
    endloop
  endfacet
  facet normal 0.146681 0.989184 -0
    outer loop
      vertex -20.4861 -23.4738 3
      vertex -21.2151 -23.3657 141
      vertex -20.4861 -23.4738 141
    endloop
  endfacet
  facet normal 0.146681 0.989184 0
    outer loop
      vertex -21.2151 -23.3657 141
      vertex -20.4861 -23.4738 3
      vertex -21.2151 -23.3657 3
    endloop
  endfacet
  facet normal -0.857649 0.514236 0
    outer loop
      vertex 106.494 -20.1723 3
      vertex 106.873 -19.5402 141
      vertex 106.873 -19.5402 3
    endloop
  endfacet
  facet normal -0.857649 0.514236 0
    outer loop
      vertex 106.873 -19.5402 141
      vertex 106.494 -20.1723 3
      vertex 106.494 -20.1723 141
    endloop
  endfacet
  facet normal -0.803245 0.595649 0
    outer loop
      vertex 106.055 -20.7643 3
      vertex 106.494 -20.1723 141
      vertex 106.494 -20.1723 3
    endloop
  endfacet
  facet normal -0.803245 0.595649 0
    outer loop
      vertex 106.494 -20.1723 141
      vertex 106.055 -20.7643 3
      vertex 106.055 -20.7643 141
    endloop
  endfacet
  facet normal 0.243014 0.970023 -0
    outer loop
      vertex -21.2151 -23.3657 3
      vertex -21.93 -23.1866 141
      vertex -21.2151 -23.3657 141
    endloop
  endfacet
  facet normal 0.243014 0.970023 0
    outer loop
      vertex -21.93 -23.1866 141
      vertex -21.2151 -23.3657 3
      vertex -21.93 -23.1866 3
    endloop
  endfacet
  facet normal 0 0 1
    outer loop
      vertex 103.485 15.5102 3
      vertex 107.76 16 3
      vertex 107.724 16.7361 3
    endloop
  endfacet
  facet normal 0 0 1
    outer loop
      vertex 107.76 16 3
      vertex 105.76 8.01 3
      vertex 107.76 -16 3
    endloop
  endfacet
  facet normal 0 0 1
    outer loop
      vertex 103.485 15.5102 3
      vertex 107.724 16.7361 3
      vertex 107.616 17.4651 3
    endloop
  endfacet
  facet normal -0 0 1
    outer loop
      vertex 105.76 -8.01 3
      vertex 107.76 -16 3
      vertex 105.76 8.01 3
    endloop
  endfacet
  facet normal 0 0 1
    outer loop
      vertex 103.485 15.5102 3
      vertex 107.616 17.4651 3
      vertex 107.437 18.18 3
    endloop
  endfacet
  facet normal -0 0 1
    outer loop
      vertex 105.695 -9.33323 3
      vertex 107.76 -16 3
      vertex 105.76 -8.01 3
    endloop
  endfacet
  facet normal 0 0 1
    outer loop
      vertex 102.696 16.5743 3
      vertex 107.437 18.18 3
      vertex 107.188 18.874 3
    endloop
  endfacet
  facet normal -0 0 1
    outer loop
      vertex 105.501 -10.6437 3
      vertex 107.76 -16 3
      vertex 105.695 -9.33323 3
    endloop
  endfacet
  facet normal 0 0 1
    outer loop
      vertex 102.696 16.5743 3
      vertex 107.188 18.874 3
      vertex 106.873 19.5402 3
    endloop
  endfacet
  facet normal -0 0 1
    outer loop
      vertex 105.179 -11.9288 3
      vertex 107.76 -16 3
      vertex 105.501 -10.6437 3
    endloop
  endfacet
  facet normal 0 0 1
    outer loop
      vertex 102.696 16.5743 3
      vertex 106.873 19.5402 3
      vertex 106.494 20.1723 3
    endloop
  endfacet
  facet normal -0 0 1
    outer loop
      vertex 104.732 -13.1762 3
      vertex 107.76 -16 3
      vertex 105.179 -11.9288 3
    endloop
  endfacet
  facet normal 0 0 1
    outer loop
      vertex 101.806 17.5559 3
      vertex 106.494 20.1723 3
      vertex 106.055 20.7643 3
    endloop
  endfacet
  facet normal -0 0 1
    outer loop
      vertex 104.166 -14.3739 3
      vertex 107.76 -16 3
      vertex 104.732 -13.1762 3
    endloop
  endfacet
  facet normal -0 0 1
    outer loop
      vertex 103.485 -15.5102 3
      vertex 107.76 -16 3
      vertex 104.166 -14.3739 3
    endloop
  endfacet
  facet normal 0 0 1
    outer loop
      vertex 107.76 16 3
      vertex 105.695 9.33323 3
      vertex 105.76 8.01 3
    endloop
  endfacet
  facet normal 0 0 1
    outer loop
      vertex 101.806 17.5559 3
      vertex 106.055 20.7643 3
      vertex 105.56 21.3104 3
    endloop
  endfacet
  facet normal 0 0 1
    outer loop
      vertex 107.76 16 3
      vertex 105.501 10.6437 3
      vertex 105.695 9.33323 3
    endloop
  endfacet
  facet normal 0 0 1
    outer loop
      vertex 107.76 16 3
      vertex 105.179 11.9288 3
      vertex 105.501 10.6437 3
    endloop
  endfacet
  facet normal 0 0 1
    outer loop
      vertex 101.806 17.5559 3
      vertex 105.56 21.3104 3
      vertex 105.014 21.8053 3
    endloop
  endfacet
  facet normal 0 0 1
    outer loop
      vertex 107.76 16 3
      vertex 104.732 13.1762 3
      vertex 105.179 11.9288 3
    endloop
  endfacet
  facet normal 0 0 1
    outer loop
      vertex 101.806 17.5559 3
      vertex 105.014 21.8053 3
      vertex 104.422 22.2443 3
    endloop
  endfacet
  facet normal 0 0 1
    outer loop
      vertex 107.76 16 3
      vertex 104.166 14.3739 3
      vertex 104.732 13.1762 3
    endloop
  endfacet
  facet normal 0 0 1
    outer loop
      vertex 100.824 18.4456 3
      vertex 104.422 22.2443 3
      vertex 103.79 22.6232 3
    endloop
  endfacet
  facet normal 0 0 1
    outer loop
      vertex 107.76 16 3
      vertex 103.485 15.5102 3
      vertex 104.166 14.3739 3
    endloop
  endfacet
  facet normal 0 0 1
    outer loop
      vertex 100.824 18.4456 3
      vertex 103.79 22.6232 3
      vertex 103.124 22.9383 3
    endloop
  endfacet
  facet normal 0 0 1
    outer loop
      vertex 107.437 18.18 3
      vertex 102.696 16.5743 3
      vertex 103.485 15.5102 3
    endloop
  endfacet
  facet normal 0 0 1
    outer loop
      vertex 100.824 18.4456 3
      vertex 103.124 22.9383 3
      vertex 102.43 23.1866 3
    endloop
  endfacet
  facet normal 0 0 1
    outer loop
      vertex 106.494 20.1723 3
      vertex 101.806 17.5559 3
      vertex 102.696 16.5743 3
    endloop
  endfacet
  facet normal 0 0 1
    outer loop
      vertex 99.7602 19.2348 3
      vertex 102.43 23.1866 3
      vertex 101.715 23.3657 3
    endloop
  endfacet
  facet normal 0 0 1
    outer loop
      vertex 99.7602 19.2348 3
      vertex 101.715 23.3657 3
      vertex 100.986 23.4738 3
    endloop
  endfacet
  facet normal 0 0 1
    outer loop
      vertex 104.422 22.2443 3
      vertex 100.824 18.4456 3
      vertex 101.806 17.5559 3
    endloop
  endfacet
  facet normal 0 0 1
    outer loop
      vertex 99.7602 19.2348 3
      vertex 100.986 23.4738 3
      vertex 100.25 23.51 3
    endloop
  endfacet
  facet normal 0 0 1
    outer loop
      vertex 102.43 23.1866 3
      vertex 99.7602 19.2348 3
      vertex 100.824 18.4456 3
    endloop
  endfacet
  facet normal 0 0 1
    outer loop
      vertex 100.25 23.51 3
      vertex 98.6239 19.9159 3
      vertex 99.7602 19.2348 3
    endloop
  endfacet
  facet normal 0 0 1
    outer loop
      vertex 100.25 23.51 3
      vertex 97.4262 20.4824 3
      vertex 98.6239 19.9159 3
    endloop
  endfacet
  facet normal 0 0 1
    outer loop
      vertex 100.25 23.51 3
      vertex 96.1788 20.9287 3
      vertex 97.4262 20.4824 3
    endloop
  endfacet
  facet normal 0 0 1
    outer loop
      vertex 100.25 23.51 3
      vertex 94.8937 21.2506 3
      vertex 96.1788 20.9287 3
    endloop
  endfacet
  facet normal 0 0 1
    outer loop
      vertex 100.25 23.51 3
      vertex 93.5832 21.445 3
      vertex 94.8937 21.2506 3
    endloop
  endfacet
  facet normal 0 0 1
    outer loop
      vertex 100.25 23.51 3
      vertex 92.26 21.51 3
      vertex 93.5832 21.445 3
    endloop
  endfacet
  facet normal 0 0 1
    outer loop
      vertex 100.25 23.51 3
      vertex -11.76 21.51 3
      vertex 92.26 21.51 3
    endloop
  endfacet
  facet normal -0 0 1
    outer loop
      vertex -19.75 23.51 3
      vertex -11.76 21.51 3
      vertex 100.25 23.51 3
    endloop
  endfacet
  facet normal 0 0 1
    outer loop
      vertex -19.75 23.51 3
      vertex -13.0832 21.445 3
      vertex -11.76 21.51 3
    endloop
  endfacet
  facet normal 0 0 1
    outer loop
      vertex -19.75 23.51 3
      vertex -14.3937 21.2506 3
      vertex -13.0832 21.445 3
    endloop
  endfacet
  facet normal 0 0 1
    outer loop
      vertex -19.75 23.51 3
      vertex -15.6788 20.9287 3
      vertex -14.3937 21.2506 3
    endloop
  endfacet
  facet normal 0 0 1
    outer loop
      vertex -19.75 23.51 3
      vertex -16.9262 20.4824 3
      vertex -15.6788 20.9287 3
    endloop
  endfacet
  facet normal 0 0 1
    outer loop
      vertex -19.75 23.51 3
      vertex -18.1239 19.9159 3
      vertex -16.9262 20.4824 3
    endloop
  endfacet
  facet normal 0 0 1
    outer loop
      vertex -19.75 23.51 3
      vertex -19.2602 19.2348 3
      vertex -18.1239 19.9159 3
    endloop
  endfacet
  facet normal -0 0 1
    outer loop
      vertex -20.4861 23.4738 3
      vertex -19.2602 19.2348 3
      vertex -19.75 23.51 3
    endloop
  endfacet
  facet normal -0 0 1
    outer loop
      vertex -21.2151 23.3657 3
      vertex -19.2602 19.2348 3
      vertex -20.4861 23.4738 3
    endloop
  endfacet
  facet normal -0 0 1
    outer loop
      vertex -21.93 23.1866 3
      vertex -19.2602 19.2348 3
      vertex -21.2151 23.3657 3
    endloop
  endfacet
  facet normal 0 0 1
    outer loop
      vertex -19.2602 19.2348 3
      vertex -21.93 23.1866 3
      vertex -20.3243 18.4456 3
    endloop
  endfacet
  facet normal -0 0 1
    outer loop
      vertex -22.624 22.9383 3
      vertex -20.3243 18.4456 3
      vertex -21.93 23.1866 3
    endloop
  endfacet
  facet normal -0 0 1
    outer loop
      vertex -23.2902 22.6232 3
      vertex -20.3243 18.4456 3
      vertex -22.624 22.9383 3
    endloop
  endfacet
  facet normal -0 0 1
    outer loop
      vertex -23.9223 22.2443 3
      vertex -20.3243 18.4456 3
      vertex -23.2902 22.6232 3
    endloop
  endfacet
  facet normal 0 0 1
    outer loop
      vertex -20.3243 18.4456 3
      vertex -23.9223 22.2443 3
      vertex -21.3059 17.5559 3
    endloop
  endfacet
  facet normal -0 0 1
    outer loop
      vertex -24.5143 21.8053 3
      vertex -21.3059 17.5559 3
      vertex -23.9223 22.2443 3
    endloop
  endfacet
  facet normal -0 0 1
    outer loop
      vertex -25.0604 21.3104 3
      vertex -21.3059 17.5559 3
      vertex -24.5143 21.8053 3
    endloop
  endfacet
  facet normal -0 0 1
    outer loop
      vertex -25.5553 20.7643 3
      vertex -21.3059 17.5559 3
      vertex -25.0604 21.3104 3
    endloop
  endfacet
  facet normal -0 0 1
    outer loop
      vertex -25.9943 20.1723 3
      vertex -21.3059 17.5559 3
      vertex -25.5553 20.7643 3
    endloop
  endfacet
  facet normal 0 0 1
    outer loop
      vertex -21.3059 17.5559 3
      vertex -25.9943 20.1723 3
      vertex -22.1956 16.5743 3
    endloop
  endfacet
  facet normal -0 0 1
    outer loop
      vertex -26.3732 19.5402 3
      vertex -22.1956 16.5743 3
      vertex -25.9943 20.1723 3
    endloop
  endfacet
  facet normal -0 0 1
    outer loop
      vertex -26.6883 18.874 3
      vertex -22.1956 16.5743 3
      vertex -26.3732 19.5402 3
    endloop
  endfacet
  facet normal -0 0 1
    outer loop
      vertex -26.9366 18.18 3
      vertex -22.1956 16.5743 3
      vertex -26.6883 18.874 3
    endloop
  endfacet
  facet normal 0 0 1
    outer loop
      vertex -24.6787 11.9288 3
      vertex -27.26 16 3
      vertex -25.0006 10.6437 3
    endloop
  endfacet
  facet normal 0 0 1
    outer loop
      vertex -25.0006 10.6437 3
      vertex -27.26 16 3
      vertex -25.195 9.33323 3
    endloop
  endfacet
  facet normal 0 0 1
    outer loop
      vertex -25.195 9.33323 3
      vertex -27.26 16 3
      vertex -25.26 8.01 3
    endloop
  endfacet
  facet normal 0 0 1
    outer loop
      vertex -22.1956 16.5743 3
      vertex -26.9366 18.18 3
      vertex -22.9848 15.5102 3
    endloop
  endfacet
  facet normal 0 0 1
    outer loop
      vertex 107.76 -16 3
      vertex 103.485 -15.5102 3
      vertex 107.724 -16.7361 3
    endloop
  endfacet
  facet normal 0 0 1
    outer loop
      vertex 107.724 -16.7361 3
      vertex 103.485 -15.5102 3
      vertex 107.616 -17.4651 3
    endloop
  endfacet
  facet normal 0 0 1
    outer loop
      vertex 107.616 -17.4651 3
      vertex 103.485 -15.5102 3
      vertex 107.437 -18.18 3
    endloop
  endfacet
  facet normal -0 0 1
    outer loop
      vertex 102.696 -16.5743 3
      vertex 107.437 -18.18 3
      vertex 103.485 -15.5102 3
    endloop
  endfacet
  facet normal 0 0 1
    outer loop
      vertex 107.437 -18.18 3
      vertex 102.696 -16.5743 3
      vertex 107.188 -18.874 3
    endloop
  endfacet
  facet normal 0 0 1
    outer loop
      vertex 107.188 -18.874 3
      vertex 102.696 -16.5743 3
      vertex 106.873 -19.5402 3
    endloop
  endfacet
  facet normal 0 0 1
    outer loop
      vertex 106.873 -19.5402 3
      vertex 102.696 -16.5743 3
      vertex 106.494 -20.1723 3
    endloop
  endfacet
  facet normal -0 0 1
    outer loop
      vertex 101.806 -17.5559 3
      vertex 106.494 -20.1723 3
      vertex 102.696 -16.5743 3
    endloop
  endfacet
  facet normal 0 0 1
    outer loop
      vertex 106.494 -20.1723 3
      vertex 101.806 -17.5559 3
      vertex 106.055 -20.7643 3
    endloop
  endfacet
  facet normal 0 0 1
    outer loop
      vertex 106.055 -20.7643 3
      vertex 101.806 -17.5559 3
      vertex 105.56 -21.3104 3
    endloop
  endfacet
  facet normal 0 0 1
    outer loop
      vertex 105.56 -21.3104 3
      vertex 101.806 -17.5559 3
      vertex 105.014 -21.8053 3
    endloop
  endfacet
  facet normal 0 0 1
    outer loop
      vertex 105.014 -21.8053 3
      vertex 101.806 -17.5559 3
      vertex 104.422 -22.2443 3
    endloop
  endfacet
  facet normal -0 0 1
    outer loop
      vertex 100.824 -18.4456 3
      vertex 104.422 -22.2443 3
      vertex 101.806 -17.5559 3
    endloop
  endfacet
  facet normal 0 0 1
    outer loop
      vertex 104.422 -22.2443 3
      vertex 100.824 -18.4456 3
      vertex 103.79 -22.6232 3
    endloop
  endfacet
  facet normal 0 0 1
    outer loop
      vertex 103.79 -22.6232 3
      vertex 100.824 -18.4456 3
      vertex 103.124 -22.9383 3
    endloop
  endfacet
  facet normal 0 0 1
    outer loop
      vertex 103.124 -22.9383 3
      vertex 100.824 -18.4456 3
      vertex 102.43 -23.1866 3
    endloop
  endfacet
  facet normal -0 0 1
    outer loop
      vertex 99.7602 -19.2348 3
      vertex 102.43 -23.1866 3
      vertex 100.824 -18.4456 3
    endloop
  endfacet
  facet normal 0 0 1
    outer loop
      vertex 102.43 -23.1866 3
      vertex 99.7602 -19.2348 3
      vertex 101.715 -23.3657 3
    endloop
  endfacet
  facet normal 0 0 1
    outer loop
      vertex 101.715 -23.3657 3
      vertex 99.7602 -19.2348 3
      vertex 100.986 -23.4738 3
    endloop
  endfacet
  facet normal 0 0 1
    outer loop
      vertex 100.986 -23.4738 3
      vertex 99.7602 -19.2348 3
      vertex 100.25 -23.51 3
    endloop
  endfacet
  facet normal -0 0 1
    outer loop
      vertex 98.6239 -19.9159 3
      vertex 100.25 -23.51 3
      vertex 99.7602 -19.2348 3
    endloop
  endfacet
  facet normal -0 0 1
    outer loop
      vertex 97.4262 -20.4824 3
      vertex 100.25 -23.51 3
      vertex 98.6239 -19.9159 3
    endloop
  endfacet
  facet normal -0 0 1
    outer loop
      vertex 96.1788 -20.9287 3
      vertex 100.25 -23.51 3
      vertex 97.4262 -20.4824 3
    endloop
  endfacet
  facet normal -0 0 1
    outer loop
      vertex 94.8937 -21.2506 3
      vertex 100.25 -23.51 3
      vertex 96.1788 -20.9287 3
    endloop
  endfacet
  facet normal -0 0 1
    outer loop
      vertex 93.5832 -21.445 3
      vertex 100.25 -23.51 3
      vertex 94.8937 -21.2506 3
    endloop
  endfacet
  facet normal -0 0 1
    outer loop
      vertex 92.26 -21.51 3
      vertex 100.25 -23.51 3
      vertex 93.5832 -21.445 3
    endloop
  endfacet
  facet normal -0 0 1
    outer loop
      vertex -11.76 -21.51 3
      vertex 100.25 -23.51 3
      vertex 92.26 -21.51 3
    endloop
  endfacet
  facet normal 0 0 1
    outer loop
      vertex -11.76 -21.51 3
      vertex -19.75 -23.51 3
      vertex 100.25 -23.51 3
    endloop
  endfacet
  facet normal 0 0 1
    outer loop
      vertex -13.0832 -21.445 3
      vertex -19.75 -23.51 3
      vertex -11.76 -21.51 3
    endloop
  endfacet
  facet normal 0 0 1
    outer loop
      vertex -14.3937 -21.2506 3
      vertex -19.75 -23.51 3
      vertex -13.0832 -21.445 3
    endloop
  endfacet
  facet normal 0 0 1
    outer loop
      vertex -15.6788 -20.9287 3
      vertex -19.75 -23.51 3
      vertex -14.3937 -21.2506 3
    endloop
  endfacet
  facet normal 0 0 1
    outer loop
      vertex -16.9262 -20.4824 3
      vertex -19.75 -23.51 3
      vertex -15.6788 -20.9287 3
    endloop
  endfacet
  facet normal 0 0 1
    outer loop
      vertex -18.1239 -19.9159 3
      vertex -19.75 -23.51 3
      vertex -16.9262 -20.4824 3
    endloop
  endfacet
  facet normal 0 0 1
    outer loop
      vertex -19.2602 -19.2348 3
      vertex -19.75 -23.51 3
      vertex -18.1239 -19.9159 3
    endloop
  endfacet
  facet normal 0 0 1
    outer loop
      vertex -21.93 -23.1866 3
      vertex -19.2602 -19.2348 3
      vertex -20.3243 -18.4456 3
    endloop
  endfacet
  facet normal 0 0 1
    outer loop
      vertex -19.2602 -19.2348 3
      vertex -20.4861 -23.4738 3
      vertex -19.75 -23.51 3
    endloop
  endfacet
  facet normal 0 0 1
    outer loop
      vertex -19.2602 -19.2348 3
      vertex -21.2151 -23.3657 3
      vertex -20.4861 -23.4738 3
    endloop
  endfacet
  facet normal 0 0 1
    outer loop
      vertex -23.9223 -22.2443 3
      vertex -20.3243 -18.4456 3
      vertex -21.3059 -17.5559 3
    endloop
  endfacet
  facet normal 0 0 1
    outer loop
      vertex -19.2602 -19.2348 3
      vertex -21.93 -23.1866 3
      vertex -21.2151 -23.3657 3
    endloop
  endfacet
  facet normal 0 0 1
    outer loop
      vertex -25.9943 -20.1723 3
      vertex -21.3059 -17.5559 3
      vertex -22.1956 -16.5743 3
    endloop
  endfacet
  facet normal 0 0 1
    outer loop
      vertex -20.3243 -18.4456 3
      vertex -22.624 -22.9383 3
      vertex -21.93 -23.1866 3
    endloop
  endfacet
  facet normal 0 0 1
    outer loop
      vertex -26.9366 -18.18 3
      vertex -22.1956 -16.5743 3
      vertex -22.9848 -15.5102 3
    endloop
  endfacet
  facet normal 0 0 1
    outer loop
      vertex -20.3243 -18.4456 3
      vertex -23.2902 -22.6232 3
      vertex -22.624 -22.9383 3
    endloop
  endfacet
  facet normal 0 0 1
    outer loop
      vertex -27.26 -16 3
      vertex -22.9848 -15.5102 3
      vertex -23.6659 -14.3739 3
    endloop
  endfacet
  facet normal 0 0 1
    outer loop
      vertex -20.3243 -18.4456 3
      vertex -23.9223 -22.2443 3
      vertex -23.2902 -22.6232 3
    endloop
  endfacet
  facet normal 0 0 1
    outer loop
      vertex -27.26 -16 3
      vertex -23.6659 -14.3739 3
      vertex -24.2324 -13.1762 3
    endloop
  endfacet
  facet normal 0 0 1
    outer loop
      vertex -21.3059 -17.5559 3
      vertex -24.5143 -21.8053 3
      vertex -23.9223 -22.2443 3
    endloop
  endfacet
  facet normal 0 0 1
    outer loop
      vertex -27.26 -16 3
      vertex -24.2324 -13.1762 3
      vertex -24.6787 -11.9288 3
    endloop
  endfacet
  facet normal 0 0 1
    outer loop
      vertex -27.26 -16 3
      vertex -24.6787 -11.9288 3
      vertex -25.0006 -10.6437 3
    endloop
  endfacet
  facet normal 0 0 1
    outer loop
      vertex -21.3059 -17.5559 3
      vertex -25.0604 -21.3104 3
      vertex -24.5143 -21.8053 3
    endloop
  endfacet
  facet normal 0 0 1
    outer loop
      vertex -27.26 -16 3
      vertex -25.0006 -10.6437 3
      vertex -25.195 -9.33323 3
    endloop
  endfacet
  facet normal 0 0 1
    outer loop
      vertex -27.26 -16 3
      vertex -25.195 -9.33323 3
      vertex -25.26 -8.01 3
    endloop
  endfacet
  facet normal 0 0 1
    outer loop
      vertex -22.9848 -15.5102 3
      vertex -27.26 -16 3
      vertex -27.2238 -16.7361 3
    endloop
  endfacet
  facet normal 0 0 1
    outer loop
      vertex -25.26 8.01 3
      vertex -27.26 16 3
      vertex -25.26 -8.01 3
    endloop
  endfacet
  facet normal -0 0 1
    outer loop
      vertex -27.1157 17.4651 3
      vertex -22.9848 15.5102 3
      vertex -26.9366 18.18 3
    endloop
  endfacet
  facet normal 0 0 1
    outer loop
      vertex -27.26 -16 3
      vertex -25.26 -8.01 3
      vertex -27.26 16 3
    endloop
  endfacet
  facet normal -0 0 1
    outer loop
      vertex -27.2238 16.7361 3
      vertex -22.9848 15.5102 3
      vertex -27.1157 17.4651 3
    endloop
  endfacet
  facet normal 0 0 1
    outer loop
      vertex -21.3059 -17.5559 3
      vertex -25.5553 -20.7643 3
      vertex -25.0604 -21.3104 3
    endloop
  endfacet
  facet normal -0 0 1
    outer loop
      vertex -27.26 16 3
      vertex -22.9848 15.5102 3
      vertex -27.2238 16.7361 3
    endloop
  endfacet
  facet normal 0 0 1
    outer loop
      vertex -21.3059 -17.5559 3
      vertex -25.9943 -20.1723 3
      vertex -25.5553 -20.7643 3
    endloop
  endfacet
  facet normal 0 0 1
    outer loop
      vertex -22.9848 15.5102 3
      vertex -27.26 16 3
      vertex -23.6659 14.3739 3
    endloop
  endfacet
  facet normal 0 0 1
    outer loop
      vertex -22.1956 -16.5743 3
      vertex -26.3732 -19.5402 3
      vertex -25.9943 -20.1723 3
    endloop
  endfacet
  facet normal 0 0 1
    outer loop
      vertex -23.6659 14.3739 3
      vertex -27.26 16 3
      vertex -24.2324 13.1762 3
    endloop
  endfacet
  facet normal 0 0 1
    outer loop
      vertex -22.1956 -16.5743 3
      vertex -26.6883 -18.874 3
      vertex -26.3732 -19.5402 3
    endloop
  endfacet
  facet normal 0 0 1
    outer loop
      vertex -24.2324 13.1762 3
      vertex -27.26 16 3
      vertex -24.6787 11.9288 3
    endloop
  endfacet
  facet normal 0 0 1
    outer loop
      vertex -22.1956 -16.5743 3
      vertex -26.9366 -18.18 3
      vertex -26.6883 -18.874 3
    endloop
  endfacet
  facet normal 0 0 1
    outer loop
      vertex -22.9848 -15.5102 3
      vertex -27.1157 -17.4651 3
      vertex -26.9366 -18.18 3
    endloop
  endfacet
  facet normal 0 0 1
    outer loop
      vertex -22.9848 -15.5102 3
      vertex -27.2238 -16.7361 3
      vertex -27.1157 -17.4651 3
    endloop
  endfacet
  facet normal 0.941551 0.336869 0
    outer loop
      vertex -26.6883 -18.874 141
      vertex -26.9366 -18.18 3
      vertex -26.9366 -18.18 141
    endloop
  endfacet
  facet normal 0.941551 0.336869 0
    outer loop
      vertex -26.9366 -18.18 3
      vertex -26.6883 -18.874 141
      vertex -26.6883 -18.874 3
    endloop
  endfacet
  facet normal -0.858468 -0.512866 0
    outer loop
      vertex -113.676 24.7999 0
      vertex -113.852 25.0945 4
      vertex -113.852 25.0945 0
    endloop
  endfacet
  facet normal -0.858468 -0.512866 0
    outer loop
      vertex -113.852 25.0945 4
      vertex -113.676 24.7999 0
      vertex -113.676 24.7999 4
    endloop
  endfacet
  facet normal 0.998914 -0.046583 0
    outer loop
      vertex -123.262 23.15 4
      vertex -123.246 23.4931 0
      vertex -123.246 23.4931 4
    endloop
  endfacet
  facet normal 0.998914 -0.046583 0
    outer loop
      vertex -123.246 23.4931 0
      vertex -123.262 23.15 4
      vertex -123.262 23.15 0
    endloop
  endfacet
  facet normal -0.3363 0.941755 0
    outer loop
      vertex -115.423 19.9164 0
      vertex -115.747 19.8007 4
      vertex -115.423 19.9164 4
    endloop
  endfacet
  facet normal -0.3363 0.941755 0
    outer loop
      vertex -115.747 19.8007 4
      vertex -115.423 19.9164 0
      vertex -115.747 19.8007 0
    endloop
  endfacet
  facet normal 0.147056 -0.989128 0
    outer loop
      vertex -120.445 26.5827 0
      vertex -120.106 26.6331 4
      vertex -120.445 26.5827 4
    endloop
  endfacet
  facet normal 0.147056 -0.989128 0
    outer loop
      vertex -120.106 26.6331 4
      vertex -120.445 26.5827 0
      vertex -120.106 26.6331 0
    endloop
  endfacet
  facet normal -0.147056 -0.989128 0
    outer loop
      vertex -116.419 26.6331 0
      vertex -116.08 26.5827 4
      vertex -116.419 26.6331 4
    endloop
  endfacet
  facet normal -0.147056 -0.989128 -0
    outer loop
      vertex -116.08 26.5827 4
      vertex -116.419 26.6331 0
      vertex -116.08 26.5827 0
    endloop
  endfacet
  facet normal -0.242947 -0.97004 0
    outer loop
      vertex -116.08 26.5827 0
      vertex -115.747 26.4993 4
      vertex -116.08 26.5827 4
    endloop
  endfacet
  facet normal -0.242947 -0.97004 -0
    outer loop
      vertex -115.747 26.4993 4
      vertex -116.08 26.5827 0
      vertex -115.747 26.4993 0
    endloop
  endfacet
  facet normal -0.970348 0.241713 0
    outer loop
      vertex -113.413 22.134 0
      vertex -113.33 22.4672 4
      vertex -113.33 22.4672 0
    endloop
  endfacet
  facet normal -0.970348 0.241713 0
    outer loop
      vertex -113.33 22.4672 4
      vertex -113.413 22.134 0
      vertex -113.413 22.134 4
    endloop
  endfacet
  facet normal -0.80268 0.59641 0
    outer loop
      vertex -114.057 20.9296 0
      vertex -113.852 21.2055 4
      vertex -113.852 21.2055 0
    endloop
  endfacet
  facet normal -0.80268 0.59641 0
    outer loop
      vertex -113.852 21.2055 4
      vertex -114.057 20.9296 0
      vertex -114.057 20.9296 4
    endloop
  endfacet
  facet normal -0.147056 0.989128 0
    outer loop
      vertex -116.08 19.7173 0
      vertex -116.419 19.6669 4
      vertex -116.08 19.7173 4
    endloop
  endfacet
  facet normal -0.147056 0.989128 0
    outer loop
      vertex -116.419 19.6669 4
      vertex -116.08 19.7173 0
      vertex -116.419 19.6669 0
    endloop
  endfacet
  facet normal 0.80268 -0.59641 0
    outer loop
      vertex -122.673 25.0945 4
      vertex -122.468 25.3704 0
      vertex -122.468 25.3704 4
    endloop
  endfacet
  facet normal 0.80268 -0.59641 0
    outer loop
      vertex -122.468 25.3704 0
      vertex -122.673 25.0945 4
      vertex -122.673 25.0945 0
    endloop
  endfacet
  facet normal -0.988917 -0.148469 0
    outer loop
      vertex -113.279 23.4931 0
      vertex -113.33 23.8328 4
      vertex -113.33 23.8328 0
    endloop
  endfacet
  facet normal -0.988917 -0.148469 0
    outer loop
      vertex -113.33 23.8328 4
      vertex -113.279 23.4931 0
      vertex -113.279 23.4931 4
    endloop
  endfacet
  facet normal -0.970348 -0.241713 0
    outer loop
      vertex -113.33 23.8328 0
      vertex -113.413 24.166 4
      vertex -113.413 24.166 0
    endloop
  endfacet
  facet normal -0.970348 -0.241713 0
    outer loop
      vertex -113.413 24.166 4
      vertex -113.33 23.8328 0
      vertex -113.33 23.8328 4
    endloop
  endfacet
  facet normal -0.94128 0.337627 0
    outer loop
      vertex -113.529 21.8106 0
      vertex -113.413 22.134 4
      vertex -113.413 22.134 0
    endloop
  endfacet
  facet normal -0.94128 0.337627 0
    outer loop
      vertex -113.413 22.134 4
      vertex -113.529 21.8106 0
      vertex -113.529 21.8106 4
    endloop
  endfacet
  facet normal 0.94128 -0.337627 0
    outer loop
      vertex -123.112 24.166 4
      vertex -122.996 24.4894 0
      vertex -122.996 24.4894 4
    endloop
  endfacet
  facet normal 0.94128 -0.337627 0
    outer loop
      vertex -122.996 24.4894 0
      vertex -123.112 24.166 4
      vertex -123.112 24.166 0
    endloop
  endfacet
  facet normal 0.51364 -0.858006 0
    outer loop
      vertex -121.707 26.0601 0
      vertex -121.412 26.2367 4
      vertex -121.707 26.0601 4
    endloop
  endfacet
  facet normal 0.51364 -0.858006 0
    outer loop
      vertex -121.412 26.2367 4
      vertex -121.707 26.0601 0
      vertex -121.412 26.2367 0
    endloop
  endfacet
  facet normal 0.242947 -0.97004 0
    outer loop
      vertex -120.778 26.4993 0
      vertex -120.445 26.5827 4
      vertex -120.778 26.4993 4
    endloop
  endfacet
  facet normal 0.242947 -0.97004 0
    outer loop
      vertex -120.445 26.5827 4
      vertex -120.778 26.4993 0
      vertex -120.445 26.5827 0
    endloop
  endfacet
  facet normal 0.59552 0.803341 -0
    outer loop
      vertex -121.707 20.2399 0
      vertex -121.983 20.4445 4
      vertex -121.707 20.2399 4
    endloop
  endfacet
  facet normal 0.59552 0.803341 0
    outer loop
      vertex -121.983 20.4445 4
      vertex -121.707 20.2399 0
      vertex -121.983 20.4445 0
    endloop
  endfacet
  facet normal 0.242947 0.97004 -0
    outer loop
      vertex -120.445 19.7173 0
      vertex -120.778 19.8007 4
      vertex -120.445 19.7173 4
    endloop
  endfacet
  facet normal 0.242947 0.97004 0
    outer loop
      vertex -120.778 19.8007 4
      vertex -120.445 19.7173 0
      vertex -120.778 19.8007 0
    endloop
  endfacet
  facet normal 0.672179 -0.740388 0
    outer loop
      vertex -122.237 25.6249 0
      vertex -121.983 25.8555 4
      vertex -122.237 25.6249 4
    endloop
  endfacet
  facet normal 0.672179 -0.740388 0
    outer loop
      vertex -121.983 25.8555 4
      vertex -122.237 25.6249 0
      vertex -121.983 25.8555 0
    endloop
  endfacet
  facet normal -0.858468 0.512866 0
    outer loop
      vertex -113.852 21.2055 0
      vertex -113.676 21.5001 4
      vertex -113.676 21.5001 0
    endloop
  endfacet
  facet normal -0.858468 0.512866 0
    outer loop
      vertex -113.676 21.5001 4
      vertex -113.852 21.2055 0
      vertex -113.852 21.2055 4
    endloop
  endfacet
  facet normal -0.998775 -0.0494875 0
    outer loop
      vertex -113.262 23.15 0
      vertex -113.279 23.4931 4
      vertex -113.279 23.4931 0
    endloop
  endfacet
  facet normal -0.998775 -0.0494875 0
    outer loop
      vertex -113.279 23.4931 4
      vertex -113.262 23.15 0
      vertex -113.262 23.15 4
    endloop
  endfacet
  facet normal -0.94128 -0.337627 0
    outer loop
      vertex -113.413 24.166 0
      vertex -113.529 24.4894 4
      vertex -113.529 24.4894 0
    endloop
  endfacet
  facet normal -0.94128 -0.337627 0
    outer loop
      vertex -113.529 24.4894 4
      vertex -113.413 24.166 0
      vertex -113.413 24.166 4
    endloop
  endfacet
  facet normal 0.858468 -0.512866 0
    outer loop
      vertex -122.849 24.7999 4
      vertex -122.673 25.0945 0
      vertex -122.673 25.0945 4
    endloop
  endfacet
  facet normal 0.858468 -0.512866 0
    outer loop
      vertex -122.673 25.0945 0
      vertex -122.849 24.7999 4
      vertex -122.849 24.7999 0
    endloop
  endfacet
  facet normal -0.672179 -0.740388 0
    outer loop
      vertex -114.542 25.8555 0
      vertex -114.288 25.6249 4
      vertex -114.542 25.8555 4
    endloop
  endfacet
  facet normal -0.672179 -0.740388 -0
    outer loop
      vertex -114.288 25.6249 4
      vertex -114.542 25.8555 0
      vertex -114.288 25.6249 0
    endloop
  endfacet
  facet normal 0.0490687 0.998795 -0
    outer loop
      vertex -119.762 19.65 0
      vertex -120.106 19.6669 4
      vertex -119.762 19.65 4
    endloop
  endfacet
  facet normal 0.0490687 0.998795 0
    outer loop
      vertex -120.106 19.6669 4
      vertex -119.762 19.65 0
      vertex -120.106 19.6669 0
    endloop
  endfacet
  facet normal -0.998775 0.0494875 0
    outer loop
      vertex -113.279 22.8069 0
      vertex -113.262 23.15 4
      vertex -113.262 23.15 0
    endloop
  endfacet
  facet normal -0.998775 0.0494875 0
    outer loop
      vertex -113.262 23.15 4
      vertex -113.279 22.8069 0
      vertex -113.279 22.8069 4
    endloop
  endfacet
  facet normal -0.242947 0.97004 0
    outer loop
      vertex -115.747 19.8007 0
      vertex -116.08 19.7173 4
      vertex -115.747 19.8007 4
    endloop
  endfacet
  facet normal -0.242947 0.97004 0
    outer loop
      vertex -116.08 19.7173 4
      vertex -115.747 19.8007 0
      vertex -116.08 19.7173 0
    endloop
  endfacet
  facet normal -0.0492114 -0.998788 0
    outer loop
      vertex -116.762 26.65 0
      vertex -116.419 26.6331 4
      vertex -116.762 26.65 4
    endloop
  endfacet
  facet normal -0.0492114 -0.998788 -0
    outer loop
      vertex -116.419 26.6331 4
      vertex -116.762 26.65 0
      vertex -116.419 26.6331 0
    endloop
  endfacet
  facet normal 0.988917 -0.148469 0
    outer loop
      vertex -123.246 23.4931 4
      vertex -123.195 23.8328 0
      vertex -123.195 23.8328 4
    endloop
  endfacet
  facet normal 0.988917 -0.148469 0
    outer loop
      vertex -123.195 23.8328 0
      vertex -123.246 23.4931 4
      vertex -123.246 23.4931 0
    endloop
  endfacet
  facet normal -0.80268 -0.59641 0
    outer loop
      vertex -113.852 25.0945 0
      vertex -114.057 25.3704 4
      vertex -114.057 25.3704 0
    endloop
  endfacet
  facet normal -0.80268 -0.59641 0
    outer loop
      vertex -114.057 25.3704 4
      vertex -113.852 25.0945 0
      vertex -113.852 25.0945 4
    endloop
  endfacet
  facet normal -0.740466 -0.672093 0
    outer loop
      vertex -114.057 25.3704 0
      vertex -114.288 25.6249 4
      vertex -114.288 25.6249 0
    endloop
  endfacet
  facet normal -0.740466 -0.672093 0
    outer loop
      vertex -114.288 25.6249 4
      vertex -114.057 25.3704 0
      vertex -114.057 25.3704 4
    endloop
  endfacet
  facet normal 0.428224 -0.903673 0
    outer loop
      vertex -121.412 26.2367 0
      vertex -121.102 26.3836 4
      vertex -121.412 26.2367 4
    endloop
  endfacet
  facet normal 0.428224 -0.903673 0
    outer loop
      vertex -121.102 26.3836 4
      vertex -121.412 26.2367 0
      vertex -121.102 26.3836 0
    endloop
  endfacet
  facet normal 0 1 -0
    outer loop
      vertex -116.762 19.65 0
      vertex -119.762 19.65 4
      vertex -116.762 19.65 4
    endloop
  endfacet
  facet normal 0 1 0
    outer loop
      vertex -119.762 19.65 4
      vertex -116.762 19.65 0
      vertex -119.762 19.65 0
    endloop
  endfacet
  facet normal -0.428224 -0.903673 0
    outer loop
      vertex -115.423 26.3836 0
      vertex -115.113 26.2367 4
      vertex -115.423 26.3836 4
    endloop
  endfacet
  facet normal -0.428224 -0.903673 -0
    outer loop
      vertex -115.113 26.2367 4
      vertex -115.423 26.3836 0
      vertex -115.113 26.2367 0
    endloop
  endfacet
  facet normal -0.903827 -0.427899 0
    outer loop
      vertex -113.529 24.4894 0
      vertex -113.676 24.7999 4
      vertex -113.676 24.7999 0
    endloop
  endfacet
  facet normal -0.903827 -0.427899 0
    outer loop
      vertex -113.676 24.7999 4
      vertex -113.529 24.4894 0
      vertex -113.529 24.4894 4
    endloop
  endfacet
  facet normal 0.740466 0.672093 0
    outer loop
      vertex -122.237 20.6751 4
      vertex -122.468 20.9296 0
      vertex -122.468 20.9296 4
    endloop
  endfacet
  facet normal 0.740466 0.672093 0
    outer loop
      vertex -122.468 20.9296 0
      vertex -122.237 20.6751 4
      vertex -122.237 20.6751 0
    endloop
  endfacet
  facet normal 0 -1 0
    outer loop
      vertex -119.762 26.65 0
      vertex -116.762 26.65 4
      vertex -119.762 26.65 4
    endloop
  endfacet
  facet normal 0 -1 -0
    outer loop
      vertex -116.762 26.65 4
      vertex -119.762 26.65 0
      vertex -116.762 26.65 0
    endloop
  endfacet
  facet normal 0.970348 -0.241713 0
    outer loop
      vertex -123.195 23.8328 4
      vertex -123.112 24.166 0
      vertex -123.112 24.166 4
    endloop
  endfacet
  facet normal 0.970348 -0.241713 0
    outer loop
      vertex -123.112 24.166 0
      vertex -123.195 23.8328 4
      vertex -123.195 23.8328 0
    endloop
  endfacet
  facet normal -0.740466 0.672093 0
    outer loop
      vertex -114.288 20.6751 0
      vertex -114.057 20.9296 4
      vertex -114.057 20.9296 0
    endloop
  endfacet
  facet normal -0.740466 0.672093 0
    outer loop
      vertex -114.057 20.9296 4
      vertex -114.288 20.6751 0
      vertex -114.288 20.6751 4
    endloop
  endfacet
  facet normal -0.0492114 0.998788 0
    outer loop
      vertex -116.419 19.6669 0
      vertex -116.762 19.65 4
      vertex -116.419 19.6669 4
    endloop
  endfacet
  facet normal -0.0492114 0.998788 0
    outer loop
      vertex -116.762 19.65 4
      vertex -116.419 19.6669 0
      vertex -116.762 19.65 0
    endloop
  endfacet
  facet normal 0.59552 -0.803341 0
    outer loop
      vertex -121.983 25.8555 0
      vertex -121.707 26.0601 4
      vertex -121.983 25.8555 4
    endloop
  endfacet
  facet normal 0.59552 -0.803341 0
    outer loop
      vertex -121.707 26.0601 4
      vertex -121.983 25.8555 0
      vertex -121.707 26.0601 0
    endloop
  endfacet
  facet normal -0.3363 -0.941755 0
    outer loop
      vertex -115.747 26.4993 0
      vertex -115.423 26.3836 4
      vertex -115.747 26.4993 4
    endloop
  endfacet
  facet normal -0.3363 -0.941755 -0
    outer loop
      vertex -115.423 26.3836 4
      vertex -115.747 26.4993 0
      vertex -115.423 26.3836 0
    endloop
  endfacet
  facet normal -0.672179 0.740388 0
    outer loop
      vertex -114.288 20.6751 0
      vertex -114.542 20.4445 4
      vertex -114.288 20.6751 4
    endloop
  endfacet
  facet normal -0.672179 0.740388 0
    outer loop
      vertex -114.542 20.4445 4
      vertex -114.288 20.6751 0
      vertex -114.542 20.4445 0
    endloop
  endfacet
  facet normal -0.988917 0.148469 0
    outer loop
      vertex -113.33 22.4672 0
      vertex -113.279 22.8069 4
      vertex -113.279 22.8069 0
    endloop
  endfacet
  facet normal -0.988917 0.148469 0
    outer loop
      vertex -113.279 22.8069 4
      vertex -113.33 22.4672 0
      vertex -113.33 22.4672 4
    endloop
  endfacet
  facet normal 0.0490687 -0.998795 0
    outer loop
      vertex -120.106 26.6331 0
      vertex -119.762 26.65 4
      vertex -120.106 26.6331 4
    endloop
  endfacet
  facet normal 0.0490687 -0.998795 0
    outer loop
      vertex -119.762 26.65 4
      vertex -120.106 26.6331 0
      vertex -119.762 26.65 0
    endloop
  endfacet
  facet normal -0.903827 0.427899 0
    outer loop
      vertex -113.676 21.5001 0
      vertex -113.529 21.8106 4
      vertex -113.529 21.8106 0
    endloop
  endfacet
  facet normal -0.903827 0.427899 0
    outer loop
      vertex -113.529 21.8106 4
      vertex -113.676 21.5001 0
      vertex -113.676 21.5001 4
    endloop
  endfacet
  facet normal 0.51364 0.858006 -0
    outer loop
      vertex -121.412 20.0633 0
      vertex -121.707 20.2399 4
      vertex -121.412 20.0633 4
    endloop
  endfacet
  facet normal 0.51364 0.858006 0
    outer loop
      vertex -121.707 20.2399 4
      vertex -121.412 20.0633 0
      vertex -121.707 20.2399 0
    endloop
  endfacet
  facet normal 0.94128 0.337627 0
    outer loop
      vertex -122.996 21.8106 4
      vertex -123.112 22.134 0
      vertex -123.112 22.134 4
    endloop
  endfacet
  facet normal 0.94128 0.337627 0
    outer loop
      vertex -123.112 22.134 0
      vertex -122.996 21.8106 4
      vertex -122.996 21.8106 0
    endloop
  endfacet
  facet normal 0.903827 -0.427899 0
    outer loop
      vertex -122.996 24.4894 4
      vertex -122.849 24.7999 0
      vertex -122.849 24.7999 4
    endloop
  endfacet
  facet normal 0.903827 -0.427899 0
    outer loop
      vertex -122.849 24.7999 0
      vertex -122.996 24.4894 4
      vertex -122.996 24.4894 0
    endloop
  endfacet
  facet normal 0.80268 0.59641 0
    outer loop
      vertex -122.468 20.9296 4
      vertex -122.673 21.2055 0
      vertex -122.673 21.2055 4
    endloop
  endfacet
  facet normal 0.80268 0.59641 0
    outer loop
      vertex -122.673 21.2055 0
      vertex -122.468 20.9296 4
      vertex -122.468 20.9296 0
    endloop
  endfacet
  facet normal 0.858468 0.512866 0
    outer loop
      vertex -122.673 21.2055 4
      vertex -122.849 21.5001 0
      vertex -122.849 21.5001 4
    endloop
  endfacet
  facet normal 0.858468 0.512866 0
    outer loop
      vertex -122.849 21.5001 0
      vertex -122.673 21.2055 4
      vertex -122.673 21.2055 0
    endloop
  endfacet
  facet normal 0.672179 0.740388 -0
    outer loop
      vertex -121.983 20.4445 0
      vertex -122.237 20.6751 4
      vertex -121.983 20.4445 4
    endloop
  endfacet
  facet normal 0.672179 0.740388 0
    outer loop
      vertex -122.237 20.6751 4
      vertex -121.983 20.4445 0
      vertex -122.237 20.6751 0
    endloop
  endfacet
  facet normal 0.3363 -0.941755 0
    outer loop
      vertex -121.102 26.3836 0
      vertex -120.778 26.4993 4
      vertex -121.102 26.3836 4
    endloop
  endfacet
  facet normal 0.3363 -0.941755 0
    outer loop
      vertex -120.778 26.4993 4
      vertex -121.102 26.3836 0
      vertex -120.778 26.4993 0
    endloop
  endfacet
  facet normal 0.3363 0.941755 -0
    outer loop
      vertex -120.778 19.8007 0
      vertex -121.102 19.9164 4
      vertex -120.778 19.8007 4
    endloop
  endfacet
  facet normal 0.3363 0.941755 0
    outer loop
      vertex -121.102 19.9164 4
      vertex -120.778 19.8007 0
      vertex -121.102 19.9164 0
    endloop
  endfacet
  facet normal -0.59552 -0.803341 0
    outer loop
      vertex -114.818 26.0601 0
      vertex -114.542 25.8555 4
      vertex -114.818 26.0601 4
    endloop
  endfacet
  facet normal -0.59552 -0.803341 -0
    outer loop
      vertex -114.542 25.8555 4
      vertex -114.818 26.0601 0
      vertex -114.542 25.8555 0
    endloop
  endfacet
  facet normal -0.51364 -0.858006 0
    outer loop
      vertex -115.113 26.2367 0
      vertex -114.818 26.0601 4
      vertex -115.113 26.2367 4
    endloop
  endfacet
  facet normal -0.51364 -0.858006 -0
    outer loop
      vertex -114.818 26.0601 4
      vertex -115.113 26.2367 0
      vertex -114.818 26.0601 0
    endloop
  endfacet
  facet normal -0.59552 0.803341 0
    outer loop
      vertex -114.542 20.4445 0
      vertex -114.818 20.2399 4
      vertex -114.542 20.4445 4
    endloop
  endfacet
  facet normal -0.59552 0.803341 0
    outer loop
      vertex -114.818 20.2399 4
      vertex -114.542 20.4445 0
      vertex -114.818 20.2399 0
    endloop
  endfacet
  facet normal 0.903827 0.427899 0
    outer loop
      vertex -122.849 21.5001 4
      vertex -122.996 21.8106 0
      vertex -122.996 21.8106 4
    endloop
  endfacet
  facet normal 0.903827 0.427899 0
    outer loop
      vertex -122.996 21.8106 0
      vertex -122.849 21.5001 4
      vertex -122.849 21.5001 0
    endloop
  endfacet
  facet normal 0.988917 0.148469 0
    outer loop
      vertex -123.195 22.4672 4
      vertex -123.246 22.8069 0
      vertex -123.246 22.8069 4
    endloop
  endfacet
  facet normal 0.988917 0.148469 0
    outer loop
      vertex -123.246 22.8069 0
      vertex -123.195 22.4672 4
      vertex -123.195 22.4672 0
    endloop
  endfacet
  facet normal 0.740466 -0.672093 0
    outer loop
      vertex -122.468 25.3704 4
      vertex -122.237 25.6249 0
      vertex -122.237 25.6249 4
    endloop
  endfacet
  facet normal 0.740466 -0.672093 0
    outer loop
      vertex -122.237 25.6249 0
      vertex -122.468 25.3704 4
      vertex -122.468 25.3704 0
    endloop
  endfacet
  facet normal 0.428224 0.903673 -0
    outer loop
      vertex -121.102 19.9164 0
      vertex -121.412 20.0633 4
      vertex -121.102 19.9164 4
    endloop
  endfacet
  facet normal 0.428224 0.903673 0
    outer loop
      vertex -121.412 20.0633 4
      vertex -121.102 19.9164 0
      vertex -121.412 20.0633 0
    endloop
  endfacet
  facet normal -0.51364 0.858006 0
    outer loop
      vertex -114.818 20.2399 0
      vertex -115.113 20.0633 4
      vertex -114.818 20.2399 4
    endloop
  endfacet
  facet normal -0.51364 0.858006 0
    outer loop
      vertex -115.113 20.0633 4
      vertex -114.818 20.2399 0
      vertex -115.113 20.0633 0
    endloop
  endfacet
  facet normal -0.428224 0.903673 0
    outer loop
      vertex -115.113 20.0633 0
      vertex -115.423 19.9164 4
      vertex -115.113 20.0633 4
    endloop
  endfacet
  facet normal -0.428224 0.903673 0
    outer loop
      vertex -115.423 19.9164 4
      vertex -115.113 20.0633 0
      vertex -115.423 19.9164 0
    endloop
  endfacet
  facet normal 0.147056 0.989128 -0
    outer loop
      vertex -120.106 19.6669 0
      vertex -120.445 19.7173 4
      vertex -120.106 19.6669 4
    endloop
  endfacet
  facet normal 0.147056 0.989128 0
    outer loop
      vertex -120.445 19.7173 4
      vertex -120.106 19.6669 0
      vertex -120.445 19.7173 0
    endloop
  endfacet
  facet normal 0.970348 0.241713 0
    outer loop
      vertex -123.112 22.134 4
      vertex -123.195 22.4672 0
      vertex -123.195 22.4672 4
    endloop
  endfacet
  facet normal 0.970348 0.241713 0
    outer loop
      vertex -123.195 22.4672 0
      vertex -123.112 22.134 4
      vertex -123.112 22.134 0
    endloop
  endfacet
  facet normal 0.998914 0.046583 0
    outer loop
      vertex -123.246 22.8069 4
      vertex -123.262 23.15 0
      vertex -123.262 23.15 4
    endloop
  endfacet
  facet normal 0.998914 0.046583 0
    outer loop
      vertex -123.262 23.15 0
      vertex -123.246 22.8069 4
      vertex -123.246 22.8069 0
    endloop
  endfacet
  facet normal 0.740453 0.672108 0
    outer loop
      vertex -122.237 4.80013 4
      vertex -122.468 5.05462 0
      vertex -122.468 5.05462 4
    endloop
  endfacet
  facet normal 0.740453 0.672108 0
    outer loop
      vertex -122.468 5.05462 0
      vertex -122.237 4.80013 4
      vertex -122.237 4.80013 0
    endloop
  endfacet
  facet normal 0.998914 -0.0465884 0
    outer loop
      vertex -123.262 7.275 4
      vertex -123.246 7.61806 0
      vertex -123.246 7.61806 4
    endloop
  endfacet
  facet normal 0.998914 -0.0465884 0
    outer loop
      vertex -123.246 7.61806 0
      vertex -123.262 7.275 4
      vertex -123.262 7.275 0
    endloop
  endfacet
  facet normal 0.998914 0.0465884 0
    outer loop
      vertex -123.246 6.93194 4
      vertex -123.262 7.275 0
      vertex -123.262 7.275 4
    endloop
  endfacet
  facet normal 0.998914 0.0465884 0
    outer loop
      vertex -123.262 7.275 0
      vertex -123.246 6.93194 4
      vertex -123.246 6.93194 0
    endloop
  endfacet
  facet normal -0.970344 -0.241727 0
    outer loop
      vertex -113.33 7.95782 0
      vertex -113.413 8.291 4
      vertex -113.413 8.291 0
    endloop
  endfacet
  facet normal -0.970344 -0.241727 0
    outer loop
      vertex -113.413 8.291 4
      vertex -113.33 7.95782 0
      vertex -113.33 7.95782 4
    endloop
  endfacet
  facet normal -0.51364 -0.858006 0
    outer loop
      vertex -115.113 10.3617 0
      vertex -114.818 10.1851 4
      vertex -115.113 10.3617 4
    endloop
  endfacet
  facet normal -0.51364 -0.858006 -0
    outer loop
      vertex -114.818 10.1851 4
      vertex -115.113 10.3617 0
      vertex -114.818 10.1851 0
    endloop
  endfacet
  facet normal 0.988921 -0.148443 0
    outer loop
      vertex -123.246 7.61806 4
      vertex -123.195 7.95782 0
      vertex -123.195 7.95782 4
    endloop
  endfacet
  facet normal 0.988921 -0.148443 0
    outer loop
      vertex -123.195 7.95782 0
      vertex -123.246 7.61806 4
      vertex -123.246 7.61806 0
    endloop
  endfacet
  facet normal 0.336325 0.941746 -0
    outer loop
      vertex -120.778 3.92571 0
      vertex -121.102 4.04142 4
      vertex -120.778 3.92571 4
    endloop
  endfacet
  facet normal 0.336325 0.941746 0
    outer loop
      vertex -121.102 4.04142 4
      vertex -120.778 3.92571 0
      vertex -121.102 4.04142 0
    endloop
  endfacet
  facet normal -0.903827 -0.427899 0
    outer loop
      vertex -113.529 8.61439 0
      vertex -113.676 8.92489 4
      vertex -113.676 8.92489 0
    endloop
  endfacet
  facet normal -0.903827 -0.427899 0
    outer loop
      vertex -113.676 8.92489 4
      vertex -113.529 8.61439 0
      vertex -113.529 8.61439 4
    endloop
  endfacet
  facet normal 0.802659 0.596438 0
    outer loop
      vertex -122.468 5.05462 4
      vertex -122.673 5.3305 0
      vertex -122.673 5.3305 4
    endloop
  endfacet
  facet normal 0.802659 0.596438 0
    outer loop
      vertex -122.673 5.3305 0
      vertex -122.468 5.05462 4
      vertex -122.468 5.05462 0
    endloop
  endfacet
  facet normal -0.988921 -0.148443 0
    outer loop
      vertex -113.279 7.61806 0
      vertex -113.33 7.95782 4
      vertex -113.33 7.95782 0
    endloop
  endfacet
  facet normal -0.988921 -0.148443 0
    outer loop
      vertex -113.33 7.95782 4
      vertex -113.279 7.61806 0
      vertex -113.279 7.61806 4
    endloop
  endfacet
  facet normal 0.970344 0.241727 0
    outer loop
      vertex -123.112 6.259 4
      vertex -123.195 6.59218 0
      vertex -123.195 6.59218 4
    endloop
  endfacet
  facet normal 0.970344 0.241727 0
    outer loop
      vertex -123.195 6.59218 0
      vertex -123.112 6.259 4
      vertex -123.112 6.259 0
    endloop
  endfacet
  facet normal -0.513597 0.858031 0
    outer loop
      vertex -114.818 4.36486 0
      vertex -115.113 4.18828 4
      vertex -114.818 4.36486 4
    endloop
  endfacet
  facet normal -0.513597 0.858031 0
    outer loop
      vertex -115.113 4.18828 4
      vertex -114.818 4.36486 0
      vertex -115.113 4.18828 0
    endloop
  endfacet
  facet normal -0.0492114 -0.998788 0
    outer loop
      vertex -116.762 10.775 0
      vertex -116.419 10.7581 4
      vertex -116.762 10.775 4
    endloop
  endfacet
  facet normal -0.0492114 -0.998788 -0
    outer loop
      vertex -116.419 10.7581 4
      vertex -116.762 10.775 0
      vertex -116.419 10.7581 0
    endloop
  endfacet
  facet normal -0.802659 0.596438 0
    outer loop
      vertex -114.057 5.05462 0
      vertex -113.852 5.3305 4
      vertex -113.852 5.3305 0
    endloop
  endfacet
  facet normal -0.802659 0.596438 0
    outer loop
      vertex -113.852 5.3305 4
      vertex -114.057 5.05462 0
      vertex -114.057 5.05462 4
    endloop
  endfacet
  facet normal -0.970344 0.241727 0
    outer loop
      vertex -113.413 6.259 0
      vertex -113.33 6.59218 4
      vertex -113.33 6.59218 0
    endloop
  endfacet
  facet normal -0.970344 0.241727 0
    outer loop
      vertex -113.33 6.59218 4
      vertex -113.413 6.259 0
      vertex -113.413 6.259 4
    endloop
  endfacet
  facet normal 0.903827 0.427899 0
    outer loop
      vertex -122.849 5.62511 4
      vertex -122.996 5.93561 0
      vertex -122.996 5.93561 4
    endloop
  endfacet
  facet normal 0.903827 0.427899 0
    outer loop
      vertex -122.996 5.93561 0
      vertex -122.849 5.62511 4
      vertex -122.849 5.62511 0
    endloop
  endfacet
  facet normal 0.59552 0.803341 -0
    outer loop
      vertex -121.707 4.36486 0
      vertex -121.983 4.56946 4
      vertex -121.707 4.36486 4
    endloop
  endfacet
  facet normal 0.59552 0.803341 0
    outer loop
      vertex -121.983 4.56946 4
      vertex -121.707 4.36486 0
      vertex -121.983 4.56946 0
    endloop
  endfacet
  facet normal -0.903827 0.427899 0
    outer loop
      vertex -113.676 5.62511 0
      vertex -113.529 5.93561 4
      vertex -113.529 5.93561 0
    endloop
  endfacet
  facet normal -0.903827 0.427899 0
    outer loop
      vertex -113.529 5.93561 4
      vertex -113.676 5.62511 0
      vertex -113.676 5.62511 4
    endloop
  endfacet
  facet normal -0.0490662 0.998796 0
    outer loop
      vertex -116.419 3.79185 0
      vertex -116.762 3.775 4
      vertex -116.419 3.79185 4
    endloop
  endfacet
  facet normal -0.0490662 0.998796 0
    outer loop
      vertex -116.762 3.775 4
      vertex -116.419 3.79185 0
      vertex -116.762 3.775 0
    endloop
  endfacet
  facet normal 0.428224 -0.903673 0
    outer loop
      vertex -121.412 10.3617 0
      vertex -121.102 10.5086 4
      vertex -121.412 10.3617 4
    endloop
  endfacet
  facet normal 0.428224 -0.903673 0
    outer loop
      vertex -121.102 10.5086 4
      vertex -121.412 10.3617 0
      vertex -121.102 10.5086 0
    endloop
  endfacet
  facet normal 0.0489239 0.998803 -0
    outer loop
      vertex -119.762 3.775 0
      vertex -120.106 3.79185 4
      vertex -119.762 3.775 4
    endloop
  endfacet
  facet normal 0.0489239 0.998803 0
    outer loop
      vertex -120.106 3.79185 4
      vertex -119.762 3.775 0
      vertex -120.106 3.79185 0
    endloop
  endfacet
  facet normal 0.243111 0.969998 -0
    outer loop
      vertex -120.445 3.84225 0
      vertex -120.778 3.92571 4
      vertex -120.445 3.84225 4
    endloop
  endfacet
  facet normal 0.243111 0.969998 0
    outer loop
      vertex -120.778 3.92571 4
      vertex -120.445 3.84225 0
      vertex -120.778 3.92571 0
    endloop
  endfacet
  facet normal -0.3363 -0.941755 0
    outer loop
      vertex -115.747 10.6243 0
      vertex -115.423 10.5086 4
      vertex -115.747 10.6243 4
    endloop
  endfacet
  facet normal -0.3363 -0.941755 -0
    outer loop
      vertex -115.423 10.5086 4
      vertex -115.747 10.6243 0
      vertex -115.423 10.5086 0
    endloop
  endfacet
  facet normal 0.147056 -0.989128 0
    outer loop
      vertex -120.445 10.7077 0
      vertex -120.106 10.7581 4
      vertex -120.445 10.7077 4
    endloop
  endfacet
  facet normal 0.147056 -0.989128 0
    outer loop
      vertex -120.106 10.7581 4
      vertex -120.445 10.7077 0
      vertex -120.106 10.7581 0
    endloop
  endfacet
  facet normal 0.147056 0.989128 -0
    outer loop
      vertex -120.106 3.79185 0
      vertex -120.445 3.84225 4
      vertex -120.106 3.79185 4
    endloop
  endfacet
  facet normal 0.147056 0.989128 0
    outer loop
      vertex -120.445 3.84225 4
      vertex -120.106 3.79185 0
      vertex -120.445 3.84225 0
    endloop
  endfacet
  facet normal 0.51364 -0.858006 0
    outer loop
      vertex -121.707 10.1851 0
      vertex -121.412 10.3617 4
      vertex -121.707 10.1851 4
    endloop
  endfacet
  facet normal 0.51364 -0.858006 0
    outer loop
      vertex -121.412 10.3617 4
      vertex -121.707 10.1851 0
      vertex -121.412 10.3617 0
    endloop
  endfacet
  facet normal 0.858476 -0.512854 0
    outer loop
      vertex -122.849 8.92489 4
      vertex -122.673 9.2195 0
      vertex -122.673 9.2195 4
    endloop
  endfacet
  facet normal 0.858476 -0.512854 0
    outer loop
      vertex -122.673 9.2195 0
      vertex -122.849 8.92489 4
      vertex -122.849 8.92489 0
    endloop
  endfacet
  facet normal -0.998774 0.0494933 0
    outer loop
      vertex -113.279 6.93194 0
      vertex -113.262 7.275 4
      vertex -113.262 7.275 0
    endloop
  endfacet
  facet normal -0.998774 0.0494933 0
    outer loop
      vertex -113.262 7.275 4
      vertex -113.279 6.93194 0
      vertex -113.279 6.93194 4
    endloop
  endfacet
  facet normal -0.941277 -0.337636 0
    outer loop
      vertex -113.413 8.291 0
      vertex -113.529 8.61439 4
      vertex -113.529 8.61439 0
    endloop
  endfacet
  facet normal -0.941277 -0.337636 0
    outer loop
      vertex -113.529 8.61439 4
      vertex -113.413 8.291 0
      vertex -113.413 8.291 4
    endloop
  endfacet
  facet normal -0.428224 -0.903673 0
    outer loop
      vertex -115.423 10.5086 0
      vertex -115.113 10.3617 4
      vertex -115.423 10.5086 4
    endloop
  endfacet
  facet normal -0.428224 -0.903673 -0
    outer loop
      vertex -115.113 10.3617 4
      vertex -115.423 10.5086 0
      vertex -115.113 10.3617 0
    endloop
  endfacet
  facet normal 0.672291 0.740287 -0
    outer loop
      vertex -121.983 4.56946 0
      vertex -122.237 4.80013 4
      vertex -121.983 4.56946 4
    endloop
  endfacet
  facet normal 0.672291 0.740287 0
    outer loop
      vertex -122.237 4.80013 4
      vertex -121.983 4.56946 0
      vertex -122.237 4.80013 0
    endloop
  endfacet
  facet normal -0.998774 -0.0494933 0
    outer loop
      vertex -113.262 7.275 0
      vertex -113.279 7.61806 4
      vertex -113.279 7.61806 0
    endloop
  endfacet
  facet normal -0.998774 -0.0494933 0
    outer loop
      vertex -113.279 7.61806 4
      vertex -113.262 7.275 0
      vertex -113.262 7.275 4
    endloop
  endfacet
  facet normal 0.242947 -0.97004 0
    outer loop
      vertex -120.778 10.6243 0
      vertex -120.445 10.7077 4
      vertex -120.778 10.6243 4
    endloop
  endfacet
  facet normal 0.242947 -0.97004 0
    outer loop
      vertex -120.445 10.7077 4
      vertex -120.778 10.6243 0
      vertex -120.445 10.7077 0
    endloop
  endfacet
  facet normal -0.740453 0.672108 0
    outer loop
      vertex -114.288 4.80013 0
      vertex -114.057 5.05462 4
      vertex -114.057 5.05462 0
    endloop
  endfacet
  facet normal -0.740453 0.672108 0
    outer loop
      vertex -114.057 5.05462 4
      vertex -114.288 4.80013 0
      vertex -114.288 4.80013 4
    endloop
  endfacet
  facet normal -0.941277 0.337636 0
    outer loop
      vertex -113.529 5.93561 0
      vertex -113.413 6.259 4
      vertex -113.413 6.259 0
    endloop
  endfacet
  facet normal -0.941277 0.337636 0
    outer loop
      vertex -113.413 6.259 4
      vertex -113.529 5.93561 0
      vertex -113.529 5.93561 4
    endloop
  endfacet
  facet normal -0.740453 -0.672108 0
    outer loop
      vertex -114.057 9.49538 0
      vertex -114.288 9.74987 4
      vertex -114.288 9.74987 0
    endloop
  endfacet
  facet normal -0.740453 -0.672108 0
    outer loop
      vertex -114.288 9.74987 4
      vertex -114.057 9.49538 0
      vertex -114.057 9.49538 4
    endloop
  endfacet
  facet normal 0 1 -0
    outer loop
      vertex -116.762 3.775 0
      vertex -119.762 3.775 4
      vertex -116.762 3.775 4
    endloop
  endfacet
  facet normal 0 1 0
    outer loop
      vertex -119.762 3.775 4
      vertex -116.762 3.775 0
      vertex -119.762 3.775 0
    endloop
  endfacet
  facet normal -0.858476 0.512854 0
    outer loop
      vertex -113.852 5.3305 0
      vertex -113.676 5.62511 4
      vertex -113.676 5.62511 0
    endloop
  endfacet
  facet normal -0.858476 0.512854 0
    outer loop
      vertex -113.676 5.62511 4
      vertex -113.852 5.3305 0
      vertex -113.852 5.3305 4
    endloop
  endfacet
  facet normal 0.0490687 -0.998795 0
    outer loop
      vertex -120.106 10.7581 0
      vertex -119.762 10.775 4
      vertex -120.106 10.7581 4
    endloop
  endfacet
  facet normal 0.0490687 -0.998795 0
    outer loop
      vertex -119.762 10.775 4
      vertex -120.106 10.7581 0
      vertex -119.762 10.775 0
    endloop
  endfacet
  facet normal 0 -1 0
    outer loop
      vertex -119.762 10.775 0
      vertex -116.762 10.775 4
      vertex -119.762 10.775 4
    endloop
  endfacet
  facet normal 0 -1 -0
    outer loop
      vertex -116.762 10.775 4
      vertex -119.762 10.775 0
      vertex -116.762 10.775 0
    endloop
  endfacet
  facet normal -0.147056 -0.989128 0
    outer loop
      vertex -116.419 10.7581 0
      vertex -116.08 10.7077 4
      vertex -116.419 10.7581 4
    endloop
  endfacet
  facet normal -0.147056 -0.989128 -0
    outer loop
      vertex -116.08 10.7077 4
      vertex -116.419 10.7581 0
      vertex -116.08 10.7077 0
    endloop
  endfacet
  facet normal 0.3363 -0.941755 0
    outer loop
      vertex -121.102 10.5086 0
      vertex -120.778 10.6243 4
      vertex -121.102 10.5086 4
    endloop
  endfacet
  facet normal 0.3363 -0.941755 0
    outer loop
      vertex -120.778 10.6243 4
      vertex -121.102 10.5086 0
      vertex -120.778 10.6243 0
    endloop
  endfacet
  facet normal -0.858476 -0.512854 0
    outer loop
      vertex -113.676 8.92489 0
      vertex -113.852 9.2195 4
      vertex -113.852 9.2195 0
    endloop
  endfacet
  facet normal -0.858476 -0.512854 0
    outer loop
      vertex -113.852 9.2195 4
      vertex -113.676 8.92489 0
      vertex -113.676 8.92489 4
    endloop
  endfacet
  facet normal -0.242947 -0.97004 0
    outer loop
      vertex -116.08 10.7077 0
      vertex -115.747 10.6243 4
      vertex -116.08 10.7077 4
    endloop
  endfacet
  facet normal -0.242947 -0.97004 -0
    outer loop
      vertex -115.747 10.6243 4
      vertex -116.08 10.7077 0
      vertex -115.747 10.6243 0
    endloop
  endfacet
  facet normal 0.941277 0.337636 0
    outer loop
      vertex -122.996 5.93561 4
      vertex -123.112 6.259 0
      vertex -123.112 6.259 4
    endloop
  endfacet
  facet normal 0.941277 0.337636 0
    outer loop
      vertex -123.112 6.259 0
      vertex -122.996 5.93561 4
      vertex -122.996 5.93561 0
    endloop
  endfacet
  facet normal 0.595445 -0.803396 0
    outer loop
      vertex -121.983 9.98054 0
      vertex -121.707 10.1851 4
      vertex -121.983 9.98054 4
    endloop
  endfacet
  facet normal 0.595445 -0.803396 0
    outer loop
      vertex -121.707 10.1851 4
      vertex -121.983 9.98054 0
      vertex -121.707 10.1851 0
    endloop
  endfacet
  facet normal 0.970344 -0.241727 0
    outer loop
      vertex -123.195 7.95782 4
      vertex -123.112 8.291 0
      vertex -123.112 8.291 4
    endloop
  endfacet
  facet normal 0.970344 -0.241727 0
    outer loop
      vertex -123.112 8.291 0
      vertex -123.195 7.95782 4
      vertex -123.195 7.95782 0
    endloop
  endfacet
  facet normal 0.672291 -0.740287 0
    outer loop
      vertex -122.237 9.74987 0
      vertex -121.983 9.98054 4
      vertex -122.237 9.74987 4
    endloop
  endfacet
  facet normal 0.672291 -0.740287 0
    outer loop
      vertex -121.983 9.98054 4
      vertex -122.237 9.74987 0
      vertex -121.983 9.98054 0
    endloop
  endfacet
  facet normal 0.740453 -0.672108 0
    outer loop
      vertex -122.468 9.49538 4
      vertex -122.237 9.74987 0
      vertex -122.237 9.74987 4
    endloop
  endfacet
  facet normal 0.740453 -0.672108 0
    outer loop
      vertex -122.237 9.74987 0
      vertex -122.468 9.49538 4
      vertex -122.468 9.49538 0
    endloop
  endfacet
  facet normal -0.988921 0.148443 0
    outer loop
      vertex -113.33 6.59218 0
      vertex -113.279 6.93194 4
      vertex -113.279 6.93194 0
    endloop
  endfacet
  facet normal -0.988921 0.148443 0
    outer loop
      vertex -113.279 6.93194 4
      vertex -113.33 6.59218 0
      vertex -113.33 6.59218 4
    endloop
  endfacet
  facet normal -0.672291 -0.740287 0
    outer loop
      vertex -114.542 9.98054 0
      vertex -114.288 9.74987 4
      vertex -114.542 9.98054 4
    endloop
  endfacet
  facet normal -0.672291 -0.740287 -0
    outer loop
      vertex -114.288 9.74987 4
      vertex -114.542 9.98054 0
      vertex -114.288 9.74987 0
    endloop
  endfacet
  facet normal -0.672291 0.740287 0
    outer loop
      vertex -114.288 4.80013 0
      vertex -114.542 4.56946 4
      vertex -114.288 4.80013 4
    endloop
  endfacet
  facet normal -0.672291 0.740287 0
    outer loop
      vertex -114.542 4.56946 4
      vertex -114.288 4.80013 0
      vertex -114.542 4.56946 0
    endloop
  endfacet
  facet normal -0.147056 0.989128 0
    outer loop
      vertex -116.08 3.84225 0
      vertex -116.419 3.79185 4
      vertex -116.08 3.84225 4
    endloop
  endfacet
  facet normal -0.147056 0.989128 0
    outer loop
      vertex -116.419 3.79185 4
      vertex -116.08 3.84225 0
      vertex -116.419 3.79185 0
    endloop
  endfacet
  facet normal -0.428129 0.903718 0
    outer loop
      vertex -115.113 4.18828 0
      vertex -115.423 4.04142 4
      vertex -115.113 4.18828 4
    endloop
  endfacet
  facet normal -0.428129 0.903718 0
    outer loop
      vertex -115.423 4.04142 4
      vertex -115.113 4.18828 0
      vertex -115.423 4.04142 0
    endloop
  endfacet
  facet normal 0.941277 -0.337636 0
    outer loop
      vertex -123.112 8.291 4
      vertex -122.996 8.61439 0
      vertex -122.996 8.61439 4
    endloop
  endfacet
  facet normal 0.941277 -0.337636 0
    outer loop
      vertex -122.996 8.61439 0
      vertex -123.112 8.291 4
      vertex -123.112 8.291 0
    endloop
  endfacet
  facet normal 0.513597 0.858031 -0
    outer loop
      vertex -121.412 4.18828 0
      vertex -121.707 4.36486 4
      vertex -121.412 4.18828 4
    endloop
  endfacet
  facet normal 0.513597 0.858031 0
    outer loop
      vertex -121.707 4.36486 4
      vertex -121.412 4.18828 0
      vertex -121.707 4.36486 0
    endloop
  endfacet
  facet normal -0.59552 0.803341 0
    outer loop
      vertex -114.542 4.56946 0
      vertex -114.818 4.36486 4
      vertex -114.542 4.56946 4
    endloop
  endfacet
  facet normal -0.59552 0.803341 0
    outer loop
      vertex -114.818 4.36486 4
      vertex -114.542 4.56946 0
      vertex -114.818 4.36486 0
    endloop
  endfacet
  facet normal 0.802659 -0.596438 0
    outer loop
      vertex -122.673 9.2195 4
      vertex -122.468 9.49538 0
      vertex -122.468 9.49538 4
    endloop
  endfacet
  facet normal 0.802659 -0.596438 0
    outer loop
      vertex -122.468 9.49538 0
      vertex -122.673 9.2195 4
      vertex -122.673 9.2195 0
    endloop
  endfacet
  facet normal -0.595445 -0.803396 0
    outer loop
      vertex -114.818 10.1851 0
      vertex -114.542 9.98054 4
      vertex -114.818 10.1851 4
    endloop
  endfacet
  facet normal -0.595445 -0.803396 -0
    outer loop
      vertex -114.542 9.98054 4
      vertex -114.818 10.1851 0
      vertex -114.542 9.98054 0
    endloop
  endfacet
  facet normal 0.988921 0.148443 0
    outer loop
      vertex -123.195 6.59218 4
      vertex -123.246 6.93194 0
      vertex -123.246 6.93194 4
    endloop
  endfacet
  facet normal 0.988921 0.148443 0
    outer loop
      vertex -123.246 6.93194 0
      vertex -123.195 6.59218 4
      vertex -123.195 6.59218 0
    endloop
  endfacet
  facet normal 0.903827 -0.427899 0
    outer loop
      vertex -122.996 8.61439 4
      vertex -122.849 8.92489 0
      vertex -122.849 8.92489 4
    endloop
  endfacet
  facet normal 0.903827 -0.427899 0
    outer loop
      vertex -122.849 8.92489 0
      vertex -122.996 8.61439 4
      vertex -122.996 8.61439 0
    endloop
  endfacet
  facet normal -0.802659 -0.596438 0
    outer loop
      vertex -113.852 9.2195 0
      vertex -114.057 9.49538 4
      vertex -114.057 9.49538 0
    endloop
  endfacet
  facet normal -0.802659 -0.596438 0
    outer loop
      vertex -114.057 9.49538 4
      vertex -113.852 9.2195 0
      vertex -113.852 9.2195 4
    endloop
  endfacet
  facet normal -0.243111 0.969998 0
    outer loop
      vertex -115.747 3.92571 0
      vertex -116.08 3.84225 4
      vertex -115.747 3.92571 4
    endloop
  endfacet
  facet normal -0.243111 0.969998 0
    outer loop
      vertex -116.08 3.84225 4
      vertex -115.747 3.92571 0
      vertex -116.08 3.84225 0
    endloop
  endfacet
  facet normal -0.336325 0.941746 0
    outer loop
      vertex -115.423 4.04142 0
      vertex -115.747 3.92571 4
      vertex -115.423 4.04142 4
    endloop
  endfacet
  facet normal -0.336325 0.941746 0
    outer loop
      vertex -115.747 3.92571 4
      vertex -115.423 4.04142 0
      vertex -115.747 3.92571 0
    endloop
  endfacet
  facet normal 0.428129 0.903718 -0
    outer loop
      vertex -121.102 4.04142 0
      vertex -121.412 4.18828 4
      vertex -121.102 4.04142 4
    endloop
  endfacet
  facet normal 0.428129 0.903718 0
    outer loop
      vertex -121.412 4.18828 4
      vertex -121.102 4.04142 0
      vertex -121.412 4.18828 0
    endloop
  endfacet
  facet normal 0.858476 0.512854 0
    outer loop
      vertex -122.673 5.3305 4
      vertex -122.849 5.62511 0
      vertex -122.849 5.62511 4
    endloop
  endfacet
  facet normal 0.858476 0.512854 0
    outer loop
      vertex -122.849 5.62511 0
      vertex -122.673 5.3305 4
      vertex -122.673 5.3305 0
    endloop
  endfacet
  facet normal -0.428224 0.903673 0
    outer loop
      vertex -115.113 -11.6867 0
      vertex -115.423 -11.8336 4
      vertex -115.113 -11.6867 4
    endloop
  endfacet
  facet normal -0.428224 0.903673 0
    outer loop
      vertex -115.423 -11.8336 4
      vertex -115.113 -11.6867 0
      vertex -115.423 -11.8336 0
    endloop
  endfacet
  facet normal 0.740466 0.672093 0
    outer loop
      vertex -122.237 -11.0749 4
      vertex -122.468 -10.8204 0
      vertex -122.468 -10.8204 4
    endloop
  endfacet
  facet normal 0.740466 0.672093 0
    outer loop
      vertex -122.468 -10.8204 0
      vertex -122.237 -11.0749 4
      vertex -122.237 -11.0749 0
    endloop
  endfacet
  facet normal 0.998914 -0.0465884 0
    outer loop
      vertex -123.262 -8.6 4
      vertex -123.246 -8.25694 0
      vertex -123.246 -8.25694 4
    endloop
  endfacet
  facet normal 0.998914 -0.0465884 0
    outer loop
      vertex -123.246 -8.25694 0
      vertex -123.262 -8.6 4
      vertex -123.262 -8.6 0
    endloop
  endfacet
  facet normal 0.903832 0.427887 0
    outer loop
      vertex -122.849 -10.2499 4
      vertex -122.996 -9.93939 0
      vertex -122.996 -9.93939 4
    endloop
  endfacet
  facet normal 0.903832 0.427887 0
    outer loop
      vertex -122.996 -9.93939 0
      vertex -122.849 -10.2499 4
      vertex -122.849 -10.2499 0
    endloop
  endfacet
  facet normal -0.970344 -0.241727 0
    outer loop
      vertex -113.33 -7.91718 0
      vertex -113.413 -7.584 4
      vertex -113.413 -7.584 0
    endloop
  endfacet
  facet normal -0.970344 -0.241727 0
    outer loop
      vertex -113.413 -7.584 4
      vertex -113.33 -7.91718 0
      vertex -113.33 -7.91718 4
    endloop
  endfacet
  facet normal 0.988921 -0.148443 0
    outer loop
      vertex -123.246 -8.25694 4
      vertex -123.195 -7.91718 0
      vertex -123.195 -7.91718 4
    endloop
  endfacet
  facet normal 0.988921 -0.148443 0
    outer loop
      vertex -123.195 -7.91718 0
      vertex -123.246 -8.25694 4
      vertex -123.246 -8.25694 0
    endloop
  endfacet
  facet normal 0.0489239 -0.998803 0
    outer loop
      vertex -120.106 -5.11685 0
      vertex -119.762 -5.1 4
      vertex -120.106 -5.11685 4
    endloop
  endfacet
  facet normal 0.0489239 -0.998803 0
    outer loop
      vertex -119.762 -5.1 4
      vertex -120.106 -5.11685 0
      vertex -119.762 -5.1 0
    endloop
  endfacet
  facet normal 0.80268 0.59641 0
    outer loop
      vertex -122.468 -10.8204 4
      vertex -122.673 -10.5445 0
      vertex -122.673 -10.5445 4
    endloop
  endfacet
  facet normal 0.80268 0.59641 0
    outer loop
      vertex -122.673 -10.5445 0
      vertex -122.468 -10.8204 4
      vertex -122.468 -10.8204 0
    endloop
  endfacet
  facet normal -0.941277 0.337636 0
    outer loop
      vertex -113.529 -9.93939 0
      vertex -113.413 -9.616 4
      vertex -113.413 -9.616 0
    endloop
  endfacet
  facet normal -0.941277 0.337636 0
    outer loop
      vertex -113.413 -9.616 4
      vertex -113.529 -9.93939 0
      vertex -113.529 -9.93939 4
    endloop
  endfacet
  facet normal -0.903827 -0.427899 0
    outer loop
      vertex -113.529 -7.26061 0
      vertex -113.676 -6.95011 4
      vertex -113.676 -6.95011 0
    endloop
  endfacet
  facet normal -0.903827 -0.427899 0
    outer loop
      vertex -113.676 -6.95011 4
      vertex -113.529 -7.26061 0
      vertex -113.529 -7.26061 4
    endloop
  endfacet
  facet normal -0.988921 -0.148443 0
    outer loop
      vertex -113.279 -8.25694 0
      vertex -113.33 -7.91718 4
      vertex -113.33 -7.91718 0
    endloop
  endfacet
  facet normal -0.988921 -0.148443 0
    outer loop
      vertex -113.33 -7.91718 4
      vertex -113.279 -8.25694 0
      vertex -113.279 -8.25694 4
    endloop
  endfacet
  facet normal 0.59552 0.803341 -0
    outer loop
      vertex -121.707 -11.5101 0
      vertex -121.983 -11.3055 4
      vertex -121.707 -11.5101 4
    endloop
  endfacet
  facet normal 0.59552 0.803341 0
    outer loop
      vertex -121.983 -11.3055 4
      vertex -121.707 -11.5101 0
      vertex -121.983 -11.3055 0
    endloop
  endfacet
  facet normal -0.0490662 -0.998796 0
    outer loop
      vertex -116.762 -5.1 0
      vertex -116.419 -5.11685 4
      vertex -116.762 -5.1 4
    endloop
  endfacet
  facet normal -0.0490662 -0.998796 -0
    outer loop
      vertex -116.419 -5.11685 4
      vertex -116.762 -5.1 0
      vertex -116.419 -5.11685 0
    endloop
  endfacet
  facet normal -0.970344 0.241727 0
    outer loop
      vertex -113.413 -9.616 0
      vertex -113.33 -9.28282 4
      vertex -113.33 -9.28282 0
    endloop
  endfacet
  facet normal -0.970344 0.241727 0
    outer loop
      vertex -113.33 -9.28282 4
      vertex -113.413 -9.616 0
      vertex -113.413 -9.616 4
    endloop
  endfacet
  facet normal -0.0492114 0.998788 0
    outer loop
      vertex -116.419 -12.0831 0
      vertex -116.762 -12.1 4
      vertex -116.419 -12.0831 4
    endloop
  endfacet
  facet normal -0.0492114 0.998788 0
    outer loop
      vertex -116.762 -12.1 4
      vertex -116.419 -12.0831 0
      vertex -116.762 -12.1 0
    endloop
  endfacet
  facet normal 0.0490687 0.998795 -0
    outer loop
      vertex -119.762 -12.1 0
      vertex -120.106 -12.0831 4
      vertex -119.762 -12.1 4
    endloop
  endfacet
  facet normal 0.0490687 0.998795 0
    outer loop
      vertex -120.106 -12.0831 4
      vertex -119.762 -12.1 0
      vertex -120.106 -12.0831 0
    endloop
  endfacet
  facet normal -0.802659 -0.596438 0
    outer loop
      vertex -113.852 -6.6555 0
      vertex -114.057 -6.37962 4
      vertex -114.057 -6.37962 0
    endloop
  endfacet
  facet normal -0.802659 -0.596438 0
    outer loop
      vertex -114.057 -6.37962 4
      vertex -113.852 -6.6555 0
      vertex -113.852 -6.6555 4
    endloop
  endfacet
  facet normal -0.51364 0.858006 0
    outer loop
      vertex -114.818 -11.5101 0
      vertex -115.113 -11.6867 4
      vertex -114.818 -11.5101 4
    endloop
  endfacet
  facet normal -0.51364 0.858006 0
    outer loop
      vertex -115.113 -11.6867 4
      vertex -114.818 -11.5101 0
      vertex -115.113 -11.6867 0
    endloop
  endfacet
  facet normal 0.858468 0.512866 0
    outer loop
      vertex -122.673 -10.5445 4
      vertex -122.849 -10.2499 0
      vertex -122.849 -10.2499 4
    endloop
  endfacet
  facet normal 0.858468 0.512866 0
    outer loop
      vertex -122.849 -10.2499 0
      vertex -122.673 -10.5445 4
      vertex -122.673 -10.5445 0
    endloop
  endfacet
  facet normal -0.858468 0.512866 0
    outer loop
      vertex -113.852 -10.5445 0
      vertex -113.676 -10.2499 4
      vertex -113.676 -10.2499 0
    endloop
  endfacet
  facet normal -0.858468 0.512866 0
    outer loop
      vertex -113.676 -10.2499 4
      vertex -113.852 -10.5445 0
      vertex -113.852 -10.5445 4
    endloop
  endfacet
  facet normal 0.428224 0.903673 -0
    outer loop
      vertex -121.102 -11.8336 0
      vertex -121.412 -11.6867 4
      vertex -121.102 -11.8336 4
    endloop
  endfacet
  facet normal 0.428224 0.903673 0
    outer loop
      vertex -121.412 -11.6867 4
      vertex -121.102 -11.8336 0
      vertex -121.412 -11.6867 0
    endloop
  endfacet
  facet normal 0.147056 -0.989128 0
    outer loop
      vertex -120.445 -5.16725 0
      vertex -120.106 -5.11685 4
      vertex -120.445 -5.16725 4
    endloop
  endfacet
  facet normal 0.147056 -0.989128 0
    outer loop
      vertex -120.106 -5.11685 4
      vertex -120.445 -5.16725 0
      vertex -120.106 -5.11685 0
    endloop
  endfacet
  facet normal 0.858476 -0.512854 0
    outer loop
      vertex -122.849 -6.95011 4
      vertex -122.673 -6.6555 0
      vertex -122.673 -6.6555 4
    endloop
  endfacet
  facet normal 0.858476 -0.512854 0
    outer loop
      vertex -122.673 -6.6555 0
      vertex -122.849 -6.95011 4
      vertex -122.849 -6.95011 0
    endloop
  endfacet
  facet normal -0.998774 0.0494933 0
    outer loop
      vertex -113.279 -8.94306 0
      vertex -113.262 -8.6 4
      vertex -113.262 -8.6 0
    endloop
  endfacet
  facet normal -0.998774 0.0494933 0
    outer loop
      vertex -113.262 -8.6 4
      vertex -113.279 -8.94306 0
      vertex -113.279 -8.94306 4
    endloop
  endfacet
  facet normal -0.941277 -0.337636 0
    outer loop
      vertex -113.413 -7.584 0
      vertex -113.529 -7.26061 4
      vertex -113.529 -7.26061 0
    endloop
  endfacet
  facet normal -0.941277 -0.337636 0
    outer loop
      vertex -113.529 -7.26061 4
      vertex -113.413 -7.584 0
      vertex -113.413 -7.584 4
    endloop
  endfacet
  facet normal -0.428129 -0.903718 0
    outer loop
      vertex -115.423 -5.36642 0
      vertex -115.113 -5.51328 4
      vertex -115.423 -5.36642 4
    endloop
  endfacet
  facet normal -0.428129 -0.903718 -0
    outer loop
      vertex -115.113 -5.51328 4
      vertex -115.423 -5.36642 0
      vertex -115.113 -5.51328 0
    endloop
  endfacet
  facet normal -0.998774 -0.0494933 0
    outer loop
      vertex -113.262 -8.6 0
      vertex -113.279 -8.25694 4
      vertex -113.279 -8.25694 0
    endloop
  endfacet
  facet normal -0.998774 -0.0494933 0
    outer loop
      vertex -113.279 -8.25694 4
      vertex -113.262 -8.6 0
      vertex -113.262 -8.6 4
    endloop
  endfacet
  facet normal -0.740466 0.672093 0
    outer loop
      vertex -114.288 -11.0749 0
      vertex -114.057 -10.8204 4
      vertex -114.057 -10.8204 0
    endloop
  endfacet
  facet normal -0.740466 0.672093 0
    outer loop
      vertex -114.057 -10.8204 4
      vertex -114.288 -11.0749 0
      vertex -114.288 -11.0749 4
    endloop
  endfacet
  facet normal 0.740453 -0.672108 0
    outer loop
      vertex -122.468 -6.37962 4
      vertex -122.237 -6.12513 0
      vertex -122.237 -6.12513 4
    endloop
  endfacet
  facet normal 0.740453 -0.672108 0
    outer loop
      vertex -122.237 -6.12513 0
      vertex -122.468 -6.37962 4
      vertex -122.468 -6.37962 0
    endloop
  endfacet
  facet normal 0 1 -0
    outer loop
      vertex -116.762 -12.1 0
      vertex -119.762 -12.1 4
      vertex -116.762 -12.1 4
    endloop
  endfacet
  facet normal 0 1 0
    outer loop
      vertex -119.762 -12.1 4
      vertex -116.762 -12.1 0
      vertex -119.762 -12.1 0
    endloop
  endfacet
  facet normal 0.428129 -0.903718 0
    outer loop
      vertex -121.412 -5.51328 0
      vertex -121.102 -5.36642 4
      vertex -121.412 -5.51328 4
    endloop
  endfacet
  facet normal 0.428129 -0.903718 0
    outer loop
      vertex -121.102 -5.36642 4
      vertex -121.412 -5.51328 0
      vertex -121.102 -5.36642 0
    endloop
  endfacet
  facet normal 0.59552 -0.803341 0
    outer loop
      vertex -121.983 -5.89446 0
      vertex -121.707 -5.68986 4
      vertex -121.983 -5.89446 4
    endloop
  endfacet
  facet normal 0.59552 -0.803341 0
    outer loop
      vertex -121.707 -5.68986 4
      vertex -121.983 -5.89446 0
      vertex -121.707 -5.68986 0
    endloop
  endfacet
  facet normal -0.147056 -0.989128 0
    outer loop
      vertex -116.419 -5.11685 0
      vertex -116.08 -5.16725 4
      vertex -116.419 -5.11685 4
    endloop
  endfacet
  facet normal -0.147056 -0.989128 -0
    outer loop
      vertex -116.08 -5.16725 4
      vertex -116.419 -5.11685 0
      vertex -116.08 -5.16725 0
    endloop
  endfacet
  facet normal -0.513597 -0.858031 0
    outer loop
      vertex -115.113 -5.51328 0
      vertex -114.818 -5.68986 4
      vertex -115.113 -5.51328 4
    endloop
  endfacet
  facet normal -0.513597 -0.858031 -0
    outer loop
      vertex -114.818 -5.68986 4
      vertex -115.113 -5.51328 0
      vertex -114.818 -5.68986 0
    endloop
  endfacet
  facet normal -0.858476 -0.512854 0
    outer loop
      vertex -113.676 -6.95011 0
      vertex -113.852 -6.6555 4
      vertex -113.852 -6.6555 0
    endloop
  endfacet
  facet normal -0.858476 -0.512854 0
    outer loop
      vertex -113.852 -6.6555 4
      vertex -113.676 -6.95011 0
      vertex -113.676 -6.95011 4
    endloop
  endfacet
  facet normal -0.672179 0.740388 0
    outer loop
      vertex -114.288 -11.0749 0
      vertex -114.542 -11.3055 4
      vertex -114.288 -11.0749 4
    endloop
  endfacet
  facet normal -0.672179 0.740388 0
    outer loop
      vertex -114.542 -11.3055 4
      vertex -114.288 -11.0749 0
      vertex -114.542 -11.3055 0
    endloop
  endfacet
  facet normal 0.970344 -0.241727 0
    outer loop
      vertex -123.195 -7.91718 4
      vertex -123.112 -7.584 0
      vertex -123.112 -7.584 4
    endloop
  endfacet
  facet normal 0.970344 -0.241727 0
    outer loop
      vertex -123.112 -7.584 0
      vertex -123.195 -7.91718 4
      vertex -123.195 -7.91718 0
    endloop
  endfacet
  facet normal 0.672179 0.740388 -0
    outer loop
      vertex -121.983 -11.3055 0
      vertex -122.237 -11.0749 4
      vertex -121.983 -11.3055 4
    endloop
  endfacet
  facet normal 0.672179 0.740388 0
    outer loop
      vertex -122.237 -11.0749 4
      vertex -121.983 -11.3055 0
      vertex -122.237 -11.0749 0
    endloop
  endfacet
  facet normal -0.336325 -0.941746 0
    outer loop
      vertex -115.747 -5.25071 0
      vertex -115.423 -5.36642 4
      vertex -115.747 -5.25071 4
    endloop
  endfacet
  facet normal -0.336325 -0.941746 -0
    outer loop
      vertex -115.423 -5.36642 4
      vertex -115.747 -5.25071 0
      vertex -115.423 -5.36642 0
    endloop
  endfacet
  facet normal -0.988921 0.148443 0
    outer loop
      vertex -113.33 -9.28282 0
      vertex -113.279 -8.94306 4
      vertex -113.279 -8.94306 0
    endloop
  endfacet
  facet normal -0.988921 0.148443 0
    outer loop
      vertex -113.279 -8.94306 4
      vertex -113.33 -9.28282 0
      vertex -113.33 -9.28282 4
    endloop
  endfacet
  facet normal -0.672291 -0.740287 0
    outer loop
      vertex -114.542 -5.89446 0
      vertex -114.288 -6.12513 4
      vertex -114.542 -5.89446 4
    endloop
  endfacet
  facet normal -0.672291 -0.740287 -0
    outer loop
      vertex -114.288 -6.12513 4
      vertex -114.542 -5.89446 0
      vertex -114.288 -6.12513 0
    endloop
  endfacet
  facet normal -0.147056 0.989128 0
    outer loop
      vertex -116.08 -12.0327 0
      vertex -116.419 -12.0831 4
      vertex -116.08 -12.0327 4
    endloop
  endfacet
  facet normal -0.147056 0.989128 0
    outer loop
      vertex -116.419 -12.0831 4
      vertex -116.08 -12.0327 0
      vertex -116.419 -12.0831 0
    endloop
  endfacet
  facet normal -0.3363 0.941755 0
    outer loop
      vertex -115.423 -11.8336 0
      vertex -115.747 -11.9493 4
      vertex -115.423 -11.8336 4
    endloop
  endfacet
  facet normal -0.3363 0.941755 0
    outer loop
      vertex -115.747 -11.9493 4
      vertex -115.423 -11.8336 0
      vertex -115.747 -11.9493 0
    endloop
  endfacet
  facet normal 0.941277 0.337636 0
    outer loop
      vertex -122.996 -9.93939 4
      vertex -123.112 -9.616 0
      vertex -123.112 -9.616 4
    endloop
  endfacet
  facet normal 0.941277 0.337636 0
    outer loop
      vertex -123.112 -9.616 0
      vertex -122.996 -9.93939 4
      vertex -122.996 -9.93939 0
    endloop
  endfacet
  facet normal -0.59552 -0.803341 0
    outer loop
      vertex -114.818 -5.68986 0
      vertex -114.542 -5.89446 4
      vertex -114.818 -5.68986 4
    endloop
  endfacet
  facet normal -0.59552 -0.803341 -0
    outer loop
      vertex -114.542 -5.89446 4
      vertex -114.818 -5.68986 0
      vertex -114.542 -5.89446 0
    endloop
  endfacet
  facet normal 0.672291 -0.740287 0
    outer loop
      vertex -122.237 -6.12513 0
      vertex -121.983 -5.89446 4
      vertex -122.237 -6.12513 4
    endloop
  endfacet
  facet normal 0.672291 -0.740287 0
    outer loop
      vertex -121.983 -5.89446 4
      vertex -122.237 -6.12513 0
      vertex -121.983 -5.89446 0
    endloop
  endfacet
  facet normal 0.903827 -0.427899 0
    outer loop
      vertex -122.996 -7.26061 4
      vertex -122.849 -6.95011 0
      vertex -122.849 -6.95011 4
    endloop
  endfacet
  facet normal 0.903827 -0.427899 0
    outer loop
      vertex -122.849 -6.95011 0
      vertex -122.996 -7.26061 4
      vertex -122.996 -7.26061 0
    endloop
  endfacet
  facet normal 0.513597 -0.858031 0
    outer loop
      vertex -121.707 -5.68986 0
      vertex -121.412 -5.51328 4
      vertex -121.707 -5.68986 4
    endloop
  endfacet
  facet normal 0.513597 -0.858031 0
    outer loop
      vertex -121.412 -5.51328 4
      vertex -121.707 -5.68986 0
      vertex -121.412 -5.51328 0
    endloop
  endfacet
  facet normal -0.903832 0.427887 0
    outer loop
      vertex -113.676 -10.2499 0
      vertex -113.529 -9.93939 4
      vertex -113.529 -9.93939 0
    endloop
  endfacet
  facet normal -0.903832 0.427887 0
    outer loop
      vertex -113.529 -9.93939 4
      vertex -113.676 -10.2499 0
      vertex -113.676 -10.2499 4
    endloop
  endfacet
  facet normal -0.59552 0.803341 0
    outer loop
      vertex -114.542 -11.3055 0
      vertex -114.818 -11.5101 4
      vertex -114.542 -11.3055 4
    endloop
  endfacet
  facet normal -0.59552 0.803341 0
    outer loop
      vertex -114.818 -11.5101 4
      vertex -114.542 -11.3055 0
      vertex -114.818 -11.5101 0
    endloop
  endfacet
  facet normal 0.802659 -0.596438 0
    outer loop
      vertex -122.673 -6.6555 4
      vertex -122.468 -6.37962 0
      vertex -122.468 -6.37962 4
    endloop
  endfacet
  facet normal 0.802659 -0.596438 0
    outer loop
      vertex -122.468 -6.37962 0
      vertex -122.673 -6.6555 4
      vertex -122.673 -6.6555 0
    endloop
  endfacet
  facet normal -0.740453 -0.672108 0
    outer loop
      vertex -114.057 -6.37962 0
      vertex -114.288 -6.12513 4
      vertex -114.288 -6.12513 0
    endloop
  endfacet
  facet normal -0.740453 -0.672108 0
    outer loop
      vertex -114.288 -6.12513 4
      vertex -114.057 -6.37962 0
      vertex -114.057 -6.37962 4
    endloop
  endfacet
  facet normal -0.242947 0.97004 0
    outer loop
      vertex -115.747 -11.9493 0
      vertex -116.08 -12.0327 4
      vertex -115.747 -11.9493 4
    endloop
  endfacet
  facet normal -0.242947 0.97004 0
    outer loop
      vertex -116.08 -12.0327 4
      vertex -115.747 -11.9493 0
      vertex -116.08 -12.0327 0
    endloop
  endfacet
  facet normal 0 -1 0
    outer loop
      vertex -119.762 -5.1 0
      vertex -116.762 -5.1 4
      vertex -119.762 -5.1 4
    endloop
  endfacet
  facet normal 0 -1 -0
    outer loop
      vertex -116.762 -5.1 4
      vertex -119.762 -5.1 0
      vertex -116.762 -5.1 0
    endloop
  endfacet
  facet normal -0.80268 0.59641 0
    outer loop
      vertex -114.057 -10.8204 0
      vertex -113.852 -10.5445 4
      vertex -113.852 -10.5445 0
    endloop
  endfacet
  facet normal -0.80268 0.59641 0
    outer loop
      vertex -113.852 -10.5445 4
      vertex -114.057 -10.8204 0
      vertex -114.057 -10.8204 4
    endloop
  endfacet
  facet normal 0.998914 0.0465884 0
    outer loop
      vertex -123.246 -8.94306 4
      vertex -123.262 -8.6 0
      vertex -123.262 -8.6 4
    endloop
  endfacet
  facet normal 0.998914 0.0465884 0
    outer loop
      vertex -123.262 -8.6 0
      vertex -123.246 -8.94306 4
      vertex -123.246 -8.94306 0
    endloop
  endfacet
  facet normal 0.336325 -0.941746 0
    outer loop
      vertex -121.102 -5.36642 0
      vertex -120.778 -5.25071 4
      vertex -121.102 -5.36642 4
    endloop
  endfacet
  facet normal 0.336325 -0.941746 0
    outer loop
      vertex -120.778 -5.25071 4
      vertex -121.102 -5.36642 0
      vertex -120.778 -5.25071 0
    endloop
  endfacet
  facet normal 0.51364 0.858006 -0
    outer loop
      vertex -121.412 -11.6867 0
      vertex -121.707 -11.5101 4
      vertex -121.412 -11.6867 4
    endloop
  endfacet
  facet normal 0.51364 0.858006 0
    outer loop
      vertex -121.707 -11.5101 4
      vertex -121.412 -11.6867 0
      vertex -121.707 -11.5101 0
    endloop
  endfacet
  facet normal 0.941277 -0.337636 0
    outer loop
      vertex -123.112 -7.584 4
      vertex -122.996 -7.26061 0
      vertex -122.996 -7.26061 4
    endloop
  endfacet
  facet normal 0.941277 -0.337636 0
    outer loop
      vertex -122.996 -7.26061 0
      vertex -123.112 -7.584 4
      vertex -123.112 -7.584 0
    endloop
  endfacet
  facet normal 0.243111 -0.969998 0
    outer loop
      vertex -120.778 -5.25071 0
      vertex -120.445 -5.16725 4
      vertex -120.778 -5.25071 4
    endloop
  endfacet
  facet normal 0.243111 -0.969998 0
    outer loop
      vertex -120.445 -5.16725 4
      vertex -120.778 -5.25071 0
      vertex -120.445 -5.16725 0
    endloop
  endfacet
  facet normal -0.243111 -0.969998 0
    outer loop
      vertex -116.08 -5.16725 0
      vertex -115.747 -5.25071 4
      vertex -116.08 -5.16725 4
    endloop
  endfacet
  facet normal -0.243111 -0.969998 -0
    outer loop
      vertex -115.747 -5.25071 4
      vertex -116.08 -5.16725 0
      vertex -115.747 -5.25071 0
    endloop
  endfacet
  facet normal 0.970344 0.241727 0
    outer loop
      vertex -123.112 -9.616 4
      vertex -123.195 -9.28282 0
      vertex -123.195 -9.28282 4
    endloop
  endfacet
  facet normal 0.970344 0.241727 0
    outer loop
      vertex -123.195 -9.28282 0
      vertex -123.112 -9.616 4
      vertex -123.112 -9.616 0
    endloop
  endfacet
  facet normal 0.988921 0.148443 0
    outer loop
      vertex -123.195 -9.28282 4
      vertex -123.246 -8.94306 0
      vertex -123.246 -8.94306 4
    endloop
  endfacet
  facet normal 0.988921 0.148443 0
    outer loop
      vertex -123.246 -8.94306 0
      vertex -123.195 -9.28282 4
      vertex -123.195 -9.28282 0
    endloop
  endfacet
  facet normal 0.242947 0.97004 -0
    outer loop
      vertex -120.445 -12.0327 0
      vertex -120.778 -11.9493 4
      vertex -120.445 -12.0327 4
    endloop
  endfacet
  facet normal 0.242947 0.97004 0
    outer loop
      vertex -120.778 -11.9493 4
      vertex -120.445 -12.0327 0
      vertex -120.778 -11.9493 0
    endloop
  endfacet
  facet normal 0.3363 0.941755 -0
    outer loop
      vertex -120.778 -11.9493 0
      vertex -121.102 -11.8336 4
      vertex -120.778 -11.9493 4
    endloop
  endfacet
  facet normal 0.3363 0.941755 0
    outer loop
      vertex -121.102 -11.8336 4
      vertex -120.778 -11.9493 0
      vertex -121.102 -11.8336 0
    endloop
  endfacet
  facet normal 0.147056 0.989128 -0
    outer loop
      vertex -120.106 -12.0831 0
      vertex -120.445 -12.0327 4
      vertex -120.106 -12.0831 4
    endloop
  endfacet
  facet normal 0.147056 0.989128 0
    outer loop
      vertex -120.445 -12.0327 4
      vertex -120.106 -12.0831 0
      vertex -120.445 -12.0327 0
    endloop
  endfacet
  facet normal 0.998914 -0.046583 0
    outer loop
      vertex -123.262 -21.3 4
      vertex -123.246 -20.9569 0
      vertex -123.246 -20.9569 4
    endloop
  endfacet
  facet normal 0.998914 -0.046583 0
    outer loop
      vertex -123.246 -20.9569 0
      vertex -123.262 -21.3 4
      vertex -123.262 -21.3 0
    endloop
  endfacet
  facet normal -0.0492114 -0.998788 0
    outer loop
      vertex -116.762 -17.8 0
      vertex -116.419 -17.8169 4
      vertex -116.762 -17.8 4
    endloop
  endfacet
  facet normal -0.0492114 -0.998788 -0
    outer loop
      vertex -116.419 -17.8169 4
      vertex -116.762 -17.8 0
      vertex -116.419 -17.8169 0
    endloop
  endfacet
  facet normal 0.740466 -0.672093 0
    outer loop
      vertex -122.468 -19.0796 4
      vertex -122.237 -18.8251 0
      vertex -122.237 -18.8251 4
    endloop
  endfacet
  facet normal 0.740466 -0.672093 0
    outer loop
      vertex -122.237 -18.8251 0
      vertex -122.468 -19.0796 4
      vertex -122.468 -19.0796 0
    endloop
  endfacet
  facet normal -0.903827 0.427899 0
    outer loop
      vertex -113.676 -22.9499 0
      vertex -113.529 -22.6394 4
      vertex -113.529 -22.6394 0
    endloop
  endfacet
  facet normal -0.903827 0.427899 0
    outer loop
      vertex -113.529 -22.6394 4
      vertex -113.676 -22.9499 0
      vertex -113.676 -22.9499 4
    endloop
  endfacet
  facet normal 0.94128 -0.337627 0
    outer loop
      vertex -123.112 -20.284 4
      vertex -122.996 -19.9606 0
      vertex -122.996 -19.9606 4
    endloop
  endfacet
  facet normal 0.94128 -0.337627 0
    outer loop
      vertex -122.996 -19.9606 0
      vertex -123.112 -20.284 4
      vertex -123.112 -20.284 0
    endloop
  endfacet
  facet normal 0.428224 -0.903673 0
    outer loop
      vertex -121.412 -18.2133 0
      vertex -121.102 -18.0664 4
      vertex -121.412 -18.2133 4
    endloop
  endfacet
  facet normal 0.428224 -0.903673 0
    outer loop
      vertex -121.102 -18.0664 4
      vertex -121.412 -18.2133 0
      vertex -121.102 -18.0664 0
    endloop
  endfacet
  facet normal -0.998775 -0.0494875 0
    outer loop
      vertex -113.262 -21.3 0
      vertex -113.279 -20.9569 4
      vertex -113.279 -20.9569 0
    endloop
  endfacet
  facet normal -0.998775 -0.0494875 0
    outer loop
      vertex -113.279 -20.9569 4
      vertex -113.262 -21.3 0
      vertex -113.262 -21.3 4
    endloop
  endfacet
  facet normal 0.0490687 0.998795 -0
    outer loop
      vertex -119.762 -24.8 0
      vertex -120.106 -24.7831 4
      vertex -119.762 -24.8 4
    endloop
  endfacet
  facet normal 0.0490687 0.998795 0
    outer loop
      vertex -120.106 -24.7831 4
      vertex -119.762 -24.8 0
      vertex -120.106 -24.7831 0
    endloop
  endfacet
  facet normal -0.242947 0.97004 0
    outer loop
      vertex -115.747 -24.6493 0
      vertex -116.08 -24.7327 4
      vertex -115.747 -24.6493 4
    endloop
  endfacet
  facet normal -0.242947 0.97004 0
    outer loop
      vertex -116.08 -24.7327 4
      vertex -115.747 -24.6493 0
      vertex -116.08 -24.7327 0
    endloop
  endfacet
  facet normal -0.51364 -0.858006 0
    outer loop
      vertex -115.113 -18.2133 0
      vertex -114.818 -18.3899 4
      vertex -115.113 -18.2133 4
    endloop
  endfacet
  facet normal -0.51364 -0.858006 -0
    outer loop
      vertex -114.818 -18.3899 4
      vertex -115.113 -18.2133 0
      vertex -114.818 -18.3899 0
    endloop
  endfacet
  facet normal 0 -1 0
    outer loop
      vertex -119.762 -17.8 0
      vertex -116.762 -17.8 4
      vertex -119.762 -17.8 4
    endloop
  endfacet
  facet normal 0 -1 -0
    outer loop
      vertex -116.762 -17.8 4
      vertex -119.762 -17.8 0
      vertex -116.762 -17.8 0
    endloop
  endfacet
  facet normal -0.0492114 0.998788 0
    outer loop
      vertex -116.419 -24.7831 0
      vertex -116.762 -24.8 4
      vertex -116.419 -24.7831 4
    endloop
  endfacet
  facet normal -0.0492114 0.998788 0
    outer loop
      vertex -116.762 -24.8 4
      vertex -116.419 -24.7831 0
      vertex -116.762 -24.8 0
    endloop
  endfacet
  facet normal 0.3363 -0.941755 0
    outer loop
      vertex -121.102 -18.0664 0
      vertex -120.778 -17.9507 4
      vertex -121.102 -18.0664 4
    endloop
  endfacet
  facet normal 0.3363 -0.941755 0
    outer loop
      vertex -120.778 -17.9507 4
      vertex -121.102 -18.0664 0
      vertex -120.778 -17.9507 0
    endloop
  endfacet
  facet normal 0.80268 0.59641 0
    outer loop
      vertex -122.468 -23.5204 4
      vertex -122.673 -23.2445 0
      vertex -122.673 -23.2445 4
    endloop
  endfacet
  facet normal 0.80268 0.59641 0
    outer loop
      vertex -122.673 -23.2445 0
      vertex -122.468 -23.5204 4
      vertex -122.468 -23.5204 0
    endloop
  endfacet
  facet normal -0.80268 -0.59641 0
    outer loop
      vertex -113.852 -19.3555 0
      vertex -114.057 -19.0796 4
      vertex -114.057 -19.0796 0
    endloop
  endfacet
  facet normal -0.80268 -0.59641 0
    outer loop
      vertex -114.057 -19.0796 4
      vertex -113.852 -19.3555 0
      vertex -113.852 -19.3555 4
    endloop
  endfacet
  facet normal -0.94128 0.337627 0
    outer loop
      vertex -113.529 -22.6394 0
      vertex -113.413 -22.316 4
      vertex -113.413 -22.316 0
    endloop
  endfacet
  facet normal -0.94128 0.337627 0
    outer loop
      vertex -113.413 -22.316 4
      vertex -113.529 -22.6394 0
      vertex -113.529 -22.6394 4
    endloop
  endfacet
  facet normal 0.0490687 -0.998795 0
    outer loop
      vertex -120.106 -17.8169 0
      vertex -119.762 -17.8 4
      vertex -120.106 -17.8169 4
    endloop
  endfacet
  facet normal 0.0490687 -0.998795 0
    outer loop
      vertex -119.762 -17.8 4
      vertex -120.106 -17.8169 0
      vertex -119.762 -17.8 0
    endloop
  endfacet
  facet normal -0.672179 0.740388 0
    outer loop
      vertex -114.288 -23.7749 0
      vertex -114.542 -24.0055 4
      vertex -114.288 -23.7749 4
    endloop
  endfacet
  facet normal -0.672179 0.740388 0
    outer loop
      vertex -114.542 -24.0055 4
      vertex -114.288 -23.7749 0
      vertex -114.542 -24.0055 0
    endloop
  endfacet
  facet normal -0.59552 0.803341 0
    outer loop
      vertex -114.542 -24.0055 0
      vertex -114.818 -24.2101 4
      vertex -114.542 -24.0055 4
    endloop
  endfacet
  facet normal -0.59552 0.803341 0
    outer loop
      vertex -114.818 -24.2101 4
      vertex -114.542 -24.0055 0
      vertex -114.818 -24.2101 0
    endloop
  endfacet
  facet normal -0.970348 -0.241713 0
    outer loop
      vertex -113.33 -20.6172 0
      vertex -113.413 -20.284 4
      vertex -113.413 -20.284 0
    endloop
  endfacet
  facet normal -0.970348 -0.241713 0
    outer loop
      vertex -113.413 -20.284 4
      vertex -113.33 -20.6172 0
      vertex -113.33 -20.6172 4
    endloop
  endfacet
  facet normal 0.242947 -0.97004 0
    outer loop
      vertex -120.778 -17.9507 0
      vertex -120.445 -17.8673 4
      vertex -120.778 -17.9507 4
    endloop
  endfacet
  facet normal 0.242947 -0.97004 0
    outer loop
      vertex -120.445 -17.8673 4
      vertex -120.778 -17.9507 0
      vertex -120.445 -17.8673 0
    endloop
  endfacet
  facet normal -0.970348 0.241713 0
    outer loop
      vertex -113.413 -22.316 0
      vertex -113.33 -21.9828 4
      vertex -113.33 -21.9828 0
    endloop
  endfacet
  facet normal -0.970348 0.241713 0
    outer loop
      vertex -113.33 -21.9828 4
      vertex -113.413 -22.316 0
      vertex -113.413 -22.316 4
    endloop
  endfacet
  facet normal 0.80268 -0.59641 0
    outer loop
      vertex -122.673 -19.3555 4
      vertex -122.468 -19.0796 0
      vertex -122.468 -19.0796 4
    endloop
  endfacet
  facet normal 0.80268 -0.59641 0
    outer loop
      vertex -122.468 -19.0796 0
      vertex -122.673 -19.3555 4
      vertex -122.673 -19.3555 0
    endloop
  endfacet
  facet normal -0.998775 0.0494875 0
    outer loop
      vertex -113.279 -21.6431 0
      vertex -113.262 -21.3 4
      vertex -113.262 -21.3 0
    endloop
  endfacet
  facet normal -0.998775 0.0494875 0
    outer loop
      vertex -113.262 -21.3 4
      vertex -113.279 -21.6431 0
      vertex -113.279 -21.6431 4
    endloop
  endfacet
  facet normal -0.740466 -0.672093 0
    outer loop
      vertex -114.057 -19.0796 0
      vertex -114.288 -18.8251 4
      vertex -114.288 -18.8251 0
    endloop
  endfacet
  facet normal -0.740466 -0.672093 0
    outer loop
      vertex -114.288 -18.8251 4
      vertex -114.057 -19.0796 0
      vertex -114.057 -19.0796 4
    endloop
  endfacet
  facet normal 0.147056 -0.989128 0
    outer loop
      vertex -120.445 -17.8673 0
      vertex -120.106 -17.8169 4
      vertex -120.445 -17.8673 4
    endloop
  endfacet
  facet normal 0.147056 -0.989128 0
    outer loop
      vertex -120.106 -17.8169 4
      vertex -120.445 -17.8673 0
      vertex -120.106 -17.8169 0
    endloop
  endfacet
  facet normal 0.988917 -0.148469 0
    outer loop
      vertex -123.246 -20.9569 4
      vertex -123.195 -20.6172 0
      vertex -123.195 -20.6172 4
    endloop
  endfacet
  facet normal 0.988917 -0.148469 0
    outer loop
      vertex -123.195 -20.6172 0
      vertex -123.246 -20.9569 4
      vertex -123.246 -20.9569 0
    endloop
  endfacet
  facet normal 0.672179 -0.740388 0
    outer loop
      vertex -122.237 -18.8251 0
      vertex -121.983 -18.5945 4
      vertex -122.237 -18.8251 4
    endloop
  endfacet
  facet normal 0.672179 -0.740388 0
    outer loop
      vertex -121.983 -18.5945 4
      vertex -122.237 -18.8251 0
      vertex -121.983 -18.5945 0
    endloop
  endfacet
  facet normal -0.147056 -0.989128 0
    outer loop
      vertex -116.419 -17.8169 0
      vertex -116.08 -17.8673 4
      vertex -116.419 -17.8169 4
    endloop
  endfacet
  facet normal -0.147056 -0.989128 -0
    outer loop
      vertex -116.08 -17.8673 4
      vertex -116.419 -17.8169 0
      vertex -116.08 -17.8673 0
    endloop
  endfacet
  facet normal 0 1 -0
    outer loop
      vertex -116.762 -24.8 0
      vertex -119.762 -24.8 4
      vertex -116.762 -24.8 4
    endloop
  endfacet
  facet normal 0 1 0
    outer loop
      vertex -119.762 -24.8 4
      vertex -116.762 -24.8 0
      vertex -119.762 -24.8 0
    endloop
  endfacet
  facet normal -0.59552 -0.803341 0
    outer loop
      vertex -114.818 -18.3899 0
      vertex -114.542 -18.5945 4
      vertex -114.818 -18.3899 4
    endloop
  endfacet
  facet normal -0.59552 -0.803341 -0
    outer loop
      vertex -114.542 -18.5945 4
      vertex -114.818 -18.3899 0
      vertex -114.542 -18.5945 0
    endloop
  endfacet
  facet normal -0.672179 -0.740388 0
    outer loop
      vertex -114.542 -18.5945 0
      vertex -114.288 -18.8251 4
      vertex -114.542 -18.5945 4
    endloop
  endfacet
  facet normal -0.672179 -0.740388 -0
    outer loop
      vertex -114.288 -18.8251 4
      vertex -114.542 -18.5945 0
      vertex -114.288 -18.8251 0
    endloop
  endfacet
  facet normal -0.3363 -0.941755 0
    outer loop
      vertex -115.747 -17.9507 0
      vertex -115.423 -18.0664 4
      vertex -115.747 -17.9507 4
    endloop
  endfacet
  facet normal -0.3363 -0.941755 -0
    outer loop
      vertex -115.423 -18.0664 4
      vertex -115.747 -17.9507 0
      vertex -115.423 -18.0664 0
    endloop
  endfacet
  facet normal 0.858468 -0.512866 0
    outer loop
      vertex -122.849 -19.6501 4
      vertex -122.673 -19.3555 0
      vertex -122.673 -19.3555 4
    endloop
  endfacet
  facet normal 0.858468 -0.512866 0
    outer loop
      vertex -122.673 -19.3555 0
      vertex -122.849 -19.6501 4
      vertex -122.849 -19.6501 0
    endloop
  endfacet
  facet normal 0.51364 0.858006 -0
    outer loop
      vertex -121.412 -24.3867 0
      vertex -121.707 -24.2101 4
      vertex -121.412 -24.3867 4
    endloop
  endfacet
  facet normal 0.51364 0.858006 0
    outer loop
      vertex -121.707 -24.2101 4
      vertex -121.412 -24.3867 0
      vertex -121.707 -24.2101 0
    endloop
  endfacet
  facet normal 0.858468 0.512866 0
    outer loop
      vertex -122.673 -23.2445 4
      vertex -122.849 -22.9499 0
      vertex -122.849 -22.9499 4
    endloop
  endfacet
  facet normal 0.858468 0.512866 0
    outer loop
      vertex -122.849 -22.9499 0
      vertex -122.673 -23.2445 4
      vertex -122.673 -23.2445 0
    endloop
  endfacet
  facet normal 0.970348 -0.241713 0
    outer loop
      vertex -123.195 -20.6172 4
      vertex -123.112 -20.284 0
      vertex -123.112 -20.284 4
    endloop
  endfacet
  facet normal 0.970348 -0.241713 0
    outer loop
      vertex -123.112 -20.284 0
      vertex -123.195 -20.6172 4
      vertex -123.195 -20.6172 0
    endloop
  endfacet
  facet normal 0.740466 0.672093 0
    outer loop
      vertex -122.237 -23.7749 4
      vertex -122.468 -23.5204 0
      vertex -122.468 -23.5204 4
    endloop
  endfacet
  facet normal 0.740466 0.672093 0
    outer loop
      vertex -122.468 -23.5204 0
      vertex -122.237 -23.7749 4
      vertex -122.237 -23.7749 0
    endloop
  endfacet
  facet normal -0.428224 0.903673 0
    outer loop
      vertex -115.113 -24.3867 0
      vertex -115.423 -24.5336 4
      vertex -115.113 -24.3867 4
    endloop
  endfacet
  facet normal -0.428224 0.903673 0
    outer loop
      vertex -115.423 -24.5336 4
      vertex -115.113 -24.3867 0
      vertex -115.423 -24.5336 0
    endloop
  endfacet
  facet normal -0.988917 0.148469 0
    outer loop
      vertex -113.33 -21.9828 0
      vertex -113.279 -21.6431 4
      vertex -113.279 -21.6431 0
    endloop
  endfacet
  facet normal -0.988917 0.148469 0
    outer loop
      vertex -113.279 -21.6431 4
      vertex -113.33 -21.9828 0
      vertex -113.33 -21.9828 4
    endloop
  endfacet
  facet normal -0.3363 0.941755 0
    outer loop
      vertex -115.423 -24.5336 0
      vertex -115.747 -24.6493 4
      vertex -115.423 -24.5336 4
    endloop
  endfacet
  facet normal -0.3363 0.941755 0
    outer loop
      vertex -115.747 -24.6493 4
      vertex -115.423 -24.5336 0
      vertex -115.747 -24.6493 0
    endloop
  endfacet
  facet normal 0.903827 -0.427899 0
    outer loop
      vertex -122.996 -19.9606 4
      vertex -122.849 -19.6501 0
      vertex -122.849 -19.6501 4
    endloop
  endfacet
  facet normal 0.903827 -0.427899 0
    outer loop
      vertex -122.849 -19.6501 0
      vertex -122.996 -19.9606 4
      vertex -122.996 -19.9606 0
    endloop
  endfacet
  facet normal 0.94128 0.337627 0
    outer loop
      vertex -122.996 -22.6394 4
      vertex -123.112 -22.316 0
      vertex -123.112 -22.316 4
    endloop
  endfacet
  facet normal 0.94128 0.337627 0
    outer loop
      vertex -123.112 -22.316 0
      vertex -122.996 -22.6394 4
      vertex -122.996 -22.6394 0
    endloop
  endfacet
  facet normal -0.428224 -0.903673 0
    outer loop
      vertex -115.423 -18.0664 0
      vertex -115.113 -18.2133 4
      vertex -115.423 -18.0664 4
    endloop
  endfacet
  facet normal -0.428224 -0.903673 -0
    outer loop
      vertex -115.113 -18.2133 4
      vertex -115.423 -18.0664 0
      vertex -115.113 -18.2133 0
    endloop
  endfacet
  facet normal 0.147056 0.989128 -0
    outer loop
      vertex -120.106 -24.7831 0
      vertex -120.445 -24.7327 4
      vertex -120.106 -24.7831 4
    endloop
  endfacet
  facet normal 0.147056 0.989128 0
    outer loop
      vertex -120.445 -24.7327 4
      vertex -120.106 -24.7831 0
      vertex -120.445 -24.7327 0
    endloop
  endfacet
  facet normal -0.94128 -0.337627 0
    outer loop
      vertex -113.413 -20.284 0
      vertex -113.529 -19.9606 4
      vertex -113.529 -19.9606 0
    endloop
  endfacet
  facet normal -0.94128 -0.337627 0
    outer loop
      vertex -113.529 -19.9606 4
      vertex -113.413 -20.284 0
      vertex -113.413 -20.284 4
    endloop
  endfacet
  facet normal -0.242947 -0.97004 0
    outer loop
      vertex -116.08 -17.8673 0
      vertex -115.747 -17.9507 4
      vertex -116.08 -17.8673 4
    endloop
  endfacet
  facet normal -0.242947 -0.97004 -0
    outer loop
      vertex -115.747 -17.9507 4
      vertex -116.08 -17.8673 0
      vertex -115.747 -17.9507 0
    endloop
  endfacet
  facet normal -0.80268 0.59641 0
    outer loop
      vertex -114.057 -23.5204 0
      vertex -113.852 -23.2445 4
      vertex -113.852 -23.2445 0
    endloop
  endfacet
  facet normal -0.80268 0.59641 0
    outer loop
      vertex -113.852 -23.2445 4
      vertex -114.057 -23.5204 0
      vertex -114.057 -23.5204 4
    endloop
  endfacet
  facet normal 0.242947 0.97004 -0
    outer loop
      vertex -120.445 -24.7327 0
      vertex -120.778 -24.6493 4
      vertex -120.445 -24.7327 4
    endloop
  endfacet
  facet normal 0.242947 0.97004 0
    outer loop
      vertex -120.778 -24.6493 4
      vertex -120.445 -24.7327 0
      vertex -120.778 -24.6493 0
    endloop
  endfacet
  facet normal -0.740466 0.672093 0
    outer loop
      vertex -114.288 -23.7749 0
      vertex -114.057 -23.5204 4
      vertex -114.057 -23.5204 0
    endloop
  endfacet
  facet normal -0.740466 0.672093 0
    outer loop
      vertex -114.057 -23.5204 4
      vertex -114.288 -23.7749 0
      vertex -114.288 -23.7749 4
    endloop
  endfacet
  facet normal -0.51364 0.858006 0
    outer loop
      vertex -114.818 -24.2101 0
      vertex -115.113 -24.3867 4
      vertex -114.818 -24.2101 4
    endloop
  endfacet
  facet normal -0.51364 0.858006 0
    outer loop
      vertex -115.113 -24.3867 4
      vertex -114.818 -24.2101 0
      vertex -115.113 -24.3867 0
    endloop
  endfacet
  facet normal -0.858468 0.512866 0
    outer loop
      vertex -113.852 -23.2445 0
      vertex -113.676 -22.9499 4
      vertex -113.676 -22.9499 0
    endloop
  endfacet
  facet normal -0.858468 0.512866 0
    outer loop
      vertex -113.676 -22.9499 4
      vertex -113.852 -23.2445 0
      vertex -113.852 -23.2445 4
    endloop
  endfacet
  facet normal -0.858468 -0.512866 0
    outer loop
      vertex -113.676 -19.6501 0
      vertex -113.852 -19.3555 4
      vertex -113.852 -19.3555 0
    endloop
  endfacet
  facet normal -0.858468 -0.512866 0
    outer loop
      vertex -113.852 -19.3555 4
      vertex -113.676 -19.6501 0
      vertex -113.676 -19.6501 4
    endloop
  endfacet
  facet normal -0.988917 -0.148469 0
    outer loop
      vertex -113.279 -20.9569 0
      vertex -113.33 -20.6172 4
      vertex -113.33 -20.6172 0
    endloop
  endfacet
  facet normal -0.988917 -0.148469 0
    outer loop
      vertex -113.33 -20.6172 4
      vertex -113.279 -20.9569 0
      vertex -113.279 -20.9569 4
    endloop
  endfacet
  facet normal 0.988917 0.148469 0
    outer loop
      vertex -123.195 -21.9828 4
      vertex -123.246 -21.6431 0
      vertex -123.246 -21.6431 4
    endloop
  endfacet
  facet normal 0.988917 0.148469 0
    outer loop
      vertex -123.246 -21.6431 0
      vertex -123.195 -21.9828 4
      vertex -123.195 -21.9828 0
    endloop
  endfacet
  facet normal -0.903827 -0.427899 0
    outer loop
      vertex -113.529 -19.9606 0
      vertex -113.676 -19.6501 4
      vertex -113.676 -19.6501 0
    endloop
  endfacet
  facet normal -0.903827 -0.427899 0
    outer loop
      vertex -113.676 -19.6501 4
      vertex -113.529 -19.9606 0
      vertex -113.529 -19.9606 4
    endloop
  endfacet
  facet normal -0.147056 0.989128 0
    outer loop
      vertex -116.08 -24.7327 0
      vertex -116.419 -24.7831 4
      vertex -116.08 -24.7327 4
    endloop
  endfacet
  facet normal -0.147056 0.989128 0
    outer loop
      vertex -116.419 -24.7831 4
      vertex -116.08 -24.7327 0
      vertex -116.419 -24.7831 0
    endloop
  endfacet
  facet normal 0.903827 0.427899 0
    outer loop
      vertex -122.849 -22.9499 4
      vertex -122.996 -22.6394 0
      vertex -122.996 -22.6394 4
    endloop
  endfacet
  facet normal 0.903827 0.427899 0
    outer loop
      vertex -122.996 -22.6394 0
      vertex -122.849 -22.9499 4
      vertex -122.849 -22.9499 0
    endloop
  endfacet
  facet normal 0.428224 0.903673 -0
    outer loop
      vertex -121.102 -24.5336 0
      vertex -121.412 -24.3867 4
      vertex -121.102 -24.5336 4
    endloop
  endfacet
  facet normal 0.428224 0.903673 0
    outer loop
      vertex -121.412 -24.3867 4
      vertex -121.102 -24.5336 0
      vertex -121.412 -24.3867 0
    endloop
  endfacet
  facet normal 0.3363 0.941755 -0
    outer loop
      vertex -120.778 -24.6493 0
      vertex -121.102 -24.5336 4
      vertex -120.778 -24.6493 4
    endloop
  endfacet
  facet normal 0.3363 0.941755 0
    outer loop
      vertex -121.102 -24.5336 4
      vertex -120.778 -24.6493 0
      vertex -121.102 -24.5336 0
    endloop
  endfacet
  facet normal 0.51364 -0.858006 0
    outer loop
      vertex -121.707 -18.3899 0
      vertex -121.412 -18.2133 4
      vertex -121.707 -18.3899 4
    endloop
  endfacet
  facet normal 0.51364 -0.858006 0
    outer loop
      vertex -121.412 -18.2133 4
      vertex -121.707 -18.3899 0
      vertex -121.412 -18.2133 0
    endloop
  endfacet
  facet normal 0.59552 -0.803341 0
    outer loop
      vertex -121.983 -18.5945 0
      vertex -121.707 -18.3899 4
      vertex -121.983 -18.5945 4
    endloop
  endfacet
  facet normal 0.59552 -0.803341 0
    outer loop
      vertex -121.707 -18.3899 4
      vertex -121.983 -18.5945 0
      vertex -121.707 -18.3899 0
    endloop
  endfacet
  facet normal 0.672179 0.740388 -0
    outer loop
      vertex -121.983 -24.0055 0
      vertex -122.237 -23.7749 4
      vertex -121.983 -24.0055 4
    endloop
  endfacet
  facet normal 0.672179 0.740388 0
    outer loop
      vertex -122.237 -23.7749 4
      vertex -121.983 -24.0055 0
      vertex -122.237 -23.7749 0
    endloop
  endfacet
  facet normal 0.59552 0.803341 -0
    outer loop
      vertex -121.707 -24.2101 0
      vertex -121.983 -24.0055 4
      vertex -121.707 -24.2101 4
    endloop
  endfacet
  facet normal 0.59552 0.803341 0
    outer loop
      vertex -121.983 -24.0055 4
      vertex -121.707 -24.2101 0
      vertex -121.983 -24.0055 0
    endloop
  endfacet
  facet normal 0.970348 0.241713 0
    outer loop
      vertex -123.112 -22.316 4
      vertex -123.195 -21.9828 0
      vertex -123.195 -21.9828 4
    endloop
  endfacet
  facet normal 0.970348 0.241713 0
    outer loop
      vertex -123.195 -21.9828 0
      vertex -123.112 -22.316 4
      vertex -123.112 -22.316 0
    endloop
  endfacet
  facet normal 0.998914 0.046583 0
    outer loop
      vertex -123.246 -21.6431 4
      vertex -123.262 -21.3 0
      vertex -123.262 -21.3 4
    endloop
  endfacet
  facet normal 0.998914 0.046583 0
    outer loop
      vertex -123.262 -21.3 0
      vertex -123.246 -21.6431 4
      vertex -123.246 -21.6431 0
    endloop
  endfacet
  facet normal -0.0490687 0.998795 0
    outer loop
      vertex 120.106 19.6669 0
      vertex 119.762 19.65 4
      vertex 120.106 19.6669 4
    endloop
  endfacet
  facet normal -0.0490687 0.998795 0
    outer loop
      vertex 119.762 19.65 4
      vertex 120.106 19.6669 0
      vertex 119.762 19.65 0
    endloop
  endfacet
  facet normal 0.998775 -0.0494875 0
    outer loop
      vertex 113.262 23.15 4
      vertex 113.279 23.4931 0
      vertex 113.279 23.4931 4
    endloop
  endfacet
  facet normal 0.998775 -0.0494875 0
    outer loop
      vertex 113.279 23.4931 0
      vertex 113.262 23.15 4
      vertex 113.262 23.15 0
    endloop
  endfacet
  facet normal 0.998775 0.0494875 0
    outer loop
      vertex 113.279 22.8069 4
      vertex 113.262 23.15 0
      vertex 113.262 23.15 4
    endloop
  endfacet
  facet normal 0.998775 0.0494875 0
    outer loop
      vertex 113.262 23.15 0
      vertex 113.279 22.8069 4
      vertex 113.279 22.8069 0
    endloop
  endfacet
  facet normal -0.970348 0.241713 0
    outer loop
      vertex 123.112 22.134 0
      vertex 123.195 22.4672 4
      vertex 123.195 22.4672 0
    endloop
  endfacet
  facet normal -0.970348 0.241713 0
    outer loop
      vertex 123.195 22.4672 4
      vertex 123.112 22.134 0
      vertex 123.112 22.134 4
    endloop
  endfacet
  facet normal 0.740466 -0.672093 0
    outer loop
      vertex 114.057 25.3704 4
      vertex 114.288 25.6249 0
      vertex 114.288 25.6249 4
    endloop
  endfacet
  facet normal 0.740466 -0.672093 0
    outer loop
      vertex 114.288 25.6249 0
      vertex 114.057 25.3704 4
      vertex 114.057 25.3704 0
    endloop
  endfacet
  facet normal -0.970348 -0.241713 0
    outer loop
      vertex 123.195 23.8328 0
      vertex 123.112 24.166 4
      vertex 123.112 24.166 0
    endloop
  endfacet
  facet normal -0.970348 -0.241713 0
    outer loop
      vertex 123.112 24.166 4
      vertex 123.195 23.8328 0
      vertex 123.195 23.8328 4
    endloop
  endfacet
  facet normal 0.988917 -0.148469 0
    outer loop
      vertex 113.279 23.4931 4
      vertex 113.33 23.8328 0
      vertex 113.33 23.8328 4
    endloop
  endfacet
  facet normal 0.988917 -0.148469 0
    outer loop
      vertex 113.33 23.8328 0
      vertex 113.279 23.4931 4
      vertex 113.279 23.4931 0
    endloop
  endfacet
  facet normal -0.998914 0.046583 0
    outer loop
      vertex 123.246 22.8069 0
      vertex 123.262 23.15 4
      vertex 123.262 23.15 0
    endloop
  endfacet
  facet normal -0.998914 0.046583 0
    outer loop
      vertex 123.262 23.15 4
      vertex 123.246 22.8069 0
      vertex 123.246 22.8069 4
    endloop
  endfacet
  facet normal -0.94128 -0.337627 0
    outer loop
      vertex 123.112 24.166 0
      vertex 122.996 24.4894 4
      vertex 122.996 24.4894 0
    endloop
  endfacet
  facet normal -0.94128 -0.337627 0
    outer loop
      vertex 122.996 24.4894 4
      vertex 123.112 24.166 0
      vertex 123.112 24.166 4
    endloop
  endfacet
  facet normal 0.858468 -0.512866 0
    outer loop
      vertex 113.676 24.7999 4
      vertex 113.852 25.0945 0
      vertex 113.852 25.0945 4
    endloop
  endfacet
  facet normal 0.858468 -0.512866 0
    outer loop
      vertex 113.852 25.0945 0
      vertex 113.676 24.7999 4
      vertex 113.676 24.7999 0
    endloop
  endfacet
  facet normal -0.988917 0.148469 0
    outer loop
      vertex 123.195 22.4672 0
      vertex 123.246 22.8069 4
      vertex 123.246 22.8069 0
    endloop
  endfacet
  facet normal -0.988917 0.148469 0
    outer loop
      vertex 123.246 22.8069 4
      vertex 123.195 22.4672 0
      vertex 123.195 22.4672 4
    endloop
  endfacet
  facet normal 0.0492114 0.998788 -0
    outer loop
      vertex 116.762 19.65 0
      vertex 116.419 19.6669 4
      vertex 116.762 19.65 4
    endloop
  endfacet
  facet normal 0.0492114 0.998788 0
    outer loop
      vertex 116.419 19.6669 4
      vertex 116.762 19.65 0
      vertex 116.419 19.6669 0
    endloop
  endfacet
  facet normal -0.988917 -0.148469 0
    outer loop
      vertex 123.246 23.4931 0
      vertex 123.195 23.8328 4
      vertex 123.195 23.8328 0
    endloop
  endfacet
  facet normal -0.988917 -0.148469 0
    outer loop
      vertex 123.195 23.8328 4
      vertex 123.246 23.4931 0
      vertex 123.246 23.4931 4
    endloop
  endfacet
  facet normal -0.903827 -0.427899 0
    outer loop
      vertex 122.996 24.4894 0
      vertex 122.849 24.7999 4
      vertex 122.849 24.7999 0
    endloop
  endfacet
  facet normal -0.903827 -0.427899 0
    outer loop
      vertex 122.849 24.7999 4
      vertex 122.996 24.4894 0
      vertex 122.996 24.4894 4
    endloop
  endfacet
  facet normal 0.740466 0.672093 0
    outer loop
      vertex 114.288 20.6751 4
      vertex 114.057 20.9296 0
      vertex 114.057 20.9296 4
    endloop
  endfacet
  facet normal 0.740466 0.672093 0
    outer loop
      vertex 114.057 20.9296 0
      vertex 114.288 20.6751 4
      vertex 114.288 20.6751 0
    endloop
  endfacet
  facet normal 0.428224 -0.903673 0
    outer loop
      vertex 115.113 26.2367 0
      vertex 115.423 26.3836 4
      vertex 115.113 26.2367 4
    endloop
  endfacet
  facet normal 0.428224 -0.903673 0
    outer loop
      vertex 115.423 26.3836 4
      vertex 115.113 26.2367 0
      vertex 115.423 26.3836 0
    endloop
  endfacet
  facet normal -0.672179 -0.740388 0
    outer loop
      vertex 121.983 25.8555 0
      vertex 122.237 25.6249 4
      vertex 121.983 25.8555 4
    endloop
  endfacet
  facet normal -0.672179 -0.740388 -0
    outer loop
      vertex 122.237 25.6249 4
      vertex 121.983 25.8555 0
      vertex 122.237 25.6249 0
    endloop
  endfacet
  facet normal -0.147056 0.989128 0
    outer loop
      vertex 120.445 19.7173 0
      vertex 120.106 19.6669 4
      vertex 120.445 19.7173 4
    endloop
  endfacet
  facet normal -0.147056 0.989128 0
    outer loop
      vertex 120.106 19.6669 4
      vertex 120.445 19.7173 0
      vertex 120.106 19.6669 0
    endloop
  endfacet
  facet normal -0.94128 0.337627 0
    outer loop
      vertex 122.996 21.8106 0
      vertex 123.112 22.134 4
      vertex 123.112 22.134 0
    endloop
  endfacet
  facet normal -0.94128 0.337627 0
    outer loop
      vertex 123.112 22.134 4
      vertex 122.996 21.8106 0
      vertex 122.996 21.8106 4
    endloop
  endfacet
  facet normal -0.242947 -0.97004 0
    outer loop
      vertex 120.445 26.5827 0
      vertex 120.778 26.4993 4
      vertex 120.445 26.5827 4
    endloop
  endfacet
  facet normal -0.242947 -0.97004 -0
    outer loop
      vertex 120.778 26.4993 4
      vertex 120.445 26.5827 0
      vertex 120.778 26.4993 0
    endloop
  endfacet
  facet normal 0.51364 -0.858006 0
    outer loop
      vertex 114.818 26.0601 0
      vertex 115.113 26.2367 4
      vertex 114.818 26.0601 4
    endloop
  endfacet
  facet normal 0.51364 -0.858006 0
    outer loop
      vertex 115.113 26.2367 4
      vertex 114.818 26.0601 0
      vertex 115.113 26.2367 0
    endloop
  endfacet
  facet normal 0.147056 -0.989128 0
    outer loop
      vertex 116.08 26.5827 0
      vertex 116.419 26.6331 4
      vertex 116.08 26.5827 4
    endloop
  endfacet
  facet normal 0.147056 -0.989128 0
    outer loop
      vertex 116.419 26.6331 4
      vertex 116.08 26.5827 0
      vertex 116.419 26.6331 0
    endloop
  endfacet
  facet normal 0.94128 -0.337627 0
    outer loop
      vertex 113.413 24.166 4
      vertex 113.529 24.4894 0
      vertex 113.529 24.4894 4
    endloop
  endfacet
  facet normal 0.94128 -0.337627 0
    outer loop
      vertex 113.529 24.4894 0
      vertex 113.413 24.166 4
      vertex 113.413 24.166 0
    endloop
  endfacet
  facet normal 0.94128 0.337627 0
    outer loop
      vertex 113.529 21.8106 4
      vertex 113.413 22.134 0
      vertex 113.413 22.134 4
    endloop
  endfacet
  facet normal 0.94128 0.337627 0
    outer loop
      vertex 113.413 22.134 0
      vertex 113.529 21.8106 4
      vertex 113.529 21.8106 0
    endloop
  endfacet
  facet normal -0.428224 -0.903673 0
    outer loop
      vertex 121.102 26.3836 0
      vertex 121.412 26.2367 4
      vertex 121.102 26.3836 4
    endloop
  endfacet
  facet normal -0.428224 -0.903673 -0
    outer loop
      vertex 121.412 26.2367 4
      vertex 121.102 26.3836 0
      vertex 121.412 26.2367 0
    endloop
  endfacet
  facet normal -0.998914 -0.046583 0
    outer loop
      vertex 123.262 23.15 0
      vertex 123.246 23.4931 4
      vertex 123.246 23.4931 0
    endloop
  endfacet
  facet normal -0.998914 -0.046583 0
    outer loop
      vertex 123.246 23.4931 4
      vertex 123.262 23.15 0
      vertex 123.262 23.15 4
    endloop
  endfacet
  facet normal 0 1 -0
    outer loop
      vertex 119.762 19.65 0
      vertex 116.762 19.65 4
      vertex 119.762 19.65 4
    endloop
  endfacet
  facet normal 0 1 0
    outer loop
      vertex 116.762 19.65 4
      vertex 119.762 19.65 0
      vertex 116.762 19.65 0
    endloop
  endfacet
  facet normal 0.903827 -0.427899 0
    outer loop
      vertex 113.529 24.4894 4
      vertex 113.676 24.7999 0
      vertex 113.676 24.7999 4
    endloop
  endfacet
  facet normal 0.903827 -0.427899 0
    outer loop
      vertex 113.676 24.7999 0
      vertex 113.529 24.4894 4
      vertex 113.529 24.4894 0
    endloop
  endfacet
  facet normal 0 -1 0
    outer loop
      vertex 116.762 26.65 0
      vertex 119.762 26.65 4
      vertex 116.762 26.65 4
    endloop
  endfacet
  facet normal 0 -1 -0
    outer loop
      vertex 119.762 26.65 4
      vertex 116.762 26.65 0
      vertex 119.762 26.65 0
    endloop
  endfacet
  facet normal -0.3363 0.941755 0
    outer loop
      vertex 121.102 19.9164 0
      vertex 120.778 19.8007 4
      vertex 121.102 19.9164 4
    endloop
  endfacet
  facet normal -0.3363 0.941755 0
    outer loop
      vertex 120.778 19.8007 4
      vertex 121.102 19.9164 0
      vertex 120.778 19.8007 0
    endloop
  endfacet
  facet normal -0.147056 -0.989128 0
    outer loop
      vertex 120.106 26.6331 0
      vertex 120.445 26.5827 4
      vertex 120.106 26.6331 4
    endloop
  endfacet
  facet normal -0.147056 -0.989128 -0
    outer loop
      vertex 120.445 26.5827 4
      vertex 120.106 26.6331 0
      vertex 120.445 26.5827 0
    endloop
  endfacet
  facet normal -0.903827 0.427899 0
    outer loop
      vertex 122.849 21.5001 0
      vertex 122.996 21.8106 4
      vertex 122.996 21.8106 0
    endloop
  endfacet
  facet normal -0.903827 0.427899 0
    outer loop
      vertex 122.996 21.8106 4
      vertex 122.849 21.5001 0
      vertex 122.849 21.5001 4
    endloop
  endfacet
  facet normal 0.0492114 -0.998788 0
    outer loop
      vertex 116.419 26.6331 0
      vertex 116.762 26.65 4
      vertex 116.419 26.6331 4
    endloop
  endfacet
  facet normal 0.0492114 -0.998788 0
    outer loop
      vertex 116.762 26.65 4
      vertex 116.419 26.6331 0
      vertex 116.762 26.65 0
    endloop
  endfacet
  facet normal 0.903827 0.427899 0
    outer loop
      vertex 113.676 21.5001 4
      vertex 113.529 21.8106 0
      vertex 113.529 21.8106 4
    endloop
  endfacet
  facet normal 0.903827 0.427899 0
    outer loop
      vertex 113.529 21.8106 0
      vertex 113.676 21.5001 4
      vertex 113.676 21.5001 0
    endloop
  endfacet
  facet normal -0.0490687 -0.998795 0
    outer loop
      vertex 119.762 26.65 0
      vertex 120.106 26.6331 4
      vertex 119.762 26.65 4
    endloop
  endfacet
  facet normal -0.0490687 -0.998795 -0
    outer loop
      vertex 120.106 26.6331 4
      vertex 119.762 26.65 0
      vertex 120.106 26.6331 0
    endloop
  endfacet
  facet normal -0.740466 0.672093 0
    outer loop
      vertex 122.237 20.6751 0
      vertex 122.468 20.9296 4
      vertex 122.468 20.9296 0
    endloop
  endfacet
  facet normal -0.740466 0.672093 0
    outer loop
      vertex 122.468 20.9296 4
      vertex 122.237 20.6751 0
      vertex 122.237 20.6751 4
    endloop
  endfacet
  facet normal -0.80268 0.59641 0
    outer loop
      vertex 122.468 20.9296 0
      vertex 122.673 21.2055 4
      vertex 122.673 21.2055 0
    endloop
  endfacet
  facet normal -0.80268 0.59641 0
    outer loop
      vertex 122.673 21.2055 4
      vertex 122.468 20.9296 0
      vertex 122.468 20.9296 4
    endloop
  endfacet
  facet normal 0.59552 -0.803341 0
    outer loop
      vertex 114.542 25.8555 0
      vertex 114.818 26.0601 4
      vertex 114.542 25.8555 4
    endloop
  endfacet
  facet normal 0.59552 -0.803341 0
    outer loop
      vertex 114.818 26.0601 4
      vertex 114.542 25.8555 0
      vertex 114.818 26.0601 0
    endloop
  endfacet
  facet normal 0.970348 -0.241713 0
    outer loop
      vertex 113.33 23.8328 4
      vertex 113.413 24.166 0
      vertex 113.413 24.166 4
    endloop
  endfacet
  facet normal 0.970348 -0.241713 0
    outer loop
      vertex 113.413 24.166 0
      vertex 113.33 23.8328 4
      vertex 113.33 23.8328 0
    endloop
  endfacet
  facet normal 0.51364 0.858006 -0
    outer loop
      vertex 115.113 20.0633 0
      vertex 114.818 20.2399 4
      vertex 115.113 20.0633 4
    endloop
  endfacet
  facet normal 0.51364 0.858006 0
    outer loop
      vertex 114.818 20.2399 4
      vertex 115.113 20.0633 0
      vertex 114.818 20.2399 0
    endloop
  endfacet
  facet normal -0.59552 0.803341 0
    outer loop
      vertex 121.983 20.4445 0
      vertex 121.707 20.2399 4
      vertex 121.983 20.4445 4
    endloop
  endfacet
  facet normal -0.59552 0.803341 0
    outer loop
      vertex 121.707 20.2399 4
      vertex 121.983 20.4445 0
      vertex 121.707 20.2399 0
    endloop
  endfacet
  facet normal -0.858468 -0.512866 0
    outer loop
      vertex 122.849 24.7999 0
      vertex 122.673 25.0945 4
      vertex 122.673 25.0945 0
    endloop
  endfacet
  facet normal -0.858468 -0.512866 0
    outer loop
      vertex 122.673 25.0945 4
      vertex 122.849 24.7999 0
      vertex 122.849 24.7999 4
    endloop
  endfacet
  facet normal -0.3363 -0.941755 0
    outer loop
      vertex 120.778 26.4993 0
      vertex 121.102 26.3836 4
      vertex 120.778 26.4993 4
    endloop
  endfacet
  facet normal -0.3363 -0.941755 -0
    outer loop
      vertex 121.102 26.3836 4
      vertex 120.778 26.4993 0
      vertex 121.102 26.3836 0
    endloop
  endfacet
  facet normal -0.242947 0.97004 0
    outer loop
      vertex 120.778 19.8007 0
      vertex 120.445 19.7173 4
      vertex 120.778 19.8007 4
    endloop
  endfacet
  facet normal -0.242947 0.97004 0
    outer loop
      vertex 120.445 19.7173 4
      vertex 120.778 19.8007 0
      vertex 120.445 19.7173 0
    endloop
  endfacet
  facet normal -0.59552 -0.803341 0
    outer loop
      vertex 121.707 26.0601 0
      vertex 121.983 25.8555 4
      vertex 121.707 26.0601 4
    endloop
  endfacet
  facet normal -0.59552 -0.803341 -0
    outer loop
      vertex 121.983 25.8555 4
      vertex 121.707 26.0601 0
      vertex 121.983 25.8555 0
    endloop
  endfacet
  facet normal 0.147056 0.989128 -0
    outer loop
      vertex 116.419 19.6669 0
      vertex 116.08 19.7173 4
      vertex 116.419 19.6669 4
    endloop
  endfacet
  facet normal 0.147056 0.989128 0
    outer loop
      vertex 116.08 19.7173 4
      vertex 116.419 19.6669 0
      vertex 116.08 19.7173 0
    endloop
  endfacet
  facet normal 0.80268 0.59641 0
    outer loop
      vertex 114.057 20.9296 4
      vertex 113.852 21.2055 0
      vertex 113.852 21.2055 4
    endloop
  endfacet
  facet normal 0.80268 0.59641 0
    outer loop
      vertex 113.852 21.2055 0
      vertex 114.057 20.9296 4
      vertex 114.057 20.9296 0
    endloop
  endfacet
  facet normal 0.242947 -0.97004 0
    outer loop
      vertex 115.747 26.4993 0
      vertex 116.08 26.5827 4
      vertex 115.747 26.4993 4
    endloop
  endfacet
  facet normal 0.242947 -0.97004 0
    outer loop
      vertex 116.08 26.5827 4
      vertex 115.747 26.4993 0
      vertex 116.08 26.5827 0
    endloop
  endfacet
  facet normal 0.672179 -0.740388 0
    outer loop
      vertex 114.288 25.6249 0
      vertex 114.542 25.8555 4
      vertex 114.288 25.6249 4
    endloop
  endfacet
  facet normal 0.672179 -0.740388 0
    outer loop
      vertex 114.542 25.8555 4
      vertex 114.288 25.6249 0
      vertex 114.542 25.8555 0
    endloop
  endfacet
  facet normal 0.672179 0.740388 -0
    outer loop
      vertex 114.542 20.4445 0
      vertex 114.288 20.6751 4
      vertex 114.542 20.4445 4
    endloop
  endfacet
  facet normal 0.672179 0.740388 0
    outer loop
      vertex 114.288 20.6751 4
      vertex 114.542 20.4445 0
      vertex 114.288 20.6751 0
    endloop
  endfacet
  facet normal -0.672179 0.740388 0
    outer loop
      vertex 122.237 20.6751 0
      vertex 121.983 20.4445 4
      vertex 122.237 20.6751 4
    endloop
  endfacet
  facet normal -0.672179 0.740388 0
    outer loop
      vertex 121.983 20.4445 4
      vertex 122.237 20.6751 0
      vertex 121.983 20.4445 0
    endloop
  endfacet
  facet normal 0.3363 -0.941755 0
    outer loop
      vertex 115.423 26.3836 0
      vertex 115.747 26.4993 4
      vertex 115.423 26.3836 4
    endloop
  endfacet
  facet normal 0.3363 -0.941755 0
    outer loop
      vertex 115.747 26.4993 4
      vertex 115.423 26.3836 0
      vertex 115.747 26.4993 0
    endloop
  endfacet
  facet normal -0.740466 -0.672093 0
    outer loop
      vertex 122.468 25.3704 0
      vertex 122.237 25.6249 4
      vertex 122.237 25.6249 0
    endloop
  endfacet
  facet normal -0.740466 -0.672093 0
    outer loop
      vertex 122.237 25.6249 4
      vertex 122.468 25.3704 0
      vertex 122.468 25.3704 4
    endloop
  endfacet
  facet normal 0.970348 0.241713 0
    outer loop
      vertex 113.413 22.134 4
      vertex 113.33 22.4672 0
      vertex 113.33 22.4672 4
    endloop
  endfacet
  facet normal 0.970348 0.241713 0
    outer loop
      vertex 113.33 22.4672 0
      vertex 113.413 22.134 4
      vertex 113.413 22.134 0
    endloop
  endfacet
  facet normal 0.988917 0.148469 0
    outer loop
      vertex 113.33 22.4672 4
      vertex 113.279 22.8069 0
      vertex 113.279 22.8069 4
    endloop
  endfacet
  facet normal 0.988917 0.148469 0
    outer loop
      vertex 113.279 22.8069 0
      vertex 113.33 22.4672 4
      vertex 113.33 22.4672 0
    endloop
  endfacet
  facet normal -0.51364 -0.858006 0
    outer loop
      vertex 121.412 26.2367 0
      vertex 121.707 26.0601 4
      vertex 121.412 26.2367 4
    endloop
  endfacet
  facet normal -0.51364 -0.858006 -0
    outer loop
      vertex 121.707 26.0601 4
      vertex 121.412 26.2367 0
      vertex 121.707 26.0601 0
    endloop
  endfacet
  facet normal -0.80268 -0.59641 0
    outer loop
      vertex 122.673 25.0945 0
      vertex 122.468 25.3704 4
      vertex 122.468 25.3704 0
    endloop
  endfacet
  facet normal -0.80268 -0.59641 0
    outer loop
      vertex 122.468 25.3704 4
      vertex 122.673 25.0945 0
      vertex 122.673 25.0945 4
    endloop
  endfacet
  facet normal -0.858468 0.512866 0
    outer loop
      vertex 122.673 21.2055 0
      vertex 122.849 21.5001 4
      vertex 122.849 21.5001 0
    endloop
  endfacet
  facet normal -0.858468 0.512866 0
    outer loop
      vertex 122.849 21.5001 4
      vertex 122.673 21.2055 0
      vertex 122.673 21.2055 4
    endloop
  endfacet
  facet normal 0.242947 0.97004 -0
    outer loop
      vertex 116.08 19.7173 0
      vertex 115.747 19.8007 4
      vertex 116.08 19.7173 4
    endloop
  endfacet
  facet normal 0.242947 0.97004 0
    outer loop
      vertex 115.747 19.8007 4
      vertex 116.08 19.7173 0
      vertex 115.747 19.8007 0
    endloop
  endfacet
  facet normal 0.80268 -0.59641 0
    outer loop
      vertex 113.852 25.0945 4
      vertex 114.057 25.3704 0
      vertex 114.057 25.3704 4
    endloop
  endfacet
  facet normal 0.80268 -0.59641 0
    outer loop
      vertex 114.057 25.3704 0
      vertex 113.852 25.0945 4
      vertex 113.852 25.0945 0
    endloop
  endfacet
  facet normal 0.428224 0.903673 -0
    outer loop
      vertex 115.423 19.9164 0
      vertex 115.113 20.0633 4
      vertex 115.423 19.9164 4
    endloop
  endfacet
  facet normal 0.428224 0.903673 0
    outer loop
      vertex 115.113 20.0633 4
      vertex 115.423 19.9164 0
      vertex 115.113 20.0633 0
    endloop
  endfacet
  facet normal -0.51364 0.858006 0
    outer loop
      vertex 121.707 20.2399 0
      vertex 121.412 20.0633 4
      vertex 121.707 20.2399 4
    endloop
  endfacet
  facet normal -0.51364 0.858006 0
    outer loop
      vertex 121.412 20.0633 4
      vertex 121.707 20.2399 0
      vertex 121.412 20.0633 0
    endloop
  endfacet
  facet normal -0.428224 0.903673 0
    outer loop
      vertex 121.412 20.0633 0
      vertex 121.102 19.9164 4
      vertex 121.412 20.0633 4
    endloop
  endfacet
  facet normal -0.428224 0.903673 0
    outer loop
      vertex 121.102 19.9164 4
      vertex 121.412 20.0633 0
      vertex 121.102 19.9164 0
    endloop
  endfacet
  facet normal 0.59552 0.803341 -0
    outer loop
      vertex 114.818 20.2399 0
      vertex 114.542 20.4445 4
      vertex 114.818 20.2399 4
    endloop
  endfacet
  facet normal 0.59552 0.803341 0
    outer loop
      vertex 114.542 20.4445 4
      vertex 114.818 20.2399 0
      vertex 114.542 20.4445 0
    endloop
  endfacet
  facet normal 0.3363 0.941755 -0
    outer loop
      vertex 115.747 19.8007 0
      vertex 115.423 19.9164 4
      vertex 115.747 19.8007 4
    endloop
  endfacet
  facet normal 0.3363 0.941755 0
    outer loop
      vertex 115.423 19.9164 4
      vertex 115.747 19.8007 0
      vertex 115.423 19.9164 0
    endloop
  endfacet
  facet normal 0.858468 0.512866 0
    outer loop
      vertex 113.852 21.2055 4
      vertex 113.676 21.5001 0
      vertex 113.676 21.5001 4
    endloop
  endfacet
  facet normal 0.858468 0.512866 0
    outer loop
      vertex 113.676 21.5001 0
      vertex 113.852 21.2055 4
      vertex 113.852 21.2055 0
    endloop
  endfacet
  facet normal -0.970344 -0.241727 0
    outer loop
      vertex 123.195 7.95782 0
      vertex 123.112 8.291 4
      vertex 123.112 8.291 0
    endloop
  endfacet
  facet normal -0.970344 -0.241727 0
    outer loop
      vertex 123.112 8.291 4
      vertex 123.195 7.95782 0
      vertex 123.195 7.95782 4
    endloop
  endfacet
  facet normal -0.903827 -0.427899 0
    outer loop
      vertex 122.996 8.61439 0
      vertex 122.849 8.92489 4
      vertex 122.849 8.92489 0
    endloop
  endfacet
  facet normal -0.903827 -0.427899 0
    outer loop
      vertex 122.849 8.92489 4
      vertex 122.996 8.61439 0
      vertex 122.996 8.61439 4
    endloop
  endfacet
  facet normal 0.998774 -0.0494933 0
    outer loop
      vertex 113.262 7.275 4
      vertex 113.279 7.61806 0
      vertex 113.279 7.61806 4
    endloop
  endfacet
  facet normal 0.998774 -0.0494933 0
    outer loop
      vertex 113.279 7.61806 0
      vertex 113.262 7.275 4
      vertex 113.262 7.275 0
    endloop
  endfacet
  facet normal 0.59552 0.803341 -0
    outer loop
      vertex 114.818 4.36486 0
      vertex 114.542 4.56946 4
      vertex 114.818 4.36486 4
    endloop
  endfacet
  facet normal 0.59552 0.803341 0
    outer loop
      vertex 114.542 4.56946 4
      vertex 114.818 4.36486 0
      vertex 114.542 4.56946 0
    endloop
  endfacet
  facet normal -0.672291 0.740287 0
    outer loop
      vertex 122.237 4.80013 0
      vertex 121.983 4.56946 4
      vertex 122.237 4.80013 4
    endloop
  endfacet
  facet normal -0.672291 0.740287 0
    outer loop
      vertex 121.983 4.56946 4
      vertex 122.237 4.80013 0
      vertex 121.983 4.56946 0
    endloop
  endfacet
  facet normal -0.941277 -0.337636 0
    outer loop
      vertex 123.112 8.291 0
      vertex 122.996 8.61439 4
      vertex 122.996 8.61439 0
    endloop
  endfacet
  facet normal -0.941277 -0.337636 0
    outer loop
      vertex 122.996 8.61439 4
      vertex 123.112 8.291 0
      vertex 123.112 8.291 4
    endloop
  endfacet
  facet normal -0.428224 -0.903673 0
    outer loop
      vertex 121.102 10.5086 0
      vertex 121.412 10.3617 4
      vertex 121.102 10.5086 4
    endloop
  endfacet
  facet normal -0.428224 -0.903673 -0
    outer loop
      vertex 121.412 10.3617 4
      vertex 121.102 10.5086 0
      vertex 121.412 10.3617 0
    endloop
  endfacet
  facet normal 0.802659 0.596438 0
    outer loop
      vertex 114.057 5.05462 4
      vertex 113.852 5.3305 0
      vertex 113.852 5.3305 4
    endloop
  endfacet
  facet normal 0.802659 0.596438 0
    outer loop
      vertex 113.852 5.3305 0
      vertex 114.057 5.05462 4
      vertex 114.057 5.05462 0
    endloop
  endfacet
  facet normal -0.988921 -0.148443 0
    outer loop
      vertex 123.246 7.61806 0
      vertex 123.195 7.95782 4
      vertex 123.195 7.95782 0
    endloop
  endfacet
  facet normal -0.988921 -0.148443 0
    outer loop
      vertex 123.195 7.95782 4
      vertex 123.246 7.61806 0
      vertex 123.246 7.61806 4
    endloop
  endfacet
  facet normal -0.998914 -0.0465884 0
    outer loop
      vertex 123.262 7.275 0
      vertex 123.246 7.61806 4
      vertex 123.246 7.61806 0
    endloop
  endfacet
  facet normal -0.998914 -0.0465884 0
    outer loop
      vertex 123.246 7.61806 4
      vertex 123.262 7.275 0
      vertex 123.262 7.275 4
    endloop
  endfacet
  facet normal 0.941277 -0.337636 0
    outer loop
      vertex 113.413 8.291 4
      vertex 113.529 8.61439 0
      vertex 113.529 8.61439 4
    endloop
  endfacet
  facet normal 0.941277 -0.337636 0
    outer loop
      vertex 113.529 8.61439 0
      vertex 113.413 8.291 4
      vertex 113.413 8.291 0
    endloop
  endfacet
  facet normal 0.903827 0.427899 0
    outer loop
      vertex 113.676 5.62511 4
      vertex 113.529 5.93561 0
      vertex 113.529 5.93561 4
    endloop
  endfacet
  facet normal 0.903827 0.427899 0
    outer loop
      vertex 113.529 5.93561 0
      vertex 113.676 5.62511 4
      vertex 113.676 5.62511 0
    endloop
  endfacet
  facet normal -0.242947 -0.97004 0
    outer loop
      vertex 120.445 10.7077 0
      vertex 120.778 10.6243 4
      vertex 120.445 10.7077 4
    endloop
  endfacet
  facet normal -0.242947 -0.97004 -0
    outer loop
      vertex 120.778 10.6243 4
      vertex 120.445 10.7077 0
      vertex 120.778 10.6243 0
    endloop
  endfacet
  facet normal 0.858476 -0.512854 0
    outer loop
      vertex 113.676 8.92489 4
      vertex 113.852 9.2195 0
      vertex 113.852 9.2195 4
    endloop
  endfacet
  facet normal 0.858476 -0.512854 0
    outer loop
      vertex 113.852 9.2195 0
      vertex 113.676 8.92489 4
      vertex 113.676 8.92489 0
    endloop
  endfacet
  facet normal -0.336325 0.941746 0
    outer loop
      vertex 121.102 4.04142 0
      vertex 120.778 3.92571 4
      vertex 121.102 4.04142 4
    endloop
  endfacet
  facet normal -0.336325 0.941746 0
    outer loop
      vertex 120.778 3.92571 4
      vertex 121.102 4.04142 0
      vertex 120.778 3.92571 0
    endloop
  endfacet
  facet normal 0.0490662 0.998796 -0
    outer loop
      vertex 116.762 3.775 0
      vertex 116.419 3.79185 4
      vertex 116.762 3.775 4
    endloop
  endfacet
  facet normal 0.0490662 0.998796 0
    outer loop
      vertex 116.419 3.79185 4
      vertex 116.762 3.775 0
      vertex 116.419 3.79185 0
    endloop
  endfacet
  facet normal -0.740453 -0.672108 0
    outer loop
      vertex 122.468 9.49538 0
      vertex 122.237 9.74987 4
      vertex 122.237 9.74987 0
    endloop
  endfacet
  facet normal -0.740453 -0.672108 0
    outer loop
      vertex 122.237 9.74987 4
      vertex 122.468 9.49538 0
      vertex 122.468 9.49538 4
    endloop
  endfacet
  facet normal -0.802659 0.596438 0
    outer loop
      vertex 122.468 5.05462 0
      vertex 122.673 5.3305 4
      vertex 122.673 5.3305 0
    endloop
  endfacet
  facet normal -0.802659 0.596438 0
    outer loop
      vertex 122.673 5.3305 4
      vertex 122.468 5.05462 0
      vertex 122.468 5.05462 4
    endloop
  endfacet
  facet normal -0.672291 -0.740287 0
    outer loop
      vertex 121.983 9.98054 0
      vertex 122.237 9.74987 4
      vertex 121.983 9.98054 4
    endloop
  endfacet
  facet normal -0.672291 -0.740287 -0
    outer loop
      vertex 122.237 9.74987 4
      vertex 121.983 9.98054 0
      vertex 122.237 9.74987 0
    endloop
  endfacet
  facet normal -0.0490687 -0.998795 0
    outer loop
      vertex 119.762 10.775 0
      vertex 120.106 10.7581 4
      vertex 119.762 10.775 4
    endloop
  endfacet
  facet normal -0.0490687 -0.998795 -0
    outer loop
      vertex 120.106 10.7581 4
      vertex 119.762 10.775 0
      vertex 120.106 10.7581 0
    endloop
  endfacet
  facet normal -0.858476 -0.512854 0
    outer loop
      vertex 122.849 8.92489 0
      vertex 122.673 9.2195 4
      vertex 122.673 9.2195 0
    endloop
  endfacet
  facet normal -0.858476 -0.512854 0
    outer loop
      vertex 122.673 9.2195 4
      vertex 122.849 8.92489 0
      vertex 122.849 8.92489 4
    endloop
  endfacet
  facet normal -0.988921 0.148443 0
    outer loop
      vertex 123.195 6.59218 0
      vertex 123.246 6.93194 4
      vertex 123.246 6.93194 0
    endloop
  endfacet
  facet normal -0.988921 0.148443 0
    outer loop
      vertex 123.246 6.93194 4
      vertex 123.195 6.59218 0
      vertex 123.195 6.59218 4
    endloop
  endfacet
  facet normal -0.0489239 0.998803 0
    outer loop
      vertex 120.106 3.79185 0
      vertex 119.762 3.775 4
      vertex 120.106 3.79185 4
    endloop
  endfacet
  facet normal -0.0489239 0.998803 0
    outer loop
      vertex 119.762 3.775 4
      vertex 120.106 3.79185 0
      vertex 119.762 3.775 0
    endloop
  endfacet
  facet normal -0.998914 0.0465884 0
    outer loop
      vertex 123.246 6.93194 0
      vertex 123.262 7.275 4
      vertex 123.262 7.275 0
    endloop
  endfacet
  facet normal -0.998914 0.0465884 0
    outer loop
      vertex 123.262 7.275 4
      vertex 123.246 6.93194 0
      vertex 123.246 6.93194 4
    endloop
  endfacet
  facet normal -0.802659 -0.596438 0
    outer loop
      vertex 122.673 9.2195 0
      vertex 122.468 9.49538 4
      vertex 122.468 9.49538 0
    endloop
  endfacet
  facet normal -0.802659 -0.596438 0
    outer loop
      vertex 122.468 9.49538 4
      vertex 122.673 9.2195 0
      vertex 122.673 9.2195 4
    endloop
  endfacet
  facet normal -0.941277 0.337636 0
    outer loop
      vertex 122.996 5.93561 0
      vertex 123.112 6.259 4
      vertex 123.112 6.259 0
    endloop
  endfacet
  facet normal -0.941277 0.337636 0
    outer loop
      vertex 123.112 6.259 4
      vertex 122.996 5.93561 0
      vertex 122.996 5.93561 4
    endloop
  endfacet
  facet normal -0.740453 0.672108 0
    outer loop
      vertex 122.237 4.80013 0
      vertex 122.468 5.05462 4
      vertex 122.468 5.05462 0
    endloop
  endfacet
  facet normal -0.740453 0.672108 0
    outer loop
      vertex 122.468 5.05462 4
      vertex 122.237 4.80013 0
      vertex 122.237 4.80013 4
    endloop
  endfacet
  facet normal 0.988921 -0.148443 0
    outer loop
      vertex 113.279 7.61806 4
      vertex 113.33 7.95782 0
      vertex 113.33 7.95782 4
    endloop
  endfacet
  facet normal 0.988921 -0.148443 0
    outer loop
      vertex 113.33 7.95782 0
      vertex 113.279 7.61806 4
      vertex 113.279 7.61806 0
    endloop
  endfacet
  facet normal -0.147056 -0.989128 0
    outer loop
      vertex 120.106 10.7581 0
      vertex 120.445 10.7077 4
      vertex 120.106 10.7581 4
    endloop
  endfacet
  facet normal -0.147056 -0.989128 -0
    outer loop
      vertex 120.445 10.7077 4
      vertex 120.106 10.7581 0
      vertex 120.445 10.7077 0
    endloop
  endfacet
  facet normal 0.147056 0.989128 -0
    outer loop
      vertex 116.419 3.79185 0
      vertex 116.08 3.84225 4
      vertex 116.419 3.79185 4
    endloop
  endfacet
  facet normal 0.147056 0.989128 0
    outer loop
      vertex 116.08 3.84225 4
      vertex 116.419 3.79185 0
      vertex 116.08 3.84225 0
    endloop
  endfacet
  facet normal 0 1 -0
    outer loop
      vertex 119.762 3.775 0
      vertex 116.762 3.775 4
      vertex 119.762 3.775 4
    endloop
  endfacet
  facet normal 0 1 0
    outer loop
      vertex 116.762 3.775 4
      vertex 119.762 3.775 0
      vertex 116.762 3.775 0
    endloop
  endfacet
  facet normal -0.858476 0.512854 0
    outer loop
      vertex 122.673 5.3305 0
      vertex 122.849 5.62511 4
      vertex 122.849 5.62511 0
    endloop
  endfacet
  facet normal -0.858476 0.512854 0
    outer loop
      vertex 122.849 5.62511 4
      vertex 122.673 5.3305 0
      vertex 122.673 5.3305 4
    endloop
  endfacet
  facet normal 0.970344 -0.241727 0
    outer loop
      vertex 113.33 7.95782 4
      vertex 113.413 8.291 0
      vertex 113.413 8.291 4
    endloop
  endfacet
  facet normal 0.970344 -0.241727 0
    outer loop
      vertex 113.413 8.291 0
      vertex 113.33 7.95782 4
      vertex 113.33 7.95782 0
    endloop
  endfacet
  facet normal -0.903827 0.427899 0
    outer loop
      vertex 122.849 5.62511 0
      vertex 122.996 5.93561 4
      vertex 122.996 5.93561 0
    endloop
  endfacet
  facet normal -0.903827 0.427899 0
    outer loop
      vertex 122.996 5.93561 4
      vertex 122.849 5.62511 0
      vertex 122.849 5.62511 4
    endloop
  endfacet
  facet normal -0.147056 0.989128 0
    outer loop
      vertex 120.445 3.84225 0
      vertex 120.106 3.79185 4
      vertex 120.445 3.84225 4
    endloop
  endfacet
  facet normal -0.147056 0.989128 0
    outer loop
      vertex 120.106 3.79185 4
      vertex 120.445 3.84225 0
      vertex 120.106 3.79185 0
    endloop
  endfacet
  facet normal 0 -1 0
    outer loop
      vertex 116.762 10.775 0
      vertex 119.762 10.775 4
      vertex 116.762 10.775 4
    endloop
  endfacet
  facet normal 0 -1 -0
    outer loop
      vertex 119.762 10.775 4
      vertex 116.762 10.775 0
      vertex 119.762 10.775 0
    endloop
  endfacet
  facet normal -0.3363 -0.941755 0
    outer loop
      vertex 120.778 10.6243 0
      vertex 121.102 10.5086 4
      vertex 120.778 10.6243 4
    endloop
  endfacet
  facet normal -0.3363 -0.941755 -0
    outer loop
      vertex 121.102 10.5086 4
      vertex 120.778 10.6243 0
      vertex 121.102 10.5086 0
    endloop
  endfacet
  facet normal -0.970344 0.241727 0
    outer loop
      vertex 123.112 6.259 0
      vertex 123.195 6.59218 4
      vertex 123.195 6.59218 0
    endloop
  endfacet
  facet normal -0.970344 0.241727 0
    outer loop
      vertex 123.195 6.59218 4
      vertex 123.112 6.259 0
      vertex 123.112 6.259 4
    endloop
  endfacet
  facet normal 0.672291 -0.740287 0
    outer loop
      vertex 114.288 9.74987 0
      vertex 114.542 9.98054 4
      vertex 114.288 9.74987 4
    endloop
  endfacet
  facet normal 0.672291 -0.740287 0
    outer loop
      vertex 114.542 9.98054 4
      vertex 114.288 9.74987 0
      vertex 114.542 9.98054 0
    endloop
  endfacet
  facet normal 0.0492114 -0.998788 0
    outer loop
      vertex 116.419 10.7581 0
      vertex 116.762 10.775 4
      vertex 116.419 10.7581 4
    endloop
  endfacet
  facet normal 0.0492114 -0.998788 0
    outer loop
      vertex 116.762 10.775 4
      vertex 116.419 10.7581 0
      vertex 116.762 10.775 0
    endloop
  endfacet
  facet normal 0.428224 -0.903673 0
    outer loop
      vertex 115.113 10.3617 0
      vertex 115.423 10.5086 4
      vertex 115.113 10.3617 4
    endloop
  endfacet
  facet normal 0.428224 -0.903673 0
    outer loop
      vertex 115.423 10.5086 4
      vertex 115.113 10.3617 0
      vertex 115.423 10.5086 0
    endloop
  endfacet
  facet normal 0.513597 0.858031 -0
    outer loop
      vertex 115.113 4.18828 0
      vertex 114.818 4.36486 4
      vertex 115.113 4.18828 4
    endloop
  endfacet
  facet normal 0.513597 0.858031 0
    outer loop
      vertex 114.818 4.36486 4
      vertex 115.113 4.18828 0
      vertex 114.818 4.36486 0
    endloop
  endfacet
  facet normal -0.51364 -0.858006 0
    outer loop
      vertex 121.412 10.3617 0
      vertex 121.707 10.1851 4
      vertex 121.412 10.3617 4
    endloop
  endfacet
  facet normal -0.51364 -0.858006 -0
    outer loop
      vertex 121.707 10.1851 4
      vertex 121.412 10.3617 0
      vertex 121.707 10.1851 0
    endloop
  endfacet
  facet normal -0.243111 0.969998 0
    outer loop
      vertex 120.778 3.92571 0
      vertex 120.445 3.84225 4
      vertex 120.778 3.92571 4
    endloop
  endfacet
  facet normal -0.243111 0.969998 0
    outer loop
      vertex 120.445 3.84225 4
      vertex 120.778 3.92571 0
      vertex 120.445 3.84225 0
    endloop
  endfacet
  facet normal -0.428129 0.903718 0
    outer loop
      vertex 121.412 4.18828 0
      vertex 121.102 4.04142 4
      vertex 121.412 4.18828 4
    endloop
  endfacet
  facet normal -0.428129 0.903718 0
    outer loop
      vertex 121.102 4.04142 4
      vertex 121.412 4.18828 0
      vertex 121.102 4.04142 0
    endloop
  endfacet
  facet normal 0.595445 -0.803396 0
    outer loop
      vertex 114.542 9.98054 0
      vertex 114.818 10.1851 4
      vertex 114.542 9.98054 4
    endloop
  endfacet
  facet normal 0.595445 -0.803396 0
    outer loop
      vertex 114.818 10.1851 4
      vertex 114.542 9.98054 0
      vertex 114.818 10.1851 0
    endloop
  endfacet
  facet normal 0.740453 0.672108 0
    outer loop
      vertex 114.288 4.80013 4
      vertex 114.057 5.05462 0
      vertex 114.057 5.05462 4
    endloop
  endfacet
  facet normal 0.740453 0.672108 0
    outer loop
      vertex 114.057 5.05462 0
      vertex 114.288 4.80013 4
      vertex 114.288 4.80013 0
    endloop
  endfacet
  facet normal 0.51364 -0.858006 0
    outer loop
      vertex 114.818 10.1851 0
      vertex 115.113 10.3617 4
      vertex 114.818 10.1851 4
    endloop
  endfacet
  facet normal 0.51364 -0.858006 0
    outer loop
      vertex 115.113 10.3617 4
      vertex 114.818 10.1851 0
      vertex 115.113 10.3617 0
    endloop
  endfacet
  facet normal 0.903827 -0.427899 0
    outer loop
      vertex 113.529 8.61439 4
      vertex 113.676 8.92489 0
      vertex 113.676 8.92489 4
    endloop
  endfacet
  facet normal 0.903827 -0.427899 0
    outer loop
      vertex 113.676 8.92489 0
      vertex 113.529 8.61439 4
      vertex 113.529 8.61439 0
    endloop
  endfacet
  facet normal 0.147056 -0.989128 0
    outer loop
      vertex 116.08 10.7077 0
      vertex 116.419 10.7581 4
      vertex 116.08 10.7077 4
    endloop
  endfacet
  facet normal 0.147056 -0.989128 0
    outer loop
      vertex 116.419 10.7581 4
      vertex 116.08 10.7077 0
      vertex 116.419 10.7581 0
    endloop
  endfacet
  facet normal -0.595445 -0.803396 0
    outer loop
      vertex 121.707 10.1851 0
      vertex 121.983 9.98054 4
      vertex 121.707 10.1851 4
    endloop
  endfacet
  facet normal -0.595445 -0.803396 -0
    outer loop
      vertex 121.983 9.98054 4
      vertex 121.707 10.1851 0
      vertex 121.983 9.98054 0
    endloop
  endfacet
  facet normal 0.672291 0.740287 -0
    outer loop
      vertex 114.542 4.56946 0
      vertex 114.288 4.80013 4
      vertex 114.542 4.56946 4
    endloop
  endfacet
  facet normal 0.672291 0.740287 0
    outer loop
      vertex 114.288 4.80013 4
      vertex 114.542 4.56946 0
      vertex 114.288 4.80013 0
    endloop
  endfacet
  facet normal 0.802659 -0.596438 0
    outer loop
      vertex 113.852 9.2195 4
      vertex 114.057 9.49538 0
      vertex 114.057 9.49538 4
    endloop
  endfacet
  facet normal 0.802659 -0.596438 0
    outer loop
      vertex 114.057 9.49538 0
      vertex 113.852 9.2195 4
      vertex 113.852 9.2195 0
    endloop
  endfacet
  facet normal 0.336325 0.941746 -0
    outer loop
      vertex 115.747 3.92571 0
      vertex 115.423 4.04142 4
      vertex 115.747 3.92571 4
    endloop
  endfacet
  facet normal 0.336325 0.941746 0
    outer loop
      vertex 115.423 4.04142 4
      vertex 115.747 3.92571 0
      vertex 115.423 4.04142 0
    endloop
  endfacet
  facet normal 0.3363 -0.941755 0
    outer loop
      vertex 115.423 10.5086 0
      vertex 115.747 10.6243 4
      vertex 115.423 10.5086 4
    endloop
  endfacet
  facet normal 0.3363 -0.941755 0
    outer loop
      vertex 115.747 10.6243 4
      vertex 115.423 10.5086 0
      vertex 115.747 10.6243 0
    endloop
  endfacet
  facet normal 0.242947 -0.97004 0
    outer loop
      vertex 115.747 10.6243 0
      vertex 116.08 10.7077 4
      vertex 115.747 10.6243 4
    endloop
  endfacet
  facet normal 0.242947 -0.97004 0
    outer loop
      vertex 116.08 10.7077 4
      vertex 115.747 10.6243 0
      vertex 116.08 10.7077 0
    endloop
  endfacet
  facet normal 0.740453 -0.672108 0
    outer loop
      vertex 114.057 9.49538 4
      vertex 114.288 9.74987 0
      vertex 114.288 9.74987 4
    endloop
  endfacet
  facet normal 0.740453 -0.672108 0
    outer loop
      vertex 114.288 9.74987 0
      vertex 114.057 9.49538 4
      vertex 114.057 9.49538 0
    endloop
  endfacet
  facet normal 0.941277 0.337636 0
    outer loop
      vertex 113.529 5.93561 4
      vertex 113.413 6.259 0
      vertex 113.413 6.259 4
    endloop
  endfacet
  facet normal 0.941277 0.337636 0
    outer loop
      vertex 113.413 6.259 0
      vertex 113.529 5.93561 4
      vertex 113.529 5.93561 0
    endloop
  endfacet
  facet normal -0.59552 0.803341 0
    outer loop
      vertex 121.983 4.56946 0
      vertex 121.707 4.36486 4
      vertex 121.983 4.56946 4
    endloop
  endfacet
  facet normal -0.59552 0.803341 0
    outer loop
      vertex 121.707 4.36486 4
      vertex 121.983 4.56946 0
      vertex 121.707 4.36486 0
    endloop
  endfacet
  facet normal 0.428129 0.903718 -0
    outer loop
      vertex 115.423 4.04142 0
      vertex 115.113 4.18828 4
      vertex 115.423 4.04142 4
    endloop
  endfacet
  facet normal 0.428129 0.903718 0
    outer loop
      vertex 115.113 4.18828 4
      vertex 115.423 4.04142 0
      vertex 115.113 4.18828 0
    endloop
  endfacet
  facet normal -0.513597 0.858031 0
    outer loop
      vertex 121.707 4.36486 0
      vertex 121.412 4.18828 4
      vertex 121.707 4.36486 4
    endloop
  endfacet
  facet normal -0.513597 0.858031 0
    outer loop
      vertex 121.412 4.18828 4
      vertex 121.707 4.36486 0
      vertex 121.412 4.18828 0
    endloop
  endfacet
  facet normal 0.858476 0.512854 0
    outer loop
      vertex 113.852 5.3305 4
      vertex 113.676 5.62511 0
      vertex 113.676 5.62511 4
    endloop
  endfacet
  facet normal 0.858476 0.512854 0
    outer loop
      vertex 113.676 5.62511 0
      vertex 113.852 5.3305 4
      vertex 113.852 5.3305 0
    endloop
  endfacet
  facet normal 0.988921 0.148443 0
    outer loop
      vertex 113.33 6.59218 4
      vertex 113.279 6.93194 0
      vertex 113.279 6.93194 4
    endloop
  endfacet
  facet normal 0.988921 0.148443 0
    outer loop
      vertex 113.279 6.93194 0
      vertex 113.33 6.59218 4
      vertex 113.33 6.59218 0
    endloop
  endfacet
  facet normal 0.970344 0.241727 0
    outer loop
      vertex 113.413 6.259 4
      vertex 113.33 6.59218 0
      vertex 113.33 6.59218 4
    endloop
  endfacet
  facet normal 0.970344 0.241727 0
    outer loop
      vertex 113.33 6.59218 0
      vertex 113.413 6.259 4
      vertex 113.413 6.259 0
    endloop
  endfacet
  facet normal 0.243111 0.969998 -0
    outer loop
      vertex 116.08 3.84225 0
      vertex 115.747 3.92571 4
      vertex 116.08 3.84225 4
    endloop
  endfacet
  facet normal 0.243111 0.969998 0
    outer loop
      vertex 115.747 3.92571 4
      vertex 116.08 3.84225 0
      vertex 115.747 3.92571 0
    endloop
  endfacet
  facet normal 0.998774 0.0494933 0
    outer loop
      vertex 113.279 6.93194 4
      vertex 113.262 7.275 0
      vertex 113.262 7.275 4
    endloop
  endfacet
  facet normal 0.998774 0.0494933 0
    outer loop
      vertex 113.262 7.275 0
      vertex 113.279 6.93194 4
      vertex 113.279 6.93194 0
    endloop
  endfacet
  facet normal -0.0490687 0.998795 0
    outer loop
      vertex 120.106 -12.0831 0
      vertex 119.762 -12.1 4
      vertex 120.106 -12.0831 4
    endloop
  endfacet
  facet normal -0.0490687 0.998795 0
    outer loop
      vertex 119.762 -12.1 4
      vertex 120.106 -12.0831 0
      vertex 119.762 -12.1 0
    endloop
  endfacet
  facet normal 0.998774 -0.0494933 0
    outer loop
      vertex 113.262 -8.6 4
      vertex 113.279 -8.25694 0
      vertex 113.279 -8.25694 4
    endloop
  endfacet
  facet normal 0.998774 -0.0494933 0
    outer loop
      vertex 113.279 -8.25694 0
      vertex 113.262 -8.6 4
      vertex 113.262 -8.6 0
    endloop
  endfacet
  facet normal 0.941277 0.337636 0
    outer loop
      vertex 113.529 -9.93939 4
      vertex 113.413 -9.616 0
      vertex 113.413 -9.616 4
    endloop
  endfacet
  facet normal 0.941277 0.337636 0
    outer loop
      vertex 113.413 -9.616 0
      vertex 113.529 -9.93939 4
      vertex 113.529 -9.93939 0
    endloop
  endfacet
  facet normal 0.336325 -0.941746 0
    outer loop
      vertex 115.423 -5.36642 0
      vertex 115.747 -5.25071 4
      vertex 115.423 -5.36642 4
    endloop
  endfacet
  facet normal 0.336325 -0.941746 0
    outer loop
      vertex 115.747 -5.25071 4
      vertex 115.423 -5.36642 0
      vertex 115.747 -5.25071 0
    endloop
  endfacet
  facet normal -0.858468 0.512866 0
    outer loop
      vertex 122.673 -10.5445 0
      vertex 122.849 -10.2499 4
      vertex 122.849 -10.2499 0
    endloop
  endfacet
  facet normal -0.858468 0.512866 0
    outer loop
      vertex 122.849 -10.2499 4
      vertex 122.673 -10.5445 0
      vertex 122.673 -10.5445 4
    endloop
  endfacet
  facet normal -0.970344 -0.241727 0
    outer loop
      vertex 123.195 -7.91718 0
      vertex 123.112 -7.584 4
      vertex 123.112 -7.584 0
    endloop
  endfacet
  facet normal -0.970344 -0.241727 0
    outer loop
      vertex 123.112 -7.584 4
      vertex 123.195 -7.91718 0
      vertex 123.195 -7.91718 4
    endloop
  endfacet
  facet normal 0.988921 -0.148443 0
    outer loop
      vertex 113.279 -8.25694 4
      vertex 113.33 -7.91718 0
      vertex 113.33 -7.91718 4
    endloop
  endfacet
  facet normal 0.988921 -0.148443 0
    outer loop
      vertex 113.33 -7.91718 0
      vertex 113.279 -8.25694 4
      vertex 113.279 -8.25694 0
    endloop
  endfacet
  facet normal 0.0490662 -0.998796 0
    outer loop
      vertex 116.419 -5.11685 0
      vertex 116.762 -5.1 4
      vertex 116.419 -5.11685 4
    endloop
  endfacet
  facet normal 0.0490662 -0.998796 0
    outer loop
      vertex 116.762 -5.1 4
      vertex 116.419 -5.11685 0
      vertex 116.762 -5.1 0
    endloop
  endfacet
  facet normal -0.3363 0.941755 0
    outer loop
      vertex 121.102 -11.8336 0
      vertex 120.778 -11.9493 4
      vertex 121.102 -11.8336 4
    endloop
  endfacet
  facet normal -0.3363 0.941755 0
    outer loop
      vertex 120.778 -11.9493 4
      vertex 121.102 -11.8336 0
      vertex 120.778 -11.9493 0
    endloop
  endfacet
  facet normal -0.998914 0.0465884 0
    outer loop
      vertex 123.246 -8.94306 0
      vertex 123.262 -8.6 4
      vertex 123.262 -8.6 0
    endloop
  endfacet
  facet normal -0.998914 0.0465884 0
    outer loop
      vertex 123.262 -8.6 4
      vertex 123.246 -8.94306 0
      vertex 123.246 -8.94306 4
    endloop
  endfacet
  facet normal 0.80268 0.59641 0
    outer loop
      vertex 114.057 -10.8204 4
      vertex 113.852 -10.5445 0
      vertex 113.852 -10.5445 4
    endloop
  endfacet
  facet normal 0.80268 0.59641 0
    outer loop
      vertex 113.852 -10.5445 0
      vertex 114.057 -10.8204 4
      vertex 114.057 -10.8204 0
    endloop
  endfacet
  facet normal -0.941277 -0.337636 0
    outer loop
      vertex 123.112 -7.584 0
      vertex 122.996 -7.26061 4
      vertex 122.996 -7.26061 0
    endloop
  endfacet
  facet normal -0.941277 -0.337636 0
    outer loop
      vertex 122.996 -7.26061 4
      vertex 123.112 -7.584 0
      vertex 123.112 -7.584 4
    endloop
  endfacet
  facet normal -0.988921 0.148443 0
    outer loop
      vertex 123.195 -9.28282 0
      vertex 123.246 -8.94306 4
      vertex 123.246 -8.94306 0
    endloop
  endfacet
  facet normal -0.988921 0.148443 0
    outer loop
      vertex 123.246 -8.94306 4
      vertex 123.195 -9.28282 0
      vertex 123.195 -9.28282 4
    endloop
  endfacet
  facet normal -0.59552 -0.803341 0
    outer loop
      vertex 121.707 -5.68986 0
      vertex 121.983 -5.89446 4
      vertex 121.707 -5.68986 4
    endloop
  endfacet
  facet normal -0.59552 -0.803341 -0
    outer loop
      vertex 121.983 -5.89446 4
      vertex 121.707 -5.68986 0
      vertex 121.983 -5.89446 0
    endloop
  endfacet
  facet normal 0.0492114 0.998788 -0
    outer loop
      vertex 116.762 -12.1 0
      vertex 116.419 -12.0831 4
      vertex 116.762 -12.1 4
    endloop
  endfacet
  facet normal 0.0492114 0.998788 0
    outer loop
      vertex 116.419 -12.0831 4
      vertex 116.762 -12.1 0
      vertex 116.419 -12.0831 0
    endloop
  endfacet
  facet normal 0.243111 -0.969998 0
    outer loop
      vertex 115.747 -5.25071 0
      vertex 116.08 -5.16725 4
      vertex 115.747 -5.25071 4
    endloop
  endfacet
  facet normal 0.243111 -0.969998 0
    outer loop
      vertex 116.08 -5.16725 4
      vertex 115.747 -5.25071 0
      vertex 116.08 -5.16725 0
    endloop
  endfacet
  facet normal 0.903827 -0.427899 0
    outer loop
      vertex 113.529 -7.26061 4
      vertex 113.676 -6.95011 0
      vertex 113.676 -6.95011 4
    endloop
  endfacet
  facet normal 0.903827 -0.427899 0
    outer loop
      vertex 113.676 -6.95011 0
      vertex 113.529 -7.26061 4
      vertex 113.529 -7.26061 0
    endloop
  endfacet
  facet normal -0.988921 -0.148443 0
    outer loop
      vertex 123.246 -8.25694 0
      vertex 123.195 -7.91718 4
      vertex 123.195 -7.91718 0
    endloop
  endfacet
  facet normal -0.988921 -0.148443 0
    outer loop
      vertex 123.195 -7.91718 4
      vertex 123.246 -8.25694 0
      vertex 123.246 -8.25694 4
    endloop
  endfacet
  facet normal -0.903827 -0.427899 0
    outer loop
      vertex 122.996 -7.26061 0
      vertex 122.849 -6.95011 4
      vertex 122.849 -6.95011 0
    endloop
  endfacet
  facet normal -0.903827 -0.427899 0
    outer loop
      vertex 122.849 -6.95011 4
      vertex 122.996 -7.26061 0
      vertex 122.996 -7.26061 4
    endloop
  endfacet
  facet normal 0.740466 0.672093 0
    outer loop
      vertex 114.288 -11.0749 4
      vertex 114.057 -10.8204 0
      vertex 114.057 -10.8204 4
    endloop
  endfacet
  facet normal 0.740466 0.672093 0
    outer loop
      vertex 114.057 -10.8204 0
      vertex 114.288 -11.0749 4
      vertex 114.288 -11.0749 0
    endloop
  endfacet
  facet normal -0.513597 -0.858031 0
    outer loop
      vertex 121.412 -5.51328 0
      vertex 121.707 -5.68986 4
      vertex 121.412 -5.51328 4
    endloop
  endfacet
  facet normal -0.513597 -0.858031 -0
    outer loop
      vertex 121.707 -5.68986 4
      vertex 121.412 -5.51328 0
      vertex 121.707 -5.68986 0
    endloop
  endfacet
  facet normal -0.672291 -0.740287 0
    outer loop
      vertex 121.983 -5.89446 0
      vertex 122.237 -6.12513 4
      vertex 121.983 -5.89446 4
    endloop
  endfacet
  facet normal -0.672291 -0.740287 -0
    outer loop
      vertex 122.237 -6.12513 4
      vertex 121.983 -5.89446 0
      vertex 122.237 -6.12513 0
    endloop
  endfacet
  facet normal -0.147056 0.989128 0
    outer loop
      vertex 120.445 -12.0327 0
      vertex 120.106 -12.0831 4
      vertex 120.445 -12.0327 4
    endloop
  endfacet
  facet normal -0.147056 0.989128 0
    outer loop
      vertex 120.106 -12.0831 4
      vertex 120.445 -12.0327 0
      vertex 120.106 -12.0831 0
    endloop
  endfacet
  facet normal 0.147056 -0.989128 0
    outer loop
      vertex 116.08 -5.16725 0
      vertex 116.419 -5.11685 4
      vertex 116.08 -5.16725 4
    endloop
  endfacet
  facet normal 0.147056 -0.989128 0
    outer loop
      vertex 116.419 -5.11685 4
      vertex 116.08 -5.16725 0
      vertex 116.419 -5.11685 0
    endloop
  endfacet
  facet normal 0.903832 0.427887 0
    outer loop
      vertex 113.676 -10.2499 4
      vertex 113.529 -9.93939 0
      vertex 113.529 -9.93939 4
    endloop
  endfacet
  facet normal 0.903832 0.427887 0
    outer loop
      vertex 113.529 -9.93939 0
      vertex 113.676 -10.2499 4
      vertex 113.676 -10.2499 0
    endloop
  endfacet
  facet normal 0.941277 -0.337636 0
    outer loop
      vertex 113.413 -7.584 4
      vertex 113.529 -7.26061 0
      vertex 113.529 -7.26061 4
    endloop
  endfacet
  facet normal 0.941277 -0.337636 0
    outer loop
      vertex 113.529 -7.26061 0
      vertex 113.413 -7.584 4
      vertex 113.413 -7.584 0
    endloop
  endfacet
  facet normal -0.428129 -0.903718 0
    outer loop
      vertex 121.102 -5.36642 0
      vertex 121.412 -5.51328 4
      vertex 121.102 -5.36642 4
    endloop
  endfacet
  facet normal -0.428129 -0.903718 -0
    outer loop
      vertex 121.412 -5.51328 4
      vertex 121.102 -5.36642 0
      vertex 121.412 -5.51328 0
    endloop
  endfacet
  facet normal -0.998914 -0.0465884 0
    outer loop
      vertex 123.262 -8.6 0
      vertex 123.246 -8.25694 4
      vertex 123.246 -8.25694 0
    endloop
  endfacet
  facet normal -0.998914 -0.0465884 0
    outer loop
      vertex 123.246 -8.25694 4
      vertex 123.262 -8.6 0
      vertex 123.262 -8.6 4
    endloop
  endfacet
  facet normal 0.428129 -0.903718 0
    outer loop
      vertex 115.113 -5.51328 0
      vertex 115.423 -5.36642 4
      vertex 115.113 -5.51328 4
    endloop
  endfacet
  facet normal 0.428129 -0.903718 0
    outer loop
      vertex 115.423 -5.36642 4
      vertex 115.113 -5.51328 0
      vertex 115.423 -5.36642 0
    endloop
  endfacet
  facet normal 0 1 -0
    outer loop
      vertex 119.762 -12.1 0
      vertex 116.762 -12.1 4
      vertex 119.762 -12.1 4
    endloop
  endfacet
  facet normal 0 1 0
    outer loop
      vertex 116.762 -12.1 4
      vertex 119.762 -12.1 0
      vertex 116.762 -12.1 0
    endloop
  endfacet
  facet normal 0.858468 0.512866 0
    outer loop
      vertex 113.852 -10.5445 4
      vertex 113.676 -10.2499 0
      vertex 113.676 -10.2499 4
    endloop
  endfacet
  facet normal 0.858468 0.512866 0
    outer loop
      vertex 113.676 -10.2499 0
      vertex 113.852 -10.5445 4
      vertex 113.852 -10.5445 0
    endloop
  endfacet
  facet normal 0.59552 -0.803341 0
    outer loop
      vertex 114.542 -5.89446 0
      vertex 114.818 -5.68986 4
      vertex 114.542 -5.89446 4
    endloop
  endfacet
  facet normal 0.59552 -0.803341 0
    outer loop
      vertex 114.818 -5.68986 4
      vertex 114.542 -5.89446 0
      vertex 114.818 -5.68986 0
    endloop
  endfacet
  facet normal -0.147056 -0.989128 0
    outer loop
      vertex 120.106 -5.11685 0
      vertex 120.445 -5.16725 4
      vertex 120.106 -5.11685 4
    endloop
  endfacet
  facet normal -0.147056 -0.989128 -0
    outer loop
      vertex 120.445 -5.16725 4
      vertex 120.106 -5.11685 0
      vertex 120.445 -5.16725 0
    endloop
  endfacet
  facet normal -0.428224 0.903673 0
    outer loop
      vertex 121.412 -11.6867 0
      vertex 121.102 -11.8336 4
      vertex 121.412 -11.6867 4
    endloop
  endfacet
  facet normal -0.428224 0.903673 0
    outer loop
      vertex 121.102 -11.8336 4
      vertex 121.412 -11.6867 0
      vertex 121.102 -11.8336 0
    endloop
  endfacet
  facet normal 0.59552 0.803341 -0
    outer loop
      vertex 114.818 -11.5101 0
      vertex 114.542 -11.3055 4
      vertex 114.818 -11.5101 4
    endloop
  endfacet
  facet normal 0.59552 0.803341 0
    outer loop
      vertex 114.542 -11.3055 4
      vertex 114.818 -11.5101 0
      vertex 114.542 -11.3055 0
    endloop
  endfacet
  facet normal -0.0489239 -0.998803 0
    outer loop
      vertex 119.762 -5.1 0
      vertex 120.106 -5.11685 4
      vertex 119.762 -5.1 4
    endloop
  endfacet
  facet normal -0.0489239 -0.998803 -0
    outer loop
      vertex 120.106 -5.11685 4
      vertex 119.762 -5.1 0
      vertex 120.106 -5.11685 0
    endloop
  endfacet
  facet normal -0.740466 0.672093 0
    outer loop
      vertex 122.237 -11.0749 0
      vertex 122.468 -10.8204 4
      vertex 122.468 -10.8204 0
    endloop
  endfacet
  facet normal -0.740466 0.672093 0
    outer loop
      vertex 122.468 -10.8204 4
      vertex 122.237 -11.0749 0
      vertex 122.237 -11.0749 4
    endloop
  endfacet
  facet normal 0.242947 0.97004 -0
    outer loop
      vertex 116.08 -12.0327 0
      vertex 115.747 -11.9493 4
      vertex 116.08 -12.0327 4
    endloop
  endfacet
  facet normal 0.242947 0.97004 0
    outer loop
      vertex 115.747 -11.9493 4
      vertex 116.08 -12.0327 0
      vertex 115.747 -11.9493 0
    endloop
  endfacet
  facet normal -0.941277 0.337636 0
    outer loop
      vertex 122.996 -9.93939 0
      vertex 123.112 -9.616 4
      vertex 123.112 -9.616 0
    endloop
  endfacet
  facet normal -0.941277 0.337636 0
    outer loop
      vertex 123.112 -9.616 4
      vertex 122.996 -9.93939 0
      vertex 122.996 -9.93939 4
    endloop
  endfacet
  facet normal 0.147056 0.989128 -0
    outer loop
      vertex 116.419 -12.0831 0
      vertex 116.08 -12.0327 4
      vertex 116.419 -12.0831 4
    endloop
  endfacet
  facet normal 0.147056 0.989128 0
    outer loop
      vertex 116.08 -12.0327 4
      vertex 116.419 -12.0831 0
      vertex 116.08 -12.0327 0
    endloop
  endfacet
  facet normal 0.672291 -0.740287 0
    outer loop
      vertex 114.288 -6.12513 0
      vertex 114.542 -5.89446 4
      vertex 114.288 -6.12513 4
    endloop
  endfacet
  facet normal 0.672291 -0.740287 0
    outer loop
      vertex 114.542 -5.89446 4
      vertex 114.288 -6.12513 0
      vertex 114.542 -5.89446 0
    endloop
  endfacet
  facet normal 0.970344 -0.241727 0
    outer loop
      vertex 113.33 -7.91718 4
      vertex 113.413 -7.584 0
      vertex 113.413 -7.584 4
    endloop
  endfacet
  facet normal 0.970344 -0.241727 0
    outer loop
      vertex 113.413 -7.584 0
      vertex 113.33 -7.91718 4
      vertex 113.33 -7.91718 0
    endloop
  endfacet
  facet normal 0.970344 0.241727 0
    outer loop
      vertex 113.413 -9.616 4
      vertex 113.33 -9.28282 0
      vertex 113.33 -9.28282 4
    endloop
  endfacet
  facet normal 0.970344 0.241727 0
    outer loop
      vertex 113.33 -9.28282 0
      vertex 113.413 -9.616 4
      vertex 113.413 -9.616 0
    endloop
  endfacet
  facet normal -0.858476 -0.512854 0
    outer loop
      vertex 122.849 -6.95011 0
      vertex 122.673 -6.6555 4
      vertex 122.673 -6.6555 0
    endloop
  endfacet
  facet normal -0.858476 -0.512854 0
    outer loop
      vertex 122.673 -6.6555 4
      vertex 122.849 -6.95011 0
      vertex 122.849 -6.95011 4
    endloop
  endfacet
  facet normal -0.970344 0.241727 0
    outer loop
      vertex 123.112 -9.616 0
      vertex 123.195 -9.28282 4
      vertex 123.195 -9.28282 0
    endloop
  endfacet
  facet normal -0.970344 0.241727 0
    outer loop
      vertex 123.195 -9.28282 4
      vertex 123.112 -9.616 0
      vertex 123.112 -9.616 4
    endloop
  endfacet
  facet normal -0.672179 0.740388 0
    outer loop
      vertex 122.237 -11.0749 0
      vertex 121.983 -11.3055 4
      vertex 122.237 -11.0749 4
    endloop
  endfacet
  facet normal -0.672179 0.740388 0
    outer loop
      vertex 121.983 -11.3055 4
      vertex 122.237 -11.0749 0
      vertex 121.983 -11.3055 0
    endloop
  endfacet
  facet normal 0.858476 -0.512854 0
    outer loop
      vertex 113.676 -6.95011 4
      vertex 113.852 -6.6555 0
      vertex 113.852 -6.6555 4
    endloop
  endfacet
  facet normal 0.858476 -0.512854 0
    outer loop
      vertex 113.852 -6.6555 0
      vertex 113.676 -6.95011 4
      vertex 113.676 -6.95011 0
    endloop
  endfacet
  facet normal 0.513597 -0.858031 0
    outer loop
      vertex 114.818 -5.68986 0
      vertex 115.113 -5.51328 4
      vertex 114.818 -5.68986 4
    endloop
  endfacet
  facet normal 0.513597 -0.858031 0
    outer loop
      vertex 115.113 -5.51328 4
      vertex 114.818 -5.68986 0
      vertex 115.113 -5.51328 0
    endloop
  endfacet
  facet normal -0.740453 -0.672108 0
    outer loop
      vertex 122.468 -6.37962 0
      vertex 122.237 -6.12513 4
      vertex 122.237 -6.12513 0
    endloop
  endfacet
  facet normal -0.740453 -0.672108 0
    outer loop
      vertex 122.237 -6.12513 4
      vertex 122.468 -6.37962 0
      vertex 122.468 -6.37962 4
    endloop
  endfacet
  facet normal -0.51364 0.858006 0
    outer loop
      vertex 121.707 -11.5101 0
      vertex 121.412 -11.6867 4
      vertex 121.707 -11.5101 4
    endloop
  endfacet
  facet normal -0.51364 0.858006 0
    outer loop
      vertex 121.412 -11.6867 4
      vertex 121.707 -11.5101 0
      vertex 121.412 -11.6867 0
    endloop
  endfacet
  facet normal -0.243111 -0.969998 0
    outer loop
      vertex 120.445 -5.16725 0
      vertex 120.778 -5.25071 4
      vertex 120.445 -5.16725 4
    endloop
  endfacet
  facet normal -0.243111 -0.969998 -0
    outer loop
      vertex 120.778 -5.25071 4
      vertex 120.445 -5.16725 0
      vertex 120.778 -5.25071 0
    endloop
  endfacet
  facet normal 0.3363 0.941755 -0
    outer loop
      vertex 115.747 -11.9493 0
      vertex 115.423 -11.8336 4
      vertex 115.747 -11.9493 4
    endloop
  endfacet
  facet normal 0.3363 0.941755 0
    outer loop
      vertex 115.423 -11.8336 4
      vertex 115.747 -11.9493 0
      vertex 115.423 -11.8336 0
    endloop
  endfacet
  facet normal 0 -1 0
    outer loop
      vertex 116.762 -5.1 0
      vertex 119.762 -5.1 4
      vertex 116.762 -5.1 4
    endloop
  endfacet
  facet normal 0 -1 -0
    outer loop
      vertex 119.762 -5.1 4
      vertex 116.762 -5.1 0
      vertex 119.762 -5.1 0
    endloop
  endfacet
  facet normal -0.336325 -0.941746 0
    outer loop
      vertex 120.778 -5.25071 0
      vertex 121.102 -5.36642 4
      vertex 120.778 -5.25071 4
    endloop
  endfacet
  facet normal -0.336325 -0.941746 -0
    outer loop
      vertex 121.102 -5.36642 4
      vertex 120.778 -5.25071 0
      vertex 121.102 -5.36642 0
    endloop
  endfacet
  facet normal -0.80268 0.59641 0
    outer loop
      vertex 122.468 -10.8204 0
      vertex 122.673 -10.5445 4
      vertex 122.673 -10.5445 0
    endloop
  endfacet
  facet normal -0.80268 0.59641 0
    outer loop
      vertex 122.673 -10.5445 4
      vertex 122.468 -10.8204 0
      vertex 122.468 -10.8204 4
    endloop
  endfacet
  facet normal 0.802659 -0.596438 0
    outer loop
      vertex 113.852 -6.6555 4
      vertex 114.057 -6.37962 0
      vertex 114.057 -6.37962 4
    endloop
  endfacet
  facet normal 0.802659 -0.596438 0
    outer loop
      vertex 114.057 -6.37962 0
      vertex 113.852 -6.6555 4
      vertex 113.852 -6.6555 0
    endloop
  endfacet
  facet normal -0.802659 -0.596438 0
    outer loop
      vertex 122.673 -6.6555 0
      vertex 122.468 -6.37962 4
      vertex 122.468 -6.37962 0
    endloop
  endfacet
  facet normal -0.802659 -0.596438 0
    outer loop
      vertex 122.468 -6.37962 4
      vertex 122.673 -6.6555 0
      vertex 122.673 -6.6555 4
    endloop
  endfacet
  facet normal 0.672179 0.740388 -0
    outer loop
      vertex 114.542 -11.3055 0
      vertex 114.288 -11.0749 4
      vertex 114.542 -11.3055 4
    endloop
  endfacet
  facet normal 0.672179 0.740388 0
    outer loop
      vertex 114.288 -11.0749 4
      vertex 114.542 -11.3055 0
      vertex 114.288 -11.0749 0
    endloop
  endfacet
  facet normal 0.740453 -0.672108 0
    outer loop
      vertex 114.057 -6.37962 4
      vertex 114.288 -6.12513 0
      vertex 114.288 -6.12513 4
    endloop
  endfacet
  facet normal 0.740453 -0.672108 0
    outer loop
      vertex 114.288 -6.12513 0
      vertex 114.057 -6.37962 4
      vertex 114.057 -6.37962 0
    endloop
  endfacet
  facet normal 0.998774 0.0494933 0
    outer loop
      vertex 113.279 -8.94306 4
      vertex 113.262 -8.6 0
      vertex 113.262 -8.6 4
    endloop
  endfacet
  facet normal 0.998774 0.0494933 0
    outer loop
      vertex 113.262 -8.6 0
      vertex 113.279 -8.94306 4
      vertex 113.279 -8.94306 0
    endloop
  endfacet
  facet normal -0.59552 0.803341 0
    outer loop
      vertex 121.983 -11.3055 0
      vertex 121.707 -11.5101 4
      vertex 121.983 -11.3055 4
    endloop
  endfacet
  facet normal -0.59552 0.803341 0
    outer loop
      vertex 121.707 -11.5101 4
      vertex 121.983 -11.3055 0
      vertex 121.707 -11.5101 0
    endloop
  endfacet
  facet normal -0.242947 0.97004 0
    outer loop
      vertex 120.778 -11.9493 0
      vertex 120.445 -12.0327 4
      vertex 120.778 -11.9493 4
    endloop
  endfacet
  facet normal -0.242947 0.97004 0
    outer loop
      vertex 120.445 -12.0327 4
      vertex 120.778 -11.9493 0
      vertex 120.445 -12.0327 0
    endloop
  endfacet
  facet normal -0.903832 0.427887 0
    outer loop
      vertex 122.849 -10.2499 0
      vertex 122.996 -9.93939 4
      vertex 122.996 -9.93939 0
    endloop
  endfacet
  facet normal -0.903832 0.427887 0
    outer loop
      vertex 122.996 -9.93939 4
      vertex 122.849 -10.2499 0
      vertex 122.849 -10.2499 4
    endloop
  endfacet
  facet normal 0.51364 0.858006 -0
    outer loop
      vertex 115.113 -11.6867 0
      vertex 114.818 -11.5101 4
      vertex 115.113 -11.6867 4
    endloop
  endfacet
  facet normal 0.51364 0.858006 0
    outer loop
      vertex 114.818 -11.5101 4
      vertex 115.113 -11.6867 0
      vertex 114.818 -11.5101 0
    endloop
  endfacet
  facet normal 0.428224 0.903673 -0
    outer loop
      vertex 115.423 -11.8336 0
      vertex 115.113 -11.6867 4
      vertex 115.423 -11.8336 4
    endloop
  endfacet
  facet normal 0.428224 0.903673 0
    outer loop
      vertex 115.113 -11.6867 4
      vertex 115.423 -11.8336 0
      vertex 115.113 -11.6867 0
    endloop
  endfacet
  facet normal 0.988921 0.148443 0
    outer loop
      vertex 113.33 -9.28282 4
      vertex 113.279 -8.94306 0
      vertex 113.279 -8.94306 4
    endloop
  endfacet
  facet normal 0.988921 0.148443 0
    outer loop
      vertex 113.279 -8.94306 0
      vertex 113.33 -9.28282 4
      vertex 113.33 -9.28282 0
    endloop
  endfacet
  facet normal 0.998775 -0.0494875 0
    outer loop
      vertex 113.262 -21.3 4
      vertex 113.279 -20.9569 0
      vertex 113.279 -20.9569 4
    endloop
  endfacet
  facet normal 0.998775 -0.0494875 0
    outer loop
      vertex 113.279 -20.9569 0
      vertex 113.262 -21.3 4
      vertex 113.262 -21.3 0
    endloop
  endfacet
  facet normal -0.858468 0.512866 0
    outer loop
      vertex 122.673 -23.2445 0
      vertex 122.849 -22.9499 4
      vertex 122.849 -22.9499 0
    endloop
  endfacet
  facet normal -0.858468 0.512866 0
    outer loop
      vertex 122.849 -22.9499 4
      vertex 122.673 -23.2445 0
      vertex 122.673 -23.2445 4
    endloop
  endfacet
  facet normal -0.740466 0.672093 0
    outer loop
      vertex 122.237 -23.7749 0
      vertex 122.468 -23.5204 4
      vertex 122.468 -23.5204 0
    endloop
  endfacet
  facet normal -0.740466 0.672093 0
    outer loop
      vertex 122.468 -23.5204 4
      vertex 122.237 -23.7749 0
      vertex 122.237 -23.7749 4
    endloop
  endfacet
  facet normal -0.970348 -0.241713 0
    outer loop
      vertex 123.195 -20.6172 0
      vertex 123.112 -20.284 4
      vertex 123.112 -20.284 0
    endloop
  endfacet
  facet normal -0.970348 -0.241713 0
    outer loop
      vertex 123.112 -20.284 4
      vertex 123.195 -20.6172 0
      vertex 123.195 -20.6172 4
    endloop
  endfacet
  facet normal -0.988917 -0.148469 0
    outer loop
      vertex 123.246 -20.9569 0
      vertex 123.195 -20.6172 4
      vertex 123.195 -20.6172 0
    endloop
  endfacet
  facet normal -0.988917 -0.148469 0
    outer loop
      vertex 123.195 -20.6172 4
      vertex 123.246 -20.9569 0
      vertex 123.246 -20.9569 4
    endloop
  endfacet
  facet normal -0.0490687 -0.998795 0
    outer loop
      vertex 119.762 -17.8 0
      vertex 120.106 -17.8169 4
      vertex 119.762 -17.8 4
    endloop
  endfacet
  facet normal -0.0490687 -0.998795 -0
    outer loop
      vertex 120.106 -17.8169 4
      vertex 119.762 -17.8 0
      vertex 120.106 -17.8169 0
    endloop
  endfacet
  facet normal -0.51364 -0.858006 0
    outer loop
      vertex 121.412 -18.2133 0
      vertex 121.707 -18.3899 4
      vertex 121.412 -18.2133 4
    endloop
  endfacet
  facet normal -0.51364 -0.858006 -0
    outer loop
      vertex 121.707 -18.3899 4
      vertex 121.412 -18.2133 0
      vertex 121.707 -18.3899 0
    endloop
  endfacet
  facet normal -0.428224 -0.903673 0
    outer loop
      vertex 121.102 -18.0664 0
      vertex 121.412 -18.2133 4
      vertex 121.102 -18.0664 4
    endloop
  endfacet
  facet normal -0.428224 -0.903673 -0
    outer loop
      vertex 121.412 -18.2133 4
      vertex 121.102 -18.0664 0
      vertex 121.412 -18.2133 0
    endloop
  endfacet
  facet normal 0.94128 -0.337627 0
    outer loop
      vertex 113.413 -20.284 4
      vertex 113.529 -19.9606 0
      vertex 113.529 -19.9606 4
    endloop
  endfacet
  facet normal 0.94128 -0.337627 0
    outer loop
      vertex 113.529 -19.9606 0
      vertex 113.413 -20.284 4
      vertex 113.413 -20.284 0
    endloop
  endfacet
  facet normal 0.242947 0.97004 -0
    outer loop
      vertex 116.08 -24.7327 0
      vertex 115.747 -24.6493 4
      vertex 116.08 -24.7327 4
    endloop
  endfacet
  facet normal 0.242947 0.97004 0
    outer loop
      vertex 115.747 -24.6493 4
      vertex 116.08 -24.7327 0
      vertex 115.747 -24.6493 0
    endloop
  endfacet
  facet normal -0.59552 -0.803341 0
    outer loop
      vertex 121.707 -18.3899 0
      vertex 121.983 -18.5945 4
      vertex 121.707 -18.3899 4
    endloop
  endfacet
  facet normal -0.59552 -0.803341 -0
    outer loop
      vertex 121.983 -18.5945 4
      vertex 121.707 -18.3899 0
      vertex 121.983 -18.5945 0
    endloop
  endfacet
  facet normal -0.740466 -0.672093 0
    outer loop
      vertex 122.468 -19.0796 0
      vertex 122.237 -18.8251 4
      vertex 122.237 -18.8251 0
    endloop
  endfacet
  facet normal -0.740466 -0.672093 0
    outer loop
      vertex 122.237 -18.8251 4
      vertex 122.468 -19.0796 0
      vertex 122.468 -19.0796 4
    endloop
  endfacet
  facet normal -0.988917 0.148469 0
    outer loop
      vertex 123.195 -21.9828 0
      vertex 123.246 -21.6431 4
      vertex 123.246 -21.6431 0
    endloop
  endfacet
  facet normal -0.988917 0.148469 0
    outer loop
      vertex 123.246 -21.6431 4
      vertex 123.195 -21.9828 0
      vertex 123.195 -21.9828 4
    endloop
  endfacet
  facet normal 0.59552 -0.803341 0
    outer loop
      vertex 114.542 -18.5945 0
      vertex 114.818 -18.3899 4
      vertex 114.542 -18.5945 4
    endloop
  endfacet
  facet normal 0.59552 -0.803341 0
    outer loop
      vertex 114.818 -18.3899 4
      vertex 114.542 -18.5945 0
      vertex 114.818 -18.3899 0
    endloop
  endfacet
  facet normal 0.428224 0.903673 -0
    outer loop
      vertex 115.423 -24.5336 0
      vertex 115.113 -24.3867 4
      vertex 115.423 -24.5336 4
    endloop
  endfacet
  facet normal 0.428224 0.903673 0
    outer loop
      vertex 115.113 -24.3867 4
      vertex 115.423 -24.5336 0
      vertex 115.113 -24.3867 0
    endloop
  endfacet
  facet normal 0.740466 -0.672093 0
    outer loop
      vertex 114.057 -19.0796 4
      vertex 114.288 -18.8251 0
      vertex 114.288 -18.8251 4
    endloop
  endfacet
  facet normal 0.740466 -0.672093 0
    outer loop
      vertex 114.288 -18.8251 0
      vertex 114.057 -19.0796 4
      vertex 114.057 -19.0796 0
    endloop
  endfacet
  facet normal -0.80268 0.59641 0
    outer loop
      vertex 122.468 -23.5204 0
      vertex 122.673 -23.2445 4
      vertex 122.673 -23.2445 0
    endloop
  endfacet
  facet normal -0.80268 0.59641 0
    outer loop
      vertex 122.673 -23.2445 4
      vertex 122.468 -23.5204 0
      vertex 122.468 -23.5204 4
    endloop
  endfacet
  facet normal 0.988917 -0.148469 0
    outer loop
      vertex 113.279 -20.9569 4
      vertex 113.33 -20.6172 0
      vertex 113.33 -20.6172 4
    endloop
  endfacet
  facet normal 0.988917 -0.148469 0
    outer loop
      vertex 113.33 -20.6172 0
      vertex 113.279 -20.9569 4
      vertex 113.279 -20.9569 0
    endloop
  endfacet
  facet normal -0.428224 0.903673 0
    outer loop
      vertex 121.412 -24.3867 0
      vertex 121.102 -24.5336 4
      vertex 121.412 -24.3867 4
    endloop
  endfacet
  facet normal -0.428224 0.903673 0
    outer loop
      vertex 121.102 -24.5336 4
      vertex 121.412 -24.3867 0
      vertex 121.102 -24.5336 0
    endloop
  endfacet
  facet normal -0.672179 -0.740388 0
    outer loop
      vertex 121.983 -18.5945 0
      vertex 122.237 -18.8251 4
      vertex 121.983 -18.5945 4
    endloop
  endfacet
  facet normal -0.672179 -0.740388 -0
    outer loop
      vertex 122.237 -18.8251 4
      vertex 121.983 -18.5945 0
      vertex 122.237 -18.8251 0
    endloop
  endfacet
  facet normal -0.970348 0.241713 0
    outer loop
      vertex 123.112 -22.316 0
      vertex 123.195 -21.9828 4
      vertex 123.195 -21.9828 0
    endloop
  endfacet
  facet normal -0.970348 0.241713 0
    outer loop
      vertex 123.195 -21.9828 4
      vertex 123.112 -22.316 0
      vertex 123.112 -22.316 4
    endloop
  endfacet
  facet normal -0.998914 0.046583 0
    outer loop
      vertex 123.246 -21.6431 0
      vertex 123.262 -21.3 4
      vertex 123.262 -21.3 0
    endloop
  endfacet
  facet normal -0.998914 0.046583 0
    outer loop
      vertex 123.262 -21.3 4
      vertex 123.246 -21.6431 0
      vertex 123.246 -21.6431 4
    endloop
  endfacet
  facet normal 0.0492114 0.998788 -0
    outer loop
      vertex 116.762 -24.8 0
      vertex 116.419 -24.7831 4
      vertex 116.762 -24.8 4
    endloop
  endfacet
  facet normal 0.0492114 0.998788 0
    outer loop
      vertex 116.419 -24.7831 4
      vertex 116.762 -24.8 0
      vertex 116.419 -24.7831 0
    endloop
  endfacet
  facet normal -0.903827 -0.427899 0
    outer loop
      vertex 122.996 -19.9606 0
      vertex 122.849 -19.6501 4
      vertex 122.849 -19.6501 0
    endloop
  endfacet
  facet normal -0.903827 -0.427899 0
    outer loop
      vertex 122.849 -19.6501 4
      vertex 122.996 -19.9606 0
      vertex 122.996 -19.9606 4
    endloop
  endfacet
  facet normal -0.94128 -0.337627 0
    outer loop
      vertex 123.112 -20.284 0
      vertex 122.996 -19.9606 4
      vertex 122.996 -19.9606 0
    endloop
  endfacet
  facet normal -0.94128 -0.337627 0
    outer loop
      vertex 122.996 -19.9606 4
      vertex 123.112 -20.284 0
      vertex 123.112 -20.284 4
    endloop
  endfacet
  facet normal 0.3363 -0.941755 0
    outer loop
      vertex 115.423 -18.0664 0
      vertex 115.747 -17.9507 4
      vertex 115.423 -18.0664 4
    endloop
  endfacet
  facet normal 0.3363 -0.941755 0
    outer loop
      vertex 115.747 -17.9507 4
      vertex 115.423 -18.0664 0
      vertex 115.747 -17.9507 0
    endloop
  endfacet
  facet normal 0.51364 -0.858006 0
    outer loop
      vertex 114.818 -18.3899 0
      vertex 115.113 -18.2133 4
      vertex 114.818 -18.3899 4
    endloop
  endfacet
  facet normal 0.51364 -0.858006 0
    outer loop
      vertex 115.113 -18.2133 4
      vertex 114.818 -18.3899 0
      vertex 115.113 -18.2133 0
    endloop
  endfacet
  facet normal 0.970348 -0.241713 0
    outer loop
      vertex 113.33 -20.6172 4
      vertex 113.413 -20.284 0
      vertex 113.413 -20.284 4
    endloop
  endfacet
  facet normal 0.970348 -0.241713 0
    outer loop
      vertex 113.413 -20.284 0
      vertex 113.33 -20.6172 4
      vertex 113.33 -20.6172 0
    endloop
  endfacet
  facet normal 0.59552 0.803341 -0
    outer loop
      vertex 114.818 -24.2101 0
      vertex 114.542 -24.0055 4
      vertex 114.818 -24.2101 4
    endloop
  endfacet
  facet normal 0.59552 0.803341 0
    outer loop
      vertex 114.542 -24.0055 4
      vertex 114.818 -24.2101 0
      vertex 114.542 -24.0055 0
    endloop
  endfacet
  facet normal 0.94128 0.337627 0
    outer loop
      vertex 113.529 -22.6394 4
      vertex 113.413 -22.316 0
      vertex 113.413 -22.316 4
    endloop
  endfacet
  facet normal 0.94128 0.337627 0
    outer loop
      vertex 113.413 -22.316 0
      vertex 113.529 -22.6394 4
      vertex 113.529 -22.6394 0
    endloop
  endfacet
  facet normal 0.3363 0.941755 -0
    outer loop
      vertex 115.747 -24.6493 0
      vertex 115.423 -24.5336 4
      vertex 115.747 -24.6493 4
    endloop
  endfacet
  facet normal 0.3363 0.941755 0
    outer loop
      vertex 115.423 -24.5336 4
      vertex 115.747 -24.6493 0
      vertex 115.423 -24.5336 0
    endloop
  endfacet
  facet normal 0.147056 0.989128 -0
    outer loop
      vertex 116.419 -24.7831 0
      vertex 116.08 -24.7327 4
      vertex 116.419 -24.7831 4
    endloop
  endfacet
  facet normal 0.147056 0.989128 0
    outer loop
      vertex 116.08 -24.7327 4
      vertex 116.419 -24.7831 0
      vertex 116.08 -24.7327 0
    endloop
  endfacet
  facet normal -0.0490687 0.998795 0
    outer loop
      vertex 120.106 -24.7831 0
      vertex 119.762 -24.8 4
      vertex 120.106 -24.7831 4
    endloop
  endfacet
  facet normal -0.0490687 0.998795 0
    outer loop
      vertex 119.762 -24.8 4
      vertex 120.106 -24.7831 0
      vertex 119.762 -24.8 0
    endloop
  endfacet
  facet normal 0 1 -0
    outer loop
      vertex 119.762 -24.8 0
      vertex 116.762 -24.8 4
      vertex 119.762 -24.8 4
    endloop
  endfacet
  facet normal 0 1 0
    outer loop
      vertex 116.762 -24.8 4
      vertex 119.762 -24.8 0
      vertex 116.762 -24.8 0
    endloop
  endfacet
  facet normal 0.858468 -0.512866 0
    outer loop
      vertex 113.676 -19.6501 4
      vertex 113.852 -19.3555 0
      vertex 113.852 -19.3555 4
    endloop
  endfacet
  facet normal 0.858468 -0.512866 0
    outer loop
      vertex 113.852 -19.3555 0
      vertex 113.676 -19.6501 4
      vertex 113.676 -19.6501 0
    endloop
  endfacet
  facet normal -0.147056 -0.989128 0
    outer loop
      vertex 120.106 -17.8169 0
      vertex 120.445 -17.8673 4
      vertex 120.106 -17.8169 4
    endloop
  endfacet
  facet normal -0.147056 -0.989128 -0
    outer loop
      vertex 120.445 -17.8673 4
      vertex 120.106 -17.8169 0
      vertex 120.445 -17.8673 0
    endloop
  endfacet
  facet normal 0.998775 0.0494875 0
    outer loop
      vertex 113.279 -21.6431 4
      vertex 113.262 -21.3 0
      vertex 113.262 -21.3 4
    endloop
  endfacet
  facet normal 0.998775 0.0494875 0
    outer loop
      vertex 113.262 -21.3 0
      vertex 113.279 -21.6431 4
      vertex 113.279 -21.6431 0
    endloop
  endfacet
  facet normal 0.858468 0.512866 0
    outer loop
      vertex 113.852 -23.2445 4
      vertex 113.676 -22.9499 0
      vertex 113.676 -22.9499 4
    endloop
  endfacet
  facet normal 0.858468 0.512866 0
    outer loop
      vertex 113.676 -22.9499 0
      vertex 113.852 -23.2445 4
      vertex 113.852 -23.2445 0
    endloop
  endfacet
  facet normal 0.242947 -0.97004 0
    outer loop
      vertex 115.747 -17.9507 0
      vertex 116.08 -17.8673 4
      vertex 115.747 -17.9507 4
    endloop
  endfacet
  facet normal 0.242947 -0.97004 0
    outer loop
      vertex 116.08 -17.8673 4
      vertex 115.747 -17.9507 0
      vertex 116.08 -17.8673 0
    endloop
  endfacet
  facet normal 0 -1 0
    outer loop
      vertex 116.762 -17.8 0
      vertex 119.762 -17.8 4
      vertex 116.762 -17.8 4
    endloop
  endfacet
  facet normal 0 -1 -0
    outer loop
      vertex 119.762 -17.8 4
      vertex 116.762 -17.8 0
      vertex 119.762 -17.8 0
    endloop
  endfacet
  facet normal -0.998914 -0.046583 0
    outer loop
      vertex 123.262 -21.3 0
      vertex 123.246 -20.9569 4
      vertex 123.246 -20.9569 0
    endloop
  endfacet
  facet normal -0.998914 -0.046583 0
    outer loop
      vertex 123.246 -20.9569 4
      vertex 123.262 -21.3 0
      vertex 123.262 -21.3 4
    endloop
  endfacet
  facet normal -0.3363 -0.941755 0
    outer loop
      vertex 120.778 -17.9507 0
      vertex 121.102 -18.0664 4
      vertex 120.778 -17.9507 4
    endloop
  endfacet
  facet normal -0.3363 -0.941755 -0
    outer loop
      vertex 121.102 -18.0664 4
      vertex 120.778 -17.9507 0
      vertex 121.102 -18.0664 0
    endloop
  endfacet
  facet normal -0.80268 -0.59641 0
    outer loop
      vertex 122.673 -19.3555 0
      vertex 122.468 -19.0796 4
      vertex 122.468 -19.0796 0
    endloop
  endfacet
  facet normal -0.80268 -0.59641 0
    outer loop
      vertex 122.468 -19.0796 4
      vertex 122.673 -19.3555 0
      vertex 122.673 -19.3555 4
    endloop
  endfacet
  facet normal 0.0492114 -0.998788 0
    outer loop
      vertex 116.419 -17.8169 0
      vertex 116.762 -17.8 4
      vertex 116.419 -17.8169 4
    endloop
  endfacet
  facet normal 0.0492114 -0.998788 0
    outer loop
      vertex 116.762 -17.8 4
      vertex 116.419 -17.8169 0
      vertex 116.762 -17.8 0
    endloop
  endfacet
  facet normal -0.3363 0.941755 0
    outer loop
      vertex 121.102 -24.5336 0
      vertex 120.778 -24.6493 4
      vertex 121.102 -24.5336 4
    endloop
  endfacet
  facet normal -0.3363 0.941755 0
    outer loop
      vertex 120.778 -24.6493 4
      vertex 121.102 -24.5336 0
      vertex 120.778 -24.6493 0
    endloop
  endfacet
  facet normal -0.858468 -0.512866 0
    outer loop
      vertex 122.849 -19.6501 0
      vertex 122.673 -19.3555 4
      vertex 122.673 -19.3555 0
    endloop
  endfacet
  facet normal -0.858468 -0.512866 0
    outer loop
      vertex 122.673 -19.3555 4
      vertex 122.849 -19.6501 0
      vertex 122.849 -19.6501 4
    endloop
  endfacet
  facet normal 0.740466 0.672093 0
    outer loop
      vertex 114.288 -23.7749 4
      vertex 114.057 -23.5204 0
      vertex 114.057 -23.5204 4
    endloop
  endfacet
  facet normal 0.740466 0.672093 0
    outer loop
      vertex 114.057 -23.5204 0
      vertex 114.288 -23.7749 4
      vertex 114.288 -23.7749 0
    endloop
  endfacet
  facet normal -0.51364 0.858006 0
    outer loop
      vertex 121.707 -24.2101 0
      vertex 121.412 -24.3867 4
      vertex 121.707 -24.2101 4
    endloop
  endfacet
  facet normal -0.51364 0.858006 0
    outer loop
      vertex 121.412 -24.3867 4
      vertex 121.707 -24.2101 0
      vertex 121.412 -24.3867 0
    endloop
  endfacet
  facet normal -0.903827 0.427899 0
    outer loop
      vertex 122.849 -22.9499 0
      vertex 122.996 -22.6394 4
      vertex 122.996 -22.6394 0
    endloop
  endfacet
  facet normal -0.903827 0.427899 0
    outer loop
      vertex 122.996 -22.6394 4
      vertex 122.849 -22.9499 0
      vertex 122.849 -22.9499 4
    endloop
  endfacet
  facet normal 0.672179 -0.740388 0
    outer loop
      vertex 114.288 -18.8251 0
      vertex 114.542 -18.5945 4
      vertex 114.288 -18.8251 4
    endloop
  endfacet
  facet normal 0.672179 -0.740388 0
    outer loop
      vertex 114.542 -18.5945 4
      vertex 114.288 -18.8251 0
      vertex 114.542 -18.5945 0
    endloop
  endfacet
  facet normal 0.80268 -0.59641 0
    outer loop
      vertex 113.852 -19.3555 4
      vertex 114.057 -19.0796 0
      vertex 114.057 -19.0796 4
    endloop
  endfacet
  facet normal 0.80268 -0.59641 0
    outer loop
      vertex 114.057 -19.0796 0
      vertex 113.852 -19.3555 4
      vertex 113.852 -19.3555 0
    endloop
  endfacet
  facet normal -0.147056 0.989128 0
    outer loop
      vertex 120.445 -24.7327 0
      vertex 120.106 -24.7831 4
      vertex 120.445 -24.7327 4
    endloop
  endfacet
  facet normal -0.147056 0.989128 0
    outer loop
      vertex 120.106 -24.7831 4
      vertex 120.445 -24.7327 0
      vertex 120.106 -24.7831 0
    endloop
  endfacet
  facet normal 0.51364 0.858006 -0
    outer loop
      vertex 115.113 -24.3867 0
      vertex 114.818 -24.2101 4
      vertex 115.113 -24.3867 4
    endloop
  endfacet
  facet normal 0.51364 0.858006 0
    outer loop
      vertex 114.818 -24.2101 4
      vertex 115.113 -24.3867 0
      vertex 114.818 -24.2101 0
    endloop
  endfacet
  facet normal -0.242947 -0.97004 0
    outer loop
      vertex 120.445 -17.8673 0
      vertex 120.778 -17.9507 4
      vertex 120.445 -17.8673 4
    endloop
  endfacet
  facet normal -0.242947 -0.97004 -0
    outer loop
      vertex 120.778 -17.9507 4
      vertex 120.445 -17.8673 0
      vertex 120.778 -17.9507 0
    endloop
  endfacet
  facet normal 0.147056 -0.989128 0
    outer loop
      vertex 116.08 -17.8673 0
      vertex 116.419 -17.8169 4
      vertex 116.08 -17.8673 4
    endloop
  endfacet
  facet normal 0.147056 -0.989128 0
    outer loop
      vertex 116.419 -17.8169 4
      vertex 116.08 -17.8673 0
      vertex 116.419 -17.8169 0
    endloop
  endfacet
  facet normal -0.94128 0.337627 0
    outer loop
      vertex 122.996 -22.6394 0
      vertex 123.112 -22.316 4
      vertex 123.112 -22.316 0
    endloop
  endfacet
  facet normal -0.94128 0.337627 0
    outer loop
      vertex 123.112 -22.316 4
      vertex 122.996 -22.6394 0
      vertex 122.996 -22.6394 4
    endloop
  endfacet
  facet normal 0.80268 0.59641 0
    outer loop
      vertex 114.057 -23.5204 4
      vertex 113.852 -23.2445 0
      vertex 113.852 -23.2445 4
    endloop
  endfacet
  facet normal 0.80268 0.59641 0
    outer loop
      vertex 113.852 -23.2445 0
      vertex 114.057 -23.5204 4
      vertex 114.057 -23.5204 0
    endloop
  endfacet
  facet normal -0.242947 0.97004 0
    outer loop
      vertex 120.778 -24.6493 0
      vertex 120.445 -24.7327 4
      vertex 120.778 -24.6493 4
    endloop
  endfacet
  facet normal -0.242947 0.97004 0
    outer loop
      vertex 120.445 -24.7327 4
      vertex 120.778 -24.6493 0
      vertex 120.445 -24.7327 0
    endloop
  endfacet
  facet normal 0.428224 -0.903673 0
    outer loop
      vertex 115.113 -18.2133 0
      vertex 115.423 -18.0664 4
      vertex 115.113 -18.2133 4
    endloop
  endfacet
  facet normal 0.428224 -0.903673 0
    outer loop
      vertex 115.423 -18.0664 4
      vertex 115.113 -18.2133 0
      vertex 115.423 -18.0664 0
    endloop
  endfacet
  facet normal 0.903827 0.427899 0
    outer loop
      vertex 113.676 -22.9499 4
      vertex 113.529 -22.6394 0
      vertex 113.529 -22.6394 4
    endloop
  endfacet
  facet normal 0.903827 0.427899 0
    outer loop
      vertex 113.529 -22.6394 0
      vertex 113.676 -22.9499 4
      vertex 113.676 -22.9499 0
    endloop
  endfacet
  facet normal 0.672179 0.740388 -0
    outer loop
      vertex 114.542 -24.0055 0
      vertex 114.288 -23.7749 4
      vertex 114.542 -24.0055 4
    endloop
  endfacet
  facet normal 0.672179 0.740388 0
    outer loop
      vertex 114.288 -23.7749 4
      vertex 114.542 -24.0055 0
      vertex 114.288 -23.7749 0
    endloop
  endfacet
  facet normal 0.903827 -0.427899 0
    outer loop
      vertex 113.529 -19.9606 4
      vertex 113.676 -19.6501 0
      vertex 113.676 -19.6501 4
    endloop
  endfacet
  facet normal 0.903827 -0.427899 0
    outer loop
      vertex 113.676 -19.6501 0
      vertex 113.529 -19.9606 4
      vertex 113.529 -19.9606 0
    endloop
  endfacet
  facet normal -0.672179 0.740388 0
    outer loop
      vertex 122.237 -23.7749 0
      vertex 121.983 -24.0055 4
      vertex 122.237 -23.7749 4
    endloop
  endfacet
  facet normal -0.672179 0.740388 0
    outer loop
      vertex 121.983 -24.0055 4
      vertex 122.237 -23.7749 0
      vertex 121.983 -24.0055 0
    endloop
  endfacet
  facet normal -0.59552 0.803341 0
    outer loop
      vertex 121.983 -24.0055 0
      vertex 121.707 -24.2101 4
      vertex 121.983 -24.0055 4
    endloop
  endfacet
  facet normal -0.59552 0.803341 0
    outer loop
      vertex 121.707 -24.2101 4
      vertex 121.983 -24.0055 0
      vertex 121.707 -24.2101 0
    endloop
  endfacet
  facet normal 0.970348 0.241713 0
    outer loop
      vertex 113.413 -22.316 4
      vertex 113.33 -21.9828 0
      vertex 113.33 -21.9828 4
    endloop
  endfacet
  facet normal 0.970348 0.241713 0
    outer loop
      vertex 113.33 -21.9828 0
      vertex 113.413 -22.316 4
      vertex 113.413 -22.316 0
    endloop
  endfacet
  facet normal 0.988917 0.148469 0
    outer loop
      vertex 113.33 -21.9828 4
      vertex 113.279 -21.6431 0
      vertex 113.279 -21.6431 4
    endloop
  endfacet
  facet normal 0.988917 0.148469 0
    outer loop
      vertex 113.279 -21.6431 0
      vertex 113.33 -21.9828 4
      vertex 113.33 -21.9828 0
    endloop
  endfacet
  facet normal -0.4275 0 -0.904015
    outer loop
      vertex 86.8101 -26.5 127.077
      vertex 87.7046 -23.51 126.654
      vertex 87.7046 -26.5 126.654
    endloop
  endfacet
  facet normal -0.4275 0 -0.904015
    outer loop
      vertex 87.7046 -23.51 126.654
      vertex 86.8101 -26.5 127.077
      vertex 86.8101 -23.51 127.077
    endloop
  endfacet
  facet normal 0.513575 0 -0.858045
    outer loop
      vertex -8.05332 -26.5 126.146
      vertex -7.20459 -23.51 126.654
      vertex -7.20459 -26.5 126.654
    endloop
  endfacet
  facet normal 0.513575 0 -0.858045
    outer loop
      vertex -7.20459 -23.51 126.654
      vertex -8.05332 -26.5 126.146
      vertex -8.05332 -23.51 126.146
    endloop
  endfacet
  facet normal 0.998793 -0 0.049116
    outer loop
      vertex -12.5345 -26.5 26.189
      vertex -12.4859 -23.51 25.2007
      vertex -12.5345 -23.51 26.189
    endloop
  endfacet
  facet normal 0.998793 0 0.049116
    outer loop
      vertex -12.4859 -23.51 25.2007
      vertex -12.5345 -26.5 26.189
      vertex -12.4859 -26.5 25.2007
    endloop
  endfacet
  facet normal 0.0491155 0 0.998793
    outer loop
      vertex -3.43981 -23.51 16.1546
      vertex -2.4515 -26.5 16.106
      vertex -2.4515 -23.51 16.106
    endloop
  endfacet
  facet normal 0.0491155 0 0.998793
    outer loop
      vertex -2.4515 -26.5 16.106
      vertex -3.43981 -23.51 16.1546
      vertex -3.43981 -26.5 16.1546
    endloop
  endfacet
  facet normal -0.596049 0 -0.802948
    outer loop
      vertex 88.5533 -26.5 126.146
      vertex 89.3481 -23.51 125.556
      vertex 89.3481 -26.5 125.556
    endloop
  endfacet
  facet normal -0.596049 0 -0.802948
    outer loop
      vertex 89.3481 -23.51 125.556
      vertex 88.5533 -26.5 126.146
      vertex 88.5533 -23.51 126.146
    endloop
  endfacet
  facet normal 1 -0 0
    outer loop
      vertex -12.5345 -26.5 117.762
      vertex -12.5345 -23.51 26.189
      vertex -12.5345 -23.51 117.762
    endloop
  endfacet
  facet normal 1 0 0
    outer loop
      vertex -12.5345 -23.51 26.189
      vertex -12.5345 -26.5 117.762
      vertex -12.5345 -26.5 26.189
    endloop
  endfacet
  facet normal -0 0 1
    outer loop
      vertex -2.4515 -23.51 16.106
      vertex 82.9515 -26.5 16.106
      vertex 82.9515 -23.51 16.106
    endloop
  endfacet
  facet normal 0 0 1
    outer loop
      vertex 82.9515 -26.5 16.106
      vertex -2.4515 -23.51 16.106
      vertex -2.4515 -26.5 16.106
    endloop
  endfacet
  facet normal 0.80331 0 -0.595561
    outer loop
      vertex -10.2458 -26.5 124.159
      vertex -10.8352 -23.51 123.364
      vertex -10.2458 -23.51 124.159
    endloop
  endfacet
  facet normal 0.80331 0 -0.595561
    outer loop
      vertex -10.8352 -23.51 123.364
      vertex -10.2458 -26.5 124.159
      vertex -10.8352 -26.5 123.364
    endloop
  endfacet
  facet normal -0.989194 0 -0.146611
    outer loop
      vertex 92.9859 -26.5 118.75
      vertex 92.8408 -23.51 119.729
      vertex 92.9859 -23.51 118.75
    endloop
  endfacet
  facet normal -0.989194 -0 -0.146611
    outer loop
      vertex 92.8408 -23.51 119.729
      vertex 92.9859 -26.5 118.75
      vertex 92.8408 -26.5 119.729
    endloop
  endfacet
  facet normal 0.9416 0 -0.336733
    outer loop
      vertex -11.767 -26.5 121.621
      vertex -12.1003 -23.51 120.689
      vertex -11.767 -23.51 121.621
    endloop
  endfacet
  facet normal 0.9416 0 -0.336733
    outer loop
      vertex -12.1003 -23.51 120.689
      vertex -11.767 -26.5 121.621
      vertex -12.1003 -26.5 120.689
    endloop
  endfacet
  facet normal 0.98919 -0 0.14664
    outer loop
      vertex -12.4859 -26.5 25.2007
      vertex -12.3408 -23.51 24.2219
      vertex -12.4859 -23.51 25.2007
    endloop
  endfacet
  facet normal 0.98919 0 0.14664
    outer loop
      vertex -12.3408 -23.51 24.2219
      vertex -12.4859 -26.5 25.2007
      vertex -12.3408 -26.5 24.2219
    endloop
  endfacet
  facet normal -0.970012 0 0.243059
    outer loop
      vertex 92.6003 -26.5 23.2621
      vertex 92.8408 -23.51 24.2219
      vertex 92.6003 -23.51 23.2621
    endloop
  endfacet
  facet normal -0.970012 0 0.243059
    outer loop
      vertex 92.8408 -23.51 24.2219
      vertex 92.6003 -26.5 23.2621
      vertex 92.8408 -26.5 24.2219
    endloop
  endfacet
  facet normal -1 0 0
    outer loop
      vertex 93.0345 -26.5 26.189
      vertex 93.0345 -23.51 117.762
      vertex 93.0345 -23.51 26.189
    endloop
  endfacet
  facet normal -1 -0 0
    outer loop
      vertex 93.0345 -23.51 117.762
      vertex 93.0345 -26.5 26.189
      vertex 93.0345 -26.5 117.762
    endloop
  endfacet
  facet normal -0.513589 0 -0.858037
    outer loop
      vertex 87.7046 -26.5 126.654
      vertex 88.5533 -23.51 126.146
      vertex 88.5533 -26.5 126.146
    endloop
  endfacet
  facet normal -0.513589 0 -0.858037
    outer loop
      vertex 88.5533 -23.51 126.146
      vertex 87.7046 -26.5 126.654
      vertex 87.7046 -23.51 126.654
    endloop
  endfacet
  facet normal 0.903884 0 -0.427778
    outer loop
      vertex -11.3439 -26.5 122.515
      vertex -11.767 -23.51 121.621
      vertex -11.3439 -23.51 122.515
    endloop
  endfacet
  facet normal 0.903884 0 -0.427778
    outer loop
      vertex -11.767 -23.51 121.621
      vertex -11.3439 -26.5 122.515
      vertex -11.767 -26.5 121.621
    endloop
  endfacet
  facet normal -0.903884 0 -0.427778
    outer loop
      vertex 92.267 -26.5 121.621
      vertex 91.8439 -23.51 122.515
      vertex 92.267 -23.51 121.621
    endloop
  endfacet
  facet normal -0.903884 -0 -0.427778
    outer loop
      vertex 91.8439 -23.51 122.515
      vertex 92.267 -26.5 121.621
      vertex 91.8439 -26.5 122.515
    endloop
  endfacet
  facet normal -0.857725 0 0.514109
    outer loop
      vertex 91.3352 -26.5 20.5872
      vertex 91.8439 -23.51 21.4359
      vertex 91.3352 -23.51 20.5872
    endloop
  endfacet
  facet normal -0.857725 0 0.514109
    outer loop
      vertex 91.8439 -23.51 21.4359
      vertex 91.3352 -26.5 20.5872
      vertex 91.8439 -26.5 21.4359
    endloop
  endfacet
  facet normal 0.941566 -0 0.336829
    outer loop
      vertex -12.1003 -26.5 23.2621
      vertex -11.767 -23.51 22.3304
      vertex -12.1003 -23.51 23.2621
    endloop
  endfacet
  facet normal 0.941566 0 0.336829
    outer loop
      vertex -11.767 -23.51 22.3304
      vertex -12.1003 -26.5 23.2621
      vertex -11.767 -26.5 22.3304
    endloop
  endfacet
  facet normal 0.243049 0 0.970014
    outer loop
      vertex -5.37844 -23.51 16.5402
      vertex -4.4186 -26.5 16.2997
      vertex -4.4186 -23.51 16.2997
    endloop
  endfacet
  facet normal 0.243049 0 0.970014
    outer loop
      vertex -4.4186 -26.5 16.2997
      vertex -5.37844 -23.51 16.5402
      vertex -5.37844 -26.5 16.5402
    endloop
  endfacet
  facet normal 0.970024 0 -0.243011
    outer loop
      vertex -12.1003 -26.5 120.689
      vertex -12.3408 -23.51 119.729
      vertex -12.1003 -23.51 120.689
    endloop
  endfacet
  facet normal 0.970024 0 -0.243011
    outer loop
      vertex -12.3408 -23.51 119.729
      vertex -12.1003 -26.5 120.689
      vertex -12.3408 -26.5 119.729
    endloop
  endfacet
  facet normal -0.242583 0 -0.970131
    outer loop
      vertex 84.9186 -26.5 127.651
      vertex 85.8784 -23.51 127.411
      vertex 85.8784 -26.5 127.411
    endloop
  endfacet
  facet normal -0.242583 0 -0.970131
    outer loop
      vertex 85.8784 -23.51 127.411
      vertex 84.9186 -26.5 127.651
      vertex 84.9186 -23.51 127.651
    endloop
  endfacet
  facet normal -0.9416 0 -0.336733
    outer loop
      vertex 92.6003 -26.5 120.689
      vertex 92.267 -23.51 121.621
      vertex 92.6003 -23.51 120.689
    endloop
  endfacet
  facet normal -0.9416 -0 -0.336733
    outer loop
      vertex 92.267 -23.51 121.621
      vertex 92.6003 -26.5 120.689
      vertex 92.267 -26.5 121.621
    endloop
  endfacet
  facet normal -0.998792 0 -0.0491309
    outer loop
      vertex 93.0345 -26.5 117.762
      vertex 92.9859 -23.51 118.75
      vertex 93.0345 -23.51 117.762
    endloop
  endfacet
  facet normal -0.998792 -0 -0.0491309
    outer loop
      vertex 92.9859 -23.51 118.75
      vertex 93.0345 -26.5 117.762
      vertex 92.9859 -26.5 118.75
    endloop
  endfacet
  facet normal -0.740877 0 -0.671641
    outer loop
      vertex 90.7458 -26.5 124.159
      vertex 90.0813 -23.51 124.892
      vertex 90.7458 -23.51 124.159
    endloop
  endfacet
  facet normal -0.740877 -0 -0.671641
    outer loop
      vertex 90.0813 -23.51 124.892
      vertex 90.7458 -26.5 124.159
      vertex 90.0813 -26.5 124.892
    endloop
  endfacet
  facet normal 0.998792 0 -0.0491309
    outer loop
      vertex -12.4859 -26.5 118.75
      vertex -12.5345 -23.51 117.762
      vertex -12.4859 -23.51 118.75
    endloop
  endfacet
  facet normal 0.998792 0 -0.0491309
    outer loop
      vertex -12.5345 -23.51 117.762
      vertex -12.4859 -26.5 118.75
      vertex -12.5345 -26.5 117.762
    endloop
  endfacet
  facet normal -0.740968 0 0.67154
    outer loop
      vertex 90.0813 -26.5 19.0592
      vertex 90.7458 -23.51 19.7924
      vertex 90.0813 -23.51 19.0592
    endloop
  endfacet
  facet normal -0.740968 0 0.67154
    outer loop
      vertex 90.7458 -23.51 19.7924
      vertex 90.0813 -26.5 19.0592
      vertex 90.7458 -26.5 19.7924
    endloop
  endfacet
  facet normal 0.427504 0 -0.904014
    outer loop
      vertex -7.20459 -26.5 126.654
      vertex -6.3101 -23.51 127.077
      vertex -6.3101 -26.5 127.077
    endloop
  endfacet
  facet normal 0.427504 0 -0.904014
    outer loop
      vertex -6.3101 -23.51 127.077
      vertex -7.20459 -26.5 126.654
      vertex -7.20459 -23.51 126.654
    endloop
  endfacet
  facet normal -0.941566 0 0.336829
    outer loop
      vertex 92.267 -26.5 22.3304
      vertex 92.6003 -23.51 23.2621
      vertex 92.267 -23.51 22.3304
    endloop
  endfacet
  facet normal -0.941566 0 0.336829
    outer loop
      vertex 92.6003 -23.51 23.2621
      vertex 92.267 -26.5 22.3304
      vertex 92.6003 -26.5 23.2621
    endloop
  endfacet
  facet normal 0.970012 -0 0.243059
    outer loop
      vertex -12.3408 -26.5 24.2219
      vertex -12.1003 -23.51 23.2621
      vertex -12.3408 -23.51 24.2219
    endloop
  endfacet
  facet normal 0.970012 0 0.243059
    outer loop
      vertex -12.1003 -23.51 23.2621
      vertex -12.3408 -26.5 24.2219
      vertex -12.1003 -26.5 23.2621
    endloop
  endfacet
  facet normal -0.14664 0 0.98919
    outer loop
      vertex 83.9398 -23.51 16.1546
      vertex 84.9186 -26.5 16.2997
      vertex 84.9186 -23.51 16.2997
    endloop
  endfacet
  facet normal -0.14664 0 0.98919
    outer loop
      vertex 84.9186 -26.5 16.2997
      vertex 83.9398 -23.51 16.1546
      vertex 83.9398 -26.5 16.1546
    endloop
  endfacet
  facet normal 0.989194 0 -0.146611
    outer loop
      vertex -12.3408 -26.5 119.729
      vertex -12.4859 -23.51 118.75
      vertex -12.3408 -23.51 119.729
    endloop
  endfacet
  facet normal 0.989194 0 -0.146611
    outer loop
      vertex -12.4859 -23.51 118.75
      vertex -12.3408 -26.5 119.729
      vertex -12.4859 -26.5 118.75
    endloop
  endfacet
  facet normal 0.803238 -0 0.595658
    outer loop
      vertex -10.8352 -26.5 20.5872
      vertex -10.2458 -23.51 19.7924
      vertex -10.8352 -23.51 20.5872
    endloop
  endfacet
  facet normal 0.803238 0 0.595658
    outer loop
      vertex -10.2458 -23.51 19.7924
      vertex -10.8352 -26.5 20.5872
      vertex -10.2458 -26.5 19.7924
    endloop
  endfacet
  facet normal 0.336842 0 0.941561
    outer loop
      vertex -6.3101 -23.51 16.8735
      vertex -5.37844 -26.5 16.5402
      vertex -5.37844 -23.51 16.5402
    endloop
  endfacet
  facet normal 0.336842 0 0.941561
    outer loop
      vertex -5.37844 -26.5 16.5402
      vertex -6.3101 -23.51 16.8735
      vertex -6.3101 -26.5 16.8735
    endloop
  endfacet
  facet normal 0 0 -1
    outer loop
      vertex -2.4515 -26.5 127.845
      vertex 82.9515 -23.51 127.845
      vertex 82.9515 -26.5 127.845
    endloop
  endfacet
  facet normal -0 0 -1
    outer loop
      vertex 82.9515 -23.51 127.845
      vertex -2.4515 -26.5 127.845
      vertex -2.4515 -23.51 127.845
    endloop
  endfacet
  facet normal -0.970024 0 -0.243011
    outer loop
      vertex 92.8408 -26.5 119.729
      vertex 92.6003 -23.51 120.689
      vertex 92.8408 -23.51 119.729
    endloop
  endfacet
  facet normal -0.970024 -0 -0.243011
    outer loop
      vertex 92.6003 -23.51 120.689
      vertex 92.8408 -26.5 119.729
      vertex 92.6003 -26.5 120.689
    endloop
  endfacet
  facet normal -0.049116 0 0.998793
    outer loop
      vertex 82.9515 -23.51 16.106
      vertex 83.9398 -26.5 16.1546
      vertex 83.9398 -23.51 16.1546
    endloop
  endfacet
  facet normal -0.049116 0 0.998793
    outer loop
      vertex 83.9398 -26.5 16.1546
      vertex 82.9515 -23.51 16.106
      vertex 82.9515 -26.5 16.106
    endloop
  endfacet
  facet normal 0.857725 -0 0.514109
    outer loop
      vertex -11.3439 -26.5 21.4359
      vertex -10.8352 -23.51 20.5872
      vertex -11.3439 -23.51 21.4359
    endloop
  endfacet
  facet normal 0.857725 0 0.514109
    outer loop
      vertex -10.8352 -23.51 20.5872
      vertex -11.3439 -26.5 21.4359
      vertex -10.8352 -26.5 20.5872
    endloop
  endfacet
  facet normal 0.740857 0 -0.671663
    outer loop
      vertex -9.58126 -26.5 124.892
      vertex -10.2458 -23.51 124.159
      vertex -9.58126 -23.51 124.892
    endloop
  endfacet
  facet normal 0.740857 0 -0.671663
    outer loop
      vertex -10.2458 -23.51 124.159
      vertex -9.58126 -26.5 124.892
      vertex -10.2458 -26.5 124.159
    endloop
  endfacet
  facet normal 0.857805 0 -0.513976
    outer loop
      vertex -10.8352 -26.5 123.364
      vertex -11.3439 -23.51 122.515
      vertex -10.8352 -23.51 123.364
    endloop
  endfacet
  facet normal 0.857805 0 -0.513976
    outer loop
      vertex -11.3439 -23.51 122.515
      vertex -10.8352 -26.5 123.364
      vertex -11.3439 -26.5 122.515
    endloop
  endfacet
  facet normal 0.671278 0 -0.741206
    outer loop
      vertex -9.58126 -26.5 124.892
      vertex -8.84809 -23.51 125.556
      vertex -8.84809 -26.5 125.556
    endloop
  endfacet
  facet normal 0.671278 0 -0.741206
    outer loop
      vertex -8.84809 -23.51 125.556
      vertex -9.58126 -26.5 124.892
      vertex -9.58126 -23.51 124.892
    endloop
  endfacet
  facet normal -0.80331 0 -0.595561
    outer loop
      vertex 91.3352 -26.5 123.364
      vertex 90.7458 -23.51 124.159
      vertex 91.3352 -23.51 123.364
    endloop
  endfacet
  facet normal -0.80331 -0 -0.595561
    outer loop
      vertex 90.7458 -23.51 124.159
      vertex 91.3352 -26.5 123.364
      vertex 90.7458 -26.5 124.159
    endloop
  endfacet
  facet normal 0.671555 0 0.740954
    outer loop
      vertex -9.58126 -23.51 19.0592
      vertex -8.84809 -26.5 18.3947
      vertex -8.84809 -23.51 18.3947
    endloop
  endfacet
  facet normal 0.671555 0 0.740954
    outer loop
      vertex -8.84809 -26.5 18.3947
      vertex -9.58126 -23.51 19.0592
      vertex -9.58126 -26.5 19.0592
    endloop
  endfacet
  facet normal -0.998793 0 0.049116
    outer loop
      vertex 92.9859 -26.5 25.2007
      vertex 93.0345 -23.51 26.189
      vertex 92.9859 -23.51 25.2007
    endloop
  endfacet
  facet normal -0.998793 0 0.049116
    outer loop
      vertex 93.0345 -23.51 26.189
      vertex 92.9859 -26.5 25.2007
      vertex 93.0345 -26.5 26.189
    endloop
  endfacet
  facet normal -0.98919 0 0.14664
    outer loop
      vertex 92.8408 -26.5 24.2219
      vertex 92.9859 -23.51 25.2007
      vertex 92.8408 -23.51 24.2219
    endloop
  endfacet
  facet normal -0.98919 0 0.14664
    outer loop
      vertex 92.9859 -23.51 25.2007
      vertex 92.8408 -26.5 24.2219
      vertex 92.9859 -26.5 25.2007
    endloop
  endfacet
  facet normal 0.903976 -0 0.427582
    outer loop
      vertex -11.767 -26.5 22.3304
      vertex -11.3439 -23.51 21.4359
      vertex -11.767 -23.51 22.3304
    endloop
  endfacet
  facet normal 0.903976 0 0.427582
    outer loop
      vertex -11.3439 -23.51 21.4359
      vertex -11.767 -26.5 22.3304
      vertex -11.3439 -26.5 21.4359
    endloop
  endfacet
  facet normal -0.595658 0 0.803238
    outer loop
      vertex 88.5533 -23.51 17.8053
      vertex 89.3481 -26.5 18.3947
      vertex 89.3481 -23.51 18.3947
    endloop
  endfacet
  facet normal -0.595658 0 0.803238
    outer loop
      vertex 89.3481 -26.5 18.3947
      vertex 88.5533 -23.51 17.8053
      vertex 88.5533 -26.5 17.8053
    endloop
  endfacet
  facet normal -0.514109 0 0.857725
    outer loop
      vertex 87.7046 -23.51 17.2966
      vertex 88.5533 -26.5 17.8053
      vertex 88.5533 -23.51 17.8053
    endloop
  endfacet
  facet normal -0.514109 0 0.857725
    outer loop
      vertex 88.5533 -26.5 17.8053
      vertex 87.7046 -23.51 17.2966
      vertex 87.7046 -26.5 17.2966
    endloop
  endfacet
  facet normal 0.146642 0 0.98919
    outer loop
      vertex -4.4186 -23.51 16.2997
      vertex -3.43981 -26.5 16.1546
      vertex -3.43981 -23.51 16.1546
    endloop
  endfacet
  facet normal 0.146642 0 0.98919
    outer loop
      vertex -3.43981 -26.5 16.1546
      vertex -4.4186 -23.51 16.2997
      vertex -4.4186 -26.5 16.2997
    endloop
  endfacet
  facet normal 0.337469 0 -0.941337
    outer loop
      vertex -6.3101 -26.5 127.077
      vertex -5.37844 -23.51 127.411
      vertex -5.37844 -26.5 127.411
    endloop
  endfacet
  facet normal 0.337469 0 -0.941337
    outer loop
      vertex -5.37844 -23.51 127.411
      vertex -6.3101 -26.5 127.077
      vertex -6.3101 -23.51 127.077
    endloop
  endfacet
  facet normal 0.595672 0 0.803228
    outer loop
      vertex -8.84809 -23.51 18.3947
      vertex -8.05332 -26.5 17.8053
      vertex -8.05332 -23.51 17.8053
    endloop
  endfacet
  facet normal 0.595672 0 0.803228
    outer loop
      vertex -8.05332 -26.5 17.8053
      vertex -8.84809 -23.51 18.3947
      vertex -8.84809 -26.5 18.3947
    endloop
  endfacet
  facet normal -0.336829 0 0.941566
    outer loop
      vertex 85.8784 -23.51 16.5402
      vertex 86.8101 -26.5 16.8735
      vertex 86.8101 -23.51 16.8735
    endloop
  endfacet
  facet normal -0.336829 0 0.941566
    outer loop
      vertex 86.8101 -26.5 16.8735
      vertex 85.8784 -23.51 16.5402
      vertex 85.8784 -26.5 16.5402
    endloop
  endfacet
  facet normal 0.242574 0 -0.970133
    outer loop
      vertex -5.37844 -26.5 127.411
      vertex -4.4186 -23.51 127.651
      vertex -4.4186 -26.5 127.651
    endloop
  endfacet
  facet normal 0.242574 0 -0.970133
    outer loop
      vertex -4.4186 -23.51 127.651
      vertex -5.37844 -26.5 127.411
      vertex -5.37844 -23.51 127.411
    endloop
  endfacet
  facet normal -0.243059 0 0.970012
    outer loop
      vertex 84.9186 -23.51 16.2997
      vertex 85.8784 -26.5 16.5402
      vertex 85.8784 -23.51 16.5402
    endloop
  endfacet
  facet normal -0.243059 0 0.970012
    outer loop
      vertex 85.8784 -26.5 16.5402
      vertex 84.9186 -23.51 16.2997
      vertex 84.9186 -26.5 16.2997
    endloop
  endfacet
  facet normal 0.514096 0 0.857733
    outer loop
      vertex -8.05332 -23.51 17.8053
      vertex -7.20459 -26.5 17.2966
      vertex -7.20459 -23.51 17.2966
    endloop
  endfacet
  facet normal 0.514096 0 0.857733
    outer loop
      vertex -7.20459 -26.5 17.2966
      vertex -8.05332 -23.51 17.8053
      vertex -8.05332 -26.5 17.8053
    endloop
  endfacet
  facet normal 0.596063 0 -0.802938
    outer loop
      vertex -8.84809 -26.5 125.556
      vertex -8.05332 -23.51 126.146
      vertex -8.05332 -26.5 126.146
    endloop
  endfacet
  facet normal 0.596063 0 -0.802938
    outer loop
      vertex -8.05332 -23.51 126.146
      vertex -8.84809 -26.5 125.556
      vertex -8.84809 -23.51 125.556
    endloop
  endfacet
  facet normal -0.903976 0 0.427582
    outer loop
      vertex 91.8439 -26.5 21.4359
      vertex 92.267 -23.51 22.3304
      vertex 91.8439 -23.51 21.4359
    endloop
  endfacet
  facet normal -0.903976 0 0.427582
    outer loop
      vertex 92.267 -23.51 22.3304
      vertex 91.8439 -26.5 21.4359
      vertex 92.267 -26.5 22.3304
    endloop
  endfacet
  facet normal 0.740948 -0 0.671562
    outer loop
      vertex -10.2458 -26.5 19.7924
      vertex -9.58126 -23.51 19.0592
      vertex -10.2458 -23.51 19.7924
    endloop
  endfacet
  facet normal 0.740948 0 0.671562
    outer loop
      vertex -9.58126 -23.51 19.0592
      vertex -10.2458 -26.5 19.7924
      vertex -9.58126 -26.5 19.0592
    endloop
  endfacet
  facet normal -0.803238 0 0.595658
    outer loop
      vertex 90.7458 -26.5 19.7924
      vertex 91.3352 -23.51 20.5872
      vertex 90.7458 -23.51 19.7924
    endloop
  endfacet
  facet normal -0.803238 0 0.595658
    outer loop
      vertex 91.3352 -23.51 20.5872
      vertex 90.7458 -26.5 19.7924
      vertex 91.3352 -26.5 20.5872
    endloop
  endfacet
  facet normal -0.146541 0 -0.989205
    outer loop
      vertex 83.9398 -26.5 127.796
      vertex 84.9186 -23.51 127.651
      vertex 84.9186 -26.5 127.651
    endloop
  endfacet
  facet normal -0.146541 0 -0.989205
    outer loop
      vertex 84.9186 -23.51 127.651
      vertex 83.9398 -26.5 127.796
      vertex 83.9398 -23.51 127.796
    endloop
  endfacet
  facet normal -0.337456 0 -0.941341
    outer loop
      vertex 85.8784 -26.5 127.411
      vertex 86.8101 -23.51 127.077
      vertex 86.8101 -26.5 127.077
    endloop
  endfacet
  facet normal -0.337456 0 -0.941341
    outer loop
      vertex 86.8101 -23.51 127.077
      vertex 85.8784 -26.5 127.411
      vertex 85.8784 -23.51 127.411
    endloop
  endfacet
  facet normal -0.857805 0 -0.513976
    outer loop
      vertex 91.8439 -26.5 122.515
      vertex 91.3352 -23.51 123.364
      vertex 91.8439 -23.51 122.515
    endloop
  endfacet
  facet normal -0.857805 -0 -0.513976
    outer loop
      vertex 91.3352 -23.51 123.364
      vertex 91.8439 -26.5 122.515
      vertex 91.3352 -26.5 123.364
    endloop
  endfacet
  facet normal -0.0495193 0 -0.998773
    outer loop
      vertex 82.9515 -26.5 127.845
      vertex 83.9398 -23.51 127.796
      vertex 83.9398 -26.5 127.796
    endloop
  endfacet
  facet normal -0.0495193 0 -0.998773
    outer loop
      vertex 83.9398 -23.51 127.796
      vertex 82.9515 -26.5 127.845
      vertex 82.9515 -23.51 127.845
    endloop
  endfacet
  facet normal 0.427586 0 0.903975
    outer loop
      vertex -7.20459 -23.51 17.2966
      vertex -6.3101 -26.5 16.8735
      vertex -6.3101 -23.51 16.8735
    endloop
  endfacet
  facet normal 0.427586 0 0.903975
    outer loop
      vertex -6.3101 -26.5 16.8735
      vertex -7.20459 -23.51 17.2966
      vertex -7.20459 -26.5 17.2966
    endloop
  endfacet
  facet normal -0.427582 0 0.903976
    outer loop
      vertex 86.8101 -23.51 16.8735
      vertex 87.7046 -26.5 17.2966
      vertex 87.7046 -23.51 17.2966
    endloop
  endfacet
  facet normal -0.427582 0 0.903976
    outer loop
      vertex 87.7046 -26.5 17.2966
      vertex 86.8101 -23.51 16.8735
      vertex 86.8101 -26.5 16.8735
    endloop
  endfacet
  facet normal 0.146543 0 -0.989204
    outer loop
      vertex -4.4186 -26.5 127.651
      vertex -3.43981 -23.51 127.796
      vertex -3.43981 -26.5 127.796
    endloop
  endfacet
  facet normal 0.146543 0 -0.989204
    outer loop
      vertex -3.43981 -23.51 127.796
      vertex -4.4186 -26.5 127.651
      vertex -4.4186 -23.51 127.651
    endloop
  endfacet
  facet normal -0.67154 0 0.740968
    outer loop
      vertex 89.3481 -23.51 18.3947
      vertex 90.0813 -26.5 19.0592
      vertex 90.0813 -23.51 19.0592
    endloop
  endfacet
  facet normal -0.67154 0 0.740968
    outer loop
      vertex 90.0813 -26.5 19.0592
      vertex 89.3481 -23.51 18.3947
      vertex 89.3481 -26.5 18.3947
    endloop
  endfacet
  facet normal -0.671263 0 -0.74122
    outer loop
      vertex 89.3481 -26.5 125.556
      vertex 90.0813 -23.51 124.892
      vertex 90.0813 -26.5 124.892
    endloop
  endfacet
  facet normal -0.671263 0 -0.74122
    outer loop
      vertex 90.0813 -23.51 124.892
      vertex 89.3481 -26.5 125.556
      vertex 89.3481 -23.51 125.556
    endloop
  endfacet
  facet normal 0.0495188 0 -0.998773
    outer loop
      vertex -3.43981 -26.5 127.796
      vertex -2.4515 -23.51 127.845
      vertex -2.4515 -26.5 127.845
    endloop
  endfacet
  facet normal 0.0495188 0 -0.998773
    outer loop
      vertex -2.4515 -23.51 127.845
      vertex -3.43981 -26.5 127.796
      vertex -3.43981 -23.51 127.796
    endloop
  endfacet
  facet normal -0.989194 0 -0.146611
    outer loop
      vertex 97.7114 23.51 121.905
      vertex 97.5663 26.5 122.884
      vertex 97.7114 26.5 121.905
    endloop
  endfacet
  facet normal -0.989194 -0 -0.146611
    outer loop
      vertex 97.5663 26.5 122.884
      vertex 97.7114 23.51 121.905
      vertex 97.5663 23.51 122.884
    endloop
  endfacet
  facet normal -0.903976 0 0.427582
    outer loop
      vertex 96.5694 23.51 19.3299
      vertex 96.9925 26.5 20.2244
      vertex 96.5694 26.5 19.3299
    endloop
  endfacet
  facet normal -0.903976 0 0.427582
    outer loop
      vertex 96.9925 26.5 20.2244
      vertex 96.5694 23.51 19.3299
      vertex 96.9925 23.51 20.2244
    endloop
  endfacet
  facet normal 0.998793 -0 0.049116
    outer loop
      vertex -17.26 23.51 24.083
      vertex -17.2114 26.5 23.0947
      vertex -17.26 26.5 24.083
    endloop
  endfacet
  facet normal 0.998793 0 0.049116
    outer loop
      vertex -17.2114 26.5 23.0947
      vertex -17.26 23.51 24.083
      vertex -17.2114 23.51 23.0947
    endloop
  endfacet
  facet normal 1 -0 0
    outer loop
      vertex -17.26 23.51 120.917
      vertex -17.26 26.5 24.083
      vertex -17.26 26.5 120.917
    endloop
  endfacet
  facet normal 1 0 0
    outer loop
      vertex -17.26 26.5 24.083
      vertex -17.26 23.51 120.917
      vertex -17.26 23.51 24.083
    endloop
  endfacet
  facet normal 0.67154 0 0.740968
    outer loop
      vertex -14.3068 26.5 16.9532
      vertex -13.5736 23.51 16.2887
      vertex -13.5736 26.5 16.2887
    endloop
  endfacet
  facet normal 0.67154 0 0.740968
    outer loop
      vertex -13.5736 23.51 16.2887
      vertex -14.3068 26.5 16.9532
      vertex -14.3068 23.51 16.9532
    endloop
  endfacet
  facet normal -0.427582 0 0.903976
    outer loop
      vertex 91.5356 26.5 14.7675
      vertex 92.4301 23.51 15.1906
      vertex 92.4301 26.5 15.1906
    endloop
  endfacet
  facet normal -0.427582 0 0.903976
    outer loop
      vertex 92.4301 23.51 15.1906
      vertex 91.5356 26.5 14.7675
      vertex 91.5356 23.51 14.7675
    endloop
  endfacet
  facet normal -0.998792 0 -0.0491309
    outer loop
      vertex 97.76 23.51 120.917
      vertex 97.7114 26.5 121.905
      vertex 97.76 26.5 120.917
    endloop
  endfacet
  facet normal -0.998792 -0 -0.0491309
    outer loop
      vertex 97.7114 26.5 121.905
      vertex 97.76 23.51 120.917
      vertex 97.7114 23.51 121.905
    endloop
  endfacet
  facet normal 0.903884 0 -0.427778
    outer loop
      vertex -16.0694 23.51 125.67
      vertex -16.4925 26.5 124.776
      vertex -16.0694 26.5 125.67
    endloop
  endfacet
  facet normal 0.903884 0 -0.427778
    outer loop
      vertex -16.4925 26.5 124.776
      vertex -16.0694 23.51 125.67
      vertex -16.4925 23.51 124.776
    endloop
  endfacet
  facet normal -0.243059 0 0.970012
    outer loop
      vertex 89.6441 26.5 14.1937
      vertex 90.6039 23.51 14.4342
      vertex 90.6039 26.5 14.4342
    endloop
  endfacet
  facet normal -0.243059 0 0.970012
    outer loop
      vertex 90.6039 23.51 14.4342
      vertex 89.6441 26.5 14.1937
      vertex 89.6441 23.51 14.1937
    endloop
  endfacet
  facet normal -0.513589 0 -0.858037
    outer loop
      vertex 92.4301 23.51 129.809
      vertex 93.2788 26.5 129.301
      vertex 93.2788 23.51 129.301
    endloop
  endfacet
  facet normal -0.513589 0 -0.858037
    outer loop
      vertex 93.2788 26.5 129.301
      vertex 92.4301 23.51 129.809
      vertex 92.4301 26.5 129.809
    endloop
  endfacet
  facet normal 0.98919 -0 0.14664
    outer loop
      vertex -17.2114 23.51 23.0947
      vertex -17.0663 26.5 22.1159
      vertex -17.2114 26.5 23.0947
    endloop
  endfacet
  facet normal 0.98919 0 0.14664
    outer loop
      vertex -17.0663 26.5 22.1159
      vertex -17.2114 23.51 23.0947
      vertex -17.0663 23.51 22.1159
    endloop
  endfacet
  facet normal -0 0 1
    outer loop
      vertex -7.177 26.5 14
      vertex 87.677 23.51 14
      vertex 87.677 26.5 14
    endloop
  endfacet
  facet normal 0 0 1
    outer loop
      vertex 87.677 23.51 14
      vertex -7.177 26.5 14
      vertex -7.177 23.51 14
    endloop
  endfacet
  facet normal 0.80331 0 -0.595561
    outer loop
      vertex -14.9713 23.51 127.314
      vertex -15.5607 26.5 126.519
      vertex -14.9713 26.5 127.314
    endloop
  endfacet
  facet normal 0.80331 0 -0.595561
    outer loop
      vertex -15.5607 26.5 126.519
      vertex -14.9713 23.51 127.314
      vertex -15.5607 23.51 126.519
    endloop
  endfacet
  facet normal -0.740968 0 0.67154
    outer loop
      vertex 94.8068 23.51 16.9532
      vertex 95.4713 26.5 17.6864
      vertex 94.8068 26.5 16.9532
    endloop
  endfacet
  facet normal -0.740968 0 0.67154
    outer loop
      vertex 95.4713 26.5 17.6864
      vertex 94.8068 23.51 16.9532
      vertex 95.4713 23.51 17.6864
    endloop
  endfacet
  facet normal -0.857805 0 -0.513976
    outer loop
      vertex 96.5694 23.51 125.67
      vertex 96.0607 26.5 126.519
      vertex 96.5694 26.5 125.67
    endloop
  endfacet
  facet normal -0.857805 -0 -0.513976
    outer loop
      vertex 96.0607 26.5 126.519
      vertex 96.5694 23.51 125.67
      vertex 96.0607 23.51 126.519
    endloop
  endfacet
  facet normal 0.146642 0 0.98919
    outer loop
      vertex -9.1441 26.5 14.1937
      vertex -8.16531 23.51 14.0486
      vertex -8.16531 26.5 14.0486
    endloop
  endfacet
  facet normal 0.146642 0 0.98919
    outer loop
      vertex -8.16531 23.51 14.0486
      vertex -9.1441 26.5 14.1937
      vertex -9.1441 23.51 14.1937
    endloop
  endfacet
  facet normal -1 0 0
    outer loop
      vertex 97.76 23.51 24.083
      vertex 97.76 26.5 120.917
      vertex 97.76 26.5 24.083
    endloop
  endfacet
  facet normal -1 -0 0
    outer loop
      vertex 97.76 26.5 120.917
      vertex 97.76 23.51 24.083
      vertex 97.76 23.51 120.917
    endloop
  endfacet
  facet normal -0.740877 0 -0.671641
    outer loop
      vertex 95.4713 23.51 127.314
      vertex 94.8068 26.5 128.047
      vertex 95.4713 26.5 127.314
    endloop
  endfacet
  facet normal -0.740877 -0 -0.671641
    outer loop
      vertex 94.8068 26.5 128.047
      vertex 95.4713 23.51 127.314
      vertex 94.8068 23.51 128.047
    endloop
  endfacet
  facet normal -0.970024 0 -0.243011
    outer loop
      vertex 97.5663 23.51 122.884
      vertex 97.3258 26.5 123.844
      vertex 97.5663 26.5 122.884
    endloop
  endfacet
  facet normal -0.970024 -0 -0.243011
    outer loop
      vertex 97.3258 26.5 123.844
      vertex 97.5663 23.51 122.884
      vertex 97.3258 23.51 123.844
    endloop
  endfacet
  facet normal -0.337456 0 -0.941341
    outer loop
      vertex 90.6039 23.51 130.566
      vertex 91.5356 26.5 130.232
      vertex 91.5356 23.51 130.232
    endloop
  endfacet
  facet normal -0.337456 0 -0.941341
    outer loop
      vertex 91.5356 26.5 130.232
      vertex 90.6039 23.51 130.566
      vertex 90.6039 26.5 130.566
    endloop
  endfacet
  facet normal -0.596049 0 -0.802948
    outer loop
      vertex 93.2788 23.51 129.301
      vertex 94.0736 26.5 128.711
      vertex 94.0736 23.51 128.711
    endloop
  endfacet
  facet normal -0.596049 0 -0.802948
    outer loop
      vertex 94.0736 26.5 128.711
      vertex 93.2788 23.51 129.301
      vertex 93.2788 26.5 129.301
    endloop
  endfacet
  facet normal 0.998792 0 -0.0491309
    outer loop
      vertex -17.2114 23.51 121.905
      vertex -17.26 26.5 120.917
      vertex -17.2114 26.5 121.905
    endloop
  endfacet
  facet normal 0.998792 0 -0.0491309
    outer loop
      vertex -17.26 26.5 120.917
      vertex -17.2114 23.51 121.905
      vertex -17.26 23.51 120.917
    endloop
  endfacet
  facet normal -0.049116 0 0.998793
    outer loop
      vertex 87.677 26.5 14
      vertex 88.6653 23.51 14.0486
      vertex 88.6653 26.5 14.0486
    endloop
  endfacet
  facet normal -0.049116 0 0.998793
    outer loop
      vertex 88.6653 23.51 14.0486
      vertex 87.677 26.5 14
      vertex 87.677 23.51 14
    endloop
  endfacet
  facet normal -0.4275 0 -0.904015
    outer loop
      vertex 91.5356 23.51 130.232
      vertex 92.4301 26.5 129.809
      vertex 92.4301 23.51 129.809
    endloop
  endfacet
  facet normal -0.4275 0 -0.904015
    outer loop
      vertex 92.4301 26.5 129.809
      vertex 91.5356 23.51 130.232
      vertex 91.5356 26.5 130.232
    endloop
  endfacet
  facet normal 0.857805 0 -0.513976
    outer loop
      vertex -15.5607 23.51 126.519
      vertex -16.0694 26.5 125.67
      vertex -15.5607 26.5 126.519
    endloop
  endfacet
  facet normal 0.857805 0 -0.513976
    outer loop
      vertex -16.0694 26.5 125.67
      vertex -15.5607 23.51 126.519
      vertex -16.0694 23.51 125.67
    endloop
  endfacet
  facet normal 0.9416 0 -0.336733
    outer loop
      vertex -16.4925 23.51 124.776
      vertex -16.8258 26.5 123.844
      vertex -16.4925 26.5 124.776
    endloop
  endfacet
  facet normal 0.9416 0 -0.336733
    outer loop
      vertex -16.8258 26.5 123.844
      vertex -16.4925 23.51 124.776
      vertex -16.8258 23.51 123.844
    endloop
  endfacet
  facet normal -0.0495193 0 -0.998773
    outer loop
      vertex 87.677 23.51 131
      vertex 88.6653 26.5 130.951
      vertex 88.6653 23.51 130.951
    endloop
  endfacet
  facet normal -0.0495193 0 -0.998773
    outer loop
      vertex 88.6653 26.5 130.951
      vertex 87.677 23.51 131
      vertex 87.677 26.5 131
    endloop
  endfacet
  facet normal 0.596049 0 -0.802948
    outer loop
      vertex -13.5736 23.51 128.711
      vertex -12.7788 26.5 129.301
      vertex -12.7788 23.51 129.301
    endloop
  endfacet
  facet normal 0.596049 0 -0.802948
    outer loop
      vertex -12.7788 26.5 129.301
      vertex -13.5736 23.51 128.711
      vertex -13.5736 26.5 128.711
    endloop
  endfacet
  facet normal -0.803238 0 0.595658
    outer loop
      vertex 95.4713 23.51 17.6864
      vertex 96.0607 26.5 18.4812
      vertex 95.4713 26.5 17.6864
    endloop
  endfacet
  facet normal -0.803238 0 0.595658
    outer loop
      vertex 96.0607 26.5 18.4812
      vertex 95.4713 23.51 17.6864
      vertex 96.0607 23.51 18.4812
    endloop
  endfacet
  facet normal 0.242583 0 -0.970131
    outer loop
      vertex -10.1039 23.51 130.566
      vertex -9.1441 26.5 130.806
      vertex -9.1441 23.51 130.806
    endloop
  endfacet
  facet normal 0.242583 0 -0.970131
    outer loop
      vertex -9.1441 26.5 130.806
      vertex -10.1039 23.51 130.566
      vertex -10.1039 26.5 130.566
    endloop
  endfacet
  facet normal -0.67154 0 0.740968
    outer loop
      vertex 94.0736 26.5 16.2887
      vertex 94.8068 23.51 16.9532
      vertex 94.8068 26.5 16.9532
    endloop
  endfacet
  facet normal -0.67154 0 0.740968
    outer loop
      vertex 94.8068 23.51 16.9532
      vertex 94.0736 26.5 16.2887
      vertex 94.0736 23.51 16.2887
    endloop
  endfacet
  facet normal 0 0 -1
    outer loop
      vertex -7.177 23.51 131
      vertex 87.677 26.5 131
      vertex 87.677 23.51 131
    endloop
  endfacet
  facet normal -0 0 -1
    outer loop
      vertex 87.677 26.5 131
      vertex -7.177 23.51 131
      vertex -7.177 26.5 131
    endloop
  endfacet
  facet normal 0.970024 0 -0.243011
    outer loop
      vertex -16.8258 23.51 123.844
      vertex -17.0663 26.5 122.884
      vertex -16.8258 26.5 123.844
    endloop
  endfacet
  facet normal 0.970024 0 -0.243011
    outer loop
      vertex -17.0663 26.5 122.884
      vertex -16.8258 23.51 123.844
      vertex -17.0663 23.51 122.884
    endloop
  endfacet
  facet normal 0.970012 -0 0.243059
    outer loop
      vertex -17.0663 23.51 22.1159
      vertex -16.8258 26.5 21.1561
      vertex -17.0663 26.5 22.1159
    endloop
  endfacet
  facet normal 0.970012 0 0.243059
    outer loop
      vertex -16.8258 26.5 21.1561
      vertex -17.0663 23.51 22.1159
      vertex -16.8258 23.51 21.1561
    endloop
  endfacet
  facet normal 0.243059 0 0.970012
    outer loop
      vertex -10.1039 26.5 14.4342
      vertex -9.1441 23.51 14.1937
      vertex -9.1441 26.5 14.1937
    endloop
  endfacet
  facet normal 0.243059 0 0.970012
    outer loop
      vertex -9.1441 23.51 14.1937
      vertex -10.1039 26.5 14.4342
      vertex -10.1039 23.51 14.4342
    endloop
  endfacet
  facet normal -0.80331 0 -0.595561
    outer loop
      vertex 96.0607 23.51 126.519
      vertex 95.4713 26.5 127.314
      vertex 96.0607 26.5 126.519
    endloop
  endfacet
  facet normal -0.80331 -0 -0.595561
    outer loop
      vertex 95.4713 26.5 127.314
      vertex 96.0607 23.51 126.519
      vertex 95.4713 23.51 127.314
    endloop
  endfacet
  facet normal 0.0491155 0 0.998793
    outer loop
      vertex -8.16531 26.5 14.0486
      vertex -7.177 23.51 14
      vertex -7.177 26.5 14
    endloop
  endfacet
  facet normal 0.0491155 0 0.998793
    outer loop
      vertex -7.177 23.51 14
      vertex -8.16531 26.5 14.0486
      vertex -8.16531 23.51 14.0486
    endloop
  endfacet
  facet normal 0.803238 -0 0.595658
    outer loop
      vertex -15.5607 23.51 18.4812
      vertex -14.9713 26.5 17.6864
      vertex -15.5607 26.5 18.4812
    endloop
  endfacet
  facet normal 0.803238 0 0.595658
    outer loop
      vertex -14.9713 26.5 17.6864
      vertex -15.5607 23.51 18.4812
      vertex -14.9713 23.51 17.6864
    endloop
  endfacet
  facet normal 0.989194 0 -0.146611
    outer loop
      vertex -17.0663 23.51 122.884
      vertex -17.2114 26.5 121.905
      vertex -17.0663 26.5 122.884
    endloop
  endfacet
  facet normal 0.989194 0 -0.146611
    outer loop
      vertex -17.2114 26.5 121.905
      vertex -17.0663 23.51 122.884
      vertex -17.2114 23.51 121.905
    endloop
  endfacet
  facet normal -0.14664 0 0.98919
    outer loop
      vertex 88.6653 26.5 14.0486
      vertex 89.6441 23.51 14.1937
      vertex 89.6441 26.5 14.1937
    endloop
  endfacet
  facet normal -0.14664 0 0.98919
    outer loop
      vertex 89.6441 23.51 14.1937
      vertex 88.6653 26.5 14.0486
      vertex 88.6653 23.51 14.0486
    endloop
  endfacet
  facet normal -0.998793 0 0.049116
    outer loop
      vertex 97.7114 23.51 23.0947
      vertex 97.76 26.5 24.083
      vertex 97.7114 26.5 23.0947
    endloop
  endfacet
  facet normal -0.998793 0 0.049116
    outer loop
      vertex 97.76 26.5 24.083
      vertex 97.7114 23.51 23.0947
      vertex 97.76 23.51 24.083
    endloop
  endfacet
  facet normal -0.242583 0 -0.970131
    outer loop
      vertex 89.6441 23.51 130.806
      vertex 90.6039 26.5 130.566
      vertex 90.6039 23.51 130.566
    endloop
  endfacet
  facet normal -0.242583 0 -0.970131
    outer loop
      vertex 90.6039 26.5 130.566
      vertex 89.6441 23.51 130.806
      vertex 89.6441 26.5 130.806
    endloop
  endfacet
  facet normal -0.970012 0 0.243059
    outer loop
      vertex 97.3258 23.51 21.1561
      vertex 97.5663 26.5 22.1159
      vertex 97.3258 26.5 21.1561
    endloop
  endfacet
  facet normal -0.970012 0 0.243059
    outer loop
      vertex 97.5663 26.5 22.1159
      vertex 97.3258 23.51 21.1561
      vertex 97.5663 23.51 22.1159
    endloop
  endfacet
  facet normal -0.671263 0 -0.74122
    outer loop
      vertex 94.0736 23.51 128.711
      vertex 94.8068 26.5 128.047
      vertex 94.8068 23.51 128.047
    endloop
  endfacet
  facet normal -0.671263 0 -0.74122
    outer loop
      vertex 94.8068 26.5 128.047
      vertex 94.0736 23.51 128.711
      vertex 94.0736 26.5 128.711
    endloop
  endfacet
  facet normal 0.941566 -0 0.336829
    outer loop
      vertex -16.8258 23.51 21.1561
      vertex -16.4925 26.5 20.2244
      vertex -16.8258 26.5 21.1561
    endloop
  endfacet
  facet normal 0.941566 0 0.336829
    outer loop
      vertex -16.4925 26.5 20.2244
      vertex -16.8258 23.51 21.1561
      vertex -16.4925 23.51 20.2244
    endloop
  endfacet
  facet normal -0.595658 0 0.803238
    outer loop
      vertex 93.2788 26.5 15.6993
      vertex 94.0736 23.51 16.2887
      vertex 94.0736 26.5 16.2887
    endloop
  endfacet
  facet normal -0.595658 0 0.803238
    outer loop
      vertex 94.0736 23.51 16.2887
      vertex 93.2788 26.5 15.6993
      vertex 93.2788 23.51 15.6993
    endloop
  endfacet
  facet normal -0.941566 0 0.336829
    outer loop
      vertex 96.9925 23.51 20.2244
      vertex 97.3258 26.5 21.1561
      vertex 96.9925 26.5 20.2244
    endloop
  endfacet
  facet normal -0.941566 0 0.336829
    outer loop
      vertex 97.3258 26.5 21.1561
      vertex 96.9925 23.51 20.2244
      vertex 97.3258 23.51 21.1561
    endloop
  endfacet
  facet normal 0.4275 0 -0.904015
    outer loop
      vertex -11.9301 23.51 129.809
      vertex -11.0356 26.5 130.232
      vertex -11.0356 23.51 130.232
    endloop
  endfacet
  facet normal 0.4275 0 -0.904015
    outer loop
      vertex -11.0356 26.5 130.232
      vertex -11.9301 23.51 129.809
      vertex -11.9301 26.5 129.809
    endloop
  endfacet
  facet normal -0.98919 0 0.14664
    outer loop
      vertex 97.5663 23.51 22.1159
      vertex 97.7114 26.5 23.0947
      vertex 97.5663 26.5 22.1159
    endloop
  endfacet
  facet normal -0.98919 0 0.14664
    outer loop
      vertex 97.7114 26.5 23.0947
      vertex 97.5663 23.51 22.1159
      vertex 97.7114 23.51 23.0947
    endloop
  endfacet
  facet normal 0.514109 0 0.857725
    outer loop
      vertex -12.7788 26.5 15.6993
      vertex -11.9301 23.51 15.1906
      vertex -11.9301 26.5 15.1906
    endloop
  endfacet
  facet normal 0.514109 0 0.857725
    outer loop
      vertex -11.9301 23.51 15.1906
      vertex -12.7788 26.5 15.6993
      vertex -12.7788 23.51 15.6993
    endloop
  endfacet
  facet normal 0.337456 0 -0.941341
    outer loop
      vertex -11.0356 23.51 130.232
      vertex -10.1039 26.5 130.566
      vertex -10.1039 23.51 130.566
    endloop
  endfacet
  facet normal 0.337456 0 -0.941341
    outer loop
      vertex -10.1039 26.5 130.566
      vertex -11.0356 23.51 130.232
      vertex -11.0356 26.5 130.232
    endloop
  endfacet
  facet normal -0.903884 0 -0.427778
    outer loop
      vertex 96.9925 23.51 124.776
      vertex 96.5694 26.5 125.67
      vertex 96.9925 26.5 124.776
    endloop
  endfacet
  facet normal -0.903884 -0 -0.427778
    outer loop
      vertex 96.5694 26.5 125.67
      vertex 96.9925 23.51 124.776
      vertex 96.5694 23.51 125.67
    endloop
  endfacet
  facet normal 0.336829 0 0.941566
    outer loop
      vertex -11.0356 26.5 14.7675
      vertex -10.1039 23.51 14.4342
      vertex -10.1039 26.5 14.4342
    endloop
  endfacet
  facet normal 0.336829 0 0.941566
    outer loop
      vertex -10.1039 23.51 14.4342
      vertex -11.0356 26.5 14.7675
      vertex -11.0356 23.51 14.7675
    endloop
  endfacet
  facet normal -0.9416 0 -0.336733
    outer loop
      vertex 97.3258 23.51 123.844
      vertex 96.9925 26.5 124.776
      vertex 97.3258 26.5 123.844
    endloop
  endfacet
  facet normal -0.9416 -0 -0.336733
    outer loop
      vertex 96.9925 26.5 124.776
      vertex 97.3258 23.51 123.844
      vertex 96.9925 23.51 124.776
    endloop
  endfacet
  facet normal 0.146543 0 -0.989204
    outer loop
      vertex -9.1441 23.51 130.806
      vertex -8.16531 26.5 130.951
      vertex -8.16531 23.51 130.951
    endloop
  endfacet
  facet normal 0.146543 0 -0.989204
    outer loop
      vertex -8.16531 26.5 130.951
      vertex -9.1441 23.51 130.806
      vertex -9.1441 26.5 130.806
    endloop
  endfacet
  facet normal 0.857725 -0 0.514109
    outer loop
      vertex -16.0694 23.51 19.3299
      vertex -15.5607 26.5 18.4812
      vertex -16.0694 26.5 19.3299
    endloop
  endfacet
  facet normal 0.857725 0 0.514109
    outer loop
      vertex -15.5607 26.5 18.4812
      vertex -16.0694 23.51 19.3299
      vertex -15.5607 23.51 18.4812
    endloop
  endfacet
  facet normal -0.514109 0 0.857725
    outer loop
      vertex 92.4301 26.5 15.1906
      vertex 93.2788 23.51 15.6993
      vertex 93.2788 26.5 15.6993
    endloop
  endfacet
  facet normal -0.514109 0 0.857725
    outer loop
      vertex 93.2788 23.51 15.6993
      vertex 92.4301 26.5 15.1906
      vertex 92.4301 23.51 15.1906
    endloop
  endfacet
  facet normal 0.0495188 0 -0.998773
    outer loop
      vertex -8.16531 23.51 130.951
      vertex -7.177 26.5 131
      vertex -7.177 23.51 131
    endloop
  endfacet
  facet normal 0.0495188 0 -0.998773
    outer loop
      vertex -7.177 26.5 131
      vertex -8.16531 23.51 130.951
      vertex -8.16531 26.5 130.951
    endloop
  endfacet
  facet normal 0.513589 0 -0.858037
    outer loop
      vertex -12.7788 23.51 129.301
      vertex -11.9301 26.5 129.809
      vertex -11.9301 23.51 129.809
    endloop
  endfacet
  facet normal 0.513589 0 -0.858037
    outer loop
      vertex -11.9301 26.5 129.809
      vertex -12.7788 23.51 129.301
      vertex -12.7788 26.5 129.301
    endloop
  endfacet
  facet normal 0.427582 0 0.903976
    outer loop
      vertex -11.9301 26.5 15.1906
      vertex -11.0356 23.51 14.7675
      vertex -11.0356 26.5 14.7675
    endloop
  endfacet
  facet normal 0.427582 0 0.903976
    outer loop
      vertex -11.0356 23.51 14.7675
      vertex -11.9301 26.5 15.1906
      vertex -11.9301 23.51 15.1906
    endloop
  endfacet
  facet normal -0.857725 0 0.514109
    outer loop
      vertex 96.0607 23.51 18.4812
      vertex 96.5694 26.5 19.3299
      vertex 96.0607 26.5 18.4812
    endloop
  endfacet
  facet normal -0.857725 0 0.514109
    outer loop
      vertex 96.5694 26.5 19.3299
      vertex 96.0607 23.51 18.4812
      vertex 96.5694 23.51 19.3299
    endloop
  endfacet
  facet normal 0.740968 -0 0.67154
    outer loop
      vertex -14.9713 23.51 17.6864
      vertex -14.3068 26.5 16.9532
      vertex -14.9713 26.5 17.6864
    endloop
  endfacet
  facet normal 0.740968 0 0.67154
    outer loop
      vertex -14.3068 26.5 16.9532
      vertex -14.9713 23.51 17.6864
      vertex -14.3068 23.51 16.9532
    endloop
  endfacet
  facet normal 0.595658 0 0.803238
    outer loop
      vertex -13.5736 26.5 16.2887
      vertex -12.7788 23.51 15.6993
      vertex -12.7788 26.5 15.6993
    endloop
  endfacet
  facet normal 0.595658 0 0.803238
    outer loop
      vertex -12.7788 23.51 15.6993
      vertex -13.5736 26.5 16.2887
      vertex -13.5736 23.51 16.2887
    endloop
  endfacet
  facet normal -0.336829 0 0.941566
    outer loop
      vertex 90.6039 26.5 14.4342
      vertex 91.5356 23.51 14.7675
      vertex 91.5356 26.5 14.7675
    endloop
  endfacet
  facet normal -0.336829 0 0.941566
    outer loop
      vertex 91.5356 23.51 14.7675
      vertex 90.6039 26.5 14.4342
      vertex 90.6039 23.51 14.4342
    endloop
  endfacet
  facet normal 0.903976 -0 0.427582
    outer loop
      vertex -16.4925 23.51 20.2244
      vertex -16.0694 26.5 19.3299
      vertex -16.4925 26.5 20.2244
    endloop
  endfacet
  facet normal 0.903976 0 0.427582
    outer loop
      vertex -16.0694 26.5 19.3299
      vertex -16.4925 23.51 20.2244
      vertex -16.0694 23.51 19.3299
    endloop
  endfacet
  facet normal 0.671263 0 -0.74122
    outer loop
      vertex -14.3068 23.51 128.047
      vertex -13.5736 26.5 128.711
      vertex -13.5736 23.51 128.711
    endloop
  endfacet
  facet normal 0.671263 0 -0.74122
    outer loop
      vertex -13.5736 26.5 128.711
      vertex -14.3068 23.51 128.047
      vertex -14.3068 26.5 128.047
    endloop
  endfacet
  facet normal 0.740877 0 -0.671641
    outer loop
      vertex -14.3068 23.51 128.047
      vertex -14.9713 26.5 127.314
      vertex -14.3068 26.5 128.047
    endloop
  endfacet
  facet normal 0.740877 0 -0.671641
    outer loop
      vertex -14.9713 26.5 127.314
      vertex -14.3068 23.51 128.047
      vertex -14.9713 23.51 127.314
    endloop
  endfacet
  facet normal -0.146541 0 -0.989205
    outer loop
      vertex 88.6653 23.51 130.951
      vertex 89.6441 26.5 130.806
      vertex 89.6441 23.51 130.806
    endloop
  endfacet
  facet normal -0.146541 0 -0.989205
    outer loop
      vertex 89.6441 26.5 130.806
      vertex 88.6653 23.51 130.951
      vertex 88.6653 26.5 130.951
    endloop
  endfacet
  facet normal 1 -0 0
    outer loop
      vertex -15.76 -29.5 131
      vertex -15.76 -26.5 4
      vertex -15.76 -26.5 131
    endloop
  endfacet
  facet normal 1 0 0
    outer loop
      vertex -15.76 -26.5 4
      vertex -15.76 -29.5 131
      vertex -15.76 -29.5 4
    endloop
  endfacet
  facet normal -0 0 1
    outer loop
      vertex -18.76 -26.5 131
      vertex -15.76 -29.5 131
      vertex -15.76 -26.5 131
    endloop
  endfacet
  facet normal 0 0 1
    outer loop
      vertex -15.76 -29.5 131
      vertex -18.76 -26.5 131
      vertex -18.76 -29.5 131
    endloop
  endfacet
  facet normal -1 0 0
    outer loop
      vertex -18.76 -29.5 4
      vertex -18.76 -26.5 131
      vertex -18.76 -26.5 4
    endloop
  endfacet
  facet normal -1 -0 0
    outer loop
      vertex -18.76 -26.5 131
      vertex -18.76 -29.5 4
      vertex -18.76 -29.5 131
    endloop
  endfacet
  facet normal 1 -0 0
    outer loop
      vertex 99.26 -29.5 131
      vertex 99.26 -26.5 4
      vertex 99.26 -26.5 131
    endloop
  endfacet
  facet normal 1 0 0
    outer loop
      vertex 99.26 -26.5 4
      vertex 99.26 -29.5 131
      vertex 99.26 -29.5 4
    endloop
  endfacet
  facet normal -0 0 1
    outer loop
      vertex 96.26 -26.5 131
      vertex 99.26 -29.5 131
      vertex 99.26 -26.5 131
    endloop
  endfacet
  facet normal 0 0 1
    outer loop
      vertex 99.26 -29.5 131
      vertex 96.26 -26.5 131
      vertex 96.26 -29.5 131
    endloop
  endfacet
  facet normal -1 0 0
    outer loop
      vertex 96.26 -29.5 4
      vertex 96.26 -26.5 131
      vertex 96.26 -26.5 4
    endloop
  endfacet
  facet normal -1 -0 0
    outer loop
      vertex 96.26 -26.5 131
      vertex 96.26 -29.5 4
      vertex 96.26 -29.5 131
    endloop
  endfacet
  facet normal 1 -0 0
    outer loop
      vertex -72 -26.25 8.5
      vertex -72 26.25 4
      vertex -72 26.25 8.5
    endloop
  endfacet
  facet normal 1 0 0
    outer loop
      vertex -72 26.25 4
      vertex -72 -26.25 8.5
      vertex -72 -26.25 4
    endloop
  endfacet
  facet normal 0 1 -0
    outer loop
      vertex -74.5 1.25 3
      vertex -89.4 1.25 8.4
      vertex -74.5 1.25 8.4
    endloop
  endfacet
  facet normal 0 1 0
    outer loop
      vertex -89.4 1.25 8.4
      vertex -74.5 1.25 3
      vertex -89.4 1.25 3
    endloop
  endfacet
  facet normal 0 -1 0
    outer loop
      vertex -91.9 -26.25 4
      vertex -72 -26.25 8.5
      vertex -91.9 -26.25 8.5
    endloop
  endfacet
  facet normal 0 -1 -0
    outer loop
      vertex -72 -26.25 8.5
      vertex -91.9 -26.25 4
      vertex -72 -26.25 4
    endloop
  endfacet
  facet normal -1 0 0
    outer loop
      vertex -91.9 -26.25 4
      vertex -91.9 26.25 8.5
      vertex -91.9 26.25 4
    endloop
  endfacet
  facet normal -1 -0 0
    outer loop
      vertex -91.9 26.25 8.5
      vertex -91.9 -26.25 4
      vertex -91.9 -26.25 8.5
    endloop
  endfacet
  facet normal -0 0 1
    outer loop
      vertex -74.5 -1.96 9.7
      vertex -74.49 -21.74 9.7
      vertex -74.49 -1.96 9.7
    endloop
  endfacet
  facet normal 0 0 1
    outer loop
      vertex -74.49 -21.74 9.7
      vertex -74.5 -1.96 9.7
      vertex -74.5 -21.74 9.7
    endloop
  endfacet
  facet normal -0 0 1
    outer loop
      vertex -89.41 0.639999 9.7
      vertex -74.49 0.0599995 9.7
      vertex -74.49 0.639999 9.7
    endloop
  endfacet
  facet normal 0 0 1
    outer loop
      vertex -74.49 0.0599995 9.7
      vertex -89.41 0.639999 9.7
      vertex -89.41 0.0599995 9.7
    endloop
  endfacet
  facet normal -0 0 1
    outer loop
      vertex -74.5 23.04 9.7
      vertex -74.49 3.26 9.7
      vertex -74.49 23.04 9.7
    endloop
  endfacet
  facet normal 0 0 1
    outer loop
      vertex -74.49 3.26 9.7
      vertex -74.5 23.04 9.7
      vertex -74.5 3.26 9.7
    endloop
  endfacet
  facet normal 0 0 1
    outer loop
      vertex -74.49 23.04 9.7
      vertex -73.2 25.05 9.7
      vertex -74.49 25.05 9.7
    endloop
  endfacet
  facet normal 0 0 1
    outer loop
      vertex -74.49 3.26 9.7
      vertex -73.2 25.05 9.7
      vertex -74.49 23.04 9.7
    endloop
  endfacet
  facet normal 0 0 1
    outer loop
      vertex -73.2 25.05 9.7
      vertex -74.49 3.26 9.7
      vertex -73.2 -25.05 9.7
    endloop
  endfacet
  facet normal -0 0 1
    outer loop
      vertex -74.49 0.639999 9.7
      vertex -73.2 -25.05 9.7
      vertex -74.49 3.26 9.7
    endloop
  endfacet
  facet normal -0 0 1
    outer loop
      vertex -74.49 0.0599995 9.7
      vertex -73.2 -25.05 9.7
      vertex -74.49 0.639999 9.7
    endloop
  endfacet
  facet normal -0 0 1
    outer loop
      vertex -74.49 -1.96 9.7
      vertex -73.2 -25.05 9.7
      vertex -74.49 0.0599995 9.7
    endloop
  endfacet
  facet normal -0 0 1
    outer loop
      vertex -74.49 -21.74 9.7
      vertex -73.2 -25.05 9.7
      vertex -74.49 -1.96 9.7
    endloop
  endfacet
  facet normal -0 0 1
    outer loop
      vertex -74.49 -24.36 9.7
      vertex -73.2 -25.05 9.7
      vertex -74.49 -21.74 9.7
    endloop
  endfacet
  facet normal -0 0 1
    outer loop
      vertex -89.41 -24.36 9.7
      vertex -73.2 -25.05 9.7
      vertex -74.49 -24.36 9.7
    endloop
  endfacet
  facet normal 0 0 1
    outer loop
      vertex -89.41 -24.36 9.7
      vertex -90.7 -25.05 9.7
      vertex -73.2 -25.05 9.7
    endloop
  endfacet
  facet normal 0 0 1
    outer loop
      vertex -89.41 -21.74 9.7
      vertex -90.7 -25.05 9.7
      vertex -89.41 -24.36 9.7
    endloop
  endfacet
  facet normal -0 0 1
    outer loop
      vertex -90.7 25.05 9.7
      vertex -89.41 23.04 9.7
      vertex -89.41 25.05 9.7
    endloop
  endfacet
  facet normal 0 0 1
    outer loop
      vertex -89.41 23.04 9.7
      vertex -90.7 25.05 9.7
      vertex -89.41 3.26 9.7
    endloop
  endfacet
  facet normal 0 0 1
    outer loop
      vertex -89.41 3.26 9.7
      vertex -90.7 25.05 9.7
      vertex -89.41 0.639999 9.7
    endloop
  endfacet
  facet normal 0 0 1
    outer loop
      vertex -89.41 0.639999 9.7
      vertex -90.7 25.05 9.7
      vertex -89.41 0.0599995 9.7
    endloop
  endfacet
  facet normal 0 0 1
    outer loop
      vertex -89.41 0.0599995 9.7
      vertex -90.7 25.05 9.7
      vertex -89.41 -1.96 9.7
    endloop
  endfacet
  facet normal 0 0 1
    outer loop
      vertex -90.7 -25.05 9.7
      vertex -89.41 -1.96 9.7
      vertex -90.7 25.05 9.7
    endloop
  endfacet
  facet normal 0 0 1
    outer loop
      vertex -89.41 -1.96 9.7
      vertex -90.7 -25.05 9.7
      vertex -89.41 -21.74 9.7
    endloop
  endfacet
  facet normal -0 0 1
    outer loop
      vertex -89.41 23.04 9.7
      vertex -89.4 3.26 9.7
      vertex -89.4 23.04 9.7
    endloop
  endfacet
  facet normal 0 0 1
    outer loop
      vertex -89.4 3.26 9.7
      vertex -89.41 23.04 9.7
      vertex -89.41 3.26 9.7
    endloop
  endfacet
  facet normal -0 0 1
    outer loop
      vertex -89.41 -1.96 9.7
      vertex -89.4 -21.74 9.7
      vertex -89.4 -1.96 9.7
    endloop
  endfacet
  facet normal 0 0 1
    outer loop
      vertex -89.4 -21.74 9.7
      vertex -89.41 -1.96 9.7
      vertex -89.41 -21.74 9.7
    endloop
  endfacet
  facet normal -1 0 0
    outer loop
      vertex -74.5 -21.97 3
      vertex -74.5 -5.6681 0
      vertex -74.5 -21.97 0
    endloop
  endfacet
  facet normal -1 0 0
    outer loop
      vertex -74.5 -5.6681 0
      vertex -74.5 -21.97 3
      vertex -74.5 -21.74 8.4
    endloop
  endfacet
  facet normal -1 0 0
    outer loop
      vertex -74.5 -24.35 8.4
      vertex -74.5 -21.97 3
      vertex -74.5 -24.35 3
    endloop
  endfacet
  facet normal -1 0 0
    outer loop
      vertex -74.5 -21.97 3
      vertex -74.5 -24.35 8.4
      vertex -74.5 -21.74 8.4
    endloop
  endfacet
  facet normal -1 0 0
    outer loop
      vertex -74.5 -1.25 3
      vertex -74.5 -1.96 8.3
      vertex -74.5 -1.25 8.3
    endloop
  endfacet
  facet normal -1 0 0
    outer loop
      vertex -74.5 -2.09474 3
      vertex -74.5 -1.96 8.3
      vertex -74.5 -1.25 3
    endloop
  endfacet
  facet normal -1 0 0
    outer loop
      vertex -74.5 -5.6681 0
      vertex -74.5 -1.96 8.3
      vertex -74.5 -2.09474 3
    endloop
  endfacet
  facet normal -1 0 0
    outer loop
      vertex -74.5 -21.74 8.4
      vertex -74.5 -1.96 8.3
      vertex -74.5 -5.6681 0
    endloop
  endfacet
  facet normal -1 0 0
    outer loop
      vertex -74.5 -1.96 8.3
      vertex -74.5 -21.74 8.4
      vertex -74.5 -1.96 9.7
    endloop
  endfacet
  facet normal -1 -0 0
    outer loop
      vertex -74.5 -1.96 9.7
      vertex -74.5 -21.74 8.4
      vertex -74.5 -21.74 9.7
    endloop
  endfacet
  facet normal 0 1 -0
    outer loop
      vertex -74.5 -21.97 0
      vertex -89.4 -21.97 3
      vertex -74.5 -21.97 3
    endloop
  endfacet
  facet normal 0 1 0
    outer loop
      vertex -89.4 -21.97 3
      vertex -74.5 -21.97 0
      vertex -89.4 -21.97 0
    endloop
  endfacet
  facet normal 1 -0 0
    outer loop
      vertex -89.4 -24.35 8.4
      vertex -89.4 -21.97 3
      vertex -89.4 -21.74 8.4
    endloop
  endfacet
  facet normal 1 0 0
    outer loop
      vertex -89.4 -21.97 3
      vertex -89.4 -24.35 8.4
      vertex -89.4 -24.35 3
    endloop
  endfacet
  facet normal 1 -0 0
    outer loop
      vertex -89.4 -21.74 8.4
      vertex -89.4 -1.96 8.3
      vertex -89.4 -1.96 9.7
    endloop
  endfacet
  facet normal 1 0 0
    outer loop
      vertex -89.4 -1.96 8.3
      vertex -89.4 -5.6681 0
      vertex -89.4 -2.09474 3
    endloop
  endfacet
  facet normal 1 0 0
    outer loop
      vertex -89.4 -21.74 8.4
      vertex -89.4 -1.96 9.7
      vertex -89.4 -21.74 9.7
    endloop
  endfacet
  facet normal 1 0 0
    outer loop
      vertex -89.4 -1.96 8.3
      vertex -89.4 -21.74 8.4
      vertex -89.4 -5.6681 0
    endloop
  endfacet
  facet normal 1 -0 0
    outer loop
      vertex -89.4 -21.97 3
      vertex -89.4 -5.6681 0
      vertex -89.4 -21.74 8.4
    endloop
  endfacet
  facet normal 1 0 0
    outer loop
      vertex -89.4 -5.6681 0
      vertex -89.4 -21.97 3
      vertex -89.4 -21.97 0
    endloop
  endfacet
  facet normal 1 -0 0
    outer loop
      vertex -89.4 -1.96 8.3
      vertex -89.4 -1.25 3
      vertex -89.4 -1.25 8.3
    endloop
  endfacet
  facet normal 1 0 0
    outer loop
      vertex -89.4 -1.25 3
      vertex -89.4 -1.96 8.3
      vertex -89.4 -2.09474 3
    endloop
  endfacet
  facet normal 0 1 -0
    outer loop
      vertex -74.5 -24.35 3
      vertex -89.4 -24.35 8.4
      vertex -74.5 -24.35 8.4
    endloop
  endfacet
  facet normal 0 1 0
    outer loop
      vertex -89.4 -24.35 8.4
      vertex -74.5 -24.35 3
      vertex -89.4 -24.35 3
    endloop
  endfacet
  facet normal -0 0 1
    outer loop
      vertex -89.4 -1.25 3
      vertex -74.5 -2.09474 3
      vertex -74.5 -1.25 3
    endloop
  endfacet
  facet normal 0 0 1
    outer loop
      vertex -74.5 -2.09474 3
      vertex -89.4 -1.25 3
      vertex -89.4 -2.09474 3
    endloop
  endfacet
  facet normal -0 0 1
    outer loop
      vertex -89.4 -21.97 3
      vertex -74.5 -24.35 3
      vertex -74.5 -21.97 3
    endloop
  endfacet
  facet normal 0 0 1
    outer loop
      vertex -74.5 -24.35 3
      vertex -89.4 -21.97 3
      vertex -89.4 -24.35 3
    endloop
  endfacet
  facet normal 0 -0.642988 0.765876
    outer loop
      vertex -89.4 -2.09474 3
      vertex -74.5 -5.6681 0
      vertex -74.5 -2.09474 3
    endloop
  endfacet
  facet normal 0 -0.642988 0.765876
    outer loop
      vertex -74.5 -5.6681 0
      vertex -89.4 -2.09474 3
      vertex -89.4 -5.6681 0
    endloop
  endfacet
  facet normal 0 -0.707107 0.707107
    outer loop
      vertex -90.7 -25.05 9.7
      vertex -72 -26.25 8.5
      vertex -73.2 -25.05 9.7
    endloop
  endfacet
  facet normal 0 -0.707107 0.707107
    outer loop
      vertex -72 -26.25 8.5
      vertex -90.7 -25.05 9.7
      vertex -91.9 -26.25 8.5
    endloop
  endfacet
  facet normal 0.707107 -0 0.707107
    outer loop
      vertex -73.2 -25.05 9.7
      vertex -72 26.25 8.5
      vertex -73.2 25.05 9.7
    endloop
  endfacet
  facet normal 0.707107 0 0.707107
    outer loop
      vertex -72 26.25 8.5
      vertex -73.2 -25.05 9.7
      vertex -72 -26.25 8.5
    endloop
  endfacet
  facet normal -0.707107 0 0.707107
    outer loop
      vertex -91.9 26.25 8.5
      vertex -90.7 -25.05 9.7
      vertex -90.7 25.05 9.7
    endloop
  endfacet
  facet normal -0.707107 0 0.707107
    outer loop
      vertex -90.7 -25.05 9.7
      vertex -91.9 26.25 8.5
      vertex -91.9 -26.25 8.5
    endloop
  endfacet
  facet normal 1 -0 0
    outer loop
      vertex -74.49 -1.96 9.71
      vertex -74.49 0.0599995 9.7
      vertex -74.49 0.0599995 9.71
    endloop
  endfacet
  facet normal 1 0 0
    outer loop
      vertex -74.49 0.0599995 9.7
      vertex -74.49 -1.96 9.71
      vertex -74.49 -1.96 9.7
    endloop
  endfacet
  facet normal 0 1 -0
    outer loop
      vertex -74.49 0.0599995 9.7
      vertex -89.41 0.0599995 9.71
      vertex -74.49 0.0599995 9.71
    endloop
  endfacet
  facet normal 0 1 0
    outer loop
      vertex -89.41 0.0599995 9.71
      vertex -74.49 0.0599995 9.7
      vertex -89.41 0.0599995 9.7
    endloop
  endfacet
  facet normal 0 -1 0
    outer loop
      vertex -89.4 -1.96 8.3
      vertex -74.5 -1.96 9.7
      vertex -89.4 -1.96 9.7
    endloop
  endfacet
  facet normal 0 -1 -0
    outer loop
      vertex -74.5 -1.96 9.7
      vertex -89.4 -1.96 8.3
      vertex -74.5 -1.96 8.3
    endloop
  endfacet
  facet normal 0 -1 0
    outer loop
      vertex -89.4 -1.96 9.7
      vertex -89.41 -1.96 9.71
      vertex -89.41 -1.96 9.7
    endloop
  endfacet
  facet normal 0 -1 0
    outer loop
      vertex -89.41 -1.96 9.71
      vertex -89.4 -1.96 9.7
      vertex -74.49 -1.96 9.71
    endloop
  endfacet
  facet normal 0 -1 0
    outer loop
      vertex -74.5 -1.96 9.7
      vertex -74.49 -1.96 9.71
      vertex -89.4 -1.96 9.7
    endloop
  endfacet
  facet normal 0 -1 -0
    outer loop
      vertex -74.49 -1.96 9.71
      vertex -74.5 -1.96 9.7
      vertex -74.49 -1.96 9.7
    endloop
  endfacet
  facet normal -1 0 0
    outer loop
      vertex -89.41 -1.96 9.7
      vertex -89.41 0.0599995 9.71
      vertex -89.41 0.0599995 9.7
    endloop
  endfacet
  facet normal -1 -0 0
    outer loop
      vertex -89.41 0.0599995 9.71
      vertex -89.41 -1.96 9.7
      vertex -89.41 -1.96 9.71
    endloop
  endfacet
  facet normal -0 0 1
    outer loop
      vertex -89.41 0.0599995 9.71
      vertex -74.49 -1.96 9.71
      vertex -74.49 0.0599995 9.71
    endloop
  endfacet
  facet normal 0 0 1
    outer loop
      vertex -74.49 -1.96 9.71
      vertex -89.41 0.0599995 9.71
      vertex -89.41 -1.96 9.71
    endloop
  endfacet
  facet normal 0 0 -1
    outer loop
      vertex -89.4 -1.96 8.3
      vertex -74.5 -1.25 8.3
      vertex -74.5 -1.96 8.3
    endloop
  endfacet
  facet normal -0 0 -1
    outer loop
      vertex -74.5 -1.25 8.3
      vertex -89.4 -1.96 8.3
      vertex -89.4 -1.25 8.3
    endloop
  endfacet
  facet normal 1 -0 0
    outer loop
      vertex -74.49 -24.36 9.71
      vertex -74.49 -21.74 9.7
      vertex -74.49 -21.74 9.71
    endloop
  endfacet
  facet normal 1 0 0
    outer loop
      vertex -74.49 -21.74 9.7
      vertex -74.49 -24.36 9.71
      vertex -74.49 -24.36 9.7
    endloop
  endfacet
  facet normal 0 1 -0
    outer loop
      vertex -74.5 -21.74 8.4
      vertex -89.4 -21.74 9.7
      vertex -74.5 -21.74 9.7
    endloop
  endfacet
  facet normal 0 1 0
    outer loop
      vertex -89.4 -21.74 9.7
      vertex -74.5 -21.74 8.4
      vertex -89.4 -21.74 8.4
    endloop
  endfacet
  facet normal 0 1 0
    outer loop
      vertex -74.5 -21.74 9.7
      vertex -74.49 -21.74 9.71
      vertex -74.49 -21.74 9.7
    endloop
  endfacet
  facet normal 0 1 0
    outer loop
      vertex -74.49 -21.74 9.71
      vertex -74.5 -21.74 9.7
      vertex -89.41 -21.74 9.71
    endloop
  endfacet
  facet normal 0 1 -0
    outer loop
      vertex -89.4 -21.74 9.7
      vertex -89.41 -21.74 9.71
      vertex -74.5 -21.74 9.7
    endloop
  endfacet
  facet normal 0 1 0
    outer loop
      vertex -89.41 -21.74 9.71
      vertex -89.4 -21.74 9.7
      vertex -89.41 -21.74 9.7
    endloop
  endfacet
  facet normal 0 -1 0
    outer loop
      vertex -89.41 -24.36 9.7
      vertex -74.49 -24.36 9.71
      vertex -89.41 -24.36 9.71
    endloop
  endfacet
  facet normal 0 -1 -0
    outer loop
      vertex -74.49 -24.36 9.71
      vertex -89.41 -24.36 9.7
      vertex -74.49 -24.36 9.7
    endloop
  endfacet
  facet normal -1 0 0
    outer loop
      vertex -89.41 -24.36 9.7
      vertex -89.41 -21.74 9.71
      vertex -89.41 -21.74 9.7
    endloop
  endfacet
  facet normal -1 -0 0
    outer loop
      vertex -89.41 -21.74 9.71
      vertex -89.41 -24.36 9.7
      vertex -89.41 -24.36 9.71
    endloop
  endfacet
  facet normal -0 0 1
    outer loop
      vertex -89.41 -21.74 9.71
      vertex -74.49 -24.36 9.71
      vertex -74.49 -21.74 9.71
    endloop
  endfacet
  facet normal 0 0 1
    outer loop
      vertex -74.49 -24.36 9.71
      vertex -89.41 -21.74 9.71
      vertex -89.41 -24.36 9.71
    endloop
  endfacet
  facet normal 0 0 -1
    outer loop
      vertex -89.4 -24.35 8.4
      vertex -74.5 -21.74 8.4
      vertex -74.5 -24.35 8.4
    endloop
  endfacet
  facet normal -0 0 -1
    outer loop
      vertex -74.5 -21.74 8.4
      vertex -89.4 -24.35 8.4
      vertex -89.4 -21.74 8.4
    endloop
  endfacet
  facet normal 1 -0 0
    outer loop
      vertex -49.1 -26.25 8.5
      vertex -49.1 26.25 4
      vertex -49.1 26.25 8.5
    endloop
  endfacet
  facet normal 1 0 0
    outer loop
      vertex -49.1 26.25 4
      vertex -49.1 -26.25 8.5
      vertex -49.1 -26.25 4
    endloop
  endfacet
  facet normal 0 1 -0
    outer loop
      vertex -51.6 1.25 3
      vertex -66.5 1.25 8.4
      vertex -51.6 1.25 8.4
    endloop
  endfacet
  facet normal 0 1 0
    outer loop
      vertex -66.5 1.25 8.4
      vertex -51.6 1.25 3
      vertex -66.5 1.25 3
    endloop
  endfacet
  facet normal 0 -1 0
    outer loop
      vertex -69 -26.25 4
      vertex -49.1 -26.25 8.5
      vertex -69 -26.25 8.5
    endloop
  endfacet
  facet normal 0 -1 -0
    outer loop
      vertex -49.1 -26.25 8.5
      vertex -69 -26.25 4
      vertex -49.1 -26.25 4
    endloop
  endfacet
  facet normal -1 0 0
    outer loop
      vertex -69 -26.25 4
      vertex -69 26.25 8.5
      vertex -69 26.25 4
    endloop
  endfacet
  facet normal -1 -0 0
    outer loop
      vertex -69 26.25 8.5
      vertex -69 -26.25 4
      vertex -69 -26.25 8.5
    endloop
  endfacet
  facet normal -0 0 1
    outer loop
      vertex -51.6 -1.96 9.7
      vertex -51.59 -21.74 9.7
      vertex -51.59 -1.96 9.7
    endloop
  endfacet
  facet normal 0 0 1
    outer loop
      vertex -51.59 -21.74 9.7
      vertex -51.6 -1.96 9.7
      vertex -51.6 -21.74 9.7
    endloop
  endfacet
  facet normal -0 0 1
    outer loop
      vertex -66.51 0.639999 9.7
      vertex -51.59 0.0599995 9.7
      vertex -51.59 0.639999 9.7
    endloop
  endfacet
  facet normal 0 0 1
    outer loop
      vertex -51.59 0.0599995 9.7
      vertex -66.51 0.639999 9.7
      vertex -66.51 0.0599995 9.7
    endloop
  endfacet
  facet normal -0 0 1
    outer loop
      vertex -51.6 23.04 9.7
      vertex -51.59 3.26 9.7
      vertex -51.59 23.04 9.7
    endloop
  endfacet
  facet normal 0 0 1
    outer loop
      vertex -51.59 3.26 9.7
      vertex -51.6 23.04 9.7
      vertex -51.6 3.26 9.7
    endloop
  endfacet
  facet normal 0 0 1
    outer loop
      vertex -51.59 23.04 9.7
      vertex -50.3 25.05 9.7
      vertex -51.59 25.05 9.7
    endloop
  endfacet
  facet normal 0 0 1
    outer loop
      vertex -51.59 3.26 9.7
      vertex -50.3 25.05 9.7
      vertex -51.59 23.04 9.7
    endloop
  endfacet
  facet normal 0 0 1
    outer loop
      vertex -50.3 25.05 9.7
      vertex -51.59 3.26 9.7
      vertex -50.3 -25.05 9.7
    endloop
  endfacet
  facet normal -0 0 1
    outer loop
      vertex -51.59 0.639999 9.7
      vertex -50.3 -25.05 9.7
      vertex -51.59 3.26 9.7
    endloop
  endfacet
  facet normal -0 0 1
    outer loop
      vertex -51.59 0.0599995 9.7
      vertex -50.3 -25.05 9.7
      vertex -51.59 0.639999 9.7
    endloop
  endfacet
  facet normal -0 0 1
    outer loop
      vertex -51.59 -1.96 9.7
      vertex -50.3 -25.05 9.7
      vertex -51.59 0.0599995 9.7
    endloop
  endfacet
  facet normal -0 0 1
    outer loop
      vertex -51.59 -21.74 9.7
      vertex -50.3 -25.05 9.7
      vertex -51.59 -1.96 9.7
    endloop
  endfacet
  facet normal -0 0 1
    outer loop
      vertex -51.59 -24.36 9.7
      vertex -50.3 -25.05 9.7
      vertex -51.59 -21.74 9.7
    endloop
  endfacet
  facet normal -0 0 1
    outer loop
      vertex -66.51 -24.36 9.7
      vertex -50.3 -25.05 9.7
      vertex -51.59 -24.36 9.7
    endloop
  endfacet
  facet normal 0 0 1
    outer loop
      vertex -66.51 -24.36 9.7
      vertex -67.8 -25.05 9.7
      vertex -50.3 -25.05 9.7
    endloop
  endfacet
  facet normal 0 0 1
    outer loop
      vertex -66.51 -21.74 9.7
      vertex -67.8 -25.05 9.7
      vertex -66.51 -24.36 9.7
    endloop
  endfacet
  facet normal -0 0 1
    outer loop
      vertex -67.8 25.05 9.7
      vertex -66.51 23.04 9.7
      vertex -66.51 25.05 9.7
    endloop
  endfacet
  facet normal 0 0 1
    outer loop
      vertex -66.51 23.04 9.7
      vertex -67.8 25.05 9.7
      vertex -66.51 3.26 9.7
    endloop
  endfacet
  facet normal 0 0 1
    outer loop
      vertex -66.51 3.26 9.7
      vertex -67.8 25.05 9.7
      vertex -66.51 0.639999 9.7
    endloop
  endfacet
  facet normal 0 0 1
    outer loop
      vertex -66.51 0.639999 9.7
      vertex -67.8 25.05 9.7
      vertex -66.51 0.0599995 9.7
    endloop
  endfacet
  facet normal 0 0 1
    outer loop
      vertex -66.51 0.0599995 9.7
      vertex -67.8 25.05 9.7
      vertex -66.51 -1.96 9.7
    endloop
  endfacet
  facet normal 0 0 1
    outer loop
      vertex -67.8 -25.05 9.7
      vertex -66.51 -1.96 9.7
      vertex -67.8 25.05 9.7
    endloop
  endfacet
  facet normal 0 0 1
    outer loop
      vertex -66.51 -1.96 9.7
      vertex -67.8 -25.05 9.7
      vertex -66.51 -21.74 9.7
    endloop
  endfacet
  facet normal -0 0 1
    outer loop
      vertex -66.51 23.04 9.7
      vertex -66.5 3.26 9.7
      vertex -66.5 23.04 9.7
    endloop
  endfacet
  facet normal 0 0 1
    outer loop
      vertex -66.5 3.26 9.7
      vertex -66.51 23.04 9.7
      vertex -66.51 3.26 9.7
    endloop
  endfacet
  facet normal -0 0 1
    outer loop
      vertex -66.51 -1.96 9.7
      vertex -66.5 -21.74 9.7
      vertex -66.5 -1.96 9.7
    endloop
  endfacet
  facet normal 0 0 1
    outer loop
      vertex -66.5 -21.74 9.7
      vertex -66.51 -1.96 9.7
      vertex -66.51 -21.74 9.7
    endloop
  endfacet
  facet normal -1 0 0
    outer loop
      vertex -51.6 -21.97 3
      vertex -51.6 -5.6681 0
      vertex -51.6 -21.97 0
    endloop
  endfacet
  facet normal -1 0 0
    outer loop
      vertex -51.6 -5.6681 0
      vertex -51.6 -21.97 3
      vertex -51.6 -21.74 8.4
    endloop
  endfacet
  facet normal -1 0 0
    outer loop
      vertex -51.6 -24.35 8.4
      vertex -51.6 -21.97 3
      vertex -51.6 -24.35 3
    endloop
  endfacet
  facet normal -1 0 0
    outer loop
      vertex -51.6 -21.97 3
      vertex -51.6 -24.35 8.4
      vertex -51.6 -21.74 8.4
    endloop
  endfacet
  facet normal -1 0 0
    outer loop
      vertex -51.6 -1.25 3
      vertex -51.6 -1.96 8.3
      vertex -51.6 -1.25 8.3
    endloop
  endfacet
  facet normal -1 0 0
    outer loop
      vertex -51.6 -2.09474 3
      vertex -51.6 -1.96 8.3
      vertex -51.6 -1.25 3
    endloop
  endfacet
  facet normal -1 0 0
    outer loop
      vertex -51.6 -5.6681 0
      vertex -51.6 -1.96 8.3
      vertex -51.6 -2.09474 3
    endloop
  endfacet
  facet normal -1 0 0
    outer loop
      vertex -51.6 -21.74 8.4
      vertex -51.6 -1.96 8.3
      vertex -51.6 -5.6681 0
    endloop
  endfacet
  facet normal -1 0 0
    outer loop
      vertex -51.6 -1.96 8.3
      vertex -51.6 -21.74 8.4
      vertex -51.6 -1.96 9.7
    endloop
  endfacet
  facet normal -1 -0 0
    outer loop
      vertex -51.6 -1.96 9.7
      vertex -51.6 -21.74 8.4
      vertex -51.6 -21.74 9.7
    endloop
  endfacet
  facet normal 0 1 -0
    outer loop
      vertex -51.6 -21.97 0
      vertex -66.5 -21.97 3
      vertex -51.6 -21.97 3
    endloop
  endfacet
  facet normal 0 1 0
    outer loop
      vertex -66.5 -21.97 3
      vertex -51.6 -21.97 0
      vertex -66.5 -21.97 0
    endloop
  endfacet
  facet normal 1 -0 0
    outer loop
      vertex -66.5 -24.35 8.4
      vertex -66.5 -21.97 3
      vertex -66.5 -21.74 8.4
    endloop
  endfacet
  facet normal 1 0 0
    outer loop
      vertex -66.5 -21.97 3
      vertex -66.5 -24.35 8.4
      vertex -66.5 -24.35 3
    endloop
  endfacet
  facet normal 1 -0 0
    outer loop
      vertex -66.5 -21.74 8.4
      vertex -66.5 -1.96 8.3
      vertex -66.5 -1.96 9.7
    endloop
  endfacet
  facet normal 1 0 0
    outer loop
      vertex -66.5 -1.96 8.3
      vertex -66.5 -5.6681 0
      vertex -66.5 -2.09474 3
    endloop
  endfacet
  facet normal 1 0 0
    outer loop
      vertex -66.5 -21.74 8.4
      vertex -66.5 -1.96 9.7
      vertex -66.5 -21.74 9.7
    endloop
  endfacet
  facet normal 1 0 0
    outer loop
      vertex -66.5 -1.96 8.3
      vertex -66.5 -21.74 8.4
      vertex -66.5 -5.6681 0
    endloop
  endfacet
  facet normal 1 -0 0
    outer loop
      vertex -66.5 -21.97 3
      vertex -66.5 -5.6681 0
      vertex -66.5 -21.74 8.4
    endloop
  endfacet
  facet normal 1 0 0
    outer loop
      vertex -66.5 -5.6681 0
      vertex -66.5 -21.97 3
      vertex -66.5 -21.97 0
    endloop
  endfacet
  facet normal 1 -0 0
    outer loop
      vertex -66.5 -1.96 8.3
      vertex -66.5 -1.25 3
      vertex -66.5 -1.25 8.3
    endloop
  endfacet
  facet normal 1 0 0
    outer loop
      vertex -66.5 -1.25 3
      vertex -66.5 -1.96 8.3
      vertex -66.5 -2.09474 3
    endloop
  endfacet
  facet normal 0 1 -0
    outer loop
      vertex -51.6 -24.35 3
      vertex -66.5 -24.35 8.4
      vertex -51.6 -24.35 8.4
    endloop
  endfacet
  facet normal 0 1 0
    outer loop
      vertex -66.5 -24.35 8.4
      vertex -51.6 -24.35 3
      vertex -66.5 -24.35 3
    endloop
  endfacet
  facet normal -0 0 1
    outer loop
      vertex -66.5 -1.25 3
      vertex -51.6 -2.09474 3
      vertex -51.6 -1.25 3
    endloop
  endfacet
  facet normal 0 0 1
    outer loop
      vertex -51.6 -2.09474 3
      vertex -66.5 -1.25 3
      vertex -66.5 -2.09474 3
    endloop
  endfacet
  facet normal -0 0 1
    outer loop
      vertex -66.5 -21.97 3
      vertex -51.6 -24.35 3
      vertex -51.6 -21.97 3
    endloop
  endfacet
  facet normal 0 0 1
    outer loop
      vertex -51.6 -24.35 3
      vertex -66.5 -21.97 3
      vertex -66.5 -24.35 3
    endloop
  endfacet
  facet normal 0 -0.642988 0.765876
    outer loop
      vertex -66.5 -2.09474 3
      vertex -51.6 -5.6681 0
      vertex -51.6 -2.09474 3
    endloop
  endfacet
  facet normal 0 -0.642988 0.765876
    outer loop
      vertex -51.6 -5.6681 0
      vertex -66.5 -2.09474 3
      vertex -66.5 -5.6681 0
    endloop
  endfacet
  facet normal 0 -0.707107 0.707107
    outer loop
      vertex -67.8 -25.05 9.7
      vertex -49.1 -26.25 8.5
      vertex -50.3 -25.05 9.7
    endloop
  endfacet
  facet normal 0 -0.707107 0.707107
    outer loop
      vertex -49.1 -26.25 8.5
      vertex -67.8 -25.05 9.7
      vertex -69 -26.25 8.5
    endloop
  endfacet
  facet normal 0.707107 0 0.707107
    outer loop
      vertex -50.3 25.05 9.7
      vertex -49.1 -26.25 8.5
      vertex -49.1 26.25 8.5
    endloop
  endfacet
  facet normal 0.707107 0 0.707107
    outer loop
      vertex -49.1 -26.25 8.5
      vertex -50.3 25.05 9.7
      vertex -50.3 -25.05 9.7
    endloop
  endfacet
  facet normal -0.707107 0 0.707107
    outer loop
      vertex -69 26.25 8.5
      vertex -67.8 -25.05 9.7
      vertex -67.8 25.05 9.7
    endloop
  endfacet
  facet normal -0.707107 0 0.707107
    outer loop
      vertex -67.8 -25.05 9.7
      vertex -69 26.25 8.5
      vertex -69 -26.25 8.5
    endloop
  endfacet
  facet normal 1 -0 0
    outer loop
      vertex -51.59 -1.96 9.71
      vertex -51.59 0.0599995 9.7
      vertex -51.59 0.0599995 9.71
    endloop
  endfacet
  facet normal 1 0 0
    outer loop
      vertex -51.59 0.0599995 9.7
      vertex -51.59 -1.96 9.71
      vertex -51.59 -1.96 9.7
    endloop
  endfacet
  facet normal 0 1 -0
    outer loop
      vertex -51.59 0.0599995 9.7
      vertex -66.51 0.0599995 9.71
      vertex -51.59 0.0599995 9.71
    endloop
  endfacet
  facet normal 0 1 0
    outer loop
      vertex -66.51 0.0599995 9.71
      vertex -51.59 0.0599995 9.7
      vertex -66.51 0.0599995 9.7
    endloop
  endfacet
  facet normal 0 -1 0
    outer loop
      vertex -66.5 -1.96 8.3
      vertex -51.6 -1.96 9.7
      vertex -66.5 -1.96 9.7
    endloop
  endfacet
  facet normal 0 -1 -0
    outer loop
      vertex -51.6 -1.96 9.7
      vertex -66.5 -1.96 8.3
      vertex -51.6 -1.96 8.3
    endloop
  endfacet
  facet normal 0 -1 0
    outer loop
      vertex -66.5 -1.96 9.7
      vertex -66.51 -1.96 9.71
      vertex -66.51 -1.96 9.7
    endloop
  endfacet
  facet normal 0 -1 0
    outer loop
      vertex -66.51 -1.96 9.71
      vertex -66.5 -1.96 9.7
      vertex -51.59 -1.96 9.71
    endloop
  endfacet
  facet normal 0 -1 0
    outer loop
      vertex -51.6 -1.96 9.7
      vertex -51.59 -1.96 9.71
      vertex -66.5 -1.96 9.7
    endloop
  endfacet
  facet normal 0 -1 -0
    outer loop
      vertex -51.59 -1.96 9.71
      vertex -51.6 -1.96 9.7
      vertex -51.59 -1.96 9.7
    endloop
  endfacet
  facet normal -1 0 0
    outer loop
      vertex -66.51 -1.96 9.7
      vertex -66.51 0.0599995 9.71
      vertex -66.51 0.0599995 9.7
    endloop
  endfacet
  facet normal -1 -0 0
    outer loop
      vertex -66.51 0.0599995 9.71
      vertex -66.51 -1.96 9.7
      vertex -66.51 -1.96 9.71
    endloop
  endfacet
  facet normal -0 0 1
    outer loop
      vertex -66.51 0.0599995 9.71
      vertex -51.59 -1.96 9.71
      vertex -51.59 0.0599995 9.71
    endloop
  endfacet
  facet normal 0 0 1
    outer loop
      vertex -51.59 -1.96 9.71
      vertex -66.51 0.0599995 9.71
      vertex -66.51 -1.96 9.71
    endloop
  endfacet
  facet normal 0 0 -1
    outer loop
      vertex -66.5 -1.96 8.3
      vertex -51.6 -1.25 8.3
      vertex -51.6 -1.96 8.3
    endloop
  endfacet
  facet normal -0 0 -1
    outer loop
      vertex -51.6 -1.25 8.3
      vertex -66.5 -1.96 8.3
      vertex -66.5 -1.25 8.3
    endloop
  endfacet
  facet normal 1 -0 0
    outer loop
      vertex -51.59 -24.36 9.71
      vertex -51.59 -21.74 9.7
      vertex -51.59 -21.74 9.71
    endloop
  endfacet
  facet normal 1 0 0
    outer loop
      vertex -51.59 -21.74 9.7
      vertex -51.59 -24.36 9.71
      vertex -51.59 -24.36 9.7
    endloop
  endfacet
  facet normal 0 1 -0
    outer loop
      vertex -51.6 -21.74 8.4
      vertex -66.5 -21.74 9.7
      vertex -51.6 -21.74 9.7
    endloop
  endfacet
  facet normal 0 1 0
    outer loop
      vertex -66.5 -21.74 9.7
      vertex -51.6 -21.74 8.4
      vertex -66.5 -21.74 8.4
    endloop
  endfacet
  facet normal 0 1 0
    outer loop
      vertex -51.6 -21.74 9.7
      vertex -51.59 -21.74 9.71
      vertex -51.59 -21.74 9.7
    endloop
  endfacet
  facet normal 0 1 0
    outer loop
      vertex -51.59 -21.74 9.71
      vertex -51.6 -21.74 9.7
      vertex -66.51 -21.74 9.71
    endloop
  endfacet
  facet normal 0 1 -0
    outer loop
      vertex -66.5 -21.74 9.7
      vertex -66.51 -21.74 9.71
      vertex -51.6 -21.74 9.7
    endloop
  endfacet
  facet normal 0 1 0
    outer loop
      vertex -66.51 -21.74 9.71
      vertex -66.5 -21.74 9.7
      vertex -66.51 -21.74 9.7
    endloop
  endfacet
  facet normal 0 -1 0
    outer loop
      vertex -66.51 -24.36 9.7
      vertex -51.59 -24.36 9.71
      vertex -66.51 -24.36 9.71
    endloop
  endfacet
  facet normal 0 -1 -0
    outer loop
      vertex -51.59 -24.36 9.71
      vertex -66.51 -24.36 9.7
      vertex -51.59 -24.36 9.7
    endloop
  endfacet
  facet normal -1 0 0
    outer loop
      vertex -66.51 -24.36 9.7
      vertex -66.51 -21.74 9.71
      vertex -66.51 -21.74 9.7
    endloop
  endfacet
  facet normal -1 -0 0
    outer loop
      vertex -66.51 -21.74 9.71
      vertex -66.51 -24.36 9.7
      vertex -66.51 -24.36 9.71
    endloop
  endfacet
  facet normal -0 0 1
    outer loop
      vertex -66.51 -21.74 9.71
      vertex -51.59 -24.36 9.71
      vertex -51.59 -21.74 9.71
    endloop
  endfacet
  facet normal 0 0 1
    outer loop
      vertex -51.59 -24.36 9.71
      vertex -66.51 -21.74 9.71
      vertex -66.51 -24.36 9.71
    endloop
  endfacet
  facet normal 0 0 -1
    outer loop
      vertex -66.5 -24.35 8.4
      vertex -51.6 -21.74 8.4
      vertex -51.6 -24.35 8.4
    endloop
  endfacet
  facet normal -0 0 -1
    outer loop
      vertex -51.6 -21.74 8.4
      vertex -66.5 -24.35 8.4
      vertex -66.5 -21.74 8.4
    endloop
  endfacet
  facet normal 0 1 -0
    outer loop
      vertex -72 26.25 4
      vertex -91.9 26.25 8.5
      vertex -72 26.25 8.5
    endloop
  endfacet
  facet normal 0 1 0
    outer loop
      vertex -91.9 26.25 8.5
      vertex -72 26.25 4
      vertex -91.9 26.25 4
    endloop
  endfacet
  facet normal 0 -1 0
    outer loop
      vertex -89.4 -1.25 3
      vertex -74.5 -1.25 8.3
      vertex -89.4 -1.25 8.3
    endloop
  endfacet
  facet normal 0 -1 -0
    outer loop
      vertex -74.5 -1.25 8.3
      vertex -89.4 -1.25 3
      vertex -74.5 -1.25 3
    endloop
  endfacet
  facet normal -1 0 0
    outer loop
      vertex -74.5 3.03 3
      vertex -74.5 19.3319 0
      vertex -74.5 3.03 0
    endloop
  endfacet
  facet normal -1 0 0
    outer loop
      vertex -74.5 19.3319 0
      vertex -74.5 3.03 3
      vertex -74.5 3.26 8.4
    endloop
  endfacet
  facet normal -1 0 0
    outer loop
      vertex -74.5 1.25 8.4
      vertex -74.5 3.03 3
      vertex -74.5 1.25 3
    endloop
  endfacet
  facet normal -1 0 0
    outer loop
      vertex -74.5 3.03 3
      vertex -74.5 1.25 8.4
      vertex -74.5 3.26 8.4
    endloop
  endfacet
  facet normal -1 0 0
    outer loop
      vertex -74.5 25.05 3
      vertex -74.5 23.04 8.3
      vertex -74.5 25.05 8.3
    endloop
  endfacet
  facet normal -1 0 0
    outer loop
      vertex -74.5 22.9053 3
      vertex -74.5 23.04 8.3
      vertex -74.5 25.05 3
    endloop
  endfacet
  facet normal -1 0 0
    outer loop
      vertex -74.5 19.3319 0
      vertex -74.5 23.04 8.3
      vertex -74.5 22.9053 3
    endloop
  endfacet
  facet normal -1 0 0
    outer loop
      vertex -74.5 3.26 8.4
      vertex -74.5 23.04 8.3
      vertex -74.5 19.3319 0
    endloop
  endfacet
  facet normal -1 0 0
    outer loop
      vertex -74.5 23.04 8.3
      vertex -74.5 3.26 8.4
      vertex -74.5 23.04 9.7
    endloop
  endfacet
  facet normal -1 -0 0
    outer loop
      vertex -74.5 23.04 9.7
      vertex -74.5 3.26 8.4
      vertex -74.5 3.26 9.7
    endloop
  endfacet
  facet normal 0 1 -0
    outer loop
      vertex -74.5 3.03 0
      vertex -89.4 3.03 3
      vertex -74.5 3.03 3
    endloop
  endfacet
  facet normal 0 1 0
    outer loop
      vertex -89.4 3.03 3
      vertex -74.5 3.03 0
      vertex -89.4 3.03 0
    endloop
  endfacet
  facet normal 1 -0 0
    outer loop
      vertex -89.4 1.25 8.4
      vertex -89.4 3.03 3
      vertex -89.4 3.26 8.4
    endloop
  endfacet
  facet normal 1 0 0
    outer loop
      vertex -89.4 3.03 3
      vertex -89.4 1.25 8.4
      vertex -89.4 1.25 3
    endloop
  endfacet
  facet normal 1 -0 0
    outer loop
      vertex -89.4 3.26 8.4
      vertex -89.4 23.04 8.3
      vertex -89.4 23.04 9.7
    endloop
  endfacet
  facet normal 1 0 0
    outer loop
      vertex -89.4 23.04 8.3
      vertex -89.4 19.3319 0
      vertex -89.4 22.9053 3
    endloop
  endfacet
  facet normal 1 0 0
    outer loop
      vertex -89.4 3.26 8.4
      vertex -89.4 23.04 9.7
      vertex -89.4 3.26 9.7
    endloop
  endfacet
  facet normal 1 0 0
    outer loop
      vertex -89.4 23.04 8.3
      vertex -89.4 3.26 8.4
      vertex -89.4 19.3319 0
    endloop
  endfacet
  facet normal 1 -0 0
    outer loop
      vertex -89.4 3.03 3
      vertex -89.4 19.3319 0
      vertex -89.4 3.26 8.4
    endloop
  endfacet
  facet normal 1 0 0
    outer loop
      vertex -89.4 19.3319 0
      vertex -89.4 3.03 3
      vertex -89.4 3.03 0
    endloop
  endfacet
  facet normal 1 -0 0
    outer loop
      vertex -89.4 23.04 8.3
      vertex -89.4 25.05 3
      vertex -89.4 25.05 8.3
    endloop
  endfacet
  facet normal 1 0 0
    outer loop
      vertex -89.4 25.05 3
      vertex -89.4 23.04 8.3
      vertex -89.4 22.9053 3
    endloop
  endfacet
  facet normal 0 -1 0
    outer loop
      vertex -89.4 25.05 3
      vertex -74.5 25.05 8.3
      vertex -89.4 25.05 8.3
    endloop
  endfacet
  facet normal 0 -1 -0
    outer loop
      vertex -74.5 25.05 8.3
      vertex -89.4 25.05 3
      vertex -74.5 25.05 3
    endloop
  endfacet
  facet normal -0 0 1
    outer loop
      vertex -89.4 25.05 3
      vertex -74.5 22.9053 3
      vertex -74.5 25.05 3
    endloop
  endfacet
  facet normal 0 0 1
    outer loop
      vertex -74.5 22.9053 3
      vertex -89.4 25.05 3
      vertex -89.4 22.9053 3
    endloop
  endfacet
  facet normal -0 0 1
    outer loop
      vertex -89.4 3.03 3
      vertex -74.5 1.25 3
      vertex -74.5 3.03 3
    endloop
  endfacet
  facet normal 0 0 1
    outer loop
      vertex -74.5 1.25 3
      vertex -89.4 3.03 3
      vertex -89.4 1.25 3
    endloop
  endfacet
  facet normal 0 -0.642984 0.76588
    outer loop
      vertex -89.4 22.9053 3
      vertex -74.5 19.3319 0
      vertex -74.5 22.9053 3
    endloop
  endfacet
  facet normal 0 -0.642984 0.76588
    outer loop
      vertex -74.5 19.3319 0
      vertex -89.4 22.9053 3
      vertex -89.4 19.3319 0
    endloop
  endfacet
  facet normal -9.05823e-16 0.707107 0.707107
    outer loop
      vertex -72 26.25 8.5
      vertex -74.49 25.06 9.69
      vertex -73.2 25.05 9.7
    endloop
  endfacet
  facet normal 0 0.707107 0.707107
    outer loop
      vertex -72 26.25 8.5
      vertex -89.41 25.06 9.69
      vertex -74.49 25.06 9.69
    endloop
  endfacet
  facet normal 0 0.707107 0.707107
    outer loop
      vertex -89.41 25.06 9.69
      vertex -90.7 25.05 9.7
      vertex -89.41 25.05 9.7
    endloop
  endfacet
  facet normal -0 0.707107 0.707107
    outer loop
      vertex -91.9 26.25 8.5
      vertex -89.41 25.06 9.69
      vertex -72 26.25 8.5
    endloop
  endfacet
  facet normal 9.66368e-16 0.707107 0.707107
    outer loop
      vertex -89.41 25.06 9.69
      vertex -91.9 26.25 8.5
      vertex -90.7 25.05 9.7
    endloop
  endfacet
  facet normal 0 0.707107 0.707107
    outer loop
      vertex -73.2 25.05 9.7
      vertex -74.49 25.06 9.69
      vertex -74.49 25.05 9.7
    endloop
  endfacet
  facet normal 1 0 0
    outer loop
      vertex -74.49 25.06 9.71
      vertex -74.49 25.05 9.7
      vertex -74.49 25.06 9.69
    endloop
  endfacet
  facet normal 1 -0 0
    outer loop
      vertex -74.49 23.04 9.71
      vertex -74.49 25.05 9.7
      vertex -74.49 25.06 9.71
    endloop
  endfacet
  facet normal 1 0 0
    outer loop
      vertex -74.49 25.05 9.7
      vertex -74.49 23.04 9.71
      vertex -74.49 23.04 9.7
    endloop
  endfacet
  facet normal 0 1 -0
    outer loop
      vertex -74.49 25.06 9.69
      vertex -89.41 25.06 9.71
      vertex -74.49 25.06 9.71
    endloop
  endfacet
  facet normal 0 1 0
    outer loop
      vertex -89.41 25.06 9.71
      vertex -74.49 25.06 9.69
      vertex -89.41 25.06 9.69
    endloop
  endfacet
  facet normal 0 -1 0
    outer loop
      vertex -89.4 23.04 8.3
      vertex -74.5 23.04 9.7
      vertex -89.4 23.04 9.7
    endloop
  endfacet
  facet normal 0 -1 -0
    outer loop
      vertex -74.5 23.04 9.7
      vertex -89.4 23.04 8.3
      vertex -74.5 23.04 8.3
    endloop
  endfacet
  facet normal 0 -1 0
    outer loop
      vertex -89.4 23.04 9.7
      vertex -89.41 23.04 9.71
      vertex -89.41 23.04 9.7
    endloop
  endfacet
  facet normal 0 -1 0
    outer loop
      vertex -89.41 23.04 9.71
      vertex -89.4 23.04 9.7
      vertex -74.49 23.04 9.71
    endloop
  endfacet
  facet normal 0 -1 0
    outer loop
      vertex -74.5 23.04 9.7
      vertex -74.49 23.04 9.71
      vertex -89.4 23.04 9.7
    endloop
  endfacet
  facet normal 0 -1 -0
    outer loop
      vertex -74.49 23.04 9.71
      vertex -74.5 23.04 9.7
      vertex -74.49 23.04 9.7
    endloop
  endfacet
  facet normal -1 0 0
    outer loop
      vertex -89.41 25.05 9.7
      vertex -89.41 25.06 9.71
      vertex -89.41 25.06 9.69
    endloop
  endfacet
  facet normal -1 0 0
    outer loop
      vertex -89.41 23.04 9.71
      vertex -89.41 25.05 9.7
      vertex -89.41 23.04 9.7
    endloop
  endfacet
  facet normal -1 0 0
    outer loop
      vertex -89.41 25.05 9.7
      vertex -89.41 23.04 9.71
      vertex -89.41 25.06 9.71
    endloop
  endfacet
  facet normal -0 0 1
    outer loop
      vertex -89.41 25.06 9.71
      vertex -74.49 23.04 9.71
      vertex -74.49 25.06 9.71
    endloop
  endfacet
  facet normal 0 0 1
    outer loop
      vertex -74.49 23.04 9.71
      vertex -89.41 25.06 9.71
      vertex -89.41 23.04 9.71
    endloop
  endfacet
  facet normal 0 0 -1
    outer loop
      vertex -89.4 23.04 8.3
      vertex -74.5 25.05 8.3
      vertex -74.5 23.04 8.3
    endloop
  endfacet
  facet normal -0 0 -1
    outer loop
      vertex -74.5 25.05 8.3
      vertex -89.4 23.04 8.3
      vertex -89.4 25.05 8.3
    endloop
  endfacet
  facet normal 1 -0 0
    outer loop
      vertex -74.49 0.639999 9.71
      vertex -74.49 3.26 9.7
      vertex -74.49 3.26 9.71
    endloop
  endfacet
  facet normal 1 0 0
    outer loop
      vertex -74.49 3.26 9.7
      vertex -74.49 0.639999 9.71
      vertex -74.49 0.639999 9.7
    endloop
  endfacet
  facet normal 0 1 -0
    outer loop
      vertex -74.5 3.26 8.4
      vertex -89.4 3.26 9.7
      vertex -74.5 3.26 9.7
    endloop
  endfacet
  facet normal 0 1 0
    outer loop
      vertex -89.4 3.26 9.7
      vertex -74.5 3.26 8.4
      vertex -89.4 3.26 8.4
    endloop
  endfacet
  facet normal 0 1 0
    outer loop
      vertex -74.5 3.26 9.7
      vertex -74.49 3.26 9.71
      vertex -74.49 3.26 9.7
    endloop
  endfacet
  facet normal 0 1 0
    outer loop
      vertex -74.49 3.26 9.71
      vertex -74.5 3.26 9.7
      vertex -89.41 3.26 9.71
    endloop
  endfacet
  facet normal 0 1 -0
    outer loop
      vertex -89.4 3.26 9.7
      vertex -89.41 3.26 9.71
      vertex -74.5 3.26 9.7
    endloop
  endfacet
  facet normal 0 1 0
    outer loop
      vertex -89.41 3.26 9.71
      vertex -89.4 3.26 9.7
      vertex -89.41 3.26 9.7
    endloop
  endfacet
  facet normal 0 -1 0
    outer loop
      vertex -89.41 0.639999 9.7
      vertex -74.49 0.639999 9.71
      vertex -89.41 0.639999 9.71
    endloop
  endfacet
  facet normal 0 -1 -0
    outer loop
      vertex -74.49 0.639999 9.71
      vertex -89.41 0.639999 9.7
      vertex -74.49 0.639999 9.7
    endloop
  endfacet
  facet normal -1 0 0
    outer loop
      vertex -89.41 0.639999 9.7
      vertex -89.41 3.26 9.71
      vertex -89.41 3.26 9.7
    endloop
  endfacet
  facet normal -1 -0 0
    outer loop
      vertex -89.41 3.26 9.71
      vertex -89.41 0.639999 9.7
      vertex -89.41 0.639999 9.71
    endloop
  endfacet
  facet normal -0 0 1
    outer loop
      vertex -89.41 3.26 9.71
      vertex -74.49 0.639999 9.71
      vertex -74.49 3.26 9.71
    endloop
  endfacet
  facet normal 0 0 1
    outer loop
      vertex -74.49 0.639999 9.71
      vertex -89.41 3.26 9.71
      vertex -89.41 0.639999 9.71
    endloop
  endfacet
  facet normal 0 0 -1
    outer loop
      vertex -89.4 1.25 8.4
      vertex -74.5 3.26 8.4
      vertex -74.5 1.25 8.4
    endloop
  endfacet
  facet normal -0 0 -1
    outer loop
      vertex -74.5 3.26 8.4
      vertex -89.4 1.25 8.4
      vertex -89.4 3.26 8.4
    endloop
  endfacet
  facet normal 0 1 -0
    outer loop
      vertex -49.1 26.25 4
      vertex -69 26.25 8.5
      vertex -49.1 26.25 8.5
    endloop
  endfacet
  facet normal 0 1 0
    outer loop
      vertex -69 26.25 8.5
      vertex -49.1 26.25 4
      vertex -69 26.25 4
    endloop
  endfacet
  facet normal 0 -1 0
    outer loop
      vertex -66.5 -1.25 3
      vertex -51.6 -1.25 8.3
      vertex -66.5 -1.25 8.3
    endloop
  endfacet
  facet normal 0 -1 -0
    outer loop
      vertex -51.6 -1.25 8.3
      vertex -66.5 -1.25 3
      vertex -51.6 -1.25 3
    endloop
  endfacet
  facet normal -1 0 0
    outer loop
      vertex -51.6 3.03 3
      vertex -51.6 19.3319 0
      vertex -51.6 3.03 0
    endloop
  endfacet
  facet normal -1 0 0
    outer loop
      vertex -51.6 19.3319 0
      vertex -51.6 3.03 3
      vertex -51.6 3.26 8.4
    endloop
  endfacet
  facet normal -1 0 0
    outer loop
      vertex -51.6 1.25 8.4
      vertex -51.6 3.03 3
      vertex -51.6 1.25 3
    endloop
  endfacet
  facet normal -1 0 0
    outer loop
      vertex -51.6 3.03 3
      vertex -51.6 1.25 8.4
      vertex -51.6 3.26 8.4
    endloop
  endfacet
  facet normal -1 0 0
    outer loop
      vertex -51.6 25.05 3
      vertex -51.6 23.04 8.3
      vertex -51.6 25.05 8.3
    endloop
  endfacet
  facet normal -1 0 0
    outer loop
      vertex -51.6 22.9053 3
      vertex -51.6 23.04 8.3
      vertex -51.6 25.05 3
    endloop
  endfacet
  facet normal -1 0 0
    outer loop
      vertex -51.6 19.3319 0
      vertex -51.6 23.04 8.3
      vertex -51.6 22.9053 3
    endloop
  endfacet
  facet normal -1 0 0
    outer loop
      vertex -51.6 3.26 8.4
      vertex -51.6 23.04 8.3
      vertex -51.6 19.3319 0
    endloop
  endfacet
  facet normal -1 0 0
    outer loop
      vertex -51.6 23.04 8.3
      vertex -51.6 3.26 8.4
      vertex -51.6 23.04 9.7
    endloop
  endfacet
  facet normal -1 -0 0
    outer loop
      vertex -51.6 23.04 9.7
      vertex -51.6 3.26 8.4
      vertex -51.6 3.26 9.7
    endloop
  endfacet
  facet normal 0 1 -0
    outer loop
      vertex -51.6 3.03 0
      vertex -66.5 3.03 3
      vertex -51.6 3.03 3
    endloop
  endfacet
  facet normal 0 1 0
    outer loop
      vertex -66.5 3.03 3
      vertex -51.6 3.03 0
      vertex -66.5 3.03 0
    endloop
  endfacet
  facet normal 1 -0 0
    outer loop
      vertex -66.5 1.25 8.4
      vertex -66.5 3.03 3
      vertex -66.5 3.26 8.4
    endloop
  endfacet
  facet normal 1 0 0
    outer loop
      vertex -66.5 3.03 3
      vertex -66.5 1.25 8.4
      vertex -66.5 1.25 3
    endloop
  endfacet
  facet normal 1 -0 0
    outer loop
      vertex -66.5 3.26 8.4
      vertex -66.5 23.04 8.3
      vertex -66.5 23.04 9.7
    endloop
  endfacet
  facet normal 1 0 0
    outer loop
      vertex -66.5 23.04 8.3
      vertex -66.5 19.3319 0
      vertex -66.5 22.9053 3
    endloop
  endfacet
  facet normal 1 0 0
    outer loop
      vertex -66.5 3.26 8.4
      vertex -66.5 23.04 9.7
      vertex -66.5 3.26 9.7
    endloop
  endfacet
  facet normal 1 0 0
    outer loop
      vertex -66.5 23.04 8.3
      vertex -66.5 3.26 8.4
      vertex -66.5 19.3319 0
    endloop
  endfacet
  facet normal 1 -0 0
    outer loop
      vertex -66.5 3.03 3
      vertex -66.5 19.3319 0
      vertex -66.5 3.26 8.4
    endloop
  endfacet
  facet normal 1 0 0
    outer loop
      vertex -66.5 19.3319 0
      vertex -66.5 3.03 3
      vertex -66.5 3.03 0
    endloop
  endfacet
  facet normal 1 -0 0
    outer loop
      vertex -66.5 23.04 8.3
      vertex -66.5 25.05 3
      vertex -66.5 25.05 8.3
    endloop
  endfacet
  facet normal 1 0 0
    outer loop
      vertex -66.5 25.05 3
      vertex -66.5 23.04 8.3
      vertex -66.5 22.9053 3
    endloop
  endfacet
  facet normal 0 -1 0
    outer loop
      vertex -66.5 25.05 3
      vertex -51.6 25.05 8.3
      vertex -66.5 25.05 8.3
    endloop
  endfacet
  facet normal 0 -1 -0
    outer loop
      vertex -51.6 25.05 8.3
      vertex -66.5 25.05 3
      vertex -51.6 25.05 3
    endloop
  endfacet
  facet normal -0 0 1
    outer loop
      vertex -66.5 25.05 3
      vertex -51.6 22.9053 3
      vertex -51.6 25.05 3
    endloop
  endfacet
  facet normal 0 0 1
    outer loop
      vertex -51.6 22.9053 3
      vertex -66.5 25.05 3
      vertex -66.5 22.9053 3
    endloop
  endfacet
  facet normal -0 0 1
    outer loop
      vertex -66.5 3.03 3
      vertex -51.6 1.25 3
      vertex -51.6 3.03 3
    endloop
  endfacet
  facet normal 0 0 1
    outer loop
      vertex -51.6 1.25 3
      vertex -66.5 3.03 3
      vertex -66.5 1.25 3
    endloop
  endfacet
  facet normal 0 -0.642984 0.76588
    outer loop
      vertex -66.5 22.9053 3
      vertex -51.6 19.3319 0
      vertex -51.6 22.9053 3
    endloop
  endfacet
  facet normal 0 -0.642984 0.76588
    outer loop
      vertex -51.6 19.3319 0
      vertex -66.5 22.9053 3
      vertex -66.5 19.3319 0
    endloop
  endfacet
  facet normal -9.05823e-16 0.707107 0.707107
    outer loop
      vertex -49.1 26.25 8.5
      vertex -51.59 25.06 9.69
      vertex -50.3 25.05 9.7
    endloop
  endfacet
  facet normal 0 0.707107 0.707107
    outer loop
      vertex -49.1 26.25 8.5
      vertex -66.51 25.06 9.69
      vertex -51.59 25.06 9.69
    endloop
  endfacet
  facet normal 0 0.707107 0.707107
    outer loop
      vertex -66.51 25.06 9.69
      vertex -67.8 25.05 9.7
      vertex -66.51 25.05 9.7
    endloop
  endfacet
  facet normal -0 0.707107 0.707107
    outer loop
      vertex -69 26.25 8.5
      vertex -66.51 25.06 9.69
      vertex -49.1 26.25 8.5
    endloop
  endfacet
  facet normal 9.66368e-16 0.707107 0.707107
    outer loop
      vertex -66.51 25.06 9.69
      vertex -69 26.25 8.5
      vertex -67.8 25.05 9.7
    endloop
  endfacet
  facet normal 0 0.707107 0.707107
    outer loop
      vertex -50.3 25.05 9.7
      vertex -51.59 25.06 9.69
      vertex -51.59 25.05 9.7
    endloop
  endfacet
  facet normal 1 0 0
    outer loop
      vertex -51.59 25.06 9.71
      vertex -51.59 25.05 9.7
      vertex -51.59 25.06 9.69
    endloop
  endfacet
  facet normal 1 -0 0
    outer loop
      vertex -51.59 23.04 9.71
      vertex -51.59 25.05 9.7
      vertex -51.59 25.06 9.71
    endloop
  endfacet
  facet normal 1 0 0
    outer loop
      vertex -51.59 25.05 9.7
      vertex -51.59 23.04 9.71
      vertex -51.59 23.04 9.7
    endloop
  endfacet
  facet normal 0 1 -0
    outer loop
      vertex -51.59 25.06 9.69
      vertex -66.51 25.06 9.71
      vertex -51.59 25.06 9.71
    endloop
  endfacet
  facet normal 0 1 0
    outer loop
      vertex -66.51 25.06 9.71
      vertex -51.59 25.06 9.69
      vertex -66.51 25.06 9.69
    endloop
  endfacet
  facet normal 0 -1 0
    outer loop
      vertex -66.5 23.04 8.3
      vertex -51.6 23.04 9.7
      vertex -66.5 23.04 9.7
    endloop
  endfacet
  facet normal 0 -1 -0
    outer loop
      vertex -51.6 23.04 9.7
      vertex -66.5 23.04 8.3
      vertex -51.6 23.04 8.3
    endloop
  endfacet
  facet normal 0 -1 0
    outer loop
      vertex -66.5 23.04 9.7
      vertex -66.51 23.04 9.71
      vertex -66.51 23.04 9.7
    endloop
  endfacet
  facet normal 0 -1 0
    outer loop
      vertex -66.51 23.04 9.71
      vertex -66.5 23.04 9.7
      vertex -51.59 23.04 9.71
    endloop
  endfacet
  facet normal 0 -1 0
    outer loop
      vertex -51.6 23.04 9.7
      vertex -51.59 23.04 9.71
      vertex -66.5 23.04 9.7
    endloop
  endfacet
  facet normal 0 -1 -0
    outer loop
      vertex -51.59 23.04 9.71
      vertex -51.6 23.04 9.7
      vertex -51.59 23.04 9.7
    endloop
  endfacet
  facet normal -1 0 0
    outer loop
      vertex -66.51 25.05 9.7
      vertex -66.51 25.06 9.71
      vertex -66.51 25.06 9.69
    endloop
  endfacet
  facet normal -1 0 0
    outer loop
      vertex -66.51 23.04 9.71
      vertex -66.51 25.05 9.7
      vertex -66.51 23.04 9.7
    endloop
  endfacet
  facet normal -1 0 0
    outer loop
      vertex -66.51 25.05 9.7
      vertex -66.51 23.04 9.71
      vertex -66.51 25.06 9.71
    endloop
  endfacet
  facet normal -0 0 1
    outer loop
      vertex -66.51 25.06 9.71
      vertex -51.59 23.04 9.71
      vertex -51.59 25.06 9.71
    endloop
  endfacet
  facet normal 0 0 1
    outer loop
      vertex -51.59 23.04 9.71
      vertex -66.51 25.06 9.71
      vertex -66.51 23.04 9.71
    endloop
  endfacet
  facet normal 0 0 -1
    outer loop
      vertex -66.5 23.04 8.3
      vertex -51.6 25.05 8.3
      vertex -51.6 23.04 8.3
    endloop
  endfacet
  facet normal -0 0 -1
    outer loop
      vertex -51.6 25.05 8.3
      vertex -66.5 23.04 8.3
      vertex -66.5 25.05 8.3
    endloop
  endfacet
  facet normal 1 -0 0
    outer loop
      vertex -51.59 0.639999 9.71
      vertex -51.59 3.26 9.7
      vertex -51.59 3.26 9.71
    endloop
  endfacet
  facet normal 1 0 0
    outer loop
      vertex -51.59 3.26 9.7
      vertex -51.59 0.639999 9.71
      vertex -51.59 0.639999 9.7
    endloop
  endfacet
  facet normal 0 1 -0
    outer loop
      vertex -51.6 3.26 8.4
      vertex -66.5 3.26 9.7
      vertex -51.6 3.26 9.7
    endloop
  endfacet
  facet normal 0 1 0
    outer loop
      vertex -66.5 3.26 9.7
      vertex -51.6 3.26 8.4
      vertex -66.5 3.26 8.4
    endloop
  endfacet
  facet normal 0 1 0
    outer loop
      vertex -51.6 3.26 9.7
      vertex -51.59 3.26 9.71
      vertex -51.59 3.26 9.7
    endloop
  endfacet
  facet normal 0 1 0
    outer loop
      vertex -51.59 3.26 9.71
      vertex -51.6 3.26 9.7
      vertex -66.51 3.26 9.71
    endloop
  endfacet
  facet normal 0 1 -0
    outer loop
      vertex -66.5 3.26 9.7
      vertex -66.51 3.26 9.71
      vertex -51.6 3.26 9.7
    endloop
  endfacet
  facet normal 0 1 0
    outer loop
      vertex -66.51 3.26 9.71
      vertex -66.5 3.26 9.7
      vertex -66.51 3.26 9.7
    endloop
  endfacet
  facet normal 0 -1 0
    outer loop
      vertex -66.51 0.639999 9.7
      vertex -51.59 0.639999 9.71
      vertex -66.51 0.639999 9.71
    endloop
  endfacet
  facet normal 0 -1 -0
    outer loop
      vertex -51.59 0.639999 9.71
      vertex -66.51 0.639999 9.7
      vertex -51.59 0.639999 9.7
    endloop
  endfacet
  facet normal -1 0 0
    outer loop
      vertex -66.51 0.639999 9.7
      vertex -66.51 3.26 9.71
      vertex -66.51 3.26 9.7
    endloop
  endfacet
  facet normal -1 -0 0
    outer loop
      vertex -66.51 3.26 9.71
      vertex -66.51 0.639999 9.7
      vertex -66.51 0.639999 9.71
    endloop
  endfacet
  facet normal -0 0 1
    outer loop
      vertex -66.51 3.26 9.71
      vertex -51.59 0.639999 9.71
      vertex -51.59 3.26 9.71
    endloop
  endfacet
  facet normal 0 0 1
    outer loop
      vertex -51.59 0.639999 9.71
      vertex -66.51 3.26 9.71
      vertex -66.51 0.639999 9.71
    endloop
  endfacet
  facet normal 0 0 -1
    outer loop
      vertex -66.5 1.25 8.4
      vertex -51.6 3.26 8.4
      vertex -51.6 1.25 8.4
    endloop
  endfacet
  facet normal -0 0 -1
    outer loop
      vertex -51.6 3.26 8.4
      vertex -66.5 1.25 8.4
      vertex -66.5 3.26 8.4
    endloop
  endfacet
endsolid OpenSCAD_Model
